Restaurant ID,Restaurant Name,Is NCR,Locality,Is Rated,Coldstart_Risk_Score
3400025,Jahanpanah,False,Agra Cantt,True,0.006351478783899744
3400341,Rangrezz Restaurant,False,Agra Cantt,True,0.011723912215985122
3400005,Time2Eat - Mama Chicken,False,Agra Cantt,True,0.016634519409375326
3400021,Chokho Jeeman Marwari Jain Bhojanalya,False,Civil Lines,True,0.035099139494886855
3400017,Pinch Of Spice,False,Civil Lines,True,0.008572521669431343
3400325,MoMo Cafe,False,"Courtyard by Marriott Agra, Tajganj",True,0.01058127897036465
3400059,Peshawri - ITC Mughal,False,"ITC Mughal, Tajganj",True,0.004031367375386785
3400060,Taj Bano - ITC Mughal,False,"ITC Mughal, Tajganj",True,0.005334473954795582
3400348,G Thal,False,Khandari,True,0.011835543842749208
3400072,Dawat-e-Nawab - Radisson Blu,False,"Radisson Blu, Tajganj",True,0.01058127897036465
3400019,Dasaprakash Restaurant,False,Rakabganj,True,0.02942940380836012
3400033,The Charcoal Chimney,False,Tajganj,True,0.002787930051334264
3400350,Bon Barbecue,False,Tajganj,True,0.0019537966899939585
3400016,Pind Balluchi,False,Tajganj,True,0.003672363449429672
3400105,Pizza Hut,False,Tajganj,True,0.006976128648213287
3400326,Tea'se Me - Rooftop Tea Boutique,False,Tajganj,True,0.0029712876692310486
3400392,Thaaliwala,False,Tajganj,True,0.011246488227616314
111895,650 - The Global Kitchen,False,Ambavadi,True,0.003675272379407013
110502,Patang - The Revolving Restaurant,False,Ashram Road,True,0.004778318655908276
18396250,Huber & Holly,False,Bodakdev,True,0.0023138400340237952
113702,@Mango,False,Bodakdev,True,0.002324562386008311
113433,Fozzie's Pizzaiolo,False,Bodakdev,True,0.00037086905975491913
18438909,La Pino'z Pizza,False,Bodakdev,True,0.001307492508857866
18143128,Mocha,False,Bodakdev,True,0.00037097693077248195
18438944,Blue -  Rooftop Cafe Restaurant Bistro,False,C G Road,True,0.0009598919120155092
110436,MoMo Cafí© - Courtyard By Marriott,False,"Courtyard By Marriott, Satellite",True,0.008217228807586352
18385201,Cryo Lab,False,Ellis Bridge,True,0.03135217755822384
110395,Swati Snacks,False,Ellis Bridge,True,0.021684000942214676
18335583,Brick Kitchen,False,Ghatlodia,True,0.01299796680671228
110237,Kabir Restaurant,False,Gurukul,True,0.0003279723551623537
113537,Puffizza,False,Gurukul,True,0.0015771689573662595
113703,Cafe Alfresco,False,Navrangpura,True,0.0007844654415016805
18385186,The Cafe Baraco,False,Navrangpura,True,0.001855686576517579
113325,Nini's Kitchen,False,Prahlad Nagar,True,0.0004072884775456753
111826,Yanki Sizzlers,False,Thaltej,True,0.00910737331053757
110516,The Garden Cafe - The Fern,False,"The Fern, Sola",True,0.008217228807586352
18371341,Mazzo,False,Vastrapur,True,0.0014527853785826217
113570,Turquoise Villa,False,Vastrapur,True,0.022841246240413282
2400020,Aryan Family's Delight,False,Civil Lines,True,0.008572521669431343
2400148,Bean Here,False,Civil Lines,True,0.016445206670216428
2400019,Bikanerwala,False,Civil Lines,True,0.00945321108929098
2400193,Dewsis,False,Civil Lines,True,0.010012337057653475
2400027,Friends Forever,False,Civil Lines,True,0.012925453204979953
17960073,Hotel Ravisha Continental,False,Civil Lines,True,0.008572521669431343
2400119,KFC,False,Civil Lines,True,0.007851276769144322
2400014,McDonald's,False,Civil Lines,True,0.026530744857119926
2400403,Pind Balluchi,False,Civil Lines,True,0.010632270323013504
2400349,Pizza Hut,False,Civil Lines,True,0.007993683843974808
2400279,Subway,False,Civil Lines,True,0.007771182060945292
2400017,Tandoor Restaurant,False,Civil Lines,True,0.012817002939773392
2400144,The Tamarind Tree,False,Civil Lines,True,0.012539281382990652
2400195,Cafe El Chico,False,Civil Lines,True,0.007849002514096703
2400052,Eat On,False,Civil Lines,True,0.04504986168234715
2400016,Hot Stuff,False,Civil Lines,True,0.00698796474703578
2400293,Paradise,False,Civil Lines,True,0.009265798634678801
2400009,Sagar Ratna,False,Tagore Town,True,0.010551695329304889
2400010,Moti Mahal Delux,False,"Vinayak City Centre Mall, Civil Lines",True,0.009715778057566515
2200011,Makhan Fish and Chicken Corner,False,Basant Nagar,True,0.011723912215985122
2200078,Charming Chicken,False,Basant Nagar,True,0.029348818587011438
18204507,Ahuja Milk Bhandar,False,Hathi Gate,True,0.08049112371038925
2200030,Crystal Restaurant,False,INA Colony,True,0.006506261149163195
2200201,Brijwasi Chat Bhandar,False,INA Colony,True,0.031133089128784763
2200067,Bubby Fish & Chicken Corner,False,INA Colony,True,0.026674416153185776
2200358,Bon Gateau,False,Ranjit Avenue,True,0.0062591711761432745
2200001,The Yellow Chilli,False,Ranjit Avenue,True,0.0029535788254916318
2200033,La Roma Pizzeria,False,Ranjit Avenue,True,0.01163806746048901
2200283,Sakhis Watz Kukin,False,Ranjit Avenue,True,0.011246488227616314
2200045,The Kulcha Land,False,Ranjit Avenue,True,0.019802358840735335
2200149,Shudh Restaurant,False,Town Hall,True,0.0041970295929989465
2200043,Bade Bhai Ka Brothers' Dhaba,False,Town Hall,True,0.011141154912584383
2200044,Bharawan Da Dhaba,False,Town Hall,True,0.010283397925811455
2200132,Brothers Dhaba,False,Town Hall,True,0.015491498997790454
2200236,Brothers' Amritsari Dhaba,False,Town Hall,True,0.017110766963895796
2200175,Gurdas Ram Jalebi Wala,False,Town Hall,True,0.0312528292847275
2200000,Kesar Da Dhabha,False,Town Hall,True,0.014874567168044028
2200055,Beera Chicken Corner,False,White Avenue,True,0.014874567168044028
2200034,Surjit Food Plaza,False,White Avenue,True,0.01052712268157563
2200153,Kanha Sweets,False,White Avenue,True,0.02182307612078027
2500023,Kream N Krunch,False,Akashwani,True,0.007867167385465335
2500076,Balbeer's Kitchen & Bar,False,Chicalthana,True,0.005901210610374297
2500054,Angeethi Restaurant,False,CIDCO,True,0.010283397925811455
2500134,Domino's Pizza,False,CIDCO,True,0.011163523936147612
2500069,Hotel Laadli,False,CIDCO,True,0.009771476098604626
2500256,Indiana Veg Restaurant,False,CIDCO,True,0.004958491138845833
2500024,Madhuban Restaurant - Welcome Hotel Rama International,False,CIDCO,True,0.0010506045875023906
2500075,Mauj Restaurant,False,CIDCO,True,0.003568405664185814
2500029,Naivedya,False,CIDCO,True,0.016634519409375326
2500079,d' Curry House,False,"Hotel Green Olive, Nirala Bazar",True,0.006032406241115451
2500343,Mokoholic Juice Bar,False,Mondha,True,0.060678094866111865
2500052,Ashoka's Veg Restaurant,False,Nirala Bazar,True,0.00622249351625459
2500062,Kareem's Fine Dining,False,Nirala Bazar,True,0.012736785942632056
2500056,That Baat,False,Nirala Bazar,True,0.013126205181384742
2500030,Bhoj Restaurant,False,Nirala Bazar,True,0.013182417356357501
2500390,Downside Up,False,Nyay Nagar,True,0.01816374684162181
2500007,Kareem's Kabab & Biryani,False,"Prozone Mall, Chicalthana",True,0.05303366736349113
2500123,Great Sagar Restaurant,False,Shahgunj,True,0.030319768616158482
2500122,Kailash Restaurant,False,Usmanpura,True,0.0041970295929989465
2500346,Yalla Yalla,False,Usmanpura,True,0.011141154912584383
50943,Sultans of Spice,False,"BluPetal Hotel, Koramangala",True,0.002242070607609614
58268,The Fatty Bao - Asian Gastro Bar,False,Indiranagar,True,0.00041053576218397225
51705,Toit,False,Indiranagar,True,0.002130259027256165
18162866,Three Dots & A Dash,False,Indiranagar,True,0.0035267415674768987
18407918,Bombay Brasserie,False,Indiranagar,True,0.0010255391888038812
56464,Glen's Bakehouse,False,Indiranagar,True,0.007003493019356988
18221572,Onesta,False,Indiranagar,True,0.0008658281962364844
18359919,Onesta,False,JP Nagar,True,0.01346908667259561
18439634,ECHOES Koramangala,False,Koramangala 5th Block,True,0.001995469889694901
51040,Truffles,False,Koramangala 5th Block,True,0.0006881656194167585
54162,The Black Pearl,False,Koramangala 5th Block,True,0.002243140253873288
18305628,Eat Street,False,Koramangala 6th Block,True,0.0028258247566345096
18385443,Koramangala Social,False,Koramangala 7th Block,True,0.013728129746319095
56618,AB's - Absolute Barbecues,False,Marathahalli,True,0.002053082175818899
18353121,Flechazo,False,Marathahalli,True,0.002706289584707533
18366652,Onesta,False,New BEL Road,True,0.01346908667259561
18430785,Communiti,False,Residency Road,True,0.024664666899053223
58882,Big Brewsky,False,Sarjapur Road,True,9.636857026451562e-05
18422898,Hoot,False,Sarjapur Road,True,0.0038246594391603272
18339874,Farzi Cafe,False,UB City,True,0.014573121725888205
2600472,Black N White Cafe,False,Arera Colony,True,0.012098590769713646
2600514,Maybe There,False,Arera Colony,True,0.015048697872874328
2600109,Sagar Gaire Fast Food,False,Arera Colony,True,0.030478649474735664
2600311,The Kasbah,False,Arera Colony,True,0.010283397925811455
2600008,Bake N Shake,False,Arera Colony,True,0.011758371058156358
2600031,10 Downing Street,False,"DB City, Maharana Pratap Nagar",True,0.00442797601545164
2600250,Chi Kitchen,False,"DB City, Maharana Pratap Nagar",True,0.010194671014246759
2600025,Pizza Hut,False,"DB City, Maharana Pratap Nagar",True,0.01293094919159532
2600494,Kafe Kulture,False,Gulmohar Colony,True,0.02753446236983914
18108352,Violet Hour,False,Kohefiza,True,0.04545387827243752
2600079,Bapu Ki Kutia,False,Maharana Pratap Nagar,True,0.004832291888701157
2600340,Da pizzeria,False,Maharana Pratap Nagar,True,0.006055021319341769
18461339,Papa Mexicano,False,Maharana Pratap Nagar,True,0.006602442458222613
2600010,Bake N Shake,False,Maharana Pratap Nagar,True,0.011758371058156358
2600230,Manohar Dairy And Restaurant,False,Maharana Pratap Nagar,True,0.003465611987479855
2600003,Manohar Dairy And Restaurant,False,Peer Gate Area,True,0.009316038607183774
2600303,Kebabsville - Sayaji Hotel,False,Sayaji Hotel,True,0.015660231176575445
2600180,Indian Coffee House,False,TT Nagar,True,0.010415474058004803
2600393,The Urban Socialite,False,TT Nagar,True,0.0036941436677006
2600007,Bake N Shake,False,TT Nagar,True,0.011758371058156358
2900587,Tyre Patty,False,"BMC Bhawani Mall, Sahid Nagar",True,0.0170448039615948
2900354,Silver Streak,False,"BMC Bhawani Mall, Sahid Nagar",True,0.016958562208670203
2900633,Barbeque Nation,False,Chandrasekharpur,True,0.0013022214985994873
18408676,Central Perk 7,False,Chandrasekharpur,True,0.006989268298935203
2900234,The Chicken Dinesty,False,Chandrasekharpur,True,0.006602442458222613
2900550,Taste Of China,False,Chandrasekharpur,True,0.015773418817662033
18362677,Michael's Kitchen,False,Gajapati Nagar,True,0.02022896899262816
2900044,Mamma Mia - Mayfair Lagoon,False,"Mayfair Lagoon, Jayadev Vihar",True,0.006007866635466708
2900469,99 North Restaurant,False,Patia,True,0.01947196476902069
2900219,Adda,False,Patia,True,0.0041970295929989465
2900473,Chill Ummm,False,Patia,True,0.013309242432307689
2900020,Lal Qila,False,Patia,True,0.008358828972661936
2900562,Richard's Kitchen & Coffee Bar,False,Patia,True,0.006574636081939977
18413814,Aangan Horizon,False,Patia,True,0.006814094423554962
18235390,Brewberrys The Coffee Bar,False,Patia,True,0.028830172848548385
2900640,Chai Break,False,Patia,True,0.00402549376830319
18271459,JUGAAD JN.,False,Patia,True,0.019802358840735335
18377283,Cha cTea,False,Sahid Nagar,True,0.027904382832107055
18408600,Food Fever,False,Sahid Nagar,True,0.030863079115559078
2900012,Mainland China,False,"The Crown, Nayapalli",True,0.019306817910544005
18436042,Eram Rooftop,False,Unit 4,True,0.044411368364498216
122003,The Night Factory,False,Chandigarh Industrial Area,True,0.0025362366465553343
121552,Brooklyn Central,False,"Elante Mall, Chandigarh Industrial Area",True,0.006415627195803686
121214,Chili's,False,"Elante Mall, Chandigarh Industrial Area",True,0.0004334800953247342
121553,Kylin Experience,False,"Elante Mall, Chandigarh Industrial Area",True,0.0009426241207414199
121312,Mocha,False,"Elante Mall, Chandigarh Industrial Area",True,0.0019888622891179875
121335,Pirates of Grill,False,"Elante Mall, Chandigarh Industrial Area",True,0.0032992754973587557
120014,Barbeque Nation,False,Sector 26,True,0.013176340912399831
123125,TGI Friday's,False,Sector 26,True,0.003218961259495612
120221,Pal Dhaba,False,Sector 28,True,0.05093124906977775
122064,Midnight Chef,False,Sector 35,True,0.00300196796287433
120203,Nik Baker's,False,Sector 35,True,0.06670524883606532
120219,OvenFresh,False,Sector 35,True,0.08199859766993678
121425,Super Donuts,False,Sector 35,True,0.013594689105114521
123010,Taco Bell,False,Sector 35,True,0.007062722497208407
123294,Karim's,False,Sector 7,True,0.014132082327429574
121120,Virgin Courtyard,False,Sector 7,True,0.004975814801469247
122940,Burgrill,False,Sector 8,True,0.005238496174831964
122830,Uncle Jack's,False,Sector 8,True,0.1024832040074769
69024,That Madras Place,False,Adyar,True,0.0018434428152634963
72475,Haunted,False,Anna Nagar East,True,0.0009020302413172976
70431,Pantry d'or,False,Anna Nagar East,True,0.0005117144879678293
71443,Palmshore,False,Ashok Nagar,True,0.00041823701960774784
73088,Chili's,False,"Express Avenue Mall,  Royapettah",True,0.0005867300664735842
18423075,Writer's Cafe,False,Gopalapuram,True,0.009387079786816188
70890,Fusilli Reasons,False,Kilpauk,True,0.07854362748251376
71492,Ciclo Cafe,False,Kotturpuram,True,0.014548598575432004
70092,Kaidi Kitchen,False,Mylapore,True,0.0005638223566482026
70393,Bombay Brasserie,False,Nungambakkam,True,0.0007846635237508393
70894,Maplai,False,Nungambakkam,True,0.004298984230535652
73279,Paradise,False,Perungudi,True,0.00488730555722372
69951,L'amandier,False,RA Puram,True,0.0013093645456778713
72497,Palmshore,False,Ramapuram,True,0.0014246744399829536
65413,Palmshore,False,Santhome,True,0.000994128309443565
70497,Basil With A Twist,False,T. Nagar,True,0.00022040489947161568
65055,Barbeque Nation,False,T. Nagar,True,0.008587796941592729
18384227,AB's - Absolute Barbecues,False,Velachery,True,0.0029535788254916318
72604,Coal Barbecues,False,Velachery,True,0.002324562386008311
66457,Pind,False,Velachery,True,0.007744458675176813
18260777,Kuchi n Kream,False,Gandhipuram,True,0.002059581620996287
3000107,Haribhavanam Hotel,False,Peelamedu,True,0.0071319704300322195
3000132,Kites Cafe,False,Peelamedu,True,0.002393569086665659
3000122,Zucca Pizzeria,False,Peelamedu,True,0.0028170278840001783
3001032,Burger Ka Baap,False,Peelamedu,True,0.018031918508580436
3000021,The Cascade Restaurant,False,Peelamedu,True,0.0016300741318454604
18434000,24 Plus Cafe & Restaurant,False,Podanur,True,0.013390961480013286
3000195,Valarmathi Kongunaatu Samayal,False,Race Course,True,0.010948962038042631
3000126,Bird On Tree,False,Race Course,True,0.0012355984858825053
18280306,Tim's Bistro,False,Race Course,True,0.0020910206110986707
3001489,Batlivala & Khanabhoy,False,Race Course,True,0.005150501562048881
3000770,Cafe Totaram,False,Race Course,True,0.0018365755042411003
3000062,Cream Centre,False,Race Course,True,0.002787930051334264
3000016,On The Go,False,Race Course,True,0.0016164473633235588
3000014,Sree Annapoorna,False,RS Puram,True,0.00622249351625459
3000001,That's Y Food,False,RS Puram,True,0.006351478783899744
3001321,CakeBee,False,Saibaba Colony,True,0.0017708919112600086
3000996,Yari,False,Saibaba Colony,True,0.007376956829449499
3001065,Cream Stone,False,"SMS Hotel, Peelamedu",True,0.05500495217152657
3000048,Barbeque Nation,False,Town Hall,True,0.002675610312554144
3500012,The Punjabi Essence Restaurant,False,Chukkuwala,True,0.005407368931663936
3500007,Tirupati Restaurant,False,Chukkuwala,True,0.004165700951248574
3500017,Anandam,False,Hathibarkala Salwala,True,0.0012234034340338207
3500018,Town Table Restaurant,False,Hathibarkala Salwala,True,0.002629407988476329
3500011,Kalsang Friends Corner,False,Hathibarkala Salwala,True,0.0043777003709508655
18416632,The Great Indian Pub,False,Jakhan,True,0.012370425549412922
18408585,Punjab Grill,False,Jakhan,True,0.00614419022039947
3500059,TBistro,False,Karanpur,True,0.006351478783899744
3500081,Y Cafe & Restaurant,False,Karanpur,True,0.008720029578294874
17971273,Eddie's Patisserie,False,Krishna Nagar,True,0.09056628785399434
3500365,First Gear Cafe,False,Malsi,True,0.014548598575432004
3500013,Dunkin Donuts,False,"Pacific Mall, Jakhan",True,0.012018144727324431
3500024,Doon Darbar,False,Paltan Bazaar,True,0.01833458517228903
3500488,Razzmatazz,False,Race Course,True,0.014240041067281162
3500505,Barbeque Nation,False,Rajpur,True,0.0011181345767836692
3500010,Black Pepper Restaurant,False,Rajpur,True,0.0036134004146943788
3500414,Cafe Marigold,False,Rajpur,True,0.003741293221909636
18440677,Jalapenos,False,Rajpur,True,0.0048819015806633725
3500484,Kalsang AMA Cafe,False,Rajpur,True,0.007145593051517962
301728,Desire Foods,True,Badarpur Border,True,0.6391704125233032
5992,Knight Rock,True,Badarpur Border,True,0.5244070939295327
301730,Punjab Restaurant,True,Badarpur Border,True,0.7863626486085884
301729,Raju Dhaba,True,Badarpur Border,True,0.829786372430966
301731,Rakheja Bakery,True,Badarpur Border,True,0.7483782856913666
311053,Snax Points,True,Badarpur Border,True,0.5584826346632052
9299,Aggarwal Sweet Corner,True,Badarpur Border,False,0.6914307948498981
9178,Kashyap Vaishno Dhaba,True,Badarpur Border,False,0.7416894387203191
18477319,Total Food Court,True,Badarpur Border,False,0.8226336909178562
18433852,The Chaiwalas,True,Badkal Lake,False,0.6106028046463581
304046,Cafe And More,True,Charmwood Village,True,0.7867507327942601
309936,Green Chick Chop,True,Charmwood Village,True,0.801117940171935
309927,Kolkata Hot Kathi Rolls,True,Charmwood Village,True,0.898434626533143
18377449,Aapki Rasoi,True,Charmwood Village,False,0.7395391032942966
18465871,Fusion Food Corner,True,Charmwood Village,False,0.9167329280759698
18472646,Punjabi Rasoi,True,Charmwood Village,False,0.7924654581980638
18037826,Kebab Xpress,True,"Crown Interiorz Mall, Sector 35, Faridabad",True,0.09676029864872981
301163,McDonald's,True,"Crown Interiorz Mall, Sector 35, Faridabad",True,0.40297870148703485
4931,Suruchi,True,"Crown Interiorz Mall, Sector 35, Faridabad",True,0.179808737721035
1804,Berco's,True,"Crown Interiorz Mall, Sector 35, Faridabad",True,0.05792447468081596
312102,Dunkin' Donuts,True,"Crown Interiorz Mall, Sector 35, Faridabad",True,0.048760322574605275
18217857,The Chocolate Room,True,"Crown Interiorz Mall, Sector 35, Faridabad",True,0.09495828985325394
18471268,Baskin Robbin,True,"Crown Interiorz Mall, Sector 35, Faridabad",False,0.6734608307898136
18381244,Popcorn Fusion,True,"Crown Interiorz Mall, Sector 35, Faridabad",False,0.7075153229940045
18408041,Subway,True,"Crown Interiorz Mall, Sector 35, Faridabad",False,0.16527858516385396
311051,KFC,True,"Crown Interiorz Mall, Sector 35, Faridabad",True,0.0717770634540571
18133510,Barbeque Nation,True,"Crown Interiorz Mall, Sector 35, Faridabad",True,0.37516598438665105
308380,Yo! China,True,"Crown Interiorz Mall, Sector 35, Faridabad",True,0.10079750032691237
6077,Giani's,True,"Crown Plaza Mall, Sector 15, Faridabad",True,0.27734015838759485
308082,Momo-Cha,True,"Crown Plaza Mall, Sector 15, Faridabad",True,0.09411304366653506
309558,Shree Rathnam,True,"Crown Plaza Mall, Sector 15, Faridabad",True,0.02578209701273404
8128,Mirage Restro Bar,True,"Crown Plaza Mall, Sector 15, Faridabad",True,0.10858905962331578
304062,Jai Jagannath Hotel,True,Dayal Bagh,False,0.6982102098702012
9785,Gelato Vinto,True,"Eldeco Station 1 Mall, Sector 12, Faridabad",True,0.9686050882497717
312514,Maggi Point,True,"Eldeco Station 1 Mall, Sector 12, Faridabad",False,0.37024793665076206
308961,Angaar,True,"Hotel Saffron Kiran, Faridabad",False,0.8821199277637668
308963,TcozY,True,"Hotel Saffron Kiran, Faridabad",False,0.9417869018215058
308962,The Retriever,True,"Hotel Saffron Kiran, Faridabad",False,0.8429567700840099
8169,Bangali Sweets & Restaurant,True,Indraprastha Colony,False,0.7262838774534439
309368,Silver,True,K Hotel,False,0.15604517727409561
18472429,Chill 'N Grill,True,NIT,False,0.9865072574162617
18472418,Punjabi Restaurant,True,NIT,False,0.9608867807584737
18472426,Standard Chicken Point,True,NIT,False,0.9763654715247125
18450934,The Grillz & Gravy,True,NIT,False,0.9776540102473036
6025,Cakes 'n Bakes - Park Plaza,True,"Park Plaza, Sector 21, Faridabad",True,0.46057705078740085
6013,Cafe Bite,True,"Parsavnath City Mall, Sector 12, Faridabad",True,0.7089180795785568
8153,Cafe Light,True,"Parsavnath City Mall, Sector 12, Faridabad",True,0.533662950575633
18471296,Little Cafe,True,"Parsavnath City Mall, Sector 12, Faridabad",False,0.3604602367594033
18279477,Momo-Cha,True,Sector 10,True,0.7143466782529739
18359331,Oregano India,True,Sector 10,True,0.558283435938146
301151,Sagar Bakery,True,Sector 10,True,0.9037502379614553
18204479,Smugglers,True,Sector 10,True,0.5278692762768525
2198,Welcome,True,Sector 10,True,0.5490702567863792
18434243,Giani's,True,Sector 10,False,0.62856878340223
18273628,Invitation,True,Sector 10,False,0.8903871395433476
18471262,New Dilight,True,Sector 10,False,0.4863371803496036
18258480,Chimney,True,Sector 11,True,0.0630283012675702
9698,Chopstick,True,Sector 11,True,0.715539922984813
8326,Hot & Tasty Chinese Food,True,Sector 11,True,0.7314743135104791
18270379,Sanjha Chulha,True,Sector 11,True,0.12898711035599797
304006,Frontier,True,Sector 12,True,0.8382892911439391
308957,Oxy Lounge,True,Sector 12,True,0.13356969351351866
18427216,City Dhaba,True,Sector 12,False,0.7497941563400666
18433315,Garam Masala,True,Sector 12,False,0.9279508939800714
8266,Mittal Fast Food,True,Sector 12,False,0.8789682088626618
18383469,Al Bake,True,Sector 15,True,0.08835824073886311
1367,Anupam Sweet,True,Sector 15,True,0.24850155188153455
9650,Cafe Coffee Day,True,Sector 15,True,0.5279257524291425
308335,Chicago Pizza,True,Sector 15,True,0.4487250758042397
18391065,Crispy Crust,True,Sector 15,True,0.07616067218749334
301193,Frontier,True,Sector 15,True,0.5984085295808597
18107832,Gulab,True,Sector 15,True,0.023416451217701417
18089254,Hunger Cure Express,True,Sector 15,True,0.37881140761595966
312981,Maitre Patissier,True,Sector 15,True,0.8073921855697233
18082235,Momo-Cha,True,Sector 15,True,0.4960643723678998
18138421,Nirula's,True,Sector 15,True,0.20813312860297906
18421965,The Grub House,True,Sector 15,True,0.20421021171600895
303267,Twenty Four Seven,True,Sector 15,True,0.4518294180376732
7471,Cafe Parmesan,True,Sector 15,True,0.3019475669008038
18219542,Briosca,True,Sector 15,True,0.1660468903208865
18355112,Burger Point,True,Sector 15,True,0.12343489910649008
18270895,Cafe Grub Up,True,Sector 15,True,0.10262697465600956
18313839,Cakes At Bhawanas,True,Sector 15,True,0.6291517839580059
5005,Chaudhary Bhojnalaya,True,Sector 15,True,0.6264584353761329
1820,Chickenette,True,Sector 15,True,0.2637988242851287
3863,Giani,True,Sector 15,True,0.4603885538506186
9814,Green Chick Chop,True,Sector 15,True,0.3513477724217099
18474912,Hash Stix,True,Sector 15,True,0.6533560784447606
18161568,Juice On Go,True,Sector 15,True,0.5868376636790353
18416829,Keventers,True,Sector 15,True,0.5526787307490346
18400756,MD's Kebabs & Curries,True,Sector 15,True,0.08489889297377917
301177,Perfect Bake,True,Sector 15,True,0.4784407164218444
6161,Perfect Bake,True,Sector 15,True,0.49039148238984365
2565,Sethi's Delicacy,True,Sector 15,True,0.5641090863604369
3866,Subway,True,Sector 15,True,0.1346327192802138
18250288,Cafí© Bogchi,True,Sector 15,True,0.04748169983347683
1430,Ashoka Restaurant,True,Sector 16,True,0.7899195528868941
18393702,Baskin Robbins,True,Sector 16,True,0.4010237848344014
6152,China Hot Pot,True,Sector 16,True,0.7180714973480891
306962,Handi Chhadeyan Di,True,Sector 16,True,0.8447471612556716
18445360,Hungrill,True,Sector 16,True,0.478079311246865
6150,Kant Khana Khazana,True,Sector 16,True,0.8334804382051911
18421024,Open Yard,True,Sector 16,True,0.46169999450614896
18471260,Recipe Badshah,True,Sector 16,True,0.9545395215802733
18367316,The Chai Cafe,True,Sector 16,True,0.7389031879828993
18466931,Apna Restaurant,True,Sector 16,False,0.8320652678065786
18466420,Chaudhary Chaap & Chinese,True,Sector 16,False,0.7737040953827173
18464607,Chings Chinese,True,Sector 16,False,0.8464449726855257
18464631,Food On Wheels,True,Sector 16,False,0.7877612631837976
301170,Gulshan Hotel,True,Sector 16,False,0.8327740494015572
18466939,Maa Kali Foods,True,Sector 16,False,0.8377040856670646
18380180,The Street Kitchen,True,Sector 16,False,0.7096400962906
18466407,United Kitchen,True,Sector 16,False,0.6769912819185784
304001,Eat N Treat,True,Sector 17,True,0.9174109117777804
8319,Hotel Ekant,True,Sector 17,True,0.8513230478102763
303871,Momo-Cha,True,Sector 17,True,0.38715185697593324
8321,Paradise Inn,True,Sector 17,True,0.848411263754642
311047,Red Chilli,True,Sector 17,True,0.9462370877378237
8320,Shiv Restaurant,True,Sector 17,True,0.961476535573174
8308,Sohan Sweets & Namkeen,True,Sector 17,True,0.946093817938838
18303717,The Binge Box Cafe,True,Sector 17,True,0.8961755144362997
304004,Tmos Moving Feast,True,Sector 17,True,0.592798990659773
18472625,Tmos Cafe Corner,True,Sector 17,False,0.4005830629971242
18420432,Parkash Dhaba,True,Sector 19,True,0.6210264246064452
9824,Sanjha Chulha,True,Sector 19,True,0.12374851088934513
8029,Hareram Bikanerzaika,True,Sector 21,True,0.8696459266936765
312788,Kulcha Paaji,True,Sector 21,True,0.9274679735851301
309672,Shree Bikaner Misthan Bhandar,True,Sector 21,True,0.7930049895887941
18359861,"The Hub - Gourmet, Bakers & More",True,Sector 21,True,0.9697993479688279
18439547,Anand Dhaba,True,Sector 21,False,0.924848423096816
18241538,Bikaneri Sweets & Restaurant,True,Sector 21,False,0.9719035044103679
18452730,Delicieux Ice Cream Rolls,True,Sector 21,False,0.7991609452991748
18317486,Flying Tandoor,True,Sector 21,False,0.8388247878524463
18432933,Food Station,True,Sector 21,False,0.9303921214478228
18452267,Grub Hub,True,Sector 21,False,0.8132173452106025
18466980,Punjabi Chulha,True,Sector 21,False,0.9015521946551084
18469937,Purani Dilli Da Swad,True,Sector 21,False,0.8941067125610286
18466937,The BBQ Garden,True,Sector 21,False,0.9018838308983138
18433879,The Chaiwalas,True,Sector 21,False,0.8877951725631575
18369105,Funk House Cafe,True,Sector 28,True,0.05770187675130267
18133473,Shiksha Fast Food,True,Sector 28,True,0.5550900606227855
18458540,Hungry Head,True,Sector 28,False,0.5072536514211974
18482753,Tandoori Hut,True,Sector 28,False,0.8770437539291729
8167,Lalit Kathi Rolls Momos,True,Sector 29,True,0.540039089115259
18463990,Tamasha In Tafree,True,Sector 29,False,0.3798321277533514
18353030,Oh My!,True,Sector 30,False,0.6780128593281317
18420465,Butter & Grace,True,Sector 31,True,0.057485444040995204
309656,Green Chick Chop,True,Sector 31,True,0.45242052617334727
305235,Snacks Bar,True,Sector 31,True,0.7256741081546367
309654,Ahata,True,Sector 31,False,0.5605289210435782
18480389,Fritrolla,True,Sector 31,False,0.9001383621012848
18446428,KitchenYard,True,Sector 31,False,0.9084925069868515
4462,Meghansh Bakery,True,Sector 31,False,0.6143790284708288
18469962,Oh My !,True,Sector 31,False,0.6132413492907356
18380284,The Dark Hour - Kitchen,True,Sector 31,False,0.8915267611671344
1414,Anupama Sweets & Family Restaurant,True,Sector 34,True,0.1164191423939297
304112,Shree Rathnam,True,Sector 34,True,0.3031284858891241
18472443,Bikaner Misthan Bhandar,True,Sector 35,False,0.5587399972169058
18456807,King's Kitchen,True,Sector 35,False,0.5339821029437525
18471284,Muradabadi Chicken Biryani Corner,True,Sector 35,False,0.6157694835906489
18471328,The Black Kettle,True,Sector 35,False,0.7496598208091376
18204478,Desi Tadka,True,Sector 37,True,0.32402645509298944
18444264,Destination Live,True,Sector 37,True,0.3439357771858088
9224,Kay's Bake Land,True,Sector 37,True,0.6502556905982955
8054,Kay's Food Land,True,Sector 37,True,0.7227367270703259
304114,Laziz Restaurant,True,Sector 37,True,0.5127102985394036
1413,Le Chef Restro Bar,True,Sector 37,True,0.3613761860857527
1715,Republic of Chicken,True,Sector 37,True,0.5886632639211131
4464,Tanishka Restaurant & Caterers,True,Sector 37,True,0.6741900113363923
5010,The Tandoori Times,True,Sector 37,True,0.6358605747294374
301127,Twist of Italy,True,Sector 37,True,0.6530422247954566
9233,Aggarwal Sweets And Caterers,True,Sector 37,False,0.6714601492345804
18471246,Biryani Bot,True,Sector 37,False,0.6657124741399878
18446082,Cafí© Kitchen,True,Sector 37,False,0.6526049917277368
18396398,Evergreen Sweets & Restaurant,True,Sector 37,False,0.4471322376802943
18471244,Magic Spice Wok,True,Sector 37,False,0.6539684257911104
18367078,Magical Momos,True,Sector 37,False,0.7519007680095484
18469976,Sam's Bake Shop,True,Sector 37,False,0.6511853569695932
18381643,Shri Bikaner Misthan Bhandar,True,Sector 37,False,0.7196287332965992
18471327,Tasty Dhaba Family Restaurant,True,Sector 37,False,0.6315918354357015
18469936,U & I,True,Sector 37,False,0.5035207508680855
18433895,Cravings,True,Sector 41,True,0.48748594510100796
313089,Evergreen Tandoori Night,True,Sector 41,False,0.6232646515061808
18349251,Prelibato,True,Sector 41,False,0.8614415077626436
18344478,Aravali Owls,True,Sector 42,False,0.9888973902028039
18089775,Chicken Inn Family Meat Shop,True,Sector 42,False,0.9797946910142311
18424179,Mother's Kitchen,True,Sector 42,False,0.9927978790871312
309632,Domino's Pizza,True,Sector 43,True,0.6198490981466631
312874,Green Chick Chop,True,Sector 43,True,0.6727204895893292
18107870,Punjabi Culture,True,Sector 43,True,0.710109874264595
18237362,Three Olives,True,Sector 43,True,0.6980341511970543
18277177,Aggarwal's Bikaner Mishthan Bhandar,True,Sector 43,False,0.6557883520589303
18345740,Aravalli Owls,True,Sector 43,False,0.9136394284199241
18472651,Chatny Delight,True,Sector 43,False,0.8663623549224325
313076,Harmann Restaurant,True,Sector 43,False,0.7488372338542337
18380159,Kulcha King,True,Sector 43,False,0.8203476791309285
18377907,Royal Bakers,True,Sector 43,False,0.8689203277211457
18292444,Touch of Spice,True,Sector 43,False,0.714837361326123
307084,Hunger Cure,True,Sector 46,True,0.6376057674608835
305618,Sanjha Chulha,True,Sector 46,True,0.17414037714698805
307803,Queens Cakes,True,Sector 46,True,0.7693839048749695
18419654,Sri Meenakshi South Indian Food,True,Sector 46,False,0.4603608806567865
18471285,Sardar A Pure Meat Shop,True,Sector 49,False,0.4620517131168933
313040,Invitation Restaurant,True,Sector 7,True,0.03690956706025994
17982346,Kaushik Bakery,True,Sector 7,True,0.5704822978473071
18204501,Rama Vaishnav Bhojnalaya,True,Sector 7,True,0.36575534430501155
1823,Shiv Saras Vyanjan,True,Sector 7,True,0.5700821666591396
6143,Shree Bikaner Misthan Bhandar,True,Sector 7,True,0.15432225782374398
8297,Shree Bikaner Misthan Bhandar,True,Sector 7,True,0.4031460938242739
8318,Standard Family Restaurant,True,Sector 7,True,0.4688231268928571
18458631,The Hunger End,True,Sector 7,True,0.32711449496720046
18382355,Pizza Express,True,Sector 7,False,0.3478271237135039
312842,Anupam Sweets & Restaurant,True,Sector 86,True,0.06208283551030924
312084,Caramel,True,Sector 86,True,0.16801017494132087
18247033,Chaska Restaurant,True,Sector 86,True,0.24041295933134266
18126118,Club Pizzeria,True,Sector 86,True,0.06363184592446469
18429393,Gupha,True,Sector 86,True,0.22850812422454214
18241905,Indian Gourmet,True,Sector 86,True,0.27644272713546547
18425750,Tandoori Zaaika's,True,Sector 86,True,0.04975423467749318
18261694,TCD Cake & Bake,True,Sector 86,True,0.358394338801471
18365998,The Grill Darbar,True,Sector 86,True,0.15740380410470323
18273572,Urban Cuisine,True,Sector 86,True,0.035185748388367855
18363078,Mister Mughal,True,Sector 86,True,0.0803045246345091
18356019,The Hub,True,Sector 9,True,0.9040331043196275
312688,Bake Your Dreamz,True,Sector 9,False,0.951379111494471
18381668,Green Chilly Chinese Food,True,Sector 9,False,0.8520323182448719
18287397,Mom's Kitchen,True,Sector 9,False,0.7990151967954104
18294253,The Baking Treats N More,True,Sector 9,False,0.9812680335988668
18471304,Twin Brothers,True,"SRS Mall, Sector 12, Faridabad",False,0.7243518324930183
8026,Aggarwal Sweets Centre,True,Suraj Kund,True,0.7002299135142385
18265697,Bawarchi,True,Suraj Kund,True,0.6299559897199795
307151,D ART of Flavour,True,Suraj Kund,True,0.785204532121836
18107844,Italia Cafe by Aura,True,Suraj Kund,True,0.8690080306895878
18337896,Pizza Street,True,Suraj Kund,True,0.31097169823598425
18261699,Rock Cafe,True,Suraj Kund,True,0.7265489953538931
18306531,Sardaar Ji Chaap & Rolls,True,Suraj Kund,True,0.8658708985934602
303571,Spice Wok,True,Suraj Kund,True,0.674958253182488
8099,Vrindavan Sweets & Restaurant,True,Suraj Kund,True,0.7323137579083263
18477428,Yummy Cake,True,Suraj Kund,True,0.9563705974545755
8037,Bikaner Sweets & Bakers,True,Suraj Kund,False,0.6309773498438376
18471308,Burger Xpress,True,Suraj Kund,False,0.5125625239918312
18471318,Da Pizza Zone,True,Suraj Kund,False,0.6667483024204959
18471320,Finger Licious,True,Suraj Kund,False,0.8049425488715904
18460293,Med E Taste,True,Suraj Kund,False,0.8278110191122227
18446418,Punjabii Tandoor,True,Suraj Kund,False,0.7160138951608768
9496,Shankar Sweets,True,Suraj Kund,False,0.8270528963084922
312967,Tasty Bites,True,Suraj Kund,False,0.5847435153044798
18449815,The Street- Curries & Grills,True,Suraj Kund,False,0.4696815755216418
2680,Bakers Delight - The Atrium,True,"The Atrium, Suraj Kund",True,0.2540269620401696
2679,On The Rocks - The  Atrium,True,"The Atrium, Suraj Kund",True,0.1129188703905003
8417,World Cafe - Vibe by The LaLiT Traveller,True,"Vibe by The LaLit Traveller, Mathura Road",True,0.14299303564495536
309757,Chaudhary Ke Mashhoor Paranthe,True,Indirapuram,True,0.704934623531345
307903,Thakur Bakers,True,Indirapuram,True,0.7090459237243145
313502,FoodByMom,True,Indirapuram,True,0.2820656581264753
18409175,Mr. Brown,True,Indirapuram,True,0.016010253457908297
18456342,Mitalis Kitchen,True,Indirapuram,False,0.45834147224876964
18244229,The Big Scoop,True,Kaushambi,False,0.643875755629879
300713,9 Mars Lounge,True,"Shipra Mall, Indirapuram",True,0.06021864986880077
8623,Barista,True,"Shipra Mall, Indirapuram",True,0.05225669202997196
1318,Baskin Robbins,True,"Shipra Mall, Indirapuram",True,0.09820260426467353
311523,Burger King,True,"Shipra Mall, Indirapuram",True,0.027361963487127716
8590,Cafe Coffee Day,True,"Shipra Mall, Indirapuram",True,0.33127120390923914
8583,Chinese X'Press,True,"Shipra Mall, Indirapuram",True,0.3285906834513388
300756,Cinch,True,"Shipra Mall, Indirapuram",True,0.07215558065025784
4239,Costa Coffee,True,"Shipra Mall, Indirapuram",True,0.20273625113943095
18168161,Domino's Pizza,True,"Shipra Mall, Indirapuram",True,0.149187398341454
18381223,Dosa X'press,True,"Shipra Mall, Indirapuram",True,0.31522459119628143
18034077,Kebab Xpress,True,"Shipra Mall, Indirapuram",True,0.1815301097202361
3824,Let's Noodle,True,"Shipra Mall, Indirapuram",True,0.051821949374323384
2572,McDonald's,True,"Shipra Mall, Indirapuram",True,0.030189719456300668
8595,Mx Corn,True,"Shipra Mall, Indirapuram",True,0.38120044288876676
309702,Dunkin' Donuts,True,"Shipra Mall, Indirapuram",True,0.02168189280779831
8601,Haldiram's,True,"Shipra Mall, Indirapuram",True,0.025514443795118913
1683,Pind Balluchi,True,"Shipra Mall, Indirapuram",True,0.01579261188902692
301670,Maini Restaurant,True,Surya Nagar,True,0.34754010293130955
17953902,The Dosa King,True,Surya Nagar,True,0.02515414244019465
130409,Baba Au Rhum,False,Anjuna,True,0.003911133451874327
130275,Burger Factory,False,Anjuna,True,0.006226506115738495
130332,Club Cubana,False,Anjuna,True,0.004959494591773805
130230,Curlies,False,"Anjuna Beach, Anjuna",True,0.0024467196665589608
16519268,La Plage,False,Arambol,True,0.018612561821036988
16512186,St. Anthony's,False,Baga,True,0.003252655685341388
16512333,Britto's Bar & Restaurant,False,Baga,True,0.004985260038160244
16512336,Fat Fish,False,Baga,True,0.007633709037286107
16519168,Martin's Corner,False,Betalbatim,True,0.0035962276476952937
130021,Infantaria,False,Calangute,True,0.010407151297202266
130567,Souza Lobo,False,"Calangute Beach, Calangute",True,0.007008096402719599
130008,Fisherman's Cove,False,Candolim,True,0.003371239050901864
16519267,Calamari,False,Candolim,True,0.0029737899319108863
130535,The Fisherman's Wharf,False,Cavelossim,True,0.003385050288901681
130699,LPK Waterfront,False,Nerul,True,0.016586556864788382
16512168,Ritz Classic,False,Panaji,True,0.0027728324288860406
130888,The Black Sheep Bistro,False,Panaji,True,0.0013476769184010973
16519231,Cafe Al Fresco by Cantina Bodega,False,Panaji,True,0.007145593051517962
16541849,The Fisherman's Wharf,False,Panaji,True,0.000786846943825692
18022206,Antares,False,Vagator,True,0.014283372631938573
18396451,K Lab,True," ILD Trade Centre Mall, Sohna Road",True,0.5967244841597077
18237941,Pind Balluchi,True," ILD Trade Centre Mall, Sohna Road",True,0.06280145330816922
2787,Punjab Grill,True,"Ambience Mall, Gurgaon",True,0.008439170669749307
3431,Zambar,True,"Ambience Mall, Gurgaon",True,0.009725570015100549
303699,Cakes & More,True,"Ansal Plaza Mall, Palam Vihar",True,0.8300064457208116
5915,Kwality Wall's Swirl's,True,"Ansal Plaza Mall, Palam Vihar",True,0.7058136107057088
7076,Yo! Dimsum,True,"Ansal Plaza Mall, Palam Vihar",True,0.7744342996019999
311866,Mx Corn,True,"Ansal Plaza Mall, Palam Vihar",False,0.3652683722664116
300439,Red,True,Ardee City,True,0.3212567415330285
18458334,Rocketchefs,True,Ardee City,True,0.6766319104704519
18353710,The Fresh Chicken Store,True,Ardee City,True,0.9580313686572411
18291229,Achoos Food Corner,True,Ardee City,False,0.903210675007721
18398616,Aha Bites,True,Ardee City,False,0.9404235723048915
18430561,Ancient Spice,True,Ardee City,False,0.9369354454233777
18445248,Chimney - The Takeaway,True,Ardee City,False,0.8553826955033316
18313132,Costa Coffee,True,Ardee City,False,0.9006472577467388
18433874,Good to Go,True,Ardee City,False,0.7223581177699944
18291231,Gopi Sweets & Caters,True,Ardee City,False,0.9428610819451698
18477541,Late Night Food,True,Ardee City,False,0.9569530307657087
18352271,Lavi Foji Dhaba,True,Ardee City,False,0.960135949358827
18291233,Narayan Fast Food Home,True,Ardee City,False,0.9378978838562597
18441809,OMG Kitchenz,True,Ardee City,False,0.9600560009480691
18349508,OMG Tiffinz,True,Ardee City,False,0.9578067136810647
18217127,Sardarji Chicken Point,True,Ardee City,False,0.8896440291936305
18471335,Solty Hotel,True,Ardee City,False,0.9580687663705137
18458335,Tanishk Gourmet Indian,True,Ardee City,False,0.9582504690802013
18429842,The Burger Chef,True,Ardee City,False,0.9584609014164315
5904,Club Tokyo - Best Western Skycity Hotel,True,"Best Western Skycity Hotel, Sector 15, Gurgaon",True,0.12628842318387024
5876,Lattitude - Skycity Hotel,True,"Best Western Skycity Hotel, Sector 15, Gurgaon",True,0.03924920757996342
872,Bisque Bakery,True,"Central Arcade, DLF Phase 2, Gurgaon",True,0.10096016109513917
18365849,Behrouz Biryani,True,"Central Plaza Mall, Golf Course Road",True,0.05548698753850956
227,Domino's Pizza,True,"Central Plaza Mall, Golf Course Road",True,0.147643999116436
3446,Giani,True,"Central Plaza Mall, Golf Course Road",True,0.052863878396091635
300100,PizzaVito,True,"Central Plaza Mall, Golf Course Road",True,0.018820905754141193
8597,Shawarma House,True,"Central Plaza Mall, Golf Course Road",True,0.058124058159633396
3449,Subway,True,"Central Plaza Mall, Golf Course Road",True,0.010247274396135042
303749,Asian Bistro,True,"Central Plaza Mall, Golf Course Road",True,0.00856080948057436
18349898,BBQ Factory,True,"Central Plaza Mall, Golf Course Road",True,0.029508713088330363
18349892,Faaso's,True,"Central Plaza Mall, Golf Course Road",True,0.03195947157623469
18425752,Chaayos,True,"Central Plaza Mall, Golf Course Road",True,0.05028346607893541
7507,Mosaic - Country Inn & Suites,True,"Country Inn & Suites by Carlson, Gurgaon",True,0.16799517498774474
300490,60 ML - Country Inn & Suites by Carlson,True,"Country Inn & Suites by Carlson, Sector 12",True,0.13053937032154284
300488,Mosaic - Country Inn & Suites by Carlson,True,"Country Inn & Suites by Carlson, Sector 12",True,0.06244022925621773
18306521,Big Shot Bar - Country Inn & Suites,True,"Country Inn & Suites By Carlson, Udyog Vihar",True,0.12546164851862096
309090,Mosaic - Country Inn & Suites By Carlson,True,"Country Inn & Suites, Sohna Road",True,0.14360217967312905
18441709,Downtown Kitchen & Bar - Courtyard by Marriott,True,"Courtyard by Marriott, Sushant Lok",True,0.7774015488517156
18441707,Courtyard Grill - Courtyard by Marriott,True,"Courtyard by Marriott, Sushant Lok",False,0.03193748589281187
304832,Di Ghent Boulangerie,True,"Cross Point Mall, DLF Phase 4",True,0.09716054755035253
311297,Khyen Chyen,True,"Cross Point Mall, DLF Phase 4",True,0.03349411231556754
303858,The Pint Room,True,"Cross Point Mall, DLF Phase 4",True,0.024302739723677247
302288,Tughlaq,True,"Cross Point Mall, DLF Phase 4",True,0.008784107306365363
18233573,Big Wong XL,True,"Cross Point Mall, DLF Phase 4",True,0.004695781022592271
309015,Bunker,True,"Cross Point Mall, DLF Phase 4",True,0.028096141361329652
18382344,Culture Cafe,True,"Cross Point Mall, DLF Phase 4",True,0.011514949989391843
18254537,Nowhere Terrace Brewpub Cafe,True,"Cross Point Mall, DLF Phase 4",True,0.009938344826791123
4358,Cafe G - Crowne Plaza,True,"Crowne Plaza, Sector 29",True,0.10667025484772674
2443,Wildfire - Crowne Plaza,True,"Crowne Plaza, Sector 29",True,0.18108010954856668
270,Isabella,True,"Cyber Greens, DLF Cyber City",True,0.06662947150085508
309252,Fatburger,True,"Cyber Hub, DLF Cyber City",True,0.011495007261822399
18303709,Burma Burma,True,"Cyber Hub, DLF Cyber City",True,0.06308664292271982
18409224,Pier 38,True,"Cyber Hub, DLF Cyber City",True,0.03875554850502094
18277179,Yum Yum Cha,True,"Cyber Hub, DLF Cyber City",True,0.0731258150258175
308570,Amici Cafe,True,"Cyber Hub, DLF Cyber City",True,0.005606868298134171
308263,Au Bon Pain,True,"Cyber Hub, DLF Cyber City",True,0.02347108915387275
306133,California Pizza Kitchen,True,"Cyber Hub, DLF Cyber City",True,0.007547287718506102
306142,Chai Point,True,"Cyber Hub, DLF Cyber City",True,0.04685113119561024
308609,Cherry Comet,True,"Cyber Hub, DLF Cyber City",True,0.056922480457413216
18383453,Circus,True,"Cyber Hub, DLF Cyber City",True,0.036004476142451614
305478,Dunkin' Donuts,True,"Cyber Hub, DLF Cyber City",True,0.01548207211867636
308357,Holy Smoke,True,"Cyber Hub, DLF Cyber City",True,0.07415122287875953
306128,Italiano,True,"Cyber Hub, DLF Cyber City",True,0.07178202313186655
308020,Krispy Kreme,True,"Cyber Hub, DLF Cyber City",True,0.04295669147255077
309883,Not Just Paranthas,True,"Cyber Hub, DLF Cyber City",True,0.10002898171248498
306132,Oh! Calcutta,True,"Cyber Hub, DLF Cyber City",True,0.008886928801419947
306956,Olive Bistro,True,"Cyber Hub, DLF Cyber City",True,0.01876545611159197
305862,Pita Pit,True,"Cyber Hub, DLF Cyber City",True,0.022430542810472187
307309,Raasta,True,"Cyber Hub, DLF Cyber City",True,0.0031607737616453635
306131,Red Mango,True,"Cyber Hub, DLF Cyber City",True,0.01956508159216419
306127,Rred Hot Asian Bistro,True,"Cyber Hub, DLF Cyber City",True,0.0065573228925676075
313149,Smaaash,True,"Cyber Hub, DLF Cyber City",True,0.04239914655235644
306001,Starbucks,True,"Cyber Hub, DLF Cyber City",True,0.1492381431613834
308016,Sutra Gastropub,True,"Cyber Hub, DLF Cyber City",True,0.025705364562998767
18336509,Taco Bell,True,"Cyber Hub, DLF Cyber City",True,0.0191812987007437
18336176,The People & Co.,True,"Cyber Hub, DLF Cyber City",True,0.0672391401741298
18383472,Theobroma,True,"Cyber Hub, DLF Cyber City",True,0.03126400136911367
18292448,Wendy's,True,"Cyber Hub, DLF Cyber City",True,0.03780284340777196
306134,The Wine Company,True,"Cyber Hub, DLF Cyber City",True,0.039748392977716596
306946,Cafe Delhi Heights,True,"Cyber Hub, DLF Cyber City",True,0.007309561139458576
18289242,Cyber Hub Social,True,"Cyber Hub, DLF Cyber City",True,0.004966591764522299
18277030,Delifrance - The France Cafe Bakery,True,"Cyber Hub, DLF Cyber City",True,0.011980222499667348
306153,Dhaba By Claridges,True,"Cyber Hub, DLF Cyber City",True,0.01176386912115479
308022,Farzi Cafe,True,"Cyber Hub, DLF Cyber City",True,0.05730227493488249
305905,Hard Rock Cafe,True,"Cyber Hub, DLF Cyber City",True,0.008400954758399859
18245277,Instapizza,True,"Cyber Hub, DLF Cyber City",True,0.01812930676806146
305670,Made In Punjab,True,"Cyber Hub, DLF Cyber City",True,0.05433141473487513
305815,Nando's,True,"Cyber Hub, DLF Cyber City",True,0.008406770391673146
18208920,Quaff,True,"Cyber Hub, DLF Cyber City",True,0.04335696708532488
306046,SodaBottleOpenerWala,True,"Cyber Hub, DLF Cyber City",True,0.0536390628504988
18381226,The Grill Mill,True,"Cyber Hub, DLF Cyber City",True,0.04737323534325921
4992,Knight Rider,True,DLF Cyber City,True,0.07153450462766697
300749,Chaayos,True,DLF Cyber City,True,0.03968368318054816
278,Nooba,True,DLF Cyber City,True,0.10377239047213449
225,Domino's Pizza,True,DLF Cyber City,True,0.12007425014710815
18337929,Indigo Delicatessen,True,DLF Cyber City,True,0.008653361790031178
5960,Escape Terrace Bar Kitchen,True,"DLF Galleria, DLF Phase 4",True,0.0962304189204457
1664,Kwaliti,True,"DLF Galleria, DLF Phase 4",True,0.02008330069695785
157,Subway,True,"DLF Galleria, DLF Phase 4",True,0.04915153942431927
18235155,Burger Point,True,"DLF Galleria, DLF Phase 4",True,0.03724799851491456
310211,Chaat Chowk,True,"DLF Galleria, DLF Phase 4",True,0.08488320458499332
3346,Chef Style,True,"DLF Galleria, DLF Phase 4",True,0.025012125021568243
310854,Delhicacy,True,"DLF Galleria, DLF Phase 4",True,0.039357560593964336
18247015,Dimsum & Co.,True,"DLF Galleria, DLF Phase 4",True,0.045686726536418254
309387,Instapizza,True,"DLF Galleria, DLF Phase 4",True,0.01785995632865678
7418,L'Opera,True,"DLF Galleria, DLF Phase 4",True,0.029519520073509664
1455,Lazeez Food,True,"DLF Galleria, DLF Phase 4",True,0.03670588343061687
18241867,Le Marche Sugar & Spice Cafe,True,"DLF Galleria, DLF Phase 4",True,0.11216701474763835
308889,The Breakfast Club,True,"DLF Galleria, DLF Phase 4",True,0.018329626141420863
4620,Sugar & Spice - Le Marche,True,"DLF Galleria, DLF Phase 4",True,0.13267818520526686
18322666,Crudo Juicery,True,"DLF Galleria, DLF Phase 4",True,0.0405673745506121
311718,Fork with Stick,True,"DLF Galleria, DLF Phase 4",True,0.03577596510992587
18255106,Uptown Fresh Beer Cafe,True,"DLF Galleria, DLF Phase 4",True,0.01785577634272051
4876,Barista,True,"DLF Mega Mall, DLF Phase 1",True,0.05943610318597703
631,Cafe Coffee Day,True,"DLF Mega Mall, DLF Phase 1",True,0.3714502845139759
226,Domino's Pizza,True,"DLF Mega Mall, DLF Phase 1",True,0.12893899821327504
8805,Italiano,True,"DLF Mega Mall, DLF Phase 1",True,0.16084897673446685
3540,McDonald's,True,"DLF Mega Mall, DLF Phase 1",True,0.2086420815872685
311579,Parantha Gurus,True,"DLF Mega Mall, DLF Phase 1",True,0.3309365534170352
303709,Pizza Hut Delivery,True,"DLF Mega Mall, DLF Phase 1",True,0.021575049671695656
18391156,Sibang Bakery,True,"DLF Mega Mall, DLF Phase 1",True,0.16237851060390662
301319,Sonya Bakery Cafe,True,"DLF Mega Mall, DLF Phase 1",True,0.22960984659546602
158,Subway,True,"DLF Mega Mall, DLF Phase 1",True,0.0822216936720237
1360,Viva Hyderabad,True,"DLF Mega Mall, DLF Phase 1",True,0.0331931694360309
310737,7 Barrel Brew Pub,True,"DLF Mega Mall, DLF Phase 1",True,0.0017535565129518371
4762,Wai Yu Mun Ching,True,"DLF Mega Mall, DLF Phase 1",True,0.03592424371662595
311736,Baskin Robbins,True,"DLF Mega Mall, DLF Phase 1",False,0.30738353233080984
311116,KFC,True,"DLF Mega Mall, DLF Phase 1",True,0.025086218231201496
3483,Burmese Kitchen Plus,True,DLF Phase 1,True,0.21277988349052912
18308025,Drinks Come True,True,DLF Phase 1,True,0.4973280436135298
307272,Eat All Nite,True,DLF Phase 1,True,0.04792160418317892
18025115,Frontier,True,DLF Phase 1,True,0.5340952589008203
18454285,GenY Cuisines,True,DLF Phase 1,True,0.25923787824546285
1687,K Raga's,True,DLF Phase 1,True,0.3334609370607937
308605,Kangri,True,DLF Phase 1,True,0.3524477259934391
18422652,Makhmali Kebabs,True,DLF Phase 1,True,0.5087426292031273
18131568,Masala Ville,True,DLF Phase 1,True,0.32020809509624026
18034048,Night Food Xprs,True,DLF Phase 1,True,0.2611217627866975
18138457,Roti Boti,True,DLF Phase 1,True,0.2371732646828666
313272,Sama Chicken Biryani,True,DLF Phase 1,True,0.4554114549915228
9778,Subway,True,DLF Phase 1,True,0.023464819699836603
312523,The Rolling Pin Bakery,True,DLF Phase 1,True,0.47472687703952576
18424575,Weird Time Food,True,DLF Phase 1,True,0.054729224957199674
18204463,Twigly,True,DLF Phase 1,True,0.023795640747871105
307627,Asian Haus,True,DLF Phase 1,True,0.007296570035579819
301302,Beyond Breads,True,DLF Phase 1,True,0.12042622353542987
312995,Biryani By Kilo,True,DLF Phase 1,True,0.05417354542762498
308577,Captain Grub,True,DLF Phase 1,True,0.03617106720615981
313376,Pita Pit,True,DLF Phase 1,True,0.05300184191601853
312536,Rawleaf,True,DLF Phase 1,True,0.07682561126625975
310385,Sushi Haus,True,DLF Phase 1,True,0.04151697319817216
18464003,Eggzellent,True,DLF Phase 1,False,0.17603224003852058
18349915,High On Tea,True,DLF Phase 1,False,0.43265876839985196
18299228,Sona Bridge Hotel,True,DLF Phase 1,False,0.5241625569574309
18034074,Yo! Dimsum,True,DLF Phase 1,False,0.39180811644547675
311080,Angrezee Choupal,True,DLF Phase 2,True,0.6883133050903381
18462603,Ashoka Snacks Corner,True,DLF Phase 2,False,0.8978959936171396
18481295,Chefoncalls,True,DLF Phase 2,False,0.9928646673728276
18472765,Corp Kitchen,True,DLF Phase 2,False,0.8359344946679809
18499452,Good Food,True,DLF Phase 2,False,0.9906539944048854
18500652,Mahek By Greenz,True,DLF Phase 2,False,0.991243683948366
18361580,Pao King,True,DLF Phase 2,False,0.9560955586224462
18417487,Prabhat Fast Food Corner,True,DLF Phase 2,False,0.922916877576065
18462605,Shama Chicken Corner,True,DLF Phase 2,False,0.9431506031673371
18462609,Unique Food Hut,True,DLF Phase 2,False,0.93009186057898
3565,A 1 - Snacks and food corner,True,DLF Phase 3,True,0.0395402332196535
18367364,Anandum,True,DLF Phase 3,True,0.4177858791843413
1028,Apni Rasoi,True,DLF Phase 3,True,0.0422861099018208
308673,Banke Bihari Bhojanalay,True,DLF Phase 3,True,0.21369658183179463
18383473,Biryani 365,True,DLF Phase 3,True,0.05546293713099437
18444416,Bro's Kitchenette,True,DLF Phase 3,True,0.2026413938242082
18161609,Cafe Coffee Day,True,DLF Phase 3,True,0.28337948432945026
611,Cafe Coffee Day,True,DLF Phase 3,True,0.2587383232219467
18322677,Cafe Du Rendezvous,True,DLF Phase 3,True,0.06710895564989083
18204847,Cake 24x7,True,DLF Phase 3,True,0.05281956696623391
308044,Cake On Wheels,True,DLF Phase 3,True,0.054050609885971546
18294819,Cake Point,True,DLF Phase 3,True,0.025260451128951367
309697,Cake Point,True,DLF Phase 3,True,0.03921924849289793
18444353,Cakes Degree,True,DLF Phase 3,True,0.08699616054827586
304185,Chateau Garlic,True,DLF Phase 3,True,0.2107804348235952
18383489,Chennai Express,True,DLF Phase 3,True,0.20448623739875282
312022,Crust N Cakes,True,DLF Phase 3,True,0.03673201041823704
18425765,Dabba Meat,True,DLF Phase 3,True,0.04065663578189982
2827,Deepak Rasoi,True,DLF Phase 3,True,0.25805801035455045
18223957,Foodaucity - Bum Bum Bholey Ke Chole Bhature,True,DLF Phase 3,True,0.37768679052532816
18492107,Foodies Nation,True,DLF Phase 3,True,0.6770899725725723
300074,Goli Vada Pav No. 1,True,DLF Phase 3,True,0.07114086958166621
305096,Grandma's Kitchen,True,DLF Phase 3,True,0.06348552341981162
18336206,Gurgaon Hights,True,DLF Phase 3,True,0.08749907240534549
303094,Idliss,True,DLF Phase 3,True,0.038734194374011266
306858,Indian Home Food,True,DLF Phase 3,True,0.03100492505124186
312562,Jetha Lal Ka Dhabha,True,DLF Phase 3,True,0.05920228651934656
307935,Kusum Rolls,True,DLF Phase 3,True,0.06557532815861
302184,Megha Vaishno Dhaba,True,DLF Phase 3,True,0.33444361362187947
1694,Nikhil Food Point,True,DLF Phase 3,True,0.26295633381215466
309541,Plan B,True,DLF Phase 3,True,0.056037487851108625
18161587,Punjabi Zaika,True,DLF Phase 3,True,0.023037131258495824
18258475,Rasoi,True,DLF Phase 3,True,0.1825900481818431
313209,Roll's Royce,True,DLF Phase 3,True,0.06134831694624654
302229,Shree Bikaner Misthan Bhandar,True,DLF Phase 3,True,0.04338608300979585
18441196,Smokey Pan,True,DLF Phase 3,True,0.1672962153840698
18398610,Surprise O Meal,True,DLF Phase 3,True,0.017959132937658495
18237322,Tandoor on The Way,True,DLF Phase 3,True,0.08848338287571289
309696,Tawa N Tandoor,True,DLF Phase 3,True,0.025206281685881904
18357544,The Paradise Biryani,True,DLF Phase 3,True,0.03804960433993909
18431563,The Royal,True,DLF Phase 3,True,0.16644248011234564
18337747,Theka Desi Khaana,True,DLF Phase 3,True,0.0643166626885785
18258477,Tobasco Kitchen,True,DLF Phase 3,True,0.03466566705846308
18396189,Tpot,True,DLF Phase 3,True,0.21122848726846744
6915,Uncle's Cafe,True,DLF Phase 3,True,0.13094627465039155
18233576,Welcome Cafeteria,True,DLF Phase 3,True,0.03134958591053427
18256890,Yo Yo China Town,True,DLF Phase 3,True,0.03854650096738077
18384115,Caterspoint,True,DLF Phase 3,True,0.026951826057076134
18352208,Bake-a-boo,True,DLF Phase 3,True,0.0851748324576852
4171,Burger Hut,True,DLF Phase 3,True,0.02717318710926142
18238279,China Gatherings,True,DLF Phase 3,True,0.03507726211535511
18286517,Crazy Bhukkhad,True,DLF Phase 3,True,0.05888840641371684
575,Deez Biryani & Kebabs,True,DLF Phase 3,True,0.02657878742226394
18280305,Fomads,True,DLF Phase 3,True,0.26946282613521433
18359286,Happy Beings,True,DLF Phase 3,True,0.021836410576271947
18450609,InstaDozza,True,DLF Phase 3,True,0.09229929843024454
18237324,Mom's Kitchen,True,DLF Phase 3,True,0.06425293498838935
18461214,The Baker's Bar  ... Bakery & Cafe,True,DLF Phase 3,True,0.10552750788908183
18294226,Veg Ex,True,DLF Phase 3,True,0.052958533432439725
18383513,Volt - By Plan B,True,DLF Phase 3,True,0.01935525855948972
18372311,ZASTY,True,DLF Phase 3,True,0.015483668514641336
4172,Aahar,True,DLF Phase 3,True,0.038674662279721383
310525,Chicken Bytes,True,DLF Phase 3,True,0.025092729629062727
300054,Flying Cakes,True,DLF Phase 3,True,0.06558177182853109
301278,Punjabi Tadka,True,DLF Phase 3,True,0.18772897224956797
18451182,Coldpress Company,True,DLF Phase 3,True,0.006008793504070353
18384142,Crudo Juicery,True,DLF Phase 3,True,0.04055493233788021
18241498,First Eat,True,DLF Phase 3,True,0.13445654122412487
18265384,Zoe,True,DLF Phase 3,True,0.029022047837894638
311494,Dabba Meat,True,DLF Phase 4,True,0.0388439441869437
7078,Kashmiri Kitchen,True,DLF Phase 4,True,0.02976114212243719
307185,Rumi's Kitchen,True,DLF Phase 4,True,0.024685892324326386
18371404,Baking Bad,True,DLF Phase 4,True,0.009727651153439987
18281982,Bamboo Boat,True,DLF Phase 4,True,0.01172020845924393
311725,Big Jack's,True,DLF Phase 4,True,0.018842917692418748
18365994,Kebab Gali,True,DLF Phase 4,True,0.01579977614089645
18254524,Lucknow Mail,True,DLF Phase 4,True,0.0495177915662145
18070480,Monster's Cafe,True,DLF Phase 4,True,0.012906428541261672
312261,Monty's Chicken Wings,True,DLF Phase 4,True,0.050533880940390685
18433890,My Country Platter,True,DLF Phase 4,True,0.018484839976490974
18138434,SARA World Cuisine,True,DLF Phase 4,True,0.030727988280577878
303100,Wah! Amritsar,True,DLF Phase 4,True,0.03273069370262838
18025125,World In A Box,True,DLF Phase 4,True,0.015020178866147038
18425140,Bun Intended,True,DLF Phase 4,True,0.013166747276932012
18241497,Cafe Gatherings,True,DLF Phase 4,True,0.026731925457299632
18153541,Cafe Soul Garden,True,DLF Phase 4,True,0.005554436926633377
18339049,Food O Gram,True,DLF Phase 4,True,0.032525429914561865
18232093,Happy Hakka,True,DLF Phase 4,True,0.016219490752264365
18361762,Kaiser,True,DLF Phase 4,True,0.030214922891767304
18025098,Pizza Central,True,DLF Phase 4,True,0.021556184632417152
18337913,Tasty Fare,True,DLF Phase 5,True,0.04000184912267801
18138446,Burger Point,True,DLF Phase 5,True,0.053232994793648736
18383447,Drifters Cafe,True,DLF Phase 5,True,0.03615756072062426
18381262,Oh! Fudge,True,DLF Phase 5,True,0.08527691549392602
18349894,Anjlika,True,"DLF South Point Mall, Golf Course Road",True,0.2441877824124068
304552,IZU,True,"DLF South Point Mall, Golf Course Road",True,0.015805579414934212
4618,Sugar & Spice - Le Marche,True,"DLF South Point Mall, Golf Course Road",True,0.16845027800299373
307366,Bizibean,True,"DLF South Point Mall, Golf Course Road",True,0.23869723685580146
18366026,ChandChini,True,"DLF South Point Mall, Golf Course Road",True,0.07373808712019359
9895,Coffee & Chai Co.,True,"DLF South Point Mall, Golf Course Road",True,0.010682756826979722
18453035,Greek Food & Beyond,True,"DLF South Point Mall, Golf Course Road",True,0.07855591689215191
302455,Mediumwelldone,True,"DLF South Point Mall, Golf Course Road",True,0.010203443864140849
308248,Sonya Bakery Cafe,True,"DLF South Point Mall, Golf Course Road",True,0.17777440178886816
313047,Soul & Spice Co.,True,"DLF South Point Mall, Golf Course Road",True,0.011756908069131766
8241,7 Degrees Brauhaus,True,"DLF South Point Mall, Golf Course Road",True,0.022754336853402113
18341926,Cafe Amaretto,True,"DLF South Point Mall, Golf Course Road",True,0.005166404094864463
308023,Sibang Bakery,True,"DLF South Point Mall, Golf Course Road",True,0.02116843378489186
311486,The Hangout by 1861,True,"DLF South Point Mall, Golf Course Road",True,0.007332747232537962
18138430,The Mad Teapot/The Wishing Chair,True,"DLF South Point Mall, Golf Course Road",True,0.042522921417878834
18361778,Ninkasi Imperial Brews & Cookery,True,"DLF Star Mall, Sector 30",True,0.11629939689223945
9742,Zaffran,True,"DLF Star Mall, Sector 30",True,0.06309495633402828
7518,Spiritual Bar & Lounge-DoubleTree by Hilton,True,"DoubleTree by Hilton, Sector 56",True,0.039465884419387365
7516,The Food Store - DoubleTree by Hilton,True,"DoubleTree by Hilton, Sector 56",True,0.053451522867648094
3586,Barista,True,"DT City Centre Mall, MG Road",True,0.043036987353855194
313264,Burger King,True,"DT City Centre Mall, MG Road",True,0.023416746010610057
311805,Club Mojo,True,"DT City Centre Mall, MG Road",True,0.050213599722303104
308897,KFC,True,"DT City Centre Mall, MG Road",True,0.018232055116000345
2825,Not Just Paranthas,True,"DT City Centre Mall, MG Road",True,0.017177933237419007
9674,Shree Rathnam,True,"DT City Centre Mall, MG Road",True,0.020705880336280513
18276997,Mogli's Coffee,True,"DT City Centre Mall, MG Road",True,0.37299693903843967
18336180,Pind Balluchi,True,"DT Mega Mall, DLF Phase 1",True,0.02872078390474586
311061,Sip n Bite,True,"DT Mega Mall, DLF Phase 1",True,0.02655946592859726
18312471,Abar Khabo,True,"DT Mega Mall, DLF Phase 1",True,0.05150243792223075
18378048,Moti Mahal Delux,True,"DT Mega Mall, DLF Phase 1",True,0.019792383006111414
18462584,The Lost Mughal,True,"DT Mega Mall, DLF Phase 1",True,0.025060357502382336
5019,Fortune Deli - Fortune Select Excalibur,True,"Fortune Select Excalibur, Sohna Road",True,0.16970469141971656
4719,India on my Plate - Fortune Select Excalibur,True,"Fortune Select Excalibur, Sohna Road",True,0.05865706128040371
305400,Orchid - Fortune Select Global,True,"Fortune Select Global, MG Road",True,0.11254516628995692
309141,Hungry Buffoons,True,"Global Foyer Mall, Golf Course Road",True,0.22107628692757153
302880,Karim's,True,"Global Foyer Mall, Golf Course Road",True,0.009604522095649104
303960,Manhattan Brewery & Bar Exchange,True,"Global Foyer Mall, Golf Course Road",True,0.023243528829092308
9773,Di Miso,True,"Global Foyer Mall, Golf Course Road",True,0.04323185649954564
309125,Kuuraku,True,"Global Foyer Mall, Golf Course Road",True,0.11589418216515868
18463965,Vapour Bar Exchange,True,"Global Foyer Mall, Golf Course Road",True,0.03647321144629212
18408054,19 Flavours Biryani,True,"Global Foyer Mall, Golf Course Road",True,0.04144193261326412
2091,Bhai Ji Foods,True,Golf Course Road,True,0.07661992226601022
305790,Captain Bill$ Deliverz,True,Golf Course Road,True,0.014511653771401956
3445,Curry n Phulka,True,Golf Course Road,True,0.04900751496515088
312111,Jaguar,True,Golf Course Road,True,0.16392930627409052
2475,Jalsa Lounge,True,Golf Course Road,True,0.13788729121820653
18361772,Lord of Grillz,True,Golf Course Road,True,0.022321610694610472
308553,Midnight Cravings Beyond Control,True,Golf Course Road,True,0.031381383643326655
307043,Outback,True,Golf Course Road,True,0.01697550236297307
307304,The Cinnamon Kitchen,True,Golf Course Road,True,0.22515441853101958
18427868,Dudleys,True,Golf Course Road,True,0.015753104019337494
2148,56 Ristorante Italiano,True,Golf Course Road,True,0.01556951488903402
18450874,All Time Cafe,True,Golf Course Road,True,0.16070793205063572
18408063,Baba's,True,Golf Course Road,True,0.04892808640816204
18393697,Chilli Indiana,True,Golf Course Road,True,0.2513400662598244
8931,Go Kylin,True,Golf Course Road,True,0.002528056518963151
306880,Just for Chai,True,Golf Course Road,True,0.4004496412928803
18408031,Kabab Mistri,True,Golf Course Road,True,0.02733473933574604
304897,Nashta,True,Golf Course Road,True,0.18670761645256073
309136,Nooba,True,Golf Course Road,True,0.1346510244983382
307580,Side Wok,True,Golf Course Road,True,0.001153343722218536
18430557,Takamaka,True,Golf Course Road,True,0.06170428332216471
18441771,The Ark,True,Golf Course Road,True,0.05401594579529767
18460311,The Gathering Hut,True,Golf Course Road,True,0.04418272339140239
18161583,Wangchuk's Ladakhi Kitchen,True,Golf Course Road,True,0.04900077485074228
18237346,Daawat-e-Kashmir,True,Golf Course Road,True,0.02921243851746036
311662,La Pino'z Pizza,True,Golf Course Road,True,0.006681080696842812
18430602,The Diet Kitchen,True,Golf Course Road,True,0.026863991621857153
5172,Om Sweets & Snacks,True,"Hong Kong Bazaar Mall, Sector 57, Gurgaon",True,0.017941731484469203
6643,Subway,True,"Hong Kong Bazaar Mall, Sector 57, Gurgaon",True,0.011866439304818677
300978,Taste of Tamil Nadu,True,"Hong Kong Bazaar Mall, Sector 57, Gurgaon",True,0.2651531915739326
311640,The Bridge - Hotel Clark Inn Gurgaon,True,"Hotel Clark Inn, Sector 15",True,0.2054143152636615
311629,Illusion The Lounge Bar - Hotel Clark Inn Gurgaon,True,"Hotel Clark Inn, Sector 15",False,0.20479419294427936
303430,Gardenia - Hotel Grenville,True,"Hotel Grenville, MG Road",True,0.8522371468344346
303486,Call For Cuisine - Hotel Grenville,True,"Hotel Grenville, MG Road",False,0.2304155775216512
309423,Armory - Hotel Haut.Monde,True,"Hotel Haute.Monde, Sector 15",True,0.14241286213711524
309421,Citron - Hotel Haut.Monde,True,"Hotel Haute.Monde, Sector 15",True,0.06884326616619729
308390,Gabbar Meals,True,"Huda City Centre Metro Station, Sector 29, Gurgaon",True,0.07326714505688603
308473,McDonald's,True,"Huda City Centre Metro Station, Sector 29, Gurgaon",True,0.03192484064995804
308997,Crust Bistro,True,"Huda City Centre Metro Station, Sector 29, Gurgaon",True,0.037803103868470855
308470,Dunkin' Donuts,True,"Huda City Centre Metro Station, Sector 29, Gurgaon",True,0.019932798398466622
308477,Kabab Roll Cafe,True,"Huda City Centre Metro Station, Sector 29, Gurgaon",True,0.044195150876625955
307786,Starbucks,True,"Huda City Centre Metro Station, Sector 29, Gurgaon",True,0.2298749649591787
308447,Eggers Madhouse,True,"Huda City Centre Metro Station, Sector 29, Gurgaon",True,0.05572203524405317
17977796,Gallery Cafí© - Hyatt Place,True,Hyatt Place Gurgaon,True,0.9274427381606547
17977757,Coffee to Cocktail Bar - Hyatt Place,True,Hyatt Place Gurgaon,False,0.0836162262541742
4256,Spice It - Hotel IBIS,True,"IBIS Hotel, Golf Course Road",True,0.16945911644857636
18306548,Nukkadwala,True,"JMD Megapolis Mall, Sohna Road",True,0.17494425629136046
5032,Power Play Resto Bar,True,"JMD Regent Arcade Mall, MG Road",True,0.050202022229726806
7472,Daikichi,True,"JMD Regent Arcade Mall, MG Road",True,0.09991596297884386
302336,The Atrium - By Jukaso It Suites,True,"Jukaso It Suites, Sector 14",True,0.2257633234215557
8413,Delhi - Kingdom of Dreams,True,"Kingdom of Dreams, Sector 29",True,0.27581105290707963
8437,Lucknow - Kingdom of Dreams,True,"Kingdom of Dreams, Sector 29",True,0.19882288368628642
8019,Longitude 77Á03' Bar - Le Meridien Gurgaon,True,"Le Meridien Gurgaon, MG Road",True,0.13846295739865688
307416,I-Kandy - Le Meridien Gurgaon,True,"Le Meridien Gurgaon, MG Road",True,0.08581821910538856
18369743,Bella Cucina - Le Meridien Gurgaon,True,"Le Meridien Gurgaon, MG Road",True,0.08319533373071808
307533,Bar Code - Leisure Inn,True,"Leisure Inn, Sector 14, Gurgaon",True,0.12433788327708517
307225,Bites - Leisure Inn,True,"Leisure Inn, Sector 14, Gurgaon",True,0.06755248336635888
307426,Outback Bar and Grill - Leisure Inn,True,"Leisure Inn, Sector 14, Gurgaon",True,0.0951351378586558
6700,Citrus Cafe - Lemon Tree Premier,True,"Lemon Tree Premier, Sector 29",True,0.104917674890868
300538,Ammu's South Indian Restaurant,True,MG Road,True,0.8031549208352323
4879,Barista,True,MG Road,True,0.6850939288864205
18198441,Bengali By Nature,True,MG Road,True,0.2682532296551796
18334445,Burger Planet,True,MG Road,True,0.2591098636533905
302920,Cafe Coffee Day,True,MG Road,True,0.8168313792659446
18430882,Chini Bowl,True,MG Road,True,0.4789312735001998
313204,E Yum,True,MG Road,True,0.19001831437702366
303477,Handi X-Press,True,MG Road,True,0.19175717786839452
5230,Ion Club & Dining Lounge,True,MG Road,True,0.22809149913555749
3582,Komachi,True,MG Road,True,0.5191391348038354
303470,Mehfil-e-Handi,True,MG Road,True,0.6900007303744808
429,Mezbaan's,True,MG Road,True,0.5207707843134355
18034040,Mini Mahal Delux,True,MG Road,True,0.438321893370465
17953932,Pita Pan,True,MG Road,True,0.22474612141880412
312668,SBar Club & Lounge,True,MG Road,True,0.34409016914487034
997,China Club,True,MG Road,True,0.399679507908584
2144,Coriander Leaf,True,MG Road,True,0.08576401443915749
305682,Doughlicious,True,MG Road,True,0.17914336369375783
17953934,FreshMenu,True,MG Road,True,0.04155453471822479
3855,L'Angoor,True,MG Road,True,0.10216821868950166
310445,The Cakelicious Factory,True,MG Road,True,0.3044917932502629
892,Green's,True,MG Road,True,0.200277553714308
2056,New Zaika,True,MG Road,True,0.6691826818999068
307509,Love Is Cakes,True,MG Road,True,0.37728753328705367
797,Costa Coffee,True,"MGF Mega City Mall, MG Road",True,0.17344596991247907
308013,Uforia,True,"MGF Mega City Mall, MG Road",True,0.027252913895349673
2760,Vapour Pub & Brewery,True,"MGF Mega City Mall, MG Road",True,0.03219605847948015
8913,Pirates of Grill,True,"MGF Mega City Mall, MG Road",True,0.014084561189637523
311759,Barista Creme Lavazza,True,"MGF Metropolis Mall, MG Road",True,0.2677987390785471
18446889,Frozen Adda,True,"MGF Metropolis Mall, MG Road",True,0.28678962188642765
9957,McDonald's,True,"MGF Metropolis Mall, MG Road",True,0.14756108991360495
308840,Mr Idli Xpress,True,"MGF Metropolis Mall, MG Road",True,0.298845047573446
18432226,buí©no,True,"MGF Metropolis Mall, MG Road",True,0.007984714534454929
311777,Starbucks,True,"MGF Metropolis Mall, MG Road",True,0.17757945983941936
2064,Al Kabab,True,"MGF Metropolitan Mall, MG Road",True,0.03604881717064201
311758,Bangkok 1,True,"MGF Metropolitan Mall, MG Road",True,0.24599634122212577
514,Barista,True,"MGF Metropolitan Mall, MG Road",True,0.04045415572943767
18408212,Cafe Cravings,True,"MGF Metropolitan Mall, MG Road",True,0.1875432266160163
2061,Hello Sichuan,True,"MGF Metropolitan Mall, MG Road",True,0.2591728660259497
2458,McDonald's,True,"MGF Metropolitan Mall, MG Road",True,0.025752013923555084
420,Rajasthali,True,"MGF Metropolitan Mall, MG Road",True,0.11959681830603874
1599,Street Foods by Punjab Grill,True,"MGF Metropolitan Mall, MG Road",True,0.03236829046347778
159,Subway,True,"MGF Metropolitan Mall, MG Road",True,0.01176012467530807
300119,Tibb's Frankie,True,"MGF Metropolitan Mall, MG Road",True,0.334423559728634
18466924,Tunday Kababi Dastarkhwan-e-Awadh,True,"MGF Metropolitan Mall, MG Road",True,0.2251391346025522
18354984,Dunkin' Donuts,True,"MGF Metropolitan Mall, MG Road",True,0.015586430855079492
1096,Haldiram's,True,"MGF Metropolitan Mall, MG Road",True,0.021278620387192526
18336208,Keventers,True,"MGF Metropolitan Mall, MG Road",True,0.32715635354048467
3213,Khaaja Chowk,True,"MGF Metropolitan Mall, MG Road",True,0.004938943812704211
18381642,Phantom,True,"MGF Metropolitan Mall, MG Road",True,0.05589341773092804
338,Sage,True,"MGF Metropolitan Mall, MG Road",True,0.19153827682302582
1245,TGI Friday's,True,"MGF Metropolitan Mall, MG Road",True,0.005931213967819038
18381233,The Belgian Fries Company,True,"MGF Metropolitan Mall, MG Road",True,0.03077842897021521
18153552,The Grills King,True,"MGF Metropolitan Mall, MG Road",True,0.0588272443776342
18082232,Chicago Pizza,True,"MGF Metropolitan Mall, MG Road",True,0.2053682052017627
3585,Suburbia - The Empire,True,"MGF Metropolitan Mall, MG Road",True,0.05477741783486345
305698,Viva Hyderabad,True,"MGF Metropolitan Mall, MG Road",True,0.02665694982034128
18337917,Queens Cafí©,True,"MGF Metropolitan Mall, MG Road",True,0.1305690329753515
6847,Cafe Coffee Day,True,"Ninex City Mart Mall, Sohna Road",True,0.32727056520713804
8147,FOA - The Flavours of Arabia,True,"Ninex City Mart Mall, Sohna Road",True,0.012102282530691344
18198825,A1,True,Old Railway Road,True,0.589275787949102
302044,Apni Rasoi,True,Old Railway Road,True,0.5296048384660985
18399220,DBDN Deena Meat Vala,True,Old Railway Road,True,0.4557594001981622
5084,Deep Chicken Corner,True,Old Railway Road,True,0.4357044865304526
302024,Dilli Rasoi,True,Old Railway Road,True,0.19436841297847796
18396399,French Omelette,True,Old Railway Road,True,0.5691317824442101
309987,Green Chick Chop,True,Old Railway Road,True,0.305104023804567
18358183,Hangout Cafe,True,Old Railway Road,True,0.1191617193618798
304713,Hari Om Rasoi,True,Old Railway Road,True,0.5821250363277126
18396200,Harish Phulwari,True,Old Railway Road,True,0.12534043060886968
301358,Hotel Rajvanshi Restaurant,True,Old Railway Road,True,0.30965799942793915
6834,Jagdish Vaishno Dhaba,True,Old Railway Road,True,0.532086568208501
6835,JVR Jayka,True,Old Railway Road,True,0.5540098542721748
302041,Kaza,True,Old Railway Road,True,0.08354971260254196
310412,Knight Delight Kafe,True,Old Railway Road,True,0.0816331189736258
18350120,Ko Jitters,True,Old Railway Road,True,0.4699860494172524
301989,Laajawab Chaap Express,True,Old Railway Road,True,0.5489511728541095
2107,Laddu Gopal,True,Old Railway Road,True,0.36818190194412115
1029,Mini's Royal Cafe,True,Old Railway Road,True,0.3186724797856152
18144475,Pakwan,True,Old Railway Road,True,0.09533480059334931
18331053,Patiala,True,Old Railway Road,True,0.332138586158772
18383525,Pind Balluchi,True,Old Railway Road,True,0.04923099467363268
1019,Pizza Man,True,Old Railway Road,True,0.46628647662549205
18311926,Punjabi Dhani,True,Old Railway Road,True,0.42254006452694304
302037,Raju Halwai,True,Old Railway Road,True,0.5704647558552278
18396397,Rupa Tikki Wala And Caterers,True,Old Railway Road,True,0.5499468958842859
302027,Samrat The Cake Shoppe,True,Old Railway Road,True,0.3607257182848874
306938,Samrat,True,Old Railway Road,True,0.37629270449436536
17977759,Sanjha Chula,True,Old Railway Road,True,0.43414304159755024
309986,Silver Crown,True,Old Railway Road,True,0.03168350774367168
301800,Super Bakery,True,Old Railway Road,True,0.3705110246080253
2177,The Chic,True,Old Railway Road,True,0.5880559696220706
304718,Unique Bus Wales,True,Old Railway Road,True,0.5319445502771103
310493,Dilli 6 Express,True,Old Railway Road,True,0.31577135461315464
18017239,Mangle Di Kulfi,True,Old Railway Road,True,0.4696670642869656
18372397,The Oven Artist,True,Old Railway Road,True,0.41949590920485413
304700,Bal Ji Rasoi,True,Old Railway Road,False,0.5309332747395781
18492087,Dakshin Bistro,True,Old Railway Road,False,0.6768519658475098
18396391,Metro Dhaba,True,Old Railway Road,False,0.4591436157248685
18370499,Sukhman Food City,True,Old Railway Road,False,0.5793467363925439
18336543,The Burger Hub,True,Old Railway Road,False,0.33662030992716263
3603,Pizza Hut Delivery,True,"Omaxe Celebration Mall, Sohna Road, Gurgaon",True,0.05837611039063084
313043,Hot Cherries,True,Omaxe Gurgaon Mall,True,0.3656032223276069
230,Domino's Pizza,True,Omaxe Gurgaon Mall,True,0.15933119246285987
18322641,Coldpress Company,True,Omaxe Gurgaon Mall,True,0.00932560607941002
18391155,Hahn's Kitchen,True,"One Horizon Center, Golf Course Road",True,0.1374469351993164
18285742,Shree Rathnam,True,"One Horizon Center, Golf Course Road",True,0.016906437071860347
18285725,Caffe Tonino,True,"One Horizon Center, Golf Course Road",True,0.010462707145797778
18383488,Carl's Jr.,True,"One Horizon Center, Golf Course Road",True,0.020713290834893594
18285745,Delhi Club House,True,"One Horizon Center, Golf Course Road",True,0.06662643379186795
18391159,GoGourmet,True,"One Horizon Center, Golf Course Road",True,0.030281799025741463
18391132,Shophouse by Kylin,True,"One Horizon Center, Golf Course Road",True,0.05282467774246635
18272387,Starbucks,True,"One Horizon Center, Golf Course Road",True,0.19458522722491545
8651,Baskin Robbins,True,Palam Vihar,True,0.9143232924589205
18291436,Bikaner Sweets & Restaurant,True,Palam Vihar,True,0.8186302913477321
301936,Burger Bites & More,True,Palam Vihar,True,0.9216474722008188
18264717,Cafí© Gramophone,True,Palam Vihar,True,0.8477031964932639
7083,Chawla Bakers,True,Palam Vihar,True,0.9210506670861728
312105,Crust N Cakes,True,Palam Vihar,True,0.539996310084219
18311942,Darjeeling Kanchanjanga Momos,True,Palam Vihar,True,0.905169183268702
18430874,Desserts 83,True,Palam Vihar,True,0.9472754806894872
18144481,Express Kitchen,True,Palam Vihar,True,0.9539177454839614
18264977,Giani's,True,Palam Vihar,True,0.888860055246192
303859,Hangover,True,Palam Vihar,True,0.822364536005862
5106,Sangam Sweets,True,Palam Vihar,True,0.38722758246836597
308726,Shree Bikaner Misthan Bhandar,True,Palam Vihar,True,0.8399966983146141
303209,Shree Shyam Rasoi,True,Palam Vihar,True,0.9467891896475833
18375401,Swad On Grill,True,Palam Vihar,True,0.7957553337779504
18396428,The Pepper's,True,Palam Vihar,True,0.8790683077007756
18396178,Anisha Restaurant,True,Palam Vihar,False,0.8736856225099898
18346735,Annapoorna Foods,True,Palam Vihar,False,0.7773522523607785
303697,Bakelicious 18,True,Palam Vihar,False,0.9047157356673424
18463987,Bansiwala Bakery,True,Palam Vihar,False,0.8762789613354722
18463989,Bansiwala Rasoi,True,Palam Vihar,False,0.9147455987418363
304771,Bansiwala Sweets,True,Palam Vihar,False,0.909347530225209
311850,Best Pizza Hut,True,Palam Vihar,False,0.9174682139565963
18471289,Bikaner Sweets & Restaurant,True,Palam Vihar,False,0.8275651663768887
18324432,Chaska Food Corner,True,Palam Vihar,False,0.8597140813598695
18476508,Chulha,True,Palam Vihar,False,0.9338454654889689
18350153,Dev Restaurant,True,Palam Vihar,False,0.8527042943602163
18472669,Dietpoint,True,Palam Vihar,False,0.846763665610387
18463993,Gautam Bakery,True,Palam Vihar,False,0.9098027103262646
18476498,Honey Hot & Spicy,True,Palam Vihar,False,0.9777571886312513
18471248,Hot & Spicy,True,Palam Vihar,False,0.7767156842439975
18464002,Hot Fork,True,Palam Vihar,False,0.9187030480445333
18478377,Icon Foods,True,Palam Vihar,False,0.9309513675934483
18244261,Indochi Cafe & Restaurant,True,Palam Vihar,False,0.8831890078289826
18274332,Love to Wish,True,Palam Vihar,False,0.8703978108230738
18460280,M CríÂme,True,Palam Vihar,False,0.852103130645031
18263500,Mamta Tiffin Service,True,Palam Vihar,False,0.985898325751317
18463994,Panther Restaurant,True,Palam Vihar,False,0.7935903898416858
18449816,Pizza King,True,Palam Vihar,False,0.7341838480581445
309341,Radha Swami Shudh Vaishno Dhaba,True,Palam Vihar,False,0.9275364687442785
18423904,RD's Authentic Aroma,True,Palam Vihar,False,0.8628562261211026
18462613,Savour,True,Palam Vihar,False,0.9481412269554077
18396180,Sheetla Dhaba,True,Palam Vihar,False,0.9121642607626609
303865,Shree Bikaner Mishthan Bhandar,True,Palam Vihar,False,0.9019592463484291
7096,Shree Shyam Bhojnalaya,True,Palam Vihar,False,0.9367349631062183
18463972,Shristi Happy Eats,True,Palam Vihar,False,0.9469718405933645
18463996,Singh Terrace Grill,True,Palam Vihar,False,0.9064603937162318
18463992,Swami Vaishno Dhaba,True,Palam Vihar,False,0.9121642607626609
18393708,Wah Ji Wah,True,Palam Vihar,False,0.9248924742681437
306037,Cafe 55 - Park Inn,True,"Park Inn, Sector 15, Gurgaon",True,0.1645762363426876
5720,New Town Lounge & Bar - Park Plaza,True,"Park Plaza, Sushant Lok",True,0.045260677128706184
5721,New Town Pastry Shop - Park Plaza,True,"Park Plaza, Sushant Lok",True,0.11198514661849912
1670,New Town Cafe - Park Plaza,True,"Park Plaza, Sushant Lok",True,0.014948149124091925
7573,The Great Kabab Factory - Park Plaza,True,"Park Plaza, Sushant Lok",True,0.036425002318988375
3243,K2 Restaurant,True,"Plaza Mall, MG Road",True,0.1259805072918192
305171,Angels in my Kitchen,True,"Qutab Plaza, DLF Phase 1",True,0.033166916030095916
3536,Barista,True,"Qutab Plaza, DLF Phase 1",True,0.20877257622480205
6743,Cafe Coffee Day,True,"Qutab Plaza, DLF Phase 1",True,0.31933304606100676
18458663,Cafe Naklee,True,"Qutab Plaza, DLF Phase 1",True,0.3773397785241507
312269,Chacha's Take Away,True,"Qutab Plaza, DLF Phase 1",True,0.040095938204381065
308732,Colonel's Kababz,True,"Qutab Plaza, DLF Phase 1",True,0.018595807189433766
6747,Domino's Pizza,True,"Qutab Plaza, DLF Phase 1",True,0.15128372264472756
6804,Green Chick Chop,True,"Qutab Plaza, DLF Phase 1",True,0.17803448564481184
301506,Naushi's Kitchenette,True,"Qutab Plaza, DLF Phase 1",True,0.228063907446604
1284,Sapra Pastry Treat,True,"Qutab Plaza, DLF Phase 1",True,0.07396763616900304
1313,Subway,True,"Qutab Plaza, DLF Phase 1",True,0.012957444359165793
301737,Sunny Sweets,True,"Qutab Plaza, DLF Phase 1",True,0.32986254352504685
18455518,The Healthy Rasoi,True,"Qutab Plaza, DLF Phase 1",True,0.12660865186173975
18398606,Burger King,True,"Raheja Mall, Sohna Road",True,0.03314277962363721
309030,Hong Kong Express,True,"Raheja Mall, Sohna Road",True,0.04065403909997334
3909,Viva Hyderabad,True,"Raheja Mall, Sohna Road",True,0.0434301197467607
4290,Cafe Rouge - Ramada,True,"Ramada Gurgaon Central, Sector 44",True,0.10797863564328058
1452,Shamji Sweets,True,Sadar Bazar,True,0.6466373619953284
303779,Sialkoti Vaishno Dhaba,True,Sadar Bazar,True,0.6952975646605998
554,Haldiram's,True,"Sahara Mall, MG Road",True,0.0171601840945238
3953,Club Prison,True,"Sahara Mall, MG Road",True,0.12059093143897837
18368009,Maa Bhagwati Tiffins,True,Sector 12,True,0.8988210823708154
305242,Spices & Sauces,True,Sector 12,True,0.5468875514038218
18419914,Indian Food Cafe,True,Sector 12,False,0.8012928727300506
303730,Assam Tea Corner,True,Sector 14,True,0.4493574658426731
18462214,Bakingo,True,Sector 14,True,0.4624799154084622
309272,Balaji Sweets & Snacks,True,Sector 14,True,0.38132006042838384
18311957,Baxman Delivers,True,Sector 14,True,0.48712926240587695
18218304,Burger Point,True,Sector 14,True,0.39495874884559057
18252419,Burger Xpress,True,Sector 14,True,0.5211950747999251
606,Cafe Coffee Day,True,Sector 14,True,0.5100854911813258
18133490,Cake Factory,True,Sector 14,True,0.12277841690582159
18291476,Cake Maker,True,Sector 14,True,0.4740195056803743
2071,Captain's Table,True,Sector 14,True,0.48606447208645975
18445653,Carpedium,True,Sector 14,True,0.48055543330735917
18466800,Chef Sack Kitchen,True,Sector 14,True,0.36741142174623176
303743,Chinar Junction,True,Sector 14,True,0.35592831850047646
300174,Frontier,True,Sector 14,True,0.45964453710728814
18461280,Ganpati Rasoi,True,Sector 14,True,0.8547869975863116
6709,Indian & Chinese Corner,True,Sector 14,True,0.48627272885749206
18070491,Juice Lounge,True,Sector 14,True,0.3870197686789837
302907,KB's Kulfi & Icecream,True,Sector 14,True,0.16270705996734058
889,KB's Kulfi & Icecream,True,Sector 14,True,0.14960365816753218
18337904,Keventers,True,Sector 14,True,0.4993689469507877
18415355,KFC,True,Sector 14,True,0.03708359744011558
853,Madras Cafe,True,Sector 14,True,0.22728430856336013
2620,Madurai Meenakshi Bhawan,True,Sector 14,True,0.4788153161967945
310155,Masala Fusion,True,Sector 14,True,0.08116646640932068
5061,Moti Mahal Delux Tandoori Trail,True,Sector 14,True,0.23059670066470028
18460326,Mr. & Mrs. Idly,True,Sector 14,True,0.7939088687197977
18471259,Pind Bawarchi,True,Sector 14,True,0.06661414279773004
4122,Republic of Chicken,True,Sector 14,True,0.4204628241797489
1140,Ridhi Sidhi,True,Sector 14,True,0.04419439961764382
1145,Romi Da Dhaba,True,Sector 14,True,0.5693629357313648
887,Shamji Sweets,True,Sector 14,True,0.0959456164625464
18461599,Six Pack Kitchen,True,Sector 14,True,0.3416401415087492
18387990,Taste of Dilli 6,True,Sector 14,True,0.08520772953686295
9169,The Guls,True,Sector 14,True,0.45507403598118923
5129,The League Restaurant,True,Sector 14,True,0.26265540119484854
1131,The Plaza Solitaire,True,Sector 14,True,0.1334015578598775
303747,Uttarakhand Fast Food,True,Sector 14,True,0.5863085973047729
329,Viva Hyderabad,True,Sector 14,True,0.065669744530926
303765,Wahid Food Corner,True,Sector 14,True,0.5834862121436641
7225,Zync - Rosewood Hotel,True,Sector 14,True,0.12339493457966422
18382626,Konetto Pizza,True,Sector 14,True,0.5196195410205272
5068,South Store,True,Sector 14,True,0.5931125127104038
18500628,Grill & Cafe,True,Sector 14,False,0.22885740530739473
18268726,Gurgaon Mughlai Chicken,True,Sector 14,False,0.4888884142446158
6913,Mughal Chicken Corner,True,Sector 14,False,0.3788950960133818
18398604,Oven Aroma,True,Sector 14,False,0.21929998126377181
300156,Radha Swami Shudh Vaishno Dhaba,True,Sector 14,False,0.4575121122608754
18241516,Special No.1 Biryani Corner,True,Sector 14,False,0.453132699117325
311166,Sun Sweets Restaurant,True,Sector 14,False,0.21148863428370512
18025110,Captain Bill$ Deliverz,True,Sector 14,True,0.023803729934172013
308223,China Hut,True,Sector 14,True,0.39302827020068465
6832,G Dot,True,Sector 14,True,0.10716895051551756
18286626,Cake2you,True,Sector 15,True,0.5308486474341457
311770,Delight Express,True,Sector 15,True,0.4353023508494246
301221,Empress,True,Sector 15,True,0.2119232735725488
8833,Hotel DDR,True,Sector 15,True,0.3402360067265471
312438,Khan Kabab Corner,True,Sector 15,True,0.47050640472649197
18153548,Kwality Cakes and Bakes,True,Sector 15,True,0.4714214703453239
18449792,Nite Bites,True,Sector 15,True,0.05545310770150469
18380639,Oriental Kitchen Express,True,Sector 15,True,0.16268197879724666
17953920,Royal Mart,True,Sector 15,True,0.5977300656500694
2154,Sikkim Fast Food,True,Sector 15,True,0.6691309053778812
18384112,ZASTY,True,Sector 15,True,0.5727044613107085
9646,Maachh Bhaat,True,Sector 17,True,0.5947801027641145
18482069,ANTIDOTE,True,Sector 17,False,0.9852819054393464
18451168,Bablu Fast Food,True,Sector 17,False,0.9178952424881075
18492042,Bikaner Sweets Snacks & Restaurant,True,Sector 17,False,0.8166687217905667
310632,Bikaner Sweets,True,Sector 17,False,0.7705816255790416
18481290,Biryani & Rolls,True,Sector 17,False,0.9317232202273538
18469972,Cafe Coffee Day,True,Sector 17,False,0.9705235222056767
18342375,Chefy's Kitchen,True,Sector 17,False,0.9523933620005868
310515,Delight Express,True,Sector 17,False,0.7612482084194492
18449658,Dilli Rasoi,True,Sector 17,False,0.8936736458124904
18396426,Dujal Cafe,True,Sector 17,False,0.9175726365857879
18489522,Full Dabba,True,Sector 17,False,0.8637500693471205
18444299,HSI Food World,True,Sector 17,False,0.8955417957520583
18449785,Krishna Restaurant,True,Sector 17,False,0.6082010897631687
18449662,Lajawaab House Cafe,True,Sector 17,False,0.8102558598618783
18432664,Luncheon Box,True,Sector 17,False,0.9813555185911981
304793,Modern Sweets,True,Sector 17,False,0.8611346345228879
302256,Radha Swami Shudh Vaishno Dhaba,True,Sector 17,False,0.8952868607562158
18312631,Raju Vaishno Amritsari Dhaba,True,Sector 17,False,0.9382448850996589
18449666,Rustic Flavours,True,Sector 17,False,0.8457236445210832
18396191,VK Food Court,True,Sector 17,False,0.9090556300621496
302251,Domino's Pizza,True,Sector 21,True,0.7161148905349144
18466943,GoGourmet,True,Sector 21,True,0.684908514167784
18238248,Snack Shack,True,Sector 21,True,0.5007536827802432
18420426,Westí©ross,True,Sector 21,True,0.525496963631523
18466973,Fruitpro,True,Sector 21,False,0.8932273085619831
18446482,Konetto Pizza,True,Sector 21,False,0.9571183476233294
18372325,Tpot,True,Sector 21,False,0.31346995178320125
18291458,Cake Desire,True,Sector 22,True,0.9622728799905197
18485789,Burger Xpress,True,Sector 22,False,0.9854923628405412
313477,Divine Bites,True,Sector 22,False,0.8143503671391894
18133515,Interaxis,True,Sector 22,False,0.9847835661280591
18312451,Kwality wall's swirl's,True,Sector 22,False,0.9391713291647974
18312606,Milan Apna Dhaba,True,Sector 22,False,0.9380585024440157
18144444,R S Foods,True,Sector 22,False,0.914925651062891
18492641,Ronny Flavours,True,Sector 22,False,0.9863576682587354
18463956,Shahi  Chicken Corner,True,Sector 22,False,0.9615174561844791
18365988,Behrouz Biryani,True,Sector 23,True,0.26708850496098413
18463970,Biryani Art,True,Sector 23,True,0.030222275420188183
309867,Daawat-e! Amritsar,True,Sector 23,True,0.3158074934664574
18412887,Faasos,True,Sector 23,True,0.149628248571807
18423107,Ovenstory Pizza,True,Sector 23,True,0.14434068584369775
4121,Pizza Hut Delivery,True,Sector 23,True,0.10211241163506879
305072,Game n Grillz,True,Sector 23,True,0.32627252215035596
18421938,Hamoni Red: Play Cafe,True,Sector 23,True,0.5921368807356657
18481321,Firangi Bake,True,Sector 23,False,0.2536418380131905
18489829,Indochi,True,Sector 23,False,0.5498163064737024
18414487,Kettle & Kegs,True,Sector 23,False,0.41826106456087475
18449656,The Food Garage,True,Sector 23,False,0.5145607513537097
313105,Machan,True,Sector 29,True,0.20309011696596324
300772,Mainland China,True,Sector 29,True,0.13956953873841027
836,Pind Balluchi,True,Sector 29,True,0.0469362087942764
3606,Sagar Ratna,True,Sector 29,True,0.1336400597487456
305996,Sasuraal,True,Sector 29,True,0.024218815605078214
18418247,feel ALIVE,True,Sector 29,True,0.04718426734681491
18365987,Matchbox,True,Sector 29,True,0.06092070486256285
18337894,Prankster,True,Sector 29,True,0.08729086389735319
4398,21 Gun Salute,True,Sector 29,True,0.00424437731798144
18336483,Backyard Underground,True,Sector 29,True,0.048551799751994085
496,Bikanervala,True,Sector 29,True,0.009733493990054076
4133,Chin Chin,True,Sector 29,True,0.034496250967262276
5065,Domino's Pizza,True,Sector 29,True,0.2283432149649527
313393,Eggjactly,True,Sector 29,True,0.22971021773005285
5052,Gola Sizzlers,True,Sector 29,True,0.04429040241641735
18128900,Hunter Valley,True,Sector 29,True,0.042964765536476546
309339,Jungle Jamboree,True,Sector 29,True,0.02667199669374798
5104,McDonald's,True,Sector 29,True,0.047907128418605005
18254529,My Bar Headquarters By Dockyard,True,Sector 29,True,0.036448943748125795
17953909,Punjabi by Nature,True,Sector 29,True,0.03868036418545129
310203,Sandys Cocktails & Kitchen,True,Sector 29,True,0.021783714080194416
18238250,Sense Of Spirits,True,Sector 29,True,0.04667390657657622
305272,Starbucks,True,Sector 29,True,0.25089260400499
1851,Swagath,True,Sector 29,True,0.02808467620951105
18446415,The Old School Brew House,True,Sector 29,True,0.01227436494560219
18261703,Barcelos,True,Sector 29,True,0.06872413244760289
18241517,Boombox Brewstreet,True,Sector 29,True,0.05792733773613423
18252386,BRONX Bar Exchange,True,Sector 29,True,0.05693400091179712
18281955,Djinggs,True,Sector 29,True,0.18501994652257236
4959,Downtown - Diners & Living Beer Cafe,True,Sector 29,True,0.09251568832583601
18037822,Drifters Cafe,True,Sector 29,True,0.22301521880117126
3575,Gung The Palace,True,Sector 29,True,0.0130630604683033
18273972,Magadh and Awadh,True,Sector 29,True,0.016339679636989235
8430,Mamagoto,True,Sector 29,True,0.010498566535480758
18157413,Molecule Air Bar,True,Sector 29,True,0.05403348847621847
18422475,Nagai,True,Sector 29,True,0.08694836181898435
18435794,PitStop BrewPub,True,Sector 29,True,0.04564263393241552
18429166,The Classroom,True,Sector 29,True,0.03214181295419716
18264995,buí©no,True,Sector 30,True,0.03085155325373412
18025114,Bottles and Barrels,True,Sector 30,True,0.18523823431888908
310799,A One Rasoi,True,Sector 31,True,0.5246731466981533
306719,Angeethi,True,Sector 31,True,0.4279900514676114
18285721,Burger Point,True,Sector 31,True,0.4851251152345656
598,Cafe Coffee Day,True,Sector 31,True,0.5825889898552736
300066,Cake Castle,True,Sector 31,True,0.22047180487283435
18396412,CHA,True,Sector 31,True,0.6118717882999649
18249121,Chai Point,True,Sector 31,True,0.20149874054843087
18241877,Fees - The Cloud Kitchen,True,Sector 31,True,0.44684701099777724
310461,Food Ka Mood,True,Sector 31,True,0.10798581707757793
18385781,Frozen Factory,True,Sector 31,True,0.4947992295459349
18360098,Goli Vada Pav No. 1,True,Sector 31,True,0.24088420111208342
300491,Green Chick Chop,True,Sector 31,True,0.4051813523607919
307678,Harichatni.com,True,Sector 31,True,0.4435504750875695
18352295,Kk Chaap Express,True,Sector 31,True,0.6037969066775966
18451594,Latenight.in,True,Sector 31,True,0.09637820143824805
18391176,Mitran Da Junction,True,Sector 31,True,0.5789932858551958
313456,Mogambo Kitchen,True,Sector 31,True,0.8203026626291505
304518,Mother Ringlet,True,Sector 31,True,0.588840847210503
6896,Sna-X Point,True,Sector 31,True,0.6113599592489571
18441701,Wow! Momo,True,Sector 31,True,0.5297418001972722
4154,Yashna,True,Sector 31,True,0.1113277542074047
18376925,Twigly,True,Sector 31,True,0.053709048106466484
2180,Bakers Oven,True,Sector 31,True,0.10479203373835466
18224532,Dilli 6 On Wheels,True,Sector 31,True,0.22286624760793805
18356357,La Pino'z Pizza,True,Sector 31,True,0.049414608319911735
18175268,LeanBodyMeals,True,Sector 31,True,0.04837408202985949
5004,Om Sweets & Snacks,True,Sector 31,True,0.04655329505460626
308617,Tasty Tweets,True,Sector 31,True,0.299184559981157
304351,The Kathi Rolls,True,Sector 31,True,0.27280172796362856
18354655,Bite N Sip,True,Sector 31,False,0.6113599592489571
18391141,Burger Joint,True,Sector 31,False,0.6196238416427662
18492062,Dilli Light,True,Sector 31,False,0.3422125517702498
18324806,Love Desserts,True,Sector 31,False,0.5773083036042559
18354665,Flying Cakes,True,Sector 31,True,0.23789196619416342
309543,Bikkgane Biryani,True,Sector 31,True,0.06260806918402406
18419875,Cafeast,True,Sector 39,True,0.9020944504679097
18358189,Yomo-Your Only Momo Outlet,True,Sector 39,True,0.9566622497892736
18352250,Afghan Indian,True,Sector 39,False,0.9537355095011043
18435789,Al Fanoos,True,Sector 39,False,0.9250095630618054
308199,Alwar Sweets & Namkeen,True,Sector 39,False,0.9218686108109334
18393717,Baskin Robbins,True,Sector 39,False,0.9168790752840432
18458642,Bisht Food Court,True,Sector 39,False,0.9287044445956749
18458635,Burj Al Arab,True,Sector 39,False,0.9491882860232229
18447121,Chinese Chilli Sizllers,True,Sector 39,False,0.9905320280768719
18313136,Costa Coffee,True,Sector 39,False,0.9216942622228108
18358175,Costa Coffee,True,Sector 39,False,0.9683382749688859
18357944,Desi Bites,True,Sector 39,False,0.9304082918825216
18384132,Fresh Food,True,Sector 39,False,0.986449905639739
18458643,Kwality Restaurant,True,Sector 39,False,0.9455879915115752
18292436,Kwality Wall's Swirl's,True,Sector 39,False,0.9355870919185738
18345759,Nehra's Food Point,True,Sector 39,False,0.9422582120995731
18352657,Orange Food Cart,True,Sector 39,False,0.9481829300422666
18458637,Royal Sweets,True,Sector 39,False,0.8187060708379996
18352655,Shree Annapurna,True,Sector 39,False,0.9318345807049042
18458641,Underground Restaurant,True,Sector 39,False,0.9003393935238365
304142,Midnight Sutra,True,Sector 43,True,0.2574792808298164
18433016,Paddy's - The Grub Grill,True,Sector 43,True,0.2048387723380003
312683,Sugar Rush By Saiba,True,Sector 43,True,0.7873229517018085
18037824,Bamboo House,True,Sector 45,True,0.3450457892622353
303848,Burger Unlimited Kitchen,True,Sector 45,True,0.21830965283804982
18273536,Cafeteria Point,True,Sector 45,True,0.4271181740287494
18291450,Choudhary Gohana Famous Jalebi,True,Sector 45,True,0.8645998734684971
18345780,Curry N' Tandoor,True,Sector 45,True,0.7354956063614917
18303712,Dawat-e-Ishq,True,Sector 45,True,0.3139733763155166
309021,Delish Bake N Choc,True,Sector 45,True,0.8578497718071464
306477,Flavours,True,Sector 45,True,0.5511771589351425
18303698,Om Sweets & Snacks,True,Sector 45,True,0.12423612147729912
18381664,Om Sweets,True,Sector 45,True,0.27446549413406607
18161601,Raj Restaurant,True,Sector 45,True,0.7201251794843457
18279913,Tasha's Artisan Foods,True,Sector 45,True,0.8588887235002658
18268733,Urban Kitchen,True,Sector 45,True,0.2552118538250031
18204811,Nite Bites,True,Sector 45,True,0.21621823782589444
18476542,Apna Dabba,True,Sector 45,False,0.9672019070729484
18279459,BiBo's Kitchen,True,Sector 45,False,0.8168654165660455
18409216,Burger Point,True,Sector 45,False,0.8021435186108998
313408,Cherry Crossing Foods,True,Sector 45,False,0.9688384505222307
18345770,Chinese Fast Food,True,Sector 45,False,0.8446370127382405
18499475,Chinese Food,True,Sector 45,False,0.8717614023502033
18034069,Chop Shop,True,Sector 45,False,0.8208104241759274
18396431,Dhara,True,Sector 45,False,0.7950184881998741
18392211,Foody Goody,True,Sector 45,False,0.8914590316851417
18291213,Kehar Sweets And Snacks,True,Sector 45,False,0.835208223716591
18350136,Muskan Chicken Biryani,True,Sector 45,False,0.8887843807820573
310454,Shakes Cakes 'n' More,True,Sector 45,False,0.8166126335765453
18446413,Shri Sai Kirpa Food,True,Sector 45,False,0.9006445289295608
18499471,Sufiya Hotel,True,Sector 45,False,0.8303391581640317
18124387,The Breakfast Bite,True,Sector 45,False,0.9496646270949604
18499459,Veg Hut,True,Sector 45,False,0.8684915415097051
894,Raj Restaurant,True,Sector 45,True,0.19342097945224512
5079,Burger Hut,True,Sector 5,True,0.39945306434320094
18289241,Dancing Turkeys,True,Sector 50,True,0.49807839698317224
18352682,The Pack King,True,Sector 50,False,0.667838970757035
18352658,Bikaner Misthan Bhandar,True,Sector 53,False,0.7977714909766216
18241896,Zizo,True,Sector 54,True,0.013307343874245592
18363062,Grill King Kabab & Curries,True,Sector 54,True,0.12666800197782813
18380197,Aarush - A Mediterranean Kitchen,True,Sector 56,True,0.8988718110894405
18472639,Blossoms 4 U,True,Sector 56,True,0.3904846074288889
18351822,Breakfast@60,True,Sector 56,True,0.8484218786130382
18388168,Bunny Burgers,True,Sector 56,True,0.379008804861831
18472449,Curry Haus,True,Sector 56,True,0.33376025773788354
18314053,Droolfi,True,Sector 56,True,0.8433438944125917
300654,Earthen Spices,True,Sector 56,True,0.5378511141694866
18144467,FatPlates,True,Sector 56,True,0.7400347205744409
18332527,Food4U!,True,Sector 56,True,0.19146277002643164
18423797,Ghar Ki Handi,True,Sector 56,True,0.9512865307421041
18265424,Giani,True,Sector 56,True,0.706128625847601
311534,Great Desserts Company,True,Sector 56,True,0.7640472849644601
18124345,Green Chick Chop,True,Sector 56,True,0.719259675827959
5190,Mughlai Treat,True,Sector 56,True,0.6369818549091928
310235,Munch,True,Sector 56,True,0.21752756723814992
18251519,New Spice World,True,Sector 56,True,0.6525836629606818
6764,Pure Bliss,True,Sector 56,True,0.629903409891619
18345767,Puskar Raj Momos & Chinese Corner,True,Sector 56,True,0.819778078690935
313401,Sai-Yo!,True,Sector 56,True,0.2338089149816993
307398,Shanghai Cafe,True,Sector 56,True,0.32004402584467495
309763,The Blaze,True,Sector 56,True,0.588614163090212
18439540,Ullu Delivers,True,Sector 56,True,0.23449098720414707
5011,Yomo-Your Only Momo Outlet,True,Sector 56,True,0.7938690780064888
18265720,Dimsum Democracy,True,Sector 56,True,0.7306775096195148
18444356,Midnight Hunger,True,Sector 56,True,0.8931365181124347
18419894,The Punjab Kitchen,True,Sector 56,True,0.5131955733090794
18254541,Too Maach,True,Sector 56,True,0.2596348427966628
18393709,Apni Rasoi,True,Sector 56,False,0.7837278040050507
18421493,Bala Ji Sweets Corner,True,Sector 56,False,0.7769752566026894
18464628,Barista,True,Sector 56,False,0.6706091856857966
18398590,Biryani Express,True,Sector 56,False,0.8144878137089255
18476986,Cafe #22hours,True,Sector 56,False,0.801098248859588
312560,Cake Innovation,True,Sector 56,False,0.7806576308448632
18391166,Chawla's_,True,Sector 56,False,0.5589428245107446
18464624,China Gathering,True,Sector 56,False,0.7391408188158186
18464616,Chinese Hot Express,True,Sector 56,False,0.847870290912379
18393725,Cookingo,True,Sector 56,False,0.915597803529552
18438453,Firefly,True,Sector 56,False,0.9498204109706793
18365603,Foodie Xpress,True,Sector 56,False,0.9512865307421041
18388039,Go! Dimsum,True,Sector 56,False,0.8204613428647269
18495252,Kanha North & South Indian Veg.,True,Sector 56,False,0.7554520396992221
18421502,Kings Kulfi,True,Sector 56,False,0.7945892059082775
18464630,Lassi Cafe,True,Sector 56,False,0.8407240615384104
18335897,Marwadi Khana,True,Sector 56,False,0.6518789574312448
5935,Nukkadwala,True,Sector 56,False,0.7206950069874756
18421476,Ravi Fast Food,True,Sector 56,False,0.8231609301404526
305140,Shivalik Tiffin Corner,True,Sector 56,False,0.8275696493182008
18464618,Street Food By Punjab Grills,True,Sector 56,False,0.8164168301650683
18464626,Sweet Ginger Bakery,True,Sector 56,False,0.7680486155052434
18261727,The Rolling Stove,True,Sector 56,False,0.8211425817931184
18319384,Vijeta's Happy Kitchen,True,Sector 56,False,0.9498204109706793
306540,Chawla's_,True,Sector 56,True,0.457317224284311
304524,Chy - Na Express,True,Sector 56,True,0.47975417965040534
2087,Kwality,True,Sector 56,True,0.5536374864044468
18439516,Brother's Snacks and Shakes,True,Sector 57,True,0.4733911615857328
5588,Ginger Garlic,True,Sector 57,True,0.08483491101270657
311975,Arabicaa 9,True,Sector 7,True,0.2782247512570444
6897,Burger Xpress,True,Sector 7,True,0.46276698535422134
313122,Dilli Light,True,Sector 7,True,0.05127601932682346
306976,KB's Kulfi & Icecream,True,Sector 7,True,0.13528564525875197
308191,MyLoveBiryani.Com,True,Sector 7,True,0.4328485951251688
18336484,Tandoori Adda,True,Sector 7,True,0.07915613727988824
312665,Tiffins 4 U,True,Sector 7,True,0.539151029283994
18357570,Cafe Cup of Life,True,Sector 7,True,0.029753806050275444
310829,DCK- Dana Choga's Kitchen,True,Sector 7,True,0.03671693301066947
9852,Kishu Di Hatti Sweets,True,Sector 7,True,0.46013594126435775
18357912,KC Bakers,True,Sector 8,True,0.5202066111536865
311455,Sham Sweets,True,Sector 8,True,0.8736342138686255
18398839,Bake Cuddle,True,Sector 8,False,0.45362795565076064
1920,Gopala,True,"Shopping Mall, DLF Phase 1",True,0.2769196490469489
358,Halki Aanch,True,"Shopping Mall, DLF Phase 1",True,0.027893155696264937
5080,New Sukh Sagar,True,"Shopping Mall, DLF Phase 1",True,0.4517271725501385
1655,Sweets Corner,True,"Shopping Mall, DLF Phase 1",True,0.19423825507976733
18397469,Minus5degree,True,"Shopping Mall, DLF Phase 1",True,0.32542156190718574
1654,Qureshi's Kabab Corner,True,"Shopping Mall, DLF Phase 1",True,0.1604019139152748
18462602,Delicious Food Corner,True,Sikandarpur,False,0.9824633141734197
18479007,Firangi Bake,True,Sikandarpur,False,0.9695075445749607
18409187,Kettle & Kegs,True,Sikandarpur,False,0.8929563876155096
18357945,The Daily,True,Sikandarpur,False,0.9694939073928104
313085,Burger Singh,True,Sohna Road,True,0.027667284271694292
307502,Captain Bill$ Deliverz,True,Sohna Road,True,0.015916370366877652
18237318,Chaayos,True,Sohna Road,True,0.055723311848827395
18336504,Chai Point,True,Sohna Road,True,0.06734392614328855
18277212,Cyber Adda 24,True,Sohna Road,True,0.163825026904992
18411846,Desi Thaat,True,Sohna Road,True,0.08754504098429072
300938,Doughlicious,True,Sohna Road,True,0.027298860117817236
309466,Dunkin' Donuts,True,Sohna Road,True,0.02351398843736252
303606,Gulshan Dhaba,True,Sohna Road,True,0.43471553313568567
18441175,Karari Kurry,True,Sohna Road,True,0.030966296798045412
18292438,Moti Mahal Delux,True,Sohna Road,True,0.014195829470976529
301383,Needs Gourmet,True,Sohna Road,True,0.11449866649837304
310500,Rao's Meeting Point,True,Sohna Road,True,0.24526697136261288
6867,Sadabahar Hotel,True,Sohna Road,True,0.43191359758968406
301310,Sagar Ratna,True,Sohna Road,True,0.023935420108285643
18232128,Shri Ram Restaurant,True,Sohna Road,True,0.1870474136414304
4820,Shri Ram Restaurant,True,Sohna Road,True,0.1870474136414304
306883,Subway,True,Sohna Road,True,0.013793825325138842
4817,Subway,True,Sohna Road,True,0.014438245766068891
18423106,Sugarcraft Patisserie,True,Sohna Road,True,0.3196629659144784
18161567,Tea Halt,True,Sohna Road,True,0.04956697671545707
303003,The Golden Dragon,True,Sohna Road,True,0.01036947321298265
309033,The Spice Room,True,Sohna Road,True,0.017737155920125924
18258571,The Tongue Twister,True,Sohna Road,True,0.19143465573017282
18322684,56 Fresca,True,Sohna Road,True,0.04973794062208059
18261309,BreakfastBay,True,Sohna Road,True,0.03213089708308914
304192,Cafe Maple Street,True,Sohna Road,True,0.028404861015245975
18381235,Fat Lulu's,True,Sohna Road,True,0.021979458937237184
18365865,Fat Monk,True,Sohna Road,True,0.08249441792970602
18282037,First Eat,True,Sohna Road,True,0.5740812285739364
18415385,Flying Tuk Tuk,True,Sohna Road,True,0.10892256732055894
18180062,FreshMenu,True,Sohna Road,True,0.006256139734082233
18368007,Little Skillet,True,Sohna Road,True,0.1466089420152007
18383504,PKay,True,Sohna Road,True,0.0769205694744689
17977749,Shama Chicken Corner,True,Sohna Road,True,0.23235388914319044
312684,Starbucks,True,Sohna Road,True,0.23117941771753336
18303696,Tandoori Nation,True,Sohna Road,True,0.027233793007767626
303174,Truffle Tangles,True,Sohna Road,True,0.13237730360725852
6877,Domino's Pizza,True,Sohna Road,True,0.1828663247935991
306975,KB's Icecream & Kulfis,True,Sohna Road,True,0.12109408164084512
18014135,Wah Ji Wah,True,Sohna Road,True,0.3569992281935981
18306533,The Brewhouse,True,Sohna Road,True,0.08109784565568812
18441539,Boozer's,True,South City 1,False,0.23817339232864998
18340217,Cheffy's,True,South City 1,False,0.4494603223889667
18246068,Cake Point,True,South City 2,True,0.2762198593536954
304564,Shyam Sweets,True,South City 2,True,0.8863643467269859
312265,Uma Foodies' Hut,True,South City 2,True,0.7711315803108139
18378807,AK Your Food,True,South City 2,False,0.6914271645669738
18205653,Freshnfit.in,True,South City 2,False,0.7941529845238271
18458345,Shri Ram Bhojnalaya,True,South City 2,False,0.7966374608999127
311428,Special O-cake-sions,True,South City 2,False,0.845712605059787
18435818,Tasteful Biryani,True,South City 2,False,0.832318558408989
313316,Bikanervala,True,"Suncity Business Tower, Golf Course Road",True,0.0025117732411962246
7528,Indian Grill Room,True,"Suncity Business Tower, Golf Course Road",True,0.017662862161843318
1216,Oriental Fusion,True,"Supermart 1, DLF Phase 4",True,0.0110494660676832
305662,Purani Dilli's Al Karam Kebab House,True,"Supermart 1, DLF Phase 4",True,0.019859963115667956
305792,Rollmaal,True,"Supermart 1, DLF Phase 4",True,0.017567477135169485
305776,Speedy Chow,True,"Supermart 1, DLF Phase 4",True,0.019368780940287378
18355106,Arabian Nites,True,"Supermart 1, DLF Phase 4",True,0.05501694092571219
308274,Giani's,True,"Supermart 1, DLF Phase 4",True,0.044952506239879786
3538,Giani,True,"Supermart 1, DLF Phase 4",True,0.04227675463612601
18420450,Juste Miam,True,"Supermart 1, DLF Phase 4",True,0.042000742507939615
306401,Patiala Shahi,True,"Supermart 1, DLF Phase 4",True,0.024015834629209087
18257542,The Kathis,True,"Supermart 1, DLF Phase 4",True,0.04169420465454032
9290,Wai Yu Mun Ching,True,"Supermart 1, DLF Phase 4",True,0.019368780940287378
301499,Bernardo's,True,"Supermart 1, DLF Phase 4",True,0.010110605552269392
18025103,Biryani Art,True,"Supermart 1, DLF Phase 4",True,0.004247828803567888
18424627,Nosh,True,"Supermart 1, DLF Phase 4",True,0.03576469943820515
18403465,Tandoor Express,True,"Supermart 1, DLF Phase 4",True,0.053718971707788166
18372668,Tandoori KnockOuts,True,"Supermart 1, DLF Phase 4",True,0.030486180834178422
18224536,Udaipuri,True,"Supermart 1, DLF Phase 4",True,0.0236611643582183
18128902,Begonia,True,Sushant Lok,True,0.723222655265149
18138454,Cakes & Muffins,True,Sushant Lok,True,0.49562293679374525
4602,Halki Aanch,True,Sushant Lok,True,0.056709216169807064
18341082,Hungry Gopal,True,Sushant Lok,True,0.37571969423402096
18382055,Kuzo,True,Sushant Lok,True,0.5675339802026003
18391189,Lovecrumbs Bakery,True,Sushant Lok,True,0.24570424381226763
311837,Organic Express,True,Sushant Lok,True,0.017786405402262617
254,Pizza Hut,True,Sushant Lok,True,0.018789070994988943
308113,Roti Te Boti,True,Sushant Lok,True,0.10985718109390474
18365890,Behrouz Biryani,True,Sushant Lok,True,0.09783403031388338
18354631,Cafí© Burger BC,True,Sushant Lok,True,0.2410220796654392
18336214,Dilli Darbar,True,Sushant Lok,True,0.03697878443182323
18265365,Fu.D,True,Sushant Lok,True,0.07961131527130272
18363405,Jarfull,True,Sushant Lok,True,0.06662520506643255
18322661,Mochamania,True,Sushant Lok,True,0.5325951225100842
18261725,Mukhtalif Biryanis,True,Sushant Lok,True,0.07926634657351006
18157408,Mummy's Kitchen,True,Sushant Lok,True,0.5912788637361615
18429378,Ovenstory Pizza,True,Sushant Lok,True,0.05469666401963036
18439519,The Godinho's,True,Sushant Lok,True,0.6077101985337305
18433295,Kujay's Spoon,True,Sushant Lok,False,0.2211592012425233
18391171,Lily Food's,True,Sushant Lok,False,0.29911950356934647
18400489,Mutton Mewar,True,Sushant Lok,False,0.34466498663462797
18411599,Tasty But Healthy,True,Sushant Lok,False,0.5057975285518259
18265082,Teddy Choco Studio,True,Sushant Lok,False,0.5063870544850073
313275,Chin Chow,True,Sushant Lok,True,0.41563009876213763
18343001,Cafe Sante,True,Sushant Lok,True,0.35263334843494853
18377905,Mughal Dine-Esty,True,Sushant Lok,True,0.01628744228691359
18406140,Nuterro,True,Sushant Lok,True,0.011480935690057481
18472606,Sandburg Shakes,True,Sushant Lok,True,0.043856905503091514
18451577,The Millionaire Express,True,Sushant Lok,True,0.11180201954777058
312540,Ammu's South Indian Restaurant,True,"Sushant Shopping Arcade, Sushant Lok, Gurgaon",True,0.28095286526345487
18386419,Elma's Delivers,True,"Sushant Shopping Arcade, Sushant Lok, Gurgaon",True,0.24312539826037616
18412886,Faasos,True,"Sushant Shopping Arcade, Sushant Lok, Gurgaon",True,0.02080439095825448
18421029,Foodrath,True,"Sushant Shopping Arcade, Sushant Lok, Gurgaon",True,0.26502810424600076
18332044,Hyderabad House,True,"Sushant Shopping Arcade, Sushant Lok, Gurgaon",True,0.04110933811952089
18306553,Kake Da Hotel,True,"Sushant Shopping Arcade, Sushant Lok, Gurgaon",True,0.03538110796938132
309451,Mitraao,True,"Sushant Shopping Arcade, Sushant Lok, Gurgaon",True,0.04456948969002117
18203171,PomoDoro Bistro,True,"Sushant Shopping Arcade, Sushant Lok, Gurgaon",True,0.03060097635855219
312570,Shri Shyam Ji Ke Mashhoor Chhole Bhature,True,"Sushant Shopping Arcade, Sushant Lok, Gurgaon",True,0.40322190935602054
18273621,Spice Aangan Express,True,"Sushant Shopping Arcade, Sushant Lok, Gurgaon",True,0.35759315524880597
305919,Subway,True,"Sushant Shopping Arcade, Sushant Lok, Gurgaon",True,0.05579389726966677
304520,Swaad Ka Khazana,True,"Sushant Shopping Arcade, Sushant Lok, Gurgaon",True,0.11673463389483074
18292458,The Toddy Shop,True,"Sushant Shopping Arcade, Sushant Lok, Gurgaon",True,0.01911615413280654
4215,Truffles,True,"Sushant Shopping Arcade, Sushant Lok, Gurgaon",True,0.06523132470615989
18360143,Cafe Bonkerz,True,"Sushant Shopping Arcade, Sushant Lok, Gurgaon",True,0.030315222068504788
18423890,Wrapchick,True,"Sushant Shopping Arcade, Sushant Lok, Gurgaon",True,0.03361274312349116
312555,WoW - Vada Pav & More,True,"Sushant Shopping Arcade, Sushant Lok, Gurgaon",True,0.057873169984151485
18420454,Me Kong Bowl,True,"Sushant Shopping Arcade, Sushant Lok, Gurgaon",True,0.044967944214770905
3961,Palmyra - The Bristol Hotel,True,"The Bristol Hotel, DLF Phase 1",True,0.03203496358706781
3288,Shanghai Bar & Lounge - The Bristol Hotel,True,"The Bristol Hotel, DLF Phase 1",True,0.0713125567716445
7231,Zaffran - The Bristol Hotel,True,"The Bristol Hotel, DLF Phase 1",True,0.02663191108180607
18291211,Zaffran - The Claremont,True,"The Claremont, MG Road",True,0.10388417458505339
5768,Clove - The Galgotias,True,"The Galgotias, Sector 23",True,0.12703369519933272
304276,Green Leaf,True,"The Habitare Hotel, Sector 14",True,0.11925522838470926
304279,Tokyo,True,"The Habitare Hotel, Sector 14",True,0.12777889992015745
5717,Cigar Lounge - The Oberoi,True,"The Oberoi, Udyog Vihar",True,0.2011535619206969
7496,Melange - The Pllazio Hotel,True,"The Pllazio Hotel, Sector 29",True,0.10554413316135902
309377,Qureshi's Kabab Corner,True,"The Sapphire Mall, Sohna Road",True,0.3768486065169764
5042,EEST - The Westin Gurgaon,True,"The Westin Gurgaon, Sector 29",True,0.025113555231396467
5044,Prego - The Westin Gurgaon,True,"The Westin Gurgaon, Sector 29",True,0.08319533373071808
5046,Seasonal Tastes - The Westin Gurgaon,True,"The Westin Gurgaon, Sector 29",True,0.06211570247189557
310700,Xiao Chi - The Westin Sohna Resort & Spa,True,"The Westin Sohna Resort & Spa, Sohna Road",True,0.24382538339828796
310699,The Living Room - The Westin Sohna Resort & Spa,True,"The Westin Sohna Resort & Spa, Sohna Road",True,0.32472185544080334
2711,The Bar - Trident Gurgaon,True,"Trident, Udyog Vihar",True,0.07721364155691346
2710,Konomi - Trident Gurgaon,True,"Trident, Udyog Vihar",True,0.11304589506115537
18285736,L'Opera,True,"Two Horizon Center, Golf Course Road",True,0.03803508601380745
18291200,Town Hall,True,"Two Horizon Center, Golf Course Road",True,0.015123801039409357
18291198,Whisky Samba,True,"Two Horizon Center, Golf Course Road",True,0.023640592715805653
18446404,Chokola,True,Udyog Vihar,True,0.7389737451950171
6690,Citrus Cafe - Lemon Tree Hotel,True,Udyog Vihar,True,0.7289338611768649
306032,Green Hut,True,Udyog Vihar,True,0.7538632085155479
18216898,My Plate,True,Udyog Vihar,True,0.9363900663741441
310487,PiccoLicko,True,Udyog Vihar,True,0.6651228868626465
18352277,Pind Balluchi,True,Udyog Vihar,True,0.2175747730955454
4185,Raj Xpresso,True,Udyog Vihar,True,0.862796563823896
18374686,Riders Hub,True,Udyog Vihar,True,0.6002910840768445
310870,Shivani Catering Services,True,Udyog Vihar,True,0.8009297895322605
18435802,The Diet Kitchen,True,Udyog Vihar,True,0.2762708751627213
311788,The Gr8 Taste of India,True,Udyog Vihar,True,0.5368321726585836
312301,World Art Cafe,True,Udyog Vihar,True,0.9056001030642288
18175242,XLNC Bakers,True,Udyog Vihar,True,0.9396763357779571
18350142,Adventure Food,True,Udyog Vihar,False,0.922026623756252
18463967,Baba Da Dhaba,True,Udyog Vihar,False,0.862841424322071
18463954,Bandhani Fast Food,True,Udyog Vihar,False,0.9197803964333344
18463969,Bhai Ji Dhaba,True,Udyog Vihar,False,0.8378788022329631
18350144,Bikaner Sweets,True,Udyog Vihar,False,0.8018068718298683
18466414,Cafe Coffee Day,True,Udyog Vihar,False,0.9664225162643646
18332976,Cake 24x7,True,Udyog Vihar,False,0.4692280810402796
18412860,Chaayos,True,Udyog Vihar,False,0.4695866351074479
18391133,Chauhan Hotel,True,Udyog Vihar,False,0.8893814697234125
18311952,Costa Coffee,True,Udyog Vihar,False,0.8593648709011474
18350138,Dheeraj Vaishno Dhaba,True,Udyog Vihar,False,0.9452067793747126
313078,Domino's Pizza,True,Udyog Vihar,False,0.7882844733953334
18265716,Food Ka Adda,True,Udyog Vihar,False,0.8023676348253234
18382370,iKitchen,True,Udyog Vihar,False,0.3961217220580968
18421451,Knights Kitchen,True,Udyog Vihar,False,0.9343523103643576
18427204,Ku-Kukdu-Ku,True,Udyog Vihar,False,0.9215415724754188
18352171,Mogambo Kitchen,True,Udyog Vihar,False,0.8690053156720919
18458633,Noore-e-Seva,True,Udyog Vihar,False,0.8819199330200942
18306504,Premier Bite,True,Udyog Vihar,False,0.8135259328374778
18458319,Renu Sweets & Restaurant,True,Udyog Vihar,False,0.9310493371353107
18463955,Street Foods by Punjab Grill,True,Udyog Vihar,False,0.6998380402272889
18337883,Tpot,True,Udyog Vihar,False,0.639663731249362
18391145,Uttrakhand Bohra Bhojnalaya & Fast Food,True,Udyog Vihar,False,0.9452067793747126
18277216,Uttrakhand Dhaba,True,Udyog Vihar,False,0.92564157467071
312592,Tea Halt,True,"Unitech Cyber Park, Sector 39, Gurgaon",True,0.37528164200479697
9273,Dunkin' Donuts,True,"Unitech Cyber Park, Sector 39, Gurgaon",True,0.01770014825662236
309134,Indian Bistro Company,True,"Unitech Cyber Park, Sector 39, Gurgaon",True,0.7523392536892729
18458638,Department of Food and Social Affair,True,"Unitech Cyber Park, Sector 39, Gurgaon",False,0.7616192740650357
18337882,Tpot,True,"Unitech Cyber Park, Sector 39, Gurgaon",False,0.04052380859702098
18237342,Anaaj,True,"Unitech Infospace, Sector 21, Gurgaon",True,0.3584484189396665
18383550,Au Bon Pain,True,"Unitech Infospace, Sector 21, Gurgaon",True,0.21243716387816036
302243,Cafe Coffee Day,True,"Unitech Infospace, Sector 21, Gurgaon",True,0.42828728047444986
18294576,Cafe Friends,True,"Unitech Infospace, Sector 21, Gurgaon",True,0.2417976226429649
18233603,Chinese Bistro,True,"Unitech Infospace, Sector 21, Gurgaon",True,0.46772365040810804
304182,Dunkin' Donuts,True,"Unitech Infospace, Sector 21, Gurgaon",True,0.18654453042017816
18396424,Madras Coffee House,True,"Unitech Infospace, Sector 21, Gurgaon",True,0.4343296304162261
9967,McDonald's,True,"Unitech Infospace, Sector 21, Gurgaon",True,0.24318466275218198
18350125,Nukkadwala,True,"Unitech Infospace, Sector 21, Gurgaon",True,0.35839663005596545
302248,Salad Chef,True,"Unitech Infospace, Sector 21, Gurgaon",True,0.07377079572165435
310531,Subway,True,"Unitech Infospace, Sector 21, Gurgaon",True,0.12393395134608065
312708,Tea Halt,True,"Unitech Infospace, Sector 21, Gurgaon",True,0.14347889873772002
18175288,The Kachori Co.,True,"Unitech Infospace, Sector 21, Gurgaon",True,0.6007234142165263
18124368,Urban Dhaba,True,"Unitech Infospace, Sector 21, Gurgaon",True,0.09200247968550834
18371415,A Piece of Paris,True,"Unitech Infospace, Sector 21, Gurgaon",True,0.041145947304736974
305687,Chaayos,True,"Unitech Infospace, Sector 21, Gurgaon",True,0.07989281515174129
309642,Doughlicious,True,"Unitech Infospace, Sector 21, Gurgaon",True,0.20705902360290618
18273546,Eggers Madhouse,True,"Unitech Infospace, Sector 21, Gurgaon",True,0.09291019264775702
18349911,Live Wok,True,"Unitech Infospace, Sector 21, Gurgaon",True,0.18191448668069865
300652,Orange Chopsticks,True,"Unitech Infospace, Sector 21, Gurgaon",True,0.025177109905235917
302239,Pizzoccheri,True,"Unitech Infospace, Sector 21, Gurgaon",True,0.20226735241271865
18458317,Creamy Innovation,True,"Unitech Infospace, Sector 21, Gurgaon",False,0.7386915407505745
18237348,Dosa Republic,True,"Unitech Infospace, Sector 21, Gurgaon",False,0.5267769355284646
18311959,Giani's,True,"Unitech Infospace, Sector 21, Gurgaon",False,0.3647418807848011
309308,Chai Point,True,"Unitech Infospace, Sector 21, Gurgaon",True,0.09397785823888272
301559,Latitude - Vivanta By Taj,True,"Vivanta by Taj, Sector 44, Gurgaon",True,0.011641824005550694
301562,Thai Pavilion - Vivanta By Taj,True,"Vivanta by Taj, Sector 44, Gurgaon",True,0.0363996413036185
311480,3H Kitchen,True,"Vyapar Kendra, Palam Vihar",True,0.4451036529217498
303866,Manish Sweets & Bakers,True,"Vyapar Kendra, Palam Vihar",True,0.4417271805676234
4188,Oasis Kitchen,True,"Vyapar Kendra, Palam Vihar",True,0.5273463422305835
311844,Ramchandra Chinese Food,True,"Vyapar Kendra, Palam Vihar",True,0.20875663656708654
308681,Sona Chinese,True,"Vyapar Kendra, Palam Vihar",True,0.706369960558997
2817,The Pastry Hut,True,"Vyapar Kendra, Palam Vihar",True,0.1778360036837554
5927,Aggarwal Sweets & Restaurant,True,"Vyapar Kendra, Palam Vihar",False,0.38995234872297513
301734,Bhoomika,True,"Vyapar Kendra, Sushant Lok",True,0.34313624934473375
309851,FoodZilla,True,"Vyapar Kendra, Sushant Lok",True,0.049453336094923306
300097,Goli Vada Pav No. 1,True,"Vyapar Kendra, Sushant Lok",True,0.0691525169139644
18466966,Indo Chinese,True,"Vyapar Kendra, Sushant Lok",True,0.7707633306663532
306524,Kathi Junction,True,"Vyapar Kendra, Sushant Lok",True,0.10200813180788604
1453,Romi da Dhaba,True,"Vyapar Kendra, Sushant Lok",True,0.0814225181085132
1451,Shamji Snacks,True,"Vyapar Kendra, Sushant Lok",True,0.12370504830134954
300082,The Lunch Break,True,"Vyapar Kendra, Sushant Lok",True,0.32769232468973497
313479,Veg O Non,True,"Vyapar Kendra, Sushant Lok",True,0.21169419418488433
9122,Alwar Sweets,True,"Vyapar Kendra, Sushant Lok",True,0.2633065172787753
3559,Bakers Oven,True,"Vyapar Kendra, Sushant Lok",True,0.025501991596736717
18265678,Burgzz Bee,True,"Vyapar Kendra, Sushant Lok",True,0.08143647435437307
2165,Chinese Corner,True,"Vyapar Kendra, Sushant Lok",True,0.04069181825478929
6769,Iroha,True,"Vyapar Kendra, Sushant Lok",True,0.34313624934473375
18441791,Chaudhary Burfi Wala,True,"Vyapar Kendra, Sushant Lok",False,0.2633065172787753
1454,Curry 'n' Phulka,True,"Vyapar Kendra, Sushant Lok",True,0.082501084255445
6775,Wah Ji Wah,True,"Vyapar Kendra, Sushant Lok",True,0.09888012200182106
306043,Woods Spice,True,"Woods Resort, Gurgaon",True,0.21940152929922885
2100712,Mocha,False,"Anil Plaza, Christian Basti",True,0.004079860263772828
2100478,Terra Mayaa Restaurant and Lounge,False,"Anil Plaza, Christian Basti",True,0.002827571176026056
18384506,The Basement Cafí©,False,Chandmari,True,0.012894375563219151
2100108,Strawberry Fields,False,Chandmari,True,0.0170448039615948
2100921,Brooklyn Blues,False,Christian Basti,True,0.0044124314336464465
2100565,Confucius,False,Christian Basti,True,0.006476525783810083
2100870,The Woking Mama,False,Christian Basti,True,0.0024132454120739943
2100861,Underdoggs Sports Bar & Grill,False,Christian Basti,True,0.00225657297656523
18381932,The Zouq : Resto-Cafe,False,Dispur,True,0.01816374684162181
18397909,BrewBakes,False,Six Mile,True,0.016508962623202117
2100702,Barbeque Nation,False,Ulubari,True,0.008565442149776836
2100101,Yo! China,False,Ulubari,True,0.01682102953565201
2100322,4 Seasons,False,Uzan Bazaar,True,0.020161122685261712
2100784,11th Avenue Cafe Bistro,False,Uzan Bazaar,True,0.0046660265905119624
2100849,Cafí© Riverrun,False,Uzan Bazaar,True,0.0019694172954123346
18480196,Fat Belly,False,Uzan Bazaar,True,0.006356823123999322
2100719,The Corner Cafe,False,Uzan Bazaar,True,0.00655395565789163
2100676,Chung Fa,False,Zoo Tiniali,True,0.015773418817662033
2100074,Shanghai Salsa,False,Zoo Tiniali,True,0.0013299051233044423
18224282,Three Guys,False,Zoo Tiniali,True,0.002993024362525021
2100776,Ziya,False,Zoo Tiniali,True,0.009265825632937763
90744,Exotica,False,"12th Square Building, Banjara Hills",True,0.0018604846838129463
18452864,AB's - Absolute Barbecues,False,Banjara Hills,True,0.0026738908235492964
97824,Chili's,False,Banjara Hills,True,0.0002011609512967416
18443506,The Fisherman's Wharf,False,Gachibowli,True,0.002344179124932677
90847,Chili's,False,Hitech City,True,0.0002833389793193142
18280329,Pine & Dine,False,Hitech City,True,0.0009020302413172976
96626,Jonathan's Kitchen - Holiday Inn Express & Suites,False,Holiday Inn Express & Suites,True,0.008210123153929216
94286,AB's - Absolute Barbecues,False,Jubilee Hills,True,0.0030584715231379844
96776,Coní_u,False,Jubilee Hills,True,0.011708670638551966
18418733,Dock Forty Five,False,Jubilee Hills,True,0.005355896236875157
18418730,Mocha Bar,False,Jubilee Hills,True,0.002243140253873288
93766,Olive Bistro,False,Jubilee Hills,True,0.0001806546317257851
18356469,Prost Brew Pub,False,Jubilee Hills,True,0.0023821976901974296
97503,United Kitchens of India,False,Jubilee Hills,True,0.0007838460007454362
92577,Heart Cup Coffee,False,Kondapur,True,0.0012804124575119813
18307251,Churrolto,False,Madhapur,True,0.00732393412143828
18313013,The Grand Trunk Road,False,Madhapur,True,0.0010232388200878129
18312984,Sahibäó»s Barbeque by Ohriäó»s,False,Ohri' Hitech City,True,0.011987402541746683
1401756,KYRO,False,Bhawar Kuan,True,0.0015361586871448507
1400544,JAL - A Jungle Restaurant,False,Bhawar Kuan,True,0.006506261149163195
18254231,Oye24,False,HIG-LIG,True,0.03720899430329638
1402314,Hobnob Gourmet Cafí©bar,False,"Infiniti Hotel, Vijay Nagar",True,0.007324721171424686
1400466,Mangosteen Cafe,False,New Palasia,True,0.004141836931453646
1401934,Mama Loca,False,New Palasia,True,0.006245496056115463
1401548,Vidorra,False,New Palasia,True,0.005315372501501492
1400460,Cafe Palette,False,Old Palasia,True,0.00306452827094994
1400056,Nafees Restaurant,False,Old Palasia,True,0.005315372501501492
1400169,The Creative Kitchen - Radisson Blu Hotel,False,"Radisson Blu Hotel, Vijay Nagar",True,0.004985260038160244
1400186,Square - Sayaji Hotel,False,"Sayaji Hotel, Vijay Nagar",True,0.005855273053720467
1402335,Freito,False,Vijay Nagar,True,0.009296380343071564
1400555,Cafe Terazza,False,Vijay Nagar,True,0.004243549554835968
1401948,Cafe Yolo,False,Vijay Nagar,True,0.010457112502784471
18395137,Just My Bakes,False,Vijay Nagar,True,0.008464801160748325
1400121,10 Downing Street,False,Vijay Nagar,True,0.00225657297656523
1402028,Cakesmith's Alley,False,Vijay Nagar,True,0.006714645891896076
1401857,The Yellow Chilli,False,Vijay Nagar,True,0.0029535788254916318
1402089,Waffle House,False,Vijay Nagar,True,0.011168002498207041
1402050,Mocha,False,YN Road,True,0.004935760800282796
101212,Tapri Central,False,C Scheme,True,0.0010500383335672048
101834,Blackout,False,C Scheme,True,0.002324562386008311
101884,Mamu's Infusion,False,C Scheme,True,0.00029151503313584737
102813,Nibs Cafe,False,C Scheme,True,0.001200132287673572
101259,On The House,False,C Scheme,True,0.00024287904896647117
103065,WTF,False,C Scheme,True,0.0012355984858825053
100080,Chokhi Dhani,False,"Chokhi Dhani Village Resort, Tonk Road",True,0.02321297823178492
103147,Meraaki Kitchen,False,Civil Lines,True,0.013114858326964018
101311,Taruveda Bistro,False,Civil Lines,True,0.0009561171899895582
100305,The Forresta Kitchen & Bar,False,"Devraj Niwas, Bani Park",True,0.0015872200217103005
102215,Monarch Restaurant - Holiday Inn Jaipur City Centre,False,"Holiday Inn Jaipur City Centre, Bais Godam",True,0.001277748514564414
102216,Chao Chinese Bistro - Holiday Inn Jaipur City Centre,False,"Holiday Inn Jaipur City Centre, Bais Godam",True,0.0027913456835018113
18209498,Zolocrust - Hotel Clarks Amer,False,"Hotel Clarks Amer, Malviya Nagar",True,0.0009419486728875492
103019,Mutual's,False,Lal Kothi,True,0.0005126912645756487
103090,O2- The Plant Cafe,False,Lal Kothi,True,0.01343673608576934
102531,Cafe LazyMojo,False,Malviya Nagar,True,0.0006864914201777372
100306,Replay,False,Tonk Road,True,0.004545136827096341
18454586,Sky Beach,False,Vaishali Nagar,True,0.0012563150220266106
102504,Decked Up By Garden Cafe,False,Vaishali Nagar,True,0.0005377485684677774
102867,Calzone- Dine & Rooftop Lounge,False,Vidhyadhar Nagar,True,0.0020818173151875285
2300061,Hucka,False,Arya Nagar,True,0.032087814585747165
2300483,The Zaffran,False,Ashok Nagar,True,0.004493031888016752
2300065,Gyan Vaishnav,False,Ashok Nagar,True,0.015491498997790454
18377936,Liquid,False,Ashok Nagar,True,0.0011232133348844098
2300188,Royal Dine - Hotel Royal Cliff,False,Hotel Royal Cliff,True,0.011672656531457881
18407105,Urban Crave Express,False,IIT Kanpur,True,0.027904382832107055
2300183,Mr Brown,False,Mall Road,True,0.006714645891896076
2300476,Dunkin Donuts,False,Mall Road,True,0.007648780345144268
2300018,Little Chef,False,Mall Road,True,0.003672363449429672
2300042,Chin Mi,False,"Rave 3, Tilak Nagar",True,0.016541359953772927
2300048,Tadka,False,"Rave Moti, Kakadeo",True,0.030108634702472936
2300058,Dhuaan,False,"Status Club, Kanpur Cantonment",True,0.00693901705662292
2300162,Upper Crust,False,Swaroop Nagar,True,0.010237831939389208
2300003,Anaicha's Food Joint,False,Swaroop Nagar,True,0.004554699535332052
2300176,Aromas,False,Swaroop Nagar,True,0.018031918508580436
2300187,Waterside - The Landmark Hotel,False,"The Landmark Hotel, Mall Road",True,0.010485183849329616
2300009,Verandah,False,Tilak Nagar,True,0.03151628388981098
18391601,Barbeque Nation,False,"Z Square Mall, Mall Road",True,0.003435614860665792
900682,Nawras Seafood Restaurant,False,Chittoor Road,True,0.02033364182862807
95361,Ifthar,False,Edappally,True,0.07691824200753261
95421,Dhe Puttu,False,Edappally,True,0.007067698135230671
95256,Kashi Art Cafe,False,Fort Kochi,True,0.031083072385018062
95286,Grand Hotel Restaurant,False,"Grand Hotel, MG Road",True,0.007867167385465335
900969,Barbeque Nation,False,Kacheripady,True,0.0013566290992100827
95333,Chiyang,False,Kacheripady,True,0.011883640242610682
900547,Slice of Spice,False,Kacheripady,True,0.0034266498158683767
901089,Mustake Multicuisine Restaurant,False,Kakkanad,True,0.00045554762483790423
901035,Palaaram,False,Kakkanad,True,0.010409342866039228
900561,Tonico Cafe,False,Kakkanad,True,0.025850695184040373
900524,Cafe 17,False,Kaloor,True,0.0033964661319456635
900800,ChaiCofi,False,Kaloor,True,0.01816374684162181
95304,Bloomsbury's Boutique Cafe and Artisan Bakery,False,"LuLu Mall, Edappally",True,0.0010500383335672048
900533,Paragon,False,"LuLu Mall, Edappally",True,0.002065723130690089
901004,Aangan - Downtown Multicuisine Restaurant,False,Palarivattom,True,0.01467453276947639
900111,Ali Baba & 41 Dishes,False,Panampilly Nagar,True,0.008157657059585044
95331,Cocoa Tree,False,Panampilly Nagar,True,0.0017388013245711598
900032,French Toast,False,Panampilly Nagar,True,0.0034240237480482882
900282,Thakkaaram,False,Vyttila,True,0.02921873644463069
18217475,Asia Kitchen by Mainland China,False,"Acropolis Mall, Kasba ",True,0.0008269281043953303
18249144,Hoppipola,False,"Acropolis Mall, Kasba ",True,0.0003715884467397901
18017612,Spice Kraft,False,Ballygunge,True,0.0028881140146757023
18377112,Nawwarah,False,Ballygunge,True,0.0029712876692310486
20002,6 Ballygunge Place,False,Ballygunge,True,0.0011273732236705136
18343731,Mumbai Local,False,Ballygunge,True,0.002910114584626422
25664,Gabbar's Bar & Kitchen,False,Camac Street Area,True,0.004447533494354006
25587,TGI Friday's,False,Elgin,True,0.0011609816068832712
24530,Santa's Fantasea,False,Golpark,True,0.03144725288609185
20747,India Restaurant,False,Kidderpore,True,0.0015424487271933351
21220,Flame & Grill,False,"Mani Square Mall, Kankurgachi",True,0.012772317259569399
25570,Barbeque Nation,False,Park Street Area,True,0.004088230275963611
20350,Mocambo,False,Park Street Area,True,0.0005453990420529742
20870,BarBQ,False,Park Street Area,True,0.001975789989441701
20404,Peter Cat,False,Park Street Area,True,0.000990996985294923
24286,The Irish House,False,"Quest Mall, Ballygunge",True,0.013283919014647871
20842,Barbeque Nation,False,"Sector 5, Salt Lake",True,0.00442797601545164
18259462,Ocean Grill,False,"Sector 5, Salt Lake",True,0.001658408642187137
24452,Sigree Global Grill,False,"Silver Spring Arcade, Science City Area",True,0.01902221916462765
18017615,What's Up,False,Southern Avenue,True,0.006172772170244478
800468,Grandson of Tunday Kababi,False,Aminabad,True,0.05931331735126211
801675,Frozen Factory,False,Gomti Nagar,True,0.014419846581302354
801690,Mocha,False,Gomti Nagar,True,0.0026694628770520534
801684,Chemistry Cafí©,False,Gomti Nagar,True,0.006480204023813996
18296995,Homeys Cafe,False,Gomti Nagar,True,0.008464801160748325
800237,Percussion,False,Gomti Nagar,True,0.0028881140146757023
800273,The Urban Terrace,False,Gomti Nagar,True,0.006506261149163195
18375866,Free Spirit,False,Gomti Nagar,True,0.009448630906401134
801170,Spice Caves,False,Gomti Nagar,True,0.004260651583724684
801636,The Chocolate Heaven,False,Gomti Nagar,True,0.006989268298935203
18385021,The Pebbles Bistro,False,Gomti Nagar,True,0.009763948272384915
801640,Underdoggs Sports Bar & Grill,False,Gomti Nagar,True,0.00221983460619235
801269,Vintage Machine,False,Gomti Nagar,True,0.0031381709871732832
801693,Bar Bar,False,Hazratganj,True,0.001600596711001212
800483,Dastarkhwan,False,Hazratganj,True,0.019362935711973672
800891,The Cherry Tree Cafe,False,Hazratganj,True,0.011168002498207041
800326,Royal Sky,False,Lalbagh,True,0.0023167401306606328
801384,L 14 - Renaissance Lucknow Hotel,False,Renaissance Lucknow Hotel,True,0.0015698830240536976
800089,Barbeque Nation,False,"Riverside Mall, Gomti Nagar",True,0.010948697847557365
801247,Colours by Royal Cafe - Royal Inn,False,"Royal Inn, Hazratganj",True,0.011990729152725588
800576,Cappuccino Blast,False,Sadar Bazaar,True,0.027904382832107055
15239,Basant Restaurant,False,"A Hotel, Gurdev Nagar",True,0.02022896899262816
18444271,Hawai Adda,False,Aggar Nagar,True,0.01057702444326769
15005,Indian Summer,False,BRS Nagar,True,0.01833458517228903
15221,Basant,False,Civil Lines,True,0.01794065835130132
15292,Bistro 226,False,Civil Lines,True,0.005103141527138866
15309,Mocha,False,Gurdev Nagar,True,0.009865732586064824
18400368,Pirates Of Grill,False,Gurdev Nagar,True,0.006506261149163195
15132,Bistro Flamme Bois,False,Gurdev Nagar,True,0.0027464780450516812
15705,Kitchen At 95 - Hyatt Regency,False,"Hyatt Regency, Rajguru Nagar",True,0.005493579435578488
15078,Domino's Pizza,False,"Main Market, Sarabha Nagar",True,0.006823863905884631
15104,Nando's,False,"Main Market, Sarabha Nagar",True,0.004039328350517124
15774,Belfrance Luxury Chocolates,False,"Main Market, Sarabha Nagar",True,0.0026525952899252303
15008,Hot Breads,False,"Main Market, Sarabha Nagar",True,0.004487023757559716
15321,The Yellow Chilli,False,"Main Market, Sarabha Nagar",True,0.0031293555608963297
15368,Spice Cube,False,PAU,True,0.01057702444326769
15853,Barbeque Nation,False,Rajguru Nagar,True,0.008581353766170308
15497,Nik Bakers,False,Sarabha Nagar,True,0.018602032723379347
15091,Aman Chicken,False,Shastri Nagar,True,0.031253123702123076
15777,District 6,False,"Silver Arc Mall, Gurdev Nagar",True,0.013410956105560645
15717,The BrewMaster - The Mix Fine Dine,False,"Westend Mall, Rajguru Nagar",True,0.01833458517228903
3100446,#45,False,Attavar,True,0.048159782648658944
3100159,Crave Desserts & Bakes,False,Balmatta,True,0.019151035189097443
3100010,Diesel Cafe,False,Balmatta,True,0.004660067741766305
3100145,Froth On Top,False,Balmatta,True,0.011553225466177541
3100013,Hao Ming,False,Balmatta,True,0.017574603910501807
3100143,Kobe Sizzlers,False,Balmatta,True,0.005731391821321208
3100033,Liquid Lounge,False,Balmatta,True,0.004180437732194009
3100153,Maharaja Restaurant,False,Balmatta,True,0.011610397928087934
3100142,Giri Manja's,False,Bhavathi,True,0.038486167253269365
3100030,Kabab Studio,False,"Goldfinch Hotel, Balmatta",True,0.010485183849329616
18237384,Brio Cafe and Grill,False,Hampankatta,True,0.027904382832107055
3100008,Gajalee Sea Food,False,Kadri,True,0.006457876919027772
3100148,Smoke N Oven,False,Kadri,True,0.00923531924719645
3100044,Village Restaurant,False,Kadri,True,0.0029712876692310486
3100441,Barbeque Nation,False,Kankanady,True,0.008587796941592729
3100302,Machali,False,Kodailbail,True,0.02033364182862807
3100422,Punjab Da Pind,False,KS Rao Nagar,True,0.007867167385465335
3100014,Sizzler's Ranch,False,Lalbagh,True,0.014112063978622302
3100448,Spindrift,False,Lalbagh,True,0.007376956829449499
3100017,Sagar Ratna,False,"The Ocean Pearl, Kodailbail",True,0.014024390620884453
18424018,The Shooters Cafe,False,Sector 70,True,0.004538960722869301
35217,Joey's Pizza,False,Azad Nagar,True,0.03152179727201243
18447068,Cafe Hydro,False,Borivali East,True,0.02872797864054799
18458563,The American Joint,False,Borivali West,True,0.002883404298117842
18075122,The Fusion Kitchen,False,Borivali West,True,0.0003410449666438886
18233317,145 Kala Ghoda,False,Fort,True,0.01310310306249296
18237753,Tea Villa Cafe,False,"Hill Road, Bandra West",True,0.0002903704750376601
18388642,Grandmama's Cafe,False,Juhu,True,0.016564104601629825
18463285,Mumbai Vibe,False,"Linking Road, Bandra West",True,0.0008713432831991552
16527711,The Rolling Pin,False,Lower Parel,True,0.001170052081002626
18313566,Farzi Cafe,False,Lower Parel,True,0.004891362703447366
49003,SpiceKlub,False,Lower Parel,True,0.0011613343898021489
18441580,Tea Villa Cafe,False,"Majiwada, Thane West",True,0.0014422799846147694
34757,Joey's Pizza,False,Malad West,True,0.0021095423964839766
18408295,Stacks And Racks,False,Malad West,True,0.00523042534177931
18216876,The English Department Bar & Diner,False,Malad West,True,0.0007049401572027936
17806994,Mirchi And Mime,False,Powai,True,0.011990729152725588
18435740,38 Degree East,False,Powai,True,0.008210123153929216
18318116,R' ADDA,False,"Ramee Guestline Hotel, Juhu",True,0.0013778967704086709
18270976,Tea Villa Cafe,False,"Versova, Andheri West",True,0.0002048225051126673
49486,Tea Villa Cafe,False,Vile Parle East,True,0.0002885180482455896
3600252,Hotel RRR Mysore,False,Chamrajpura,True,0.023345027147277264
3600265,Jalpaan Dining Saga,False,Chamrajpura,True,0.0035161740673137487
3600375,The Old House,False,Chamrajpura,True,0.007018881900748175
3600015,Vinayaka Mylari,False,Doora,True,0.07412055382310234
3600012,Empire Restaurant,False,Gokulam,True,0.022047974803696135
3600013,Green Leaf,False,Gokulam,True,0.016266246067743517
3600071,Pakva Lounge,False,Gokulam,True,0.020684938795963226
3600192,Spring - Radisson Blu Plaza,False,Ittige Gudu,True,0.0063243126898824276
3600119,Big Chicken,False,Jayalakhsmipuram,True,0.011141154912584383
3600352,Barbeque Nation,False,Jayalakhsmipuram,True,0.0014759137845741233
3600009,Pizza Hut,False,Jayalakhsmipuram,True,0.008460337044370991
3600361,Tandooriwala,False,Kuvempunagar,True,0.04705305673653826
3600148,Jungle The Restaurant,False,"Pai Hotels, Doora",True,0.010507135525039457
3600436,The Barge Restaurant,False,Vijay Nagar,True,0.002021561965311891
3600008,By The Way,False,Vijay Nagar,True,0.007448172307100487
3600354,Cafe Cornucopia,False,Vijay Nagar,True,0.003633053629990446
3600285,Mezzaluna,False,Vijay Nagar,True,0.010846232116111132
3600072,Nanking,False,Vijay Nagar,True,0.008743514985453227
3600022,Oyster Bay,False,Vijay Nagar,True,0.003540562985936524
3600014,Purple Haze,False,Vijay Nagar,True,0.008582538534659512
3301308,House of Caffeine,False,Bajaj Nagar,True,0.015322571193015166
3300780,Hide Out The Street Cafe,False,Bajaj Nagar,True,0.02316028893103228
3301236,Tapri The Chai Books Cafe,False,Bajaj Nagar,True,0.009451788913807602
3300369,Eat Street Express,False,Bajaj Nagar,True,0.0019578290996207226
3301013,Zaikart,False,Bajaj Nagar,True,0.0020910206110986707
3300741,Cafe Zinea,False,Civil Lines,True,0.001664892528784434
3300138,Checker's,False,Civil Lines,True,0.003127715409560139
3300949,The B.A.W.A,False,Civil Lines,True,0.005924022407662433
3300065,FSB,False,Dhantoli,True,0.00741635052366485
3300416,NESCAFí Illusions,False,Dharampeth,True,0.0170448039615948
3301169,Nineties,False,Dharampeth,True,0.0031839351579877606
3300061,Mocha,False,Dharampeth,True,0.0007541046797444606
3300107,The Zuree Urban Kitchen,False,Mohan Nagar,True,0.002230761666523251
3300058,The Breakfast Story,False,Pratap Nagar,True,0.048159782648658944
3300057,Ten Downing Street Restaurant & Bar,False,Ramdaspeth,True,0.01252723545189538
3300041,Ashoka Restaurant,False,Sadar,True,0.0012150258173938555
3300958,Barbeque Nation,False,Sitabuldi,True,0.0017528350602397103
3300707,KFC,False,Sitabuldi,True,0.0010418074062913396
3300070,Moksh The Restro Lounge,False,Sitabuldi,True,0.0035744962916789413
3301035,Mainland China,False,Vivekanand Nagar,True,0.01682102953565201
1600227,Divtya Budhlya Wada Restaurant,False,Anand Wali Goan,True,0.01625067297242877
1600280,Spice Route,False,Anand Wali Goan,True,0.00225657297656523
1600169,Veg Aroma,False,Anand Wali Goan,True,0.01052712268157563
1600109,Eastern Spice,False,"Bon Vivant, College Road",True,0.008250321951704165
1600108,The Bake Studio,False,"Bon Vivant, College Road",True,0.008215404672736737
1600258,Barbeque Nation,False,"City Center, Parijat Nagar",True,0.0036612042239826392
1600252,Chai Tapri,False,College Road,True,0.028830172848548385
1600007,Curry Leaves,False,College Road,True,0.003540562985936524
1600053,Enter The Dragon,False,College Road,True,0.008591865794027487
1600326,The Cafe Katta,False,College Road,True,0.008720029578294874
1600307,White X Sky Lounge,False,College Road,True,0.009923641166205588
1600219,12212,False,College Road,True,0.018031918508580436
1600067,Al Arabian Express,False,College Road,True,0.011077365036739617
1600039,RiverDine Restaurant & Bar,False,College Road,True,0.005315372501501492
1600029,Barbeque Ville,False,Parijat Nagar,True,0.010948697847557365
1600292,Little Italy,False,Satpur,True,0.006152449131310744
1600298,Soma at Sula,False,Satpur,True,0.004144910392480772
1600095,Hotel Radhakrishna,False,Satpur,True,0.00446603424039238
1600205,Sadhana Restaurant,False,Satpur,True,0.025650731000358196
1600212,House Of Flavours,False,"SSK Solitaire, Satpur",True,0.01228680776295521
18287358,Food Cloud,True,Aaya Nagar,False,0.842231263552469
18216944,Burger.in,True,Adchini,True,0.12497480824095686
313333,Days of the Raj,True,Adchini,True,0.01346159842737027
18384127,Dilli Ka Dhaba,True,Adchini,True,0.2241839393198135
582,Govardhan,True,Adchini,True,0.0338608485647639
18414465,Mezbaan Grills,True,Adchini,True,0.4395162078156707
304243,Say Cheese,True,Adchini,True,0.09734983868614211
3554,Southy,True,Adchini,True,0.08149916107033428
18369872,Monosoz,True,Adchini,True,0.11477843512157859
948,Waves,True,Adchini,True,0.019850129056277144
2853,Delhi Darbar,True,Adchini,True,0.22244319865863416
18433900,Chateau,True,Adchini,True,0.08695011697239985
18425159,Nariyal Cafe,True,Adchini,True,0.015734314202895283
310958,Rustom's Parsi Bhonu,True,Adchini,True,0.016833028921106497
18334443,BarShala,True,"Aditya Mega Mall, Karkardooma",True,0.17688668789561524
18255141,Chawla's_,True,"Aditya Mega Mall, Karkardooma",True,0.022941727937236034
197,Domino's Pizza,True,"Aditya Mega Mall, Karkardooma",True,0.14357329578614553
308235,Sultanat,True,"Aditya Mega Mall, Karkardooma",True,0.011291032919015231
18258757,Bella Italia,True,Aerocity,True,0.7033576695036121
307383,Clever Fox Cafe,True,Aerocity,True,0.43629432382625033
18386746,365 Naturals,True,Aerocity,False,0.22263137716076176
18337885,Tpot,True,Aerocity,False,0.5493058468062961
310491,4 on 44 Restaurant & Bar,True,"Aggarwal City Mall, Pitampura",True,0.019953569839744723
18337789,Rambhog,True,"Aggarwal City Mall, Pitampura",True,0.3541850933131889
18222573,Selfie Lounge Restro & Bar,True,"Aggarwal City Mall, Pitampura",True,0.014441444281779403
3370,BTW,True,"Aggarwal City Plaza, Rohini",True,0.21525710855608626
307439,Chilli Pepper,True,"Aggarwal City Plaza, Rohini",True,0.028218484822644663
1078,Pizza Hut,True,"Aggarwal City Plaza, Rohini",True,0.013493803582161457
9340,Puri Bakers,True,"Aggarwal City Plaza, Rohini",True,0.2897422343306042
306761,Jaiveer Naan & Chaap,True,"Aggarwal City Plaza, Rohini",True,0.04103929736029843
7580,Aggarwal's Sweets Paradise,True,Alaknanda,True,0.35404715687650545
7584,Bikaner Sweets,True,Alaknanda,True,0.5275188788445584
7582,Cafe Coffee Day,True,Alaknanda,True,0.5552647064187037
18351495,Cakeophony By Sonali,True,Alaknanda,True,0.9107770941332902
7594,Chandra Sweets,True,Alaknanda,True,0.38696111118380405
7583,Chhotu Mashhoor Kathi Roll,True,Alaknanda,True,0.6859662718486417
7610,Green Chick Chop,True,Alaknanda,True,0.3771366808848148
18412603,Lazeez Restaurant,True,Alaknanda,True,0.04452565188441282
7639,Madhuvan Chinese Fast Food,True,Alaknanda,True,0.22249912085483514
18441545,Mr Wong,True,Alaknanda,True,0.12049739639267265
9971,Mughlai Shahi Rasoi,True,Alaknanda,True,0.44978887914572485
18451572,Mumbai Central Street Food,True,Alaknanda,True,0.40619176914395827
7593,Neha's Treat,True,Alaknanda,True,0.714297056477276
301440,New Bakers Shoppee,True,Alaknanda,True,0.5927975732799361
7585,Pant  Ice Cream Parlour,True,Alaknanda,True,0.609890640728958
306531,PM 2 AM Food Bank,True,Alaknanda,True,0.16584330348363807
18354658,Punjabi Chaap Corner,True,Alaknanda,True,0.5233983125480439
18337782,Sartaj Food Corner,True,Alaknanda,True,0.08725212456259623
18258759,The Sugar Therapy,True,Alaknanda,True,0.5564902411484656
18057805,Biryani Binge,True,Alaknanda,True,0.09790685443897573
3428,City of Joy,True,Alaknanda,True,0.47534466197848924
18425771,Letz Roll,True,Alaknanda,True,0.5998540905176586
18304836,Nukkad,True,Alaknanda,True,0.06589672655495804
18311951,#InstaFreeze,True,Alaknanda,False,0.6385005554599796
18401128,Aahar Meat and Chicken Shop,True,Alaknanda,False,0.6148608385065908
18354667,Food Cafe,True,Alaknanda,False,0.4174559906731524
18431379,Lazeez Restaurant,True,Alaknanda,False,0.15878568730675258
18311953,Lemon Chick,True,Alaknanda,False,0.17553251545085713
18361522,Punjabi Chaap Corner,True,Alaknanda,False,0.8253193203405834
18425780,Purani Dilli Foods,True,Alaknanda,False,0.5326096230506828
18489513,Tandoori Kebab,True,Alaknanda,False,0.6486071132396927
306795,Shree Rathnam,True,Alaknanda,True,0.05825349496803467
7249,Alaturka,True,"Ambience Mall, Vasant Kunj",True,0.04337810621213478
7246,Amici Gourmet Pizza,True,"Ambience Mall, Vasant Kunj",True,0.046104099192795234
310723,Burger King,True,"Ambience Mall, Vasant Kunj",True,0.034143322258399555
7253,Kylin Express,True,"Ambience Mall, Vasant Kunj",True,0.1914459419511405
18180041,Big Fat Sandwich,True,"Ambience Mall, Vasant Kunj",True,0.03366981898011845
18434414,Fashion Tv Cafe,True,"Ambience Mall, Vasant Kunj",True,0.036237258799808214
4905,Kylin Skybar,True,"Ambience Mall, Vasant Kunj",True,0.012769703782412933
18421232,Lemon Drops,True,"Ambience Mall, Vasant Kunj",True,0.20645753229857522
7228,Punjabi By Nature Express,True,"Ambience Mall, Vasant Kunj",True,0.1663787066718566
7068,Red Mango,True,"Ambience Mall, Vasant Kunj",True,0.03172262038954754
302152,Starbucks,True,"Ambience Mall, Vasant Kunj",True,0.24298636265257867
312300,Peninsular Kitchen,True,"Ambience Mall, Vasant Kunj",True,0.005253226822154233
5565,Mithapur,True,Anand Lok,True,0.35590689281492305
307113,Diggin,True,Anand Lok,True,0.030700219796653383
6258,Aggarwal Sweet India,True,Anand Vihar,True,0.4423375989685643
6094,Banzara's,True,Anand Vihar,True,0.6759864296213818
304592,Bobby Tikki Wala,True,Anand Vihar,True,0.6507055373160906
18421481,Chennai Junction,True,Anand Vihar,True,0.6688775364903782
310874,Chicken Bite,True,Anand Vihar,True,0.7920353010707187
18313972,Chocolate Dreams,True,Anand Vihar,True,0.7070686668210577
18128860,Dial n Dine,True,Anand Vihar,True,0.4862889573238527
310877,Fresh n Refresh,True,Anand Vihar,True,0.48809983494293363
304687,Garden Hut,True,Anand Vihar,True,0.612893821824005
312444,Giani,True,Anand Vihar,True,0.1515094654901451
18337975,Jugnu Gaming Zone and Cafe,True,Anand Vihar,True,0.37341979316712437
18124373,Keventer's South Indian & Chinese Food,True,Anand Vihar,True,0.7148761034977344
305913,KTS,True,Anand Vihar,True,0.7893274533685197
310447,Mandarin,True,Anand Vihar,True,0.6375248418203194
310858,Penguin Bakers & Shakers,True,Anand Vihar,True,0.7898179408051744
18332083,Rollmates,True,Anand Vihar,True,0.6160053672747154
18361241,Tandoori Nights,True,Anand Vihar,True,0.5023665323931741
305630,Burger Dominion,True,Anand Vihar,True,0.2733670343088306
18034049,Cafe Gainz,True,Anand Vihar,True,0.37478232394738864
6092,Chaskaa,True,Anand Vihar,True,0.1430982072858542
18124361,Fabulous Cake Bites,True,Anand Vihar,True,0.05605823010630051
6088,Hangout - A House Of Kathis,True,Anand Vihar,True,0.7845232901705063
18394366,Malais By Anands,True,Anand Vihar,True,0.5041320678870673
18354639,Panchwati Rasoi,True,Anand Vihar,True,0.7417331258474521
311657,Sprinkles Cup & Cake,True,Anand Vihar,True,0.7087472245160171
18350112,Target Ice Cream & Bakers,True,Anand Vihar,True,0.11059760431635723
18377924,The Sweeet Jar,True,Anand Vihar,True,0.11695531092539202
18428216,Amar Bakery,True,Anand Vihar,False,0.26965541629349854
18421050,Cafe Brewbug,True,Anand Vihar,False,0.7172442024701446
18377887,Chilll House Kafe,True,Anand Vihar,False,0.5479253569939337
18421693,Cookie Shookie,True,Anand Vihar,False,0.6901803616697342
18418263,Fabulous Cake,True,Anand Vihar,False,0.7090338112929957
18421457,Jai Maa Shaarde Samose Wala,True,Anand Vihar,False,0.7252435354730252
18421463,Madaan Confectionery,True,Anand Vihar,False,0.7922557384910739
18268361,Magic Masala,True,Anand Vihar,False,0.29089534604749323
18445804,Sikka Chinese Fast Food,True,Anand Vihar,False,0.6748725549435587
18347812,Teedo's Cake Inn,True,Anand Vihar,False,0.447488444145716
18377920,Thalaiva Cafe,True,Anand Vihar,False,0.6962673245929857
311544,The Cake Affairs,True,Anand Vihar,False,0.6117441166614721
18377915,Tulsi Ram Chinese Hut,True,Anand Vihar,False,0.7934817923392994
18421058,V. K. Pasta,True,Anand Vihar,False,0.48387755876682126
18335692,Xpert Bakers,True,Anand Vihar,False,0.7288855553529745
18429396,Juniper Bar - Andaz Delhi,True,"Andaz Delhi, Aerocity",True,0.24250694356152702
179,McDonald's,True,"Ansal Plaza Mall, Khel Gaon Marg",True,0.026136490609731333
307843,Pizza Hut Delivery,True,"Ansal Plaza Mall, Khel Gaon Marg",True,0.017384933243182243
18421042,The Arena,True,"Ansal Plaza Mall, Khel Gaon Marg",True,0.05627895215038581
3295,Restaurant De Seoul,True,"Ansal Plaza Mall, Khel Gaon Marg",True,0.0325396165066123
18414499,Taksim,True,"Ansal Plaza Mall, Khel Gaon Marg",True,0.11599724384248344
18441775,Jom Jom Malay,True,"Ansal Plaza Mall, Khel Gaon Marg",True,0.12198903442901543
18427565,Kofuku,True,"Ansal Plaza Mall, Khel Gaon Marg",True,0.02190959140943749
18395381,The Sky High,True,"Ansal Plaza Mall, Khel Gaon Marg",True,0.041396923936249275
310281,Haldiram's,True,"ARSS Mall, Paschim Vihar",True,0.14070000375999425
18207831,Jux Pux - The Dreamer's Cafe,True,Asaf Ali Road,True,0.7185714125928033
5452,Pizzaon,True,Asaf Ali Road,True,0.16671738495215205
18374418,FFC Restaurant,True,Asaf Ali Road,False,0.3774194964514507
18258778,"34, Chowringhee Lane",True,Ashok Vihar Phase 1,True,0.4212938047144783
6560,Aapni Dhani,True,Ashok Vihar Phase 1,True,0.7957294741082518
3322,Bengal Sweet Corner,True,Ashok Vihar Phase 1,True,0.25490400991446205
18249102,Chicken Vicken,True,Ashok Vihar Phase 1,True,0.651734830430968
18241609,Cup-a-licious,True,Ashok Vihar Phase 1,True,0.8296911399818342
8743,Frontier,True,Ashok Vihar Phase 1,True,0.781081181623077
5294,Metro Fast Food,True,Ashok Vihar Phase 1,True,0.7433558895723361
4651,Nagpal's,True,Ashok Vihar Phase 1,True,0.40757448337829894
5315,Nile Restro & Bar,True,Ashok Vihar Phase 1,True,0.3963115145502242
6577,Popular Chicken,True,Ashok Vihar Phase 1,True,0.6700997913940079
309395,Sardar A Pure Meat Shop,True,Ashok Vihar Phase 1,True,0.6632668709279161
300784,Shankar Fast Food,True,Ashok Vihar Phase 1,True,0.698558039458569
18430692,Singh's Zaika ,True,Ashok Vihar Phase 1,True,0.6364685404324368
309503,The Mirch Masala,True,Ashok Vihar Phase 1,True,0.5519397610953185
3326,The Mirch Masala,True,Ashok Vihar Phase 1,True,0.6428800949044877
309384,Uncle Cake Shop,True,Ashok Vihar Phase 1,True,0.7024589612361019
3079,Kays Bar-Be-Que,True,Ashok Vihar Phase 1,True,0.23166069984013238
303093,Master Bakers,True,Ashok Vihar Phase 1,True,0.2168283234673931
309375,The Master's Fast Food Centre,True,Ashok Vihar Phase 1,True,0.6705053529796428
18441672,6 Pack Momos,True,Ashok Vihar Phase 1,False,0.7611376847825915
18446423,Al Noor Foods,True,Ashok Vihar Phase 1,False,0.6295145901225935
18462588,Avon Kitchen,True,Ashok Vihar Phase 1,False,0.5249048476242766
18460330,Bhasad Cafe,True,Ashok Vihar Phase 1,False,0.6713952089474087
18361739,Bikaner Kesarvala,True,Ashok Vihar Phase 1,False,0.7851837188551549
312338,De Bone Chicken,True,Ashok Vihar Phase 1,False,0.7577212775979414
18057828,Indian Fresh Meat Shop,True,Ashok Vihar Phase 1,False,0.8048148271234061
18361700,JD's Food Court,True,Ashok Vihar Phase 1,False,0.6733139830409518
18383541,Keventers,True,Ashok Vihar Phase 1,False,0.8129724076233247
18248970,Malhotra Bakery,True,Ashok Vihar Phase 1,False,0.7806812301042334
18395538,Matthi Wala,True,Ashok Vihar Phase 1,False,0.7968046419767462
18446396,Nirula's Ice Cream,True,Ashok Vihar Phase 1,False,0.6740770121369886
313193,Punjabi Chaap Corner,True,Ashok Vihar Phase 1,False,0.2960533087615689
18457050,Puran Dhaba,True,Ashok Vihar Phase 1,False,0.8440631147677481
18375413,Rama Desi Ghee Meat Wala,True,Ashok Vihar Phase 1,False,0.9204746350028913
18458325,VadaPav 'n' Frankie,True,Ashok Vihar Phase 1,False,0.7691258958616769
5296,Chhabra Sweets,True,Ashok Vihar Phase 1,True,0.8290614381769198
310802,Kanwarji's,True,Ashok Vihar Phase 2,True,0.027751397705038983
310777,Pizza Hut,True,Ashok Vihar Phase 2,True,0.00833104243628513
309,Sagar Ratna,True,Ashok Vihar Phase 2,True,0.020570643123086763
18390678,Smelling Salts,True,Ashok Vihar Phase 2,True,0.0985711830108178
3329,Wah Ji Wah,True,Ashok Vihar Phase 2,True,0.054635334839816196
18216896,Wheelyz,True,Ashok Vihar Phase 2,True,0.023120194248165582
307767,Bell Pepperz,True,Ashok Vihar Phase 2,True,0.013467176503697442
3332,Bharat Sweets,True,Ashok Vihar Phase 2,True,0.2692855962218582
980,Invitation,True,Ashok Vihar Phase 2,True,0.06823928389803668
18232098,Mystique Melange,True,Ashok Vihar Phase 2,True,0.046205437511494085
6574,Pandit Ji Paranthe Wale,True,Ashok Vihar Phase 2,True,0.4204903597840355
2379,Raju Chat Palace,True,Ashok Vihar Phase 2,True,0.4730649998663653
309390,Seasonings - The Spice Mysteries,True,Ashok Vihar Phase 2,True,0.005775894401902182
300809,SGF - Spice Grill Flame,True,Ashok Vihar Phase 2,True,0.02728097038739119
1192,Apni Rasoi,True,Ashok Vihar Phase 3,True,0.3483020838388162
310803,Bablu Kabab Shop,True,Ashok Vihar Phase 3,True,0.21938047880416467
18250797,Cake o' Cuisine,True,Ashok Vihar Phase 3,True,0.414264233383305
198,Domino's Pizza,True,Ashok Vihar Phase 3,True,0.16625304847296785
18449782,Hunger Flames,True,Ashok Vihar Phase 3,True,0.16201233248228097
18057820,Puran Chand Ambala Wale Di Hatti,True,Ashok Vihar Phase 3,True,0.21858834093169588
310215,The Cake Gallery,True,Ashok Vihar Phase 3,True,0.30564854487717397
306841,Bablu Chic Inn,True,Ashok Vihar Phase 3,True,0.22519433137105827
18412952,Masala Basket,True,Ashok Vihar Phase 3,True,0.05149753988494099
18432191,Udta Punjab,True,Ashok Vihar Phase 3,True,0.21858834093169588
18375420,Munch Nation,True,Ashok Vihar Phase 3,True,0.036262778335277246
6286,Bengali Pastry Shop & Snack Bar,True,Barakhamba Road,True,0.28009516849359284
1914,Bhimsain's Bengali Sweet House,True,Barakhamba Road,True,0.06726266833601302
18163907,Cafe Coffee Day,True,Barakhamba Road,True,0.38917361561886743
18344490,Colonel's Kababz,True,Barakhamba Road,True,0.11881503021510842
18412878,Faasos,True,Barakhamba Road,True,0.10343322801753307
18294263,Karachi Bakery,True,Barakhamba Road,True,0.5153152643315829
588,Nathu's Sweets,True,Barakhamba Road,True,0.03055970191575086
7150,Sachdeva Confectioners,True,Barakhamba Road,True,0.14658964423597298
18264634,Bengali Sweet House,True,Barakhamba Road,True,0.38810735680804487
301534,Bijoli Grill,True,Barakhamba Road,True,0.10713303097064453
8340,Nathu's Pastry Shop,True,Barakhamba Road,True,0.4153637614115877
18400739,Balaji Dhaba,True,Barakhamba Road,False,0.46587323837513317
304954,Bhagat Ji,True,Barakhamba Road,False,0.47808050542943115
18400737,Hangout Kathi Rolls,True,Barakhamba Road,False,0.5470446101190123
18382583,Makers & Bakers,True,Barakhamba Road,False,0.39028651758805866
18249122,Habibi Express,True,Barakhamba Road,True,0.06234424642658387
7354,Cafe Coffee Day,True,"Basant Lok Market, Vasant Vihar",True,0.30920431971768436
9267,China Town,True,"Basant Lok Market, Vasant Vihar",True,0.23729557168768045
7352,Domino's Pizza,True,"Basant Lok Market, Vasant Vihar",True,0.13828327801294316
304211,High Street Kitchen & Bar,True,"Basant Lok Market, Vasant Vihar",True,0.09645382786360723
262,Pizza Hut,True,"Basant Lok Market, Vasant Vihar",True,0.008906640524563914
4621,Sugar & Spice - Le Marche,True,"Basant Lok Market, Vasant Vihar",True,0.15456938009277055
2134,The Kathis,True,"Basant Lok Market, Vasant Vihar",True,0.04836229041521334
303472,The Kylin Experience,True,"Basant Lok Market, Vasant Vihar",True,0.004872753241199845
758,Arabian Nites,True,"Basant Lok Market, Vasant Vihar",True,0.06441522296783897
7217,Asia Kitchen,True,"Basant Lok Market, Vasant Vihar",True,0.011525381172925675
307054,Dunkin' Donuts,True,"Basant Lok Market, Vasant Vihar",True,0.015013454671743531
771,Krips Restaurant,True,"Basant Lok Market, Vasant Vihar",True,0.014133952856722476
171,McDonald's,True,"Basant Lok Market, Vasant Vihar",True,0.03217517912912049
304675,Yo! China,True,"Basant Lok Market, Vasant Vihar",True,0.019449049300828802
3269,RPM,True,"Basant Lok Market, Vasant Vihar",True,0.11291907734783213
3935,By The Way - Bellagio,True,"Bellagio, Ashok Vihar Phase 2",True,0.01640351085686864
4166,Red - Bellagio,True,"Bellagio, Ashok Vihar Phase 2",True,0.024432107390974123
3936,Soul Curry - Bellagio,True,"Bellagio, Ashok Vihar Phase 2",True,0.012952743815104362
5227,Alpha 63,True,"Best Western Taurus Hotel, Mahipalpur",True,0.14395547992953195
1862,Bite-N-Sip,True,Bhikaji Cama Place,True,0.07805745802501118
819,Lotus Garden,True,Bhikaji Cama Place,True,0.039710920333584365
2236,Meethas Sweets,True,Bhikaji Cama Place,True,0.3265856708152882
4150,Nirula's,True,Bhikaji Cama Place,True,0.006004977778355958
6394,Punjabi Tadka,True,Bhikaji Cama Place,True,0.3358016231538318
1867,Snack Bar,True,Bhikaji Cama Place,True,0.31124511670281996
2608,South Indian Food,True,Bhikaji Cama Place,True,0.3789248389838804
8388,Domino's Pizza,True,Bhikaji Cama Place,True,0.14017539506842558
3465,Southy,True,Bhikaji Cama Place,True,0.07416465821161577
301581,Coffee Shop - Centaur Hotel,True,"Centaur Hotel, Aerocity",False,0.3570020761870236
823,Al Kuresh,True,Chanakyapuri,True,0.0960326223256921
18421499,Angan Bakery & Cafe,True,Chanakyapuri,True,0.1285451542682987
846,Bamboo Chopstix,True,Chanakyapuri,True,0.3124098372315144
816,Bawarchis,True,Chanakyapuri,True,0.3342965767537369
4055,Bikanervala,True,Chanakyapuri,True,0.05963218436933493
18312487,Cafe Coffee Day,True,Chanakyapuri,True,0.5377601607514451
1630,Chanakya Bar-Be-Que,True,Chanakyapuri,True,0.25184377329465213
308261,Chattisgarh Bhawan,True,Chanakyapuri,True,0.4925891584763511
2587,Chimney,True,Chanakyapuri,True,0.27293189091565606
849,China Town Sizzlers,True,Chanakyapuri,True,0.4076134032637818
848,Chinese Bite,True,Chanakyapuri,True,0.22934212918497698
852,Chinese Garden,True,Chanakyapuri,True,0.33481471220202463
312194,Costa Coffee,True,Chanakyapuri,True,0.265641410564717
7643,Food Point,True,Chanakyapuri,True,0.6060113669686464
3238,Ikko,True,Chanakyapuri,True,0.20466191867609296
18396184,Jammu And Kashmir House,True,Chanakyapuri,True,0.3957196684567297
847,Laguna,True,Chanakyapuri,True,0.3266673149706384
7575,Momo Point,True,Chanakyapuri,True,0.3922333940044489
850,New Zaika,True,Chanakyapuri,True,0.23861366188075106
311856,Organic Express,True,Chanakyapuri,True,0.16231255560760205
851,Tamil Nadu House Canteen,True,Chanakyapuri,True,0.15278883515832542
18228885,The Chocolate Avenue,True,Chanakyapuri,True,0.5726748052572236
824,Chimney Sizzlers,True,Chanakyapuri,True,0.09405930565893517
301102,Gujarat Bhawan Restaurant,True,Chanakyapuri,True,0.3457217873097713
18238246,Itäó»s Sinful,True,Chanakyapuri,True,0.5460733115851957
6003,Jakoi,True,Chanakyapuri,True,0.3952327737686617
18469659,Arunachal Bhawan,True,Chanakyapuri,False,0.5962165023079937
18288994,Hotel New Tamil Nadu,True,Chanakyapuri,False,0.34791568692744057
845,Milan Food,True,Chanakyapuri,False,0.3128825110581238
18466422,Playboy Club,True,Chanakyapuri,False,0.18967427397913972
815,Moti Mahal Delux,True,Chanakyapuri,True,0.15593421477979974
305296,The Treat,True,Chanakyapuri,True,0.24024840136195846
6079,Break Fast Point,True,Chander Nagar,True,0.35393693213498556
6117,Breakfast Corner,True,Chander Nagar,True,0.37949748166295283
18082202,Domino's Pizza,True,Chander Nagar,True,0.13609042521170267
308574,Frontier,True,Chander Nagar,True,0.3125210187726305
6123,Prince Cafe,True,Chander Nagar,True,0.2074708605008614
312157,Spicy Eleven,True,Chander Nagar,True,0.11909012338609393
302490,Vaishno Punjabi Dhaba,True,Chander Nagar,True,0.3184702731076219
304697,Adarsh Bhojnalaya,True,Chandni Chowk,True,0.6142285277486796
307713,Al Haj Bakery,True,Chandni Chowk,True,0.5747727299235532
18384137,Anmol Chicken,True,Chandni Chowk,True,0.6574852794612001
5459,Babu Ram Paranthe Wale,True,Chandni Chowk,True,0.5598561852275366
311703,Bhaijaan Kababs,True,Chandni Chowk,True,0.5588593701822779
308006,Bhikharam's,True,Chandni Chowk,True,0.5003257381394896
4053,Bikanervala,True,Chandni Chowk,True,0.05181515527770131
5468,Brijwasi Bhoj,True,Chandni Chowk,True,0.5684312240567573
5453,Brijwasi Restaurant,True,Chandni Chowk,True,0.22512240607101586
681,Comesum,True,Chandni Chowk,True,0.22604687908279875
308008,Inderpuri Restaurant,True,Chandni Chowk,True,0.6014473453866712
18272386,Kamdhenu Family Corner,True,Chandni Chowk,True,0.4668920614876496
306380,Khalsa Hindu Hotel,True,Chandni Chowk,True,0.6267493124136306
312936,Mahalaxmi Mishthan Bhandar,True,Chandni Chowk,True,0.5190215088404821
6698,McDonald's,True,Chandni Chowk,True,0.2851254514614422
9961,McDonald's,True,Chandni Chowk,True,0.27257343701182
312925,Natraj Cafe,True,Chandni Chowk,True,0.3576811947515691
18342132,Padam Chaat Corner,True,Chandni Chowk,True,0.6267333792576626
18323461,Pandit Ved Prakash Lemon Wale,True,Chandni Chowk,True,0.4893567435198183
5466,Pt. Babu Ram Devi Dayal Paranthe Wale,True,Chandni Chowk,True,0.5608545406494985
18232088,Rabri Bhandar,True,Chandni Chowk,True,0.6076845972818075
304743,Ram Parshad Makhan Lal,True,Chandni Chowk,True,0.6597815205175226
18128897,Rambhoj,True,Chandni Chowk,True,0.45938996799520226
18211151,Rehmatullah's Hotel,True,Chandni Chowk,True,0.5844495049364355
5460,Sharma Bhojnalay,True,Chandni Chowk,True,0.5332473610862725
311492,Shree Balaji Chaat Bhandar,True,Chandni Chowk,True,0.5853138767110507
303643,Shri Duli Chand Naresh Gupta,True,Chandni Chowk,True,0.6121494534860354
9156,Shri Hari Sharnam,True,Chandni Chowk,True,0.4944836732934441
9160,Sindhi Chicken,True,Chandni Chowk,True,0.5645982414958778
18235302,Soni Bhojnalaya,True,Chandni Chowk,True,0.5758937890878382
9157,Super Restaurant,True,Chandni Chowk,True,0.5640635653836278
9159,Tiwari Ji Confectioner,True,Chandni Chowk,True,0.569334047248655
6706,Wah Ji Wah,True,Chandni Chowk,True,0.4017833787994167
18082089,Zaika Mughlai Foods,True,Chandni Chowk,True,0.3603942409713752
312693,Al Yousuf,True,Chandni Chowk,True,0.6164616013608728
308209,Amritsari Lassi Wala,True,Chandni Chowk,True,0.5905794943946758
306017,Annapurna Bhandar,True,Chandni Chowk,True,0.609633178399775
304737,Bishan Swaroop Chaat Bhandar,True,Chandni Chowk,True,0.554149986163677
308318,Gole Hatti,True,Chandni Chowk,True,0.5746523335460185
552,Haldiram's,True,Chandni Chowk,True,0.03623709906596051
6704,Kanwarji's,True,Chandni Chowk,True,0.21186667604124854
309722,Kedarnath Prem Chand Halwai,True,Chandni Chowk,True,0.5057508289574915
18286206,Keventers,True,Chandni Chowk,True,0.4658531141305683
308894,Khan Omelette Corner,True,Chandni Chowk,True,0.6200492331323819
7545,Natraj Dahi Bhalle Wala,True,Chandni Chowk,True,0.569129586930331
9165,Old Famous Jalebi Wala,True,Chandni Chowk,True,0.5190354930799508
5458,Pt. Gaya Prasad Shiv Charan Paranthe Wale,True,Chandni Chowk,True,0.5670616767450203
5467,Pt.Kanhaiyalal & Durga Prasad Dixit Paranthe Wale,True,Chandni Chowk,True,0.5877526434571316
9161,Shiv Misthan Bhandar,True,Chandni Chowk,True,0.4981892341292339
302869,Special Jalebi Wala,True,Chandni Chowk,True,0.5667614142895181
1889,Tewari Bros Confectioners,True,Chandni Chowk,True,0.28444890463595973
18466395,Annapurna Chaat & Sweets,True,Chandni Chowk,False,0.5701771115388207
18469682,Delhi-6 The Chicken Planet,True,Chandni Chowk,False,0.8218454662190746
18466396,Dessi Food,True,Chandni Chowk,False,0.5754051344887525
18466402,Foody Dragon,True,Chandni Chowk,False,0.580513382597962
302859,Grover Eating Point,True,Chandni Chowk,False,0.5696772400214545
308533,Hotel 121 Shakahari,True,Chandni Chowk,False,0.593331825661936
18462596,Lala Chaap Corner,True,Chandni Chowk,False,0.5470404397543862
18333489,Meghraj & Sons,True,Chandni Chowk,False,0.4945515345853102
18408052,Old Kheer Shop,True,Chandni Chowk,False,0.506604893332165
302871,Punjabi Chicken,True,Chandni Chowk,False,0.48905007655955635
18425711,Ratan Singh,True,Chandni Chowk,False,0.6024246534693352
310678,Shri Bhujia Bhandar,True,Chandni Chowk,False,0.8363285286584066
300178,Chaina Ram Sindhi Confectioners,True,Chandni Chowk,True,0.5217962975055086
1155,Giani's di Hatti,True,Chandni Chowk,True,0.29837245940315427
9166,Jung Bahadur Kachori Wala,True,Chandni Chowk,True,0.20334452757948607
18264992,Lakhori - Haveli Dharampura,True,Chandni Chowk,True,0.1538747752018601
18282012,Milk n More,True,Chawri Bazar,True,0.2745792917670813
303642,Kuremal Mohan Lal Kulfi Wale,True,Chawri Bazar,True,0.3809128539311437
18281967,Hira Chaat Corner,True,Chawri Bazar,True,0.39193927194590494
18082228,Kuremal Mahavir Prasad Kulfi Wale,True,Chawri Bazar,True,0.4128160847310405
301287,Shakahari Restaurant,True,Chawri Bazar,True,0.3683638073744939
308192,Shri Gujrat Namkeen Bhandar,True,Chawri Bazar,True,0.29634403747929217
306015,Standard Sweets,True,Chawri Bazar,True,0.22732948032721778
311002,Sudarshan,True,Chawri Bazar,True,0.2925987234224149
313511,Ustad Moinuddin Kebab,True,Chawri Bazar,True,0.37828141255599634
311022,Ashok Chaat Corner,True,Chawri Bazar,True,0.37407632677605485
303644,Jain Coffee House,True,Chawri Bazar,True,0.26455893240989226
307218,Shyam Sweets,True,Chawri Bazar,True,0.23001803770194074
304018,Spicy Food Court,True,Chhatarpur,True,0.10266142778246434
18239781,Aristocrat Sweet Shop,True,Chittaranjan Park,True,0.44678171448990023
18364354,Balluchi's - The Royal Cuisine,True,Chittaranjan Park,True,0.1835167845440978
18175256,Bunty Dhaba,True,Chittaranjan Park,True,0.30345453014091894
7623,Gopal's Restaurant & Caterer's,True,Chittaranjan Park,True,0.41662919033793633
17953899,Horn Please,True,Chittaranjan Park,True,0.029565020548414922
309756,Khatey Raho,True,Chittaranjan Park,True,0.2633247915164584
2595,Kolkata Biryani House,True,Chittaranjan Park,True,0.04237603606861673
7620,Kolkata Hot Kathi Roll,True,Chittaranjan Park,True,0.503104622192392
309161,Madly Bangalee,True,Chittaranjan Park,True,0.2678168495028018
18249081,Oh! China,True,Chittaranjan Park,True,0.06095838744136639
3632,Punjabi Zaika,True,Chittaranjan Park,True,0.049496600760619125
7602,Rabi Snacks Corner,True,Chittaranjan Park,True,0.49646077385715515
1712,Republic of Chicken,True,Chittaranjan Park,True,0.43933696611893824
300984,Roll n Roast,True,Chittaranjan Park,True,0.37751150170314063
18429374,Roller's High,True,Chittaranjan Park,True,0.7863553135295823
18354627,Royal Chick 'N',True,Chittaranjan Park,True,0.0755399348238156
301522,Royal Kolkata Biryani,True,Chittaranjan Park,True,0.17997784352546464
4973,Sameer's Restaurant,True,Chittaranjan Park,True,0.06733332863504782
3504,Sanjha Chulha,True,Chittaranjan Park,True,0.23068470310485734
18459885,Shepherd's,True,Chittaranjan Park,True,0.8772521584070591
301405,Soya King,True,Chittaranjan Park,True,0.19759612531843207
18457499,Tasty Tonight,True,Chittaranjan Park,True,0.5411023997173594
18445801,The Mustard,True,Chittaranjan Park,True,0.08039046950269102
18355107,Tibb's Frankie,True,Chittaranjan Park,True,0.46817790648015123
18175328,Wazwaan Restaurant,True,Chittaranjan Park,True,0.1546979344450552
7613,Yummi Kolkataa,True,Chittaranjan Park,True,0.5539268502672025
7599,Annapurna Sweet House,True,Chittaranjan Park,True,0.5088286758593121
302936,Ashirbad,True,Chittaranjan Park,True,0.6219440499367667
4608,Chocolatiers - The Chocolate Boutique,True,Chittaranjan Park,True,0.19447793697108673
7636,Dadu Cutlet Shop,True,Chittaranjan Park,True,0.6229053300619064
18373691,Dogs & Wiches,True,Chittaranjan Park,True,0.061125903904250656
7634,Maa Tara,True,Chittaranjan Park,True,0.06328485193547317
306028,My Spice Kitchen,True,Chittaranjan Park,True,0.03161915295798412
311637,The Singing Tree,True,Chittaranjan Park,True,0.5309061259471057
18396171,Baba Chicken Ludhiana Wale,True,Chittaranjan Park,False,0.41445322248147254
18282004,Bengal Snacks,True,Chittaranjan Park,False,0.4875715585364454
17989134,Brownies & More,True,Chittaranjan Park,False,0.4140965925630675
18371396,Cafe Coffee Day,True,Chittaranjan Park,False,0.44740674593180374
18396942,Craving Cure,True,Chittaranjan Park,False,0.6316577267159662
18311930,Cuisine,True,Chittaranjan Park,False,0.0846979424756511
18481320,Food Nation,True,Chittaranjan Park,False,0.8448188872832072
7635,Kamala Fast Food & Chinese,True,Chittaranjan Park,False,0.41262299272421143
7601,Lokenath Sweets,True,Chittaranjan Park,False,0.5062809140473612
18471314,Me and My Cake,True,Chittaranjan Park,False,0.7655221450615017
309080,Chulha Punjabi Da,True,Chittaranjan Park,True,0.04304491989491277
1358,Viva Hyderabad,True,Chittaranjan Park,True,0.061353560410976615
5890,Metro Grill,True,"City Centre Mall, Rohini",True,0.19388995178842539
306513,Cafe Cruise,True,"City Square Mall, Rajouri Garden",True,0.008257728595502112
3089,Etal The Lounge Bar,True,"City Square Mall, Rajouri Garden",True,0.02989238103568259
7061,"Game of Legends - Sports Bar, Grill, & Lounge",True,"City Square Mall, Rajouri Garden",True,0.034387808515473184
18466981,Al-raaya,True,Civil Lines,True,0.1291122344141059
311093,Authentique Bites,True,Civil Lines,True,0.5798797463057853
1055,Embassy,True,Civil Lines,True,0.028986457128387655
18144470,Narang's Bake 'n' Cake,True,Civil Lines,True,0.33686947669405254
4089,New Darvesh,True,Civil Lines,True,0.5446215645786762
311030,1UP,True,Civil Lines,True,0.12062652876411784
9927,Gujarati Samaj Santushti,True,Civil Lines,True,0.5356322355123402
18261146,Hind Bakery & Chinese Fast Food,True,Civil Lines,False,0.5336774525678933
18424867,Hot Pot,True,Civil Lines,False,0.44648818143262936
18361206,Punjabi Flavour,True,Civil Lines,False,0.6728537608129699
18424863,Saras Fast Food Feast,True,Civil Lines,False,0.46526932289045164
18361208,Shama Chicken Corner,True,Civil Lines,False,0.3886120422232845
18398580,The Night Owl,True,Civil Lines,False,0.5750908185839709
18424871,Wimpy Sweets And Confectioners,True,Civil Lines,False,0.5380251202036292
18245298,Boa Village,True,Civil Lines,True,0.0808079251138798
2578,Anand Ji Restaurant,True,"Community Centre, New Friends Colony",True,0.22552749382001702
709,Baskin Robbins,True,"Community Centre, New Friends Colony",True,0.10881793420994113
1530,Bhoj Restaurant,True,"Community Centre, New Friends Colony",True,0.15105191943995766
1401,Brijwasi Restaurant,True,"Community Centre, New Friends Colony",True,0.31951609300381
602,Cafe Coffee Day - The Lounge,True,"Community Centre, New Friends Colony",True,0.26957138542880177
18175255,Cafe Coffee Day,True,"Community Centre, New Friends Colony",True,0.36918036618361105
2245,Chaat Tadka,True,"Community Centre, New Friends Colony",True,0.3109606389830496
2585,Chawla's Unique Chicken Corner,True,"Community Centre, New Friends Colony",True,0.04250956859917299
908,Dawat Khana,True,"Community Centre, New Friends Colony",True,0.013674763853856353
924,Eat n Joy,True,"Community Centre, New Friends Colony",True,0.2683535360875057
7715,Khan Chicken Biryani,True,"Community Centre, New Friends Colony",True,0.21399301086272005
9476,Kolkata Roll,True,"Community Centre, New Friends Colony",True,0.40402208514471216
7686,R. Ahmad Food,True,"Community Centre, New Friends Colony",True,0.48089454612009797
305621,Sab Ke Khatir,True,"Community Centre, New Friends Colony",True,0.27767629025964513
1324,Bon Bon Pastry Shop,True,"Community Centre, New Friends Colony",True,0.23235567116391986
927,Moksha,True,"Community Centre, New Friends Colony",True,0.017531108810315055
929,Pebble Street,True,"Community Centre, New Friends Colony",True,0.004135115971575787
18256780,Kebab Gallery,True,"Community Centre, New Friends Colony",False,0.2963918749171742
53,Amber,True,Connaught Place,True,0.008109127379879899
307271,Attitude Kitchen & Bar,True,Connaught Place,True,0.04547736969843219
596,Cafe Coffee Day,True,Connaught Place,True,0.053860889027029346
1127,Castle 9,True,Connaught Place,True,0.023703938013533876
4237,Costa Coffee,True,Connaught Place,True,0.23911774348625214
6357,Delhi Darbar Dhaba,True,Connaught Place,True,0.06663580018442727
18124357,Garam Dharam,True,Connaught Place,True,0.018747276473471852
2913,Gola Sizzlers,True,Connaught Place,True,0.005804599191101323
3506,Indian Coffee House,True,Connaught Place,True,0.2621395545058236
6957,My Bar Lounge & Restaurant,True,Connaught Place,True,0.04583399213519501
304154,My Bar Square,True,Connaught Place,True,0.04017603683233806
320,Sagar Ratna,True,Connaught Place,True,0.013524888846143335
310097,The Immigrant Cafe,True,Connaught Place,True,0.03764956575526013
18418277,MOB Brewpub,True,Connaught Place,True,0.03694338094790406
310143,Naturals Ice Cream,True,Connaught Place,True,0.05739088114342039
18357940,Zabardast Indian Kitchen,True,Connaught Place,True,0.0187055344999697
300595,Anand Restaurant,True,Connaught Place,True,0.17135155863311025
55,Berco's,True,Connaught Place,True,0.00767922089571782
3168,Blues,True,Connaught Place,True,0.017956009289549324
310448,Burger King,True,Connaught Place,True,0.018024157806747376
18237356,Burger Singh,True,Connaught Place,True,0.012387970797023695
303034,Cafe Coffee Day The Square,True,Connaught Place,True,0.1532592442081413
18070476,Cafe Dalal Street,True,Connaught Place,True,0.017422604029893707
18208892,Cafe Hawkers,True,Connaught Place,True,0.042912552860891906
18157403,Cafe Public Connection,True,Connaught Place,True,0.04287114469027131
18306523,Cafí© MRP,True,Connaught Place,True,0.07659945075249586
309664,Caffe Tonino,True,Connaught Place,True,0.008243786658846397
302878,Cha Bar,True,Connaught Place,True,0.19251361111178467
18237315,Chaayos,True,Connaught Place,True,0.03233479295425845
305453,Chew - Pan Asian Cafe,True,Connaught Place,True,0.0037091566803676423
308804,China Garden,True,Connaught Place,True,0.06805894647885524
311373,Desi Vibes,True,Connaught Place,True,0.009096077986635476
143,Domino's Pizza,True,Connaught Place,True,0.09249961660151651
308772,Dunkin' Donuts,True,Connaught Place,True,0.010867163256053525
7855,Dunkin' Donuts,True,Connaught Place,True,0.06816885891276536
66,Embassy,True,Connaught Place,True,0.0031958073410026655
18235515,FLYP@MTV,True,Connaught Place,True,0.02682278405014682
18247029,GoGourmet,True,Connaught Place,True,0.016600131283285302
2298,Haldiram's,True,Connaught Place,True,0.03489806902537862
310490,Indian Grill Company,True,Connaught Place,True,0.012757049381259544
1896,Jain Chawal Wale,True,Connaught Place,True,0.08154895720559052
18157384,Jungle Jamboree,True,Connaught Place,True,0.009978857496305893
2903,Kake Da Hotel,True,Connaught Place,True,0.1639883355582068
301653,Kebab Xpress,True,Connaught Place,True,0.022004545411955068
2195,KFC,True,Connaught Place,True,0.019585781113158562
7367,Khan Chacha,True,Connaught Place,True,0.02076783885723721
309586,Kinbuck 2,True,Connaught Place,True,0.015341172655452762
18398577,La Americana,True,Connaught Place,True,0.0366334417091192
18435302,Lady Baga,True,Connaught Place,True,0.011511078174491485
9747,Life Caffe,True,Connaught Place,True,0.0191292399331221
312603,Lord of the Drinks,True,Connaught Place,True,0.017456058023316845
177,McDonald's,True,Connaught Place,True,0.10666647450325428
9959,McDonald's,True,Connaught Place,True,0.10883744322981082
17953940,Moets Arabica,True,Connaught Place,True,0.22314708048527365
18441674,Mother India,True,Connaught Place,True,0.024283224261908543
307485,Mughlai Junction,True,Connaught Place,True,0.031016389413573098
311057,My Bar Headquarters,True,Connaught Place,True,0.05622946318808186
309955,Nando's,True,Connaught Place,True,0.010277480390978644
870,Nizam's Kathi Kabab,True,Connaught Place,True,0.11248727296815686
18265711,Oh My God,True,Connaught Place,True,0.028305887180990363
312601,Open House Cafe,True,Connaught Place,True,0.045123749844309446
3393,Parikrama - The Revolving Restaurant,True,Connaught Place,True,0.026610345929086843
2504,Pind Balluchi,True,Connaught Place,True,0.013084297589743277
249,Pizza Hut,True,Connaught Place,True,0.007430719861741708
18423119,Playboy Cafe,True,Connaught Place,True,0.0424926537115764
18255131,Privee',True,Connaught Place,True,0.03815782293783154
306497,Punjabi By Nature,True,Connaught Place,True,0.008732239208868786
308244,Quote - The Eclectic Bar and Lounge,True,Connaught Place,True,0.033521552794599785
1286,Rajdhani Thali Restaurant,True,Connaught Place,True,0.02728520714534033
4815,Route 04,True,Connaught Place,True,0.0036316002088391253
310463,Sbarro,True,Connaught Place,True,0.01862413132377827
5738,Shake Square,True,Connaught Place,True,0.16528432101588153
302310,South Indian Snacks,True,Connaught Place,True,0.33896956672678724
5608,SSKY Bar & Lounge,True,Connaught Place,True,0.018664669229325526
307535,Starbucks,True,Connaught Place,True,0.14214709413854343
302156,Subway,True,Connaught Place,True,0.007364850600356854
18238278,Tamasha,True,Connaught Place,True,0.022444368211069765
905,Taste of China,True,Connaught Place,True,0.018049429638664294
18281985,Teddy Boy,True,Connaught Place,True,0.030250466351450345
307060,The Beer Cafe - BIGGIE,True,Connaught Place,True,0.034823148098045764
18425735,The Flying Saucer Cafe,True,Connaught Place,True,0.020361511674311994
313256,The Junkyard Cafe,True,Connaught Place,True,0.03086029629575271
18337893,The Luggage Room Kitchen And Bar,True,Connaught Place,True,0.0413762503843953
307190,The Rolling Joint,True,Connaught Place,True,0.07992762578026469
309790,The Vault Cafe,True,Connaught Place,True,0.03124840150356656
1800,Veda,True,Connaught Place,True,0.01225203431945332
301605,Warehouse Cafe,True,Connaught Place,True,0.02176239836696725
3394,Zaffran,True,Connaught Place,True,0.06721562214766419
930,Zen,True,Connaught Place,True,0.005359393114764854
309073,Zizo,True,Connaught Place,True,0.003384734789998678
18414481,Kettle & Kegs,True,Connaught Place,False,0.08447888869173936
18469940,Ovenstory Pizza,True,Connaught Place,False,0.028304642132639724
18380361,Shree Hari Vaishnav Dhaba,True,Connaught Place,False,0.3669113757465816
18241537,38 Barracks,True,Connaught Place,True,0.024437321512086996
309478,Ambrosia Bliss,True,Connaught Place,True,0.025797199273570937
7713,Ardor 2.1,True,Connaught Place,True,0.002809744960441285
301489,Barbeque Nation,True,Connaught Place,True,0.06721562214766419
18219558,Bikkgane Biryani,True,Connaught Place,True,0.01652584186495365
18216915,Biryani Blues,True,Connaught Place,True,0.010693607206240019
306913,Caffe 9,True,Connaught Place,True,0.0012044980364647184
307036,Excuse Me Boss,True,Connaught Place,True,0.02123509427224446
67,Fa Yian,True,Connaught Place,True,0.08201990734982467
18233593,Farzi Cafe,True,Connaught Place,True,0.03921823673263736
310123,Fuji Japanese Restaurant,True,Connaught Place,True,0.006329703931883701
18198427,Healthy Routes,True,Connaught Place,True,0.011279961440520903
18279449,HotMess,True,Connaught Place,True,0.005517132523250257
18237357,House of Commons,True,Connaught Place,True,0.020688711434213913
18254558,Johnny Rockets,True,Connaught Place,True,0.036898130831089504
18246991,Odeon Social,True,Connaught Place,True,0.022415606230981266
309859,Pebble Street,True,Connaught Place,True,0.0023655957433410535
18294220,Piali - The Curry Bistro,True,Connaught Place,True,0.008925202766153828
900,Saravana Bhavan,True,Connaught Place,True,0.031214482709668534
18294269,Smoke On Water,True,Connaught Place,True,0.012434783030105367
301011,Starbucks,True,Connaught Place,True,0.1583861291787365
18423151,The Darzi Bar & Kitchen,True,Connaught Place,True,0.06360165020683461
18454488,The G.T. Road,True,Connaught Place,True,0.03910821296747302
308579,The Town House Cafe,True,Connaught Place,True,0.013571075399858024
910,United Coffee House,True,Connaught Place,True,0.014789992943161523
18216901,Unplugged Courtyard,True,Connaught Place,True,0.09209741325530274
301114,Wenger's Deli,True,Connaught Place,True,0.15284578304102758
4249,Wenger's,True,Connaught Place,True,0.16086196182302803
18222559,{Niche} - Cafe & Bar,True,Connaught Place,True,0.026937773346743854
303204,Chicken Minar,True,"Crescent Square Mall, Rohini",True,0.05445561720208747
8881,G Lounge,True,"Crescent Square Mall, Rohini",True,0.10633967031540281
310435,Gyms Kook,True,"Crescent Square Mall, Rohini",True,0.02269628767035614
309051,Burger Joint,True,"Crescent Square Mall, Rohini",True,0.06838152889214144
1258,Eleven to Eleven,True,"Cross River Mall, Karkardooma",True,0.04256445865381209
2308,Le Chef,True,"Cross River Mall, Karkardooma",True,0.009969961620737822
195,McDonald's,True,"Cross River Mall, Karkardooma",True,0.03119166588366218
307940,The Buffet Wagon,True,"Cross River Mall, Karkardooma",True,0.03926518039927551
2299,Haldiram's,True,"Cross River Mall, Karkardooma",True,0.01996157321715819
5997,Connexions Bar - Crowne Plaza,True,"Crowne Plaza Hotel, Rohini",True,0.08546123098669611
6030,Deli - Crowne Plaza,True,"Crowne Plaza Hotel, Rohini",True,0.08255203087379392
307362,Lobby Lounge - Crowne Plaza,True,"Crowne Plaza, Mayur Vihar Phase 1",True,0.053234494645971964
307361,Infinity - Crowne Plaza,True,"Crowne Plaza, Mayur Vihar Phase 1",True,0.0356257723829414
3105,Fiery Grills,True,"D Mall, Netaji Subhash Place",True,0.05680223283480457
9960,McDonald's,True,"D Mall, Netaji Subhash Place",True,0.02972614213297753
18014114,Cafe Desire,True,"D Mall, Netaji Subhash Place",True,0.008148842102108644
3894,Haldiram's,True,"D Mall, Netaji Subhash Place",True,0.01976374040351836
306479,Kake Di Hatti,True,"D Mall, Netaji Subhash Place",True,0.33294851605386255
3183,Akash Deep,True,Daryaganj,True,0.4385073556936985
5451,Al Saad Foods,True,Daryaganj,True,0.7420177140674061
5464,Cafe Coffee Day,True,Daryaganj,True,0.7716258443482006
3182,Chandrika,True,Daryaganj,True,0.8264709168361631
18057826,Dawat-E-Chaman,True,Daryaganj,True,0.7164615481168901
18275791,Kallu Nihari,True,Daryaganj,True,0.7780845857733727
18261700,King Bikaneri,True,Daryaganj,True,0.52666431617525
18228864,Manchanda Bakery,True,Daryaganj,True,0.7765084145521959
310792,McDonald's,True,Daryaganj,True,0.17165863663659264
18222587,Mehta Restaurant,True,Daryaganj,True,0.7586203493568471
309530,Shree Jee Rasoi,True,Daryaganj,True,0.303522195508923
5462,Taj Snacks,True,Daryaganj,True,0.8229539322971338
3181,Zaika,True,Daryaganj,True,0.4689851758463335
9912,Bagli's Kitchen,True,Daryaganj,True,0.6534282443403872
3180,Bhaja Govindam,True,Daryaganj,True,0.5338775695925708
4092,Changezi Chicken,True,Daryaganj,True,0.18247971789698914
18261683,Dilli Gate,True,Daryaganj,True,0.5180434994648544
4715,Jahangeer Foods,True,Daryaganj,True,0.51374142256033
481,Moti Mahal,True,Daryaganj,True,0.39849884451900386
302232,Nandlal Ka Dhaba,True,Daryaganj,True,0.653416847578731
1044,Sugandh,True,Daryaganj,True,0.8129344644038173
3185,Suvidha Vegetarian,True,Daryaganj,True,0.8287335021885317
18292467,Anupam Jalpan,True,Daryaganj,False,0.8336565374153656
18390082,Aunty's Kitchen,True,Daryaganj,False,0.8010670419450375
18466971,Cafe Coffee Day,True,Daryaganj,False,0.9340555165461877
18449652,Delhi 6 Foods,True,Daryaganj,False,0.9573659740640882
18288623,Fry Centre,True,Daryaganj,False,0.7690064985150523
18345506,Hilal Hotel Nihari,True,Daryaganj,False,0.9604050802867143
18397709,Iqbal's Mughal Cuisine,True,Daryaganj,False,0.5601536910696132
18294896,Kake Di Hatti Punjabi Khana,True,Daryaganj,False,0.8262938996910795
6678,Kaushal Dhaba,True,Daryaganj,False,0.8183548035952131
18351471,Khan Foods,True,Daryaganj,False,0.7808968290010869
18206818,Kumar Sweet House,True,Daryaganj,False,0.7666454080296804
5463,Negi Restaurant,True,Daryaganj,False,0.8129344644038173
18345380,Old Delhi Food Factory,True,Daryaganj,False,0.692207318253761
5450,Parantha Point,True,Daryaganj,False,0.8231245430394682
18292465,R.P.W Pizza,True,Daryaganj,False,0.8114604266348248
18292472,Rajdhani Restaurant,True,Daryaganj,False,0.699332476015869
18449638,Roll's World,True,Daryaganj,False,0.7977508469533521
18449640,Shree Krishna Dhaba,True,Daryaganj,False,0.7446685858694964
18492527,Taj Chicken Point,True,Daryaganj,False,0.9340859086526268
303637,Domino's Pizza,True,Daryaganj,True,0.500771713895839
304181,Delhi 6 - Royal Cuisine Of The Walled City,True,Daryaganj,True,0.7126419661601457
308183,Food Hub,True,"DDA Market, Kalu Sarai, Hauz Khas",True,0.9702347562443324
313059,RR China Tawun,True,"DDA Market, Kalu Sarai, Hauz Khas",False,0.39033461030741623
763,Aka Saka,True,Defence Colony,True,0.10073761879114773
7557,Anil Mishtan Wala,True,Defence Colony,True,0.34339893144689604
525,Barista,True,Defence Colony,True,0.05703834287539389
7561,Cafe 1 Fast Food,True,Defence Colony,True,0.3273328638603059
18387105,Cake Central - Premier Cake Design Studio,True,Defence Colony,True,0.7695803389488421
18451576,Chawla's Tandoori Junction,True,Defence Colony,True,0.1062846731407725
580,Chawnsan Chef,True,Defence Colony,True,0.021590245978220013
308703,Choco Kraft,True,Defence Colony,True,0.05138150408077924
60,Colonel's Kababz,True,Defence Colony,True,0.13732704152583386
305123,Confectionately Seerat's,True,Defence Colony,True,0.20158274312501379
18265689,Country Curries,True,Defence Colony,True,0.029900244852908986
199,Domino's Pizza,True,Defence Colony,True,0.19511200444682208
756,Duggal's Rasoi,True,Defence Colony,True,0.17964422499520494
309801,Firefly India,True,Defence Colony,True,0.19062298780141895
18433907,Fluffles - The Fluffy Waffle Co.,True,Defence Colony,True,0.08480107288207073
311511,Giani's,True,Defence Colony,True,0.06559605423990733
308279,Giani,True,Defence Colony,True,0.07264853596122578
7621,Green Chick Chop,True,Defence Colony,True,0.19145881822955968
306779,Gulshan Fish & Chicken Fry,True,Defence Colony,True,0.43377121583259415
312980,Kitchen22,True,Defence Colony,True,0.34996768372766895
18222580,La Chocoallure,True,Defence Colony,True,0.36770869109982884
2878,Little Dragon,True,Defence Colony,True,0.3770774975930332
8902,Maddi Sweet Centre,True,Defence Colony,True,0.3443217959433643
18374707,Man Vs Food The Kitchen,True,Defence Colony,True,0.03967307307298573
678,MB's,True,Defence Colony,True,0.061628446255131974
3568,Moet's Sizzlers,True,Defence Colony,True,0.20344334063797076
18354969,Oberoi's,True,Defence Colony,True,0.2419543515157262
313242,Punjabee's Darbar,True,Defence Colony,True,0.040856720056741014
309838,Qureshi's Kabab Corner,True,Defence Colony,True,0.1605696536631558
437,Saleem's Restaurant,True,Defence Colony,True,0.032282533484078946
18303851,Suri Saab Restaurant,True,Defence Colony,True,0.03041948016203111
307500,The Sweet Boutique,True,Defence Colony,True,0.45274389724537767
736,Tibb's Frankie,True,Defence Colony,True,0.3715410574199284
18294230,Veg Ex,True,Defence Colony,True,0.04349636522548095
7851,Zaaika Junction,True,Defence Colony,True,0.021562132094495645
2437,28 Capri Italy,True,Defence Colony,True,0.025817254309501325
573,4S Chinese Restaurant,True,Defence Colony,True,0.26058671455030136
9706,Amici Cafe,True,Defence Colony,True,0.012383821762803282
1507,Angels in my Kitchen,True,Defence Colony,True,0.04922080538040763
302655,Arabian Delites,True,Defence Colony,True,0.026276442128392308
705,Baskin Robbins,True,Defence Colony,True,0.3523510173144264
1395,Cafe Brown Sugar,True,Defence Colony,True,0.010864088241153147
18418273,Chakhnaa Wala,True,Defence Colony,True,0.07815665001454375
2067,Cocoberry,True,Defence Colony,True,0.10091248642389838
3492,Concept,True,Defence Colony,True,0.15337115476918606
576,Deez Biryani & Kebabs,True,Defence Colony,True,0.01731211669967303
311211,Def Col Social,True,Defence Colony,True,0.007253901480368308
311661,Dí_ner Grill,True,Defence Colony,True,0.044541554060960165
566,Hong Kong Express,True,Defence Colony,True,0.03124741167850753
556,Kent's Fast Food,True,Defence Colony,True,0.04549042461124053
18322644,Koyla Kebab,True,Defence Colony,True,0.03542266109438741
17953931,Meraki Cafe & Bar,True,Defence Colony,True,0.007991413809371184
18396187,Milk Patisserie,True,Defence Colony,True,0.07356648406575772
730,Moets Curry Leaf,True,Defence Colony,True,0.013739883541909248
18247032,Moets Oh! Bao,True,Defence Colony,True,0.01166910705409041
570,Moets Shack,True,Defence Colony,True,0.009360146621197996
760,Moets Stone,True,Defence Colony,True,0.01842594153678534
134,Moti Mahal Delux,True,Defence Colony,True,0.01126702100918242
3039,Nizam's Kathi Kabab,True,Defence Colony,True,0.039098579743861994
310816,NYC.PIE,True,Defence Colony,True,0.029059130160185576
304735,Raro,True,Defence Colony,True,0.19736588129710964
306,Sagar Ratna,True,Defence Colony,True,0.04309115778771133
312586,Subway,True,Defence Colony,True,0.014308964847099204
451,Swagath,True,Defence Colony,True,0.020859132344280495
18254518,The Jugaad Cafe Bar,True,Defence Colony,True,0.06852885655001162
18419886,Chicken Biryani Centre,True,Defence Colony,False,0.4214280093089474
8987,Ekta Restaurant,True,Defence Colony,False,0.43052918945323804
18472678,Garam Masala,True,Defence Colony,False,0.3766333234771292
9879,Gulati Food Corner,True,Defence Colony,False,0.4540255272234718
18472675,Kolkatta Kathi Roll,True,Defence Colony,False,0.33486004577664374
18355127,Muradabadi Shahi Biryani & Chicken Corner,True,Defence Colony,False,0.3546359111215923
18357956,Rara Dragon,True,Defence Colony,False,0.2897916815741237
9569,Mehfil,True,Defence Colony,True,0.21628165691605705
305269,Bonne Bouche,True,Defence Colony,True,0.021530819394773082
18415346,Cafe Yell,True,Defence Colony,True,0.060102407684345605
4268,Defence Bakery,True,Defence Colony,True,0.05317779724785232
18350143,Desi Vibes,True,Defence Colony,True,0.012150327872576305
18161723,Ek Bar,True,Defence Colony,True,0.020815645529641658
18232097,Hwealthcafe,True,Defence Colony,True,0.018196875030750626
309882,Kathputli,True,Defence Colony,True,0.03999083492642974
303215,Kulfiano,True,Defence Colony,True,0.10727618999848532
18400744,Number 31,True,Defence Colony,True,0.010634269168325217
312567,RoadRomeo,True,Defence Colony,True,0.007326917747565553
305,Sagar Ratna,True,Defence Colony,True,0.02323325790913089
18363787,The Culinary Pitaara,True,Defence Colony,True,0.032796987889031404
305646,Whipped,True,Defence Colony,True,0.04362839021829579
18419649,Milko's,True,Delhi Cantt.,False,0.9809816137400941
18313109,Mom's Bake,True,Delhi Cantt.,False,0.9773160565710517
18478723,RV Restaurant,True,Delhi Cantt.,False,0.9699200818075749
18348614,Turning Point Fast Food,True,Delhi Cantt.,False,0.9373847653424667
6953,A Vaishno Bhojnalaya,True,Delhi University-GTB Nagar,True,0.49551025744393873
7691,Aim Delhi Cafe,True,Delhi University-GTB Nagar,True,0.5604551199065507
3252,Apni Rasoi,True,Delhi University-GTB Nagar,True,0.07621265379821585
18400732,Blue Bull Cafe,True,Delhi University-GTB Nagar,True,0.18478973336967364
18337757,Cafe Bethak,True,Delhi University-GTB Nagar,True,0.16734598874798112
9014,Cafe Coffee Day,True,Delhi University-GTB Nagar,True,0.4002194075095341
9453,Cafe Coffee Day,True,Delhi University-GTB Nagar,True,0.4757876814423211
18273614,Chakhlo Food Court,True,Delhi University-GTB Nagar,True,0.1922146296706695
6625,Domino's Pizza,True,Delhi University-GTB Nagar,True,0.21053226025871807
300869,Frontier,True,Delhi University-GTB Nagar,True,0.3391617290238056
18256980,Good Foods,True,Delhi University-GTB Nagar,True,0.34744852153232075
2279,Grain Bell Restaurant,True,Delhi University-GTB Nagar,True,0.13211358318059574
307894,Green Chick Chop,True,Delhi University-GTB Nagar,True,0.05598906571650242
6949,Grover's - The Baker Shop,True,Delhi University-GTB Nagar,True,0.46284441923952924
311962,Hookups Cafe & Lounge,True,Delhi University-GTB Nagar,True,0.1606618548401455
9433,Jai Hind Dairy,True,Delhi University-GTB Nagar,True,0.5417713016733983
4065,Kaveri,True,Delhi University-GTB Nagar,True,0.5388967513979606
5767,Khushboo Vaishno Dhaba,True,Delhi University-GTB Nagar,True,0.5934009865841311
7681,Korea Restaurant,True,Delhi University-GTB Nagar,True,0.24879205628576762
18395106,Kukkad Nukkad,True,Delhi University-GTB Nagar,True,0.09014563247119411
5436,Metro Fast Food,True,Delhi University-GTB Nagar,True,0.0808883196371657
18370586,Mughlai Flavours,True,Delhi University-GTB Nagar,True,0.18449953002612685
306847,Pitstop,True,Delhi University-GTB Nagar,True,0.033543039893345505
4857,Pizza Hut,True,Delhi University-GTB Nagar,True,0.02083736909388645
4088,Prince Snacks & Momo's Point,True,Delhi University-GTB Nagar,True,0.5214971882919368
9969,Qash Retro Bar,True,Delhi University-GTB Nagar,True,0.05929386688418181
307106,Red Chillies,True,Delhi University-GTB Nagar,True,0.5233441102503527
5909,Samrat Bakers,True,Delhi University-GTB Nagar,True,0.4442524792266792
2287,Samrat Restaurant,True,Delhi University-GTB Nagar,True,0.17340834347992884
2288,Shammi Bhai Lassi Wala,True,Delhi University-GTB Nagar,True,0.4618688142703501
312391,Shooters Lounge and Bar,True,Delhi University-GTB Nagar,True,0.1637707336046067
302370,Singh Ching,True,Delhi University-GTB Nagar,True,0.04541926354180148
9779,Southy,True,Delhi University-GTB Nagar,True,0.12009267027217174
307387,Take n Taste Shawarma Zone,True,Delhi University-GTB Nagar,True,0.5682399949297644
18350499,The Night Owl,True,Delhi University-GTB Nagar,True,0.12000180436549845
2290,Tilak's The Diners,True,Delhi University-GTB Nagar,True,0.04156162336000879
18161577,Spezia Bistro,True,Delhi University-GTB Nagar,True,0.01647267913735384
6647,Cent Percent The Pastry Shop,True,Delhi University-GTB Nagar,True,0.12515188605792527
313267,For God's Cake,True,Delhi University-GTB Nagar,True,0.150485977022509
5455,Laxmi Ice Cream,True,Delhi University-GTB Nagar,True,0.38773635144082963
3401,Mirch Masala MM Cafe,True,Delhi University-GTB Nagar,True,0.042136454596524264
18456762,Moh Maya Cafe,True,Delhi University-GTB Nagar,True,0.04652545972051292
4825,QD's Restaurant,True,Delhi University-GTB Nagar,True,0.020406319156951014
311674,SuperHero Cafe,True,Delhi University-GTB Nagar,True,0.04844475847199137
6646,Suresh Fast Food,True,Delhi University-GTB Nagar,True,0.4104401128726145
304307,Wood Box Cafe,True,Delhi University-GTB Nagar,True,0.014636032156572942
18421487,Best Biryani,True,Delhi University-GTB Nagar,False,0.5483565632530584
18277324,Derawal Soda Fountain,True,Delhi University-GTB Nagar,False,0.508735658805771
18455950,Eat & Gulp,True,Delhi University-GTB Nagar,False,0.4449741331706728
18463988,L.N Live Kitchen,True,Delhi University-GTB Nagar,False,0.43914882701802094
18463995,Papa Buns,True,Delhi University-GTB Nagar,False,0.397725721674244
18426904,Preet Fast Foods,True,Delhi University-GTB Nagar,False,0.5484002959729228
18124356,Sikkim Chinese Food,True,Delhi University-GTB Nagar,False,0.5209678102038889
18420653,Tawa King,True,Delhi University-GTB Nagar,False,0.49551025744393873
18432553,The Pork Shop,True,Delhi University-GTB Nagar,False,0.185234273530539
18388132,TiffinToons,True,Delhi University-GTB Nagar,False,0.45012729697908604
6608,Vaishno Rasoi,True,Delhi University-GTB Nagar,False,0.5865220937212716
300883,Sagar Ratna,True,Delhi University-GTB Nagar,True,0.03784844859542824
3036,Slice of Italy,True,Delhi University-GTB Nagar,True,0.02589517387672602
18342940,Bakar The Cafe,True,Delhi University-GTB Nagar,True,0.4797729025281975
6144,Indus Flavour,True,Delhi University-GTB Nagar,True,0.029440023806029947
18365861,Raw Creams,True,Delhi University-GTB Nagar,True,0.07529052199232922
304262,Ricos,True,Delhi University-GTB Nagar,True,0.06455382605559068
312345,The Hudson Cafe,True,Delhi University-GTB Nagar,True,0.026797287741741282
306407,YOLO 21,True,Delhi University-GTB Nagar,True,0.1371589955194129
7777,Assam Food Stall,True,"Dilli Haat, INA",True,0.362494779498303
3167,Darbar E Awadh,True,"Dilli Haat, INA",True,0.21085369218849426
302555,Hotel Tamil Nadu,True,"Dilli Haat, INA",True,0.4453426766904023
309841,Incrivel Goa,True,"Dilli Haat, INA",True,0.06570939442221424
3158,Lakshadweep,True,"Dilli Haat, INA",True,0.2559417961921554
7814,Odisha,True,"Dilli Haat, INA",True,0.3994166925216175
7770,Rajasthan Food Stall No. 1,True,"Dilli Haat, INA",True,0.33663400985722514
7789,Shillong View,True,"Dilli Haat, INA",True,0.4511641053957164
302537,Wazwan,True,"Dilli Haat, INA",True,0.2821739381627606
7790,Zayaka,True,"Dilli Haat, INA",True,0.2589240861537234
18025092,Bihar ki Rasoi,True,"Dilli Haat, INA",True,0.3223764044742644
7768,Bijoli Grill,True,"Dilli Haat, INA",True,0.12735402116567252
302264,Maharashtra Food Stall,True,"Dilli Haat, INA",True,0.3994166925216175
300975,Manipur Food Stall,True,"Dilli Haat, INA",True,0.3427918025983777
7772,Momo Mia,True,"Dilli Haat, INA",True,0.4629187702024422
7834,Mother Dairy Ice Cream,True,"Dilli Haat, INA",True,0.24790282532682384
302542,Nagaland,True,"Dilli Haat, INA",True,0.18519871725828962
7774,Navdanya Organic Food Cafe,True,"Dilli Haat, INA",True,0.4403317634123811
7769,Tashi Delek Food Stall,True,"Dilli Haat, INA",True,0.3487082974396344
7788,Punjabi Rasoi,True,"Dilli Haat, INA",True,0.23609539157234338
309037,Aggarwal Bikaner Sweets,True,Dilshad Garden,True,0.7527686745105107
18454058,Angels Kitchen,True,Dilshad Garden,True,0.5231409387290726
312579,Bedi's Kabab Corner,True,Dilshad Garden,True,0.6874923204396771
18398753,Bravo Diet Food and Nutrition,True,Dilshad Garden,True,0.8265284188762141
301313,Chacha Chicken,True,Dilshad Garden,True,0.7650748733063032
301305,Chao Cart,True,Dilshad Garden,True,0.715085594604467
18124346,Chimney,True,Dilshad Garden,True,0.817954403543477
310664,Chutneez Ishtyle Bar and Dining,True,Dilshad Garden,True,0.06529662207661102
6266,Deep Chicken Point,True,Dilshad Garden,True,0.7436309606460837
5060,Domino's Pizza,True,Dilshad Garden,True,0.5781493925194563
312566,Govind Dhaba,True,Dilshad Garden,True,0.8388115956820112
18368621,Huddle Cafe,True,Dilshad Garden,True,0.7706325733907409
310319,Kovilakam,True,Dilshad Garden,True,0.7812831124255026
302497,Mathur's Kitchen,True,Dilshad Garden,True,0.49021082034422714
302528,McDonald's,True,Dilshad Garden,True,0.21248756151499115
305209,New South Indian Hut,True,Dilshad Garden,True,0.8351579413818273
313046,Night Bite,True,Dilshad Garden,True,0.5537825945856245
313473,Pizza Station,True,Dilshad Garden,True,0.6579543423375218
9817,Pummy Restaurant,True,Dilshad Garden,True,0.6568887285174813
18255138,Republic of Chicken,True,Dilshad Garden,True,0.7356227863470985
309727,Salt N' Pepper,True,Dilshad Garden,True,0.24335966398048692
18204499,Shahi Zaikaa,True,Dilshad Garden,True,0.6720255913664057
311187,Shubham,True,Dilshad Garden,True,0.5752009275587746
301498,South Indian Corner,True,Dilshad Garden,True,0.7903919960683561
18378033,Sultan Food,True,Dilshad Garden,True,0.46573352325310036
309043,Uncle Bakery,True,Dilshad Garden,True,0.7477263957439375
308509,Urban Chopstick,True,Dilshad Garden,True,0.4355574751141672
6242,Urban Kabab,True,Dilshad Garden,True,0.22376679696714297
303994,Urban Punjab,True,Dilshad Garden,True,0.5791326657205044
9002,Haldiram's,True,Dilshad Garden,True,0.14230786391117045
307364,Pizza Hut Delivery,True,Dilshad Garden,True,0.1280745284078425
18265385,Aggarwal Sweet Corner,True,Dilshad Garden,False,0.7383406614201562
18424632,Amritsari Naan Hut,True,Dilshad Garden,False,0.7859410560751576
301316,Annapurna Bhojnalaya,True,Dilshad Garden,False,0.7850850015579037
18378032,Asia,True,Dilshad Garden,False,0.7444447384167527
18128881,Bablu Chinese Food,True,Dilshad Garden,False,0.8428253630586768
18378035,Bikaner Rasoi,True,Dilshad Garden,False,0.8012541263039551
18435806,Crazzy Bite,True,Dilshad Garden,False,0.8112880029187476
18471239,Da Pizza Farm,True,Dilshad Garden,False,0.947209850790617
18435819,Dada Ka,True,Dilshad Garden,False,0.7940901268590574
18376475,Friends N Foods,True,Dilshad Garden,False,0.8383729012299557
18378043,Hot N Fresh Pizza,True,Dilshad Garden,False,0.8296361938670065
18424636,Kake Di Chap,True,Dilshad Garden,False,0.7918050585404595
18424625,Kathi Junction,True,Dilshad Garden,False,0.7572773444034384
18377889,KSG,True,Dilshad Garden,False,0.8511696975170987
18435822,Mahavrer Chap Express,True,Dilshad Garden,False,0.8323767436261457
18429577,Mamma Drools,True,Dilshad Garden,False,0.7893404342883676
18424642,Pawan Foods,True,Dilshad Garden,False,0.6314788235603466
18378039,Pizza Hub,True,Dilshad Garden,False,0.7482658872886767
18378037,Prem Rasoi,True,Dilshad Garden,False,0.8669166811077635
311037,Sanjha Chulah Babe Da,True,Dilshad Garden,False,0.8285759636921962
18435816,Shakun Cook-Du-Ku,True,Dilshad Garden,False,0.7805190858143627
18128868,The Taste of Punjab,True,Dilshad Garden,False,0.8078800100236015
18350160,Vaishno Bhojanalaya,True,Dilshad Garden,False,0.80726030391517
18378030,Wrap N Roll,True,Dilshad Garden,False,0.8424579363189596
18209806,Zaika-E-Chaap Express,True,Dilshad Garden,False,0.8467573831061075
18153563,Slice of Italy,True,Dilshad Garden,True,0.12095668372560775
357,Bemisaal,True,"District Centre, Janakpuri",True,0.03582804436012188
8453,Grillz,True,"District Centre, Janakpuri",True,0.05294063711335262
306856,Tandoor Ka Zaika,True,"District Centre, Janakpuri",True,0.2454565286410546
18332009,The Barley House,True,"District Centre, Janakpuri",True,0.004900756866463518
6875,Muffins,True,"District Centre, Janakpuri",True,0.27144466346475915
2530,Dilli Darbar,True,"District Centre, Janakpuri",True,0.053192341868496085
5260,Cafe Coffee Day,True,"DLF City Centre Mall, Shalimar Bagh",True,0.6037312073720446
3224,Domino's Pizza,True,"DLF City Centre Mall, Shalimar Bagh",True,0.40945285497703987
5293,Kings Kulfi,True,"DLF City Centre Mall, Shalimar Bagh",True,0.33756806329504374
307578,McDonald's,True,"DLF City Centre Mall, Shalimar Bagh",True,0.4369690717873683
18445798,Tibb's Frankie,True,"DLF City Centre Mall, Shalimar Bagh",False,0.3392412280426462
4919,Cafe E,True,"DLF Emporio Mall, Vasant Kunj",True,0.11052002317420329
4921,Cha-Shi,True,"DLF Emporio Mall, Vasant Kunj",True,0.0398378850490162
307321,Habibi,True,"DLF Place Mall, Saket",True,0.006840475447380756
2616,Tikka Town,True,"DLF Place Mall, Saket",True,0.19200330925602038
302212,4700BC Popcorn,True,"DLF Place Mall, Saket",True,0.07914864746650385
3814,Al Zaitoon,True,"DLF Place Mall, Saket",True,0.018703622481444193
8201,Dunkin' Donuts,True,"DLF Place Mall, Saket",True,0.08260401236990023
306571,Foodhall,True,"DLF Place Mall, Saket",True,0.07458844816736299
2300,Haldiram's,True,"DLF Place Mall, Saket",True,0.07644087683538303
3719,TGI Friday's,True,"DLF Place Mall, Saket",True,0.005186176842690515
9720,The Beer Cafe,True,"DLF Place Mall, Saket",True,0.04732933929303773
3192,Big Chill,True,"DLF Place Mall, Saket",True,0.037631821167705026
305781,Cinnabon,True,"DLF Place Mall, Saket",True,0.04725493205348019
18337927,RollsKing,True,"DLF Place Mall, Saket",True,0.2908852031663852
2615,Tikka Town,True,"DLF Promenade Mall, Vasant Kunj",True,0.2516789957502169
2893,Cafe Brown Sugar,True,"DLF Promenade Mall, Vasant Kunj",True,0.053418569463076104
18237314,Chaayos,True,"DLF Promenade Mall, Vasant Kunj",True,0.24176334112764175
2436,Cinnabon,True,"DLF Promenade Mall, Vasant Kunj",True,0.057363464759695115
306572,Foodhall,True,"DLF Promenade Mall, Vasant Kunj",True,0.07497332167335391
2301,Haldiram's,True,"DLF Promenade Mall, Vasant Kunj",True,0.02363681128947115
312542,Keventers,True,"DLF Promenade Mall, Vasant Kunj",True,0.3658287224058133
310887,Krispy Kreme,True,"DLF Promenade Mall, Vasant Kunj",True,0.057363464759695115
7256,L'Opera,True,"DLF Promenade Mall, Vasant Kunj",True,0.04540724185466649
8593,Mad Over Donuts,True,"DLF Promenade Mall, Vasant Kunj",True,0.08602766487980318
311353,Starbucks,True,"DLF Promenade Mall, Vasant Kunj",True,0.22790305082666173
311423,The Beer Cafe,True,"DLF Promenade Mall, Vasant Kunj",True,0.06621872048234256
7247,Ooh Lala !,True,"DLF Promenade Mall, Vasant Kunj",True,0.12533581896151114
8396,Domino's Pizza,True,"DLF South Square, Sarojini Nagar",True,0.14961558727537305
308544,Flaming Wok,True,"DLF South Square, Sarojini Nagar",True,0.044632356721409305
301237,Frontier,True,"DLF South Square, Sarojini Nagar",True,0.351580830458486
300408,Haldiram's,True,"DLF South Square, Sarojini Nagar",True,0.09773552039288236
9657,McDonald's,True,"DLF South Square, Sarojini Nagar",True,0.08477596021598222
18370535,Meatwale.com,True,"DLF South Square, Sarojini Nagar",False,0.2526472217528305
307167,Subway,True,"DLF South Square, Sarojini Nagar",True,0.03122412304865385
303264,Twenty Four Seven,True,Dr. Zakir Hussain Marg,True,0.5272738666229241
311712,Wah Ji Wah,True,Durga Puri,True,0.873642538484066
9886,Aggarwal Sweets,True,East of Kailash,True,0.858475564510666
9891,Al-Malik,True,East of Kailash,True,0.5435302610395771
9887,Bikaner Sweets,True,East of Kailash,True,0.5964938218676594
7893,Cafe Coffee Day,True,East of Kailash,True,0.8143528420402846
18266888,Delhi Rasoi,True,East of Kailash,True,0.5902063696177253
7884,Food Land,True,East of Kailash,True,0.425085695861128
18377458,Froshier Fruits,True,East of Kailash,True,0.9605316103325744
7897,Govinda's Confectionery,True,East of Kailash,True,0.8565616036735332
18391937,Halka Fulka,True,East of Kailash,True,0.5483976753428136
7888,Hasty Tasty,True,East of Kailash,True,0.8702453504714085
18037834,Ikreate,True,East of Kailash,True,0.8790700202383751
312605,Khan's Dilli-6 Biryani,True,East of Kailash,True,0.7370391568539347
7876,Kolkata Hot Kathi Roll,True,East of Kailash,True,0.7959383100820163
18358157,Kowloon Express,True,East of Kailash,True,0.20762911676995877
18272344,LaDiDa,True,East of Kailash,True,0.7077128182113748
18458308,Litti.In,True,East of Kailash,True,0.40412758887014855
4302,Mughals Rasoi,True,East of Kailash,True,0.16485009058029332
7886,Naagar Foods,True,East of Kailash,True,0.8680776350500174
7873,Novelty Chicken Corner,True,East of Kailash,True,0.35430951749604456
303625,Raju Vaishnav Dhaba,True,East of Kailash,True,0.7904813864278204
310794,Republic of Chicken,True,East of Kailash,True,0.711191959293765
920,Shiv Shakti Vaishno Bhojnalaya,True,East of Kailash,True,0.7588848500780941
18381237,Spice Tree,True,East of Kailash,True,0.2649364246086615
18371426,Vadapav Junction,True,East of Kailash,True,0.43778282568979054
312173,Zaaika Junction,True,East of Kailash,True,0.16781957428888528
18361752,17 Degree Food Service,True,East of Kailash,False,0.9632348168875636
9883,Aggarwal Eating Point,True,East of Kailash,False,0.7722950733956148
18355117,Al- Laziz,True,East of Kailash,False,0.7505272039191287
18355119,Al- Sheikh,True,East of Kailash,False,0.6428288406912773
18414496,Anupama Sweets & Restaurant,True,East of Kailash,False,0.7675061266346195
18380379,Aurangzeb,True,East of Kailash,False,0.9238731163606424
18409218,Da Pizza Corner,True,East of Kailash,False,0.2355164464137831
18432652,Delhi Food Adda,True,East of Kailash,False,0.946796675666282
18388133,Delhi Lazeez,True,East of Kailash,False,0.3098574088205742
18423121,Delhi Pizza Corner,True,East of Kailash,False,0.9436218375587546
305402,Dessert Carte,True,East of Kailash,False,0.909206806269257
18415664,Firangi Mithai,True,East of Kailash,False,0.9769519868747829
18356776,Ghar Ka Khana,True,East of Kailash,False,0.7919686030904609
18427222,Heera Chicken Corner,True,East of Kailash,False,0.9682999519161009
9884,Jagram Dhaba,True,East of Kailash,False,0.8417254339254742
18425767,Janaab,True,East of Kailash,False,0.9398401931757387
3479,K.K. Fast Food Service,True,East of Kailash,False,0.4648788745526311
18414469,Kasur Khyon,True,East of Kailash,False,0.6821538855664329
313419,Kitchen King,True,East of Kailash,False,0.6480361136754794
18358162,Laziz Chinese Fast Food,True,East of Kailash,False,0.8737201423127466
18355111,Munch Brunch Cafe,True,East of Kailash,False,0.7780697905928233
18355115,Piyu Fast Food,True,East of Kailash,False,0.8428413873706886
18273617,Punjabi Tandoor,True,East of Kailash,False,0.4445976475935678
18357958,Roll Corner,True,East of Kailash,False,0.8678623261934614
18331598,Sher-e-Punjab,True,East of Kailash,False,0.9452700915690376
18419884,Test Restaruants for Medio,True,East of Kailash,False,0.6749329288914452
18362795,Uncle Sam,True,East of Kailash,False,0.9680484378323018
9876,Vijay Store,True,East of Kailash,False,0.8054802549815858
18312598,Viya Cupcakery,True,East of Kailash,False,0.666118342764519
18454461,Zaika Muradabadi,True,East of Kailash,False,0.5671846733135884
8959,Asian Haus,True,East of Kailash,True,0.026670922164483968
304176,Bake Club,True,East Patel Nagar,True,0.4569782475113737
8822,Barichi,True,East Patel Nagar,True,0.14030073105021412
511,Barista,True,East Patel Nagar,True,0.3762867647348752
309166,Baskin Robbins,True,East Patel Nagar,True,0.12960234440505014
18268708,Bite & More,True,East Patel Nagar,True,0.11689405243333728
18265722,Blue Water Grille Express,True,East Patel Nagar,True,0.0463910800316063
18453878,Brainfreezzers,True,East Patel Nagar,True,0.6922729506992763
309013,Caboose X Cafe & Lounge,True,East Patel Nagar,True,0.3206195100923248
305077,Cafe Buddy's,True,East Patel Nagar,True,0.5458902031458426
5262,Cafe Coffee Day,True,East Patel Nagar,True,0.4473971461819636
7375,Chinese Food,True,East Patel Nagar,True,0.5452031990373913
18337880,Chinese King,True,East Patel Nagar,True,0.05923025350345701
306978,Cocoberry,True,East Patel Nagar,True,0.1567705766086963
18312478,Eggless Dukes,True,East Patel Nagar,True,0.4838163235974431
3979,Empire The Meat Shop,True,East Patel Nagar,True,0.45379571555448006
18336207,FOG Cafe and Lounge,True,East Patel Nagar,True,0.45841879522306606
7377,Forty 3 East,True,East Patel Nagar,True,0.1342675203263356
307506,Green Chick Chop,True,East Patel Nagar,True,0.3098113645802618
3125,Gyan's,True,East Patel Nagar,True,0.11263755793666796
305674,Indi-QUE,True,East Patel Nagar,True,0.09676828881941646
18391167,Keventers,True,East Patel Nagar,True,0.4634041231507735
8727,Pick Fresh Fish,True,East Patel Nagar,True,0.4507559164659074
3980,Sat Guru Dhaba,True,East Patel Nagar,True,0.5536776303349139
312183,Sharazz,True,East Patel Nagar,True,0.23336087029226826
311945,Spice Box,True,East Patel Nagar,True,0.20165048323486368
3126,The Baithak's,True,East Patel Nagar,True,0.028925539450923687
18475269,The Taste of India,True,East Patel Nagar,True,0.2401202517854193
303124,Twenty Four Seven,True,East Patel Nagar,True,0.36755397273950563
18034042,Wrapss,True,East Patel Nagar,True,0.129191756381683
201,Domino's Pizza,True,East Patel Nagar,True,0.2375568965442454
303575,Dunkin' Donuts,True,East Patel Nagar,True,0.03419449643789718
410,Naivedyam,True,East Patel Nagar,True,0.06375512164770825
308107,Punjabi Chaap Corner,True,East Patel Nagar,True,0.1601669429510486
4885,Rice Bowl,True,East Patel Nagar,True,0.03160051712652023
18273627,The Diet Kitchen,True,East Patel Nagar,True,0.062061310971679884
311539,The Yellow Chef,True,East Patel Nagar,True,0.49983973828055595
2635,Tsui Wong,True,East Patel Nagar,True,0.04830537956793668
18237962,VC's Food Paradise,True,East Patel Nagar,True,0.2305936437786099
18261486,WeDesi Flavours,True,East Patel Nagar,True,0.09374357442166936
18423116,Hardwari,True,East Patel Nagar,False,0.6533487710486687
18423112,Johny's Vada Pav,True,East Patel Nagar,False,0.5516383073069266
18258777,My Kind Of Cafe,True,East Patel Nagar,False,0.29936125439895145
18491227,Panchratna Thali,True,East Patel Nagar,False,0.5982237695929242
304531,Punjabi Rasoi,True,East Patel Nagar,False,0.40803205803495834
18420433,Shisha,True,East Patel Nagar,False,0.5265979464824797
17977786,Snacks and More,True,East Patel Nagar,False,0.5593760491797204
18412868,Swag Cafe,True,East Patel Nagar,False,0.23360966108286296
311216,The Pink Whisk,True,East Patel Nagar,False,0.5534164160035263
311327,Stabbers,True,East Patel Nagar,True,0.12605710872457188
7372,Duke's Pastry Shop,True,East Patel Nagar,True,0.5211625866438081
306016,Cafe Coffee Day,True,"Epicuria Food Mall, Nehru Place",True,0.28512934285513203
304906,Chicago Pizza,True,"Epicuria Food Mall, Nehru Place",True,0.04422957484828871
18447890,Drool Waffles,True,"Epicuria Food Mall, Nehru Place",True,0.1714250510289952
18375391,Gelato Vinto,True,"Epicuria Food Mall, Nehru Place",True,0.0767233742642709
18355123,Joost Juice Bar,True,"Epicuria Food Mall, Nehru Place",True,0.3439310471966813
304915,Karim's,True,"Epicuria Food Mall, Nehru Place",True,0.033920202899393015
304913,Moti Mahal Delux,True,"Epicuria Food Mall, Nehru Place",True,0.017547790339779712
304923,Sagar Ratna,True,"Epicuria Food Mall, Nehru Place",True,0.19301217092341139
309738,Yo! China,True,"Epicuria Food Mall, Nehru Place",True,0.027811538418407444
18261188,Chaayos,True,"Epicuria Food Mall, Nehru Place",True,0.05284705592348493
18336192,Dimcha,True,"Epicuria Food Mall, Nehru Place",True,0.0680148324844072
18277187,Keventers,True,"Epicuria Food Mall, Nehru Place",True,0.33732592833505237
18381663,Khan Chacha,True,"Epicuria Food Mall, Nehru Place",True,0.02529496326543168
304917,Sona Pure Veg Paradise,True,"Epicuria Food Mall, Nehru Place",True,0.17873676513127534
306031,Subway,True,"Epicuria Food Mall, Nehru Place",True,0.07019079489067526
18180083,The Crunch Box,True,"Epicuria Food Mall, Nehru Place",True,0.10647242755191799
18336213,Nando's,True,"Epicuria Food Mall, Nehru Place",False,0.011674122692010402
304239,FIO Cookhouse and Bar,True,"Epicuria Food Mall, Nehru Place",True,0.03516357615630039
18294261,Lord of the Drinks Forum,True,"Epicuria Food Mall, Nehru Place",True,0.014837885719262922
305240,The Chatter House,True,"Epicuria Food Mall, Nehru Place",True,0.005771301858089828
304299,The Flying Saucer Cafe,True,"Epicuria Food Mall, Nehru Place",True,0.02089095206580016
305547,Tea Lounge - Eros Hotel,True,"Eros Hotel, Nehru Place",True,0.10317667755079774
305545,Blooms - Eros Hotel,True,"Eros Hotel, Nehru Place",True,0.019777699204361676
305549,Lounge & Bar - Eros Hotel,True,"Eros Hotel, Nehru Place",True,0.054535529345393186
305546,Sweet & Crusty - Eros Hotel,True,"Eros Hotel, Nehru Place",True,0.1591436031799015
305548,Empress of China - Eros Hotel,True,"Eros Hotel, Nehru Place",True,0.0631579210519545
9640,Essex Collections Patisserie,True,Essex Farms,True,0.22929224636874534
6200,Essex Village Garden,True,Essex Farms,True,0.06326198667823979
18128883,Yes Minister - Pub & Kitchen,True,Essex Farms,True,0.05514340895115877
305810,Gupta's Food Point,True,Feroze Shah Road,False,0.42631070323199827
4631,Andhra Bhavan,True,Feroze Shah Road,True,0.9769634104447246
302682,Barista,True,Friends Colony,True,0.21148813425737667
2004,Indian Accent - The Manor,True,Friends Colony,True,0.13316779180121285
18359294,Dilli Grillz,True,"Fun City Mall, Prashant Vihar",False,0.7718477250601703
18359292,Foodies,True,"Fun City Mall, Prashant Vihar",False,0.9736273662713982
18441790,Giani's,True,"Fun City Mall, Prashant Vihar",False,0.9632434444053319
4283,FIO Country Kitchen and Bar,True,"Garden of Five Senses, Saket",True,0.06550391547621714
18335816,Amul Ice-Cream Parlour,True,Geeta Colony,True,0.8134751068762522
17977792,Bunty Dhaba,True,Geeta Colony,True,0.7196965706441859
301214,Chawla's,True,Geeta Colony,True,0.5643121061437194
312227,China Town,True,Geeta Colony,True,0.9638095330919948
303860,Chinese Inn,True,Geeta Colony,True,0.7923773446243528
18244236,Grub Street,True,Geeta Colony,True,0.8641235987140736
305577,Guru Kripa,True,Geeta Colony,True,0.9123994636161816
18014118,Himcream,True,Geeta Colony,True,0.787209939371028
5996,Kashish Restaurant & Caterers,True,Geeta Colony,True,0.6270053201962176
313487,Punjabi's Veg Grill,True,Geeta Colony,True,0.8660666514069236
313004,Rahul Meat Corner,True,Geeta Colony,True,0.890803632609278
312942,Ramesh Vaishno Dhaba,True,Geeta Colony,True,0.7237394076872138
309168,The Chinese Hut,True,Geeta Colony,True,0.8464204991653704
308994,Nagpal Di Hatti,True,Geeta Colony,True,0.9557307198098952
312943,Ramesh Vaishno Dhaba,True,Geeta Colony,True,0.72272235888286
18455553,Baweja's Haandi,True,Geeta Colony,False,0.9512123512353177
18377929,Chaman Dhaba,True,Geeta Colony,False,0.8659448548406095
18472628,Insane Foods,True,Geeta Colony,False,0.9776831697010431
18435335,Jo Jo Chinese Fast Food,True,Geeta Colony,False,0.8732065889452031
18435787,Kailash Vaishno Dhaba,True,Geeta Colony,False,0.8954751106735868
18435331,Khurana Eating Point,True,Geeta Colony,False,0.902657514403654
18364846,Lots of Food,True,Geeta Colony,False,0.9607585898663343
18438446,Madras Cafe,True,Geeta Colony,False,0.8037103658327324
18446496,Parantha on Call,True,Geeta Colony,False,0.9706247040600173
18454568,Pompas Chicken,True,Geeta Colony,False,0.8842433696879708
18421462,Prem Ji Delhi Wale,True,Geeta Colony,False,0.9008365216336265
18435303,Punjabi Tandoori Tikka,True,Geeta Colony,False,0.8824553097532664
18435314,Punjabi's Veg Grill,True,Geeta Colony,False,0.8417052069801021
18435315,Shree Banke Foods,True,Geeta Colony,False,0.8202300945933633
18418234,Singh's,True,Geeta Colony,False,0.8288110660291025
18421470,Soya Twist,True,Geeta Colony,False,0.7996850531261072
18472613,Spice Studio,True,Geeta Colony,False,0.9332077559874196
18435307,Tandoori Tadka,True,Geeta Colony,False,0.9445942872027646
18378015,Tasty Tandoor,True,Geeta Colony,False,0.8229292656672738
18460925,The Square Meal,True,"Ginger Hotel, Vivek Vihar",False,0.18716937041341208
9909,Barbeque Nation,True,"Ginger Hotel, Vivek Vihar",True,0.2524975571592907
18423111,Burger King,True,"Gourmet Hub, Pashim Vihar",True,0.08987192104290687
18469938,BED,True,Greater Kailash (GK) 1,True,0.030466002031539263
651,Cafe Coffee Day - The Lounge,True,Greater Kailash (GK) 1,True,0.18409877353328485
17953916,Hunger Strike,True,Greater Kailash (GK) 1,True,0.07094919099000663
18168168,Karim's,True,Greater Kailash (GK) 1,True,0.014494294360407167
7589,Nescafe,True,Greater Kailash (GK) 1,True,0.3044568387291182
1934,New Bengal Sweets,True,Greater Kailash (GK) 1,True,0.2243244884791501
4385,Red Wok,True,Greater Kailash (GK) 1,True,0.025947696368742057
309477,Room Service,True,Greater Kailash (GK) 1,True,0.08457597539097839
9835,Samavar,True,Greater Kailash (GK) 1,True,0.010447746091903465
147,Subway,True,Greater Kailash (GK) 1,True,0.01150519843438802
18237320,The Cocktail House,True,Greater Kailash (GK) 1,True,0.03602661709835231
9980,The Food Junction,True,Greater Kailash (GK) 1,True,0.05213655317990251
732,The Kathis,True,Greater Kailash (GK) 1,True,0.06727930179265551
311515,The Munchbox,True,Greater Kailash (GK) 1,True,0.024917222256093607
309520,The Sugar Story,True,Greater Kailash (GK) 1,True,0.2956174280659246
18400736,Owl is Well,True,Greater Kailash (GK) 1,True,0.005152390881561164
18255193,A Piece of Paris,True,Greater Kailash (GK) 1,True,0.444879154256523
311584,Baking Bad,True,Greater Kailash (GK) 1,True,0.009400276697392962
702,Baskin Robbins,True,Greater Kailash (GK) 1,True,0.07710526053730704
18313122,Bliss Bakery,True,Greater Kailash (GK) 1,True,0.036885150737613115
309156,Bread & More,True,Greater Kailash (GK) 1,True,0.027682068826661466
18268706,Bun Intended,True,Greater Kailash (GK) 1,True,0.01233246714700198
18415352,Cafe Culture,True,Greater Kailash (GK) 1,True,0.1268955469323928
3620,Cafe Diva,True,Greater Kailash (GK) 1,True,0.0059309100340153575
1902,Cafe Turtle,True,Greater Kailash (GK) 1,True,0.04635163574273127
18434596,Cafí© Healthilicious,True,Greater Kailash (GK) 1,True,0.07175815123326079
311671,Captain Grub,True,Greater Kailash (GK) 1,True,0.014341038682496143
2653,Cocoberry,True,Greater Kailash (GK) 1,True,0.0780144905589063
18377926,Ding Ding,True,Greater Kailash (GK) 1,True,0.0633672494228511
309820,Dí_ner Grill,True,Greater Kailash (GK) 1,True,0.029257852884395197
18034050,Elation,True,Greater Kailash (GK) 1,True,0.006939234722321386
18382372,Fluffles - The Fluffy Waffle Co.,True,Greater Kailash (GK) 1,True,0.07350519655748378
302478,For the Love of Cake,True,Greater Kailash (GK) 1,True,0.311684761420539
18466978,Gatsby Kitchen & Bar by Club BW,True,Greater Kailash (GK) 1,True,0.13379043378016442
9840,Grills & Platters,True,Greater Kailash (GK) 1,True,0.06466240416702929
18279463,Hungry Pistals,True,Greater Kailash (GK) 1,True,0.020118295755191862
18317517,Jon's head Grill,True,Greater Kailash (GK) 1,True,0.0137226857826519
1215,Kebabs & Curries,True,Greater Kailash (GK) 1,True,0.025678277732864463
18241531,Londoners,True,Greater Kailash (GK) 1,True,0.008985113679471857
3589,Mad Over Donuts,True,Greater Kailash (GK) 1,True,0.07350519655748378
1056,New Minar,True,Greater Kailash (GK) 1,True,0.08636598641211801
5797,Prince Chaat Corner,True,Greater Kailash (GK) 1,True,0.3092627101807298
300007,Side Wok,True,Greater Kailash (GK) 1,True,0.0010608591408182155
303288,Starbucks,True,Greater Kailash (GK) 1,True,0.18549423011843102
18371438,Thai House by Kylin,True,Greater Kailash (GK) 1,True,0.021225228585598055
308766,The Chocolate Haven,True,Greater Kailash (GK) 1,True,0.2955114418485836
18203180,The Laidback Cafe,True,Greater Kailash (GK) 1,True,0.04988794154498821
305166,Tibb's Frankie,True,Greater Kailash (GK) 1,True,0.3206022129017254
18291475,Tirupati Vrindavan,True,Greater Kailash (GK) 1,True,0.2576284694987647
311737,Wagh Bakri Tea Lounge,True,Greater Kailash (GK) 1,True,0.28783242590705516
18363391,Depot48,True,Greater Kailash (GK) 1,True,0.010160625410203794
18271497,Dezertfox,True,Greater Kailash (GK) 1,True,0.02600748691133903
18456728,Druk,True,Greater Kailash (GK) 1,True,0.036437083038705076
310776,Gastronomica Kitchen & Bar,True,Greater Kailash (GK) 1,True,0.002852182150806515
18456764,Karate Kitchen,True,Greater Kailash (GK) 1,True,0.021356776157440027
18418209,Nimtho,True,Greater Kailash (GK) 1,True,0.08247990526781845
18382342,Noshi - Yum Asian Delivery,True,Greater Kailash (GK) 1,True,0.014987594900658041
312302,Nutri Punch,True,Greater Kailash (GK) 1,True,0.22325141698084427
18312632,Pho King Awesome,True,Greater Kailash (GK) 1,True,0.036963841789102836
18386761,Roadhouse Cafe,True,Greater Kailash (GK) 1,True,0.013360661951545283
307065,Sakley's The Mountain Cafe,True,Greater Kailash (GK) 1,True,0.05081268564152697
9834,Shikhara,True,Greater Kailash (GK) 1,True,0.027273783722549405
18025105,Sinyora's,True,Greater Kailash (GK) 1,True,0.050254920317900464
18396409,Stop My Starvation,True,Greater Kailash (GK) 1,True,0.045477508256754895
18365895,The Grill Kitchen - Gourmet,True,Greater Kailash (GK) 1,True,0.035393757686329685
308865,The Sugar Cube,True,Greater Kailash (GK) 1,True,0.19028990608956242
18278203,A Lot Like Cake,True,Greater Kailash (GK) 2,True,0.28107415769639577
305652,A W Foods,True,Greater Kailash (GK) 2,True,0.23584991910235253
4299,Angels in my Kitchen,True,Greater Kailash (GK) 2,True,0.03134372494175752
18423108,Brown Sugar,True,Greater Kailash (GK) 2,True,0.01452435276909625
17953926,Cakes and Bakes,True,Greater Kailash (GK) 2,True,0.28080644865524296
310321,CDB Cafe,True,Greater Kailash (GK) 2,True,0.03839302605447337
69,Chungwa,True,Greater Kailash (GK) 2,True,0.008293805043533053
202,Domino's Pizza,True,Greater Kailash (GK) 2,True,0.1347556006030446
309902,Fudged,True,Greater Kailash (GK) 2,True,0.23420725318141944
1916,Gopala,True,Greater Kailash (GK) 2,True,0.23452729025629337
5735,Gourmet Affaire's,True,Greater Kailash (GK) 2,True,0.04629744054154172
2591,Hot N Chilly,True,Greater Kailash (GK) 2,True,0.35045920594227487
306264,Kabooze,True,Greater Kailash (GK) 2,True,0.0068498032147094046
305817,Koyla Kebab,True,Greater Kailash (GK) 2,True,0.024106153798778562
18432940,LaBontí©,True,Greater Kailash (GK) 2,True,0.2530664133148677
311690,MR.D - Deliciousness Delivered,True,Greater Kailash (GK) 2,True,0.02121388948009506
309072,Panda Wokk,True,Greater Kailash (GK) 2,True,0.02685677998270697
18277002,Relax Xpress,True,Greater Kailash (GK) 2,True,0.015539737162762024
18433883,Rollplay,True,Greater Kailash (GK) 2,True,0.10070542891220191
301435,Sagar Ratna,True,Greater Kailash (GK) 2,True,0.0272899509666098
18352256,Spanish Delights,True,Greater Kailash (GK) 2,True,0.2957821999875515
308367,Subway,True,Greater Kailash (GK) 2,True,0.05722821028402414
309741,The Beer Cafe,True,Greater Kailash (GK) 2,True,0.03254054921272109
18241869,Tashan,True,Greater Kailash (GK) 2,True,0.054985259064082914
305125,Amalfi,True,Greater Kailash (GK) 2,True,0.104260280440726
312270,Backkerei,True,Greater Kailash (GK) 2,True,0.27379390545194837
18249082,Beeryani,True,Greater Kailash (GK) 2,True,0.03414828300420647
18279452,Beijing Street,True,Greater Kailash (GK) 2,True,0.01636918877083371
305303,Bikanervala,True,Greater Kailash (GK) 2,True,0.00243531957085219
18354645,Chaayos,True,Greater Kailash (GK) 2,True,0.03846794052051172
1218,China Garden,True,Greater Kailash (GK) 2,True,0.0663839560804731
8429,Chocolateria San Churro,True,Greater Kailash (GK) 2,True,0.007846457641303761
7819,Cocoberry,True,Greater Kailash (GK) 2,True,0.059407547109226466
785,Costa Coffee,True,Greater Kailash (GK) 2,True,0.17111288064882346
312486,Country Curries,True,Greater Kailash (GK) 2,True,0.026462340469500578
1922,Culinaire,True,Greater Kailash (GK) 2,True,0.02224554372859422
7642,Defence Bakery,True,Greater Kailash (GK) 2,True,0.04805817064022222
64,Diva - The Italian Restaurant,True,Greater Kailash (GK) 2,True,0.010485461709330401
18413250,Fig & Maple,True,Greater Kailash (GK) 2,True,0.07450558081790482
312787,Fitoor,True,Greater Kailash (GK) 2,True,0.03233302769687951
3611,Giani's,True,Greater Kailash (GK) 2,True,0.04317245942017833
309815,Happy Hakka,True,Greater Kailash (GK) 2,True,0.016972600038431818
1018,Mainland China,True,Greater Kailash (GK) 2,True,0.012441880235174119
8689,Mini Mughal,True,Greater Kailash (GK) 2,True,0.07982107012627593
18383512,Movenpick,True,Greater Kailash (GK) 2,True,0.022118675704665747
308238,New York Slice - Express,True,Greater Kailash (GK) 2,True,0.031042840794551996
5944,Nirula's Ice Cream,True,Greater Kailash (GK) 2,True,0.0424262797786471
285,Not Just Paranthas,True,Greater Kailash (GK) 2,True,0.01636859622853193
304635,Nutritious Nation,True,Greater Kailash (GK) 2,True,0.010274477700574436
1021,Open Oven,True,Greater Kailash (GK) 2,True,0.029153670765997397
307532,Starbucks,True,Greater Kailash (GK) 2,True,0.1896048621872044
1913,Swagath,True,Greater Kailash (GK) 2,True,0.015160433390921768
311601,The Health Box,True,Greater Kailash (GK) 2,True,0.04426290222973328
18254553,Twisted Tacos,True,Greater Kailash (GK) 2,True,0.03187538693067804
4821,Uber Lounge,True,Greater Kailash (GK) 2,True,0.0030148225318004096
308018,Yeti - The Himalayan Kitchen,True,Greater Kailash (GK) 2,True,0.12556212643398368
310342,Zai,True,Greater Kailash (GK) 2,True,0.009212241471502347
307344,Al Bake,True,Greater Kailash (GK) 2,True,0.14191654853548485
307801,Artusi Ristorante e Bar,True,Greater Kailash (GK) 2,True,0.06259213116556173
18462002,Baris,True,Greater Kailash (GK) 2,True,0.02415061996782597
18208886,Carnatic Cafe,True,Greater Kailash (GK) 2,True,0.21785457725806368
18435305,Chhalava - ö__Lava,True,Greater Kailash (GK) 2,True,0.051940783506413846
18260641,Dilli BC,True,Greater Kailash (GK) 2,True,0.024015834629209087
18349921,Sumo Sushi,True,Greater Kailash (GK) 2,True,0.018583524729252954
18380149,The Heroes Bistro & Bar,True,Greater Kailash (GK) 2,True,0.15977510000647355
2649,Whipped,True,Greater Kailash (GK) 2,True,0.023024804967337498
601,Cafe Coffee Day,True,Greater Kailash (GK) 3,True,0.3119491107996717
18462572,Paparazzi,True,Greater Kailash (GK) 3,True,0.20182407371705668
309105,Chehel Pehel,True,Greater Kailash (GK) 3,True,0.039975797441509475
18089222,Cress Bistro,True,Greater Kailash (GK) 3,True,0.011587048056386329
309688,Frosted Heaven,True,Greater Kailash (GK) 3,True,0.3323197815181492
18334422,Baskin Robbins,True,Green Park,True,0.12960431079530066
18365388,Behrouz Biryani,True,Green Park,True,0.12321278692847115
18312607,Cafe Coffee Day,True,Green Park,True,0.5001970696743281
309322,Cakeatouille,True,Green Park,True,0.8021176472219093
18429154,Chilli Singh,True,Green Park,True,0.04314072789542467
18336220,Da Pizza Corner,True,Green Park,True,0.780491417761418
203,Domino's Pizza,True,Green Park,True,0.20778197568882117
18414479,Faasos,True,Green Park,True,0.08050627708771918
1625,Gupta Ji Ka Dhaba,True,Green Park,True,0.13613005907687803
2899,Karim's,True,Green Park,True,0.05033737020074036
18180081,Let's Tango,True,Green Park,True,0.8473878048543918
473,Madras Cafe,True,Green Park,True,0.450778955865606
18355419,Nachos And Company,True,Green Park,True,0.4951779165385636
18432237,Ovenstory Pizza,True,Green Park,True,0.05136448602566812
259,Pizza Hut,True,Green Park,True,0.020351651000264592
7316,Red Chilli,True,Green Park,True,0.016414533168710665
18222566,The Groghead,True,Green Park,True,0.11775239011810146
443,The Tandoor,True,Green Park,True,0.06265021396942738
308315,Twenty Ten - Ashtan Sarovar Portico,True,Green Park,True,0.10724458104829604
769,Adyar Ananda Bhavan,True,Green Park,True,0.015847336915869148
312011,Baked Love By Vatsala,True,Green Park,True,0.8021176472219093
65,Drums of Heaven,True,Green Park,True,0.024841864275065184
9672,Dunkin' Donuts,True,Green Park,True,0.0478820541594126
472,Evergreen Sweet House,True,Green Park,True,0.1755243587337194
3400,Gung The Palace,True,Green Park,True,0.13481814086522248
18337744,Keventers,True,Green Park,True,0.491792538614221
18268360,La Seine -The Chocolate Emporium,True,Green Park,True,0.08341159753905814
4096,Nagaland's Kitchen,True,Green Park,True,0.08366920833425473
18358700,Pasta La Vista,True,Green Park,True,0.15517511852493493
2217,Tamura,True,Green Park,True,0.2136551161272302
18398571,The Chai Story,True,Green Park,True,0.45416901185876335
1621,The Clay Oven,True,Green Park,True,0.02444107553760211
18425177,Aazad Chicken Corner,True,Green Park,False,0.4775990307368655
18481289,Chaipiyoji,True,Green Park,False,0.4300326105660375
18424593,Chatkara,True,Green Park,False,0.5805254900149495
18383432,HoG - House of Goodies,True,Green Park,False,0.5417863416041514
18412904,Kettle & Kegs,True,Green Park,False,0.19785237473072992
18481294,Krishna Juice & Shakes Corner,True,Green Park,False,0.6092636175860451
18354330,Momolicious,True,Green Park,False,0.5381699863134288
304230,Pastry Palace,True,Green Park,False,0.2962986882813068
18372315,South Gate,True,Green Park,False,0.7651508976888499
18430894,Sweet Bakes,True,Green Park,False,0.7872182721529146
18250897,Sweet Sensations,True,Green Park,False,0.5423407904265468
18261052,The Pirates Of China Town,True,Green Park,False,0.5265651262147089
3468,Hot n Hot,True,Green Park,True,0.43993060911430926
18463949,Feng Shuii,True,Green Park,True,0.20162864748564924
310949,Bikaner Sweets,True,GTB Nagar,True,0.6330218649572195
18356808,Coalition Cafe,True,GTB Nagar,True,0.708984986740153
18361758,Keventers,True,GTB Nagar,True,0.7546482345783746
312755,Mid Night Khana,True,GTB Nagar,True,0.48353789410512815
18241525,Ministry of Cafe,True,GTB Nagar,True,0.07077655155712859
313492,Officer's Kitchen,True,GTB Nagar,True,0.8056075826277672
18472658,Oh Boy Lounge,True,GTB Nagar,True,0.7732693018356208
18418248,Sahni's Fish Corner,True,GTB Nagar,True,0.8617873370633896
18427869,Sardar A Pure Meat Shop,True,GTB Nagar,True,0.5821840002839711
310948,Singh Mutton & Chicken Shop,True,GTB Nagar,True,0.8192237708470061
18463997,The Mashup,True,GTB Nagar,True,0.6841393808569398
18337898,Vaishnu Bhojanalaya,True,GTB Nagar,True,0.8693953316091394
18427234,Central Perk,True,GTB Nagar,True,0.14839239594170472
18382697,Diet Dabba,True,GTB Nagar,True,0.22389148779760182
18400720,Mama's Buoi,True,GTB Nagar,True,0.39838894872109265
3363,New Vikrant Restaurant,True,GTB Nagar,True,0.5382990955384579
310592,The Vintage Avenue,True,GTB Nagar,True,0.11793609043919673
18455511,Apna Punjabi Zayka,True,GTB Nagar,False,0.7719164431096067
18361763,Best Biryani Centre,True,GTB Nagar,False,0.8476142515724537
18124350,Delhi Chaat Bhandar,True,GTB Nagar,False,0.7596710948828751
18408045,Encounter,True,GTB Nagar,False,0.5085478404822188
18455515,Flavour's,True,GTB Nagar,False,0.8439808869316561
18489838,Food Adda,True,GTB Nagar,False,0.9245534565798431
18441835,Friends Fast Food,True,GTB Nagar,False,0.7514201225706794
18361202,Hot & Pot,True,GTB Nagar,False,0.737788581101654
18463978,Lucky Corner Shop,True,GTB Nagar,False,0.8414602491914691
18124389,Mahesh Shudh Vaishno Bhojanalya,True,GTB Nagar,False,0.816475106326341
18492048,Piper's & Grill - The Night Chef,True,GTB Nagar,False,0.4955764997331621
18463985,RAM-G Samose Wale,True,GTB Nagar,False,0.8277939721139701
18124352,Shubham Vaishno Bhojanalya,True,GTB Nagar,False,0.8569103261847095
9442,Shudh Vaishno Bhojanalaya,True,GTB Nagar,False,0.8196549095097505
18361755,Shudh Vaishno Dhaba,True,GTB Nagar,False,0.8698590768213905
18455513,Singh Chicken,True,GTB Nagar,False,0.6210000690508519
18481309,Spezia Deliveries,True,GTB Nagar,False,0.8709948920462902
18499482,TAG,True,GTB Nagar,False,0.8589135161026733
18446394,UFO,True,GTB Nagar,False,0.22844329659351803
18431175,Urban Patty House,True,GTB Nagar,False,0.8183311838379562
18375397,Big Yellow Door,True,GTB Nagar,True,0.43495479430266937
6628,Amritsar Juction,True,Gujranwala Town,True,0.70556297536988
4079,Bawarchi,True,Gujranwala Town,True,0.6374760937718693
9392,Bawarchi,True,Gujranwala Town,True,0.4881404099996991
9386,Bhogalji Bikaner Sweets,True,Gujranwala Town,True,0.788220505012122
312400,Bikanervala,True,Gujranwala Town,True,0.12891599132326703
310982,Changezi Chicken,True,Gujranwala Town,True,0.12682787784875194
9421,Giani's,True,Gujranwala Town,True,0.6053809383648914
1147,Gola Northend,True,Gujranwala Town,True,0.28677788219309996
18057825,Kay's Chik-In,True,Gujranwala Town,True,0.6486594547486166
18444811,Mr. Lobo,True,Gujranwala Town,True,0.7196320955139845
9366,Nut Khut Rasoi,True,Gujranwala Town,True,0.7979029849222967
18361754,Purani Delhi 6,True,Gujranwala Town,True,0.7516139875878245
18245254,Raahgiri,True,Gujranwala Town,True,0.6815685004202262
18219524,Singh Dhaba,True,Gujranwala Town,True,0.6760387014381195
305276,Sugar Boutique,True,Gujranwala Town,True,0.8019640414461761
312355,Zaika Amritsari,True,Gujranwala Town,True,0.7597456779000513
6599,Ashok Meat Wala,True,Gujranwala Town,True,0.5993452164235508
300022,Baker's Stop,True,Gujranwala Town,True,0.5441917261138982
6605,Nut Khat Caterers,True,Gujranwala Town,True,0.6918857554008617
18034044,Penta Cafe,True,Gujranwala Town,True,0.5576210513042112
300946,Penta Cafeteria,True,Gujranwala Town,True,0.6646149862979037
18457090,Railway Yard,True,Gujranwala Town,True,0.8641079219242899
310409,Roti Aur Boti,True,Gujranwala Town,True,0.7192502807048997
307228,Sahni Fish Corner,True,Gujranwala Town,True,0.7683774456095062
18464633,Aap Ki Khatir,True,Gujranwala Town,False,0.7352716396659547
18358668,Aggarwal Sweets,True,Gujranwala Town,False,0.5846919525516294
18361743,Amul Ice-Cream Parlour,True,Gujranwala Town,False,0.7274979909172681
18245285,Chaat King,True,Gujranwala Town,False,0.6878669070086303
18364336,Cherry Berry,True,Gujranwala Town,False,0.73504068718837
18358207,Flavours Kitchen,True,Gujranwala Town,False,0.4687581585007954
312357,Hook Up,True,Gujranwala Town,False,0.5342550074676781
18464627,Jnm Mama Mafia,True,Gujranwala Town,False,0.7754566465929469
18431125,Kitchen199,True,Gujranwala Town,False,0.5397297489987135
18361741,Noddy's,True,Gujranwala Town,False,0.697524945455585
18464621,Om Ji Bhature Wale,True,Gujranwala Town,False,0.8011066472583277
18449634,Peshawari Mehel,True,Gujranwala Town,False,0.7666950826556944
18361745,Republic of Chicken,True,Gujranwala Town,False,0.5910763597548286
18124390,Shri Radhe,True,Gujranwala Town,False,0.7647262847220223
18464637,Spices Affair,True,Gujranwala Town,False,0.5581182713491994
5897,34 Parkstreet Lane,True,Hauz Khas,True,0.5413878107449519
18381236,Al Forno by Aishwarya,True,Hauz Khas,True,0.7775425750972345
18416840,Bakingo,True,Hauz Khas,True,0.15828121948697016
18222563,Bandstand,True,Hauz Khas,True,0.12999632196013988
18449796,Big Fat Sandwich,True,Hauz Khas,True,0.35102660051190016
18471243,Blue Tokai Coffee Roasters,True,Hauz Khas,True,0.513819812980706
652,Cafe Coffee Day - The Lounge,True,Hauz Khas,True,0.3410017216966784
9841,Cakes & Bakes,True,Hauz Khas,True,0.4283779111644541
313482,Captain Grub,True,Hauz Khas,True,0.03317854956135036
308599,Chaat Corner,True,Hauz Khas,True,0.5932273180213298
807,Cosy Restaurant,True,Hauz Khas,True,0.021031686583996567
18423871,Food Refill,True,Hauz Khas,True,0.19082653232081248
308188,Ganesh Anna South Indian Food Corner,True,Hauz Khas,True,0.5554705878185191
3156,Giani,True,Hauz Khas,True,0.10968987244515971
306319,Gravies,True,Hauz Khas,True,0.054291528348815565
311033,Green Chick Chop,True,Hauz Khas,True,0.39737394597773834
4250,Grub Pub,True,Hauz Khas,True,0.049542212420305765
300607,Handi Masala Restaurant,True,Hauz Khas,True,0.06544350083456052
301325,Himalaya Dhaba,True,Hauz Khas,True,0.5714791591983832
308277,Hot & Hot,True,Hauz Khas,True,0.42436605429784724
301328,Hot Box,True,Hauz Khas,True,0.06262680198809811
18313482,Indrani's Kitchen,True,Hauz Khas,True,0.4737209001541258
18287406,Kallu Hot Zaika,True,Hauz Khas,True,0.12764797891815538
18354624,Kathi Roll Corner 44,True,Hauz Khas,True,0.18001729370482233
307025,Mama Dhaba,True,Hauz Khas,True,0.6429720131896433
18469980,Miam,True,Hauz Khas,True,0.25476144825528046
309593,Momos House,True,Hauz Khas,True,0.1617477916477731
18252376,Nirula's Ice Cream,True,Hauz Khas,True,0.09669559338175127
312809,Overdose,True,Hauz Khas,True,0.06040679765878254
304546,Punjabi Chaap Corner,True,Hauz Khas,True,0.4843713522642792
301327,Punjabi Tadka,True,Hauz Khas,True,0.06424506250886064
303170,Rapti Chinese Food,True,Hauz Khas,True,0.12054243909264051
306658,Riyaz Chicken Corner,True,Hauz Khas,True,0.4208939153958896
300564,Sharda Pastry Shop,True,Hauz Khas,True,0.3920233543075965
5630,Southy,True,Hauz Khas,True,0.14768986813861085
306511,Spicy,True,Hauz Khas,True,0.23794142386285722
306247,Subway,True,Hauz Khas,True,0.028170242193822137
18245263,The Foodie Cafe,True,Hauz Khas,True,0.44785313568911933
305040,Uncle's Kabab Point,True,Hauz Khas,True,0.15424446030895544
673,Wimpy,True,Hauz Khas,True,0.5246771182442065
304542,Zaika,True,Hauz Khas,True,0.28907377214836383
18349919,Natural Ice Cream,True,Hauz Khas,True,0.15135580320113817
4251,Cafe 6,True,Hauz Khas,True,0.05341986544169253
305736,Cafe Coffee Day,True,Hauz Khas,True,0.4551795174299017
308257,Dzukou Tribal Kitchen,True,Hauz Khas,True,0.0455753099709334
18359259,Havmor Ice Cream,True,Hauz Khas,True,0.1696632260286547
18335682,Lost in Frost,True,Hauz Khas,True,0.1481007892312719
303716,Pink Box,True,Hauz Khas,True,0.1479021110386034
18430873,Potet,True,Hauz Khas,True,0.43292530217240444
18440414,Root'd,True,Hauz Khas,True,0.15218774409503977
5267,South Cafe,True,Hauz Khas,True,0.5397957632323378
310259,Sri Balaji,True,Hauz Khas,True,0.10744110338657709
18402768,Thalaivar,True,Hauz Khas,True,0.08816074050360456
18418258,The Junction,True,Hauz Khas,True,0.07435958502542783
18427205,34 Park Street Lane,True,Hauz Khas,False,0.6553414322504674
18472618,Adda The Spice Affair,True,Hauz Khas,False,0.3244127184481229
18424902,All About Food,True,Hauz Khas,False,0.5393604548494726
18427209,Bombay Pao Bhaji,True,Hauz Khas,False,0.6054070324806036
18336472,Brown House Cafe,True,Hauz Khas,False,0.48984354768759686
18163900,Chinese Hutt,True,Hauz Khas,False,0.46701742211710107
18425757,Desi Tadka,True,Hauz Khas,False,0.5558845591826022
18427218,Food Daddy,True,Hauz Khas,False,0.600246657399997
18352684,Front Food Corner,True,Hauz Khas,False,0.5992647758333416
18423135,Gupta's Vegetarian Paradise,True,Hauz Khas,False,0.45731277553749927
18472605,Hot Kathi Roll,True,Hauz Khas,False,0.6167920564821668
18224537,House Of Chocolate,True,Hauz Khas,False,0.7384537242485621
18494204,Jaisons,True,Hauz Khas,False,0.8562489666610651
18425738,Sher -E- Punjab,True,Hauz Khas,False,0.5614972500846758
18418229,Shi Cafe,True,Hauz Khas,False,0.15206682236190394
18425748,Sri Balaji,True,Hauz Khas,False,0.3861184016318845
18287398,Zaika Kathi Roll,True,Hauz Khas,False,0.570146961723629
18436439,Cravity ,True,Hauz Khas,True,0.4021156184420439
18365575,Little Saigon,True,Hauz Khas,True,0.2660521488812909
307490,Summer House Cafe,True,Hauz Khas,True,0.1393860760478447
301001,Elf Cafe & Bar,True,Hauz Khas Village,True,0.04133900406369806
8369,Garage Inc.,True,Hauz Khas Village,True,0.008189958211500148
304296,My Bar Grill,True,Hauz Khas Village,True,0.04976949800254504
18082196,Wow! Momo,True,Hauz Khas Village,True,0.06141901793211346
307931,Coast Cafe,True,Hauz Khas Village,True,0.011479308369164554
313304,Chaayos,True,Hauz Khas Village,True,0.0401750967771074
5732,"Elma's Bakery, Bar, and Kitchen",True,Hauz Khas Village,True,0.004991764853071956
301131,Fork You,True,Hauz Khas Village,True,0.0035030521714231044
312437,High5 Cafe & Bar,True,Hauz Khas Village,True,0.02260437295030948
301442,Imperfecto,True,Hauz Khas Village,True,0.010362847105070183
301574,Maison Des Desserts,True,Hauz Khas Village,True,0.01639311719916048
308463,Maquina,True,Hauz Khas Village,True,0.05180923280924743
304027,Masha,True,Hauz Khas Village,True,0.004257157719977589
307330,Moonshine Cafe & Bar,True,Hauz Khas Village,True,0.05459466939298441
306334,New York Slice,True,Hauz Khas Village,True,0.034313167956342205
5030,Out Of The Box,True,Hauz Khas Village,True,0.020008865931116504
8893,Raasta,True,Hauz Khas Village,True,0.005031642947147197
308322,Hauz Khas Social,True,Hauz Khas Village,True,0.004899981172769574
3392,Kunzum Travel Cafe,True,Hauz Khas Village,True,0.35321952940729595
18408040,Lord of the Drinks Meadow,True,Hauz Khas Village,True,0.016620949283510433
307360,Matchbox,True,Hauz Khas Village,True,0.005558834427545567
89,Naivedyam,True,Hauz Khas Village,True,0.035617777727587896
18208924,Rang De Basanti Urban Dhaba,True,Hauz Khas Village,True,0.014999515542545305
303092,Smoke House Deli,True,Hauz Khas Village,True,0.0056727293137326384
307436,Viva Deli - Holiday Inn,True,"Holiday Inn, Aerocity",True,0.3354167394880482
306510,Cafe on 3 - Holiday Inn,True,"Holiday Inn, Mayur Vihar",True,0.06394460816784309
312801,The Kylin Experience - Holiday Inn,True,"Holiday Inn, Mayur Vihar",True,0.02063805412607367
3293,Thugs - Hotel Broadway,True,"Hotel Broadway, Daryaganj",True,0.16547498797523919
422,Chor Bizarre - Hotel Broadway,True,"Hotel Broadway, Daryaganj",True,0.01097079238326848
3260,Opium Bar - Hotel City Park,True,"Hotel City Park, Pitampura",True,0.03467870862626288
1267,Yellow Mirchi - Hotel City Park,True,"Hotel City Park, Pitampura",True,0.08027944496388151
18273067,Curry Capital - Hotel Classic Diplomat,True,"Hotel Classic Diplomat, Mahipalpur",False,0.7150705314082114
18312623,Viceroy Bar - Hotel Classic Diplomat,True,"Hotel Classic Diplomat, Mahipalpur",False,0.9461390482993141
308069,Cafe Regent,True,"Hotel Regent Grand, Karol Bagh",True,0.9620752913611103
308068,The Grand Kitchen,True,"Hotel Regent Grand, Karol Bagh",False,0.13788729121820653
4367,Lutyen's - Hotel The Royal Plaza,True,"Hotel The Royal Plaza, Janpath",True,0.029840631063010603
4364,Onyx Bar - Hotel The Royal Plaza,True,"Hotel The Royal Plaza, Janpath",True,0.013863225082101915
310365,SKY Lounge Bar & Grill - Hotel The Royal Plaza,True,"Hotel The Royal Plaza, Janpath",True,0.06841653001314196
4366,Jasmine - Hotel The Royal Plaza,True,"Hotel The Royal Plaza, Janpath",True,0.013999594274197835
4365,Lord William Tea Lounge - Hotel The Royal Plaza,True,"Hotel The Royal Plaza, Janpath",True,0.09708496409580236
18419892,Royal Brewery Bistro,True,"Hotel The Royal Plaza, Janpath",True,0.04661491030417253
4357,Cafe - Hyatt Regency,True,"Hyatt Regency, Bhikaji Cama Place",True,0.024400386859281697
3379,La Piazza - Hyatt Regency,True,"Hyatt Regency, Bhikaji Cama Place",True,0.07658406620001634
3264,Polo Lounge - Hyatt Regency,True,"Hyatt Regency, Bhikaji Cama Place",True,0.07186730198898483
4368,Sidewalk - Hyatt Regency,True,"Hyatt Regency, Bhikaji Cama Place",True,0.11459938229237243
4356,T.K'S Oriental Grill - Hyatt Regency,True,"Hyatt Regency, Bhikaji Cama Place",True,0.032065470357304005
3378,China Kitchen - Hyatt Regency,True,"Hyatt Regency, Bhikaji Cama Place",True,0.05982993894194333
310032,The Hub -  ibis New Delhi,True,"ibis New Delhi, Aerocity",True,0.9202635779829809
18481317,Frugurpop-  ibis New Delhi,True,"ibis New Delhi, Aerocity",False,0.6725100472276623
18436483,Baked and Wrapped,True,INA,True,0.6277543784819395
18245249,M.D. Kitchen,True,INA,True,0.07010432651425447
301448,Kerala Hotel,True,INA,True,0.7353349734138392
18425152,New Classic Kitchen,True,INA,False,0.3581364868805078
312231,M.P. Canteen,True,India Gate,True,0.8105064016367829
18057802,Mysore Cafe,True,India Gate,True,0.7015558372216201
307622,Maharashtra Sadan,True,India Gate,True,0.9087847900547565
18475283,Kashmiri Hills Wazwan,True,India Gate,False,0.9169404439458934
18481278,Mirch Masala Restaurant,True,India Gate,False,0.8139204902333994
311546,Shree Rathnam,True,India Gate,False,0.3356204245400506
1546,Abhishek Restaurant,True,IP Extension,True,0.7398057583637346
4673,AL Maroosh,True,IP Extension,True,0.5149669451637915
18440187,Ambarsari Kababs & Curries,True,IP Extension,True,0.7555520829246889
304304,Ambrosia - The Golden Palms Hotel,True,IP Extension,True,0.34716083379007867
18107859,Bala's Kitchen,True,IP Extension,True,0.8183417206311786
303582,Cafe Meadows,True,IP Extension,True,0.7106472380205746
306595,Dee The Baker,True,IP Extension,True,0.44920153022035547
305348,Dilli Darbaar,True,IP Extension,True,0.7848794892892252
303586,Finger Licious,True,IP Extension,True,0.27065830773974753
18289231,Garden Hut,True,IP Extension,True,0.7465360977175752
9803,Hari Mirch Masala,True,IP Extension,True,0.30869754017691986
3700,Kamal's,True,IP Extension,True,0.07291978542965372
3093,Kocktails & Kurries,True,IP Extension,True,0.17158987406716408
308849,Madras Cafe,True,IP Extension,True,0.7531322319104182
301149,Mahalaxmi Dairy & Sweets,True,IP Extension,True,0.750629709594334
305159,Meet n Eat,True,IP Extension,True,0.6200524550172507
6256,Punjabi Mirchi,True,IP Extension,True,0.5062948737548625
18258483,The Garam Masala,True,IP Extension,True,0.299039085763361
9806,Unique Pastry Shop,True,IP Extension,True,0.42015717150999055
303590,Vaishno Amritsari Dhaba,True,IP Extension,True,0.42106284975947295
311263,Zara Restaurant,True,IP Extension,True,0.3426386703672477
303592,Bhatia Sweets,True,IP Extension,True,0.6916394449940055
18228856,De Cafepedia,True,IP Extension,True,0.2877154890313879
18308458,Icy Curls,True,IP Extension,True,0.31711306528085015
18378062,Chakhna,True,IP Extension,False,0.3188619301802563
18464687,Choco-House Chocolatiers,True,IP Extension,False,0.9129695746618804
18428622,D Brown Affairs,True,IP Extension,False,0.7179644566511225
18432941,Daya Sagar,True,IP Extension,False,0.5828144634050985
18264980,Food Code 99,True,IP Extension,False,0.6008180111695728
18378025,Foodie Singh,True,IP Extension,False,0.6969689351311352
18493572,Gluten Free by Deepika,True,IP Extension,False,0.9276398813833103
18441696,Jain Restaurant,True,IP Extension,False,0.5083830945962304
18421488,Kesariya Sweets,True,IP Extension,False,0.8257260803162614
308853,KG Confectionery and Pastry Shop,True,IP Extension,False,0.7083040350481234
312864,Krishna Da Dhaba,True,IP Extension,False,0.7771970437984401
18492957,Little Cup Cake,True,IP Extension,False,0.9251064836203887
18439029,New Kovilakam Restaurant,True,IP Extension,False,0.6897308719974315
18441698,Nice Food Corner,True,IP Extension,False,0.8180526398831601
18440175,Radhey Radhey Foods,True,IP Extension,False,0.7069308293866958
18258502,Schezwan Bakery,True,IP Extension,False,0.7195098533674988
18440143,Shama Muradabadi Chicken Corner,True,IP Extension,False,0.8109170128554399
18460414,Starve Stalkers,True,IP Extension,False,0.9177402338121268
18377928,Tava & Tandoor,True,IP Extension,False,0.698235796344453
6777,Chutneez Restaurant Lounge & Bar,True,IP Extension,True,0.04566476442163114
8376,Domino's Pizza,True,IP Extension,True,0.5453883539896434
8619,Mangal Sweets,True,IP Extension,True,0.11505206142309532
18228125,Sweet Tickles,True,IP Extension,True,0.6283017998178632
306026,Ira - The Waterside Bar - ITC Maurya,True,"ITC Maurya, Chanakyapuri",True,0.12598910969888877
302636,Nutmeg The Gourmet Shop - ITC Maurya,True,"ITC Maurya, Chanakyapuri",True,0.14292955009638797
18376494,Fabelle Chocolate Boutique - ITC Maurya,True,"ITC Maurya, Chanakyapuri",True,0.12021146802609695
2745,Golf Bar - ITC Maurya,True,"ITC Maurya, Chanakyapuri",True,0.15072329533726692
2742,Bukhara - ITC Maurya,True,"ITC Maurya, Chanakyapuri",True,0.12917248926835223
309548,Tian - Asian Cuisine Studio - ITC Maurya,True,"ITC Maurya, Chanakyapuri",True,0.019256551210252937
311078,Ashish Lal Dhaba,True,ITO,True,0.43752164632129886
18144464,Lal Dhaba,True,ITO,True,0.7655644540500933
311117,McDonald's,True,ITO,True,0.19386678166358862
303261,Udupi Cafe,True,ITO,True,0.3435440844119708
18037812,"34, Chowringhee Lane",True,Jail Road,True,0.42653745597826676
18037793,Amritsar Express,True,Jail Road,True,0.5637417794532014
301818,Anand Chicken & Fast Food,True,Jail Road,True,0.4299044395463537
18427235,Baba Chicken Ludhiana Wale,True,Jail Road,True,0.11809943296575787
307002,Bombay Vada Pav,True,Jail Road,True,0.5691045352131191
18037806,Cafe Coffee Day,True,Jail Road,True,0.43902146629205563
309087,Chin Pokli,True,Jail Road,True,0.6730542207328052
18367977,Curries,True,Jail Road,True,0.06804809296113479
1106,Deepak Vaishno Dhaba,True,Jail Road,True,0.5721277787567458
301857,Delhi Dhaba,True,Jail Road,True,0.6260964663227437
302836,Dewan Sweets,True,Jail Road,True,0.14669704030625919
18279090,Flirty Momo's,True,Jail Road,True,0.1409946916493825
300502,Frontier,True,Jail Road,True,0.48482868955692404
18203169,Giani,True,Jail Road,True,0.3924054210427136
306891,Green Chick Chop,True,Jail Road,True,0.29329525721451044
6959,Khalsa Veg Corner,True,Jail Road,True,0.3584094436064075
18282019,Kings Kulfi,True,Jail Road,True,0.5286263935176664
2399,Kohli Dhaba,True,Jail Road,True,0.11625357735261632
5420,Laxmi Ice Cream,True,Jail Road,True,0.361440014437971
8521,Mosaic - SK Premium Park,True,Jail Road,True,0.09290706053282449
18292455,Moti Mahal Delux,True,Jail Road,True,0.04972290352425068
4000,Mukesh Chic-Inn Hot & Spice,True,Jail Road,True,0.23316559681780546
18241858,Muradabadi Biryani,True,Jail Road,True,0.5985706876618417
310732,Muradabadi Shahi Biryani & Chicken Corner,True,Jail Road,True,0.32941642126657744
300522,Nagi Fish Corner,True,Jail Road,True,0.4874460065482631
18408034,Nirula's Ice Cream,True,Jail Road,True,0.35622538484584765
301803,Papa Veg Chinese Food,True,Jail Road,True,0.10675719513426096
18282017,Pindi's Kitchen,True,Jail Road,True,0.625976311338375
18455615,Rewari Sweets,True,Jail Road,True,0.6980424571184634
5400,Roti Aur Boti,True,Jail Road,True,0.43650845350873324
300561,Sahni Chicken Corner,True,Jail Road,True,0.09887100983818708
301823,Sarpal Restaurant,True,Jail Road,True,0.39142480610031394
18282009,SGF - Spice Grill Flame,True,Jail Road,True,0.28442324548346287
6978,Shanta Fresh Fish Corner,True,Jail Road,True,0.5620864930137861
18281946,Shree Meenakshi Dosai,True,Jail Road,True,0.5878358793971614
6052,Singz,True,Jail Road,True,0.06625309142180857
5965,Sona Bakers,True,Jail Road,True,0.5548721975372682
18381639,Tak - a - Tak,True,Jail Road,True,0.5731287881520996
18289278,The Great Indian Food Truck,True,Jail Road,True,0.46299414112022375
308716,Tihar Food Court,True,Jail Road,True,0.6857445721451609
306985,Uncle Da Dhabha,True,Jail Road,True,0.5938208734523971
307861,Variety Chicken Corner,True,Jail Road,True,0.5794912041158762
18429381,Wah Ji Wah,True,Jail Road,True,0.09199492897264949
18366009,9 Scoops,True,Jail Road,True,0.5607993933827865
18415357,Kati Roll Cottage,True,Jail Road,True,0.12456017289390497
300501,Pul Bangash Wale,True,Jail Road,True,0.49896674046630396
307006,Sunny Chicken Soup,True,Jail Road,True,0.5949375100652464
18424895,Yo Momos,True,Jail Road,True,0.14376473921164745
18282015,Bikaner Sweets,True,Jail Road,False,0.36615705857750924
306974,Bittoo Murge Wala,True,Jail Road,False,0.49252490554155715
18431980,Jalebi Wala,True,Jail Road,False,0.46335844807602733
18429401,Just Parkash,True,Jail Road,False,0.6373224172246816
301822,Kwality Sweet Corner,True,Jail Road,False,0.5372249664977983
18367979,Mohan Chaat Corner,True,Jail Road,False,0.5157452108795659
18366025,Mr. Momo,True,Jail Road,False,0.30191252607223373
18456774,Pishori Chicken Corner,True,Jail Road,False,0.50421759583411
18458301,Punjab Patiyala Sahi,True,Jail Road,False,0.4297412065538707
18037794,Shama Chicken Corner,True,Jail Road,False,0.4368427133287738
18454474,Wah G Wah,True,Jail Road,False,0.08760297826474217
18245258,Grillz,True,Jail Road,True,0.08541565624569991
17977777,The Barbeque Company,True,Jail Road,True,0.17058676972789566
18349901,Anmol Chicken Corner,True,Jama Masjid,True,0.7136258216049991
18349910,Babu Bhai Kabab Wale,True,Jama Masjid,True,0.6961623214150121
304091,Chicken Mughlai,True,Jama Masjid,True,0.579861932971617
18420675,Cool Point Shahi Tukda,True,Jama Masjid,True,0.5615758804920006
308014,Jawahar Hotel,True,Jama Masjid,True,0.3830378550134331
18291241,Lalu Kababe,True,Jama Masjid,True,0.6848121979690769
18336178,Phelwan Biryani Wala,True,Jama Masjid,True,0.7052686684125546
18454466,Qureshi Kabab Corner,True,Jama Masjid,True,0.6713443565531929
993,Al Jawahar,True,Jama Masjid,True,0.4761283589373395
305598,Aslam Chicken,True,Jama Masjid,True,0.6905015712762638
18336494,Dil Pasand Biryani Point,True,Jama Masjid,True,0.7105168924960963
18340727,Haji Mohd. Hussain,True,Jama Masjid,True,0.6767993910423964
308001,Kallan Sweets,True,Jama Masjid,True,0.6870881784361782
18396855,The Walled City - Cafí© & Lounge,True,Jama Masjid,True,0.25808200447862384
18261688,Al-Nawab,True,Jama Masjid,False,0.6723096646647706
18208922,Ameer Sweets House,True,Jama Masjid,False,0.5859644247367253
18308432,Anwar Food Corner,True,Jama Masjid,False,0.5561626005989866
18408050,Fish Point,True,Jama Masjid,False,0.642051585139063
18349897,Golden Bakery,True,Jama Masjid,False,0.5832260752641454
18336488,Hotel Maidah,True,Jama Masjid,False,0.5933317519389968
18454468,Lahori Food,True,Jama Masjid,False,0.6511169053129109
18451575,Majlis Foods,True,Jama Masjid,False,0.6784564191419697
18079620,Cool Point,True,Jama Masjid,True,0.5786213065161581
304617,Haji Shabrati Nihari Wale,True,Jama Masjid,True,0.7042114110246815
463,Karim's,True,Jama Masjid,True,0.4333897679068778
18291442,Qureshi Kabab Corner,True,Jama Masjid,True,0.6164899427881747
300430,Bake Bikaner,True,Janakpuri,True,0.01999983268227823
533,Barista,True,Janakpuri,True,0.03780535907596949
18365984,Behrouz Biryani,True,Janakpuri,True,0.04458540300513203
18057812,Brunchilli,True,Janakpuri,True,0.042803114060841696
7012,Cafe Coffee Day,True,Janakpuri,True,0.3372326249544635
313194,Chawla Dillivala,True,Janakpuri,True,0.2326965611194295
18466975,Dhaba Ambarsariya,True,Janakpuri,True,0.028888008621834715
8365,Domino's Pizza,True,Janakpuri,True,0.12206625299390494
307699,GPW - The Food Hub,True,Janakpuri,True,0.08386037451990391
305723,Green Bhojanalya,True,Janakpuri,True,0.12009694570355678
18175283,Hira Sweets,True,Janakpuri,True,0.05065581302811806
4018,Hot Curries,True,Janakpuri,True,0.032415662846756566
4019,Meenu Caterers,True,Janakpuri,True,0.048920211532351376
482,Moti Mahal Delux,True,Janakpuri,True,0.00959728183575792
355,New Kadimi,True,Janakpuri,True,0.016018771549238364
1104,Polka Pastry & Snack Bar,True,Janakpuri,True,0.22167497364184696
300994,Pudding & Pie,True,Janakpuri,True,0.26995312032514684
310691,Singz,True,Janakpuri,True,0.17942288296448738
303247,Slice of Italy,True,Janakpuri,True,0.020905472455662988
311616,Subway,True,Janakpuri,True,0.011089905311244097
7025,Suruchee,True,Janakpuri,True,0.03536055065567789
301335,The Bubble Tea Cafe,True,Janakpuri,True,0.07119015149674934
4016,The Destination,True,Janakpuri,True,0.01851955010007933
18238968,The Night Delights,True,Janakpuri,True,0.042184085574156094
18175340,Tingling Pepper,True,Janakpuri,True,0.029243442969855926
313498,Wah G Wah,True,Janakpuri,True,0.04626130370218673
18421049,Midnight Hunger Hub,True,Janakpuri,True,0.017328090726148382
18345739,BarShala,True,Janakpuri,True,0.21220704320800698
18261158,Bemisaal Reloaded,True,Janakpuri,True,0.01784273416715132
4010,Bon Appí©tit,True,Janakpuri,True,0.12059705490442552
309283,Burger Point,True,Janakpuri,True,0.25273465773486814
17977755,Cakes 'n' Crumbs,True,Janakpuri,True,0.11747199957881815
5388,China Fort,True,Janakpuri,True,0.024351963810094523
4723,Giani,True,Janakpuri,True,0.06771156176527382
311889,Hot Cherries,True,Janakpuri,True,0.3173018754103445
311922,KFC,True,Janakpuri,True,0.03087021374995036
185,McDonald's,True,Janakpuri,True,0.03524526782464721
18268370,Pasta Xpress,True,Janakpuri,True,0.03907201664989046
4021,Tandoor Bar-Be-Que,True,Janakpuri,True,0.04693228133692462
300527,TBK Kulcha's,True,Janakpuri,True,0.09542252418625985
18219547,The Pindi,True,Janakpuri,True,0.013651706119380158
18412874,The Tangy Tomatoes,True,Janakpuri,True,0.024797111991390564
18244719,Thela,True,Janakpuri,True,0.021396106027528505
18322665,Wah Ji Wah,True,Janakpuri,True,0.036003327186526546
7018,Muffins,True,Janakpuri,True,0.24861466523029874
18446409,Food Scouts,True,Janakpuri,True,0.023291601718307686
7891,Aggarwal Sweet India,True,Jangpura,True,0.5740376718357773
304445,Bhola Dhaba,True,Jangpura,True,0.37782155116896354
18337922,Cake Me Up,True,Jangpura,True,0.7246835385377435
18357562,Chawla Snacks,True,Jangpura,True,0.7996062972205481
9602,Chef Joint,True,Jangpura,True,0.31839118027866076
310305,China Hut,True,Jangpura,True,0.3520746444174143
18025100,Chinese Hut,True,Jangpura,True,0.17831832596339858
18355110,Curries & Kebabs,True,Jangpura,True,0.14772940043381666
18322676,Giani's,True,Jangpura,True,0.5543594610356275
308488,Green Chick Chop,True,Jangpura,True,0.5935061851594563
7874,Kabul Restaurant,True,Jangpura,True,0.6676152309483124
18313115,Kadimi Dukan,True,Jangpura,True,0.7317191778347016
302514,Kadimi Sweets,True,Jangpura,True,0.7483902948029897
9573,McDonald's,True,Jangpura,True,0.123056524901762
7892,Modi Pastry Corner,True,Jangpura,True,0.6350181640879331
9568,New Evergreen Hotel,True,Jangpura,True,0.6702807052673523
3681,Nikku Hotel,True,Jangpura,True,0.11772981008049188
3337,Om Hotel,True,Jangpura,True,0.39259793753708394
310101,Pakeeza Burger,True,Jangpura,True,0.5968282052684191
7889,Paljees Fresh Baked,True,Jangpura,True,0.63418609670576
7879,Pinka's Rasoi,True,Jangpura,True,0.19711338178207582
310469,Republic of Chicken,True,Jangpura,True,0.5666676693603643
18449787,Sandwich & Sons,True,Jangpura,True,0.2488455482717673
303608,Simple Restaurant,True,Jangpura,True,0.5923624486569877
307785,Subway,True,Jangpura,True,0.046150442992468066
310100,Tempting Bar-B-Que,True,Jangpura,True,0.1677583955563119
310468,The Biryani Hut,True,Jangpura,True,0.751831066887228
3339,Beliram Degchiwala,True,Jangpura,True,0.1614814317294857
18369763,Instapizza,True,Jangpura,True,0.1352352347291752
312949,Janta Bakery,True,Jangpura,True,0.7504232171859777
3684,Pal Refreshment Corner,True,Jangpura,True,0.15314328389896104
18463963,Transform Nutrition,True,Jangpura,True,0.6780862391807883
18357554,Bhashi Caterers,True,Jangpura,False,0.2498831629848257
310102,Birbal Ji Dhaba,True,Jangpura,False,0.8256640276718765
18243438,Chaap Express,True,Jangpura,False,0.7321865578786038
18419915,Daawat-e-Mehak,True,Jangpura,False,0.613054120411844
18479001,Delhi Biryani Hut,True,Jangpura,False,0.6928068283371995
18419906,K. B. Eating Point,True,Jangpura,False,0.2940244682005868
18419911,Kashmiri Wazwan,True,Jangpura,False,0.7191064630565668
18419919,Maan Singh Halwai,True,Jangpura,False,0.8106053724703444
18294233,Mughlai Darbar Muradabadi,True,Jangpura,False,0.8196105202731778
18419901,P.S. Chinese & Thai Food,True,Jangpura,False,0.8346600585844757
18481273,Pak Afghan Restaurant,True,Jangpura,False,0.8837829479609944
18313119,Pakeeza Restaurants,True,Jangpura,False,0.619631866320629
18486830,Radhe Shyam Chole Bhature,True,Jangpura,False,0.831673750876115
18453186,Sanjha Chulha,True,Jangpura,False,0.3922223686212827
18354663,Sardar A Pure Meat Shop,True,Jangpura,False,0.5992443522917912
18419897,Shahi Muradabadi & Hyderabadi,True,Jangpura,False,0.79999652004847
18481322,Shankar Chinese Foods,True,Jangpura,False,0.6246886706173006
18357557,Shri Ram Sweets,True,Jangpura,False,0.6138198847154773
18025096,Subhash Punjabi Family Dhaba,True,Jangpura,False,0.34420792656732035
18286922,Tandoori Nature,True,Jangpura,False,0.7647311007808906
18458302,Tinker Koch,True,Jangpura,False,0.766199760108518
18447302,Wakhra Swag,True,Jangpura,False,0.6137595496421592
300744,Chawla's_,True,Jangpura,True,0.0794082408743011
8509,Barbeque Nation,True,Jangpura,True,0.3724795144256541
3338,Novelty Dairy & Stores,True,Jangpura,True,0.7270532860834424
18133513,Caara Cafe,True,Janpath,True,0.2611254071824606
619,Cafe Coffee Day - The Lounge,True,Janpath,True,0.18846967432310235
300581,Cafe Coffee Day,True,Janpath,True,0.3489109044380785
300577,Costa Coffee,True,Janpath,True,0.20565718512175613
6174,Gulnar - Hotel Janpath,True,Janpath,True,0.10693138603058505
300593,Kalpana Restaurant,True,Janpath,True,0.027438244971291548
300589,Meenas,True,Janpath,True,0.31660084817575274
261,Pizza Hut,True,Janpath,True,0.01118329564446563
18400724,Prince Chaat Corner,True,Janpath,True,0.436798582967878
300591,Rajeev Restaurant,True,Janpath,True,0.5076724070140621
18372578,RSVP,True,Janpath,True,0.18073608799862018
307371,Samridhi,True,Janpath,True,0.46933515513453594
300584,Shan E Dilli,True,Janpath,True,0.3888850769546147
18462606,Svasti Cafe,True,Janpath,True,0.5466323417646473
18357558,The Zest,True,Janpath,True,0.10648787856524322
18345728,Masala Library,True,Janpath,True,0.12295849889501187
301301,Bhogal Chole Bhature Wala,True,Janpath,True,0.5139608988116168
18249111,Bunta Bar,True,Janpath,True,0.1127659235784173
308280,Cafe Coffee Day The Square,True,Janpath,True,0.29080326939894097
309807,Cottage Cafí© by Smoothie factory,True,Janpath,True,0.022517949440631346
8451,Depaul's,True,Janpath,True,0.42314094408113556
3782,Fresc Co,True,Janpath,True,0.02106632601102376
18168125,Informal,True,Janpath,True,0.06240299058128085
311982,Lutyens Cocktail House,True,Janpath,True,0.04544931007842379
182,McDonald's,True,Janpath,True,0.03589309755293335
18349923,Office Office,True,Janpath,True,0.18134499513649904
311871,Pappu Chat Bhandar,True,Janpath,True,0.5011454547661043
8911,The Beer Cafe,True,Janpath,True,0.0872579327122972
18398618,The Masala Trail,True,Janpath,True,0.024355686419480826
18486847,Chill House Kafe,True,Janpath,False,0.353897266579525
18394362,Connoisseur,True,Janpath,False,0.5430267263803799
18380392,Mahesh Chaat Corner,True,Janpath,False,0.7023421762147068
18458647,Pind Balluchi,True,Janpath,False,0.09248151236668078
18124375,Queen's Way,True,Janpath,False,0.21286131874493408
300582,Sea Lord,True,Janpath,False,0.44647633274132437
18306547,52 Janpath,True,Janpath,True,0.03369298158941614
18424189,Cafe Southall,True,Janpath,True,0.054329484227644276
899,Saravana Bhavan,True,Janpath,True,0.051331430544331424
18357911,Tourist Janpath,True,Janpath,True,0.04429017864163609
7901,Cafe Coffee Day,True,Jasola,True,0.3863264392247939
309778,Cafe Punjabi,True,Jasola,True,0.49866479088155136
18359262,Chai Garam,True,Jasola,True,0.3142403666304563
18358682,Chai Shots,True,Jasola,True,0.400796891301882
18413811,Chao Cart,True,Jasola,True,0.350172062842225
8160,Deli Belly,True,Jasola,True,0.07935277326458645
18240023,Ego,True,Jasola,True,0.14460352158282064
306038,Fresh n Refresh,True,Jasola,True,0.2618684199541771
18337775,Jack Po!tato's,True,Jasola,True,0.40790419495035535
18241514,Moti Mahal Delux,True,Jasola,True,0.027753560825441004
7912,Pizza Hut Delivery,True,Jasola,True,0.02680447550673115
18387753,Riviera,True,Jasola,True,0.02520522450433138
9700,Subway,True,Jasola,True,0.018352149131019013
307342,Tamura,True,Jasola,True,0.12514884614300736
301898,ANF Kitchen Express,True,Jasola,True,0.30386243423110704
18322937,Mumu Dahlin,True,Jasola,True,0.05096842856326522
18303834,Startup Cafe,True,Jasola,True,0.05604401376877177
18241883,Starvin' Marvin,True,Jasola,True,0.01841956619387153
18285180,Wok On Wheels,True,Jasola,True,0.08603860149711207
18464001,Chai Mantra,True,Jasola,False,0.2506662612670396
7908,Sagar Ratna,True,Jasola,True,0.028969018447155603
4503,Paatra - Jaypee Siddharth,True,"Jaypee Siddharth, Rajendra Place",True,0.04389925753774715
4502,Eggspectation - Jaypee Siddharth,True,"Jaypee Siddharth, Rajendra Place",True,0.02056985355966523
4499,Ano Tai - Jaypee Vasant Continental,True,"Jaypee Vasant Continental, Vasant Vihar",True,0.07503022099599033
4235,Tapas - Jaypee Vasant Continental,True,"Jaypee Vasant Continental, Vasant Vihar",True,0.07870337870655442
4500,The Old Baker - Jaypee Vasant Continental,True,"Jaypee Vasant Continental, Vasant Vihar",True,0.28239299805907825
4234,Eggspectation - Jaypee Vasant Continental,True,"Jaypee Vasant Continental, Vasant Vihar",True,0.02649326223185411
4501,Paatra - Jaypee Vasant Continental,True,"Jaypee Vasant Continental, Vasant Vihar",True,0.04815763375487303
308243,Ambarsaria by Gourmet Affaire's,True,"JMD Kohinoor Mall, Greater Kailash",True,0.10940674089354396
703,August Moon,True,"JMD Kohinoor Mall, Greater Kailash",True,0.014205862073622066
18334427,Keventers,True,"JMD Kohinoor Mall, Greater Kailash",True,0.31597074332162356
310529,Moets Curry Leaf Express,True,"JMD Kohinoor Mall, Greater Kailash",True,0.022257158643284147
309844,Natural Ice Cream,True,"JMD Kohinoor Mall, Greater Kailash",True,0.07257993786649442
306034,"34, Chowringhee Lane",True,JNU,True,0.7062114304988898
303604,Qureshi,True,JNU,True,0.6788033562263635
1505,Shree Ram Sweet Centre,True,JNU,True,0.698046563633139
303583,Teflas,True,JNU,True,0.6054061325537723
18175324,The Viraj Food Zone,True,JNU,True,0.47082153442686925
18391147,RollsKing,True,JNU,True,0.7093640178016163
301130,Secular House Canteen,True,JNU,True,0.049846842693796134
18354985,Amul Ice-Cream Parlour,True,JNU,False,0.4951230463806783
18414503,Sunny Restaurant & Tiffin,True,JNU,False,0.5619745703354708
7807,Kerala Cafe,True,JNU,True,0.5361750816776087
300887,Veer Jee Restaurant,True,Jor Bagh,True,0.5971535497707605
306251,Oval Bar - JW Marriott New Delhi,True,JW Marriott New Delhi,True,0.1797797823479187
18144453,Bakey Wish,True,Kailash Colony,True,0.6355938308440534
7862,Bikaner Namkeen Bhandar,True,Kailash Colony,True,0.6603100303887827
7857,Chhole Bhature Corner,True,Kailash Colony,True,0.7723044722200123
2874,Fresh n Frozen,True,Kailash Colony,True,0.7112503760661484
18458625,Pind Punjabi,True,Kailash Colony,True,0.7189882444058262
18252369,Sanjha Chulha,True,Kailash Colony,True,0.4454948593538397
18228895,Shaan e Punjab,True,Kailash Colony,True,0.5992574911347006
2583,Cafe 27,True,Kailash Colony,True,0.2420377979996533
304876,MR.D - Deliciousness Delivered,True,Kailash Colony,True,0.10401439592384865
308407,Pita Pit,True,Kailash Colony,True,0.10194941104842459
18492050,Al-Malik Chicken Point,True,Kailash Colony,False,0.6517317721058302
18492052,Amul Sweets & Bakery,True,Kailash Colony,False,0.33223624266891383
18449620,Elements - Mapple Express,True,Kailash Colony,False,0.25130936133742654
18452403,Food 24,True,Kailash Colony,False,0.6608716580138125
18425740,Food Corner,True,Kailash Colony,False,0.7359126285236771
18313153,Food Master's Galley,True,Kailash Colony,False,0.9023588784092066
18435830,Habibi Express,True,Kailash Colony,False,0.048738021210661175
18473378,Hide Out Cafe,True,Kailash Colony,False,0.3948164694796501
18452241,Moriarty Delivers,True,Kailash Colony,False,0.7485892603444184
3190,Big Chill,True,Kailash Colony,True,0.12857497651728478
3041,Maxims Pastry Shop,True,Kailash Colony,True,0.389654386985827
18441798,Uncultured Cafe & Bar,True,Kailash Colony,True,0.15700518037277122
306505,2 Nice 2 Slice,True,Kalkaji,True,0.10509160106187498
302868,Aggarwal Bikaneri Sweets,True,Kalkaji,True,0.21517096632139798
7383,Aggarwal Sweet Corner & Restaurant,True,Kalkaji,True,0.1549648392977625
302793,Aggarwal Sweets India,True,Kalkaji,True,0.29702339476390904
9993,Aggarwal's Sweets Paradise,True,Kalkaji,True,0.1744238636640183
9985,Aggarwal's Sweets,True,Kalkaji,True,0.37027202837235496
18138461,Anna Ka Dosa,True,Kalkaji,True,0.12675742185290517
306957,Big Chow Xpress,True,Kalkaji,True,0.054610844537567815
7590,Bikaner Sweets & Namkeen,True,Kalkaji,True,0.39703694872161843
9620,Cafe Coffee Day,True,Kalkaji,True,0.06638628212561437
302884,Cake Plaza,True,Kalkaji,True,0.05603132154513679
309238,Crispy Tokri,True,Kalkaji,True,0.43899460425221704
309609,De Royale Food's,True,Kalkaji,True,0.18081835497493481
18414477,Faasos,True,Kalkaji,True,0.03540508532532871
9992,Fouji Da Vaishno Dhaba,True,Kalkaji,True,0.4674978963993388
18224572,Fun Bytes,True,Kalkaji,True,0.10063963295459899
312594,G's Patisserie,True,Kalkaji,True,0.22429222282170402
312728,Giani,True,Kalkaji,True,0.06241640826111872
18025133,Gopals 56,True,Kalkaji,True,0.3110924365160316
7329,Green Chick Chop,True,Kalkaji,True,0.13686860061875206
302892,Heaven's Kitchen,True,Kalkaji,True,0.03128521891016567
302893,Heavens Food Corner,True,Kalkaji,True,0.16821810409954707
309533,Just Kababs,True,Kalkaji,True,0.2518834737533775
18376487,Keventers,True,Kalkaji,True,0.3173394725320504
302895,Komal Kitchen,True,Kalkaji,True,0.43532014444600686
302896,Kwality Sweets & Restaurant,True,Kalkaji,True,0.3994228209359375
9776,Mehak Food Corner,True,Kalkaji,True,0.3534825560581185
18245255,Mr. Sub,True,Kalkaji,True,0.07192336075400296
309648,Muradabadi Shahi Biryani & Chicken Corner,True,Kalkaji,True,0.04433567143014383
18285214,Muradabadi,True,Kalkaji,True,0.3369129730515684
302938,New Radhe Radhe Snacks Corner,True,Kalkaji,True,0.40938069450515624
18396545,Nirula's Ice Cream,True,Kalkaji,True,0.23159758765180438
18414495,Noor Restaurant,True,Kalkaji,True,0.02505617475041655
311891,Paul's Homemade,True,Kalkaji,True,0.24245037859329477
312372,Pinkom's Bar-Be-Que,True,Kalkaji,True,0.29424942592114256
8949,Prince of China,True,Kalkaji,True,0.017742294619888965
302898,Punjabi Corner,True,Kalkaji,True,0.08883163088975499
302710,Punjabi Snacks,True,Kalkaji,True,0.2463733858938133
9998,Quality Food Point,True,Kalkaji,True,0.29377831846580504
18317229,Radhe Shyam,True,Kalkaji,True,0.408469457680411
9623,Raj South Indian Food,True,Kalkaji,True,0.303656153515652
3634,Roll Club,True,Kalkaji,True,0.3027534901440383
7382,Shameem Kabab Corner,True,Kalkaji,True,0.20457025506139848
1866,Shiv Dhaba,True,Kalkaji,True,0.1780903943558213
304783,Silver Spoons,True,Kalkaji,True,0.08386218963018865
302811,Takkar Dhaba,True,Kalkaji,True,0.12255385849184086
308664,The Biryani Wallas,True,Kalkaji,True,0.33637271860815576
18133506,The Tuck Shop,True,Kalkaji,True,0.2639346545606872
305293,Uncle Xpress,True,Kalkaji,True,0.11365269880875062
2211,Vaishno Rasoi,True,Kalkaji,True,0.06940413400214995
9622,Vatika,True,Kalkaji,True,0.03298410586386835
18281989,Walk To Italy,True,Kalkaji,True,0.4534779609589251
18365855,Behrouz Biryani,True,Kalkaji,True,0.05674400860673845
309737,Big Dragon,True,Kalkaji,True,0.08409232043761294
18386707,Cafe Filter,True,Kalkaji,True,0.015684439898673963
309338,Chowki,True,Kalkaji,True,0.055424544757414096
18380155,Circle Cafe and Bar,True,Kalkaji,True,0.05945681801231428
18372686,FreshMenu,True,Kalkaji,True,0.006226517464332559
3610,Giani's,True,Kalkaji,True,0.04289279479428054
3054,Gopal's 56,True,Kalkaji,True,0.15302693782222054
311267,Instapizza,True,Kalkaji,True,0.033574774936570906
307951,Just Vada Pav,True,Kalkaji,True,0.3013088845465902
1876,Khidmat,True,Kalkaji,True,0.005624343337496063
412,Naivedyam,True,Kalkaji,True,0.03643300688373108
3635,New Shere Punjab Dhaba,True,Kalkaji,True,0.2659784325640676
9654,Sant Sweets,True,Kalkaji,True,0.21100977575465685
18354973,Tikka- Way,True,Kalkaji,True,0.036918078968994794
18392883,Bake Bite,True,Kalkaji,False,0.7081336152267879
18446815,Chinese Chaat Corner,True,Kalkaji,False,0.7867597575811378
311014,Chocofairies,True,Kalkaji,False,0.43612085766609077
4325,Punjabi Rasoi,True,Kalkaji,True,0.062123227518644186
18322653,Punjabi Xpress,True,Kalkaji,True,0.048292270434082796
9557,The Cake Factory,True,Kalkaji,True,0.07760776442177209
9470,"34, Chowringhee Lane",True,Kamla Nagar,True,0.40118969824491335
306491,Annapurna Restaurant,True,Kamla Nagar,True,0.0788765878648513
18416860,BTW,True,Kamla Nagar,True,0.4558973897997505
640,Cafe Coffee Day,True,Kamla Nagar,True,0.36047733959966133
305161,Chawla's Chic Inn,True,Kamla Nagar,True,0.20215848813225235
306149,Chennai Hot Cafe,True,Kamla Nagar,True,0.46494002820898217
1197,Daawat E Mezbaan,True,Kamla Nagar,True,0.2675562629964858
18198467,Dessert in Desert,True,Kamla Nagar,True,0.23576756434074764
311903,Domino's Pizza,True,Kamla Nagar,True,0.17157956160993137
18458665,Filmy Cafe & Bar,True,Kamla Nagar,True,0.04660700930830075
6651,Firenze,True,Kamla Nagar,True,0.32047501487182983
311076,Giani,True,Kamla Nagar,True,0.08442631456818384
9001,Gullu's,True,Kamla Nagar,True,0.20423397769454132
8995,Manwhar,True,Kamla Nagar,True,0.16321545775466484
18489508,Midnight Hunger Hub,True,Kamla Nagar,True,0.2915750039004794
7689,Mini Shop,True,Kamla Nagar,True,0.3623426873091877
307959,Nine 75 Lounge & Bar,True,Kamla Nagar,True,0.05278582787594854
18222571,Pradhan Ji Multi Cuisine Restaurant,True,Kamla Nagar,True,0.035570066173869264
310202,Punjabi Chaap Corner,True,Kamla Nagar,True,0.09616791960653648
301470,Sagar Ratna,True,Kamla Nagar,True,0.026425567546947026
5433,Shiva Coffee & South Indian Fast Food,True,Kamla Nagar,True,0.44275319756901144
18349733,The Ice Cafe,True,Kamla Nagar,True,0.09304084532081136
18421019,Tikka Junction,True,Kamla Nagar,True,0.19365595826982251
18317510,Trending Eats,True,Kamla Nagar,True,0.21017924605987426
303104,Twenty Four Seven,True,Kamla Nagar,True,0.30559777666025234
8991,Vikrant Cafe,True,Kamla Nagar,True,0.04609361203327067
6662,Vishal Restaurant,True,Kamla Nagar,True,0.3151282571109145
18365889,Badri Prasad Ramesh Kumar Caterers,True,Kamla Nagar,True,0.4631374591429026
18245268,Bistro,True,Kamla Nagar,True,0.46159651079855624
309856,Chaudhary Sweets Corner,True,Kamla Nagar,True,0.34786571642033526
309604,Chowringhee,True,Kamla Nagar,True,0.07620588244828042
18332062,Cones & Curries,True,Kamla Nagar,True,0.08418448353585428
6658,Darvesh Corner,True,Kamla Nagar,True,0.3195439530578744
9644,Deez Biryani & Kebabs,True,Kamla Nagar,True,0.025837068909678185
18349974,Frozen Pan,True,Kamla Nagar,True,0.2838014540086068
2267,Giani's,True,Kamla Nagar,True,0.06838842483549601
18377630,Havmor Ice Cream,True,Kamla Nagar,True,0.09495014763180398
18289256,Keventers,True,Kamla Nagar,True,0.38691515630649864
300849,Manohar Bikkaneri,True,Kamla Nagar,True,0.19653333495605008
6675,Manohar Bikkaneri,True,Kamla Nagar,True,0.3070432128064188
18430598,Nukkadwala,True,Kamla Nagar,True,0.07656434723424632
303082,Om Di Hatti,True,Kamla Nagar,True,0.37137659349472896
18445775,Orange Tree Cafe,True,Kamla Nagar,True,0.3582280256270278
309805,Rigo Noodles,True,Kamla Nagar,True,0.22293511644217756
302972,Sethi's The Cake Shop,True,Kamla Nagar,True,0.3059632054360708
7667,Shake Square,True,Kamla Nagar,True,0.2597437561628346
307327,Sharma Kachoriwala,True,Kamla Nagar,True,0.42274866569730085
304461,Shawarma Wala,True,Kamla Nagar,True,0.3800640893617425
300854,Shree Rathnam,True,Kamla Nagar,True,0.025762896125890777
306402,Shri Bankey Bihari Brajwasi Rasgulle Wala,True,Kamla Nagar,True,0.37741763499733727
18157402,Sid's Kitchen,True,Kamla Nagar,True,0.047808596812732085
2272,Subway,True,Kamla Nagar,True,0.013204916274277223
18261675,Sweet Life By Henna,True,Kamla Nagar,True,0.38094932203814647
18458347,The Midnight Heroes,True,Kamla Nagar,True,0.014709209957596281
307415,Urban Hub,True,Kamla Nagar,True,0.052761653015769405
8985,Vaishno Chat Bhandar,True,Kamla Nagar,True,0.4710077004550366
6667,Ved Dhaba,True,Kamla Nagar,True,0.42376378665680625
18294234,Veg Ex,True,Kamla Nagar,True,0.08307872432248564
18458013,Wokin Street,True,Kamla Nagar,True,0.1320851829046219
18218265,Yadav Namkeens & Bakers,True,Kamla Nagar,True,0.13063075654168566
18460325,Javed Chicken Corner,True,Kamla Nagar,False,0.4505997968617461
18458658,Kamal Chicken,True,Kamla Nagar,False,0.31184180493437685
18458655,Singh Chinese Fast Food,True,Kamla Nagar,False,0.4832960846077323
4227,Chill'm Bar & Cafe,True,Kamla Nagar,True,0.01381266283042848
18418240,Coffee & Cream,True,Kamla Nagar,True,0.7256411395200915
5083,Chawla Di Hutti,True,Kapashera,True,0.2943558210860653
302254,Sher 'A' Punjab Bhojnalya,True,Kapashera,True,0.06951243242331939
300973,Guru Rakha,True,Karampura,True,0.2673979842709623
307069,Shudh Vaishno Hotel,True,Karampura,True,0.10036115101042165
305289,Kumar Samose Wala,True,Karampura,True,0.4109709881887219
18376493,Amigo's Deli,True,Karkardooma,True,0.3602932608256627
307989,Ananda Food Express,True,Karkardooma,True,0.0928650951886143
310899,Green Chick Chop,True,Karkardooma,True,0.17395239464881862
18322591,Khana Vaana,True,Karkardooma,True,0.2276648541142683
18486915,Momoholic,True,Karkardooma,True,0.6000559811225538
302488,Nazeer Foods,True,Karkardooma,True,0.11061667100627037
3173,Pind Balluchi,True,Karkardooma,True,0.029369423984273557
313413,Rumours,True,Karkardooma,True,0.062053626606085155
307818,Spice Grill,True,Karkardooma,True,0.011020362468498024
310332,Utopia,True,Karkardooma,True,0.06670506553041877
2295,Aroma Rest O Bar,True,Karkardooma,True,0.017008500066016063
18361742,Cafe Shloka,True,Karkardooma,True,0.008778898009729641
303578,Chawla's Tandoori Junction,True,Karkardooma,True,0.17763213820559187
18429394,Desi Villa,True,Karkardooma,True,0.10490192938846599
6705,Kanwarji's,True,Karkardooma,True,0.24793094063128363
18250020,Palomino,True,Karkardooma,True,0.007951480577630177
18235498,Raasa The Luxuriate Fine Dine,True,Karkardooma,True,0.008148842102108644
300910,Shiv Tikki Wala,True,Karkardooma,True,0.3446922218860011
18317477,The Barbeque Company,True,Karkardooma,True,0.0544308645223206
308638,The Wrap Factory,True,Karkardooma,True,0.41559031469716234
1270,Urban Punjab,True,Karkardooma,True,0.1306917196066102
18268715,Classic,True,Karkardooma,True,0.23753056861783972
312518,Goosebumps,True,Karkardooma,True,0.057951050162881046
304028,Adyar Ananda Bhavan,True,Karol Bagh,True,0.05649430760765861
7422,Amma Mess,True,Karol Bagh,True,0.32811093198074837
306096,Amritsari Chaap Corner,True,Karol Bagh,True,0.47864355001879144
7450,Aroma Spice,True,Karol Bagh,True,0.15428390444188378
306106,Boheme Cafe Bar,True,Karol Bagh,True,0.0071398979680245
303963,Cafe Coffee Day,True,Karol Bagh,True,0.35370032536677576
18124379,Chinese King,True,Karol Bagh,True,0.03964012462525246
310758,Chopsuey,True,Karol Bagh,True,0.06912859164663165
309606,Chowringhee,True,Karol Bagh,True,0.03433914655858605
2408,Crossroad Bar and Restaurant,True,Karol Bagh,True,0.14042427748736452
309560,Domino's Pizza,True,Karol Bagh,True,0.1825495913990367
306405,Giani's,True,Karol Bagh,True,0.05498319325914125
5529,Giani,True,Karol Bagh,True,0.06504574602807811
9459,Gulnar Bar Be Que,True,Karol Bagh,True,0.03655556828968398
300359,Kwality Bengali Sweets,True,Karol Bagh,True,0.4019994759530602
18128869,Little Chef,True,Karol Bagh,True,0.014156736537014214
9011,M J Dosa Corner,True,Karol Bagh,True,0.4165848229864547
5507,Moolchand's,True,Karol Bagh,True,0.2040750911438708
303704,New Angaar Hyderabadi,True,Karol Bagh,True,0.04089908991212754
1924,New Frontier Hotel,True,Karol Bagh,True,0.45272777661505126
300257,Oberoi Biryani,True,Karol Bagh,True,0.15540806765929394
7534,Om Ji Om,True,Karol Bagh,True,0.3309042326073266
1925,Om Saravana Bhavan,True,Karol Bagh,True,0.4308410956091637
311719,Pindi Meat,True,Karol Bagh,True,0.46442731749983435
1926,Punjab Sweet Corner,True,Karol Bagh,True,0.08834464935156883
306392,R1 Lounge,True,Karol Bagh,True,0.011046746299904986
306338,R1 Take Away,True,Karol Bagh,True,0.02511650248922981
1905,Raffles,True,Karol Bagh,True,0.11751493680664227
300350,Raj Sweets,True,Karol Bagh,True,0.5431450537795002
7424,Ramas Cafe,True,Karol Bagh,True,0.24694629438446092
1906,Sandoz,True,Karol Bagh,True,0.1750094775151938
1908,Sandoz,True,Karol Bagh,True,0.18460517655227027
1618,Shudh,True,Karol Bagh,True,0.03125840414009218
309064,Southy,True,Karol Bagh,True,0.0811518175285112
1931,Spicy by Nature,True,Karol Bagh,True,0.09784174438343551
18277018,Spicy N Karara,True,Karol Bagh,True,0.02927576286330591
18425764,Spooky Sky,True,Karol Bagh,True,0.020077768848411726
1933,Sri Krishna Udupi,True,Karol Bagh,True,0.39290101202796734
2411,Tempting Restaurant,True,Karol Bagh,True,0.017948464264102015
18377922,The Smokin' Grill by The Flashback,True,Karol Bagh,True,0.1168448346747174
18138437,Three Tuns,True,Karol Bagh,True,0.030661918431114987
4655,Wah Ji Wah,True,Karol Bagh,True,0.04236678501636881
18289258,Wow! Momo,True,Karol Bagh,True,0.32534720009700924
18198463,Wrap & Roll,True,Karol Bagh,True,0.07431104494640195
300347,Anjlika Pastry Shop,True,Karol Bagh,True,0.18584404006104138
18423807,Bakeology,True,Karol Bagh,True,0.7203418623497788
300661,Changezi Chicken,True,Karol Bagh,True,0.03724754294411148
18349796,Chargrill Resto Bar,True,Karol Bagh,True,0.020088573852970804
306643,Chowringhee,True,Karol Bagh,True,0.09365892911895635
305758,Glenz Cafe N Bakers,True,Karol Bagh,True,0.02520484928866329
18240475,Happy2Bake,True,Karol Bagh,True,0.11684778729732914
18238241,Nazeer Foods,True,Karol Bagh,True,0.04049200197732661
306071,Pakode Ki Dukaan,True,Karol Bagh,True,0.4708021560075908
8864,Peshawari Chicken Corner,True,Karol Bagh,True,0.09005784906530712
9643,Prem Dhaba,True,Karol Bagh,True,0.3529881874772306
9016,Ravi Raj Di Kulfi,True,Karol Bagh,True,0.4368229720852105
300594,Shawarma King's,True,Karol Bagh,True,0.07873202806037372
8872,Shri Rama Restaurant,True,Karol Bagh,True,0.05505695562999058
2407,Sri Balaji,True,Karol Bagh,True,0.15288381387016625
7526,Standard Burfee,True,Karol Bagh,True,0.37870878161558585
306403,Subway,True,Karol Bagh,True,0.07931100350260734
1301,Suruchi,True,Karol Bagh,True,0.011396816293227419
1904,Tera Hotel,True,Karol Bagh,True,0.45043371244003483
18322672,The Diet Kitchen,True,Karol Bagh,True,0.033965912731668824
5560,The Spot,True,Karol Bagh,True,0.48649076378341727
307332,Wrapss,True,Karol Bagh,True,0.05763045066910588
311755,Wrapss,True,Karol Bagh,True,0.058366858613428385
18396684,Al Naseem Foods Shawarma,True,Karol Bagh,False,0.5072352554503998
18453049,Ganpati Bhoj,True,Karol Bagh,False,0.5220454179207932
312000,Pandit Dhaba,True,Karol Bagh,False,0.5100087630243677
18203154,Red Chili Potato,True,Karol Bagh,False,0.5205940062890966
305360,Cafe Coffee Day,True,Karol Bagh,True,0.31388350339923543
1923,Jade Garden,True,Karol Bagh,True,0.1291661280260581
8933,Art of Spices,True,Karol Bagh,True,0.14662539617338932
312003,Sindhi Corner,True,Karol Bagh,True,0.4990639745014702
18446504,The Feast House,True,Karol Bagh,True,0.01885176885750406
3541,Zaffran,True,"Kasbah, Greater Kailash (GK) 1",True,0.13378442246960243
189,McDonald's,True,Kashmiri Gate,True,0.3765553577434291
18322651,Captain Grub,True,Khan Market,True,0.013130286213942854
5586,M:Eat by Blanco,True,Khan Market,True,0.34514458045186724
303574,Omazoni,True,Khan Market,True,0.008818452270388466
304628,Prabhu Chaat Bhandar,True,Khan Market,True,0.4817630067480877
4624,Sugar & Spice - Le Marche,True,Khan Market,True,0.17004089321524307
1614,Big Chill,True,Khan Market,True,0.04757175603189345
8244,Big Chill,True,Khan Market,True,0.039141507607166615
3406,Amici Cafe,True,Khan Market,True,0.009266938451296891
309576,Azam's Mughlai,True,Khan Market,True,0.3177963898057101
4741,Boombox Cafe,True,Khan Market,True,0.01525163463105872
310674,Cafe Illuminatii,True,Khan Market,True,0.0025330474966223093
1901,Cafe Turtle,True,Khan Market,True,0.05739148703639352
813,China Fare,True,Khan Market,True,0.18987674341365557
304989,Chokola,True,Khan Market,True,0.021326318345376016
300642,Cravings By Arshi Dhupia,True,Khan Market,True,0.16646949979676118
307284,Harry's Bar + Cafe,True,Khan Market,True,0.03998485395417117
844,Khan Chacha,True,Khan Market,True,0.190796913106282
308337,La Bodega,True,Khan Market,True,0.01917873958847016
307822,La Vie,True,Khan Market,True,0.022882607371723096
3425,Latitude 28,True,Khan Market,True,0.03221231227113375
6271,Laziz Kabab (Subhash Restaurant),True,Khan Market,True,0.4636801820597807
312710,Mr. Choy,True,Khan Market,True,0.027648423009491663
18255125,Public Affair,True,Khan Market,True,0.0904651077341484
18285728,Qureshi Kabab,True,Khan Market,True,0.45411377474891457
305686,Side Wok,True,Khan Market,True,0.0019275013615283054
154,Subway,True,Khan Market,True,0.013575722846758342
18361747,t Lounge by Dilmah,True,Khan Market,True,0.13646763630285186
9618,The Blue Door Cafe,True,Khan Market,True,0.03797535498093563
307370,The Coffee Bean & Tea Leaf,True,Khan Market,True,0.23538082616016864
307802,Town Hall,True,Khan Market,True,0.027274154589620125
307799,Wok  In The Clouds,True,Khan Market,True,0.007872422543199198
18486842,Cafe Coffee Day,True,Khan Market,False,0.3042999109717205
18419910,Civil House,True,Khan Market,True,0.05915485348484417
4296,L'Opera,True,Khan Market,True,0.037508935787925135
2632,Mamagoto,True,Khan Market,True,0.006035145597378722
7227,Out Of The Box,True,Khan Market,True,0.008757945712972837
18221038,Parallel,True,Khan Market,True,0.048455054161741784
313299,Perch Wine & Coffee Bar,True,Khan Market,True,0.0413836370934999
300656,Smoke House Deli,True,Khan Market,True,0.045160974650206964
313207,Smokey's BBQ and Grill,True,Khan Market,True,0.010115918816019476
309788,SodaBottleOpenerWala,True,Khan Market,True,0.07772117557235547
18082237,The Artful Baker,True,Khan Market,True,0.1768579970452976
311531,The Big Chill Cakery,True,Khan Market,True,0.1783818806047054
18273615,The Chatter House,True,Khan Market,True,0.03321247537473604
17953908,Amaze Dining,True,Kirti Nagar,True,0.07980186284003077
305722,Amritsari Naan & Kulcha,True,Kirti Nagar,True,0.43933870606087344
18430600,Bangla Sweets,True,Kirti Nagar,True,0.021405915387312735
18441800,Bj's Lounge & Cafe,True,Kirti Nagar,True,0.02521865590826111
18337965,BTW,True,Kirti Nagar,True,0.15254225343710492
300452,Cabana's Kabab & Curry's,True,Kirti Nagar,True,0.20951958467452514
5590,Cafe Coffee Day,True,Kirti Nagar,True,0.28705337857076263
18070502,Chaap Point,True,Kirti Nagar,True,0.3606703311497813
312098,Chicken Chilli Corner,True,Kirti Nagar,True,0.19775911241762278
303635,Chinese Dragon,True,Kirti Nagar,True,0.19279415218298745
302456,Copper Restro Bar,True,Kirti Nagar,True,0.043199539968992284
9549,Corner Sweets,True,Kirti Nagar,True,0.33778416428038516
306488,D'Casa,True,Kirti Nagar,True,0.03651534276397428
302142,Delhi 15,True,Kirti Nagar,True,0.014371273187520517
18350118,Dialogue Lounge & Cafí©,True,Kirti Nagar,True,0.15272565101582813
7396,Domino's Pizza,True,Kirti Nagar,True,0.1255621954838143
18435836,Flavours From Heaven,True,Kirti Nagar,True,0.17758615734368044
18277180,Flavours Of Biryani,True,Kirti Nagar,True,0.07936325978159953
18366018,Flirty Momo's,True,Kirti Nagar,True,0.08031265530594045
308555,Gedi Grill,True,Kirti Nagar,True,0.12730468954301866
306662,Green Chick Chop,True,Kirti Nagar,True,0.19434588530348107
310253,Indian Bites,True,Kirti Nagar,True,0.031005918162738677
5664,Karan's Vaishno Dhaba,True,Kirti Nagar,True,0.11199651433508051
18460329,Le Swaadik,True,Kirti Nagar,True,0.19907984164459813
18360284,Let's Meet Up,True,Kirti Nagar,True,0.3572889956092363
9552,Madan's Kabab Centre,True,Kirti Nagar,True,0.1984740657616587
308156,Midnight Fries,True,Kirti Nagar,True,0.024923547128824386
308189,Moradabadi Biryani,True,Kirti Nagar,True,0.3263899563869136
300448,Namdhari's Icecream & Bakers,True,Kirti Nagar,True,0.22987868662127853
311944,Pahariya Chicken Corner,True,Kirti Nagar,True,0.2961305330105837
9550,Pahariya Chicken,True,Kirti Nagar,True,0.41612314536715944
18198179,Pappi Machhi Wala,True,Kirti Nagar,True,0.4242133376791065
7400,Pizza Hut Delivery,True,Kirti Nagar,True,0.013127139106067776
309289,Polka Cakes & Coffee,True,Kirti Nagar,True,0.2149521827017803
18365872,Punjabi Joint,True,Kirti Nagar,True,0.13709907456720294
9050,Rain Tree Grill,True,Kirti Nagar,True,0.007276482139502161
18366011,Resunga Food Corner,True,Kirti Nagar,True,0.21753025417809346
305720,Shri Ram Poori Wale,True,Kirti Nagar,True,0.3878524363281014
4036,Supa's Restaurant,True,Kirti Nagar,True,0.11893239205822947
5658,Swad Fast Food,True,Kirti Nagar,True,0.3340358231657313
5659,Syall Kotian Da Dhaba,True,Kirti Nagar,True,0.2425936417775637
18265677,The Krib,True,Kirti Nagar,True,0.038308434231367205
309998,Turtle Bay,True,Kirti Nagar,True,0.05787878329253626
18201995,Yakooz,True,Kirti Nagar,True,0.18397352743800865
306245,Above & Beyond,True,Kirti Nagar,True,0.006682904489738073
306168,Bawa Chicken,True,Kirti Nagar,True,0.11368248329822006
18365996,Chatore,True,Kirti Nagar,True,0.398581646104196
311448,Chocomore,True,Kirti Nagar,True,0.6485939048094225
303350,Clay 1 Grill,True,Kirti Nagar,True,0.07878643036324207
18378056,Firangi Island,True,Kirti Nagar,True,0.0341699721541302
9513,Jeet Chaat Bhandar,True,Kirti Nagar,True,0.4111204230242391
18303704,Mr. Grill,True,Kirti Nagar,True,0.03608822243088172
308111,Tikka Junction,True,Kirti Nagar,True,0.026632534959328047
312922,Momos Hut & Chinese Food,True,Kirti Nagar,True,0.20194289270817467
3918,Wah Ji Wah,True,Kirti Nagar,True,0.3308505929899118
308784,Yo! China,True,Kirti Nagar,True,0.04365451113393437
2316,Aapki Apni Rasoi,True,Krishna Nagar,True,0.8025099378759434
2315,Aapki Rasoi,True,Krishna Nagar,True,0.7167839371668985
313307,Advance Bakery,True,Krishna Nagar,True,0.8680420074723276
301208,Apni Rasoi,True,Krishna Nagar,True,0.7081862228805995
18386203,Bakeyard,True,Krishna Nagar,True,0.9601258693189744
18258507,Bharat Chicken Inn Foods,True,Krishna Nagar,True,0.7715599976780557
313091,Bobby Veg Corner,True,Krishna Nagar,True,0.7349851889400429
313381,Brunch Point,True,Krishna Nagar,True,0.7980960764040553
301201,Bunty Dhaba,True,Krishna Nagar,True,0.12545540414448708
309496,Chandni Chowk Ka Sonu Parathe Wala,True,Krishna Nagar,True,0.7952707243177202
2297,Chankya,True,Krishna Nagar,True,0.47189833151059224
305003,Chaudhary Di Hatti,True,Krishna Nagar,True,0.702678403861728
306310,Cook Du Kdu,True,Krishna Nagar,True,0.10367258681707281
18332058,Daawat Restaurant,True,Krishna Nagar,True,0.13511287209163036
18128895,Delhi Dairy,True,Krishna Nagar,True,0.7329314164080873
312747,Domino's Pizza,True,Krishna Nagar,True,0.42816329221220795
6128,Domino's Pizza,True,Krishna Nagar,True,0.4372583906997549
304994,F 2 Pastry Shop,True,Krishna Nagar,True,0.6743002410754597
313132,Food Villa,True,Krishna Nagar,True,0.5824061214960555
18423095,Goosebumps,True,Krishna Nagar,True,0.5707532843403285
18378024,Gulab,True,Krishna Nagar,True,0.44361316286937447
313508,Health Buzzz,True,Krishna Nagar,True,0.35876482713626123
301213,Jain Dhaba,True,Krishna Nagar,True,0.8132056375215062
8293,Jeeta Kulfi Walle,True,Krishna Nagar,True,0.7434229132561068
309495,Kamal Meat House,True,Krishna Nagar,True,0.7531119701807379
305565,Katyani Rasoi,True,Krishna Nagar,True,0.7830340958684151
309489,Magic Masala,True,Krishna Nagar,True,0.572189115803714
3772,Masala Magic,True,Krishna Nagar,True,0.6280202177102663
301204,Mother Sweets,True,Krishna Nagar,True,0.802035636611841
18421495,Panj Taara,True,Krishna Nagar,True,0.675376839172487
306656,Prince Fried N Grilled Chicken,True,Krishna Nagar,True,0.7468592125377533
18126085,Punjabi's Veg Grill,True,Krishna Nagar,True,0.5989445193135738
308942,Raja Chat Corner,True,Krishna Nagar,True,0.7601653596113351
309254,Rajshree,True,Krishna Nagar,True,0.4736213951928626
301417,Sachdeva Chicken Corner,True,Krishna Nagar,True,0.6370858429012007
301203,Shree Rathnam,True,Krishna Nagar,True,0.11591133172646728
18014143,Sialkot,True,Krishna Nagar,True,0.7502722233672088
309793,Singh-O-Singh Kebabs,True,Krishna Nagar,True,0.20724536018598172
6131,Super Snacks,True,Krishna Nagar,True,0.4054354150083789
309498,Tandoori Night,True,Krishna Nagar,True,0.4917115096329071
1274,The Chaupal Bar And Restaurant,True,Krishna Nagar,True,0.559874195023147
18431416,The Grill Point,True,Krishna Nagar,True,0.8667570826364692
309481,The Roll Hut,True,Krishna Nagar,True,0.7060345347418227
301207,Triveni,True,Krishna Nagar,True,0.5221763158253073
18409201,Gokul Foods,True,Krishna Nagar,True,0.5873406531988566
308938,Papa Pizza,True,Krishna Nagar,True,0.6678810983832295
18282453,Aalishaan,True,Krishna Nagar,False,0.7543777753969816
18434966,Amritsari Chaat Bhandar,True,Krishna Nagar,False,0.948492385245546
18349764,Bansal Foods,True,Krishna Nagar,False,0.9050751946975538
18421474,Bhatia Chinese Food,True,Krishna Nagar,False,0.5648420590327401
18377904,Break Fast Junction,True,Krishna Nagar,False,0.793971347091488
18421482,Breakfast Hut,True,Krishna Nagar,False,0.7494771322219423
18433869,Buddy 's. Pizza,True,Krishna Nagar,False,0.7842864011074598
18376495,Chai Garam,True,Krishna Nagar,False,0.5971963534169966
309483,Deepu Fish & Chicken,True,Krishna Nagar,False,0.5952431282287705
18217428,deliKitchen,True,Krishna Nagar,False,0.8220362665313234
18323446,Dial A Cake,True,Krishna Nagar,False,0.24536723789733972
18423892,Fuel Diet Cafe,True,Krishna Nagar,False,0.7316484599359501
18432000,GO CHATZ With Breadz,True,Krishna Nagar,False,0.6649244996198929
18261956,Goldy Chat Bhandar,True,Krishna Nagar,False,0.8105553687023529
18378017,Green Chick Chop,True,Krishna Nagar,False,0.6203979301145965
18126099,Hungry Heights,True,Krishna Nagar,False,0.7635300467867696
18423101,Kebabish,True,Krishna Nagar,False,0.5952431282287705
18376513,Khalsa Dhaba,True,Krishna Nagar,False,0.7837282066757849
18432218,Khanna's Hot Pizza,True,Krishna Nagar,False,0.7444636265567718
18255168,Lets Eat Veg,True,Krishna Nagar,False,0.7459719266493101
18384143,Mitra Da Dhabha,True,Krishna Nagar,False,0.9130577870368619
18222598,Murliwala Bakers,True,Krishna Nagar,False,0.637136932900833
18431979,Panjabi Chic-Shoppe,True,Krishna Nagar,False,0.6767531199372254
313225,Raj Petha Bhandar,True,Krishna Nagar,False,0.804620573245701
18423103,Ramlal Sweets,True,Krishna Nagar,False,0.7592929582509742
308940,Sanjha Chula Baba Da,True,Krishna Nagar,False,0.7552274866460487
18433871,Sri Krishna,True,Krishna Nagar,False,0.7681549250690058
308928,Sugandh Corner,True,Krishna Nagar,False,0.7502169934098936
18469838,The Friends Cafe,True,Krishna Nagar,False,0.9174826427162833
18458342,The Muffin Girl,True,Krishna Nagar,False,0.7528225051863283
18382338,Rainbows,True,Lado Sarai,True,0.7033725734744718
17977751,The Nest,True,Lado Sarai,True,0.5597756217398434
18382373,Burger Head Quarter BHQ,True,Lado Sarai,False,0.9141418984172254
18485936,Chez Jerome - Q Cafe,True,Lado Sarai,False,0.9337195343704259
18415370,Mr. Billiken,True,Lado Sarai,False,0.8610167974457728
18363216,Mulligan Cafe,True,Lado Sarai,False,0.9776923229606422
18472689,Naya Adda,True,Lado Sarai,False,0.9334086371148347
18385727,OCD - Online Cake Delivery,True,Lado Sarai,False,0.8334572964227857
18414508,Puja Sandwich House,True,Lado Sarai,False,0.9108230014731715
9571,Ambersari Dhaba,True,Lajpat Nagar 1,True,0.8653268074929477
313491,Arabian Knites,True,Lajpat Nagar 1,True,0.6738328974573766
18260714,Aryan's Rajasthani Pyaz Ki Kachori,True,Lajpat Nagar 1,True,0.8186060637794901
310344,Aviram's Chinese Kitchen,True,Lajpat Nagar 1,True,0.43934304896542986
9875,Bhagwan Sweets,True,Lajpat Nagar 1,True,0.6607984535822595
18396161,Chawla,True,Lajpat Nagar 1,True,0.4030733802885079
9572,Chinese Hut,True,Lajpat Nagar 1,True,0.3729168693264263
18371289,Flavourz,True,Lajpat Nagar 1,True,0.5387971840523484
18356840,Lets Bake Love,True,Lajpat Nagar 1,True,0.6688920951754092
303784,Mahadev Dhaba,True,Lajpat Nagar 1,True,0.4822496694359224
9906,Sethi's Food Corner,True,Lajpat Nagar 1,True,0.6812956737046661
305581,Sethi's Restaurant,True,Lajpat Nagar 1,True,0.2199825082019029
9588,Sindhi Kulfi,True,Lajpat Nagar 1,True,0.8333886202426168
312798,Sri Kamakshi Vilas,True,Lajpat Nagar 1,True,0.798047847620696
18361738,The Midnight Hub - C,True,Lajpat Nagar 1,True,0.2806262508065074
9579,Anand Ji,True,Lajpat Nagar 1,True,0.8045434822479508
309816,Happy Hakka,True,Lajpat Nagar 1,True,0.16002519433362294
307283,Oberoi's,True,Lajpat Nagar 1,True,0.28027644681244535
311150,Relax Restaurant,True,Lajpat Nagar 1,True,0.18960663940756206
18294237,Al-Rihan,True,Lajpat Nagar 1,False,0.878368463576435
18455557,All Day 99,True,Lajpat Nagar 1,False,0.3010728163412125
18425773,Anna Dosa,True,Lajpat Nagar 1,False,0.8594545264282383
310358,Chick Chicken House,True,Lajpat Nagar 1,False,0.7801147368714836
18425161,Chicken King,True,Lajpat Nagar 1,False,0.8557428311362018
308704,Choco Kraft,True,Lajpat Nagar 1,False,0.29533495178567404
18323603,Cocoalicious Delights,True,Lajpat Nagar 1,False,0.9428465512938988
18025089,FNV,True,Lajpat Nagar 1,False,0.6255922156413221
18264993,Food En Vouge,True,Lajpat Nagar 1,False,0.506540829158717
18429151,Food Junction,True,Lajpat Nagar 1,False,0.895127917052566
18429161,Gian Ji Punjabi Dhaba,True,Lajpat Nagar 1,False,0.895527684835213
18425781,Govinda,True,Lajpat Nagar 1,False,0.8625779621131748
18446391,Intermission,True,Lajpat Nagar 1,False,0.34133284548026444
18481310,Karma Cafe & Lounge,True,Lajpat Nagar 1,False,0.3102820196194528
18425777,Lotes Bakes,True,Lajpat Nagar 1,False,0.43378389800134687
18429157,New Anna Ka Dosa,True,Lajpat Nagar 1,False,0.9040146694791797
18265712,New Sethi's,True,Lajpat Nagar 1,False,0.7347941151838422
9599,Punjab Sweets,True,Lajpat Nagar 1,False,0.8193839665250935
18425148,Shri Ram Dhaba,True,Lajpat Nagar 1,False,0.8130857896175684
18265724,Standard Punjabi Food,True,Lajpat Nagar 1,False,0.5014708104088048
18458659,Sunrise Bakery,True,Lajpat Nagar 1,False,0.97184985028887
18424905,Taste of Spice,True,Lajpat Nagar 1,False,0.48011618672657697
18410302,The Celiac Kitchen,True,Lajpat Nagar 1,False,0.932851605600632
7856,Aggarwal Sweet Corner,True,Lajpat Nagar 2,True,0.032454806705738526
18365894,Behrouz Biryani,True,Lajpat Nagar 2,True,0.04577337038416407
18441523,Biryani Blues,True,Lajpat Nagar 2,True,0.022438392191329926
18400728,Burger King,True,Lajpat Nagar 2,True,0.035802738679585056
310345,Domino's Pizza,True,Lajpat Nagar 2,True,0.18048722651005134
9596,Gopal (Sindhi) Restaurant,True,Lajpat Nagar 2,True,0.05688180795229891
302577,Kabul Delhi,True,Lajpat Nagar 2,True,0.15212996639927923
18334458,Khan Chacha,True,Lajpat Nagar 2,True,0.028914361968361724
4847,Pizza Hut Delivery,True,Lajpat Nagar 2,True,0.020470272353904306
2601,Punjabi Jaika,True,Lajpat Nagar 2,True,0.24572719731236492
3490,Rozy Restaurant,True,Lajpat Nagar 2,True,0.16186673137098562
18349930,Taj Cafe,True,Lajpat Nagar 2,True,0.20606272502233824
7735,Tewari Sweets,True,Lajpat Nagar 2,True,0.09079054757704452
301239,The Burger Hut & Cake Shop,True,Lajpat Nagar 2,True,0.031386469717015086
7861,Angel's Basket,True,Lajpat Nagar 2,True,0.4240117926594641
491,Bikanervala,True,Lajpat Nagar 2,True,0.002483278967474578
553,Haldiram's,True,Lajpat Nagar 2,True,0.0305609399233987
18426285,Moon of Taj,True,Lajpat Nagar 2,True,0.05680346502758249
18345810,Tongue Thai'd,True,Lajpat Nagar 2,True,0.020893898697175173
7906,Udupi Sai Sarover,True,Lajpat Nagar 2,True,0.12217241746474072
311593,Wagh Bakri Tea Lounge,True,Lajpat Nagar 2,True,0.2095611645151937
18466740,K2 Multi Cuisine Restaurant,True,Lajpat Nagar 2,False,0.021129227812802687
1533,Tibet Kitchen,True,Lajpat Nagar 4,True,0.22511047129377681
9529,Baba Nagpal Corner,True,Lajpat Nagar 4,True,0.321663288299211
311466,Burger Street,True,Lawrence Road,True,0.7308247574095499
5358,Dilli Zaika,True,Lawrence Road,True,0.6496239783582158
301532,Mughal Chic Inn,True,Lawrence Road,True,0.6206311176021442
18336529,Nutrition Theka,True,Lawrence Road,True,0.6587421012810055
301530,Punjabi Chaap Corner,True,Lawrence Road,True,0.5048331545834533
18317975,Samosa Street,True,Lawrence Road,True,0.7500788459182469
18469935,Shanu's Chicken Planet,True,Lawrence Road,True,0.5576193602610369
300874,Shanu's Food Shop,True,Lawrence Road,True,0.24129822603271744
18357561,Bigbee,True,Lawrence Road,False,0.8036292016600903
18445793,Delhi 6 Cafe,True,Lawrence Road,False,0.7179727259687486
18458348,Lala Ji Sweets,True,Lawrence Road,False,0.9106613994040265
18449646,MK's Chinese Food,True,Lawrence Road,False,0.712248108235826
18445784,Nirvana The Divine Kitchen,True,Lawrence Road,False,0.5680273184182999
18378861,Preechen,True,Lawrence Road,False,0.6325867168345283
301677,Rahul Eggs,True,Lawrence Road,True,0.7855302669063575
8537,7 Stick,True,Laxmi Nagar,True,0.32924451420903766
18268367,Aashirwad Restaurant,True,Laxmi Nagar,True,0.09203293796233336
18244534,Amar Bakery,True,Laxmi Nagar,True,0.21217729800475582
8517,Apni Rasoi,True,Laxmi Nagar,True,0.41093469870213384
310653,Baked Buns,True,Laxmi Nagar,True,0.08434180374659028
312479,Banspi,True,Laxmi Nagar,True,0.43657162185953524
18222593,Benchmark,True,Laxmi Nagar,True,0.18730393049910554
2012,Bobby Tikki Wala,True,Laxmi Nagar,True,0.41425265063090655
6265,Cafe Coffee Day,True,Laxmi Nagar,True,0.33904954552616573
9829,Cafe Coffee Day,True,Laxmi Nagar,True,0.33111847676775685
311949,Canteeno,True,Laxmi Nagar,True,0.3799851961084967
18421027,Chai Mantra,True,Laxmi Nagar,True,0.2556133630047003
304957,Chandni Chowk ke Mashhoor Makkhan Wale Paranthe,True,Laxmi Nagar,True,0.43111949573560715
305948,Chandni Chowk Parantha Corner,True,Laxmi Nagar,True,0.46687947363387483
306113,Chauhan Laxmi Sweets,True,Laxmi Nagar,True,0.5242272342255044
305987,Chawla's The Cake Room,True,Laxmi Nagar,True,0.07058877585688517
4935,China Town,True,Laxmi Nagar,True,0.3830304922305987
313265,Domino's Pizza,True,Laxmi Nagar,True,0.1671164119737244
18414470,Faasos,True,Laxmi Nagar,True,0.027602560022244704
18377903,Fast Trax,True,Laxmi Nagar,True,0.08401624525764362
300729,Finger Licious,True,Laxmi Nagar,True,0.07409418525315759
9850,Gulshan Pastry Shop,True,Laxmi Nagar,True,0.4672105139716278
4939,Handa's,True,Laxmi Nagar,True,0.06514159496325322
18416369,Homely Delight,True,Laxmi Nagar,True,0.39366935978879913
311194,Jahangeer Foods,True,Laxmi Nagar,True,0.04311863709092256
1205,Kaleva,True,Laxmi Nagar,True,0.3301595289162922
305949,Laxmi Vaishno Dhaba,True,Laxmi Nagar,True,0.4246196236427838
18400760,Little Pleasure Restaurant & Cafe,True,Laxmi Nagar,True,0.279231907786858
18372696,Mauryan Multi Cuisine Restaurant,True,Laxmi Nagar,True,0.06104584830084092
9849,Mehta Food Junction,True,Laxmi Nagar,True,0.08338415934752319
305298,Om Bikaner Wale,True,Laxmi Nagar,True,0.3848628719790732
18451584,Ovenstory Pizza,True,Laxmi Nagar,True,0.026492798687739016
18291212,Prasadam,True,Laxmi Nagar,True,0.32249670814682185
6072,Priyanshi Fast Food,True,Laxmi Nagar,True,0.42513549168983
308253,Punjabi Tadka,True,Laxmi Nagar,True,0.4118496986434439
18354257,Pyaali,True,Laxmi Nagar,True,0.08413664140141086
6095,Ruby Dhaba,True,Laxmi Nagar,True,0.3440115739403361
305942,Shree Manakamna Fast Food,True,Laxmi Nagar,True,0.49469971151252146
18208895,The Chinese Hut,True,Laxmi Nagar,True,0.31924059014958006
309190,The Chinese Hut,True,Laxmi Nagar,True,0.07936852889158463
18472702,The Chinese Kitchen,True,Laxmi Nagar,True,0.8470232452269755
311331,Twenty Four Seven,True,Laxmi Nagar,True,0.3529820482988675
18418242,Vegie Kitchen,True,Laxmi Nagar,True,0.3611742060666825
18365372,Behrouz Biryani,True,Laxmi Nagar,True,0.06131187039363395
18415367,Burger King,True,Laxmi Nagar,True,0.02925980149050389
18382755,Mohit di Hatti,True,Laxmi Nagar,True,0.4888309363089287
312385,Play Pizza,True,Laxmi Nagar,True,0.04183357753425632
18345730,Sushiya Express,True,Laxmi Nagar,True,0.029450211470596455
312639,Tantrum Coffee Bar,True,Laxmi Nagar,True,0.2409805538262827
18381652,Chawla's Tandoori Junction,True,Laxmi Nagar,False,0.1819039801494422
18440186,Chennai Express Greens,True,Laxmi Nagar,False,0.463021275706213
18421464,Omi Pizza,True,Laxmi Nagar,False,0.48157426294954186
18440394,South Indian & Chinese Fast Food,True,Laxmi Nagar,False,0.2747578335556675
18441680,The Khoj Cafe Restaurent,True,Laxmi Nagar,False,0.3813672341154929
6122,Bharat Chicken Inn,True,Laxmi Nagar,True,0.031095891846914858
584,Nathu's Sweets,True,Laxmi Nagar,True,0.012129174748601312
4725,Wah Ji Wah,True,Laxmi Nagar,True,0.03718397528977935
18070486,QD's Restaurant,True,Laxmi Nagar,True,0.017496905963714338
3943,Henri's Bar - Le Meridien,True,"Le Meridien, Janpath",True,0.10829605382114316
3246,Le Belvedere - Le Meridien,True,"Le Meridien, Janpath",True,0.05855904448013072
4380,Longitude - Le Meridien,True,"Le Meridien, Janpath",True,0.08812095444989054
6600,Nero - Le Meridien,True,"Le Meridien, Janpath",True,0.07519939195239389
3937,The One - Le Meridien,True,"Le Meridien, Janpath",True,0.07332662495454567
3235,Eau De Monsoon - Le Meridien,True,"Le Meridien, Janpath",True,0.015047406022448362
306815,Slounge - Lemon Tree Premier,True,"Lemon Tree Premier, Aerocity",True,0.29739261555732166
5869,Al Bake,True,"Living Style Mall, Jasola",True,0.1604019139152748
18273623,Al-Bawarchi,True,"Living Style Mall, Jasola",True,0.15580435124497294
2997,Big Dragon,True,"Living Style Mall, Jasola",True,0.16598796559178874
3371,BTW,True,"Living Style Mall, Jasola",True,0.1278610725604994
3003,Capital Curry,True,"Living Style Mall, Jasola",True,0.09691034961910694
3004,Domino's Pizza,True,"Living Style Mall, Jasola",True,0.1612453616714853
3744,Ekta's Kitchen,True,"Living Style Mall, Jasola",True,0.026734472820251654
9996,Gopal's,True,"Living Style Mall, Jasola",True,0.3318339578831262
2999,Moti Mahal Delux,True,"Living Style Mall, Jasola",True,0.007991585062178341
9929,Open Oven,True,"Living Style Mall, Jasola",True,0.18629981915505311
3002,Relax Xpress,True,"Living Style Mall, Jasola",True,0.024409314151341732
5899,Roll Club,True,"Living Style Mall, Jasola",True,0.3535074292445718
2995,SM Gopal Ice Cream & Cakes,True,"Living Style Mall, Jasola",True,0.3337315046993622
9316,Bangla Sweet Corner,True,Lodhi Colony,True,0.21059887520245335
311766,Chinois,True,Lodhi Colony,True,0.15056000114859858
3493,Dawat,True,Lodhi Colony,True,0.2640019925592475
18027962,Establishment Ristorante,True,Lodhi Colony,True,0.8059667246144523
1407,Ganesha Sweets & Restaurant,True,Lodhi Colony,True,0.16610592762052634
1917,Gopala,True,Lodhi Colony,True,0.30485903941649917
3497,Green Chick Chop,True,Lodhi Colony,True,0.21547100065513602
3494,Hot Chimney,True,Lodhi Colony,True,0.1351807168239133
18222557,Icon,True,Lodhi Colony,True,0.11545138201889382
1397,Juneja's Eating Plaza,True,Lodhi Colony,True,0.021299559670380552
18346857,Lodhi Knights,True,Lodhi Colony,True,0.47445845501973993
6222,Ram Singh's Bhoj,True,Lodhi Colony,True,0.3928566397806422
5727,Republic of Chicken,True,Lodhi Colony,True,0.2678266151474079
776,Slice of Italy,True,Lodhi Colony,True,0.014247167445386233
305604,Subway,True,Lodhi Colony,True,0.015731774693173106
18391309,The Altitude Cafe and Deli,True,Lodhi Colony,True,0.2850812867791025
18255171,Tokyo Mon Amour,True,Lodhi Colony,True,0.21724440207593632
313280,Bhane,True,Lodhi Colony,True,0.45819007238621845
18279453,Celeste,True,Lodhi Colony,True,0.17112811216067658
9315,Chidambaram's New Madras Hotel,True,Lodhi Colony,True,0.09165872118102925
18438416,CJ's Fresh,True,Lodhi Colony,True,0.003027621866368402
303753,Elma's Brasserie,True,Lodhi Colony,True,0.0050616236378966395
7515,Kunafa,True,Lodhi Colony,True,0.05763412147922542
308195,Lahori Gate,True,Lodhi Colony,True,0.01728615380153209
306088,M I Food Center,True,Lodhi Colony,True,0.16610592762052634
307223,Sugar Blossoms,True,Lodhi Colony,True,0.3050114399692815
18472648,Eywa by Saby @ Celeste,True,Lodhi Colony,False,0.4043038723511272
658,Cafe Coffee Day,True,Lodhi Colony,True,0.3245459199003432
304931,Guppy,True,Lodhi Colony,True,0.04172861758418378
18277165,Ping's Cafí© Orient,True,Lodhi Colony,True,0.0662739936456268
1819,The All American Diner,True,Lodhi Colony,True,0.1448518314747438
6203,Armaan's Restaurant,True,Lodhi Road,True,0.3645968429806965
5840,Garden Chef,True,Lodhi Road,True,0.7637576156934209
307695,Golooji's Chat Waat,True,Lodhi Road,True,0.7180800792238117
307693,Oriental Lee,True,Lodhi Road,True,0.47137828229410583
301654,Peshawari Restaurant,True,Lodhi Road,True,0.5351194358374634
307696,Tikka Town,True,Lodhi Road,True,0.5612427021642517
6202,Titu Restaurant,True,Lodhi Road,True,0.7091664329687093
300888,Vijay Dhaba,True,Lodhi Road,True,0.6352166850954515
307694,Wild Willy,True,Lodhi Road,True,0.4470755038994989
311470,Diva Spiced,True,Lodhi Road,True,0.15059615826177686
307692,Granma's Homemade,True,Lodhi Road,True,0.5808953609337302
4924,Karim's,True,Lodhi Road,True,0.22603275213021445
302742,Sab Ki Khatir,True,Lodhi Road,True,0.769178590038587
18471330,Golden Bakery,True,Lodhi Road,False,0.5478117771982206
6269,Krishan Sweets,True,Lodhi Road,False,0.6533582381619021
18423145,Rai Ji Caterers,True,Lodhi Road,False,0.6678022766955796
18444040,Szoun Chinese Food,True,Lodhi Road,False,0.6864997080582529
18391691,Yummy Mummy @ Delhi,True,Lodhi Road,False,0.6058659457498958
1188,Lodi - The Garden Restaurant,True,Lodhi Road,True,0.024285914991259983
7353,Aggarwal Sweets & Restaurant,True,Mahipalpur,True,0.5267163598969922
7365,Ashirwad Dhaba,True,Mahipalpur,True,0.90655530410358
303851,Barichi Restaurant,True,Mahipalpur,True,0.45823389024252115
9097,Bikaner Sweets,True,Mahipalpur,True,0.8974445822983214
7317,Bikaner,True,Mahipalpur,True,0.5463515931244936
311067,Chatori Zubaan 2,True,Mahipalpur,True,0.8281379041759085
305201,Chinese Mania,True,Mahipalpur,True,0.901060300908173
18312458,Da Pizza Corner,True,Mahipalpur,True,0.33684982722628143
7332,Dhaba Cash 'N' Carry Kitchen,True,Mahipalpur,True,0.8703261175546486
305180,Dom Dang Kins Restaurant,True,Mahipalpur,True,0.9002957996513989
4312,First Choice,True,Mahipalpur,True,0.6571253639965938
18356811,Hungry Hut,True,Mahipalpur,True,0.737290342803814
7315,Le Seasons Restaurant,True,Mahipalpur,True,0.7350177138042729
9145,Moti Mahal Delux,True,Mahipalpur,True,0.46501277281741926
18025111,Popsy's,True,Mahipalpur,True,0.6441401170370127
303958,Prabhu,True,Mahipalpur,True,0.6862716323915261
4311,Saptagiri,True,Mahipalpur,True,0.44940542537380523
7309,Spice Hut,True,Mahipalpur,True,0.6835880124971836
7307,Taste of Vishal,True,Mahipalpur,True,0.7219904169502958
4315,The Tandoori Night,True,Mahipalpur,True,0.8289830107995912
305151,Traffic Jaam,True,Mahipalpur,True,0.7925670247965231
7366,Tripti,True,Mahipalpur,True,0.32151853811903697
9141,Uttaranchal Dhaba & Restaurant,True,Mahipalpur,True,0.922003631219428
18333396,Wah Ji Wah,True,Mahipalpur,True,0.8351499086087888
7363,Resto 37,True,Mahipalpur,True,0.6506759197845143
305181,Aakash Sweets & Caterers,True,Mahipalpur,False,0.8580835953267771
18403469,Aapka Mangal Restaurant,True,Mahipalpur,False,0.8571897007353401
18416845,Al-Karim,True,Mahipalpur,False,0.9178006759531973
302475,Apna Dhaba,True,Mahipalpur,False,0.9295593396466647
18489805,Burger Wala,True,Mahipalpur,False,0.8483985156964337
302473,Cafe Highway,True,Mahipalpur,False,0.8949430037489795
18361932,Cake Point,True,Mahipalpur,False,0.3266218978263593
18414467,Chatori Zubaan Chur Chur Naan,True,Mahipalpur,False,0.9171601121251834
18358665,Coffee Shop,True,Mahipalpur,False,0.6211645764539331
18427203,Colonel's Kebabs & Curries,True,Mahipalpur,False,0.9211620857981299
18358663,Dhaba Cash 'n' Carry Kitchen Chur Chur Naan,True,Mahipalpur,False,0.928825086632804
18489807,Dolphin - The Food Cafe,True,Mahipalpur,False,0.7788489726996473
305183,First Treat Bakers,True,Mahipalpur,False,0.9215258255236517
305153,Flavours Of Delhi,True,Mahipalpur,False,0.6413058405733902
18372674,Foresto Lawn & Restaurant,True,Mahipalpur,False,0.6736224716934084
18356797,Jain Sweets & Bakers,True,Mahipalpur,False,0.8261682611805634
18414511,JD's Restaurant,True,Mahipalpur,False,0.882551197124877
18408033,Just Vada Pav,True,Mahipalpur,False,0.9716622845816109
18358661,Kaka De Dhaba,True,Mahipalpur,False,0.8971043356837866
18180072,Kolcata Bengali Dhaba,True,Mahipalpur,False,0.9149238137142063
18311961,Kukkuu Da Dhaba,True,Mahipalpur,False,0.9830409519869703
18416830,M&S Coffee Cafe,True,Mahipalpur,False,0.9001828112710967
18357534,Malabar Style Kitchen,True,Mahipalpur,False,0.9114985632666189
18356819,Mathura Lassi Wala,True,Mahipalpur,False,0.7900192876774859
18356795,Metropolitan Cafe,True,Mahipalpur,False,0.8018676369794593
18357529,Mr. Bake,True,Mahipalpur,False,0.9206966670586373
311666,Mughal-E-Zaika,True,Mahipalpur,False,0.7803420835924272
18357541,Mukesh Bhojnalaya,True,Mahipalpur,False,0.8998327687784744
312970,New Royal Blue Dhaba,True,Mahipalpur,False,0.9183727591563986
305190,New Sharma Chicken Corner,True,Mahipalpur,False,0.8482338615055405
303149,Pakwan,True,Mahipalpur,False,0.6605480533768587
18168164,Pizza Corner,True,Mahipalpur,False,0.8174406474797513
18489540,Pokhreli Kitchen,True,Mahipalpur,False,0.8751413205322692
18268344,Rasoi,True,Mahipalpur,False,0.7585150661183861
309219,Satya Dhaba,True,Mahipalpur,False,0.878647014341647
9129,Sha-O-Lin Chinese Fast Food,True,Mahipalpur,False,0.9029487614107911
18358657,Shahi Chicken Corner,True,Mahipalpur,False,0.8914488438301489
312972,Shama Muradabadi,True,Mahipalpur,False,0.8852830218120407
18415377,Sunil Punjabi Dhaba,True,Mahipalpur,False,0.8966283722922622
18489534,Sunita Dhaba,True,Mahipalpur,False,0.8844495811754045
18313112,Taste of India,True,Mahipalpur,False,0.3728861847933257
18416842,U.P. Al-Flah Restaurant,True,Mahipalpur,False,0.9164710211085628
7362,Vaishno Da Dhaba,True,Mahipalpur,False,0.8893649351832993
305189,Yadav Sweets,True,Mahipalpur,False,0.8521031287483193
3286,The Cavalry Bar - Maidens Hotel,True,"Maidens Hotel, Civil Lines",True,0.09104380607365448
4374,The Curzon Room - Maidens Hotel,True,"Maidens Hotel, Civil Lines",True,0.05930797687425571
4373,The Garden Terrace - Maidens Hotel,True,"Maidens Hotel, Civil Lines",True,0.04517502908227555
18232577,Ama Rabsel House,True,Majnu ka Tila,True,0.9094846294130071
18317502,Cafe Plus,True,Majnu ka Tila,True,0.9517208043260301
18410770,Hornbill,True,Majnu ka Tila,True,0.9205358116894057
18303701,Orange Cafe & Restaurant,True,Majnu ka Tila,True,0.9614169530333343
18272391,ABC Restaurant,True,Majnu ka Tila,False,0.9584849100585637
18422748,Achi Restaurant,True,Majnu ka Tila,False,0.9615702988288403
18424643,Asian House Restaurant,True,Majnu ka Tila,False,0.9222834309695849
18481209,Cafe 59,True,Majnu ka Tila,False,0.9803947281824974
304280,Drepung Loselling,True,Majnu ka Tila,False,0.9512419925808187
18272389,Dus Bab,True,Majnu ka Tila,False,0.9364637448635399
18261164,DZI House,True,Majnu ka Tila,False,0.8463697514509109
18391757,Good Luck Cafe,True,Majnu ka Tila,False,0.9681899905810026
18273526,Kathmandu,True,Majnu ka Tila,False,0.968993833314665
309101,Kullu Manali Restaurant,True,Majnu ka Tila,False,0.9419606168841733
18446419,Lhamo's Kitchen,True,Majnu ka Tila,False,0.9653278090747758
18424639,Lhasa Manthang Restaurant,True,Majnu ka Tila,False,0.9453644342670224
18446411,Lhasa Thali House,True,Majnu ka Tila,False,0.9671816330741958
18424646,Little Tibet,True,Majnu ka Tila,False,0.9371269320431459
18261162,Lotus House Restaurant,True,Majnu ka Tila,False,0.9023740828846675
18273530,Mahi Rasoi,True,Majnu ka Tila,False,0.8877521376564487
18446424,New Open Restaurant,True,Majnu ka Tila,False,0.9702981072769522
18272385,Rooftop Restaurant,True,Majnu ka Tila,False,0.968993833314665
18424635,Somang House Restaurant,True,Majnu ka Tila,False,0.8902324591400367
18272376,Tandoori Khazana,True,Majnu ka Tila,False,0.9584849100585637
18368943,Tsopema Restaurant,True,Majnu ka Tila,False,0.8988546302624163
308286,33 Food,True,Malviya Nagar,True,0.03127484196438468
18261723,Burger Point,True,Malviya Nagar,True,0.21128985158051372
18463424,Cafe Blur,True,Malviya Nagar,True,0.20672942696581065
650,Cafe Coffee Day,True,Malviya Nagar,True,0.2655220611219108
1037,Cafe Rendezvous,True,Malviya Nagar,True,0.00390690780626235
6377,Cakes & Bakes,True,Malviya Nagar,True,0.14949892844555823
311609,Chatorey Chacha,True,Malviya Nagar,True,0.2902424753049542
18175252,Chilli Dragon,True,Malviya Nagar,True,0.029972548225281948
309448,DCK- Dana Choga's Kitchen,True,Malviya Nagar,True,0.02961463403993203
2863,Divya's Rimpy Restaurant,True,Malviya Nagar,True,0.13131211210445892
5135,Express Dhaba,True,Malviya Nagar,True,0.02363954979157057
300828,Go Foodie,True,Malviya Nagar,True,0.19139325854490363
18238307,Health Pan,True,Malviya Nagar,True,0.10090514390906347
1040,Karim's,True,Malviya Nagar,True,0.01666833163611059
18285199,Karuna,True,Malviya Nagar,True,0.33511739789486805
303423,Kathi,True,Malviya Nagar,True,0.03963033860283616
18354972,King Chilly Kitchen,True,Malviya Nagar,True,0.055068405565381506
18332076,Kolhapuri Veg Non-Veg Foods,True,Malviya Nagar,True,0.06866923966798832
1406,Mehfil Dhaba,True,Malviya Nagar,True,0.28916281357120976
308444,Moti Mahal Delux - Legendary Culinary,True,Malviya Nagar,True,0.03205006277025457
309452,Open Oven,True,Malviya Nagar,True,0.03085076342585724
310312,Paapi Paet,True,Malviya Nagar,True,0.029237778197130804
305162,Pepper Corn Express,True,Malviya Nagar,True,0.025932273013427487
18471299,Pinch Of China,True,Malviya Nagar,True,0.3465701969457934
4855,Pizza Hut Delivery,True,Malviya Nagar,True,0.014044297773865844
18272382,Punjabee's Darbar,True,Malviya Nagar,True,0.03015169992615352
313398,Ramjee's,True,Malviya Nagar,True,0.06360026216906112
307746,Rollmaal,True,Malviya Nagar,True,0.018419249119658865
3043,Shaolin,True,Malviya Nagar,True,0.04965614128096596
301190,Subway,True,Malviya Nagar,True,0.010586216190814124
18233599,The Chocolate Room,True,Malviya Nagar,True,0.004497488375330372
1036,The Delhi Heights,True,Malviya Nagar,True,0.019418330828169683
310665,Thok (The House of Kakori),True,Malviya Nagar,True,0.021797954510450968
18322671,Uloo,True,Malviya Nagar,True,0.02220860316531914
18353692,Vadapav Junction & More,True,Malviya Nagar,True,0.06676633791818054
18365877,Behrouz Biryani,True,Malviya Nagar,True,0.04279162433552741
310848,Beliram Degchiwala,True,Malviya Nagar,True,0.018114501115438997
18398602,Bhukkhar,True,Malviya Nagar,True,0.018849493911643367
18376472,Biryani Blues,True,Malviya Nagar,True,0.018900382455059095
18455531,Bun Intended,True,Malviya Nagar,True,0.014192675045056835
18208912,Casa Asia,True,Malviya Nagar,True,0.05330380803048873
2586,Chic Fish,True,Malviya Nagar,True,0.04216819637502589
301722,Dunkin' Donuts,True,Malviya Nagar,True,0.01703662511334958
18285729,Farratta,True,Malviya Nagar,True,0.036900380730799376
305526,Flavors of Chennai,True,Malviya Nagar,True,0.09414967757965242
18357542,Food For Thought,True,Malviya Nagar,True,0.04436352768133145
18291199,FreshMenu,True,Malviya Nagar,True,0.004634493050216126
5726,Giani's,True,Malviya Nagar,True,0.04577920045847139
302922,Gopala,True,Malviya Nagar,True,0.24115809944061706
7658,Green Chick Chop,True,Malviya Nagar,True,0.1611946765045178
18286490,Hunger Must Die,True,Malviya Nagar,True,0.01490527713486145
7654,Kolkata Kathi Roll,True,Malviya Nagar,True,0.2964076047537918
18254534,Max Grille and Kitchen,True,Malviya Nagar,True,0.014479425708515126
9100,Moti Sweets,True,Malviya Nagar,True,0.3067607362085507
6475,Nazeer Foods,True,Malviya Nagar,True,0.09926684888405468
300302,Nikashee,True,Malviya Nagar,True,0.17363090901831868
304302,Noodle Box,True,Malviya Nagar,True,0.03535520814490567
306166,Pema's,True,Malviya Nagar,True,0.0260147736344285
18345755,Plumber - The Lounge,True,Malviya Nagar,True,0.06578238898997246
9751,Pudding & Pie,True,Malviya Nagar,True,0.2252013919160878
2867,RP's Restaurant,True,Malviya Nagar,True,0.03486565107291684
8346,Soi Thai,True,Malviya Nagar,True,0.019742034234558226
305871,Speedy Chow,True,Malviya Nagar,True,0.02896808302885312
18425151,Stoned Age Kitchen,True,Malviya Nagar,True,0.08237329932846982
998,Suribachi,True,Malviya Nagar,True,0.009535533465180435
452,Swagath,True,Malviya Nagar,True,0.019851311504116342
18163892,The Delhi Canteen,True,Malviya Nagar,True,0.004646388829194437
18432219,The Grill Kitchen,True,Malviya Nagar,True,0.036900380730799376
18458339,The Midnight Heroes,True,Malviya Nagar,True,0.011289744757971842
18375421,The Salad Bowl,True,Malviya Nagar,True,0.04189731855880108
209,Domino's Pizza,True,Malviya Nagar,True,0.1196415811168654
18428394,Food Army,True,Malviya Nagar,True,0.052943904974003475
1030,Moti Restaurant,True,Malviya Nagar,True,0.017788408516792198
7661,New Baba Da Dhaba,True,Malviya Nagar,True,0.03829163359670107
6179,Tunday Kababi,True,Malviya Nagar,True,0.03409403293973545
18446475,Dilli BC,True,Malviya Nagar,True,0.02590290102831394
311161,Litti.In,True,Malviya Nagar,True,0.07337298937135006
313206,Nizam's Kathi Kabab,True,Malviya Nagar,True,0.02104982098521324
18334452,Pepper Kitchen,True,Malviya Nagar,True,0.020376128844569852
18253111,Rustom's Cafe & Bakery,True,Malviya Nagar,True,0.021497938497671787
18219545,Salad Days,True,Malviya Nagar,True,0.034656895787397723
18348970,Stop My Starvation,True,Malviya Nagar,True,0.04047956632549665
18334465,Sushi Junction,True,Malviya Nagar,True,0.013099120042844303
18272370,Vero Gusto,True,Malviya Nagar,True,0.04035960460899468
311846,Snack Junction,True,Mandi House,True,0.8600378656367812
311432,Turant,True,Mandi House,True,0.8960544221123019
304972,Snacks Point,True,Mandi House,False,0.6711320740929477
18356812,The Sweet Spot,True,Mandi House,False,0.5753773672814897
18294392,Kafe @ Museum,True,Mansingh Road,False,0.6080831171455456
308489,Friends Cafe,True,Mathura Road,False,0.34128615827804243
313175,Aromas of Pind,True,Mathura Road,True,0.6841943429644645
301842,Apna Dhaba and Caters,True,Mayapuri Phase 2,True,0.595446172944746
311378,Green Chick Chop,True,Mayapuri Phase 2,True,0.07133049135654279
301830,Jai Shree Durga South Indian Corner,True,Mayapuri Phase 2,True,0.5035842115988847
18323144,Malabar Catering House,True,Mayapuri Phase 2,True,0.630397062563936
311377,Meenakshi Bhawan,True,Mayapuri Phase 2,True,0.5640206547770743
301848,New Raja Sweets,True,Mayapuri Phase 2,True,0.5997335033936737
307998,Pizza Treat,True,Mayapuri Phase 2,True,0.597030667373516
5940,Pudding & Pie,True,Mayapuri Phase 2,True,0.44022984085096095
301826,Rita Chinese Food,True,Mayapuri Phase 2,True,0.6825763485777306
312923,Vibes of Punjab,True,Mayapuri Phase 2,True,0.28868368362940644
301817,Ramji Di Hatti & Caterers,True,Mayapuri Phase 2,True,0.5829604568636011
301820,Spicy Tadka,True,Mayapuri Phase 2,True,0.08994794300756792
18460315,Mr. Tandoori Lal,True,Mayapuri Phase 2,False,0.5101603956434888
301809,Om Sweets & Caterers,True,Mayapuri Phase 2,False,0.6326903951913143
18368012,Sardar Ji Take Away & Caterers,True,Mayapuri Phase 2,False,0.5039658663720964
18429423,9 is Mine,True,Mayur Vihar Phase 1,True,0.3234683120762496
6180,Aashirwad,True,Mayur Vihar Phase 1,True,0.62515245712956
301108,Aggarwal Sweet & Bakers,True,Mayur Vihar Phase 1,True,0.5949191701881573
8105,Amit Hotel,True,Mayur Vihar Phase 1,True,0.7344992449715088
313185,Angrezee Dhaba,True,Mayur Vihar Phase 1,True,0.1915937096282282
8109,Ankur Family Restaurant,True,Mayur Vihar Phase 1,True,0.6578573531724821
304267,Bansal Sweet,True,Mayur Vihar Phase 1,True,0.673984898784969
313351,Baskin Robbins,True,Mayur Vihar Phase 1,True,0.28639093935108584
309227,Caravan Resto Bar,True,Mayur Vihar Phase 1,True,0.044955333283504206
18285695,Celebration Multi Cuisine Restaurant,True,Mayur Vihar Phase 1,True,0.4772720865743436
18146358,Chatto Chapati,True,Mayur Vihar Phase 1,True,0.7748155534776109
312715,Chawla's_,True,Mayur Vihar Phase 1,True,0.34563591967908625
311245,China Town,True,Mayur Vihar Phase 1,True,0.2634077642674285
6173,China Town,True,Mayur Vihar Phase 1,True,0.6992154045098269
301353,Dazzle Pastry Shop,True,Mayur Vihar Phase 1,True,0.6826690413138207
300957,Delicacy Foods,True,Mayur Vihar Phase 1,True,0.37603848165309206
312703,Dolphin Rolls,True,Mayur Vihar Phase 1,True,0.6518012230660768
6183,Durbar Restaurant,True,Mayur Vihar Phase 1,True,0.5451010794213627
301037,Ever Green Pastry Shop,True,Mayur Vihar Phase 1,True,0.7674500009445187
8069,Evergreen Sweets Corner,True,Mayur Vihar Phase 1,True,0.6420949311689279
306107,Great Plates By AJ,True,Mayur Vihar Phase 1,True,0.09168290956324487
308359,Green Chick Chop,True,Mayur Vihar Phase 1,True,0.48109360642526244
18260604,Haqeem's,True,Mayur Vihar Phase 1,True,0.7526248403655352
6185,Himalaya Food Corner,True,Mayur Vihar Phase 1,True,0.38201783333461004
304259,Hot Joint Fast Food,True,Mayur Vihar Phase 1,True,0.5788128792097053
300959,Hyderabadi Dum Biryani,True,Mayur Vihar Phase 1,True,0.16807936253615385
18238249,Kasturi Family Restaurant,True,Mayur Vihar Phase 1,True,0.23016788274727684
309346,Kerala Cafe,True,Mayur Vihar Phase 1,True,0.6239746161921362
307306,Keuchen Paradise,True,Mayur Vihar Phase 1,True,0.3410194868746801
18203881,Kook For Health,True,Mayur Vihar Phase 1,True,0.03859159598513284
18138441,Lahorian's Sweets & Bakers,True,Mayur Vihar Phase 1,True,0.63966700858743
8531,Mr. Baker's,True,Mayur Vihar Phase 1,True,0.594546899091094
18267785,Night Food Delivery,True,Mayur Vihar Phase 1,True,0.13087819336386974
8110,Nine 2 Nine Snacks & Restaurant,True,Mayur Vihar Phase 1,True,0.6641956280350798
18281964,Punjabi Mirch,True,Mayur Vihar Phase 1,True,0.7636736731119976
2932,Rasoi The Food Express,True,Mayur Vihar Phase 1,True,0.17317936058227934
6182,Republic of Chicken,True,Mayur Vihar Phase 1,True,0.6293564240285909
18324529,Sandwichai,True,Mayur Vihar Phase 1,True,0.3234683120762496
308237,SB's Raisins,True,Mayur Vihar Phase 1,True,0.18409771587032864
311894,Shanghai Kitchen,True,Mayur Vihar Phase 1,True,0.6691923493597731
300960,Shiv Shakti Restaurant,True,Mayur Vihar Phase 1,True,0.6774699531590156
308222,Smoky Chettinad,True,Mayur Vihar Phase 1,True,0.49763880644940617
18258510,Spice Fusion,True,Mayur Vihar Phase 1,True,0.6608748760530712
308526,Sweet Toof Designer Cakes,True,Mayur Vihar Phase 1,True,0.6837808199117972
301118,The Chef,True,Mayur Vihar Phase 1,True,0.11924858743082756
309551,The Edge Cafe,True,Mayur Vihar Phase 1,True,0.25317564722410146
9736,The Epicure - Fraser Suites,True,Mayur Vihar Phase 1,True,0.07542733324521489
18022625,Udupidarshini Veg Restaurant,True,Mayur Vihar Phase 1,True,0.10311820945890415
18420679,36 lebzelter,True,Mayur Vihar Phase 1,True,0.8955943240279138
301361,Baked Buns,True,Mayur Vihar Phase 1,True,0.09239698552230546
312991,Freakin Beans,True,Mayur Vihar Phase 1,True,0.7552213143753457
18277153,Nutri Cafe,True,Mayur Vihar Phase 1,True,0.22866818842171877
18273548,Senorita's,True,Mayur Vihar Phase 1,True,0.47131489010593086
18399818,Village - The House of Food,True,Mayur Vihar Phase 1,True,0.0877966798069647
8062,Aman Vaishno Dhaba,True,Mayur Vihar Phase 1,False,0.7098551216790403
304254,Anupam Hotel,True,Mayur Vihar Phase 1,False,0.6982102568739064
18469823,Bake Bank,True,Mayur Vihar Phase 1,False,0.6428040829044839
18057803,Buzybee,True,Mayur Vihar Phase 1,False,0.905322600586981
18208900,Cafe Tandoor,True,Mayur Vihar Phase 1,False,0.9280818452666554
18420694,Chawlas 2,True,Mayur Vihar Phase 1,False,0.4008765244188166
18438463,Choksi Chinese,True,Mayur Vihar Phase 1,False,0.7373206618017571
18317329,Desi Chulha,True,Mayur Vihar Phase 1,False,0.6165650881444449
18442896,Fumble Foods,True,Mayur Vihar Phase 1,False,0.9043377079819244
18494989,Games v/s Cafe,True,Mayur Vihar Phase 1,False,0.5830286113509922
18432170,Goodies- Snacks N More,True,Mayur Vihar Phase 1,False,0.893997386784386
18489526,Grubhouse Cafe,True,Mayur Vihar Phase 1,False,0.9304698684022229
18375372,Mr. Baker's,True,Mayur Vihar Phase 1,False,0.6824482159029549
8108,Muradabadi Chicken Biryani & Dhaba,True,Mayur Vihar Phase 1,False,0.746289634299748
6237,Pakiza Restaurant,True,Mayur Vihar Phase 1,False,0.5953196885509349
311993,Riddhi Siddhi Restaurant,True,Mayur Vihar Phase 1,False,0.6453659056232205
18479003,Rockers & Shockers,True,Mayur Vihar Phase 1,False,0.745449764711152
18472612,Saikutir Food,True,Mayur Vihar Phase 1,False,0.8278805282370062
18357972,Satnaam Foods,True,Mayur Vihar Phase 1,False,0.9341823444311946
18375388,Senorita's,True,Mayur Vihar Phase 1,False,0.5957429330680066
18292453,Shri Bala Ji Rasoi,True,Mayur Vihar Phase 1,False,0.7082086843247807
18421494,South Indian,True,Mayur Vihar Phase 1,False,0.9239972698173756
8033,Tip Top Eating Corner,True,Mayur Vihar Phase 1,False,0.6916753119715464
18360957,ToLoveFromLove,True,Mayur Vihar Phase 1,False,0.8846296729386607
18281993,Tripti Foods,True,Mayur Vihar Phase 1,False,0.7603385714326936
18282003,U Like,True,Mayur Vihar Phase 1,False,0.6930659617431669
18421492,Zayka chicken restaurant,True,Mayur Vihar Phase 1,False,0.6319199225798988
6190,Cafe Coffee Day,True,Mayur Vihar Phase 1,True,0.6583025172052059
2017,Food Fantasy,True,Mayur Vihar Phase 1,True,0.10143605971674152
308812,Just Chinese,True,Mayur Vihar Phase 1,True,0.34936679226623013
308848,Agarwal Bikaneri Sweets,True,Mayur Vihar Phase 2,True,0.39733245197482614
301056,Bikaner Sweets,True,Mayur Vihar Phase 2,True,0.5245063255592901
301692,Breadz,True,Mayur Vihar Phase 2,True,0.13175167930547904
18265707,Desi Jugaad,True,Mayur Vihar Phase 2,True,0.4151487736048387
18368006,Food Trax,True,Mayur Vihar Phase 2,True,0.4795980766480632
18225277,Hub Tub,True,Mayur Vihar Phase 2,True,0.48401871342544256
2936,Malabar Foods,True,Mayur Vihar Phase 2,True,0.06849610234764791
18291201,Mitra Di Chaap,True,Mayur Vihar Phase 2,True,0.5013226509128305
3854,New Hyderabadi Biryani House,True,Mayur Vihar Phase 2,True,0.06849610234764791
308831,New Madras Cafe,True,Mayur Vihar Phase 2,True,0.5120819845018045
301062,Roll Club,True,Mayur Vihar Phase 2,True,0.458045045185955
5186,Sanju Cool & Hot Hut,True,Mayur Vihar Phase 2,True,0.37573747407714764
3851,Sethi's Kabab & Curries,True,Mayur Vihar Phase 2,True,0.4523192345067175
305357,South Indian Fast Food,True,Mayur Vihar Phase 2,True,0.5158125146756773
2019,Sweets and Spices,True,Mayur Vihar Phase 2,True,0.28576696550047287
305370,Urban Degchi Kitchen & Bar,True,Mayur Vihar Phase 2,True,0.031109202678735737
301053,Wah Ji Wah,True,Mayur Vihar Phase 2,True,0.11002852546391839
308844,Zaiqa Kathi Roll & Momos,True,Mayur Vihar Phase 2,True,0.6049801606464892
308839,Duggal Snacks,True,Mayur Vihar Phase 2,True,0.59394283794034
18440191,Granny's Flavour,True,Mayur Vihar Phase 2,True,0.5743618120663714
18203185,Moustache Coffee,True,Mayur Vihar Phase 2,True,0.16581866693468184
301047,Pradeep Pav Bhaji,True,Mayur Vihar Phase 2,True,0.59394283794034
312492,Sandwich Factory,True,Mayur Vihar Phase 2,True,0.11464878145795654
4672,Scorpio Cafe,True,Mayur Vihar Phase 2,True,0.1506857152544827
311336,Veggie-Licious,True,Mayur Vihar Phase 2,True,0.06864749088001365
18379056,Creamy Creation,True,Mayur Vihar Phase 2,False,0.5311207073359898
18440185,Evergreen Food Corner,True,Mayur Vihar Phase 2,False,0.3802041974481547
18440429,K.D Corner,True,Mayur Vihar Phase 2,False,0.4696057321721179
2942,Slice Of Italy,True,Mayur Vihar Phase 2,True,0.0391155820127308
301103,Anokha Chinese Hut,True,Mayur Vihar Phase 3,True,0.5491719196941698
18292451,Bobby Dhaba & Caterers,True,Mayur Vihar Phase 3,True,0.7345996604346021
9740,Clever Fox Cafe,True,Mayur Vihar Phase 3,True,0.2551827413034977
301106,Dana Pani,True,Mayur Vihar Phase 3,True,0.6289453267222908
6225,Hotel Malabar,True,Mayur Vihar Phase 3,True,0.7137089054588096
301120,Lumbini Fast Point,True,Mayur Vihar Phase 3,True,0.7506698866065235
307850,Mayur Restaurant,True,Mayur Vihar Phase 3,True,0.6019997996827995
18292449,MOC - The American Restaurant,True,Mayur Vihar Phase 3,True,0.6136067554784803
301116,Muradabadi Chicken Biryani,True,Mayur Vihar Phase 3,True,0.7306162580388025
8462,New Aggarwal Sweet Corner,True,Mayur Vihar Phase 3,True,0.8325181576898353
309599,Pizza Castle,True,Mayur Vihar Phase 3,True,0.20539164558259015
309499,Punjabi Dhaba,True,Mayur Vihar Phase 3,True,0.7145283870761745
300958,Qureshi Chicken Corner,True,Mayur Vihar Phase 3,True,0.7493247947521758
301105,Samarpan Fast Food,True,Mayur Vihar Phase 3,True,0.7772178200249129
311228,Shaan-E-Tandoorz,True,Mayur Vihar Phase 3,True,0.8090697403904856
6226,Sonu Sudh Bhojnalaya,True,Mayur Vihar Phase 3,True,0.8140735625488446
311229,The Test,True,Mayur Vihar Phase 3,True,0.7064375158422335
306555,True Blue,True,Mayur Vihar Phase 3,True,0.43881787831015373
301110,Zaika Kathi Rolls,True,Mayur Vihar Phase 3,True,0.7277379495553773
304986,Baked Buns,True,Mayur Vihar Phase 3,True,0.21988356834130596
311256,A One Muradabadi,True,Mayur Vihar Phase 3,False,0.7789275902288784
307847,Annapurna,True,Mayur Vihar Phase 3,False,0.7493247947521758
18376492,Cake Walkers,True,Mayur Vihar Phase 3,False,0.7826397340990134
6216,Harish And Sonu Sudh Bhojnalya,True,Mayur Vihar Phase 3,False,0.7718487714925725
313360,Mitra Da Dhaba,True,Mayur Vihar Phase 3,False,0.6734894356474652
18490756,Munchies Midnight Delivery,True,Mayur Vihar Phase 3,False,0.4807686499495103
18375376,Muradabadi Chicken Corner,True,Mayur Vihar Phase 3,False,0.6497499601506325
18089212,Riyaz Chicken Corner,True,Mayur Vihar Phase 3,False,0.7566620012081025
18375395,Romano's Pizza,True,Mayur Vihar Phase 3,False,0.7343645057830331
18237719,Royal Spice,True,Mayur Vihar Phase 3,False,0.33223446760252096
18082236,Sonu Bhojanalya,True,Mayur Vihar Phase 3,False,0.7414138946404192
18375383,The Deshi Bites,True,Mayur Vihar Phase 3,False,0.7062388986071655
309979,Green Chick Chop,True,Mehrauli,True,0.8975337941184227
18025093,Mahara Hotel,True,Mehrauli,True,0.9530157819826208
307990,Malik Vegetarian Rasoi,True,Mehrauli,True,0.9607574863113595
309517,Yash Aadi Food Corner,True,Mehrauli,True,0.9343402071496493
18489842,#hashtag,True,Mehrauli,False,0.9294660059135194
18350159,Al Zaika,True,Mehrauli,False,0.9532599869592359
18375201,Ashiyan Foods,True,Mehrauli,False,0.8543677739303507
18025127,Bake My Day,True,Mehrauli,False,0.9165668254209479
18478990,Bhutani Chaap,True,Mehrauli,False,0.9011270412029138
18433297,China Pan,True,Mehrauli,False,0.8985713606495033
18472695,Chinese Fast Food,True,Mehrauli,False,0.9262590358326638
18415339,Dilkhush Punjabi Dhaba,True,Mehrauli,False,0.933950605384912
311683,Dragun Hut,True,Mehrauli,False,0.9282914368806672
313073,Giani's,True,Mehrauli,False,0.8624447990881634
18415338,Kathi House,True,Mehrauli,False,0.9591290025832988
18168122,Kerala Kitchen & Restaurant,True,Mehrauli,False,0.9568886705611146
18478992,Retro Kichen,True,Mehrauli,False,0.905128687213149
18168124,The China Town,True,Mehrauli,False,0.9089468258781964
18414506,The Urban Dhaba,True,Mehrauli,False,0.8832039646147712
18409207,Twenty Four Seven,True,Mehrauli,False,0.9155530229674405
6341,McDonald's,True,"Metro Walk Mall, Rohini",True,0.16715634324788375
1951,Moti Mahal Delux Tandoori Trail,True,"Metro Walk Mall, Rohini",True,0.009190675428815354
250,Pizza Hut,True,"Metro Walk Mall, Rohini",True,0.07948899566307377
312753,Dill's Chawla Chik-Inn,True,MG Road,True,0.7120167144557532
312983,Tandoori Zaaika,True,MG Road,True,0.790473310363164
18492029,Aap Ki Khatir,True,MG Road,False,0.8004508243804429
18489541,Aggarwal Sweets,True,MG Road,False,0.6756461874146467
18486862,Baskin Robbins,True,MG Road,False,0.8488762351508334
18492025,Bikaner Sweets,True,MG Road,False,0.3739805023413739
18352672,Bollywood Khana,True,MG Road,False,0.8106522317122062
18489825,Cake And Bakes,True,MG Road,False,0.8648012390332146
18340302,Cake Point,True,MG Road,False,0.2400928475205215
18489819,Chinese Corner,True,MG Road,False,0.8227858988487642
18175297,Choudhary Dhaba,True,MG Road,False,0.8767298836934335
18034037,Green Chick Chop,True,MG Road,False,0.7067594656288597
18175282,Green Chick Chop,True,MG Road,False,0.6834729184173012
18489532,Gujjar Dhaba,True,MG Road,False,0.8310874737078011
18277178,Hotel Aditi,True,MG Road,False,0.8767298836934335
18408079,JMD Food Palace,True,MG Road,False,0.7842704195945062
18232989,Kitchen Namaste,True,MG Road,False,0.8273490474543852
18492033,Lajawab Chicken & Fish Fry,True,MG Road,False,0.8746258934822437
18489832,Lotus Kitchen,True,MG Road,False,0.8767298836934335
18467388,Manami Japanese Restaurant,True,MG Road,False,0.5302218498980167
18175299,Manna Sweets & Restaurant,True,MG Road,False,0.7731627389701212
18337908,Moets Curry Pot,True,MG Road,False,0.4830075213355205
18463608,Mr. Sub,True,MG Road,False,0.8232893562178194
18489836,New Gaurav Dhaba,True,MG Road,False,0.8810560402479557
18277163,Pandit Ji Ki Apni Rasoi,True,MG Road,False,0.49054898699526994
18489545,Rajdhani Restaurant,True,MG Road,False,0.807378743143792
18277176,Saraswati Food Corner,True,MG Road,False,0.7987275093002066
18175278,Shri Balaji Bhojnalaya,True,MG Road,False,0.888586762275587
18489808,Swadist Bhojnalaya,True,MG Road,False,0.8573432502448318
18446867,Swiss Gourmessa,True,MG Road,False,0.7937342348243394
18486879,Truly Yours,True,MG Road,False,0.7579737647163984
18489852,Uttrakhand Hotel,True,MG Road,False,0.8706847096841472
18489804,Vandana Food Corner,True,MG Road,False,0.7458125446090063
18489802,Zaika Biryani,True,MG Road,False,0.8647650975659635
3207,Buzz,True,"MGF Metropolitan Mall, Saket",True,0.006032022302131401
4752,Lighthouse 13,True,"MGF Metropolitan Mall, Saket",True,0.03566040598646336
4830,Berco's,True,"MGF Metropolitan Mall, Saket",True,0.017722701151744902
4341,The Great Kabab Factory,True,"MGF Metropolitan Mall, Saket",True,0.0065346014669130925
307237,The Tea Place by Manjushree,True,"MGF Metropolitan Mall, Saket",True,0.1814850138775902
18260028,Victoria,True,"MGM Club, Daryaganj",True,0.873628057747926
18317481,Aces - The Card Room,True,"MGM Club, Daryaganj",False,0.6183130045967115
18317473,Curzon - The Royal Bar,True,"MGM Club, Daryaganj",False,0.9083810718444433
18317479,London Eye - The Open Lounge,True,"MGM Club, Daryaganj",False,0.8527565537460192
18317476,Lord's - The Sports Lounge,True,"MGM Club, Daryaganj",False,0.8538263878532356
18317483,Viceroy - The Coffee Shop,True,"MGM Club, Daryaganj",False,0.9438631827171758
312576,Munch Nation,True,Model Town 1,True,0.13976169286368734
5347,"34, Chowringhee Lane",True,Model Town 2,True,0.3309683102288238
300945,Any Time Food,True,Model Town 2,True,0.07247171669122243
300934,Bikaner Sweet House,True,Model Town 2,True,0.4252208512477882
3223,Domino's Pizza,True,Model Town 2,True,0.1359432620470853
307554,Giani,True,Model Town 2,True,0.05133664064778176
967,Grand Plaza,True,Model Town 2,True,0.02631183245236468
6196,Great Wall,True,Model Town 2,True,0.07595274057201629
18381220,Healthy Food Station,True,Model Town 2,True,0.005426236122529127
2491,Hostess Tasty Bites,True,Model Town 2,True,0.25922829950521964
1041,Hot Pot,True,Model Town 2,True,0.195038443574864
982,Kabab Factory,True,Model Town 2,True,0.1510234675111427
18352186,Keventers,True,Model Town 2,True,0.3333467863148484
9380,Krishna Sweet House,True,Model Town 2,True,0.32121134049911815
1303,Mitraz,True,Model Town 2,True,0.03160812356285525
18168462,Nut Khut Chaats & Snacks,True,Model Town 2,True,0.31213188397272673
311734,Subway,True,Model Town 2,True,0.012103202786722167
2291,The Host,True,Model Town 2,True,0.41239575194384215
9427,Chacha Di Hatti,True,Model Town 2,True,0.4088150559140772
5874,Cocoberry,True,Model Town 2,True,0.3252208659786654
3375,Eating Corner,True,Model Town 2,True,0.2255793314009763
312353,El Posto,True,Model Town 2,True,0.3991075082052209
180,McDonald's,True,Model Town 2,True,0.025943559015240814
18057822,Pizza Station,True,Model Town 2,True,0.30965136901153634
6607,Puri Bakers,True,Model Town 2,True,0.2353635654040308
18247031,JAIL - Behind The Bar,True,Model Town 2,True,0.005314708003987922
18264447,Curry Shurry,True,Model Town 3,True,0.08184360209707353
300911,Frontier,True,Model Town 3,True,0.5166910504103666
4090,Hari Om Bhojnalaya,True,Model Town 3,True,0.5463494154700512
5729,Nirmal's,True,Model Town 3,True,0.6076996597084623
309704,Sardar A Pure Meat Shop,True,Model Town 3,True,0.17777831371292296
964,The Dragon Hucks,True,Model Town 3,True,0.37783844951961043
307333,Green Chick Chop,True,Model Town 3,True,0.31684661182742646
5765,New Arjun Bombay Pav Bhaji,True,Model Town 3,True,0.5786484755165487
18037821,Sweeter Delight,True,Model Town 3,False,0.4154976649350479
18400738,Madaari,True,Model Town 3,True,0.06455265742725191
307730,Amritsari Express,True,"Moments Mall, Kirti Nagar",True,0.38628051776510175
305251,Barista,True,"Moments Mall, Kirti Nagar",True,0.1683320710665398
312087,Baskin Robbins,True,"Moments Mall, Kirti Nagar",True,0.2998636948439203
18070503,Bikano's Chat Cafe,True,"Moments Mall, Kirti Nagar",True,0.12607226603388377
18454460,Burger Singh,True,"Moments Mall, Kirti Nagar",True,0.02557599187465187
18419902,Cafe Grub,True,"Moments Mall, Kirti Nagar",True,0.2947648335895289
307356,Chicago Pizza,True,"Moments Mall, Kirti Nagar",True,0.18701774929608428
8580,Cocoberry,True,"Moments Mall, Kirti Nagar",True,0.2980186073628992
18324914,Dosa Plaza,True,"Moments Mall, Kirti Nagar",True,0.2936381752956154
300473,Karim's,True,"Moments Mall, Kirti Nagar",True,0.14439234389523092
306250,Kebab Xpress,True,"Moments Mall, Kirti Nagar",True,0.12707996626758777
18356784,Keventers,True,"Moments Mall, Kirti Nagar",True,0.3006583972685781
8373,KFC,True,"Moments Mall, Kirti Nagar",True,0.025218003918845322
308101,Paranthas 21,True,"Moments Mall, Kirti Nagar",True,0.28807658921956136
8840,Subway,True,"Moments Mall, Kirti Nagar",True,0.010978831275368917
18228870,Wow! Momo,True,"Moments Mall, Kirti Nagar",True,0.23152465903553776
7066,Berco's,True,"Moments Mall, Kirti Nagar",True,0.012507268744690214
305479,Dunkin' Donuts,True,"Moments Mall, Kirti Nagar",True,0.0905675773676381
8845,Giani's,True,"Moments Mall, Kirti Nagar",True,0.23104340102760967
7509,The Beer Cafe,True,"Moments Mall, Kirti Nagar",True,0.054519785711930946
302715,Basil Tree,True,"Moments Mall, Kirti Nagar",True,0.00795059524127828
18241509,Chaayos,True,"Moments Mall, Kirti Nagar",True,0.20626356850382788
18277003,QD's Restaurant,True,"Moments Mall, Kirti Nagar",True,0.012644748797854932
7547,Ada e Handi Restaurant,True,Moti Bagh,True,0.03048053448523047
301236,Darjeeling Momos,True,Moti Bagh,True,0.27985143199904905
18082630,Ingredients,True,Moti Bagh,True,0.06177273654436999
7548,Al Quresh,True,Moti Bagh,True,0.16621921023615227
310419,Angels in my Kitchen,True,Moti Bagh,True,0.03197065267298671
4634,Aapki Rasoi,True,Moti Nagar,True,0.6952265269122391
18228874,Bats On Delivery,True,Moti Nagar,True,0.4626393331259133
18433904,Bimbo Cakes,True,Moti Nagar,True,0.9653798708246949
312145,Burger Bros,True,Moti Nagar,True,0.7038119416620572
304585,Chinese Food Corner,True,Moti Nagar,True,0.5758123239910293
312916,CL Snacks,True,Moti Nagar,True,0.7899726955389215
313006,Kapoor's Sanjha Chulha,True,Moti Nagar,True,0.6453107265500055
305861,King's,True,Moti Nagar,True,0.7682546239364839
9026,Kumar Hotel,True,Moti Nagar,True,0.559537494976684
309178,Kumar Pastry Shop,True,Moti Nagar,True,0.6483209914210827
18249097,Midnight Adda,True,Moti Nagar,True,0.6559053679502542
308880,Mughlaai Daawat,True,Moti Nagar,True,0.5488553849010596
18382113,Pindiwala,True,Moti Nagar,True,0.9147953334567164
18241861,Pipes & Hipes,True,Moti Nagar,True,0.448912829679896
310162,Sai Rasoi,True,Moti Nagar,True,0.911886506439326
303589,Snaxpress Tastes & Cakes,True,Moti Nagar,True,0.7123101610269018
311459,Veggie Adda,True,Moti Nagar,True,0.37226061751862327
9053,C L Corner,True,Moti Nagar,True,0.48635396202224923
312893,Chin 10,True,Moti Nagar,True,0.6453107265500055
18273640,Kati Roll Cottage,True,Moti Nagar,True,0.2898309430032281
308130,Kings Kulfi,True,Moti Nagar,True,0.7289231914345877
5663,Paramjeet Machi Wala,True,Moti Nagar,True,0.41750684794860327
18247005,Rajan Corner,True,Moti Nagar,True,0.7653114184722238
18449827,Amit Dhaba,True,Moti Nagar,False,0.7842941882920058
18342574,Apni Rasoi,True,Moti Nagar,False,0.5923042978069856
18391689,Chap Corner,True,Moti Nagar,False,0.9457286614465865
304573,Chinese Corner,True,Moti Nagar,False,0.6299581952473062
304586,Evergreen Punjabi Swad,True,Moti Nagar,False,0.7677283951288233
18449629,Giani,True,Moti Nagar,False,0.6264359461985943
18451179,Hot & Hot Shudhir Chinese Point,True,Moti Nagar,False,0.7645488540330598
18451158,Hungerz Hub,True,Moti Nagar,False,0.5804544836027854
18451166,Magic Mo:Mo Corner,True,Moti Nagar,False,0.765381579266554
18238245,Malhotra's Zayeeka,True,Moti Nagar,False,0.5553555526106608
308110,Moji Dhaba,True,Moti Nagar,False,0.794932500845471
312213,Naughty 9 Kitchen & Bar,True,Moti Nagar,False,0.5543452732655005
18410370,Street Chaat Chatoron Ka Adda,True,Moti Nagar,False,0.9457286614465865
18236975,Syall Kotian Da Dhaba,True,Moti Nagar,False,0.8820633070022411
18471517,Taaj Kitchen,True,Moti Nagar,False,0.7882591049778732
304469,Tirath Sweets,True,Moti Nagar,False,0.8009511488379218
18451144,Tummyy Tull,True,Moti Nagar,False,0.7842941882920058
4084,34 Parkstreet Lane,True,Mukherjee Nagar,True,0.9051263057552285
310947,Bhikaram Bhujawala,True,Mukherjee Nagar,True,0.9205893913471206
310989,Chawla The Pastry Palace,True,Mukherjee Nagar,True,0.9306277349954899
18358295,Food Box,True,Mukherjee Nagar,True,0.8909121877611492
18317756,Foody Box,True,Mukherjee Nagar,True,0.8865518467174622
310936,Giani,True,Mukherjee Nagar,True,0.7714073997694202
308796,Green Chick Chop,True,Mukherjee Nagar,True,0.7336277863963268
18460320,Heaven's Shawarma,True,Mukherjee Nagar,True,0.984188725848614
18241893,Hyderabad Spl. Chicken Biryani Point,True,Mukherjee Nagar,True,0.9405673117542506
18363053,Keshar,True,Mukherjee Nagar,True,0.829750079296182
310997,Madras Cafe,True,Mukherjee Nagar,True,0.8326426003673657
6629,Milan Chole Bhature,True,Mukherjee Nagar,True,0.9308219248940782
302685,New Laxmi Sweets,True,Mukherjee Nagar,True,0.7650032397552572
18241860,Pasta Hub,True,Mukherjee Nagar,True,0.9144271886908941
2920,Patna Roll Center,True,Mukherjee Nagar,True,0.9008423094974559
18238281,Refuel,True,Mukherjee Nagar,True,0.9229711610606314
18204485,Saara Veg,True,Mukherjee Nagar,True,0.884030604651832
18126086,SGF - Spice Grill Flame,True,Mukherjee Nagar,True,0.7536282350783837
9031,Shivam Corner,True,Mukherjee Nagar,True,0.9269189159262494
18254532,Swad Mubarak,True,Mukherjee Nagar,True,0.928636753383645
18380219,The Little Fork,True,Mukherjee Nagar,True,0.49505134784529536
18258473,The Metro Fast Food,True,Mukherjee Nagar,True,0.7223062618976831
303602,Tibet Kujing,True,Mukherjee Nagar,True,0.8716700678500648
18396163,Yummy Adda,True,Mukherjee Nagar,True,0.8944648119125076
18485962,Bawarchi's Canteen,True,Mukherjee Nagar,False,0.9140362113942964
18421485,Bikaner Restaurant,True,Mukherjee Nagar,False,0.8733772681665082
18363044,Bikaner Sweets Chaat cafe,True,Mukherjee Nagar,False,0.866336050519546
18424171,Brijwasi,True,Mukherjee Nagar,False,0.8466322241695171
18363051,Chaap Chaska,True,Mukherjee Nagar,False,0.8960212141249363
18449788,Delhi Chaap Express,True,Mukherjee Nagar,False,0.9062989812979113
18466410,Delhi Chaat Bhandar,True,Mukherjee Nagar,False,0.8939830589214228
18107851,Delhite Pí¢tisserie,True,Mukherjee Nagar,False,0.9013876134426504
18466408,Desi Dhaba,True,Mukherjee Nagar,False,0.9229104158024226
18466400,Desi Thaat Amritsari Naan,True,Mukherjee Nagar,False,0.9325009726133786
18361765,Dhaba Express,True,Mukherjee Nagar,False,0.9358810780413491
18424169,Flavours Kitchen,True,Mukherjee Nagar,False,0.7093016321500798
18449653,Food Campus,True,Mukherjee Nagar,False,0.9008209323704723
18449786,Fresh Fast Food,True,Mukherjee Nagar,False,0.9001392133527641
18466675,Gungun Tiffin Services,True,Mukherjee Nagar,False,0.9759917341727835
18449647,Happy Italiano,True,Mukherjee Nagar,False,0.928611341748194
18361779,Haryana Bhojnalaya,True,Mukherjee Nagar,False,0.9001392133527641
18363048,Hasty Tasty,True,Mukherjee Nagar,False,0.8879501338032081
310954,Inam Muradabadi,True,Mukherjee Nagar,False,0.9068138059524046
312413,Just In,True,Mukherjee Nagar,False,0.9202501670782722
18361767,Jyoti Dhaba,True,Mukherjee Nagar,False,0.9006455664300389
18421473,Lasha Chinese Food,True,Mukherjee Nagar,False,0.8980367625178668
310995,Lasha Chinese Food,True,Mukherjee Nagar,False,0.86847191261983
18421475,Lily Tasty Fast Food,True,Mukherjee Nagar,False,0.834352334970701
18418268,Maa Vaishno Dinesh Dhaba,True,Mukherjee Nagar,False,0.8977065157576994
18421459,Madras Cafe,True,Mukherjee Nagar,False,0.7967946183045858
18361771,NIK's Chicken Corner,True,Mukherjee Nagar,False,0.8997967939128158
18241864,Om Shanti Foods,True,Mukherjee Nagar,False,0.9324443714070799
18449657,Panj Tara,True,Mukherjee Nagar,False,0.8665485084662725
18396177,Pasta Pizza & Roll Hut,True,Mukherjee Nagar,False,0.8927339764400908
18449639,Pheva Tandooris,True,Mukherjee Nagar,False,0.854273675746208
18357954,Punjabi Delight,True,Mukherjee Nagar,False,0.9321236068235752
310965,Punjabi Parantha Station and Punjabi Thali,True,Mukherjee Nagar,False,0.928636753383645
18418278,Punjabi Paratha Station,True,Mukherjee Nagar,False,0.8989754280313326
18449664,Raja Rasoi,True,Mukherjee Nagar,False,0.9004805920789175
18480435,Rollacious,True,Mukherjee Nagar,False,0.9778629284885579
311009,Singh Chicken,True,Mukherjee Nagar,False,0.7590000672234242
310988,Special Tea Point,True,Mukherjee Nagar,False,0.8608110736600408
18421461,Spl. Flavour Sodas & Fruit shakes,True,Mukherjee Nagar,False,0.920030050696287
310952,Student Corner,True,Mukherjee Nagar,False,0.9343177038485748
18449667,Taneja Corner,True,Mukherjee Nagar,False,0.8998135899119475
18449661,Taste Zone,True,Mukherjee Nagar,False,0.9330816862060095
18449643,Tea Point,True,Mukherjee Nagar,False,0.8561594874220271
300791,West Bangal Kolkata Hot Kathi Rolls,True,Mukherjee Nagar,False,0.901255259169706
300264,Asli Alam Muradabadi Biryani Centre,True,Munirka,True,0.8632359277286239
18425751,Cafe Rasoi,True,Munirka,True,0.7835122451983904
7388,Chinese Food,True,Munirka,True,0.6696958691272488
311485,Green Chick Chop,True,Munirka,True,0.6626722150750525
2870,Hasty Tasty,True,Munirka,True,0.7478446116643747
18397908,Hunter's Kitchen,True,Munirka,True,0.46881058463419123
312765,Manahang Restaurant,True,Munirka,True,0.6742756485425485
5879,Mezbaan Restaurant,True,Munirka,True,0.2215211328187463
304621,Moon Light Sweets,True,Munirka,True,0.8311928246013225
18472788,North East Castle,True,Munirka,True,0.7607344339006052
309510,Pizza Point,True,Munirka,True,0.8031722017995827
300259,Roll Point,True,Munirka,True,0.7941697089540143
310430,Sanjha Tandoor,True,Munirka,True,0.6957577803647201
300273,Sayyam,True,Munirka,True,0.8585793369122499
7393,Shiv Bhojnalaya,True,Munirka,True,0.7266888466416139
311451,Subway,True,Munirka,True,0.07293760164695151
7240,Take Away,True,Munirka,True,0.7949392195827287
300268,Vedanta's,True,Munirka,True,0.677253311750861
310328,Asian Chopstick,True,Munirka,True,0.7851770546360874
309471,Chinese Delights,True,Munirka,True,0.43279093228171794
18383522,Dezertfox,True,Munirka,True,0.19432379390013454
18424615,Aggarwal Sweets,True,Munirka,False,0.6821542964117316
18425758,Aggarwal Sweets,True,Munirka,False,0.6437999214131374
18425178,Al Meraj Chicken Shop,True,Munirka,False,0.7582571115448751
18354994,Chinese Food Corner,True,Munirka,False,0.7188853819424275
18146362,Creative Food House,True,Munirka,False,0.5914806922597393
18425175,D.A.A.,True,Munirka,False,0.8209376990171935
18225831,Dee Cake Shop,True,Munirka,False,0.8720872613253878
18354988,Jaca Restaurant,True,Munirka,False,0.7998907779481873
18425772,King Of Roll,True,Munirka,False,0.7941697089540143
18354998,Kirti Food Plaza,True,Munirka,False,0.7883294628026221
18354992,KT's Shik-Shack,True,Munirka,False,0.8589081672374448
309509,Namaste Restaurant,True,Munirka,False,0.8543983699233394
18423905,Nishaj Chicken Corner,True,Munirka,False,0.8586900387189019
18357566,Royal Bakery,True,Munirka,False,0.7880547627744686
18425768,S.R. Bakers,True,Munirka,False,0.7936017467731581
18025119,Shahi Muradabadi,True,Munirka,False,0.9587758986178712
18472683,Shree Vinayaga Restaurant,True,Munirka,False,0.8600334991453318
18425739,The Cake Basket,True,Munirka,False,0.8422423148212994
18468524,The Pure Kitchen,True,Munirka,False,0.7532399918995378
18354996,The Yolmo Kitchen,True,Munirka,False,0.6759003423519541
18229077,Zawlbuk,True,Munirka,False,0.8702409016686182
300275,Anupam Restaurant,True,Munirka,True,0.24456896045348653
9251,Bobby Di Punjabi Rasoi,True,Najafgarh,True,0.9848195678348165
18471235,Aditya Da Vaishno Dhaba,True,Najafgarh,False,0.9864712051183508
306695,Aggarwal Bikaner Sweets,True,Najafgarh,False,0.9778751495178637
9281,Aggarwal Sweet Centre,True,Najafgarh,False,0.9787279096645505
18432222,Anjel China & Tibetian Food,True,Najafgarh,False,0.9765635728181072
18471254,Annpurna Rasoi,True,Najafgarh,False,0.9740942839108255
18371414,Apni Rasoi,True,Najafgarh,False,0.9698826145004711
306678,Bajrang Misthan Bhawan,True,Najafgarh,False,0.9828783257774025
18371416,Bake Town,True,Najafgarh,False,0.9783197629555812
18361199,Bikaner Sweets & Restaurant,True,Najafgarh,False,0.9503705778545984
312620,Brown Town Bakers,True,Najafgarh,False,0.9743118076429893
18432206,Captain Food Factory,True,Najafgarh,False,0.9680417633377484
311394,Cheffron Bakery,True,Najafgarh,False,0.9864894042972742
18471270,Chicken Darwar,True,Najafgarh,False,0.980143579488481
313349,Chili's Treat,True,Najafgarh,False,0.9730650789230295
18359302,Chilli Tadka,True,Najafgarh,False,0.9649612766194589
18352287,Chinese Food Point,True,Najafgarh,False,0.983102250295218
9262,Chinese Temptation,True,Najafgarh,False,0.9717628748460349
18469981,Dana Pani,True,Najafgarh,False,0.9785038566557093
18349922,Dev Sweets & Restaurant,True,Najafgarh,False,0.9660420687839912
18432214,Dilli Darbar Chicken Point,True,Najafgarh,False,0.9860541226952417
310357,Food Point and Sweets Corner,True,Najafgarh,False,0.9472098744950983
18429155,Green Chick Chop,True,Najafgarh,False,0.9431330944892339
18471319,Grover Burfee & Cakes,True,Najafgarh,False,0.9731905827579023
18471263,Hans's Planet-F,True,Najafgarh,False,0.9615578308579001
18432200,Hotel Delhi 43,True,Najafgarh,False,0.9690347104831588
18430911,Kanhaiya Fast Food,True,Najafgarh,False,0.9759991210456482
18354672,Karol Bagh Ke Chhole Bhature,True,Najafgarh,False,0.9825272788583372
18352275,King's Food,True,Najafgarh,False,0.9835940634988243
303500,Lamba Sweets Corner,True,Najafgarh,False,0.9756786862272636
18431998,Laxmi Food Corner,True,Najafgarh,False,0.9761418426487655
18430900,Lounge Bakery,True,Najafgarh,False,0.9832375420261733
18313125,Mehtaab Sweet Corner & Restaurant,True,Najafgarh,False,0.9690424220623951
18430579,Melting Food Point,True,Najafgarh,False,0.9853403805496311
8957,Mithla Dhabha,True,Najafgarh,False,0.9819221774914815
9635,Mittal Caterer,True,Najafgarh,False,0.9641292336150565
18352288,Mittal Restaurant & Fast Food,True,Najafgarh,False,0.9569648683053519
18349914,NBC Nirankari Bakers,True,Najafgarh,False,0.9602949443002025
18430569,Pind Balluchi,True,Najafgarh,False,0.9125827203761493
18361211,Prem Chinese Fast Food,True,Najafgarh,False,0.9867431841332202
18471287,Punjabi Rasoi,True,Najafgarh,False,0.9768876779282022
304393,Punjabi Special,True,Najafgarh,False,0.9812085327474016
18361217,Radhe Shyam Dhaba,True,Najafgarh,False,0.9839214571004302
5483,Raj Rasoi,True,Najafgarh,False,0.9742227373881454
9271,Raju De Special Paneer Wale,True,Najafgarh,False,0.981629444884886
304610,Sangeeta Dhaba,True,Najafgarh,False,0.9839214571004302
303537,Sat Narayan Fast Food,True,Najafgarh,False,0.9755814341672312
18430576,Shahi Chicken Point,True,Najafgarh,False,0.9860541226952417
304405,Sharma Sweets,True,Najafgarh,False,0.9797170268813487
18471313,Shere Hind Chicken Corner,True,Najafgarh,False,0.9869325187761981
306710,Shiv Shakti Dhaba,True,Najafgarh,False,0.9825853084318679
18430570,Shree Shyam Sweets,True,Najafgarh,False,0.9850213455165023
303497,Shri Shyam Ji Shudh Shakahari Bhojnalaya,True,Najafgarh,False,0.9858471448845756
18270343,Sky Hawk,True,Najafgarh,False,0.9338844646440345
18361200,Snack Shack,True,Najafgarh,False,0.966839905527376
18261678,Soya Bite's,True,Najafgarh,False,0.9729943400171073
18317507,Soya Bite's,True,Najafgarh,False,0.9764051632430448
9269,Taj Mahal Dhaba,True,Najafgarh,False,0.9830479917861135
18363067,Yadav Sweets,True,Najafgarh,False,0.9823077372254817
18371421,Yummy Chinese Food,True,Najafgarh,False,0.9833719114705322
304809,Aggarwal Sweets Corner,True,Nangloi,False,0.9857709532735321
304769,Anand Sweets,True,Nangloi,False,0.9739644280032971
304803,Annapurna Sweets Palace,True,Nangloi,False,0.9784831991100018
18261151,Aujla's Punjabi Zaika,True,Nangloi,False,0.9636762841401904
18464636,Baba Ji,True,Nangloi,False,0.9857710719843858
18017260,Babu Soup Wala,True,Nangloi,False,0.9854154280455624
304753,Baketown By Gagan Bakers,True,Nangloi,False,0.9803403910723151
18464641,Bala Ji Rasoi,True,Nangloi,False,0.9854882713887263
304822,Bansiwala Sweets & Caterers,True,Nangloi,False,0.9817070657137738
18312665,Best Chicken Corner,True,Nangloi,False,0.9710433212990718
9181,Bhardwaj Bakery,True,Nangloi,False,0.9762993896760486
18435332,Bikaner Sweets & Restaurant,True,Nangloi,False,0.9549092676000052
18261710,Classic Chef Corner,True,Nangloi,False,0.9777675350541755
18312662,Dabas Ke Special Chole Bhature,True,Nangloi,False,0.9874253574092207
18322599,Daily Belly,True,Nangloi,False,0.9696973467570327
9226,Deep Bakery And Cake,True,Nangloi,False,0.9762045590509406
18434072,Dhaba NH10,True,Nangloi,False,0.9936848210642643
305699,Dilkhush Dhaba,True,Nangloi,False,0.9854154280455624
9194,Do Bhai Paneer Wale And Sweets,True,Nangloi,False,0.9846441771305027
304888,Dosa and Pizza Corner,True,Nangloi,False,0.9658759997641639
306177,Gulati Ki Rasoi,True,Nangloi,False,0.9847289936466795
18261708,JMD Family Restaurant,True,Nangloi,False,0.9761806258201764
9173,Jyoti Sweets,True,Nangloi,False,0.9788485257240919
304831,Khana Khazana,True,Nangloi,False,0.9813413231326689
9176,Krishna Panjabi Rasoi,True,Nangloi,False,0.9857760769490934
18233572,Lazeez Zaika,True,Nangloi,False,0.9761806258201764
18464649,Mannat Chinese Fast Food,True,Nangloi,False,0.9768053863840342
18375389,Pizza Hot,True,Nangloi,False,0.9639093433933457
18466387,Raju Fast Food,True,Nangloi,False,0.9805987067401408
304782,Ramesh Caterers & Dhaba,True,Nangloi,False,0.9865388473653239
18261719,Sethi's Express,True,Nangloi,False,0.9678295070450756
18466389,Shahi Chicken Biryani Corner,True,Nangloi,False,0.9852690786076279
18378051,Spicy Curry,True,Nangloi,False,0.9853422244950725
7484,Super Star Restaurant,True,Nangloi,False,0.9865577921381206
18464634,Swagi Food Corner,True,Nangloi,False,0.9750657424361898
18464647,Taoji Ke Amratsari Naan,True,Nangloi,False,0.980143579488481
18371391,TCW Chaat Point,True,Nangloi,False,0.9841014750643537
18017240,The Food Express,True,Nangloi,False,0.9854154280455624
18464640,The Pizza Family,True,Nangloi,False,0.9817739622432184
18261161,The Regal Chicken Corner,True,Nangloi,False,0.9763090628762036
18464638,Welcome Rasoi,True,Nangloi,False,0.974279544296564
302694,Agarwal Sweets,True,Naraina,True,0.8844637579142338
18358184,Aurangzeb Rd,True,Naraina,True,0.3059391218113501
8715,Bengali Sweet Corner,True,Naraina,True,0.7227525451842517
641,Cafe Coffee Day,True,Naraina,True,0.8313591395356702
308033,Chinese K. Food,True,Naraina,True,0.885431267797174
307099,Chocowell,True,Naraina,True,0.8147769923886494
18312575,Choice,True,Naraina,True,0.7241372851098902
18312652,Desi Street,True,Naraina,True,0.7496275370066134
310666,Enigma Lounge,True,Naraina,True,0.736949448545516
7434,Flavors Of London,True,Naraina,True,0.6628794920656086
305859,Frontier,True,Naraina,True,0.8358330358038233
308037,Green Chick Chop,True,Naraina,True,0.707187156552719
18435837,Hot House Grill,True,Naraina,True,0.5833426204277813
18441658,Kanshi Ram Chole Kulche Wala,True,Naraina,True,0.8895215026736346
558,Kents Fast Food,True,Naraina,True,0.6332461842602449
300485,Paharia Meat & Chicken Shop,True,Naraina,True,0.8792357510550048
7416,Palji Corner,True,Naraina,True,0.8703927382771539
301927,Paratha Hi Paratha,True,Naraina,True,0.8791117070194977
18288199,Picasso Roof Top,True,Naraina,True,0.33455082324671914
301931,RK Dosa,True,Naraina,True,0.8785776049088231
311385,Sandoz,True,Naraina,True,0.24148816789955185
18175322,Sardar Ji,True,Naraina,True,0.9552029077132506
7419,Satkar Fast Food,True,Naraina,True,0.8774876890967156
9280,Sweetheart Cupcakes,True,Naraina,True,0.9659223428820392
18241874,The Earthen Grill,True,Naraina,True,0.7820473286713764
303250,Twenty Four Seven,True,Naraina,True,0.7658568393459148
313163,A Patisseries Gallery,True,Naraina,False,0.8294697966948883
18398504,Aggarwal Bikaneri Sweets,True,Naraina,False,0.8505091238948537
301932,Aggarwal Sweets & Bakers,True,Naraina,False,0.7936246249209236
18312572,Avatar Da Dhaba,True,Naraina,False,0.89180055626576
18371399,Bengali Restaurant,True,Naraina,False,0.8262684470482137
18431177,Biryani Express,True,Naraina,False,0.8475456085378856
18371405,Brahm Point Fast Food,True,Naraina,False,0.8434900998302026
312926,Chinese Hot,True,Naraina,False,0.8532543651133631
18349241,Curry Man,True,Naraina,False,0.9647532891314919
18431181,Diya Chinese Food,True,Naraina,False,0.8813038076450967
18431187,Foodies,True,Naraina,False,0.8378281175779287
18393288,Fresh Meat CO,True,Naraina,False,0.7636079076805581
8718,Hans Fast Food Center,True,Naraina,False,0.8253196220366915
18462571,Happy Hours,True,Naraina,False,0.8312258324119264
18460302,Khalsa Eating Point,True,Naraina,False,0.866327339900946
18431183,Krishna Yummy Foods,True,Naraina,False,0.8777427346916512
301925,Laxmi Dhaba,True,Naraina,False,0.8686634639701548
301885,Milan Shudh Vaishno,True,Naraina,False,0.8744965184550157
18295497,Milko Sweets Corner,True,Naraina,False,0.8480334081108079
18460299,New Punjabi Chaap Corner,True,Naraina,False,0.8698479481525652
1973,Nik's Chawla Chik Inn,True,Naraina,False,0.7183850040066136
18369770,Paras Corner,True,Naraina,False,0.887297246866205
312848,Punjabi Tadka,True,Naraina,False,0.8380934958210561
18474850,Sardar A Pure Meat Shop,True,Naraina,False,0.8974224996490134
18429186,Shahi Hyderbadi Biryani,True,Naraina,False,0.8840192369793021
18312656,Shashi's China Wok,True,Naraina,False,0.9665837075864234
18416741,Urban Palate,True,Naraina,False,0.8904808426461742
18425182,Wrapss,True,Naraina,False,0.9298519377487949
18464625,China Kitchen,True,Narela,False,0.9802898358898418
18435330,Chowringhee,True,Narela,False,0.9789457298652167
18435326,D-Food,True,Narela,False,0.9477800714920489
18464648,Kith N Kin Cafeteria,True,Narela,False,0.9770143335166629
18464629,Lazeez Rasoi,True,Narela,False,0.9768053863840342
18435322,Red Rose Restaurant,True,Narela,False,0.9868779705793936
18014151,Shri Bikaner Sweets & Restaurant,True,Narela,False,0.93935211537375
18375378,Welcome Family Restaurant,True,Narela,False,0.9775174483837002
310408,Al Bake,True,Nehru Place,True,0.40819948057417044
1185,Americana Kitchen and Bar,True,Nehru Place,True,0.033140067450775024
5536,Bawa Snacks Corner,True,Nehru Place,True,0.5835335841553668
18393213,Bhimsain's Bengali Sweet House,True,Nehru Place,True,0.12183025133197745
308336,Cafe Coffee Day,True,Nehru Place,True,0.4914324229948962
637,Cafe Coffee Day,True,Nehru Place,True,0.12395163605670012
313159,Dolce Gelato,True,Nehru Place,True,0.06847507037451017
3608,Domino's Pizza,True,Nehru Place,True,0.2634400533571075
3636,Gopala,True,Nehru Place,True,0.3663460032640584
312790,New Punjabi Khana,True,Nehru Place,True,0.4572130842799591
5537,New Vishal Corner,True,Nehru Place,True,0.3841226145012998
308347,Punjabi Khana,True,Nehru Place,True,0.5810619255357725
2602,Rajshree,True,Nehru Place,True,0.3846901241943582
3638,Snack Junction,True,Nehru Place,True,0.3880756252922366
18017281,Sona,True,Nehru Place,True,0.38502283284061245
3607,Southy,True,Nehru Place,True,0.12685734691184058
3069,The First Floor,True,Nehru Place,True,0.027229251755498396
18268390,Hype,True,Nehru Place,True,0.08268899961069132
196,McDonald's,True,Nehru Place,True,0.06952354966707919
5487,New Punjabi Khana,True,Nehru Place,True,0.45519235820630555
308331,Pizza Hut Delivery,True,Nehru Place,True,0.03795260960313118
18126080,Shree Rathnam,True,Nehru Place,True,0.1860475902787816
148,Subway,True,Nehru Place,True,0.12298934543429985
18412898,Al Mughal,True,Nehru Place,False,0.6168955625743735
5528,Anupama Restaurant,True,Nehru Place,False,0.5599003251763621
17953929,Cafe Einstein,True,Nehru Place,False,0.30599797110299287
18355121,Delicious Eating Corner,True,Nehru Place,False,0.5940682050483765
9210,Gupta Rasoi,True,Nehru Place,False,0.5456056514616767
2703,Paras Chicken Point,True,Nehru Place,False,0.548627065990777
18478963,Ralhan Eating Corner,True,Nehru Place,False,0.5407961585975609
2232,Pind Balluchi,True,Nehru Place,True,0.02084341025038916
2775,Oh! Calcutta,True,Nehru Place,True,0.017160028705010988
311623,Alcoholic Lounge & Bar,True,Netaji Subhash Place,True,0.12176412641395984
311077,Baljeet's Amritsari Koolcha,True,Netaji Subhash Place,True,0.38830802651283136
492,Bikanervala,True,Netaji Subhash Place,True,0.002658743993131929
304030,Cafe Coffee Day,True,Netaji Subhash Place,True,0.30170837189131683
18366028,Chicago Pizza,True,Netaji Subhash Place,True,0.017609250932862364
18168143,Cocoberry,True,Netaji Subhash Place,True,0.0758674244031654
18294246,Dilli Chaap Wale,True,Netaji Subhash Place,True,0.3107709414624674
2370,Dips,True,Netaji Subhash Place,True,0.30866630091224245
3893,Domino's Pizza,True,Netaji Subhash Place,True,0.14910697264701667
5366,Gullu's,True,Netaji Subhash Place,True,0.13620760993753356
18037828,Hashtag Foods,True,Netaji Subhash Place,True,0.08058566359591912
2377,Mini Meals,True,Netaji Subhash Place,True,0.22917409608077777
18384151,No Name - Taste Hi Kaafi Hai,True,Netaji Subhash Place,True,0.06420037866362116
2966,Pind Balluchi,True,Netaji Subhash Place,True,0.013762787275682697
257,Pizza Hut,True,Netaji Subhash Place,True,0.011159685316939671
2380,Raj Bhature wala,True,Netaji Subhash Place,True,0.04699210508525131
18285222,Rolls Tiger,True,Netaji Subhash Place,True,0.10244459841853903
309463,SGF - Spice Grill Flame,True,Netaji Subhash Place,True,0.0335776373153468
18219550,Smoksha Cafe and Lounge,True,Netaji Subhash Place,True,0.1751112070944414
3230,Subway,True,Netaji Subhash Place,True,0.012081051973886203
309542,Sura Vie,True,Netaji Subhash Place,True,0.0054780135098656535
2965,Billu's Hut,True,Netaji Subhash Place,True,0.31540778527215496
3372,BTW,True,Netaji Subhash Place,True,0.34865527306008204
312223,Burger King,True,Netaji Subhash Place,True,0.027145901830841535
8828,Cafe Coffee Day,True,Netaji Subhash Place,True,0.32212582226435615
2524,Chills 'n' Grills,True,Netaji Subhash Place,True,0.07133429813285586
18458640,Fusion N Food,True,Netaji Subhash Place,True,0.4009222486545717
2532,Giani,True,Netaji Subhash Place,True,0.04996087740537547
5368,Hot Spot,True,Netaji Subhash Place,True,0.22769343157707633
18272383,La Americana,True,Netaji Subhash Place,True,0.04941575172384227
18332018,Mogambo Khush Hua,True,Netaji Subhash Place,True,0.11847463129068736
18423901,Niti Shake & Ice Cream Hub,True,Netaji Subhash Place,True,0.23747691847073382
1969,Pacific Asia,True,Netaji Subhash Place,True,0.018869873031518658
18455548,Papa Veg Chinese Food,True,Netaji Subhash Place,True,0.07359960113122932
310126,Pasta Hut,True,Netaji Subhash Place,True,0.3257359533914469
5291,Ram G Snacks & Food Corner,True,Netaji Subhash Place,True,0.22402490716021561
3522,Sandwich King,True,Netaji Subhash Place,True,0.15100615993154554
18345519,Shake Eat Up,True,Netaji Subhash Place,True,0.31835936846159985
305967,Starbucks,True,Netaji Subhash Place,True,0.17981234648711153
18432015,The Chai Story,True,Netaji Subhash Place,True,0.3016434168085069
18204820,Themis Barbecue House,True,Netaji Subhash Place,True,0.1372230180378089
18361244,Utsav,True,Netaji Subhash Place,True,0.41174767109209165
9561,Barbeque Nation,True,Netaji Subhash Place,True,0.08562952876565466
18466059,Bistro 57,True,Netaji Subhash Place,True,0.5424927319455415
18361780,Calendar Khana Laao,True,Netaji Subhash Place,True,0.016158888586604747
18208880,Chaayos,True,Netaji Subhash Place,True,0.04741591084737018
307620,Eleven Course,True,Netaji Subhash Place,True,0.040276547421962516
302242,Sinciti,True,Netaji Subhash Place,True,0.0035829935865357987
310348,Admission Lounge,True,New Friends Colony,True,0.05102245361055768
309680,Al Zaika,True,New Friends Colony,True,0.3551131272054415
1508,Angels in my Kitchen,True,New Friends Colony,True,0.1449804106596857
18312565,Asian Curry,True,New Friends Colony,True,0.7172740458171399
311553,Chaska,True,New Friends Colony,True,0.45605674553494646
7720,Chik Chow,True,New Friends Colony,True,0.07586965466363882
308332,Deep Sweet Corner,True,New Friends Colony,True,0.43170371548508146
306331,Deepika Khaitan's Cakes,True,New Friends Colony,True,0.5048414962427439
18303863,Dhaba On Wheels,True,New Friends Colony,True,0.5030048560799987
212,Domino's Pizza,True,New Friends Colony,True,0.37466373641541617
304183,Evergreen Sweets,True,New Friends Colony,True,0.3558633597478098
1915,Gopala,True,New Friends Colony,True,0.5732069677569315
5901,Green Chick Chop,True,New Friends Colony,True,0.46457315514553277
311824,Halal Pizza Fun,True,New Friends Colony,True,0.6692547515607897
18376488,Keventers,True,New Friends Colony,True,0.20284242070540592
300013,Khan Chicken Biryani,True,New Friends Colony,True,0.49124693368939887
181,McDonald's,True,New Friends Colony,True,0.11027894326239085
18277019,Midnight Bites,True,New Friends Colony,True,0.4058420960856396
7721,Moti Mahal Delux,True,New Friends Colony,True,0.10674064496171543
308334,MT Everest Food Corner,True,New Friends Colony,True,0.507094759178359
309675,Muradabad Ki Mashoor Sama Chicken Biryani,True,New Friends Colony,True,0.5637479168292847
300020,New Laziz,True,New Friends Colony,True,0.5285384854466955
7717,Talab South Indian Restaurant,True,New Friends Colony,True,0.6374519707639894
303547,Tipu Sultan Chicken Point,True,New Friends Colony,True,0.6815100293058383
18228903,Yo Wok,True,New Friends Colony,True,0.6918976257122136
18428200,Zoet Desserts,True,New Friends Colony,True,0.5486345530185011
18144480,Zooby's Kitchen,True,New Friends Colony,True,0.31819655409012415
302945,Hotel Malabar,True,New Friends Colony,True,0.5265538680445683
18471283,Hwealthcafe,True,New Friends Colony,True,0.048356958771594294
18337892,Noorjahan,True,New Friends Colony,True,0.44559116138299104
267,Pizza Hut Delivery,True,New Friends Colony,True,0.047917514293504104
18424893,Sushiya Express,True,New Friends Colony,True,0.06580571830980786
306526,Tuptakes,True,New Friends Colony,True,0.546513992000859
18133511,Annapurna Food Point,True,New Friends Colony,False,0.9205204312384563
18456744,Arabian & Turkish Cafí©,True,New Friends Colony,False,0.7167092246215371
303559,Brij Palace Restaurant,True,New Friends Colony,False,0.6896325052246361
18352261,Bruncheez,True,New Friends Colony,False,0.9237847726478597
310692,Buena Tierra,True,New Friends Colony,False,0.8988425833452437
18313141,Cafe Coffee Day,True,New Friends Colony,False,0.8421811420131456
312446,Chokoreto - The Cake Design Studio,True,New Friends Colony,False,0.8898424026576573
18245296,Crazylicious Cakes N Desserts,True,New Friends Colony,False,0.8530629906120359
18254540,Halal Pizza 'n' Joy,True,New Friends Colony,False,0.7307615876074106
18354644,Shree Bhojnalaya,True,New Friends Colony,False,0.6887310945088608
7684,Shree Laxmi Dhaba,True,New Friends Colony,False,0.6887310945088608
18180047,Swaad Restaurant,True,New Friends Colony,False,0.6770863483919054
18366586,The Bay Leaf,True,New Friends Colony,False,0.7713598171638276
112,Lotus Pond,True,New Friends Colony,True,0.04420002802421197
1903,Cafe Turtle,True,Nizamuddin,True,0.17775134603207499
300710,Gulfam Kashmiri Wazwan,True,Nizamuddin,True,0.7044863582774652
308065,Kit Care Kabab Corner,True,Nizamuddin,True,0.5595206711197258
18441549,Liter Basar,True,Nizamuddin,True,0.7067906841605446
3685,N. Iqbal Restaurant,True,Nizamuddin,True,0.5507372891659489
303599,Ghalib Kabab Corner,True,Nizamuddin,True,0.6026802764378077
462,Karim's,True,Nizamuddin,True,0.08159845555205891
18474567,Chick Fish Point,True,Nizamuddin,False,0.6704669750289383
18434504,Monis Kada Hotel,True,Nizamuddin,False,0.5838427083837086
680,Comesum,True,Nizamuddin,True,0.39004002389572934
18222581,Lunch Express,True,Okhla Phase 1,True,0.9864565353219004
18432628,Aloo Bhaji Restaurant,True,Okhla Phase 1,False,0.9800644625076148
18357551,Chinese Corner,True,Okhla Phase 1,False,0.9697291405499726
18360900,Gupta Bhojnalya,True,Okhla Phase 1,False,0.9496732627713708
18358168,Sam's 22,True,Okhla Phase 1,False,0.9287578440710265
18472680,The Bakery,True,Okhla Phase 1,False,0.9530274271251297
18409180,Twenty Four Seven,True,Okhla Phase 1,False,0.9320826022669575
18429188,Vishal Snacks,True,Okhla Phase 1,False,0.9086666253740405
310164,Chawla Dhaba,True,Okhla Phase 2,True,0.24634133611607212
7712,Shri Gupta'z,True,Okhla Phase 2,True,0.4598073094708742
18311948,The Golden Leaf,True,Okhla Phase 2,True,0.45168892008473394
7483,Red Moon Bakery,True,Okhla Phase 2,True,0.7372641436168198
18355004,Cafe Point,True,Okhla Phase 2,False,0.621405301352963
18291238,TLC Kitchen,True,Okhla Phase 2,False,0.6189767893372365
18472436,Berco's,True,"Pacific Mall, Tagore Garden",True,0.068342544659736
9037,Bikano Chat Cafe,True,"Pacific Mall, Tagore Garden",True,0.08410231913745092
18391581,BonJuz,True,"Pacific Mall, Tagore Garden",True,0.33645979720398844
7077,Cafe Coffee Day - The Lounge,True,"Pacific Mall, Tagore Garden",True,0.3106518675247073
306586,Chicago Pizza,True,"Pacific Mall, Tagore Garden",True,0.3083085541873285
306495,Domino's Pizza,True,"Pacific Mall, Tagore Garden",True,0.23254572417162955
9061,Dosa Village,True,"Pacific Mall, Tagore Garden",True,0.3798247337436619
18357946,Dunkin' Donuts,True,"Pacific Mall, Tagore Garden",True,0.1638092258101248
308991,Gelato Italiano,True,"Pacific Mall, Tagore Garden",True,0.42900476179916136
7071,Gelato Vinto,True,"Pacific Mall, Tagore Garden",True,0.08690460705749281
18282040,Keventers,True,"Pacific Mall, Tagore Garden",True,0.47768006119070294
8379,KFC,True,"Pacific Mall, Tagore Garden",True,0.04518958995344258
9040,Kings Kulfi,True,"Pacific Mall, Tagore Garden",True,0.3505882326919535
18367984,Mr. Sub,True,"Pacific Mall, Tagore Garden",True,0.45599857408095024
4455,Shanghai Moon,True,"Pacific Mall, Tagore Garden",True,0.23778772800955228
4454,The Blue Tandoor,True,"Pacific Mall, Tagore Garden",True,0.24145289908568723
4560,Costa Coffee,True,"Pacific Mall, Tagore Garden",True,0.2333812027197899
4563,Giani's,True,"Pacific Mall, Tagore Garden",True,0.3761199449793672
5062,Hinglish - Cafe Beach Bar,True,"Pacific Mall, Tagore Garden",True,0.017625492189961123
4568,Spaghetti Kitchen,True,"Pacific Mall, Tagore Garden",True,0.020295452815913828
4566,Subway,True,"Pacific Mall, Tagore Garden",True,0.10836152344812111
18383434,Swiss Softy,True,"Pacific Mall, Tagore Garden",True,0.44323263713591077
308972,The Bubble Tea,True,"Pacific Mall, Tagore Garden",True,0.48599541825139536
307560,Creambell & Chocoxess,True,"Pacific Mall, Tagore Garden",False,0.42900476179916136
18336478,Hang Out,True,"Pacific Mall, Tagore Garden",False,0.03889097753971171
309004,Mx Corn,True,"Pacific Mall, Tagore Garden",False,0.45396998287561685
18492109,The Belgian Fries Company,True,"Pacific Mall, Tagore Garden",False,0.5513633614889442
6283,Al-Sameer,True,Paharganj,True,0.37601882475252324
6356,Allure,True,Paharganj,True,0.1785377993889372
18356800,BarShala,True,Paharganj,True,0.23782217718977894
18253103,Bikaner House,True,Paharganj,True,0.058698359309012904
304152,Cafe Coffee Day,True,Paharganj,True,0.3651482623950517
18287392,Cafe CoffeeCo,True,Paharganj,True,0.4776718346519465
3116,Cafe Festa,True,Paharganj,True,0.03593558413407416
308620,Cheers Lounge Bar,True,Paharganj,True,0.11845864169045484
300608,Chowmein Hut,True,Paharganj,True,0.48048512604367155
302162,Club India Cafe & Restaurant,True,Paharganj,True,0.03545367093551588
308187,Domino's Pizza,True,Paharganj,True,0.21239899752184688
8292,Everest Bakery Cafe,True,Paharganj,True,0.12297565950816014
307114,Everest Kitchen,True,Paharganj,True,0.08037586665905838
18408059,Exotic Rooftop Restaurant,True,Paharganj,True,0.016101025330892416
308614,Flavours,True,Paharganj,True,0.13965564313615386
304217,Gagan Assam Bengal Restaurant,True,Paharganj,True,0.37640601358018966
302724,Gold Resto Bar,True,Paharganj,True,0.16752862037055527
5799,Grand Madras Cafe,True,Paharganj,True,0.4432804021181733
3117,Green Chilli,True,Paharganj,True,0.09925713020689797
300639,Gurdev Punjabi Restaurant,True,Paharganj,True,0.476609276824845
18384879,Haji Irshad Biryani Centre,True,Paharganj,True,0.498986947956617
18481280,Hungerzz Grill,True,Paharganj,True,0.8275252410113059
300635,Janta Sweets,True,Paharganj,True,0.39150495674795627
302159,Khosla Cafe,True,Paharganj,True,0.26068261763794154
18204494,King Bar & Restaurant,True,Paharganj,True,0.14732474176353616
305135,Le Fairway Restaurant & Bar,True,Paharganj,True,0.11808566933728282
302155,Madan Cafe & Restaurant,True,Paharganj,True,0.278782847449195
3119,Malhotra Restaurant,True,Paharganj,True,0.09506327627933409
3254,Metropolis Bar,True,Paharganj,True,0.19641305786881735
302272,Mikky Restaurant,True,Paharganj,True,0.3304684052921326
300616,Mourya Sweets Chat Bhandar,True,Paharganj,True,0.21185207566266184
5796,My Bar & Restaurant,True,Paharganj,True,0.1274550290425558
310595,My Love Restaurant & Bar,True,Paharganj,True,0.08571732575387436
303788,Organic German Bakeshop - Brown Bread Bakery,True,Paharganj,True,0.1267314175495019
305490,Paankhuri Restaurant,True,Paharganj,True,0.3643562515222758
300620,Pardeep Corner,True,Paharganj,True,0.4755890280088535
18218076,Pehalwan Da Hotel,True,Paharganj,True,0.5206648735751678
308682,Pizza Hut Delivery,True,Paharganj,True,0.02665689851894526
18198465,Re Cafe,True,Paharganj,True,0.07200991508952759
311879,Rumi Amritsari Naan,True,Paharganj,True,0.37759939130230513
1888,Sagar Bar-Be Que,True,Paharganj,True,0.057566399468324425
301191,Satyam Rooftop Restaurant,True,Paharganj,True,0.17621511227812858
6345,Sethi Restaurant,True,Paharganj,True,0.2505178142440223
18272388,Shri Bankey Bihari Samosa Wala,True,Paharganj,True,0.8074955489382254
6355,Sonu South Indian Restaurant,True,Paharganj,True,0.34459219873115976
300571,Southern Welcome Restaurant,True,Paharganj,True,0.3437336742669034
302173,Swagat Dhaba,True,Paharganj,True,0.4776047480503094
5801,Tadka 4986,True,Paharganj,True,0.16920785143222838
18261165,The Drunkyard Cafe,True,Paharganj,True,0.07979153933820982
302188,The Gem Bar & Restaurant,True,Paharganj,True,0.06561204711122193
18017258,The Indian Grill Restaurant,True,Paharganj,True,0.255228806546398
3094,True Blue,True,Paharganj,True,0.09708442146226892
3118,U Like,True,Paharganj,True,0.22623656518729873
6359,Vaga Bond,True,Paharganj,True,0.1962750341429843
18252250,Vrinda Vaishno Dhaba,True,Paharganj,True,0.4123781145148001
5949,White Heart Restro Bar,True,Paharganj,True,0.17924638763145184
18409188,Haldiram Bhujiawala,True,Paharganj,True,0.14440682896910573
5753,Maa Bhagwati,True,Paharganj,True,0.4942152847174346
18354666,Cafe Brownie,True,Paharganj,False,0.24324476467869227
305025,Cafexpress,True,Paharganj,False,0.5357950838469567
311468,Mauja Hi Mauja,True,Paharganj,False,0.5059355908319478
18381669,Metro Bar & Family Restaurant,True,Paharganj,False,0.12459161625442938
18273527,Bajaj Vaishno Dhaba,True,Paharganj,True,0.43906096965206787
6075,Sita Ram Diwan Chand,True,Paharganj,True,0.12411278532281678
306750,Aayush Food Plaza,True,Palam,True,0.9500442285498223
306739,Ankit Fast Food Corner,True,Palam,True,0.9598959071466101
18312564,Da Pizza Corner,True,Palam,True,0.8838012393230661
306741,Mughal Zaika Chicken Point,True,Palam,True,0.9275767651009887
9974,Nawab Restaurant,True,Palam,True,0.9324739944693956
300529,New Bikaner Sweets,True,Palam,True,0.9527271522168472
312169,Pizza Yum,True,Palam,True,0.8657603592659555
301783,Radhika Sweets,True,Palam,True,0.9409838272006691
9218,Satguru Di Hatti,True,Palam,True,0.9622199818747873
301994,Sher-E-Punjab,True,Palam,True,0.9644710301339212
306729,Shudh Vaishno Amritsari Naan,True,Palam,True,0.9593654219895174
9207,Sumit Sweets,True,Palam,True,0.9418559350927709
306743,Aggarwal Bikaner Wala,True,Palam,False,0.9416017751902794
306733,Aggarwal Sweet Centre,True,Palam,False,0.9460607557777478
302042,Aggarwal Sweet India,True,Palam,False,0.9476015785626816
18231755,Aggarwal Sweets Centre,True,Palam,False,0.8362968869546905
18228878,Aggarwal Sweets,True,Palam,False,0.9419367338124732
302011,Anupama Snacks and Sweets Corner,True,Palam,False,0.97061167118403
18366001,Baba Ka Dhaba,True,Palam,False,0.9651609268939785
18368020,Balaji Eating Point,True,Palam,False,0.9578394591603976
301786,Bhagat Ji Sweets,True,Palam,False,0.9616203226189665
302221,Bikaner Sweet Corner,True,Palam,False,0.951467705350223
302175,Chavi Food Point,True,Palam,False,0.9613179282769394
18431171,Cook & Connect,True,Palam,False,0.8694976497046693
17989108,Dinesh Ka Mithila Dhaba,True,Palam,False,0.968032645962634
18449798,Domino's Pizza,True,Palam,False,0.8397664705718565
313287,Flavors Of London,True,Palam,False,0.8872332567115725
312161,Flavours Of London,True,Palam,False,0.9383522735098597
18368003,Foji Bhai Hotel,True,Palam,False,0.9632319333162276
312153,Green Chilli,True,Palam,False,0.9461053748254957
18449651,Hook N Cook,True,Palam,False,0.9387568668251288
18431159,Hyderabadi & Muradabadi Chicken Corner,True,Palam,False,0.9611826407879731
18350870,It's Pizza Town,True,Palam,False,0.9108796330317194
302002,ITO Ke Mashoor Chole Bhature,True,Palam,False,0.9690833074988917
312146,Janta Special Lassi Corner,True,Palam,False,0.9676861334021861
18431173,Kairi The Royal Taste,True,Palam,False,0.9120021350307638
18372324,Kasba,True,Palam,False,0.9588972268460155
18445631,Kayasthas Food Junction,True,Palam,False,0.9396404933800515
18431151,KGN Chicken Corner,True,Palam,False,0.9611826407879731
18378581,Maggi Point,True,Palam,False,0.9264227701531805
18406823,Momozone,True,Palam,False,0.9627582217508616
301867,Munna Bakery,True,Palam,False,0.9615899037647629
306657,N.S. Pizza Point,True,Palam,False,0.9621911056169713
306747,Nand Bhai Chholey Bhature,True,Palam,False,0.9581260012195171
18376478,New Lazeez Tandoor,True,Palam,False,0.8919009733822009
301775,Pizza Day,True,Palam,False,0.8794843538179875
313012,Pizza Day,True,Palam,False,0.5171224323444358
18466429,Pritam Tiffin Service,True,Palam,False,0.9613176211229854
18222029,Rana Sweets and Restaurant,True,Palam,False,0.9737249392496558
302782,Rastogi Sweets & Caterers,True,Palam,False,0.9395306823848739
18440259,Recipe Tadka,True,Palam,False,0.9307569392067307
18369764,Sahi Pakde Hain,True,Palam,False,0.8658306795205407
17989110,Sher e Punjab Rasoi,True,Palam,False,0.9665896277832706
18369751,Shyam Rasoi,True,Palam,False,0.9676347701782974
302046,Subhan Chicken Biryani,True,Palam,False,0.9646541979417481
18431105,Surprise - Bakers & Bites,True,Palam,False,0.9352754987202214
18489651,The Night Rider,True,Palam,False,0.9101398562780204
306749,Vikram Ji Snacks,True,Palam,False,0.9570606033708908
308128,Yadav Chaat Bhandar,True,Palam,False,0.9586647473536378
306653,Yadav Ji Chholey Bhature,True,Palam,False,0.9604761410312097
18433910,Burger King,True,"Palate of Delhi, Chanakyapuri",True,0.9201436742520841
18435287,Chaayos,True,"Palate of Delhi, Chanakyapuri",True,0.7860935870276671
18433897,Berco's,True,"Palate of Delhi, Chanakyapuri",False,0.6313108667841505
18435820,Chicago Pizza,True,"Palate of Delhi, Chanakyapuri",False,0.7186271965652533
18435289,Domino's Pizza,True,"Palate of Delhi, Chanakyapuri",False,0.9223811675773455
18438424,Dunkin' Donuts,True,"Palate of Delhi, Chanakyapuri",False,0.5052415557098711
18435290,Keventers,True,"Palate of Delhi, Chanakyapuri",False,0.9016072870313272
18433864,Khan Chacha,True,"Palate of Delhi, Chanakyapuri",False,0.9307129865536081
18435829,Wow! Momo,True,"Palate of Delhi, Chanakyapuri",False,0.7464479727195058
7618,Aalis Kathi Kabab,True,Panchsheel Park,True,0.3270172343127501
3637,Dill's Chawla Chik Inn,True,Panchsheel Park,True,0.038929652339791065
302277,Ipshita's Cakes Mamma Bakes,True,Panchsheel Park,True,0.32417621004943853
18216942,Big Wong,True,Panchsheel Park,True,0.04504067608051976
5784,Giani's,True,Pandara Road Market,True,0.24877319759240002
5783,Baskin Robbins,True,Pandara Road Market,True,0.33638378732840946
800,Chicken Inn,True,Pandara Road Market,True,0.012129669746127614
73,Ichiban,True,Pandara Road Market,True,0.009317179756632599
308537,Krishna Di Kulfi,True,Pandara Road Market,True,0.3105295885805627
803,Pindi,True,Pandara Road Market,True,0.012185293313733192
103,Veg Gulati,True,Pandara Road Market,True,0.028618836916946666
18421051,Chor Bizarre,True,Pandara Road Market,True,0.14393679619407274
799,Gulati,True,Pandara Road Market,True,0.024212156343415336
801,Havemore,True,Pandara Road Market,True,0.10154185394423743
308845,Aggarwal Sweets,True,Pandav Nagar,True,0.9717799190923205
306826,Om Sai Dosa Corner,True,Pandav Nagar,True,0.967725027814015
18432030,Angelena Restaurant,True,Pandav Nagar,False,0.9402212266177996
18466825,Chennai Dosa Express,True,Pandav Nagar,False,0.9611886359636149
18491638,Chennai Dosa Xpress,True,Pandav Nagar,False,0.9896647440452572
18499474,Domino's Pizza,True,Pandav Nagar,False,0.9608864818621913
18440169,Foodizm,True,Pandav Nagar,False,0.9674280304576697
18393448,Healthy Nutrienty,True,Pandav Nagar,False,0.9678791165843332
18294222,Kalka Ji Rasoi,True,Pandav Nagar,False,0.9433043676305513
18232109,Kolkata Biriyani On Call,True,Pandav Nagar,False,0.9371723362548441
303468,Mahavir Sweets,True,Pandav Nagar,False,0.9816720890461911
18289272,Massi's Kitchen,True,Pandav Nagar,False,0.9731457702975279
18440436,New Shama Chicken Restaurant,True,Pandav Nagar,False,0.9710149662377695
18372299,Pizza King,True,Pandav Nagar,False,0.9029774826173911
18244429,Raj Shri,True,Pandav Nagar,False,0.9788090330937858
18449949,Roll Junction,True,Pandav Nagar,False,0.9900069855698207
311199,Sai Bhojanalay,True,Pandav Nagar,False,0.9792761878889302
300801,Shree Balaji Caterers,True,Pandav Nagar,False,0.9591991198467069
18293989,Smily Cakes,True,Pandav Nagar,False,0.9684841009676552
18440163,Zaika Restaurant,True,Pandav Nagar,False,0.9478433541286342
18303817,"34, Chowringhee Lane",True,Paschim Vihar,True,0.08619431288584423
312913,A Pizza House,True,Paschim Vihar,True,0.04021782997616785
5645,Amrit Family Rasoi,True,Paschim Vihar,True,0.3416480468801404
312387,Bake Club,True,Paschim Vihar,True,0.05502718909205373
5594,Cafe Coffee Day,True,Paschim Vihar,True,0.3517043970040856
18175309,Cake O Frost,True,Paschim Vihar,True,0.4574336462671019
312990,Chawla Kitchen,True,Paschim Vihar,True,0.037582027716726474
18233577,Cherry Fresh,True,Paschim Vihar,True,0.09030249465079998
309836,Chocooze,True,Paschim Vihar,True,0.4574336462671019
7692,Chuk Chuk Mail,True,Paschim Vihar,True,0.33936606274585646
18224548,Da Pizza Bakers,True,Paschim Vihar,True,0.07687900486726218
213,Domino's Pizza,True,Paschim Vihar,True,0.1623180782089093
7488,Green Chick Chop,True,Paschim Vihar,True,0.04204947552409777
18356817,Grill Zone,True,Paschim Vihar,True,0.058048074325748766
1987,Grover Mithaivala,True,Paschim Vihar,True,0.35078612139486887
18241871,Hong Kong Express,True,Paschim Vihar,True,0.02990080043322285
300337,Hot Spot Roll Corner,True,Paschim Vihar,True,0.4532591532508361
18232113,Jaiveer Naan & Chaap,True,Paschim Vihar,True,0.08153538461167131
303018,Jaiveer Naan & Chaap,True,Paschim Vihar,True,0.3414415478131533
300318,Kabab Hut,True,Paschim Vihar,True,0.07366391622291235
18070479,Kabbaba,True,Paschim Vihar,True,0.034991625672620374
9956,McDonald's,True,Paschim Vihar,True,0.04204897818190323
5652,New Durga Corner,True,Paschim Vihar,True,0.43378527031838765
7330,New Durga Dosa Corner,True,Paschim Vihar,True,0.08667476989309697
4801,Pishori Chicken,True,Paschim Vihar,True,0.29258547778555033
9853,Pizza Break,True,Paschim Vihar,True,0.04935230862538642
308929,Pizza Hut Delivery,True,Paschim Vihar,True,0.02194492731287434
300344,PK Shoppe,True,Paschim Vihar,True,0.4287153865155703
18372287,Pudding & Pie,True,Paschim Vihar,True,0.1919449500629512
18198449,Punjabi Angithi,True,Paschim Vihar,True,0.2409233921649685
300343,Punjabi Handi,True,Paschim Vihar,True,0.050126967923467936
300323,Quality Cake Shop,True,Paschim Vihar,True,0.05721103797858129
2366,Rahul's Rasoi,True,Paschim Vihar,True,0.047299315635407346
300334,RTW,True,Paschim Vihar,True,0.43708852811581267
300321,Sahib e Aalam,True,Paschim Vihar,True,0.34560476885140323
5655,Shree Durga Dosa,True,Paschim Vihar,True,0.25138744134240254
7274,Shree Durga Dosa,True,Paschim Vihar,True,0.28056794758638226
9670,Shree Rathnam,True,Paschim Vihar,True,0.014843068700944095
311957,Sunil Momos.Com,True,Paschim Vihar,True,0.13480254889077414
1990,Temptation Food,True,Paschim Vihar,True,0.34756105304467966
18279470,Wheelyz,True,Paschim Vihar,True,0.11821335607144834
307965,Ashok Meat Wala,True,Paschim Vihar,True,0.2807846270180311
18336183,Biryani Sons & Co.,True,Paschim Vihar,True,0.09312228168988967
18472416,Curry Tree,True,Paschim Vihar,True,0.32261391081557445
306636,Deli 63,True,Paschim Vihar,True,0.08324791749742166
300335,Friends Shawarma,True,Paschim Vihar,True,0.34454577223077176
311379,Ganesh Restaurant,True,Paschim Vihar,True,0.04822974098460053
18379474,Kake Da Hotel,True,Paschim Vihar,True,0.04382244720391493
309307,Nirmal Vada Pav,True,Paschim Vihar,True,0.11560113342779377
312425,Oasis Baklawa,True,Paschim Vihar,True,0.11304093529975967
7291,Puri Bakers,True,Paschim Vihar,True,0.05824095577301858
18163915,Wonder Taste of Spices,True,Paschim Vihar,True,0.03594221965310884
18233583,Biryaniwala,True,Paschim Vihar,True,0.07867181236234966
310630,Firangi N More,True,Paschim Vihar,True,0.07827766101500355
7271,Pakwan,True,Paschim Vihar,True,0.02458932994909946
18138442,Subway,True,Paschim Vihar,True,0.014390474594767833
308559,24x7,True,Patparganj,True,0.0625528975977484
18358841,Cafe Cook,True,Patparganj,True,0.07735144156716511
18397140,La-Nawaab,True,Patparganj,True,0.14128015945421313
18168171,Roadside Cafe,True,Patparganj,True,0.07772605703014235
18458961,Royal India Food Plaza,True,Patparganj,True,0.7561040124578029
18208914,Sir John Bakery Cafe,True,Patparganj,True,0.02676002287444268
18231410,Bikku Bakes,True,Patparganj,True,0.3095545297364083
18037850,Giani,True,Patparganj,True,0.25927581148804046
307501,Zune - Piccadily Hotel,True,"Piccadily Hotel, Janakpuri",True,0.10670819429689826
3362,361 Restaurant & Banquet,True,Pitampura,True,0.01887558601859829
18424879,6 Pack Momos,True,Pitampura,True,0.3725114127060446
18363074,Amritsari Kulcha,True,Pitampura,True,0.5180686893731512
18386078,Bake Houz,True,Pitampura,True,0.17102039068733332
313146,Ben's Foods,True,Pitampura,True,0.11976044749841319
3967,Bobby Punjabi Rasoi,True,Pitampura,True,0.07101339091810177
18378050,Bromfy Public House,True,Pitampura,True,0.07925801645533637
309685,BTW,True,Pitampura,True,0.40981957957161796
8940,Chacha Shankar,True,Pitampura,True,0.37691467633585674
300672,Chaska,True,Pitampura,True,0.02333414990826066
313355,Chatore.e.e,True,Pitampura,True,0.08549405659993048
2958,Chawla's Tandoori Xpress,True,Pitampura,True,0.234244558123349
304093,Chawla's Tandoori Xpress,True,Pitampura,True,0.1718365512323754
6453,Chinese Hut,True,Pitampura,True,0.12332665607623472
18456456,Culinaria,True,Pitampura,True,0.06706722279328647
18306511,Deli Cake Cafe,True,Pitampura,True,0.08024579893161166
214,Domino's Pizza,True,Pitampura,True,0.2381178981414891
3892,Domino's Pizza,True,Pitampura,True,0.2551049624584637
300873,Dragon Hut,True,Pitampura,True,0.1163212241348518
307419,Frontier Restaurant,True,Pitampura,True,0.30857048762863326
5862,Giani's,True,Pitampura,True,0.08780428598477907
18477957,Giani,True,Pitampura,True,0.37397351739923057
18398575,Grand Bikaner,True,Pitampura,True,0.1171503594660821
1123,Hill Chillz 26,True,Pitampura,True,0.4692804989422237
313443,K's Town,True,Pitampura,True,0.06668729153126352
306816,Laxmi Ice Cream Parlour,True,Pitampura,True,0.4315028692444358
312471,Make My Day,True,Pitampura,True,0.081647457833396
194,McDonald's,True,Pitampura,True,0.04688749037415085
1959,Mikky Peshawari,True,Pitampura,True,0.07390207475481025
17977763,Moroca,True,Pitampura,True,0.18334288169480806
8941,New Punjabi Dhaba and Caterers,True,Pitampura,True,0.45241034077784703
308607,Pandey Chinese Hut,True,Pitampura,True,0.05567859733255076
313442,Pandey Chinese Hut,True,Pitampura,True,0.06334706341355445
18358201,Peppers & Pipes,True,Pitampura,True,0.05556782754919676
5392,Punjabi Zaika,True,Pitampura,True,0.38341305095289624
312334,Punjabi's Eating Hub,True,Pitampura,True,0.08014821983195242
18396440,Punjabian Di Shaan,True,Pitampura,True,0.04463701422629296
3966,Puran Chand,True,Pitampura,True,0.09434288300939431
304389,Ram Chinese Food,True,Pitampura,True,0.4418958732003099
18175260,Rooftop,True,Pitampura,True,0.047155857019600234
18057827,Ruchi's Food Junction,True,Pitampura,True,0.11816285920832903
8961,Sahni Veg & Non Veg,True,Pitampura,True,0.27811891997282956
312327,Shiv Chinese Chat Bhandar,True,Pitampura,True,0.5313247042943565
306809,Shutup 'N' Eat,True,Pitampura,True,0.08014821983195242
9792,Sindhi Chicken Corner,True,Pitampura,True,0.07275810472990873
18218787,Smokshh The Lounge,True,Pitampura,True,0.1584602488154907
311512,Subway,True,Pitampura,True,0.021687119669419497
18421020,The Blessing Bliss,True,Pitampura,True,0.11852843192108531
308364,The Butter Cup,True,Pitampura,True,0.43084137232900455
307276,The Cake Bucks,True,Pitampura,True,0.06587091100927667
18350101,The Taste of Delhi,True,Pitampura,True,0.09564073575650023
18361220,The Taste,True,Pitampura,True,0.27668739933948716
311576,VadaPav 'n' Frankie,True,Pitampura,True,0.4412622455215991
300836,Vaishnav Chat & Caterers,True,Pitampura,True,0.3687142340421361
18265418,Yellowtail,True,Pitampura,True,0.04211548243035934
18017253,Baker's Stop,True,Pitampura,True,0.27344463851597467
300872,Bansal Sweets,True,Pitampura,True,0.5559520059457158
3333,Bharat Sweets,True,Pitampura,True,0.37470636366493115
6451,Dosa Corner,True,Pitampura,True,0.43323651940538477
6454,Green Chick Chop,True,Pitampura,True,0.2707065479027321
18476960,Greenvich,True,Pitampura,True,0.7929986537278223
18398592,Hamburg To Hyderabad,True,Pitampura,True,0.12512548029128367
18265676,I Food You,True,Pitampura,True,0.06771150223727818
3080,Kay's Chicken Corner,True,Pitampura,True,0.20973633721415685
313173,Lanche,True,Pitampura,True,0.308260565941173
18476896,Marshmallow Cakes & More,True,Pitampura,True,0.44859260329455297
306011,Om Corner,True,Pitampura,True,0.5020711702946687
4683,Peshawari,True,Pitampura,True,0.4080026412255373
18222572,Puri Bakers,True,Pitampura,True,0.1099358413822118
18464054,Republic Of Food Lovers,True,Pitampura,True,0.8009394719915555
8964,Sharma Bakers,True,Pitampura,True,0.18231828836962594
18322667,Street Hawkers,True,Pitampura,True,0.13541303317118103
311209,The Midnight Heroes,True,Pitampura,True,0.023486471154942623
6449,Tilak Munjal-R Panchkuian Samose Wale,True,Pitampura,True,0.16605375452237414
18363081,3x Cafe,True,Pitampura,False,0.2628401461427756
18451571,Amritsari Naan,True,Pitampura,False,0.4465354126997283
18359282,Chinese Tadka,True,Pitampura,False,0.5168402769006852
18361222,Dinesh Meat Wala,True,Pitampura,False,0.4893974501039289
18358182,Jeet Pizza,True,Pitampura,False,0.08276163782640211
18361223,New South Indian & Chinese Foods,True,Pitampura,False,0.3396090347058288
18451573,Niti Shake & Ice Cream Hub,True,Pitampura,False,0.2649958785136094
18396396,Yumbuns,True,Pitampura,False,0.5252116045869089
312763,Giri Momos Centre & Chinese Fast Food,True,Pitampura,True,0.1639208062541332
307444,Laalwala's,True,Pitampura,True,0.025122718649471354
305398,Sagar Ratna,True,Pitampura,True,0.026626624878934635
302815,Babu Shahi Bawarchi,True,Pragati Maidan,True,0.5010473775554498
305525,Cafe Lota,True,Pragati Maidan,True,0.10042782115014881
313481,Bombay's Royal China,True,Prashant Vihar,True,0.5787099654628103
18359287,Chin China,True,Prashant Vihar,True,0.8617667922342451
18199151,Cholkat,True,Prashant Vihar,True,0.6812139890830602
311162,Deluxe Butter Omlette,True,Prashant Vihar,True,0.8540454724191027
18204823,Giani's,True,Prashant Vihar,True,0.7685337034765727
302465,Kanha Sweets,True,Prashant Vihar,True,0.7263704124034605
18359296,Liquid,True,Prashant Vihar,True,0.17228348450519848
300925,Papa Chinese Veg Food,True,Prashant Vihar,True,0.8729970585540828
307026,Punjab To China,True,Prashant Vihar,True,0.7048914569216881
18352220,Chocolacious by WedCraft,True,Prashant Vihar,False,0.794401636375388
18359300,Frontier,True,Prashant Vihar,False,0.7574752246825368
18445759,Gopal Ji Rasoi Wala,True,Prashant Vihar,False,0.775589384139619
18435210,Kanuchawala,True,Prashant Vihar,False,0.796774569519486
18430914,Keventers,True,Prashant Vihar,False,0.8272151341426989
18216703,Muncheezz,True,Prashant Vihar,False,0.779496253500086
18359285,Shaketastic,True,Prashant Vihar,False,0.7893269372387305
18359289,Sree Krishna Udupi,True,Prashant Vihar,False,0.787744448743505
18057816,Asia 21,True,Preet Vihar,True,0.0394520611319269
18303432,Barkat,True,Preet Vihar,True,0.17000008668001465
3790,Bikanervala,True,Preet Vihar,True,0.11648828479709106
2509,Chawla's,True,Preet Vihar,True,0.3691376461519512
18238913,Cilantro Woodapple,True,Preet Vihar,True,0.34567730968709065
215,Domino's Pizza,True,Preet Vihar,True,0.4553465904255741
3793,Giani's,True,Preet Vihar,True,0.2033244333973364
18244250,Gopala,True,Preet Vihar,True,0.6004471297757628
18372294,Green Chick Chop,True,Preet Vihar,True,0.5549659476891926
6261,Gupta Chat Corner,True,Preet Vihar,True,0.6105870413248998
18376484,Kake Da Hotel,True,Preet Vihar,True,0.21694845239097327
468,Karim's,True,Preet Vihar,True,0.173367278291223
8276,Katyal Pure Vegetarian,True,Preet Vihar,True,0.626856797873517
6120,Kunal Dhaba,True,Preet Vihar,True,0.7694113009514365
18252395,Midnight Hunger,True,Preet Vihar,True,0.5265238641312057
18180073,Moon Bite,True,Preet Vihar,True,0.2097903399949399
18441678,Nirula's Ice Cream,True,Preet Vihar,True,0.5852500965475267
18400762,Pash!,True,Preet Vihar,True,0.7712187341439072
306492,Rashi's De La Creme,True,Preet Vihar,True,0.7816684803061704
8488,Rupa Dairy,True,Preet Vihar,True,0.7053545754897812
310536,Sandy's Punjabi Rasoi,True,Preet Vihar,True,0.393147001955213
308360,Shree Rathnam,True,Preet Vihar,True,0.05449338906805756
18017248,Tandoori Planet,True,Preet Vihar,True,0.7778534914169829
312855,Tandoori Tadka,True,Preet Vihar,True,0.21104187050897483
18463971,Urban Owl,True,Preet Vihar,True,0.8364484193655707
8600,4th Street Cafe,True,Preet Vihar,True,0.24522734051126638
18380143,Late Lateefe,True,Preet Vihar,True,0.08952391077876709
18254520,Mr. Brown,True,Preet Vihar,True,0.10837256127325601
18222554,The Riding Guns Cafe,True,Preet Vihar,True,0.6344311495918828
18462589,Baskin Robbins,True,Preet Vihar,False,0.32433404958780687
18336474,Chai Garam,True,Preet Vihar,False,0.573043270667464
18336477,Chilli Tadka,True,Preet Vihar,False,0.7259766520063669
18382047,Colours of Biryani,True,Preet Vihar,False,0.9521951129033254
18441566,Fc Katyal,True,Preet Vihar,False,0.793938188625164
18441669,Food State,True,Preet Vihar,False,0.7687357873360483
18396358,Giani,True,Preet Vihar,False,0.6393219741306411
6248,Gupta Eating Corner,True,Preet Vihar,False,0.767525362449917
308832,Hot 'N' Cool,True,Preet Vihar,False,0.6309232193088924
18421030,Hot Joint Fast Food,True,Preet Vihar,False,0.6653693772694942
18378016,Murliwala Bakers,True,Preet Vihar,False,0.5573537559708
310889,New Garden Hut,True,Preet Vihar,False,0.6884880170953378
308837,Perfect Party Chef,True,Preet Vihar,False,0.6309232193088924
18441685,R.S. Chinese Food,True,Preet Vihar,False,0.7241083888965865
6249,Rama Fast Food,True,Preet Vihar,False,0.739668318887585
312860,Shanghai Chinese Food,True,Preet Vihar,False,0.726062707798755
18378023,Teens Cafe Fast Food,True,Preet Vihar,False,0.7626065315725583
18107855,The Tandoor Hut,True,Preet Vihar,False,0.566049507880727
18396955,The Taste of Tandoor,True,Preet Vihar,False,0.7224747109567164
310896,The Chinese Hut,True,Preet Vihar,True,0.13122495462610795
5446,Linx - Premier Inn,True,"Premier Inn, Shalimar Bagh",True,0.06895546867848201
5448,The 87 - Premier Inn,True,"Premier Inn, Shalimar Bagh",True,0.06902815688574926
18408062,Stallion - Pride Plaza Hotel,True,"Pride Plaza Hotel, Aerocity",True,0.8783455887922037
18415386,Aqua Grill - Pride Plaza Hotel,True,"Pride Plaza Hotel, Aerocity",False,0.23929817495775485
18397621,Mr. Confectioner - Pride Plaza Hotel,True,"Pride Plaza Hotel, Aerocity",False,0.6953345147376768
18369301,Aditya's Kulcha Express,True,Punjabi Bagh,True,0.12533919927601633
309383,Allterian By Chanson,True,Punjabi Bagh,True,0.0825365889550258
310801,Amuse Lounge,True,Punjabi Bagh,True,0.11956787127954926
495,Bikanervala,True,Punjabi Bagh,True,0.004382323700445889
18241532,Cakes Dot Com,True,Punjabi Bagh,True,0.13372925060933893
18445783,Chez Papillons by Bonjour Chocolates,True,Punjabi Bagh,True,0.060792756272221804
18352179,Chicago Pizza,True,Punjabi Bagh,True,0.04349006349568518
309309,Choco Doux,True,Punjabi Bagh,True,0.22173577459593352
8272,Cocoberry,True,Punjabi Bagh,True,0.09012074408247095
1998,Curries N More,True,Punjabi Bagh,True,0.04527817968308967
1120,Dili's Chawla Chik Inn,True,Punjabi Bagh,True,0.28123807269319
18369772,Dimsum Vs Sushi,True,Punjabi Bagh,True,0.0438885001546051
216,Domino's Pizza,True,Punjabi Bagh,True,0.16043000872020208
303051,Everest Momos & Chinese Fast Food,True,Punjabi Bagh,True,0.44684172177308834
6905,Food Plaza,True,Punjabi Bagh,True,0.23453486708336702
307551,Giani,True,Punjabi Bagh,True,0.06006005993712216
306267,Grillz & Gravy,True,Punjabi Bagh,True,0.0255721633098438
306170,Kabab,True,Punjabi Bagh,True,0.03864603302374203
3972,Khalsa,True,Punjabi Bagh,True,0.058843022672219525
2951,Kumar Pastry Shop,True,Punjabi Bagh,True,0.26368127176152334
308242,Little Chef,True,Punjabi Bagh,True,0.016380417046232276
18153553,Mafia 2.0,True,Punjabi Bagh,True,0.004407183278862581
311025,Makhni's,True,Punjabi Bagh,True,0.1655323178491509
309578,Moksha,True,Punjabi Bagh,True,0.12336315882680093
476,Moti Mahal Delux,True,Punjabi Bagh,True,0.008128232206785824
310359,Pudding & Pie,True,Punjabi Bagh,True,0.2695706609585595
1308,Republic of Chicken,True,Punjabi Bagh,True,0.2751546585281376
301657,Shree Rathnam,True,Punjabi Bagh,True,0.01637609994576794
309188,Soo Yung by the backyard,True,Punjabi Bagh,True,0.013952643447410762
8801,Subway,True,Punjabi Bagh,True,0.010965460187268739
1986,The Cake Shop,True,Punjabi Bagh,True,0.2591357919730789
304212,The Night Shift,True,Punjabi Bagh,True,0.06841500938922862
18288046,The Night Walkers,True,Punjabi Bagh,True,0.11163323703783334
18082238,The Submarine Lounge,True,Punjabi Bagh,True,0.006989792056456223
18228854,Tikka Junction,True,Punjabi Bagh,True,0.022153188776598554
303105,Twenty Four Seven,True,Punjabi Bagh,True,0.27667722805990214
308067,WTF - Wraps Toast Fries,True,Punjabi Bagh,True,0.25855828396283864
18420452,Food Scouts,True,Punjabi Bagh,True,0.022245942084649917
1054,Alkakori,True,Punjabi Bagh,True,0.04276138938831764
312634,Arabian Delites,True,Punjabi Bagh,True,0.02897424076351507
3516,Blue Water Grille,True,Punjabi Bagh,True,0.022934938799131444
5595,Cafe Coffee Day,True,Punjabi Bagh,True,0.2994769841289521
18232108,Dí_ner Grill,True,Punjabi Bagh,True,0.029095775526452594
18358681,Drinks At Stake - Bar Exchange,True,Punjabi Bagh,True,0.042511617656240785
18418237,Ghungroo Club & Bar - By Gautam Gambhir,True,Punjabi Bagh,True,0.1462517340221634
9230,Gupta Chat Corner,True,Punjabi Bagh,True,0.27390516843835644
6901,Gupta Sweets & Namkeen,True,Punjabi Bagh,True,0.31917631328873575
18403003,hug!,True,Punjabi Bagh,True,0.1097598637743239
311421,Lucky's Bakery and Patisserie,True,Punjabi Bagh,True,0.07484378469330355
176,McDonald's,True,Punjabi Bagh,True,0.03611938554692584
1992,Mughal Darbar,True,Punjabi Bagh,True,0.03046446444549833
18287382,Nutritious Nation,True,Punjabi Bagh,True,0.007010839495670496
18294251,Paapi Paet,True,Punjabi Bagh,True,0.036296696296458264
18291260,The Derby Cookhouse,True,Punjabi Bagh,True,0.011467846781633484
311836,The Midnight Heroes,True,Punjabi Bagh,True,0.012449455555160527
18198459,World Art Dining - Brew House,True,Punjabi Bagh,True,0.03932696702524552
18224547,Yo! China,True,Punjabi Bagh,True,0.02007288284554387
307911,Bake Me A Cake,True,Punjabi Bagh,True,0.2338219084335228
18287876,Bakerz Lodge,True,Punjabi Bagh,True,0.09047280374135225
18375379,Hawalat Lounge & Bar,True,Punjabi Bagh,True,0.06915333580031979
7167,Al Bake,True,PVR Anupam Complex,True,0.14534047658738647
219,Domino's Pizza,True,PVR Anupam Complex,True,0.14301937023087263
572,Madhuban,True,PVR Anupam Complex,True,0.0927351360554115
302381,Pind Balluchi,True,PVR Anupam Complex,True,0.06988758150150631
309232,Subway,True,PVR Anupam Complex,True,0.012503440952478573
18303828,Burger King,True,PVR Anupam Complex,True,0.026270227696527204
2222,Lebanese Point,True,PVR Anupam Complex,True,0.3848071012595605
175,McDonald's,True,PVR Anupam Complex,True,0.03402040063911105
18400733,Nukkadwala,True,PVR Anupam Complex,True,0.06368306589318418
18303724,The Bunk House,True,PVR Anupam Complex,True,0.05825078759237534
731,The Kathis,True,PVR Anupam Complex,True,0.05640766829750343
18219522,Locale,True,PVR Anupam Complex,True,0.0036933254931842407
18219554,The Coffee Shop,True,PVR Anupam Complex,True,0.026075720040951267
7797,Chakhna Food Point,True,Qutab Institutional Area,True,0.9611800960660145
18352263,Da Pizza Corner,True,Qutab Institutional Area,True,0.7560169945115097
18312571,Parashar's,True,Qutab Institutional Area,True,0.9674387019011931
18421038,Cafe Coffee Day,True,Qutab Institutional Area,False,0.953196150255508
18412894,Cake Walk,True,Qutab Institutional Area,False,0.940820699082761
18312463,Chhotu Restaurant,True,Qutab Institutional Area,False,0.9689420093034129
18332442,Dabbba Wala Home Away,True,Qutab Institutional Area,False,0.9633480494834412
18345771,Foodieholic,True,Qutab Institutional Area,False,0.9496519650065991
18414497,Fourteen Eleven Tea Cafe,True,Qutab Institutional Area,False,0.97769890292073
18355275,Hungry Folks Food Corner,True,Qutab Institutional Area,False,0.916037922940674
18398593,Hungry Folks,True,Qutab Institutional Area,False,0.9777930374075525
18312455,Hussain - UP Ki Mashoor Biryani,True,Qutab Institutional Area,False,0.9601203101219055
18025131,Just Vada Pav,True,Qutab Institutional Area,False,0.9690202779941616
18161591,Mangal Ji and Gupta Ji Dhaba,True,Qutab Institutional Area,False,0.9575542044522175
18312459,Pandey Ji Restaurant,True,Qutab Institutional Area,False,0.9607991415334783
302573,Quality Restaurant,True,Qutab Institutional Area,False,0.9590254926249331
18352264,Ravi Ke Parathe,True,Qutab Institutional Area,False,0.9742837821108472
3555,Sahara Restaurant,True,Qutab Institutional Area,False,0.9660367462320307
18414494,Shere-E-Punjab,True,Qutab Institutional Area,False,0.9502632381785007
18306540,Shree Jagannath Restaurant,True,Qutab Institutional Area,False,0.9920965790613807
18153550,Sumona Restaurant,True,Qutab Institutional Area,False,0.9587028177819992
18439705,The Hubbub Cafe and Restaurant,True,Qutab Institutional Area,False,0.921540711054169
7809,Welcome Fast Food & Parantha,True,Qutab Institutional Area,False,0.9401340218661912
307171,Abdul Muradabadi Chicken,True,R K Puram,True,0.9099589864802242
300271,Anupam Sweets,True,R K Puram,True,0.8365084799675099
345,Colonel's Kababz,True,R K Puram,True,0.2143868680180525
307865,Green Chick Chop,True,R K Puram,True,0.7296901386499604
307168,Jasmine Fast Food Centre,True,R K Puram,True,0.7937572914757025
1859,Khalsa Restaurant,True,R K Puram,True,0.4651688117097992
301229,Kitchen King,True,R K Puram,True,0.42424471969967137
307169,Laxmi Corner,True,R K Puram,True,0.8930344670281963
306291,Nazeer Delicacies,True,R K Puram,True,0.28811753883656244
18428880,Vdesi,True,R K Puram,True,0.8464082453521494
3381,Alkakori Alkauser,True,R K Puram,True,0.38047348087826216
8853,Mathew's Cafe,True,R K Puram,True,0.8823055506326415
301154,Supreme Bakery,True,R K Puram,True,0.8710741539826198
309365,The Midnight Heroes,True,R K Puram,True,0.1285541269422279
18427212,"34, Chowringhee Lane",True,R K Puram,False,0.6940812923921154
313127,Aggarwal Sweets,True,R K Puram,False,0.7275462469252894
18486867,Alam Biryani,True,R K Puram,False,0.8964625446914295
18472665,Behrouz Biryani,True,R K Puram,False,0.3661020446107174
18486861,Biryani Point,True,R K Puram,False,0.8652697755948613
18396151,Chinese Hut,True,R K Puram,False,0.7762001992188312
18434343,Dada Ka Dhaba,True,R K Puram,False,0.3559647634511012
18478389,Die Bí_ckerei,True,R K Puram,False,0.7867361602988244
18472663,Faaso's,True,R K Puram,False,0.2646161259748758
18486866,Gupta Ji Ka Dhaba,True,R K Puram,False,0.6965922055603896
18486869,Hot & Tasty,True,R K Puram,False,0.8852965622473173
18486845,Kaka Da Dhaba,True,R K Puram,False,0.8987555926495475
18325509,Kingdom Restaurant,True,R K Puram,False,0.8199796260793516
18352268,Little Delhi,True,R K Puram,False,0.8227187013688007
18289261,Million Kitchen,True,R K Puram,False,0.7279695256277217
18352180,Ok Indian & Chinese Food Corner,True,R K Puram,False,0.8986571961198375
18469974,Ovenstory Pizza,True,R K Puram,False,0.2763573045156479
18489530,Pakeeza Chicken Corner,True,R K Puram,False,0.8820178811574829
18425179,Rapchick Biryani,True,R K Puram,False,0.8972570630248551
18461352,Rupa Bangali Dhaba,True,R K Puram,False,0.8522996019953535
18352172,Sindh Snacks,True,R K Puram,False,0.9093337570748731
18486857,Vaishanavi Food Store,True,R K Puram,False,0.8511189207515171
301227,"Ada ""e"" Haandi's",True,R K Puram,True,0.28281872509037453
7060,Karnataka Food Centre,True,R K Puram,True,0.9064063793268273
613,Cafe Coffee Day,True,Race Course,True,0.3479021660301673
3549,Savannah Bar - Radisson Blu Plaza Delhi,True,"Radisson Blu Plaza Delhi, Mahipalpur",True,0.04640282556057829
302282,Neung Roi - Radisson Blu Plaza Delhi,True,"Radisson Blu Plaza Delhi, Mahipalpur",True,0.061634372449258956
3546,R The Lounge - Radisson Blu Plaza Delhi,True,"Radisson Blu Plaza Delhi, Mahipalpur",True,0.15538144895676897
302283,The Pastry Shop - Radisson Blu Plaza Delhi,True,"Radisson Blu Plaza Delhi, Mahipalpur",True,0.1459793787190592
3545,NYC - Radisson Blu Plaza Delhi,True,"Radisson Blu Plaza Delhi, Mahipalpur",True,0.030620077566616555
3547,The Great Kabab Factory - Radisson Blu Plaza Delhi,True,"Radisson Blu Plaza Delhi, Mahipalpur",True,0.04610427858394739
4490,Cup Cakes - Radisson Blu,True,"Radisson Blu, Paschim Vihar",True,0.09159949802378264
4488,Oro The Bar - Radisson Blu,True,"Radisson Blu, Paschim Vihar",True,0.08549131285491529
186,McDonald's,True,Rajendra Place,True,0.2769221945580913
3124,Mughal Mahal,True,Rajendra Place,True,0.11450674567218833
18057792,Imly,True,Rajendra Place,True,0.4901230702121391
1641,Lanterns Kitchen & Bar,True,Rajendra Place,True,0.41759715779133255
18368023,Guru Om Vanna,True,Rajendra Place,False,0.8941369771846215
18438896,Khaao Peeyo,True,Rajendra Place,False,0.540670831456245
18479012,New Chow Maun,True,Rajendra Place,False,0.8792585565698146
18479008,Oye!! Shawarma,True,Rajendra Place,False,0.6163656416142371
7242,27 China Street,True,Rajinder Nagar,True,0.2888597437756797
312920,Ada'e Handi,True,Rajinder Nagar,True,0.027059679939857917
308051,Alkauser,True,Rajinder Nagar,True,0.04627870136559353
3135,Barbeque Creation By Kadhai Tadka,True,Rajinder Nagar,True,0.017932047904555826
693,Baskin Robbins,True,Rajinder Nagar,True,0.2703820870175393
7399,Bikaner Sweets Corner,True,Rajinder Nagar,True,0.3249422068092708
18375392,Biryaniwala,True,Rajinder Nagar,True,0.325332176511939
5527,Cafe Coffee Day,True,Rajinder Nagar,True,0.06337230197710952
7407,Chinese Corner,True,Rajinder Nagar,True,0.23256936354679414
18279476,Choice Corner,True,Rajinder Nagar,True,0.45600934200599286
18294260,Chowringhee,True,Rajinder Nagar,True,0.03279453825186296
7409,Darshan Dhaba,True,Rajinder Nagar,True,0.29114590527323936
8912,Domino's Pizza,True,Rajinder Nagar,True,0.13431960708450985
18224550,Durga Dhaba,True,Rajinder Nagar,True,0.41255697999617325
18363093,Flashback Midnight Hunger,True,Rajinder Nagar,True,0.012767823528090916
307511,Flavours of Punjab,True,Rajinder Nagar,True,0.027929357814935774
18369767,Flirty Momo's,True,Rajinder Nagar,True,0.367244476149427
17977795,Food Factory,True,Rajinder Nagar,True,0.02506756174653957
18455210,Foodies Joint,True,Rajinder Nagar,True,0.23275774920687609
313258,Fresh Meat CO,True,Rajinder Nagar,True,0.25156249959920274
7452,Friends Restaurant,True,Rajinder Nagar,True,0.3761833903574521
7373,Giani,True,Rajinder Nagar,True,0.24940561845204168
309445,Green Chick Chop,True,Rajinder Nagar,True,0.1535975381179271
18468651,Havmor Ice Cream,True,Rajinder Nagar,True,0.052490486646873946
8671,Hot Pot,True,Rajinder Nagar,True,0.23185938127914008
308049,Hyderabadi Biryani Parlour,True,Rajinder Nagar,True,0.2658355786203891
307519,iGNiTE,True,Rajinder Nagar,True,0.04174559083224416
18034082,Just Cakez,True,Rajinder Nagar,True,0.08049806120824199
18237343,Kay's Bar-Be-Que,True,Rajinder Nagar,True,0.38050949775137277
8658,Kolkata Kathi Roll,True,Rajinder Nagar,True,0.3036567811822848
307702,Madras Cafe,True,Rajinder Nagar,True,0.20039695304896954
300300,Mama's Chinese Kitchen,True,Rajinder Nagar,True,0.28536394562808864
3131,Mama's Nu Khana Khazana,True,Rajinder Nagar,True,0.08837413395531735
18446480,Marathi Katta,True,Rajinder Nagar,True,0.04314717666047985
311383,Mitra Da Dhaba,True,Rajinder Nagar,True,0.06940983877524054
2751,Moti Mahal Delux - Kebab Trail,True,Rajinder Nagar,True,0.007251122517293651
18395392,Nirula's Ice Cream,True,Rajinder Nagar,True,0.22558047827998917
306067,Oberoi Biryani,True,Rajinder Nagar,True,0.1690193625386185
8688,Pappu Ka Dhaba,True,Rajinder Nagar,True,0.3950708251995275
7306,Peshawar Sweets Shop,True,Rajinder Nagar,True,0.30638437503542437
18277238,Piyu Kitchen,True,Rajinder Nagar,True,0.03965838509447439
18107869,Posh Spice,True,Rajinder Nagar,True,0.41992608104650575
7442,Prince Chicken & Mutton Shop,True,Rajinder Nagar,True,0.17550504536665235
7448,Punjab Chicken & Bar-Be-Que,True,Rajinder Nagar,True,0.2712067232496742
307075,Republic of Chicken,True,Rajinder Nagar,True,0.22573113892857033
305392,Sagar Ratna,True,Rajinder Nagar,True,0.01825097425562283
18248991,Sardar A Pure Meat Shop,True,Rajinder Nagar,True,0.23006511222859172
18420444,Shama Chicken Corner,True,Rajinder Nagar,True,0.3248507793591484
311787,Shawarma King's,True,Rajinder Nagar,True,0.3168616221266267
8660,Sindh Sweet Corner,True,Rajinder Nagar,True,0.3282015599731015
18282048,Singh Tawa Corner,True,Rajinder Nagar,True,0.06707524128039333
8666,Singh's Kitchen,True,Rajinder Nagar,True,0.06654561126630598
8667,South Indian Cafe,True,Rajinder Nagar,True,0.3217122912409319
7441,Subway,True,Rajinder Nagar,True,0.011301922684068932
3132,Swaad Bar-Be-Que,True,Rajinder Nagar,True,0.16511906684317013
7342,Tadak Punjabi,True,Rajinder Nagar,True,0.3030337201801452
301242,Tandoori Delights,True,Rajinder Nagar,True,0.03891741557348838
18429387,The Culinary Pitaara,True,Rajinder Nagar,True,0.021519353392713825
18453448,The Grill Cafe,True,Rajinder Nagar,True,0.032419603996810875
18369771,The Sunset,True,Rajinder Nagar,True,0.055761395141086245
309255,Tomatoes Kitchen,True,Rajinder Nagar,True,0.022462604430193434
307278,Udupi Eating House,True,Rajinder Nagar,True,0.3779531949967516
311760,Wrapss,True,Rajinder Nagar,True,0.044398659390220585
18443750,Burger Point,True,Rajinder Nagar,True,0.0373417283707973
307700,Kings,True,Rajinder Nagar,True,0.3139061661834931
18381646,Millionaire - Powered by Wrapss,True,Rajinder Nagar,True,0.05769144382992586
308054,Punjabi Chaap Corner,True,Rajinder Nagar,True,0.046881852998259754
18427200,Spooky Sky,True,Rajinder Nagar,True,0.021779169809405197
7427,Standard Corner,True,Rajinder Nagar,True,0.38678946342748965
18261149,The Canteen,True,Rajinder Nagar,True,0.01683822826930026
18322646,The Diet Kitchen,True,Rajinder Nagar,True,0.022756615308558548
310912,The Flashback,True,Rajinder Nagar,True,0.02504192887796275
18334635,The Mashal,True,Rajinder Nagar,True,0.04138709014000297
18487016,Chillax Cafe And Bistro,True,Rajinder Nagar,False,0.6641568810369345
18480928,Jee Aao Jee Chole Bhature,True,Rajinder Nagar,False,0.7892276704559229
18446486,LSK Express,True,Rajinder Nagar,False,0.021524961705356227
7401,Aggarwal Sweets India,True,Rajinder Nagar,True,0.21984488119793066
18237341,Dilli Treat,True,Rajinder Nagar,True,0.024831726099646345
7428,Dukes Pastry Shop,True,Rajinder Nagar,True,0.06596483892175653
18420467,HotMess Bakes,True,Rajinder Nagar,True,0.04146585221524002
18332869,London Street Kitchen,True,Rajinder Nagar,True,0.018896573526429372
18241878,Bablu Chic-Inn,True,Rajouri Garden,True,0.03411640385916559
312959,Babu Jhatka,True,Rajouri Garden,True,0.2153813650683396
978,Bal Gopal,True,Rajouri Garden,True,0.036465725292303075
306910,Bharat Sweets,True,Rajouri Garden,True,0.2595952143449738
307135,Cafe Blue Tomato,True,Rajouri Garden,True,0.022443010157315424
18363209,Cafe TAB,True,Rajouri Garden,True,0.057129316878869796
18454700,Cake-O-Licious,True,Rajouri Garden,True,0.3399484575627323
308791,Chaap Point,True,Rajouri Garden,True,0.33656794879113183
312589,Chawla Family Restaurant,True,Rajouri Garden,True,0.0167573041538156
977,Chawla Family Restaurant,True,Rajouri Garden,True,0.023724233991035737
8649,Chawla Restaurant,True,Rajouri Garden,True,0.03387949201305096
309435,Chawlas 2,True,Rajouri Garden,True,0.08652730216727944
18371401,Chicken Addiction,True,Rajouri Garden,True,0.05637667001681257
307138,Crave Busters,True,Rajouri Garden,True,0.015131639697378296
18420427,Garage,True,Rajouri Garden,True,0.24233032730051307
305082,Gola Sizzlers,True,Rajouri Garden,True,0.05226631587814734
305086,Golden Tandoor,True,Rajouri Garden,True,0.18030119851447246
307541,Green Chick Chop,True,Rajouri Garden,True,0.11962561027057272
18281968,Indo Traditional Kulfi,True,Rajouri Garden,True,0.32705419996750185
18375382,Invitation Foodex,True,Rajouri Garden,True,0.02203099599311953
2537,King's Kabab,True,Rajouri Garden,True,0.12094993035507906
311977,New Kadimi,True,Rajouri Garden,True,0.01002698625100451
974,Paramjeet Machi Wala,True,Rajouri Garden,True,0.02644155648531299
4163,Polka Pastry & Snack Bar,True,Rajouri Garden,True,0.03854071484051047
305694,Punnu Biryani,True,Rajouri Garden,True,0.019534844145371988
2364,Raju Chinese Food,True,Rajouri Garden,True,0.3644685083517267
305688,Sandoz,True,Rajouri Garden,True,0.11882155774320602
18255603,Scoop Junction,True,Rajouri Garden,True,0.27208574366506544
307548,Shri Durga Dosa Corner,True,Rajouri Garden,True,0.33636210214985973
5932,Soni Bakers,True,Rajouri Garden,True,0.0570262213365339
300397,Subway,True,Rajouri Garden,True,0.009187132284250943
969,The Tandoor,True,Rajouri Garden,True,0.016316697867703733
303122,Twenty Four Seven,True,Rajouri Garden,True,0.2066447676813059
8652,Unique Tasty Bites,True,Rajouri Garden,True,0.36871576822437
18420456,Band Baaja Baaraat,True,Rajouri Garden,True,0.10406444649233504
18445790,Kopper Kadai,True,Rajouri Garden,True,0.13127590357292274
313368,Naturals Ice Cream,True,Rajouri Garden,True,0.06867381283292329
18037817,Qubitos - The Terrace Cafe,True,Rajouri Garden,True,0.011909386006242695
304746,The California Boulevard,True,Rajouri Garden,True,0.01681194165669042
9458,Anjlika Pastry Shop,True,Rajouri Garden,True,0.15327114652533336
5878,Atul Chaat Corner,True,Rajouri Garden,True,0.3380313982667281
18384134,Bake A Wish,True,Rajouri Garden,True,0.05766932318351792
3086,Berco's,True,Rajouri Garden,True,0.012889935254040141
497,Bikanervala,True,Rajouri Garden,True,0.01271977965968818
18461723,Bintang Sweet Thrills,True,Rajouri Garden,True,0.23077792301681943
18163908,Boombox Cafe Reloaded,True,Rajouri Garden,True,0.030375228815466837
18037816,Cafe Foto Club,True,Rajouri Garden,True,0.006287498255577062
312482,Capital Grill,True,Rajouri Garden,True,0.007954596800168856
18222577,CG's - Lounge Cafe Bar,True,Rajouri Garden,True,0.0640418213680014
966,Dhaba,True,Rajouri Garden,True,0.09035882903837744
217,Domino's Pizza,True,Rajouri Garden,True,0.12899341582609436
18245274,Garam Dharam,True,Rajouri Garden,True,0.016004536285238125
5931,Gayway Bakery,True,Rajouri Garden,True,0.2725908175190537
1158,Giani's,True,Rajouri Garden,True,0.0431921241023383
309845,Grub House,True,Rajouri Garden,True,0.04311815036498212
18273540,Habibi,True,Rajouri Garden,True,0.005306181102883389
310768,High Street Cafí©,True,Rajouri Garden,True,0.004548343598239413
18322658,Hungry Heroes,True,Rajouri Garden,True,0.029653601026499166
18228867,IKKA - The Ace Bar,True,Rajouri Garden,True,0.01968746912151187
18384149,Jungle Jamboree,True,Rajouri Garden,True,0.014533430613449472
18294265,Lord of the Drinks Chamber,True,Rajouri Garden,True,0.017810538547921917
18472653,Marine Drivve - Club & Courtyard,True,Rajouri Garden,True,0.1679869589247529
188,McDonald's,True,Rajouri Garden,True,0.026827472721773327
306014,Mister Gulati Bakers,True,Rajouri Garden,True,0.046777620147361976
18281954,My Fit Food,True,Rajouri Garden,True,0.013598060485714991
306410,Otik Cake Shop,True,Rajouri Garden,True,0.028499420634647943
837,Pind Balluchi,True,Rajouri Garden,True,0.09555819137277588
18438452,SardarBuksh Coffee & Co.,True,Rajouri Garden,True,0.289936440256123
965,Sethi's Restaurant & Barbeque,True,Rajouri Garden,True,0.03282460588600944
310167,Sufiaana,True,Rajouri Garden,True,0.006172252115805299
17953943,The Burger Club,True,Rajouri Garden,True,0.02659833080558538
18241862,The Junkyard Cafí©,True,Rajouri Garden,True,0.04787012291483195
18412880,The Masterpiece Cafe,True,Rajouri Garden,True,0.030816647815268938
313071,The Momoz Hub,True,Rajouri Garden,True,0.022353514488253734
310395,The Post Office Cafe,True,Rajouri Garden,True,0.005401871872844244
6195,The Royal Turban,True,Rajouri Garden,True,0.015030006545421415
18311919,The Vintage Bakers,True,Rajouri Garden,True,0.02054629837575994
3083,Wok In The Clouds,True,Rajouri Garden,True,0.0071153731873973
307549,Aggarwal Sweet Centre,True,Rajouri Garden,False,0.20550770233261584
7287,Crazy Cow,True,Rajouri Garden,True,0.05733953652563695
306476,AMPM Cafí© & Bar,True,Rajouri Garden,True,0.064225555007002
18369780,Cafí© Foreground,True,Rajouri Garden,True,0.005529761789824894
18412888,Calendar's Kitchen by Satish Kaushik,True,Rajouri Garden,True,0.02919698288902295
304233,Desee Dakshin Coastal Cafe,True,Rajouri Garden,True,0.00679461292347705
18345778,Food Scouts,True,Rajouri Garden,True,0.01824153404423623
18430901,Ghar Bistro Cafe,True,Rajouri Garden,True,0.030815211612784
18427236,Goosebumps,True,Rajouri Garden,True,0.029706511885825404
18441764,Kalol- Bar Te Kitchen,True,Rajouri Garden,True,0.0411800326741677
312476,Lights Camera Action - Air Bar,True,Rajouri Garden,True,0.09231060483516129
18421044,Midnight Hunger Hub,True,Rajouri Garden,True,0.01121294399424777
18252401,National Highway 44,True,Rajouri Garden,True,0.014228728107308464
3077,Pirates of Grill,True,Rajouri Garden,True,0.02870755979642481
300416,Prem Di Hatti,True,Rajouri Garden,True,0.2745241455837427
18415387,Showstopper,True,Rajouri Garden,True,0.028637780760696896
18322621,Spotlight Bistro & Bar,True,Rajouri Garden,True,0.007769132766798248
18432011,The Diet Kitchen,True,Rajouri Garden,True,0.1122981220088527
18254514,The Drunk House,True,Rajouri Garden,True,0.06221769358756413
18381259,The Headquarter,True,Rajouri Garden,True,0.005230447744515865
18454951,Tippling Street,True,Rajouri Garden,True,0.07339241186763401
300844,"34, Chowringhee Lane",True,Rohini,True,0.3675631036302657
3247,Apni Rasoi,True,Rohini,True,0.3517778035410368
6481,Apsara Restaurant,True,Rohini,True,0.026834280855814074
8771,Ashu Bhature Wala,True,Rohini,True,0.47244635222464226
300862,Bakery Wala - The Cake Shop,True,Rohini,True,0.05572999013663793
4056,Bikanervala,True,Rohini,True,0.006917175161734068
308212,Chalte Firte Momos & Special Foods,True,Rohini,True,0.06842085677442566
303595,Chicken Khurana,True,Rohini,True,0.04603053849681271
7679,Chit Chat,True,Rohini,True,0.034842397775506684
8389,Domino's Pizza,True,Rohini,True,0.18608048976176828
9408,Gurdasman Punjabi Khana & Caterers,True,Rohini,True,0.48152785640736084
313336,KFC,True,Rohini,True,0.03208724441602695
6477,Malika Bakers Pastry Shop,True,Rohini,True,0.3623202544463635
191,McDonald's,True,Rohini,True,0.035943036301473996
2000,Nakshatra Punjabi Rasoi,True,Rohini,True,0.05358861796713865
7137,New Eleven to Eleven,True,Rohini,True,0.030686532783577025
311711,Pasta Hut,True,Rohini,True,0.3687450236502562
6308,Patiala Shahi,True,Rohini,True,0.0393073457206079
5283,Pavitra Bakers,True,Rohini,True,0.05987115564317336
5313,Punjabi Rasoi,True,Rohini,True,0.020109550222429218
8915,Puratan - Family Restaurant & Bar,True,Rohini,True,0.021445414893718984
309429,Sardar A Pure Meat Shop,True,Rohini,True,0.045269582055092905
3114,Spice Court,True,Rohini,True,0.015514217956279608
3229,Subway,True,Rohini,True,0.014942994357941553
18254676,Urban Garden Cafe,True,Rohini,True,0.3507081541731091
18365897,Behrouz Biryani,True,Rohini,True,0.04657060277445335
9253,BTW,True,Rohini,True,0.20488869107054608
310459,Chalte Firte Momos & Special Foods,True,Rohini,True,0.08603780500535763
218,Domino's Pizza,True,Rohini,True,0.18578673036469695
300841,Gaurav Pastry Palace,True,Rohini,True,0.36158818338373333
302466,Jhakkas,True,Rohini,True,0.3532083004036216
309629,Kebab Xpress,True,Rohini,True,0.0386925538507531
18312438,Keventers,True,Rohini,True,0.36026781318696155
9348,McDonald's,True,Rohini,True,0.031555110249685825
304928,Moti Mahal Delux,True,Rohini,True,0.018129362922396197
18273634,Mr. Sub,True,Rohini,True,0.09159371762019475
18246132,Nik's Kitchen,True,Rohini,True,0.04822362659587531
302302,Punjabi Dhaba,True,Rohini,True,0.3879465911169029
18355152,Satvik Rasoi,True,Rohini,True,0.0717562831718549
308969,Shree Gopal Ji Chole Bhature,True,Rohini,True,0.497892058366322
302344,South Indian Corner,True,Rohini,True,0.28526601361750104
307466,The Chocolate Villa,True,Rohini,True,0.05632167933523036
3108,Vaishno Punjabi Dhaba,True,Rohini,True,0.08663193752470999
309783,WTF - What's the Food?,True,Rohini,True,0.06253618051078513
8883,Handi Chhareyan Di,True,Rohini,True,0.055904344221901714
300966,Svaruchi Bhoj,True,Rohini,True,0.15339746483808947
18408058,Caffe 9,True,Rohini,True,0.0029908385054691067
301763,Jai Vaishno Rasoi,True,Rohini,True,0.11176795437940801
18425766,Chidya Ghar - Roseate House,True,"Roseate House, Aerocity",True,0.39240218311618147
18382353,DEL - Roseate House,True,"Roseate House, Aerocity",True,0.10741414337667021
18463962,Roasted - Roseate,True,"Roseate House, Aerocity",False,0.07087437933184548
7310,Adish,True,Safdarjung,True,0.2298510705133191
4336,Amritsari Dhaba,True,Safdarjung,True,0.21536584149407278
305517,Amritsari Xpress,True,Safdarjung,True,0.5495402055429237
303289,Anupam Sweets,True,Safdarjung,True,0.41251832623798157
18334429,B Two,True,Safdarjung,True,0.5178666665134761
309531,Babbu Da Punjabi Dhaba,True,Safdarjung,True,0.49890869708866403
8216,Baker's Byte,True,Safdarjung,True,0.5268714562354142
18384121,Bamboo Hut,True,Safdarjung,True,0.039946485551146105
1775,Bengal Sweet Corner,True,Safdarjung,True,0.01486640662157801
300258,Cafe Coffee Day - The Lounge,True,Safdarjung,True,0.2395288381352184
304107,Cafe Coffee Day,True,Safdarjung,True,0.3903794882540018
18247034,Cake Away,True,Safdarjung,True,0.217671405964725
18357109,Chanky Restruoo,True,Safdarjung,True,0.38148868866409236
309026,Chawla Fast Food,True,Safdarjung,True,0.3267790498994305
18358685,Chawnsan Chef,True,Safdarjung,True,0.026506172389106908
18219516,China King,True,Safdarjung,True,0.35136942879731636
18461946,Dec,True,Safdarjung,True,0.714317515333468
304194,Desi Zaika,True,Safdarjung,True,0.06236395753800361
300280,Druk,True,Safdarjung,True,0.3489177926961179
9565,Flavours of Tibet,True,Safdarjung,True,0.06594197373330968
18126972,Get Lost in Flavours,True,Safdarjung,True,0.059690937648141595
18285198,Giani,True,Safdarjung,True,0.3423143398088151
7318,Green Chick Chop,True,Safdarjung,True,0.22717274972462576
305514,Grover Dhaba,True,Safdarjung,True,0.5045933982858779
4330,Gupta's Rasoi,True,Safdarjung,True,0.14213805156332637
304186,Hangchuaa's Chinese Food Corner,True,Safdarjung,True,0.060742915617627125
18219526,High On Burgers,True,Safdarjung,True,0.09180581944120447
18254549,Hot Paprika,True,Safdarjung,True,0.04119374237858897
311570,Jalsa,True,Safdarjung,True,0.15113360181131286
309804,KPG Express,True,Safdarjung,True,0.36905022839916723
18144483,Le Himalaya,True,Safdarjung,True,0.0654775796500171
309806,Lunia Italian,True,Safdarjung,True,0.3139243626274204
305516,Mahipal Dhaba,True,Safdarjung,True,0.5381003114661087
18361271,Morong Ki,True,Safdarjung,True,0.8175104306507033
311828,Moti Mahal Delux - Tandooori Trail,True,Safdarjung,True,0.05686429234963708
310436,Pooja Take Away Kitchen,True,Safdarjung,True,0.30553681374753017
5846,Red Chilli,True,Safdarjung,True,0.03160901946435857
309808,Saturn,True,Safdarjung,True,0.06121257438695793
18432849,Smokey Flavours,True,Safdarjung,True,0.2715321717527216
7322,Subway,True,Safdarjung,True,0.01602342170602722
308219,Sugar Loft,True,Safdarjung,True,0.3152690878308013
18138427,Sugary Affairs,True,Safdarjung,True,0.3152690878308013
18424971,The Baking Fusion,True,Safdarjung,True,0.37211247389829083
18456724,The Belly Giggles,True,Safdarjung,True,0.41840976412114017
300281,The Chef Restaurant,True,Safdarjung,True,0.49842090337430245
304187,Yo Tibet,True,Safdarjung,True,0.2059868962864312
310942,Cafe Rock 'n' Rolla,True,Safdarjung,True,0.039731828465520924
309475,Charcoal,True,Safdarjung,True,0.022240756354547364
306870,Chawla Chicken,True,Safdarjung,True,0.056662141590856585
300283,Freedom Corner,True,Safdarjung,True,0.05965892973306486
18337779,Kori's,True,Safdarjung,True,0.059175516860613175
307464,Mizo Diner,True,Safdarjung,True,0.27330497229312956
1774,Rainbows,True,Safdarjung,True,0.08750245733477313
7319,Rajinder Xpress,True,Safdarjung,True,0.2275897063135336
3164,RDX,True,Safdarjung,True,0.09007308521491364
18458306,Sumo Sushi,True,Safdarjung,True,0.029156724214325247
312130,The Categorical Eat Pham,True,Safdarjung,True,0.3798268176653873
306581,The Hungry Monkey,True,Safdarjung,True,0.053076960859696376
18357527,Treat Up Cafe and Restaurant,True,Safdarjung,True,0.1337944066858432
18337920,Weird Time Food,True,Safdarjung,True,0.03445408789717841
18416859,Amor Kitchen,True,Safdarjung,False,0.4298999331409993
18485984,CHA! WA!!,True,Safdarjung,False,0.7107133257303767
18393436,Chip N Dale,True,Safdarjung,False,0.22307249500845383
310320,Chocolangels,True,Safdarjung,False,0.7957942439991428
18331664,Home Kitchen,True,Safdarjung,False,0.7965249759609652
18291208,Laziz Foods,True,Safdarjung,False,0.8076716276580208
18285734,Mummy's Food Corner,True,Safdarjung,False,0.4932413176462309
18334432,Riyaz Biryani Corner,True,Safdarjung,False,0.3267869488505295
18416831,Safdarjung Club,True,Safdarjung,False,0.6354310511841231
18496493,Starup Catering,True,Safdarjung,False,0.7131276249806155
18285204,The Chinese & Thai Restaurant,True,Safdarjung,False,0.380809176535558
628,Cafe Coffee Day,True,Safdarjung,True,0.3536140453934554
305606,Zustt Yummy,True,Safdarjung,True,0.5808658464246903
18396054,Cafe Hashtag LoL,True,Safdarjung,True,0.0767272886551652
18237319,Dirty Apron,True,Safdarjung,True,0.010796051372119808
17953911,Hornbill,True,Safdarjung,True,0.4175627535700871
18456770,Napoli Pizza,True,Safdarjung,True,0.06309213478637832
1777,Rajinder Da Dhaba,True,Safdarjung,True,0.20103297894367012
18138443,The Piano Man Jazz Club,True,Safdarjung,True,0.018312603585094234
313269,Tossin Pizza,True,Safdarjung,True,0.040918627831071475
18428536,Big Belly Burger,True,Sainik Farms,True,0.696129681975878
300231,Bikaner Choice,True,Sainik Farms,True,0.9041522212987103
300236,Bikaner Misthan,True,Sainik Farms,True,0.7319561730027315
18303837,Da Yummy Pizza,True,Sainik Farms,True,0.6015380881217197
312827,Food Nursary,True,Sainik Farms,True,0.6340642010105264
302326,Puja Sandwich House,True,Sainik Farms,True,0.9458297469841562
300235,PVR Bhojanalay,True,Sainik Farms,True,0.943131264135786
309192,The Bake Studio,True,Sainik Farms,True,0.9156663325228858
2201,The Blue Tandoor,True,Sainik Farms,True,0.700790190974177
18355141,Abdullah Biryani Centre,True,Sainik Farms,False,0.9640275267006536
18408037,Allishan Family Restaurant,True,Sainik Farms,False,0.931816658395549
18489533,Bhawani Restaurant,True,Sainik Farms,False,0.8499836236395677
18471278,BonJuz,True,Sainik Farms,False,0.9749481169569013
18440160,Chawla Chik Inn,True,Sainik Farms,False,0.5488784679164207
18354987,Foodies,True,Sainik Farms,False,0.8993721252621845
302314,G+,True,Sainik Farms,False,0.9425081510946816
18355145,Janta Canteen,True,Sainik Farms,False,0.9383799193731575
18355137,Kalka's Food Centre,True,Sainik Farms,False,0.8963432854571608
18489523,Le Village Pastry Shop,True,Sainik Farms,False,0.9351070092986301
18408066,Meatwale.com,True,Sainik Farms,False,0.8602877925194445
18312586,Mohit Bakery,True,Sainik Farms,False,0.9010643727154953
18492960,Mouthmatics ,True,Sainik Farms,False,0.9828803067322321
302311,Pastry Place,True,Sainik Farms,False,0.9142177442871976
18469965,Pho King Awesome,True,Sainik Farms,False,0.8163856602796417
18488864,PIE,True,Sainik Farms,False,0.8561017865544429
18470757,Rasoi - The Indian Zaika,True,Sainik Farms,False,0.9017946459612707
18355143,Shree Balaji Bhojnalaya,True,Sainik Farms,False,0.9369448454389618
18465571,Smoke Trailer Grill,True,Sainik Farms,False,0.9347766786836864
302318,Sonu Sweets,True,Sainik Farms,False,0.9238099098134187
18303708,Spice Treat,True,Sainik Farms,False,0.9303071806055077
18355147,Star Restaurant,True,Sainik Farms,False,0.9298578053669487
311821,The Twisted Bakery,True,Sainik Farms,False,0.9790943558821764
18414500,Tiffino Mania,True,Sainik Farms,False,0.9619184671096496
18419682,Yaadgaar,True,Sainik Farms,False,0.9743074208524946
18203159,Pandit Ji Ki Apni Rasoi,True,Sainik Farms,True,0.7291095990886602
309152,Alam Muradabadi Chicken Biryani,True,Saket,True,0.43003996194383465
309113,Boheme Bar & Grill,True,Saket,True,0.015056011177722706
18398598,Budapest Kitchen & Bar,True,Saket,True,0.0412194915665266
18303720,Dark House,True,Saket,True,0.09876442010365316
18303716,Henry's Cafe,True,Saket,True,0.04546366768009047
300221,Kathi Zone,True,Saket,True,0.6090199397240796
18203177,Kehar Cafe & Restaurant,True,Saket,True,0.2224579295811293
308992,Kumaon Dhaba & Service,True,Saket,True,0.5949653564082846
18368005,Let'z Eat,True,Saket,True,0.032899924214269904
311517,Lite Eat Cafe,True,Saket,True,0.5590836721483502
18282049,Malabar Dosa Hut,True,Saket,True,0.5005900137573844
308166,New Red Onion,True,Saket,True,0.22128133213317236
256,Pizza Hut,True,Saket,True,0.017734984799345765
18348790,The Tiffin Hut,True,Saket,True,0.5470919386102122
309874,The Upper Crust,True,Saket,True,0.2799063643946097
7131,Touch of Punjab,True,Saket,True,0.2821784577656651
312032,Tulicakes,True,Saket,True,0.4291292871832699
311370,Wanchai By Kylin,True,Saket,True,0.23524757654207828
18233797,Wow! India,True,Saket,True,0.1410366508565728
313311,All About Food,True,Saket,True,0.017242809100696643
3797,Costa Coffee,True,Saket,True,0.2991321989056107
309893,Hey' Sugar Delhi,True,Saket,True,0.26637751622521455
4889,India Grill - Hilton Garden Inn,True,Saket,True,0.0420156015209755
18373071,Jugmug Thela,True,Saket,True,0.5452893438578218
18238757,Mucchad Di Chai,True,Saket,True,0.4946779742047508
311326,SS ONN THE GO,True,Saket,True,0.42019521088755585
18255154,The Junkyard Cafe,True,Saket,True,0.06921614844163038
18465802,Aradhya Restaurant,True,Saket,False,0.40198492601871627
18303815,Nanu Ki Rasoi,True,Saket,False,0.5778564630715592
18409190,PSR Foods,True,Saket,False,0.42382445884276365
18463563,Rasoi - The Indian Zaika,True,Saket,False,0.4367216284366714
311174,The Pizza Corner,True,Saket,True,0.06965011923166498
4726,Wah Ji Wah,True,Saket,True,0.10383671245687498
18217023,Blue Tokai Coffee Roasters,True,Saket,True,0.13076238426856768
18279172,Ice Pan Creamery,True,Saket,True,0.3809101350561108
8621,Rose Cafe,True,Saket,True,0.055962023301210806
18463567,Nueva,True,"Sangam Courtyard, RK Puram",True,0.07722474829281789
18124378,Cafe Diva,True,"Sangam Courtyard, RK Puram",True,0.039409552433901096
313061,Starbucks,True,"Sangam Courtyard, RK Puram",True,0.2383015069850415
18126111,Cafe Delhi Heights,True,"Sangam Courtyard, RK Puram",True,0.006740845323235267
18053052,Delhi Club House,True,"Sangam Courtyard, RK Puram",True,0.06869046081488106
18034053,The Fatty Bao,True,"Sangam Courtyard, RK Puram",True,0.09040373384173706
18144458,Ziu,True,"Sangam Courtyard, RK Puram",True,0.171475069316381
306801,Al-Arabi Restaurant,True,Sarita Vihar,True,0.6387676228371971
7815,Bikaner Sweets,True,Sarita Vihar,True,0.8078876185575178
1461,Chawla's_,True,Sarita Vihar,True,0.7501002666012933
18339800,DELI2NITE,True,Sarita Vihar,True,0.2133685064904971
309728,Green Chick Chop,True,Sarita Vihar,True,0.6369744575731484
308536,Laziz Fast Food & Laziz Khana,True,Sarita Vihar,True,0.8462865630049301
18357533,New Zaika Kathi Rolls,True,Sarita Vihar,True,0.8649109973601756
18424619,Sardar Ji Chaap & Rolls,True,Sarita Vihar,True,0.8505542743662613
7824,Shri Bala Ji,True,Sarita Vihar,True,0.8982434992592387
18219530,The Kitchen Exotica,True,Sarita Vihar,True,0.7611044665307041
303057,Wake And Bake,True,Sarita Vihar,True,0.7414626451551634
307409,Neha's Biscotte,True,Sarita Vihar,True,0.8611244103502143
7803,Bikaner Sweets,True,Sarita Vihar,False,0.7508808069789257
18472439,Biryani Bot,True,Sarita Vihar,False,0.9551224060280858
18424883,Brij Ki Rasoi,True,Sarita Vihar,False,0.7312992435603747
18357939,Devika Restaurant,True,Sarita Vihar,False,0.8024200226016264
18357941,Facebook Fast Food,True,Sarita Vihar,False,0.6325372691852772
310198,Jo's Peace of Cake,True,Sarita Vihar,False,0.7291747018068097
18390309,Kaka's Tiffin Service,True,Sarita Vihar,False,0.8513466958560743
18364414,MK Tiffin Service,True,Sarita Vihar,False,0.8127425755770883
7905,Moni Bakers,True,Sarita Vihar,False,0.8656962189353955
18357819,Nutri Lunch,True,Sarita Vihar,False,0.8978953168239256
7818,Om Aggarwal Sweets,True,Sarita Vihar,False,0.9071945058375077
18357948,Sansar Hotel,True,Sarita Vihar,False,0.8120366660206327
18357943,Shama Muradabadi Chicken Biryani,True,Sarita Vihar,False,0.8796038409671547
18372279,Midnight Delight,True,Sarita Vihar,True,0.44716030079577995
18384138,Ashok & Ashok Meat Dhaba,True,Sarojini Nagar,True,0.4108920873132206
18211312,Durga Sweets Corner,True,Sarojini Nagar,True,0.8082542511483299
7591,Hot Pot,True,Sarojini Nagar,True,0.7612184440495017
1634,Kwic Bitte Restaurant,True,Sarojini Nagar,True,0.8510752629760101
307618,Khandani Pakodewala,True,Sarojini Nagar,True,0.8822188592011401
306535,Kulcha King,True,Sarojini Nagar,True,0.38120796309551486
18396418,Cake Spot,True,Sarojini Nagar,False,0.7975944451238679
18357568,Chicken Point,True,Sarojini Nagar,False,0.7513159807975079
18425158,Chowringhee,True,Sarojini Nagar,False,0.4173600366590997
18492652,Koolees Milkshake Bar,True,Sarojini Nagar,False,0.9521053241247062
18425149,Krispy Kitchen,True,Sarojini Nagar,False,0.7705211932013913
18489497,Mughlai Point,True,Sarojini Nagar,False,0.8496528255280479
18486878,Shama Chicken Corner,True,Sarojini Nagar,False,0.7945960707049795
3464,Alfa Kathi Rolls,True,Satyaniketan,True,0.3747100016845215
18252361,Angeethi Express,True,Satyaniketan,True,0.22267078234400461
18252412,Backbenchers,True,Satyaniketan,True,0.08256181411895103
1637,Bake Day,True,Satyaniketan,True,0.07608256574193706
3463,Balaji Dhaba,True,Satyaniketan,True,0.2920269060520927
18454499,Bhukkad,True,Satyaniketan,True,0.059149843057116014
609,Cafe Coffee Day,True,Satyaniketan,True,0.27549085347782865
18441687,Cafe Cones & Curries,True,Satyaniketan,True,0.281644802617137
305472,Cafe Trance & Lounge,True,Satyaniketan,True,0.1782117866463001
4649,Chinese Hut,True,Satyaniketan,True,0.0442946619719059
300267,Chocolate Square,True,Satyaniketan,True,0.3084178890589203
304976,Chocolate Temptation,True,Satyaniketan,True,0.03984422486809869
18423129,Flirty Momo's,True,Satyaniketan,True,0.32481435336881215
18456150,Food Junkies,True,Satyaniketan,True,0.5995461781798705
18157391,Frozen Fantasy,True,Satyaniketan,True,0.2916927359055982
18469968,Hooters,True,Satyaniketan,True,0.22312130548193299
18292083,Katwalk Lounge,True,Satyaniketan,True,0.1534988427182833
18356773,Mom Hand Momos,True,Satyaniketan,True,0.4029701652855485
309811,Muradabadi Biryani Centre,True,Satyaniketan,True,0.42693270084715673
18453788,NCR Cafe ,True,Satyaniketan,True,0.12276143033287223
18460981,Peri Peri Momos,True,Satyaniketan,True,0.30644087411366117
18287389,Rosartí© Chocolate,True,Satyaniketan,True,0.44136500677974355
1629,Shanghai Restaurant,True,Satyaniketan,True,0.19912078754100704
18288761,SharpShooters Roof Top Cafe,True,Satyaniketan,True,0.19850641097062383
7603,Stuti Restaurant,True,Satyaniketan,True,0.3679330443642629
18204486,The Addictions,True,Satyaniketan,True,0.30256085993626947
18341806,The Kahuna,True,Satyaniketan,True,0.3463900621263162
18423125,Turn Up,True,Satyaniketan,True,0.12555907790055
18175323,Wow! Momo,True,Satyaniketan,True,0.2404923291161304
18237321,Echoes Satyaniketan,True,Satyaniketan,True,0.03748103602974595
18336489,#OFF Campus,True,Satyaniketan,True,0.011551908891390017
312772,2 Bandits Lounge & Bar,True,Satyaniketan,True,0.03382153754528949
351,"34, Chowringhee Lane",True,Satyaniketan,True,0.31711056585501063
309140,Amigo's Hub,True,Satyaniketan,True,0.03290125885597517
311854,CAD M CAD B,True,Satyaniketan,True,0.025907849389260273
18391128,Cafe 121,True,Satyaniketan,True,0.010285336106991783
18228894,Cafe Hera Pheri,True,Satyaniketan,True,0.09058727443627002
18429392,Cafe Tansen,True,Satyaniketan,True,0.12446168921052692
18364239,CafíÂ Befikre,True,Satyaniketan,True,0.04390094157994495
300815,Cafí© 101,True,Satyaniketan,True,0.02183939049660233
18322638,Canteen Till I Die,True,Satyaniketan,True,0.24762559834261477
2215,China Bowl,True,Satyaniketan,True,0.01726712606248515
304162,Chowringhee,True,Satyaniketan,True,0.022031814590577348
18157395,Crazy Kitchen Lounge & Terrace,True,Satyaniketan,True,0.02388516941800023
309865,FrenZone,True,Satyaniketan,True,0.013081288982562445
18249109,Giani,True,Satyaniketan,True,0.04942116249758344
18355138,Grill Master,True,Satyaniketan,True,0.10057223220204792
300185,High On Burgers,True,Satyaniketan,True,0.04846025813182797
300269,Kev's,True,Satyaniketan,True,0.40326942980155955
18398506,Madira,True,Satyaniketan,True,0.120341782501034
313296,Nature Hut Cafe,True,Satyaniketan,True,0.008121085551030416
18445781,Papa Buns,True,Satyaniketan,True,0.6976708714899617
18372705,Pirates of Campus,True,Satyaniketan,True,0.016768673265346368
4278,Subway,True,Satyaniketan,True,0.011446318338583783
18312446,Sushiya Express,True,Satyaniketan,True,0.02114905395546718
18261701,The Chai Story,True,Satyaniketan,True,0.3125261580603823
18424602,The Food Truck Cafe,True,Satyaniketan,True,0.23675834253840267
18358164,The Punter House,True,Satyaniketan,True,0.0251837277854281
18336204,Thikaana,True,Satyaniketan,True,0.08473295133074377
18368002,Tin Town Cafí©,True,Satyaniketan,True,0.015969212362214158
18245295,Uptown Cafe,True,Satyaniketan,True,0.0043570595832784775
18268693,Vadapav Junction,True,Satyaniketan,True,0.08149285096698744
18472609,Crispers,True,Satyaniketan,False,0.2852701521028693
300183,Pizza Hut Delivery,True,Satyaniketan,True,0.027139763195407673
18216918,Wrapss,True,Satyaniketan,True,0.04817926835305475
306503,Big Yellow Door,True,Satyaniketan,True,0.10085549560258567
18291230,Bombay Brunch,True,Satyaniketan,True,0.07817374802384613
18418239,Burgrill,True,Satyaniketan,True,0.04547004991622117
18391458,Cafe Kazbaah,True,Satyaniketan,True,0.11913906847335731
18418358,Eat Golf Repeat,True,Satyaniketan,True,0.08473295133074377
18433610,Espress-o-Ville,True,Satyaniketan,True,0.1326496267401216
18391320,Frosty Rollies,True,Satyaniketan,True,0.2910506992080981
18222586,Pipeline Cafe,True,Satyaniketan,True,0.016768673265346368
18303832,QRO Gourmeteriia BY DARK HOUSE KAFE,True,Satyaniketan,True,0.010693168956206645
18349916,Superstar Cafí©,True,Satyaniketan,True,0.02183939049660233
18358675,TBH - The Big House Cafe,True,Satyaniketan,True,0.009446095462119386
312142,The Biryani Co.,True,Satyaniketan,True,0.022619079086172222
307571,Wood Box Cafe,True,Satyaniketan,True,0.0078055135765472405
311340,Young Wild Free Cafe,True,Satyaniketan,True,0.08525949272947164
7849,A-One Green Sweet Corner,True,SDA,True,0.46039184223365626
304950,Cake Symphony,True,SDA,True,0.2996596209705612
304633,Charu Nanda's Home Baked Cakes,True,SDA,True,0.45189935341421894
5848,Costa Coffee,True,SDA,True,0.2808368784062836
18133471,IndoCheen,True,SDA,True,0.39139017168815193
18312609,The Staircase Cafe by Doggy Style,True,SDA,True,0.057817907824833537
18336481,Twisted Tacos,True,SDA,True,0.0745208568478467
18425760,Typsy Crow,True,SDA,True,0.19127694801705764
18216936,Urban Dhaba,True,SDA,True,0.03447622310564713
528,Barista,True,SDA,True,0.07205580700092273
18349937,Keventers,True,SDA,True,0.4427278193564206
782,Little Punjab,True,SDA,True,0.4891238283338605
312937,Miam,True,SDA,True,0.2507644606632198
18375411,Maharaja Food Club,True,SDA,False,0.5358365964505352
18279458,Sugar Rush,True,SDA,False,0.3436810752117876
18433987,Tippy Tippy Tap,True,"Sector 15, Dwarka",True,0.620760703293693
2228,Alaturka,True,"Select Citywalk Mall, Saket",True,0.04534121754086218
1643,Chicago Pizza,True,"Select Citywalk Mall, Saket",True,0.0429672788833001
2910,Fast Trax,True,"Select Citywalk Mall, Saket",True,0.31729116770313204
7364,Khan Chacha,True,"Select Citywalk Mall, Saket",True,0.05319350463994765
18429148,Pa Pa Ya,True,"Select Citywalk Mall, Saket",True,0.024561444179756697
506,Barista,True,"Select Citywalk Mall, Saket",True,0.17915149801268893
311103,Bings Cafe,True,"Select Citywalk Mall, Saket",True,0.013075403004045638
310916,Fat Lulu's,True,"Select Citywalk Mall, Saket",True,0.017515457178335803
306545,Harry's Bar + Cafe,True,"Select Citywalk Mall, Saket",True,0.02875294256897143
3921,Joy Luck Moon,True,"Select Citywalk Mall, Saket",True,0.022759213627265296
311634,Keventers,True,"Select Citywalk Mall, Saket",True,0.33026619348904684
8877,L'Opera,True,"Select Citywalk Mall, Saket",True,0.03718580176375563
311756,Pita Pit,True,"Select Citywalk Mall, Saket",True,0.0268419548830221
311563,Saravana Bhavan,True,"Select Citywalk Mall, Saket",True,0.21188632825782672
9984,Starbucks,True,"Select Citywalk Mall, Saket",True,0.19365744220872894
1372,The Coffee Bean & Tea Leaf,True,"Select Citywalk Mall, Saket",True,0.17915149801268893
9467,The Coffee Bean & Tea Leaf,True,"Select Citywalk Mall, Saket",True,0.1770246467823604
311440,Habibi Express,True,"Select Citywalk Mall, Saket",True,0.01773156481973792
18424903,Andrea's Eatery,True,"Select Citywalk Mall, Saket",True,0.0059138850813501564
311749,Drool Waffles,True,"Select Citywalk Mall, Saket",True,0.21822058255505294
18268720,Elma's at Good Earth,True,"Select Citywalk Mall, Saket",True,0.05662919935019162
4271,Hí_agen-Dazs,True,"Select Citywalk Mall, Saket",True,0.1767541630247279
305833,Krispy Kreme,True,"Select Citywalk Mall, Saket",True,0.04894022573186896
307296,Movenpick,True,"Select Citywalk Mall, Saket",True,0.03055208544002408
2786,Punjab Grill,True,"Select Citywalk Mall, Saket",True,0.008350101657633724
302422,Aapka Bhojanalaya,True,Shahdara,True,0.8001848259134271
302418,Aayana Foods,True,Shahdara,True,0.8296312454742141
302416,Aggarwal Sweet India,True,Shahdara,True,0.818220479121362
18343904,Amchur,True,Shahdara,True,0.8917716944704753
302369,Anand Ji de Choley Bhatoore,True,Shahdara,True,0.8747253303042197
302425,Annapoorna,True,Shahdara,True,0.9012783775140911
302399,Big Bite,True,Shahdara,True,0.7499526006897684
302396,Ceaser Fast Food Centre,True,Shahdara,True,0.7567244404429421
6224,Chanana Ice Cream Parlour,True,Shahdara,True,0.8768683080299136
303906,Chaska,True,Shahdara,True,0.8579208208395313
18291454,Chowranghee,True,Shahdara,True,0.8756170693592576
302433,Darbaar Chicken,True,Shahdara,True,0.774053547953041
312810,Dilli Darbar,True,Shahdara,True,0.7176898737761004
310563,Domino's Pizza,True,Shahdara,True,0.6979389910910164
6228,Empire,True,Shahdara,True,0.9024970439850224
312671,Giani,True,Shahdara,True,0.7846028204512834
18332676,Goldy Da Dhaba,True,Shahdara,True,0.8706906202903303
18146396,Gufa Restaurant,True,Shahdara,True,0.831558042022029
18126077,Gulshan,True,Shahdara,True,0.8024200529370868
308906,Hira Sweets,True,Shahdara,True,0.8701345017948527
302358,Hot Shop,True,Shahdara,True,0.8965387230023112
302424,Janta Eating House,True,Shahdara,True,0.8616857492098101
302359,Madras Cafe,True,Shahdara,True,0.7662165110187041
6206,Mitra Da Dhaba & Caterers,True,Shahdara,True,0.8962521965233586
311371,Mr. Momo,True,Shahdara,True,0.7707917239919534
18128853,New Anand Sagar,True,Shahdara,True,0.7957045148862104
307976,New Tayal's Restaurant,True,Shahdara,True,0.8255313015702349
6252,Paramjeet Fish & Chicken Point,True,Shahdara,True,0.7938792795912706
18128862,Pizza Diet,True,Shahdara,True,0.7623910558394151
307520,Pizza Diet,True,Shahdara,True,0.7994395556842283
310689,Pizzalicious,True,Shahdara,True,0.848855603350204
308522,Prem Punjab,True,Shahdara,True,0.8305050444711174
310807,Priya Panchvati,True,Shahdara,True,0.646229409991159
302442,Ram Singh Chaat Bhandaar,True,Shahdara,True,0.9055822982888302
307986,Ramchander Bhalushahi Wale,True,Shahdara,True,0.9101021618639753
6219,Shahi Food Corner,True,Shahdara,True,0.895778793473211
312773,Titu Chaat Corner,True,Shahdara,True,0.8270966998023663
308513,Vinayak Restaurant,True,Shahdara,True,0.8511408411771055
18378019,Vrinda's Food,True,Shahdara,True,0.5680594820712799
6218,Walia's Dawat Mahal,True,Shahdara,True,0.7145370230876782
18428201,Crazy Delights,True,Shahdara,True,0.903690426354234
18294229,Aapki Rasoi,True,Shahdara,False,0.8462511693612803
18350567,ADM Foodi,True,Shahdara,False,0.9407772861609635
18423878,Aggarwal Bikaner Sweets Corner,True,Shahdara,False,0.8387594706964338
308908,Aggarwal Petha Store and Bakers,True,Shahdara,False,0.8229610605332804
302436,Aggarwal Sweet Fresh,True,Shahdara,False,0.862751679241479
18423867,Aggarwal Sweet India,True,Shahdara,False,0.7836859247697843
18423872,Aggarwal Sweets,True,Shahdara,False,0.8701345017948527
18435811,Al-Taj Shamim Chicken Point,True,Shahdara,False,0.9049468753081229
18332478,Apni Rasoi,True,Shahdara,False,0.7871869584474785
18423865,Bikaner Sweets & Bakers,True,Shahdara,False,0.6623688378579127
18377919,Bikaner Sweets & Restaurant,True,Shahdara,False,0.6832014620410914
302411,Bikaner Sweets,True,Shahdara,False,0.7957464250886078
18423869,Bitoo Chat Corner,True,Shahdara,False,0.9020995134733399
18128874,Chaska,True,Shahdara,False,0.9281314369219559
18224540,Chilli Tadka Food Villa,True,Shahdara,False,0.8591706854778225
6230,China Town,True,Shahdara,False,0.750250312928773
18377910,Chinese Delight,True,Shahdara,False,0.8830040418187978
18128876,D Food,True,Shahdara,False,0.7598511478797791
307521,Da Bawarchi,True,Shahdara,False,0.8256316334459741
18284473,Delhi Cafe Restaurant,True,Shahdara,False,0.9095940475069231
18481404,Dosa Plaza,True,Shahdara,False,0.929762646361368
18435311,Ex- Taj Foods,True,Shahdara,False,0.8868310736222415
18291465,Fantasy Pastry Shop,True,Shahdara,False,0.8235728247976047
18423140,Gareeb Dhaba,True,Shahdara,False,0.9095606749602931
18423122,Hira Lal Sweets,True,Shahdara,False,0.8972556990493618
18438426,Hot & Chilly Point,True,Shahdara,False,0.8967478001755851
18435320,Hot Chinese & Fast Food,True,Shahdara,False,0.8972173067496844
305626,Jainco Sweets,True,Shahdara,False,0.9770619072382015
18423859,Jony Sweets,True,Shahdara,False,0.8374857960868534
18423857,Laxmi Dairy,True,Shahdara,False,0.8677963563799307
18423876,Madras Cafe,True,Shahdara,False,0.7834928505237249
302427,Mehak Restaurant,True,Shahdara,False,0.8332244602626204
18432109,Mr. Gold,True,Shahdara,False,0.9326720930190004
18438433,New Madras Cafe,True,Shahdara,False,0.786199820275888
18128872,Pizza Hub,True,Shahdara,False,0.7826464022379438
18378042,Pizza Hub,True,Shahdara,False,0.8596787994798022
18423863,Prakash Sweets,True,Shahdara,False,0.8316407104885625
18378026,Punjabi Chaska & Rasoi,True,Shahdara,False,0.8820272856020409
18378022,Sagar,True,Shahdara,False,0.8294376786059259
18288644,Sardar A Pure Meat Shop,True,Shahdara,False,0.6781512579309059
18423870,South Cafe,True,Shahdara,False,0.7644881776539822
18435823,Sultan Chicken Corner,True,Shahdara,False,0.8772980648236102
18474418,The AB's Kitchen,True,Shahdara,False,0.9472490777955164
18423861,Wah Ji Wah,True,Shahdara,False,0.7738645308689643
18435803,Yum Yum,True,Shahdara,False,0.7420521387416308
18377912,Zaika-e-Dilli,True,Shahdara,False,0.8778819978738224
312268,Anandini - The Tea Room,True,Shahpur Jat,True,0.36554466250983697
773,Slice of Italy,True,Shahpur Jat,True,0.01540760031737276
305147,The Coffee Garage,True,Shahpur Jat,True,0.27658192139579063
18337924,The Fashion Street Cafí©,True,Shahpur Jat,True,0.01720880560670357
18481305,Urban Village,True,Shahpur Jat,True,0.40510528964252357
18180080,Greenr Cafe,True,Shahpur Jat,True,0.03362991482592881
18306545,Boom Food,True,Shahpur Jat,True,0.022645474510680663
303723,Cafe Red,True,Shahpur Jat,True,0.021402830312339027
18222560,Hyderabad House,True,Shahpur Jat,True,0.029168382257248826
311483,Le ROFL,True,Shahpur Jat,True,0.007589920997500776
305640,Ma Cuisine,True,Shahpur Jat,True,0.23845379857916305
18282007,Mumbai Matinee,True,Shahpur Jat,True,0.00802678893129627
301793,Old Town Cafe,True,Shahpur Jat,True,0.06169889626382852
18350234,Spanish Delights,True,Shahpur Jat,True,0.3348632697451852
300969,Sweet Nothings By Avanti Mathur,True,Shahpur Jat,True,0.18374294001146851
18161610,Threads,True,Shahpur Jat,True,0.06013293296916333
310502,Bats On Delivery,True,Shahpur Jat,True,0.0335776373153468
18244555,Asia Central,True,Shahpur Jat,True,0.010132353312274134
18466435,Biryani By Kilo,True,Shahpur Jat,True,0.026755816798339827
18163906,Cafe 5H By The Kitchen Connect,True,Shahpur Jat,True,0.026071076938081306
18421026,Hearken Cafí©,True,Shahpur Jat,True,0.06329159496409376
18291469,Puppychino,True,Shahpur Jat,True,0.016398372233027425
18322609,Remember Me Cafí©,True,Shahpur Jat,True,0.007700445736092076
307391,Sugarama Patisserie,True,Shahpur Jat,True,0.04493276540190394
18400746,The Last Mughal (TLM),True,Shahpur Jat,True,0.042398077564986925
9417,The Mad Teapot/The Wishing Chair,True,Shahpur Jat,True,0.042042054093977876
18303719,Fusion Dosa Cafe,True,Shakarpur,True,0.8801813217340416
6107,Goyal Eating Point,True,Shakarpur,True,0.9361645917380687
313139,Haveliram,True,Shakarpur,True,0.9444993562144954
309044,Meet You There,True,Shakarpur,True,0.7724392317646226
18157406,Shree Bhog Pure Veg Restaurant,True,Shakarpur,True,0.9227023756733089
311196,The Crust,True,Shakarpur,True,0.8354779801054
304965,Vijay Eating Point,True,Shakarpur,True,0.9266227664816276
18438438,Aggarwal Bikaner Sweets,True,Shakarpur,False,0.9278867821996768
18418252,Bikaner Sweets & Restaurant,True,Shakarpur,False,0.8364596768131474
18163895,Cafe Coffee Day,True,Shakarpur,False,0.9027851601005261
18463999,Cake'ry,True,Shakarpur,False,0.9643076204734403
18438457,Come 'n' Eat,True,Shakarpur,False,0.8482985381519651
300788,Darbar Chicken Corner,True,Shakarpur,False,0.7151844064459985
18438448,Food Care,True,Shakarpur,False,0.8685234451467292
18441706,Himalaya Momos,True,Shakarpur,False,0.88856557329882
9855,Hirdesh Eating Point,True,Shakarpur,False,0.9485194488417512
18380146,Joshi Eating House,True,Shakarpur,False,0.8967863000495638
18409189,Just Veg,True,Shakarpur,False,0.9372507615946846
18377880,Natural Pizza Hub & Food Court,True,Shakarpur,False,0.9150138821837864
18377888,Pawar's Food Court Inc.,True,Shakarpur,False,0.8881798517258848
18438465,Rajesh Eating Corner,True,Shakarpur,False,0.9345886641159985
18291209,Raju Ice Cream Parlor,True,Shakarpur,False,0.8626723211829138
18441710,Sangam Ratna,True,Shakarpur,False,0.895071612155612
18419917,Tandoor & Curry Restaurant,True,Shakarpur,False,0.9279927257778448
18418243,Uttarakhand Eating Point,True,Shakarpur,False,0.9185075040595518
18441700,Uttranchal Eating Point,True,Shakarpur,False,0.8617100830869205
311189,Yummy Rasoi,True,Shakarpur,False,0.9097631185375012
2055,Aggarwal Restaurant,True,Shalimar Bagh,True,0.6563034148641937
2383,Ane China,True,Shalimar Bagh,True,0.6074995187876888
304092,Arora's Veg. Corner,True,Shalimar Bagh,True,0.7370508405245192
302471,Ashu Thali Wala,True,Shalimar Bagh,True,0.7614874836170207
6555,Bangla Sweets & Pastry Shop,True,Shalimar Bagh,True,0.7639075585544384
4716,Baskin Robbins,True,Shalimar Bagh,True,0.6873824260062933
311364,Believe in Taste,True,Shalimar Bagh,True,0.6028368966630182
313494,Bharat Sweet House,True,Shalimar Bagh,True,0.7808501561134902
8628,Bikaner Kesarvala,True,Shalimar Bagh,True,0.5979567638530966
18312595,Cafe Coffee Day,True,Shalimar Bagh,True,0.8835770589813395
1501,Chawla's Chic Inn,True,Shalimar Bagh,True,0.09632066128574346
18383610,Chhappan Bhog,True,Shalimar Bagh,True,0.6995228872391328
2053,Chinese Hut Fast Food,True,Shalimar Bagh,True,0.7573575524408789
311358,Domino's Pizza,True,Shalimar Bagh,True,0.39526199431884923
301487,Frontier,True,Shalimar Bagh,True,0.6704977141197296
18288186,Giani,True,Shalimar Bagh,True,0.5546067278693931
8670,Hot Pot Snacks,True,Shalimar Bagh,True,0.7578664098115442
18376510,Keventers,True,Shalimar Bagh,True,0.6522188502527638
302452,Kishan Dhaba,True,Shalimar Bagh,True,0.7230341886733156
2049,Madras Dosa & Chinese,True,Shalimar Bagh,True,0.4055114782775716
304090,Mehfil Tawa Tandoor,True,Shalimar Bagh,True,0.7355165440929827
6561,Mitthu Tikki Wala,True,Shalimar Bagh,True,0.4789692648811045
6562,Mitthu Tikki Wala,True,Shalimar Bagh,True,0.5753436798603707
8672,Pandit Ji Ka Dhaba,True,Shalimar Bagh,True,0.731099640787106
18380175,Punjabi Angeethi,True,Shalimar Bagh,True,0.11627820271577993
301517,Ram Chinese Food,True,Shalimar Bagh,True,0.5676017964213943
312858,Sardar Ji Punjabi Jayeka,True,Shalimar Bagh,True,0.9024932668508281
18222576,SFC,True,Shalimar Bagh,True,0.7535914931145407
18455522,SGF - Spice Grill Flame,True,Shalimar Bagh,True,0.38187216193738505
311168,Shalimar Vyanjan,True,Shalimar Bagh,True,0.5798681742141325
18357957,Shri Rudram,True,Shalimar Bagh,True,0.5470930192247664
306751,Smile Bakers,True,Shalimar Bagh,True,0.47332309924886895
18400759,Spice Sea,True,Shalimar Bagh,True,0.5327493568087385
8676,Street 5,True,Shalimar Bagh,True,0.7047124425642712
18442666,Subs n Shakes,True,Shalimar Bagh,True,0.6327460126698198
311115,Subway,True,Shalimar Bagh,True,0.04149743966598041
303128,Twenty Four Seven,True,Shalimar Bagh,True,0.5419666576035241
18352278,Wah G Wah,True,Shalimar Bagh,True,0.16844635347220782
2054,Aman-Deep Pure Veg,True,Shalimar Bagh,True,0.6648339551118037
5271,Kwality Pastry Parlour,True,Shalimar Bagh,True,0.6682850880689584
9954,McDonald's,True,Shalimar Bagh,True,0.10452667897040535
313171,Nagpal's,True,Shalimar Bagh,True,0.22128643054052533
2047,Peshawari's Deluxe,True,Shalimar Bagh,True,0.14787020354438185
301015,Slic Chic,True,Shalimar Bagh,True,0.6135956411914618
300780,Standard Ice Cream,True,Shalimar Bagh,True,0.5927388364093027
18361764,Aunty Chings Fast Food,True,Shalimar Bagh,False,0.7281442599144994
18446401,Baba Chaap Wala,True,Shalimar Bagh,False,0.7320276296653145
18312578,Cafe Coffee Day,True,Shalimar Bagh,False,0.651394488783317
18153555,Chick N Grills,True,Shalimar Bagh,False,0.5106097906911615
18454520,Choc-oholic,True,Shalimar Bagh,False,0.9305838670865064
18416877,Da Pizza Palace,True,Shalimar Bagh,False,0.21343652229536159
18361770,Dosa Junction,True,Shalimar Bagh,False,0.7222088927221053
18214206,Ganga Food Factory,True,Shalimar Bagh,False,0.8707046176757751
18426782,Hot Wok,True,Shalimar Bagh,False,0.555678301434315
18352209,Ichak Dana,True,Shalimar Bagh,False,0.8991564560088573
18441688,Madras Dosa & Chinese,True,Shalimar Bagh,False,0.4030640855854376
18438429,Mashoor Gulati,True,Shalimar Bagh,False,0.18201477183701786
18014115,Nidhi's Cake Lounge,True,Shalimar Bagh,False,0.7615036206636918
18489535,Night Diner,True,Shalimar Bagh,False,0.9340627707994148
18446398,Nirula's Ice Cream,True,Shalimar Bagh,False,0.8313169488536436
18445788,Niti Shake & Ice Cream Hub,True,Shalimar Bagh,False,0.5598294599588263
18361757,Raja Chinese Foods & Snacks,True,Shalimar Bagh,False,0.7376411685006108
18273597,Royal Chicken Corner,True,Shalimar Bagh,False,0.7142199959064427
301519,Shalimar Food,True,Shalimar Bagh,False,0.7830439680519139
18445764,Shalimar Vyanjan,True,Shalimar Bagh,False,0.5250483907509917
18446388,The Urban Canteen,True,Shalimar Bagh,False,0.7053394383860638
301507,Ever Bake,True,Shalimar Bagh,True,0.18875659306845427
18261157,Grappa - Shangri-La's - Eros Hotel,True,"Shangri La's - Eros hotel, Janpath",True,0.0226865201391262
18277024,Shang Palace - Shangri-La's Eros Hotel,True,"Shangri La's - Eros hotel, Janpath",True,0.07395849085352746
18261160,Sorrento - Shangri-La's - Eros Hotel,True,"Shangri La's - Eros hotel, Janpath",True,0.04450555869099526
18219539,Mister Chai - Shangri-La's - Eros Hotel,True,"Shangri La's - Eros hotel, Janpath",True,0.06867071522817803
311369,Tamra - Shangri-La's - Eros Hotel,True,"Shangri La's - Eros hotel, Janpath",True,0.013925969439628538
308769,Cafe Coffee Day,True,Shanti Niketan Marg,True,0.32566756177761036
220,Domino's Pizza,True,Shanti Niketan Marg,True,0.16153494678684766
301675,Lush,True,Shastri Park,False,0.30990029912913686
18144466,Shivas Cafe,True,Sheikh Sarai,True,0.6930543213053231
2739,Dakshin - Sheraton New Delhi Hotel,True,"Sheraton New Delhi Hotel, Saket",True,0.0660468587826476
18133508,Delhi Pavilion - Sheraton New Delhi Hotel,True,"Sheraton New Delhi Hotel, Saket",True,0.03250279852998783
2741,Pan Asian - Sheraton New Delhi Hotel,True,"Sheraton New Delhi Hotel, Saket",True,0.021932078979594927
308386,Domino's Pizza,True,South Extension 1,True,0.4557002895572628
3170,Kitchen of Awadh,True,South Extension 1,True,0.5658621743424143
7760,McDonald's,True,South Extension 1,True,0.3264117492029841
18425186,ODT,True,South Extension 1,True,0.23135694448112498
311272,Rainbows,True,South Extension 1,True,0.1277924458074785
310891,Subway,True,South Extension 1,True,0.034402205416774856
9095,Bombay Bhelpuri,True,South Extension 1,True,0.5479721842590417
305763,The Owl's Kitchen,True,South Extension 1,True,0.10841748615916869
18175302,7 Colours Xpress Kitchen,True,South Extension 1,False,0.48413673011694114
18337762,Royal Cakes,True,South Extension 1,False,0.6050604804679803
18312639,Street Cafe,True,South Extension 1,False,0.5942949805301727
18337895,Street Cafe,True,South Extension 1,False,0.6100267487421247
307418,Dare To Deliver,True,South Extension 1,True,0.3336299836289922
3686,Aggarwal Sweet and Restaurant,True,South Extension 2,True,0.4839651851951722
18449626,Burger Lust,True,South Extension 2,True,0.19354415317234586
7761,Cafe Coffee Day,True,South Extension 2,True,0.47234407781359344
9842,Cakes & Bakes,True,South Extension 2,True,0.33569464421672257
18254523,Chic Fillet,True,South Extension 2,True,0.5906887569395796
312378,Chinese Express,True,South Extension 2,True,0.4143354587590945
18358171,Costa Coffee,True,South Extension 2,True,0.3152535372800107
307474,Domino's Pizza,True,South Extension 2,True,0.2878803953795239
9083,Gupta Fast Food,True,South Extension 2,True,0.3160851015370164
310705,Hangchuaa's Chinese Food Corner,True,South Extension 2,True,0.30228720892444494
310701,Kathi's,True,South Extension 2,True,0.586132442365987
306934,Kitchen & Chicken,True,South Extension 2,True,0.10878099253615281
305651,Meal A Deal,True,South Extension 2,True,0.47584778605685873
9094,Mohit Restaurant,True,South Extension 2,True,0.3160851015370164
93,Princess Garden,True,South Extension 2,True,0.1690793047002438
9099,Republic of Chicken,True,South Extension 2,True,0.4119785189131917
18312618,Sai Juice Point,True,South Extension 2,True,0.5890359166657383
18146398,The Pirates Of China Town,True,South Extension 2,True,0.5202593723927357
3298,Voda Bar,True,South Extension 2,True,0.11579278483269795
305684,All Things Yummy,True,South Extension 2,True,0.15533266735922702
7759,Cake Palace,True,South Extension 2,True,0.3973625849077319
302503,Charan Singh Kulfi & Kala Khatta,True,South Extension 2,True,0.6020956266488064
677,Chinese Hut,True,South Extension 2,True,0.3918683817167036
305826,Costa Coffee,True,South Extension 2,True,0.3435415860428498
743,Daitchi,True,South Extension 2,True,0.2009448014173829
18345751,DomDom Biryani,True,South Extension 2,True,0.1708266469569184
2250,Gupta's Restaurant,True,South Extension 2,True,0.1960965822336569
18352214,Mama's,True,South Extension 2,True,0.262263407034909
192,McDonald's,True,South Extension 2,True,0.07128655091906544
483,Moti Mahal Delux- Legendary Culinary,True,South Extension 2,True,0.013579107774807309
1675,Qureshi's Kabab Corner,True,South Extension 2,True,0.26839467432128916
18451269,TukTuk,True,South Extension 2,True,0.0444308176030318
18312616,Anand Sweets,True,South Extension 2,False,0.4047268567344364
7793,Cafe Corner,True,South Extension 2,False,0.5972741244437845
18231390,Chocolics,True,South Extension 2,False,0.6862780409949425
18427231,ChocoLite,True,South Extension 2,False,0.7522892636964232
18427201,F Marquee,True,South Extension 2,False,0.05667883418169162
1129,Republic of Chicken,True,South Extension 2,False,0.39363686399270414
18424170,Special Chicken Biryani,True,South Extension 2,False,0.3419913468150785
18306530,Circus,True,South Extension 2,True,0.011412182925043535
18332063,The Society Cafe,True,South Extension 2,True,0.07750394078363465
309852,Club London,True,"Southern Park Mall, Saket",True,0.03356407476666445
18245284,3 Pegs Down,True,"Southern Park Mall, Saket",True,0.0487172923836896
310413,Chicago Pizza,True,"Spark Mall, Kamla Nagar",True,0.19883957643594175
18261739,Maakhansingh,True,"Spark Mall, Kamla Nagar",True,0.10449725917262975
311068,Mad Over Donuts,True,"Spark Mall, Kamla Nagar",True,0.07541925878847178
308175,Starbucks,True,"Spark Mall, Kamla Nagar",True,0.21945594279827685
18276343,World of Wok,True,"Spark Mall, Kamla Nagar",True,0.055925554960012835
4682,Alvi's Food Spot,True,"Star City Mall, Mayur Vihar Phase 1",True,0.3529610087090056
6191,Cafe Coffee Day,True,"Star City Mall, Mayur Vihar Phase 1",True,0.33127120390923914
1275,Code,True,"Star City Mall, Mayur Vihar Phase 1",True,0.017989150697578338
2934,Haowin,True,"Star City Mall, Mayur Vihar Phase 1",True,0.07550438145898974
308801,Mirror,True,"Star City Mall, Mayur Vihar Phase 1",True,0.06615404623909538
4854,Pizza Hut Delivery,True,"Star City Mall, Mayur Vihar Phase 1",True,0.022129105443727703
306178,Platinum Lounge,True,"Star City Mall, Mayur Vihar Phase 1",True,0.07181615187675539
310538,Aap Ki Rasoi Ghar,True,Subhash Nagar,True,0.8469694029187892
305579,Aggarwal Sweet & Pastry,True,Subhash Nagar,True,0.8765490767528663
17977785,Craving,True,Subhash Nagar,True,0.7828582612586901
18037814,Dakshin South Indian Hut,True,Subhash Nagar,True,0.9009573147051056
18472638,Food & Travel Cafe,True,Subhash Nagar,True,0.8626226710701597
18168154,Jolly Tandoori Zaika,True,Subhash Nagar,True,0.8350698287460894
18424579,Lababdar Rasoi,True,Subhash Nagar,True,0.9040025260442611
305552,Madan Da Dhaba,True,Subhash Nagar,True,0.9206221624669108
302004,Nishtha,True,Subhash Nagar,True,0.8651630446472363
18386266,P2 Tandoori Momos Station,True,Subhash Nagar,True,0.979196226247532
18272352,Punjabi's Veg Grill,True,Subhash Nagar,True,0.9020898953931518
300560,Sethi's The Cake Shop,True,Subhash Nagar,True,0.781549538151984
304453,Soya Grill,True,Subhash Nagar,True,0.8714833727164188
18025106,Sunny Kebab Wala,True,Subhash Nagar,True,0.8568895064957159
301836,Vaishno Bhojnalaya,True,Subhash Nagar,True,0.9166945140408637
306012,Valentine Coffee Bar,True,Subhash Nagar,True,0.8611223258425893
312023,Zayka Delhi-6,True,Subhash Nagar,True,0.7963619570065333
18430898,13 Cafe,True,Subhash Nagar,False,0.795875838390807
305570,Aggarwal Sweet Corner,True,Subhash Nagar,False,0.8727203486440906
18447292,Babu Meat Wala,True,Subhash Nagar,False,0.8372845247191529
18365986,Batra Chinese Food & Chaap,True,Subhash Nagar,False,0.9187932664627267
18441532,Celebration Family Restaurant,True,Subhash Nagar,False,0.9039408929411609
18492045,Ching Chinese,True,Subhash Nagar,False,0.8584979302724182
18352176,Choices An Absolute BBQ,True,Subhash Nagar,False,0.887667979448856
18451605,Delhi-27,True,Subhash Nagar,False,0.8641097854787674
18455549,Desi Kukkad,True,Subhash Nagar,False,0.9003325608191249
18455545,Freezy,True,Subhash Nagar,False,0.9049090087886822
18491264,Gourmet Bistro,True,Subhash Nagar,False,0.6794059333184899
18455547,Jiya Amritsari Naan,True,Subhash Nagar,False,0.9031614881910426
18291456,Kedgy Bite,True,Subhash Nagar,False,0.8774473134615323
18472660,Khera's Foodie Corner,True,Subhash Nagar,False,0.9685805389760141
310255,Lajwab Pastry Palace,True,Subhash Nagar,False,0.9027825714735718
18366008,Madan Sweets & Bakers,True,Subhash Nagar,False,0.9233916793699659
18462257,Momo's King,True,Subhash Nagar,False,0.9802840544122049
18312627,New Pishori Chicken Kabab,True,Subhash Nagar,False,0.9013129994452884
18492103,New Sindhi Chicken Corner,True,Subhash Nagar,False,0.7896264829251894
18431145,Radha Swami Chaat Bhandar,True,Subhash Nagar,False,0.9127035242315245
18430909,Rajender Di Punjabi Rasoi,True,Subhash Nagar,False,0.8903601239884763
18198821,Ram Ji Snacks & Food Corner,True,Subhash Nagar,False,0.919154515752518
18430905,Ram Ram Ji Kachori Bhandar,True,Subhash Nagar,False,0.9037176946188913
18430907,Rana's Food Corner,True,Subhash Nagar,False,0.8981904086804058
18451597,Sanjay Chicken Shop,True,Subhash Nagar,False,0.8647089974708296
17989089,Sharma Ji Spring Roll,True,Subhash Nagar,False,0.8995549837059669
18492057,Shree Raja Ram,True,Subhash Nagar,False,0.8741943773877621
17989093,South Indian Hut,True,Subhash Nagar,False,0.8636935251204907
18429149,Special Moradabadi Chicken Corner,True,Subhash Nagar,False,0.8875039757265009
18366006,Standard Pastry Shop,True,Subhash Nagar,False,0.5661591149761427
305567,Sushil Punjabi Vaishno Dhaba,True,Subhash Nagar,False,0.8960531401668086
18455551,Variety of Shawarmas,True,Subhash Nagar,False,0.8886492123791563
18430902,Vrindavan Sweets,True,Subhash Nagar,False,0.8233516232789072
18365385,Flirty Momo's,True,Subhash Nagar,True,0.8872930255736234
586,Nathu's Sweets,True,Sunder Nagar,True,0.011364651760272348
3403,Basil & Thyme,True,Sunder Nagar,True,0.13541646330876111
2902,Kamal's,True,Sunder Nagar,True,0.43830645228003073
308628,Orange Peel by Rasleen Kochhar,True,Sunder Nagar,True,0.22001900832624866
18466399,ATM Bistro,True,Sunder Nagar,False,0.10679756308399668
18157416,Masala House,True,Sunder Nagar,True,0.06504037172305044
18264963,Number 8,True,Sunder Nagar,True,0.06492090777174653
18384123,Keventers,True,"T3 Domestic Arrival, Aerocity",True,0.6592005620816912
308595,4700BC Popcorn,True,Tagore Garden,True,0.34237222197646366
18251318,Chennai X-Press,True,Tagore Garden,True,0.7709386166145697
18303675,Chinese Sigdi,True,Tagore Garden,True,0.7457513228599159
18245286,Da Pizza Pind,True,Tagore Garden,True,0.6202341646955769
18414475,Faasos,True,Tagore Garden,True,0.12488430964842046
308814,Frontier,True,Tagore Garden,True,0.7136241423408134
308996,Gyan Di Hatti,True,Tagore Garden,True,0.7945765853360103
304583,Hot Stuff,True,Tagore Garden,True,0.5844754600404818
308080,KK Da Dhaba,True,Tagore Garden,True,0.32610967121208634
18372669,Last Bencher's,True,Tagore Garden,True,0.79164178287467
309305,Raj Bakers And Confectioners,True,Tagore Garden,True,0.7096403561123552
18292457,Taste Drive,True,Tagore Garden,True,0.8097882786961974
973,The Kafilla,True,Tagore Garden,True,0.5871832013180788
18292469,Tibb's Frankie,True,Tagore Garden,True,0.6639631833777897
18381626,4 Barrels Cafí© & Lounge,True,Tagore Garden,True,0.054987482779555896
18425157,Baadshah,True,Tagore Garden,True,0.2654350270395822
18365991,Behrouz Biryani,True,Tagore Garden,True,0.15350495076498616
18355146,Galina Restaurant,True,Tagore Garden,True,0.6259601468423214
18454473,Masala Factory,True,Tagore Garden,True,0.48094386634664676
18432240,Ovenstory Pizza,True,Tagore Garden,True,0.13217910468712124
312027,Ajeet Fast Food Corner,True,Tagore Garden,False,0.7623203657386933
18430872,Al Changezi,True,Tagore Garden,False,0.8178512065132566
18292478,Dolce Gelato,True,Tagore Garden,False,0.7262054361411381
18429417,Dragon Way,True,Tagore Garden,False,0.6111898739888171
18244564,Foodaholic,True,Tagore Garden,False,0.7128974501150269
304385,Indian Chinese Fast Food,True,Tagore Garden,False,0.7406376301787485
9517,Jagadeesh Kharodewala,True,Tagore Garden,False,0.6889294915019226
7194,Punjabi Shahi Chicken Soup,True,Tagore Garden,False,0.8183847986730117
18472448,Ramu Ka Dhaba,True,Tagore Garden,False,0.8283299752120794
18472599,Sardar Ji Chicken Corner,True,Tagore Garden,False,0.6576405014213598
18429644,Satguru Tiffin Service,True,Tagore Garden,False,0.31716797978952727
7180,Seth Baker's,True,Tagore Garden,False,0.7474176163756265
309006,Sri Durga Dosa Corner,True,Tagore Garden,False,0.7745063462380233
18292480,V S Cafe,True,Tagore Garden,False,0.730365439874562
7187,Vijay South Indian Food,True,Tagore Garden,False,0.7810867920797068
301998,Punjab Grill,True,Tagore Garden,True,0.07364722988724126
3239,Insomnia - Taj Vivanta,True,"Taj Vivanta, Khan Market",True,0.03318092296737474
301422,Larry's China - Taj Vivanta,True,"Taj Vivanta, Khan Market",True,0.07785418216552842
4404,Yellow Brick Road - Taj Vivanta,True,"Taj Vivanta, Khan Market",True,0.029603086804653844
300008,English Tadka,True,"TDI Mall, Rajouri Garden",True,0.13309654767598722
18216903,Burger King,True,"TDI Mall, Rajouri Garden",True,0.022375341340529653
1079,Pizza Hut,True,"TDI Mall, Rajouri Garden",True,0.008924446568399302
4375,Cake Shop - The Ashok,True,"The Ashok, Chanakyapuri",True,0.2246221971007435
3955,Samavar - The Ashok,True,"The Ashok, Chanakyapuri",True,0.03950491372050968
4376,Tea Lounge - The Ashok,True,"The Ashok, Chanakyapuri",True,0.16771078422680707
1898,Frontier - The Ashok,True,"The Ashok, Chanakyapuri",True,0.06394985548942433
1900,The Oudh - The Ashok,True,"The Ashok, Chanakyapuri",True,0.10478538412582195
306198,Zerruco - The Ashok,True,"The Ashok, Chanakyapuri",True,0.05651643148786456
18312443,The Claridges Garden -The Claridges,True,"The Claridges, Aurangzeb Road",True,0.05257490464351122
2683,Aura - The Claridges,True,"The Claridges, Aurangzeb Road",True,0.0796238849684835
2682,Dhaba - The Claridges,True,"The Claridges, Aurangzeb Road",True,0.09167442511396184
2681,Jade - The Claridges,True,"The Claridges, Aurangzeb Road",True,0.08520918437472369
2674,Pickwicks - The Claridges,True,"The Claridges, Aurangzeb Road",True,0.034450579990606855
2684,Ye Old Bakery - The Claridges,True,"The Claridges, Aurangzeb Road",True,0.13671793812148825
2675,Sevilla - The Claridges,True,"The Claridges, Aurangzeb Road",True,0.0565245481708585
3227,GBar - The Grand New Delhi,True,"The Grand New Delhi, Vasant Kunj",True,0.03659022708555182
4840,Cascades - The Grand New Delhi,True,"The Grand New Delhi, Vasant Kunj",True,0.03951379860798021
2726,1911 Bar - The Imperial,True,"The Imperial, Janpath",True,0.0307962564303893
301523,Nostalgia at 1911 Brasserie - The Imperial,True,"The Imperial, Janpath",True,0.03135684432951935
2729,Patiala Peg - The Imperial,True,"The Imperial, Janpath",True,0.04038510388815475
2724,1911 - The Imperial,True,"The Imperial, Janpath",True,0.015462729515309359
2728,Daniell's Tavern - The Imperial,True,"The Imperial, Janpath",True,0.0508985625581716
2730,La Baguette - The Imperial,True,"The Imperial, Janpath",True,0.10802539697316438
2727,San Gimignano - The Imperial,True,"The Imperial, Janpath",True,0.03997346030923432
2731,The Atrium - The Imperial,True,"The Imperial, Janpath",True,0.02950836525372169
2725,The Spice Route - The Imperial,True,"The Imperial, Janpath",True,0.009473577468539163
18237363,Bao Cha,True,"The India Mall, New Friends Colony",True,0.016801285126192056
18322518,Nazeer Delicacies,True,"The India Mall, New Friends Colony",True,0.1894541422813173
1023,Open Oven,True,"The India Mall, New Friends Colony",True,0.17594039654616
18277022,Slurp Pasta Express,True,"The India Mall, New Friends Colony",True,0.2700900299955332
18354650,Urban Gala,True,"The India Mall, New Friends Colony",True,0.39453675229981877
9671,Shree Rathnam,True,"The India Mall, New Friends Colony",True,0.03382212003978846
18424209,Stuffed Kathi Roll,True,"The India Mall, New Friends Colony",False,0.40279924362244945
149,Subway,True,"The India Mall, New Friends Colony",True,0.02997039347750108
8842,24/7 Pastry Shop - The Lalit New Delhi,True,"The Lalit New Delhi, Barakhamba Road",True,0.15155255751073127
8817,Le Petit Cafe - The Lalit New Delhi,True,"The Lalit New Delhi, Barakhamba Road",True,0.07489545836871947
309110,The Grill Room - The Lalit New Delhi,True,"The Lalit New Delhi, Barakhamba Road",True,0.03386675273371209
301524,24/7 Bar- The Lalit New Delhi,True,"The Lalit New Delhi, Barakhamba Road",True,0.05200298279935578
3910,24/7 Restaurant - The Lalit New Delhi,True,"The Lalit New Delhi, Barakhamba Road",True,0.011595911471039333
3027,Baluchi - The Lalit New Delhi,True,"The Lalit New Delhi, Barakhamba Road",True,0.026405320932951004
4907,Kitty Su - The Lalit New Delhi,True,"The Lalit New Delhi, Barakhamba Road",True,0.07305425184892667
104,Woks - The Lalit New Delhi,True,"The Lalit New Delhi, Barakhamba Road",True,0.033252286183976465
300688,Cafí© Knosh - The Leela Ambience Convention Hotel,True,The Leela Ambience Convention Hotel,True,0.055642976429220226
300697,Cherry Bar - The Leela Ambience Convention Hotel,True,The Leela Ambience Convention Hotel,True,0.07052338771900668
300696,Mei Kun - The Leela Ambience Convention Hotel,True,The Leela Ambience Convention Hotel,True,0.07394110123008024
300695,Dilli 32 - The Leela Ambience Convention Hotel,True,The Leela Ambience Convention Hotel,True,0.08127535817842313
4917,Jamavar - The Leela Palace,True,"The Leela Palace, Chanakyapuri",True,0.05918363258221182
4910,Le Cirque - The Leela Palace,True,"The Leela Palace, Chanakyapuri",True,0.05873103215298714
6812,MEGU - The Leela Palace,True,"The Leela Palace, Chanakyapuri",True,0.050873244677337115
4911,The Library - The Leela Palace,True,"The Leela Palace, Chanakyapuri",True,0.07745667956769542
4915,The Lobby Lounge - The Leela Palace,True,"The Leela Palace, Chanakyapuri",True,0.07866958969539528
310878,The Lodhi Bakery - The Lodhi,True,"The Lodhi, Lodhi Road",True,0.3752570923616394
3283,Elan - The Lodhi,True,"The Lodhi, Lodhi Road",True,0.043834063145848146
2768,Agni - The Park,True,"The Park, Connaught Place",True,0.024540106257369354
2770,Mist - The Park,True,"The Park, Connaught Place",True,0.017224608210016368
2769,Aqua - The Park,True,"The Park, Connaught Place",True,0.019341259408201084
3202,Atrium Bar  & Lounge - The Suryaa New Delhi,True,"The Suryaa New Delhi, New Friends Colony",True,0.0758502133997827
4101,French Crust - The Suryaa New Delhi,True,"The Suryaa New Delhi, New Friends Colony",True,0.1795500834359639
312902,Club BW - The Suryaa New Delhi,True,"The Suryaa New Delhi, New Friends Colony",True,0.03524817778369893
5325,Sampan - The Suryaa New Delhi,True,"The Suryaa New Delhi, New Friends Colony",True,0.032358180186155217
4496,The Grill Room - The Taj Mahal Hotel,True,"The Taj Mahal Hotel, Mansingh Road",True,0.051603572168285594
2688,Emperor's Lounge - The Taj Mahal Hotel,True,"The Taj Mahal Hotel, Mansingh Road",True,0.07991535899145696
2690,Machan - The Taj Mahal Hotel,True,"The Taj Mahal Hotel, Mansingh Road",True,0.041117604785528505
3948,Ricks Bar - The Taj Mahal Hotel,True,"The Taj Mahal Hotel, Mansingh Road",True,0.030736593376026633
2694,Wasabi by Morimoto - The Taj Mahal Hotel,True,"The Taj Mahal Hotel, Mansingh Road",True,0.04636114894665189
2689,House of Ming - The Taj Mahal Hotel,True,"The Taj Mahal Hotel, Mansingh Road",True,0.07543514364199322
2693,Varq - The Taj Mahal Hotel,True,"The Taj Mahal Hotel, Mansingh Road",True,0.04686424813560597
18400770,Capital Kitchen - Taj Palace Hotel,True,"The Taj Palace Hotel, Chanakyapuri",True,0.03231744063725561
18376469,Spicy Duck - Taj Palace Hotel,True,"The Taj Palace Hotel, Chanakyapuri",True,0.04612506794454441
2701,Orient Express - Taj Palace Hotel,True,"The Taj Palace Hotel, Chanakyapuri",True,0.06307223799309869
2702,The Tea Lounge - Taj Palace Hotel,True,"The Taj Palace Hotel, Chanakyapuri",True,0.16222863800837006
9709,Bonitos - The Uppal,True,"The Uppal, Aerocity",True,0.026860616578935126
312319,Bonitos Blu - The Uppal,True,"The Uppal, Aerocity",True,0.031201462980838257
311858,The Gourmet Shop - The Uppal,True,"The Uppal, Aerocity",True,0.3462245402330203
131,Chopsticks,True,"The Village Restaurant Complex, Khel Gaon Marg",True,0.03537669592885806
313200,TabulaBeach Cafe,True,"The Village Restaurant Complex, Khel Gaon Marg",True,0.1716264625953252
18282047,Arriba - Mexican Grill & Tequileria,True,"The Village Restaurant Complex, Khel Gaon Marg",True,0.15620422398441736
18459030,Chatori Gali,True,Tilak Marg,False,0.9101155510191083
302136,Aggarwal Sweet Center,True,Tilak Nagar,True,0.8084975109378246
301767,Aggarwal Sweets,True,Tilak Nagar,True,0.7106141170403799
302103,Alag Khana Khazana,True,Tilak Nagar,True,0.8535534163538139
310273,Bhape Di Hatti,True,Tilak Nagar,True,0.8577822396315582
308868,Bhappe Di Hatti,True,Tilak Nagar,True,0.839566666441466
18372667,Bhatura King,True,Tilak Nagar,True,0.8577136894885778
310728,Bhukkadzz Point,True,Tilak Nagar,True,0.5658758626129841
8564,Bimbos,True,Tilak Nagar,True,0.8049473193305361
305486,Brothers' Bakery,True,Tilak Nagar,True,0.8407855287957302
18485858,Chaap Nation,True,Tilak Nagar,True,0.6838118017624482
18204802,Dev Burger,True,Tilak Nagar,True,0.880224563015396
310254,Green Chick Chop,True,Tilak Nagar,True,0.7094690974301885
310272,Green Chick Chop,True,Tilak Nagar,True,0.6679666530881585
302089,Hum Sabki Rasoi,True,Tilak Nagar,True,0.854830938089392
18034071,Janki Vaishno Dhaba,True,Tilak Nagar,True,0.8393516835985672
305785,Manmohan Food Plaza,True,Tilak Nagar,True,0.8761103945263261
18268710,Mr.Hunger,True,Tilak Nagar,True,0.6735912304583029
308862,Neelma Punjabi Dhaba,True,Tilak Nagar,True,0.8380354500592029
308863,New Raj Kachori Bhandar,True,Tilak Nagar,True,0.8562095381933831
304319,Punjabi Ninja,True,Tilak Nagar,True,0.7138358195127367
18198440,Radha Swami Cool Hut,True,Tilak Nagar,True,0.8145585384446582
304161,Sagar Choley Bhatoorey,True,Tilak Nagar,True,0.856742109489192
18037798,Sehyog Alpahar,True,Tilak Nagar,True,0.7950918951046037
310279,South Indian Hut,True,Tilak Nagar,True,0.7572548245017798
5964,Vijay Corner,True,Tilak Nagar,True,0.7751015473011541
18241496,Mithlesh Ande Wala,True,Tilak Nagar,True,0.8815327952584667
309695,Roti N Boti,True,Tilak Nagar,True,0.32843275796241844
308905,Annapurna Caters,True,Tilak Nagar,False,0.8392333949193658
18312644,Ashoka's Ice Zone,True,Tilak Nagar,False,0.7862786561325958
305238,Bikaner Sweets & Pastry Corner,True,Tilak Nagar,False,0.8342650800082007
301917,Bikaner Sweets,True,Tilak Nagar,False,0.771549426201379
18372314,Dee Pizza Hub,True,Tilak Nagar,False,0.8668534619337547
313282,Flavors of London,True,Tilak Nagar,False,0.7219582830411424
18368025,Funduz Cafe,True,Tilak Nagar,False,0.8643979718493151
18089242,Giani,True,Tilak Nagar,False,0.7696350064973886
304160,Grover Sweets Rajouri Wala,True,Tilak Nagar,False,0.8333734766389712
18037813,Guru Kripa Chicken Corner,True,Tilak Nagar,False,0.8557136319198975
18487958,Health-O-Lic,True,Tilak Nagar,False,0.9312937358419657
18368021,Himalya Chinese,True,Tilak Nagar,False,0.8985157645338634
313137,KindBhutani's,True,Tilak Nagar,False,0.6903815848197694
305866,Mama Bhanja Corner,True,Tilak Nagar,False,0.7708903794276558
18431191,Mama Tao,True,Tilak Nagar,False,0.8928064968802154
18037792,Manpasand Punjabi Zaika,True,Tilak Nagar,False,0.8662376134291234
18356794,Pal Restaurant,True,Tilak Nagar,False,0.791062670650807
312040,Pizza Station,True,Tilak Nagar,False,0.8150228736000864
18460328,Punjabi Dhaba,True,Tilak Nagar,False,0.9617687720312678
18187733,Punjabi Virsa,True,Tilak Nagar,False,0.5606410574263252
5961,Sahib Jhatka Chicken Shop,True,Tilak Nagar,False,0.8802649776555411
18431176,Salt & Peppers,True,Tilak Nagar,False,0.7459290672806229
18037796,Sethi Ice Cream Parlour,True,Tilak Nagar,False,0.7869466363497776
312853,Shah Ji Di Rasoi,True,Tilak Nagar,False,0.845695981747817
18469949,Shawarma Wala,True,Tilak Nagar,False,0.8206522138482601
18428721,Snazzy Delights,True,Tilak Nagar,False,0.9664354808953741
18203187,South Indian Hut,True,Tilak Nagar,False,0.8606089656870495
308900,T-2 Di Hatti,True,Tilak Nagar,False,0.8481321901475825
18430577,The Second Wife Kitchen,True,Tilak Nagar,False,0.31301930561253744
310286,Today Pizza,True,Tilak Nagar,False,0.8910376262038708
18246984,Turban Tadka,True,Tilak Nagar,False,0.8464725076118031
312041,Wah Shah Ji Wah,True,Tilak Nagar,False,0.8676523708569114
18429180,Wah Wah Chicken Corner,True,Tilak Nagar,False,0.8594875846132397
304730,Brijwasi Sweet and Namkeen,True,Trilokpuri,False,0.5943998469216429
5438,Khana Khazana,True,Tughlakabad Institutional Area,True,0.20125775235370924
3383,Ahad Sons Restaurant,True,Uday Park,True,0.24987013159224114
4450,Jughead's Fast Food Corner,True,Uday Park,True,0.024555777921144495
18254521,The Coffee Bond,True,Uday Park,True,0.04597002977616671
18352678,Wow! Momo,True,"Unity One Mall, Janakpuri",True,0.05947476534494511
18263236,Domino's Pizza,True,"Unity One Mall, Janakpuri",True,0.165039220641235
18277230,Haldiram's,True,"Unity One Mall, Janakpuri",True,0.12465117219000243
18350231,Keventers,True,"Unity One Mall, Janakpuri",True,0.35990143655565343
18380171,Pat 'N' Harry,True,"Unity One Mall, Janakpuri",True,0.10888880560378733
18306543,"34, Chowringhee Lane",True,Uttam Nagar,True,0.37357098300958114
7297,Aggarwal Sweets,True,Uttam Nagar,True,0.8121676814475578
5774,Amritsari Dhaba,True,Uttam Nagar,True,0.8039891670425846
312172,Apna Swad,True,Uttam Nagar,True,0.13767644252159317
18168165,ATM Food Corner,True,Uttam Nagar,True,0.8327607366006257
18449824,Burger House,True,Uttam Nagar,True,0.3443708028342516
5413,Cafe De Bienka,True,Uttam Nagar,True,0.7757425373348276
18285208,Chatkaara Point,True,Uttam Nagar,True,0.7716963682113906
306185,Dharma Punjabi Dhaba,True,Uttam Nagar,True,0.4708041222106164
312073,Domino's Pizza,True,Uttam Nagar,True,0.543533217912854
312054,Flavourz Factoree,True,Uttam Nagar,True,0.7122381056389262
301912,Gabbar Chowmein,True,Uttam Nagar,True,0.8179850678623168
18372661,Gayatri's Break Point Restaurant,True,Uttam Nagar,True,0.5203193973914864
5499,Grover Sweets & Bakers,True,Uttam Nagar,True,0.6618038401410742
302005,Khalsa Veg Corner,True,Uttam Nagar,True,0.7121292632842808
306179,Lajawab Chinese Food,True,Uttam Nagar,True,0.6607349893554515
302057,Lajwab Bakery,True,Uttam Nagar,True,0.8239195727786006
302729,Maharani Rasoi,True,Uttam Nagar,True,0.8177452186067884
313067,Natkhat Bakers,True,Uttam Nagar,True,0.36514683570672646
18133491,Pastry Palace,True,Uttam Nagar,True,0.3019403966250013
18204464,Punjabi Tadka,True,Uttam Nagar,True,0.1745075698901677
5412,Radha Swami Vaishno Dhaba,True,Uttam Nagar,True,0.8096742710065903
18358654,Scoops,True,Uttam Nagar,True,0.7425948550741954
309167,Shah Bakery,True,Uttam Nagar,True,0.751124261063155
301903,Shahi Kachauri Wale,True,Uttam Nagar,True,0.8311090535236796
302757,Shahi Kachauri,True,Uttam Nagar,True,0.8271723721437947
310625,Shri Bikaner Sweets,True,Uttam Nagar,True,0.5811561325001264
312171,Shri Krishna Vaishno Dhaba,True,Uttam Nagar,True,0.827184913712143
9209,Shri Murli Wala,True,Uttam Nagar,True,0.5658920792053529
18291240,Shri Radha Ki Rasoi,True,Uttam Nagar,True,0.7008005611496038
307946,Singh's Ice Cream Parlour,True,Uttam Nagar,True,0.679281257557342
18203182,Swastik Restaurant,True,Uttam Nagar,True,0.24794006840808214
302047,Tanatan Corner,True,Uttam Nagar,True,0.8449855225526699
307140,Tasty Bite,True,Uttam Nagar,True,0.2128453412921011
302835,Aggarwal Jalebi Wale,True,Uttam Nagar,False,0.8120492256088994
9108,Aggarwal Sweets,True,Uttam Nagar,False,0.5979015897480391
9116,Arora Pastry Palace,True,Uttam Nagar,False,0.7521125953578186
18401212,Chinese Chatorey Xpress,True,Uttam Nagar,False,0.24581847971875792
18437128,Chocochill,True,Uttam Nagar,False,0.9534889882569941
18331594,Da Pizza Zone,True,Uttam Nagar,False,0.1457139269677109
18381265,Food N Shakes,True,Uttam Nagar,False,0.7600753992722088
18312449,Green Chick Chop,True,Uttam Nagar,False,0.684884145973196
18372672,Grover Sweets,True,Uttam Nagar,False,0.6624755487249654
18363058,J V's Fried Chicken,True,Uttam Nagar,False,0.4400319175364331
310581,Kamal Chat Bhandar,True,Uttam Nagar,False,0.8071323541450415
301914,Khalsa Chicken Corner,True,Uttam Nagar,False,0.748975104758447
5470,Lala Da Shudh Vaishno Dhaba,True,Uttam Nagar,False,0.812007787722281
18358206,Madras Cafe,True,Uttam Nagar,False,0.7536760482053411
17989106,New China Town,True,Uttam Nagar,False,0.8198989142523516
18419501,Pick & Carry,True,Uttam Nagar,False,0.81670906643499
307950,Punjabi Chicken,True,Uttam Nagar,False,0.7764273937209497
18354634,Sandwiches 'N' More,True,Uttam Nagar,False,0.7584661478064461
306180,Sapna Restaurant,True,Uttam Nagar,False,0.36587761591012136
301907,Sargam Sweets,True,Uttam Nagar,False,0.7356241447148553
18358165,Tandoori Theka,True,Uttam Nagar,False,0.38951238033903335
18372666,The Darjiling Delicious Chinese Food,True,Uttam Nagar,False,0.8209526908259812
18499450,Veg Darbar - The Royal Taste,True,Uttam Nagar,False,0.7425918007497483
18500618,Veg. Darbar,True,Uttam Nagar,False,0.7802368991031312
18014109,Wah Ji Wah,True,Uttam Nagar,True,0.3276702459604266
8257,Cafe Coffee Day,True,"V3S Mall, Laxmi Nagar",True,0.28598993757326974
18291214,Chalte Firte Momos,True,"V3S Mall, Laxmi Nagar",True,0.2509522384301013
1547,Chutneez Restaurant Lounge & Bar,True,"V3S Mall, Laxmi Nagar",True,0.02805166305159823
18219520,Domino's Pizza,True,"V3S Mall, Laxmi Nagar",True,0.11327453380737196
18378036,Fattoush,True,"V3S Mall, Laxmi Nagar",True,0.3354339608903957
18311958,Keventers,True,"V3S Mall, Laxmi Nagar",True,0.29069814950219663
8979,Kutty's South Indian Cafe,True,"V3S Mall, Laxmi Nagar",True,0.3535386365666007
8215,Mandrain,True,"V3S Mall, Laxmi Nagar",True,0.368841062145296
2009,Nazeer Foods,True,"V3S Mall, Laxmi Nagar",True,0.1421214956580622
6042,Nirula's Ice Cream,True,"V3S Mall, Laxmi Nagar",True,0.0439188844706222
308816,Punjabi Tadka,True,"V3S Mall, Laxmi Nagar",True,0.2835477408876832
308785,Rocking Woods,True,"V3S Mall, Laxmi Nagar",True,0.00951854752848491
309769,Shawarma Wala,True,"V3S Mall, Laxmi Nagar",True,0.2790529960194331
3779,Subway,True,"V3S Mall, Laxmi Nagar",True,0.010134986549156455
6127,The Yellow Chilli,True,"V3S Mall, Laxmi Nagar",True,0.009165014380558278
4982,The Yummy Chilli,True,"V3S Mall, Laxmi Nagar",True,0.17472477860885605
4677,United Punjab,True,"V3S Mall, Laxmi Nagar",True,0.03111940249762435
8265,McDonald's,True,"V3S Mall, Laxmi Nagar",True,0.022280896915317205
312352,Vintro,True,"V3S Mall, Laxmi Nagar",True,0.08017005451669423
18285699,Wow! Momo,True,"V3S Mall, Laxmi Nagar",True,0.22451848303829303
304987,"34, Chowringhee Lane",True,"V3S Mall, Laxmi Nagar",True,0.28697801612538476
305386,Kebab Xpress,True,"V3S Mall, Laxmi Nagar",True,0.02718775317569122
474,Moti Mahal Delux Tandoori Trail,True,"V3S Mall, Laxmi Nagar",True,0.009827148367901661
252,Pizza Hut,True,"V3S Mall, Laxmi Nagar",True,0.00773465955709407
5851,The Golden Dragon,True,"V3S Mall, Laxmi Nagar",True,0.03577612023717891
404,Yo! China,True,"V3S Mall, Laxmi Nagar",True,0.029108347738738938
3072,Hawkers,True,Vasant Kunj,True,0.07076751760018996
234,Nirula's,True,Vasant Kunj,True,0.012117809294814652
308,Sagar Ratna,True,Vasant Kunj,True,0.03685642273167122
311305,Tribe,True,Vasant Kunj,True,0.03908171170736252
1509,Angels in my Kitchen,True,Vasant Kunj,True,0.05798997024336472
18089255,Beijing Street,True,Vasant Kunj,True,0.03168706191328241
18369756,Bun Intended,True,Vasant Kunj,True,0.022119980563233277
18416856,Captain Chang,True,Vasant Kunj,True,0.04008744040527534
306554,Captain Grub,True,Vasant Kunj,True,0.02715526433820492
18287390,Clemency- The Restaurant & Cafe,True,Vasant Kunj,True,0.00947133064696526
1060,Flaming Chilli Pepper,True,Vasant Kunj,True,0.023927226081878472
306859,Hong Kong Express,True,Vasant Kunj,True,0.03582310665039934
308621,Majeed's,True,Vasant Kunj,True,0.06615365165836029
18218321,Majlis-e-Mughal,True,Vasant Kunj,True,0.054325910915479225
18337788,Mickey's Kitchen,True,Vasant Kunj,True,0.04056026309324756
2778,Nanking,True,Vasant Kunj,True,0.01958240593255789
18292485,Nawab Dera,True,Vasant Kunj,True,0.03945314123944321
18423898,The Cafe,True,Vasant Kunj,True,0.036103756138939125
308246,The Village Cafí©,True,Vasant Kunj,True,0.014187912512099388
18289277,Cookfresh,True,Vasant Kunj,False,0.6186629081222529
18264997,Cafe Connect,True,Vasant Kunj,True,0.048670995394092476
18144479,Happy Hakka,True,Vasant Kunj,True,0.07321825106419155
18431179,Indian Saffron Co.,True,Vasant Kunj,True,0.05609412898159183
307032,DCK- Dana Choga's Kitchen,True,"Vasant Square Mall, Vasant Kunj",True,0.040137543059083014
305243,Domino's Pizza,True,"Vasant Square Mall, Vasant Kunj",True,0.18350569210770196
9177,Sagar Ratna,True,"Vasant Square Mall, Vasant Kunj",True,0.18431582996846863
308697,Shree Bhagatram,True,"Vasant Square Mall, Vasant Kunj",True,0.02260930012352802
3507,Subway,True,"Vasant Square Mall, Vasant Kunj",True,0.014631743602641523
18350121,Biryani Blues,True,"Vasant Square Mall, Vasant Kunj",True,0.031709422922390984
311345,Kebab Gali,True,"Vasant Square Mall, Vasant Kunj",True,0.023501944111972484
1492,KFC,True,"Vasant Square Mall, Vasant Kunj",True,0.03148797832658412
310169,Tipu Sultan,True,"Vasant Square Mall, Vasant Kunj",True,0.01927298580794845
312535,Angels in my Kitchen,True,Vasant Vihar,True,0.18366975445918687
535,Barista,True,Vasant Vihar,True,0.14177382229527258
304281,Bengal Sweet Palace,True,Vasant Vihar,True,0.7537542517343601
7392,Bread'D Bites,True,Vasant Vihar,True,0.4722740258642959
2122,Chinese Hut,True,Vasant Vihar,True,0.636676711243968
302438,Foodland by Orchid,True,Vasant Vihar,True,0.3940493684641295
309789,From The Kitchen of Mala Bindra,True,Vasant Vihar,True,0.8362447453760269
313412,Go Kylin,True,Vasant Vihar,True,0.012767328979714554
7360,Green Chick Chop,True,Vasant Vihar,True,0.4755727021928693
4317,Hawkers,True,Vasant Vihar,True,0.23598600928311853
18458099,HotPlate,True,Vasant Vihar,True,0.9284203225384172
2124,New Janta Restaurant,True,Vasant Vihar,True,0.6000543864854069
2204,Rainbows,True,Vasant Vihar,True,0.21744933054022275
305403,Sinfully Yours,True,Vasant Vihar,True,0.18704240609946854
775,Slice of Italy,True,Vasant Vihar,True,0.07857356704497642
18247024,Spice Deli,True,Vasant Vihar,True,0.0817115383184781
303244,Twenty Four Seven,True,Vasant Vihar,True,0.6468214333515458
300262,Uncle Tom's Steamed Hot Dogs,True,Vasant Vihar,True,0.79901357971756
18458332,AOWLS,True,Vasant Vihar,True,0.3559936739334315
7391,Costa Coffee,True,Vasant Vihar,True,0.5212612712273423
18198434,Georgia Dakota,True,Vasant Vihar,True,0.7266622895629861
18371408,Instapizza After Hours,True,Vasant Vihar,True,0.17010722124132216
308007,The Pint Room,True,Vasant Vihar,True,0.20346382863512624
18227685,Anthony's Kitchen,True,Vasant Vihar,False,0.6203966363950167
18394443,Bakermania,True,Vasant Vihar,False,0.8540977279811908
18312585,Cafe Coffee Day,True,Vasant Vihar,False,0.608987830110471
18358669,Cones & Curries,True,Vasant Vihar,False,0.6359220337952192
18279461,Giani,True,Vasant Vihar,False,0.6047655462387986
18463329,Kaptain Bakery,True,Vasant Vihar,False,0.6488585385490306
18277185,Kayasth Cuisine,True,Vasant Vihar,False,0.5661005123026275
18358667,Mahinder Food Corner,True,Vasant Vihar,False,0.5418154924956697
18415363,Mohanty Bakery & Confectionery,True,Vasant Vihar,False,0.9517030699829568
18440933,Practically Perfect,True,Vasant Vihar,False,0.41384463688440143
18397698,Take Away Depot,True,Vasant Vihar,False,0.6883717538444287
18492083,The Artful Baker,True,Vasant Vihar,False,0.7672778422499862
18289247,Perch Wine & Coffee Bar,True,Vasant Vihar,True,0.1791233028579461
8530,Aggarwal Confectionary,True,Vasundhara Enclave,True,0.9337746959583271
8501,Aggarwal Sweet Corner,True,Vasundhara Enclave,True,0.9262235092924244
8520,Ananda's,True,Vasundhara Enclave,True,0.9385453446966883
311184,Ankur Family Restaurant,True,Vasundhara Enclave,True,0.7640961492324856
18217007,Ayush Restaurant,True,Vasundhara Enclave,True,0.9538310578808006
18342098,Chef's Paradise,True,Vasundhara Enclave,True,0.508550302347074
311231,Domino's Pizza,True,Vasundhara Enclave,True,0.8410635340449292
310876,Fatafat Fast Food,True,Vasundhara Enclave,True,0.9171816301426043
18265408,Giani,True,Vasundhara Enclave,True,0.9089179583752549
312517,Green Tea Fanatics,True,Vasundhara Enclave,True,0.9052059574760842
312783,Khansama,True,Vasundhara Enclave,True,0.9061178860719301
307920,Pauls Food,True,Vasundhara Enclave,True,0.9017871539406959
311253,Punjabi Vaishno Rasoi,True,Vasundhara Enclave,True,0.9608172393720347
307290,Republic of Chicken,True,Vasundhara Enclave,True,0.9204460706247939
8532,Taj Sweets,True,Vasundhara Enclave,True,0.9578203239104588
18323036,The Cake,True,Vasundhara Enclave,True,0.9584489724077343
18325165,The Food Court,True,Vasundhara Enclave,True,0.7211576367039811
311248,Adi's Restaurant,True,Vasundhara Enclave,False,0.9267870408803331
18424207,Aggarwal Sweet & Bakers,True,Vasundhara Enclave,False,0.966926399290913
18420697,Aggarwal Sweets,True,Vasundhara Enclave,False,0.9268223143185553
18424648,Aggarwal Sweets,True,Vasundhara Enclave,False,0.8626216964525188
18376497,Always Eat Green,True,Vasundhara Enclave,False,0.8602070680047014
18377898,Anjali Resaturant,True,Vasundhara Enclave,False,0.9538310578808006
18423889,Annapoorna Bhojanalya,True,Vasundhara Enclave,False,0.9528004617444065
18424638,Anupam Eating Point,True,Vasundhara Enclave,False,0.9262691945679011
18424661,Bikaner Rasoi,True,Vasundhara Enclave,False,0.9098724135912609
18375390,Cafe Mom,True,Vasundhara Enclave,False,0.9439942887087678
18377902,Cafe Youth,True,Vasundhara Enclave,False,0.9551545858038886
18430246,Cake Express,True,Vasundhara Enclave,False,0.9323279675803793
18425318,Cake Knighter,True,Vasundhara Enclave,False,0.9834951081172287
18336496,Catchup Green,True,Vasundhara Enclave,False,0.9463785594266801
18429388,D Food,True,Vasundhara Enclave,False,0.9642265119543509
18499026,Delicious Cake,True,Vasundhara Enclave,False,0.9832857873865601
18424202,Famous Parantha and Poori Sabzi,True,Vasundhara Enclave,False,0.9521716463047162
18434964,FM Biryani Point,True,Vasundhara Enclave,False,0.9903270737657908
18377909,Food Plaza,True,Vasundhara Enclave,False,0.8722727798265608
18390095,Foodiez,True,Vasundhara Enclave,False,0.9465772155761635
18423894,Goli Vada Pav No. 1,True,Vasundhara Enclave,False,0.9763603800527016
18414502,Hyderabad's Delight,True,Vasundhara Enclave,False,0.9811769873420155
18419424,Khan Tandoori Hub,True,Vasundhara Enclave,False,0.8267104149707548
18377900,Khan Tandoori Nights,True,Vasundhara Enclave,False,0.932297177050658
18424582,Meatwale.com,True,Vasundhara Enclave,False,0.947014044382321
18424654,New Aggarwal Sweets & Fast Food,True,Vasundhara Enclave,False,0.9244421820050203
18424650,Night Munchers,True,Vasundhara Enclave,False,0.8328853983439964
18423118,Old Moradabadi Chicken Corner,True,Vasundhara Enclave,False,0.9362752823658798
18251459,Richa's Bakery,True,Vasundhara Enclave,False,0.9487042242582364
18424208,Riyaz Biryani Corner,True,Vasundhara Enclave,False,0.8524467992866985
18424656,Rudra The Dhaba,True,Vasundhara Enclave,False,0.9262691945679011
18375387,Seven Star Pizza,True,Vasundhara Enclave,False,0.950046279189697
18424200,Shahi Muradabadi Chicken Biryani,True,Vasundhara Enclave,False,0.9495473893804461
18377895,Shree Krishna Restaurant,True,Vasundhara Enclave,False,0.9322075654364663
300961,Shree Sai Bhog,True,Vasundhara Enclave,False,0.9138573925343473
18424640,Soni Food Court,True,Vasundhara Enclave,False,0.9260090090148786
18424584,South Street Cafe,True,Vasundhara Enclave,False,0.9342000277837156
18424188,Special Chicken Biryani,True,Vasundhara Enclave,False,0.9006090133537293
18372694,Sweets n Treats,True,Vasundhara Enclave,False,0.9293441796540887
18371398,The Royal Prestige,True,Vasundhara Enclave,False,0.8902098029391057
18409206,Twenty Four Seven,True,Vasundhara Enclave,False,0.9064280890858003
18429386,Two Friends Roll Corner,True,Vasundhara Enclave,False,0.9751381372394676
18396190,Waikiki,True,Vasundhara Enclave,False,0.9749895652213347
18424192,Zaika Chicken Corner,True,Vasundhara Enclave,False,0.907700387025915
18499493,Zombiez,True,Vasundhara Enclave,False,0.9750070910379106
18322647,366 Junction,True,Vijay Nagar,True,0.08243160376642655
6654,Black & Brew,True,Vijay Nagar,True,0.359085904017342
300941,Hari Om Bhojanalaya,True,Vijay Nagar,True,0.367233802836169
18263693,Nalwa's Hotspot,True,Vijay Nagar,True,0.35051845995694275
18245248,Pasta Hub,True,Vijay Nagar,True,0.257188161888946
305275,Rock n Wood Cafe,True,Vijay Nagar,True,0.03158141644169299
18337490,Roll Corner,True,Vijay Nagar,True,0.07080481884031209
312364,Shree Nandhini Cafe,True,Vijay Nagar,True,0.2681269711002361
312422,Sindhi Dhaba,True,Vijay Nagar,True,0.35921719065194035
18359295,Take N Taste,True,Vijay Nagar,True,0.05793775832905834
307369,Taxi Bar & Cafe,True,Vijay Nagar,True,0.013183450804626795
308811,The Little Diner,True,Vijay Nagar,True,0.007352172046208305
18273624,Cafeteria & Co.,True,Vijay Nagar,True,0.15852569832059704
18175303,Burger Point,True,Vijay Nagar,True,0.19731383158595406
310532,Cafe All-Inn,True,Vijay Nagar,True,0.046559363000075016
312420,Chowringhee,True,Vijay Nagar,True,0.06221456936748815
308155,Flamess Restaurant & Cafe Village,True,Vijay Nagar,True,0.0067706186316995876
305856,Jack 'n' Chill,True,Vijay Nagar,True,0.09689598858528625
308950,Kake Di Hatti,True,Vijay Nagar,True,0.28121521459937293
17977767,Mad Monkey,True,Vijay Nagar,True,0.014912443283590315
18359288,Manohar Cakes & Bikaneri,True,Vijay Nagar,True,0.2916104798048579
1199,Shagun,True,Vijay Nagar,True,0.014223655853833561
312365,Shyam Chaat Bhandar,True,Vijay Nagar,True,0.3613912101684118
17989097,Telegram,True,Vijay Nagar,True,0.014208359935379389
18233584,The University Bistro,True,Vijay Nagar,True,0.008075889201096143
18241524,736 A.D.,True,Vijay Nagar,True,0.07455012304586595
301700,Big Yellow Door,True,Vijay Nagar,True,0.08516274140970448
303849,Mr. Crust Bakers,True,Vijay Nagar,True,0.20271829176445255
18258484,Phonebooth Cafí©,True,Vijay Nagar,True,0.015134033850165984
18157386,Tony's,True,Vijay Nagar,True,0.08491050966935365
18455949,Wake 'n' Bake Cafe,True,Vijay Nagar,True,0.2680840353873377
18337907,Gabbar Di Hatti,True,Vikas Marg,True,0.9743532302928105
18441677,Chennai Express,True,Vikas Marg,False,0.243920489570696
18355037,1990's,True,Vikaspuri,True,0.36410880224616193
18124369,Amul Cafe,True,Vikaspuri,True,0.354735732278713
18221405,Burger Point,True,Vikaspuri,True,0.2983078360254585
302166,Buta Singh Da Dhabba,True,Vikaspuri,True,0.5101312872657808
8696,Cafe Amigo,True,Vikaspuri,True,0.4654432411502547
6925,Cafe Coffee Day,True,Vikaspuri,True,0.4138058886442296
300459,Cake Palace,True,Vikaspuri,True,0.4011636792415406
2403,Carara,True,Vikaspuri,True,0.29127335514862607
8695,Channi Pishori Chicken,True,Vikaspuri,True,0.5499623693396822
311396,Chatkora Food N Snacks Corner,True,Vikaspuri,True,0.5014300181799227
18333392,Chetana Bakes,True,Vikaspuri,True,0.5085028285662948
18287378,Chily Hut,True,Vikaspuri,True,0.27139049770537627
307195,De' Bistro,True,Vikaspuri,True,0.2225676995028295
300440,Deep Bakers,True,Vikaspuri,True,0.4477214978354682
4793,Delhi 6,True,Vikaspuri,True,0.4845928329836381
18478982,Finest Pizzeria,True,Vikaspuri,True,0.10134083279774897
18322639,Food Lab,True,Vikaspuri,True,0.29874411048504135
18285737,Goli Vada Pav No. 1,True,Vikaspuri,True,0.38572957565848054
18204810,Grover Sweets,True,Vikaspuri,True,0.6695314488160593
301380,Hema Chinese Foods,True,Vikaspuri,True,0.5027550589324404
18277000,Hunger Stop,True,Vikaspuri,True,0.6211300521634844
300461,Ishwar Sweets,True,Vikaspuri,True,0.46908134096546306
3654,Kathi Express,True,Vikaspuri,True,0.2831246004900162
18264996,Kream's,True,Vikaspuri,True,0.2975629059331836
301377,Madras Cafe,True,Vikaspuri,True,0.32003954114938193
8680,Mandeep Punjabi Rasoi,True,Vikaspuri,True,0.4907245326549773
18246995,Masti Curry,True,Vikaspuri,True,0.13868769967110495
4785,New Madras Cafe,True,Vikaspuri,True,0.3095091167769989
2402,Pakwan,True,Vikaspuri,True,0.1850940469866298
300406,Patiala Shahi Soups,True,Vikaspuri,True,0.5277860105930251
311390,Pizza Yum,True,Vikaspuri,True,0.20931898454024056
4164,Polka Pastry & Snack Bar,True,Vikaspuri,True,0.08635103657389898
18365391,Red Hot,True,Vikaspuri,True,0.47336474776880266
8508,Republic of Chicken,True,Vikaspuri,True,0.30479630474796704
1305,Sai Ann Kutir,True,Vikaspuri,True,0.424266402138995
18245289,Saravana South Indian Hut,True,Vikaspuri,True,0.4909563819403303
18057797,Sardar Pure Meat Shop,True,Vikaspuri,True,0.3834392647747705
300472,Shama Chicken Corner,True,Vikaspuri,True,0.3371637535971044
18247014,Shan E Punjab,True,Vikaspuri,True,0.2588301977573626
4790,Shanghai Nights,True,Vikaspuri,True,0.5288891817074821
8707,Shree Ram Sweets & Bakers,True,Vikaspuri,True,0.5677146985416268
302183,Sindhi Kulfi Wala,True,Vikaspuri,True,0.4944352784064012
4792,South Indian Cafe,True,Vikaspuri,True,0.3441302872146377
2362,South Indian Hut,True,Vikaspuri,True,0.4203746159259507
4338,Spinns Resto-Bar,True,Vikaspuri,True,0.18406307844388137
309198,Subway,True,Vikaspuri,True,0.01872399675168035
300457,Taneja Bakery,True,Vikaspuri,True,0.5534570651199859
312201,Tequila Express,True,Vikaspuri,True,0.017292510198785527
3657,The China Town,True,Vikaspuri,True,0.27052774599225426
310640,THS - The Hunger Street,True,Vikaspuri,True,0.5172420099016894
309323,True Blue,True,Vikaspuri,True,0.10259190701730836
311333,Twenty Four Seven,True,Vikaspuri,True,0.3315021413455247
5925,Your's Chole Bhature,True,Vikaspuri,True,0.4956326196122085
312448,Baskin Robbins,True,Vikaspuri,True,0.4214908662955299
311600,Pure Punjabi,True,Vikaspuri,True,0.2737174420697007
18365871,Brick Station,True,Vikaspuri,False,0.29564693685647403
18466393,Food Factory,True,Vikaspuri,False,0.3063426378942554
18258762,Pastry Point,True,Vikaspuri,False,0.3887605121242027
18489507,Prem Jee Da Dhaba,True,Vikaspuri,False,0.7017171653151595
3665,Welcome Food Point,True,Vikaspuri,True,0.06383928790368654
309473,Arora Snacks,True,Vivek Vihar,True,0.8262146828485966
8502,Bansal Mithai Wale,True,Vivek Vihar,True,0.8379027161150787
18303857,Fabulous Cake Bites,True,Vivek Vihar,True,0.05869946011663352
6264,Garam Masala Food Corner,True,Vivek Vihar,True,0.3463075026111485
18419896,Health Buzzz,True,Vivek Vihar,True,0.3373812176880575
18291215,Kumar Pav Bhaji Corner,True,Vivek Vihar,True,0.7491682909346362
18264964,Le Chef,True,Vivek Vihar,True,0.6946661544923495
18420420,Nainy Fast Food,True,Vivek Vihar,True,0.7242445678350599
310604,Platform Nine and Three Quarters,True,Vivek Vihar,True,0.43848485884279254
18225627,Pudding & Pie,True,Vivek Vihar,True,0.6652491097324074
6251,Rapture,True,Vivek Vihar,True,0.6525079170735599
6253,Sachdeva Chinese Fast Food,True,Vivek Vihar,True,0.7209650071800233
18249080,Simply Cakes,True,Vivek Vihar,True,0.7596015233861892
18364535,The Dosa King,True,Vivek Vihar,True,0.6434247656752323
18128871,Bhappe Di Hatti,True,Vivek Vihar,True,0.13272462221184822
18124355,Cafetorium,True,Vivek Vihar,True,0.19328321742746668
304598,Food Express,True,Vivek Vihar,True,0.16381650999296404
18380891,Sai Bajaj Restaurant,True,Vivek Vihar,True,0.2781032273509454
18458629,The Chimney Bar-Be-Que,True,Vivek Vihar,True,0.8290403085766266
6240,Urban Punjab,True,Vivek Vihar,True,0.5289546307715346
18420428,Cheese Bitez Pizza,True,Vivek Vihar,False,0.7482122892916001
18418262,Goyal Sweets,True,Vivek Vihar,False,0.6980549747438829
18418276,Gulati's Takeaway,True,Vivek Vihar,False,0.7546724094239601
18421469,Jyoti Sweets,True,Vivek Vihar,False,0.6926959722564279
18421467,Momos Hi Momos,True,Vivek Vihar,False,0.8262146828485966
18446390,New Bhappe Di Hatti,True,Vivek Vihar,False,0.8021883840662243
18421471,Oven Fresh,True,Vivek Vihar,False,0.7488963114465951
18377897,Rupa Ice Cream Parlour,True,Vivek Vihar,False,0.7246108395962443
18419871,Scoopers 'n' Bakers,True,Vivek Vihar,False,0.7822261641311309
18420424,South Indian Food Plaza,True,Vivek Vihar,False,0.7923076708090951
18377901,Super Snacks,True,Vivek Vihar,False,0.5612112289948603
18291232,Unique Pastry,True,Vivek Vihar,False,0.6536186896245472
18445361,Veg Food Express,True,Vivek Vihar,False,0.9308805915787292
1613,Chintamani's Namkeen,True,Vivek Vihar,True,0.23783605629034077
18216911,Deltasious,True,Vivek Vihar,True,0.17843692982315063
310440,Tandoori Junction,True,Vivek Vihar,True,0.19941373061215295
4740,Apni Rasoi,True,Wazirpur,True,0.737180019835127
2044,Haldiram Bhujiawala,True,Wazirpur,True,0.31113993125543815
306064,Meghraj Food Court,True,Wazirpur,True,0.6110038026056144
6553,Meghraj Sweets,True,Wazirpur,True,0.6237133628968002
18363089,Chill Out,True,Wazirpur,False,0.7200924453265456
18294257,Chilli Chinese,True,Wazirpur,False,0.6838517560563575
349,"34, Chowringhee Lane",True,"West End Mall, Janak Puri",True,0.3443754298550824
3455,Subway,True,"West End Mall, Janak Puri",True,0.013224457775381282
1115,The Golden Dragon,True,"West Gate Mall, Rajouri Garden",True,0.11840277727672344
311506,KFC,True,West Patel Nagar,True,0.027350541866706712
3974,Mitra Da Dhaba,True,West Patel Nagar,True,0.35921234823995407
18163893,Mr. Sub,True,West Patel Nagar,True,0.08508081003889356
313093,Kennedy's,True,West Patel Nagar,True,0.08541941128512787
18384135,Keventers,True,"Worldmark 1, Aerocity",True,0.9007021169278404
18337772,Street Foods by Punjab Grill,True,"Worldmark 1, Aerocity",True,0.7494999509580629
18316173,Subway,True,"Worldmark 1, Aerocity",True,0.17487203909967708
18336491,Wow! Momo,True,"Worldmark 1, Aerocity",True,0.885629695147232
18306524,Biryani Blues,True,"Worldmark 1, Aerocity",True,0.6775814763233311
18390311,Asia Seven Express,True,"Worldmark 1, Aerocity",False,0.7886220039284814
18446491,Bikanervala,True,"Worldmark 1, Aerocity",False,0.12939818701922023
18334400,Cafe Huddle,True,"Worldmark 1, Aerocity",False,0.8726178791903678
18474934,Chai Garam,True,"Worldmark 1, Aerocity",False,0.9512093534418674
18416747,Dolce Gelato,True,"Worldmark 1, Aerocity",False,0.7995116523732715
18415376,GoGourmet,True,"Worldmark 1, Aerocity",False,0.3455245518344613
18446483,Karim's,True,"Worldmark 1, Aerocity",False,0.6382594252399145
18409199,Khan Chacha,True,"Worldmark 1, Aerocity",False,0.7536687690139043
18446485,Pizza Hut Delivery,True,"Worldmark 1, Aerocity",False,0.49282624059427105
18439530,Foodhall,True,"Worldmark 3, Aerocity",False,0.17670849079485862
18279456,Eat Me,True,Yusuf Sarai,True,0.10408888735594646
304475,EDC Mania,True,Yusuf Sarai,True,0.6557980320844502
311971,Elegant China X-Press,True,Yusuf Sarai,True,0.7065602054928157
1918,Gopala,True,Yusuf Sarai,True,0.5995425535175114
3467,Green Chick Chop,True,Yusuf Sarai,True,0.48511860534695384
18265698,Hangchuaa's Chinese Food Corner,True,Yusuf Sarai,True,0.5896338071103131
7457,Madhuvan Chinese Fast Food,True,Yusuf Sarai,True,0.5581794606238492
18175274,Momos House,True,Yusuf Sarai,True,0.7118454958510396
3469,Punjab Restaurant,True,Yusuf Sarai,True,0.38033968671678864
2605,Rhythm Restro-Bar,True,Yusuf Sarai,True,0.22945737989528425
4640,Say Cheese,True,Yusuf Sarai,True,0.21756457559539621
928,Sona Restaurant,True,Yusuf Sarai,True,0.6261456207744758
312756,Uraki,True,Yusuf Sarai,True,0.7575899363324969
309505,Wah Ji Wah,True,Yusuf Sarai,True,0.6508788774833727
9890,Annapurna Sweets,True,Yusuf Sarai,True,0.6312952828045106
954,Karnataka,True,Yusuf Sarai,True,0.09260084139571301
18357525,EDC Mania,True,Yusuf Sarai,False,0.6746403105258818
18265700,Faeem Chicken Corner,True,Yusuf Sarai,False,0.7391491317619377
18252382,Grills N Chills,True,Yusuf Sarai,False,0.6418863793844476
18478967,Gupta Sweets,True,Yusuf Sarai,False,0.5209033727987381
18311920,Khub Chand,True,Yusuf Sarai,False,0.6869124442904507
18455876,OCD - Online Cake Delivery,True,Yusuf Sarai,False,0.583832284097735
18478987,Sher E Punjab,True,Yusuf Sarai,False,0.665359926809532
18479000,Shri Balaji,True,Yusuf Sarai,False,0.7014866049713513
18478997,Sidhi Cafe,True,Yusuf Sarai,False,0.5767466184654275
18492061,Al Hayat Bakers,True,Zakir Nagar,False,0.9838952047535545
18349925,Al-Kausar's,True,Zakir Nagar,False,0.9958046353216977
18492065,Alam Biryani Center,True,Zakir Nagar,False,0.9876207165416051
310480,Bismillah Hotel,True,Zakir Nagar,False,0.9860137148563997
18144471,Halal Pizza Star,True,Zakir Nagar,False,0.9767029151619343
18466972,HTW Bakers,True,Zakir Nagar,False,0.9770029595045538
18429376,Javed Bawarchi Restaurant,True,Zakir Nagar,False,0.9732195496701073
18354968,Let's Eat,True,Zakir Nagar,False,0.9763795719367137
18441542,Moonis Kada,True,Zakir Nagar,False,0.9611448616410552
18445274,Motu N Patlu,True,Zakir Nagar,False,0.9635702373941847
18168147,S.K. Fast Food,True,Zakir Nagar,False,0.9859291964118414
18429375,Sufiyan Restaurant,True,Zakir Nagar,False,0.9852727391675712
310479,The Relax Point,True,Zakir Nagar,False,0.9836473038456677
18212160,Zareen's Dastarkhwan,True,Zakir Nagar,False,0.9815313467915984
310063,Ali Baba Caves,True,"Ansal Plaza Mall, Greater Noida",True,0.4631438446514623
312214,Cafí© Doo Ghoont,True,"Ansal Plaza Mall, Greater Noida",True,0.2163806370722191
309641,Knights Chaska,True,"Ansal Plaza Mall, Greater Noida",True,0.46055253045544775
306688,Thirsty Scholar Cafe,True,"Ansal Plaza Mall, Greater Noida",True,0.42030630340552044
18440427,Savoury Street,True,"Ansal Plaza Mall, Greater Noida",False,0.15045709921039008
312573,JSB Evergreen Snack & Sweets,True,Brahmaputra Shopping Complex,True,0.07226543839640354
7983,221 B Baker Street,True,Brahmaputra Shopping Complex,True,0.043345364061488256
302541,Kapoors Balle Balle,True,Brahmaputra Shopping Complex,True,0.04200281190041577
7992,Lakshmi Coffee House,True,Brahmaputra Shopping Complex,True,0.27631972538305827
3695,Geoffrey's,True,"Centre Stage Mall, Sector 18",True,0.009463157365829367
4473,Haldiram's,True,"Centre Stage Mall, Sector 18",True,0.013228239807948516
3250,Maamouchee @ My Way,True,"Centre Stage Mall, Sector 18",True,0.004450512900294523
718,Americana Kitchen and Bar,True,"Centre Stage Mall, Sector 18",True,0.004750678089299076
18272361,Punjabi By Nature Quickie,True,"DLF Mall of India, Sector 18,  Noida",True,0.04580558728317752
18372695,United Coffee House Rewind,True,"DLF Mall of India, Sector 18,  Noida",True,0.022488091569860313
18265411,Wow! Momo,True,"DLF Mall of India, Sector 18,  Noida",True,0.17649594856706852
18303706,Oh So Stoned!,True,"DLF Mall of India, Sector 18,  Noida",True,0.2763274594680356
18268698,The Big Chill Cakery,True,"DLF Mall of India, Sector 18,  Noida",True,0.10215476819688774
18264244,Barista,True,"DLF Mall of India, Sector 18,  Noida",True,0.13891478279607095
18277171,Big Wong XL,True,"DLF Mall of India, Sector 18,  Noida",True,0.004470065922439703
18265419,Carl's Jr.,True,"DLF Mall of India, Sector 18,  Noida",True,0.010064026455510633
18233616,Chaayos,True,"DLF Mall of India, Sector 18,  Noida",True,0.153301650253453
18366022,Chi Asian Cookhouse,True,"DLF Mall of India, Sector 18,  Noida",True,0.001944417252393582
18273551,Costa Coffee,True,"DLF Mall of India, Sector 18,  Noida",True,0.14463319522759022
18272346,Dunkin' Donuts,True,"DLF Mall of India, Sector 18,  Noida",True,0.05890245889860113
18268925,Instapizza,True,"DLF Mall of India, Sector 18,  Noida",True,0.01826383124955211
18272379,Keventers,True,"DLF Mall of India, Sector 18,  Noida",True,0.22774545263290968
18272355,Pirates of Grill,True,"DLF Mall of India, Sector 18,  Noida",True,0.022322768219828926
18268722,Pizza Hut,True,"DLF Mall of India, Sector 18,  Noida",True,0.02789756679264832
18273556,PizzaExpress,True,"DLF Mall of India, Sector 18,  Noida",True,0.008635200493232964
18272367,RollsKing,True,"DLF Mall of India, Sector 18,  Noida",True,0.23105752478356534
18258775,Taco Bell,True,"DLF Mall of India, Sector 18,  Noida",True,0.014986755109271166
18449092,The Frozen Factory,True,"DLF Mall of India, Sector 18,  Noida",True,0.6840752705323186
18461590,Theos,True,"DLF Mall of India, Sector 18,  Noida",True,0.48853158398581886
18254530,Wendy's,True,"DLF Mall of India, Sector 18,  Noida",True,0.029872802210610616
18336212,Zizo,True,"DLF Mall of India, Sector 18,  Noida",True,0.002125983405361631
18268727,Cafe Delhi Heights,True,"DLF Mall of India, Sector 18,  Noida",True,0.024266448723687217
18268712,Chili's Grill & Bar,True,"DLF Mall of India, Sector 18,  Noida",True,0.0032812859097628433
18272353,Made In Punjab,True,"DLF Mall of India, Sector 18,  Noida",True,0.032286956648035714
18261140,Mamagoto,True,"DLF Mall of India, Sector 18,  Noida",True,0.00453980962733791
18272357,Movenpick,True,"DLF Mall of India, Sector 18,  Noida",True,0.0186367795820368
18303688,Smaaash,True,"DLF Mall of India, Sector 18,  Noida",True,0.03267157921781194
18268716,SodaBottleOpenerWala,True,"DLF Mall of India, Sector 18,  Noida",True,0.05166228378889448
18264533,The Bento Cafe,True,"DLF Mall of India, Sector 18,  Noida",True,0.014995582104984306
2799,Earthen Oven - Fortune Inn Grazia,True,"Fortune Inn Grazia, Sector 27, Noida",True,0.1899684258421518
2655,Fortune Deli -  Fortune Inn Grazia,True,"Fortune Inn Grazia, Sector 27, Noida",True,0.1680991965474974
301392,Cafe Pipa,True,"Ganga Shopping Complex, Sector 29",True,0.35453186729759256
302727,Cook Du Kdu,True,"Ganga Shopping Complex, Sector 29",True,0.03155158658401325
311698,Green Chick Chop,True,"Ganga Shopping Complex, Sector 29",True,0.0636460009681653
307297,New Vishal's Kitchen,True,"Ganga Shopping Complex, Sector 29",True,0.2781375465141884
3154,Samarkand,True,"Ganga Shopping Complex, Sector 29",True,0.014893153587602126
18357543,Mirchievous,True,"Ganga Shopping Complex, Sector 29",True,0.06815690576149946
3155,Pearls Regency,True,"Ganga Shopping Complex, Sector 29",True,0.06096951312123511
18424581,The Feast Box,True,"Ganga Shopping Complex, Sector 29",False,0.020447048253363076
18421057,Imperfecto,True,"Gardens Galleria, Sector 38 Noida",True,0.0658308233744691
18233620,Chaayos,True,"Gardens Galleria, Sector 38 Noida",True,0.20161423877571893
300605,Dunkin' Donuts,True,"Gardens Galleria, Sector 38 Noida",True,0.0812503201259287
18279442,The Smoke Factory,True,"Gardens Galleria, Sector 38 Noida",True,0.11483388501195346
18279455,Turquoise Cottage - TC Original 1997,True,"Gardens Galleria, Sector 38 Noida",True,0.11555362503085265
18424873,Baskin Robbins,True,"Gardens Galleria, Sector 38 Noida",False,0.7197696064994474
18381672,Cafe Coffee Day,True,"Gardens Galleria, Sector 38 Noida",False,0.7055319087312384
18382336,Dolce Gelato,True,"Gardens Galleria, Sector 38 Noida",False,0.4339838478379934
18424874,Dunkin' Donuts,True,"Gardens Galleria, Sector 38 Noida",False,0.2712059086383878
18424872,Joost Juice Bar,True,"Gardens Galleria, Sector 38 Noida",False,0.7209538966864321
18424880,KFC,True,"Gardens Galleria, Sector 38 Noida",False,0.07502133410609502
18381675,Pizza Hut,True,"Gardens Galleria, Sector 38 Noida",False,0.16591375627721294
18419893,Laat Saab,True,"Gardens Galleria, Sector 38 Noida",True,0.10683510079840597
18289074,Starbucks,True,"Gardens Galleria, Sector 38 Noida",True,0.6040098495383235
18291236,Rocket Food,True,Golf Course,False,0.5385129610994182
311614,Aim Cafe And Restaurant,True,Greater Noida,True,0.3395281188737256
18429395,Al-Swad,True,Greater Noida,True,0.3257028723187212
3735,Anands,True,Greater Noida,True,0.19467069184727492
9731,Bansiwala Restaurant,True,Greater Noida,True,0.3901749892995824
302132,Cafe Coffee Day,True,Greater Noida,True,0.7141541701563487
18258162,Food Tamasha & Co.,True,Greater Noida,True,0.31466312634943683
302144,Grand Heritage Resort,True,Greater Noida,True,0.5885362704713937
4471,Green Chick Chop,True,Greater Noida,True,0.5307922995212875
18253392,Kafe Republic,True,Greater Noida,True,0.46202912618760306
310790,Kar C Lounge & Restaurant,True,Greater Noida,True,0.38601528028524823
8152,Kolkata Roll Point,True,Greater Noida,True,0.7973090033581447
313035,Royal Awadh,True,Greater Noida,True,0.1772956236578176
301509,Royal Rasoi,True,Greater Noida,True,0.5965684978045209
312275,Royale Bakers,True,Greater Noida,True,0.14572908633820503
302127,Sahi Darbar,True,Greater Noida,True,0.3607545448841719
18322604,Taco Street,True,Greater Noida,True,0.6956889311653491
18433889,The Noodle Co,True,Greater Noida,True,0.46983481259768445
18232121,Veg Always,True,Greater Noida,True,0.22191009155550678
307628,Yu Turn,True,Greater Noida,True,0.08021529621927859
18281980,Zaika,True,Greater Noida,True,0.36329945231895466
8151,Zaika,True,Greater Noida,True,0.47730764772899614
302139,Domino's Pizza,True,Greater Noida,True,0.459424900302547
18377927,Night Food Service,True,Greater Noida,True,0.6604986003395659
313120,Uncle's Patty,True,Greater Noida,True,0.6892089212638173
18361734,Baskin Robbins,True,Greater Noida,False,0.2969852926306825
304338,Evergreen Food Point,True,Greater Noida,False,0.7550741736070153
18440390,Food Plaza,True,Greater Noida,False,0.6129255808818226
18383456,Giani,True,Greater Noida,False,0.29756771638978574
18427237,Grill Inn,True,Greater Noida,False,0.42750929050021425
18382359,Hunger's Hut,True,Greater Noida,False,0.2920513779772821
18445740,Kanha Cake O' Pastry,True,Greater Noida,False,0.7690940414036941
18331809,Serendipity Cafe,True,Greater Noida,False,0.7863171506203941
18377925,Spice Affair,True,Greater Noida,False,0.558797584657911
312287,Tandoori Junction,True,Greater Noida,False,0.6930491890300182
18441766,Tod-Bistro Cafe,True,Greater Noida,False,0.40254904053832696
18281977,Upper Deck,True,Greater Noida,False,0.3108083876424488
18336259,Vadilal Ice Cream Parlour,True,Greater Noida,False,0.7993355525841603
18441537,Wich 'N' Shake,True,Greater Noida,False,0.7462970395021116
18128857,Desi Galli,True,"Harsha Mall, Greater Noida",True,0.045944362490636936
18279435,Mr. Flavour,True,"Harsha Mall, Greater Noida",True,0.05143725446287706
18281983,Wah Ji Wah,True,"Harsha Mall, Greater Noida",True,0.3360285575571431
301402,Indian Diners,True,"Hotel Golf View, Sector 37, Noida",True,0.8437879899620279
301461,Airborne,True,"Hotel Golf View, Sector 37, Noida",False,0.12103183620942859
301468,Vivino - Hotel Golf View,True,"Hotel Golf View, Sector 37, Noida",False,0.421960439680933
2342,Gravity,True,"Jaipuria Plaza, Sector 26, Noida",True,0.018164226187009747
309088,Kolkata Biryani House,True,"Jaipuria Plaza, Sector 26, Noida",True,0.026230705269169152
18334423,Rotees n More,True,"Jaipuria Plaza, Sector 26, Noida",True,0.06827410794598443
439,Saleem's Takeaway,True,"Jaipuria Plaza, Sector 26, Noida",True,0.19566652485055813
18431970,Sikandrabadi Biryani,True,"Jaipuria Plaza, Sector 26, Noida",True,0.11186933295924806
307718,Wok N Spice,True,"Jaipuria Plaza, Sector 26, Noida",True,0.40894395267789085
5685,Zaika Hindustani,True,"Jaipuria Plaza, Sector 26, Noida",True,0.22596113644035354
312243,Chanda Food,True,"Jaipuria Plaza, Sector 26, Noida",True,0.5185089425969629
18428614,Chhote Nawab,True,"Jaipuria Plaza, Sector 26, Noida",True,0.10134370880651988
18424869,Delish BBQ,True,"Jaipuria Plaza, Sector 26, Noida",True,0.044892561580652024
307232,Goli Vada Pav No. 1,True,"Jaipuria Plaza, Sector 26, Noida",True,0.1391105465451532
300907,Happy Hakka,True,"Jaipuria Plaza, Sector 26, Noida",True,0.03565294568716193
18382371,Sadda Adda,True,"Jaipuria Plaza, Sector 26, Noida",False,0.3239947735789388
8422,Baker's Studio - Jaypee Greens,True,"Jaypee Greens Golf & Spa Resort, Surajpur",True,0.2124780605876152
8344,Matrix - Jaypee Greens,True,"Jaypee Greens Golf & Spa Resort, Surajpur",True,0.08225360986944164
8441,Tea Lounge - Jaypee Greens,True,"Jaypee Greens Golf & Spa Resort, Surajpur",True,0.30080976820744854
8351,Paatra - Jaypee Greens,True,"Jaypee Greens Golf & Spa Resort, Surajpur",True,0.08629799763764068
4505,Cooks Cafe - Jaypee Greens,True,"Jaypee Greens, Greater Noida, Noida",True,0.8909324990853907
18317498,The Butler & The Chef - Jaypee Greens,True,"Jaypee Greens, Greater Noida, Noida",False,0.08233736001093506
18371434,Burger King,True,"Logix City Centre, Sector 32, Noida",True,0.12201113949509579
18425747,Cafe Pitacos,True,"Logix City Centre, Sector 32, Noida",True,0.10654714981830848
18371402,Cinnabon & Auntie Anne's,True,"Logix City Centre, Sector 32, Noida",True,0.5079066867560046
18383509,Cocoberry,True,"Logix City Centre, Sector 32, Noida",True,0.6883532660543947
18446433,Hakka Haus,True,"Logix City Centre, Sector 32, Noida",True,0.8620245621055487
18349905,Kebab Xpress,True,"Logix City Centre, Sector 32, Noida",True,0.4188646969613664
18352249,KFC,True,"Logix City Centre, Sector 32, Noida",True,0.07365155875726348
18383479,Mad Over Donuts,True,"Logix City Centre, Sector 32, Noida",True,0.2938504416796126
18383470,Ni Hao,True,"Logix City Centre, Sector 32, Noida",True,0.6026427633458704
18383460,Pizza Hut,True,"Logix City Centre, Sector 32, Noida",True,0.20439699000410283
18440424,Subway,True,"Logix City Centre, Sector 32, Noida",True,0.036461972344204785
18383477,Time To Tea,True,"Logix City Centre, Sector 32, Noida",True,0.7259034218017542
18383466,Vaango!,True,"Logix City Centre, Sector 32, Noida",True,0.7410353216651239
18396179,Biryani Blues,True,"Logix City Centre, Sector 32, Noida",True,0.3047107558036004
18466951,Jungle Jamboree,True,"Logix City Centre, Sector 32, Noida",True,0.2726615876852665
18337905,Keventers,True,"Logix City Centre, Sector 32, Noida",True,0.6524563218867871
18361221,Pita Pit,True,"Logix City Centre, Sector 32, Noida",True,0.08411354674560745
18383484,Baskin Robbins,True,"Logix City Centre, Sector 32, Noida",False,0.684850708785123
18440164,Cha Cha Cha,True,"Logix City Centre, Sector 32, Noida",False,0.6210556819392472
18382377,Chai Thela,True,"Logix City Centre, Sector 32, Noida",False,0.5828758213899403
18383444,Costa Coffee,True,"Logix City Centre, Sector 32, Noida",False,0.4514303870917383
18416753,Dolce Gelato,True,"Logix City Centre, Sector 32, Noida",False,0.4493934241786499
18441551,Joost Juice Bar,True,"Logix City Centre, Sector 32, Noida",False,0.651486753347519
18383481,Juice Lounge,True,"Logix City Centre, Sector 32, Noida",False,0.5501223693799735
18440406,Kings Kulfi,True,"Logix City Centre, Sector 32, Noida",False,0.5683844303411266
18381647,Kwality Wall's Swirl's,True,"Logix City Centre, Sector 32, Noida",False,0.542119450949162
18440416,Mx Corn,True,"Logix City Centre, Sector 32, Noida",False,0.6553967008817324
18371430,The Gaming Vegas,True,"Logix City Centre, Sector 32, Noida",False,0.7685496314909204
18383490,Chicago Pizza,True,"Logix City Centre, Sector 32, Noida",True,0.15156631417182787
18273632,Mr. Sub,True,"Logix City Centre, Sector 32, Noida",True,0.28426520334235894
18382345,Kwality Wall's Swirl's,True,"Logix Cyber Park, Sector 62, Noida",False,0.9641744274732286
18382347,My Corn,True,"Logix Cyber Park, Sector 62, Noida",False,0.9835077579933281
3226,Flluid - Mosaic Hotels,True,"Mosaic Hotels, Sector 18, Noida ",True,0.05180048509597024
4627,Latitude - Mosaic Hotels,True,"Mosaic Hotels, Sector 18, Noida ",True,0.13816475628205138
312278,Baker's Zone,True,"MSX Mall, Greater Noida",True,0.1260446831577403
18364351,Chakna,True,"MSX Mall, Greater Noida",True,0.20408261028241448
18373737,Get Set Go,True,"MSX Mall, Greater Noida",True,0.17519329101685877
18124366,Sip & Snacks,True,"MSX Mall, Greater Noida",True,0.11958562379711113
18254400,The Anna,True,"MSX Mall, Greater Noida",True,0.14687149663434884
309545,Kathi Junction,True,"MSX Mall, Greater Noida",True,0.19866670409120368
310067,Golden Chaat,True,"MSX Mall, Greater Noida",False,0.46357709392606816
18430587,Malt n Brew,True,"Park Ascent, Sector 62, Noida",False,0.26177106642438885
6033,Cakewalk - Park Plaza,True,"Park Plaza Hotel, Sector 55, Noida",True,0.30651731765620815
6036,New Town Lounge - Park Plaza,True,"Park Plaza Hotel, Sector 55, Noida",True,0.07383776061964731
1669,New Town Cafe - Park Plaza,True,"Park Plaza Hotel, Sector 55, Noida",True,0.026836725691565255
3924,S-18 - Radisson Blu,True,"Radisson Blu, Sector 18, Noida",True,0.03511089301651571
18383511,Foodicious,True,Sector 1,False,0.968429867944747
18245267,Rasoi Dil Se,True,Sector 1,False,0.9482286597488635
304496,Chip Chap Shahi Corner,True,Sector 10,True,0.8958429521746881
308670,Mother's Kitchen,True,Sector 10,True,0.696643484047849
18462632,Food Express,True,Sector 10,False,0.4534997310957146
18322648,Lemonier,True,Sector 10,False,0.7773821058528141
18356045,Punjabi Zaika,True,Sector 10,False,0.7689367305810122
18126101,Robins Sweets & Restaurant,True,Sector 10,False,0.8215926877726569
18273622,TBH äóñ To Be Healthy,True,Sector 10,True,0.39034083457118596
5742,Mehfill,True,Sector 11,True,0.11386633796084988
311186,Punjabi Pakwaan,True,Sector 11,True,0.06071904281245233
2331,Santushti,True,Sector 11,True,0.13426160573066703
2329,Uncle's,True,Sector 11,True,0.11386633796084988
18382363,Cafe Limelight,True,Sector 11,True,0.08969846934960879
18456760,Rendezvous Adda,True,Sector 11,False,0.8590166651580424
18435292,Wow Noodle,True,Sector 11,False,0.140092046406056
18435286,Wraps Cafe,True,Sector 11,False,0.14721416232684137
18243997,Alley's Urbane Cafe,True,Sector 110,True,0.5341577382743579
18268352,Backstreet Kitchen,True,Sector 110,True,0.1403516529692771
18463699,Berco's,True,Sector 110,True,0.29873459345742104
18376508,Breaktym,True,Sector 110,True,0.2489978040445342
18146402,Chawla's 2,True,Sector 110,True,0.043930285239145994
18216904,Chicken Kraft,True,Sector 110,True,0.6163883495050679
5634,Chinese By Nature,True,Sector 110,True,0.7958537569682835
4541,DV's Chinese Kitchen,True,Sector 110,True,0.7951002319985478
8226,Evergreen Sweets,True,Sector 110,True,0.6607650478638423
18254527,Green Chick Chop,True,Sector 110,True,0.42737276783961464
18409725,Hyderabad Delights,True,Sector 110,True,0.5949336788229056
310208,Kabab And Tadka,True,Sector 110,True,0.17702463204690477
8228,Kanha Bhog,True,Sector 110,True,0.6402015524116238
8236,Mezbaan Jaika Restaurant,True,Sector 110,True,0.49973337788056404
18415343,Pind Balluchi,True,Sector 110,True,0.07320163624377674
18133476,Red Capsicum,True,Sector 110,True,0.28598470831726386
18381224,Singh Foods,True,Sector 110,True,0.15348309308817087
18440751,Sparrows At Home Bakery & Cafe,True,Sector 110,True,0.4930925487610459
306560,The New Koyla Kitchen,True,Sector 110,True,0.1788167068402028
18371428,Theyö_ö«ó,True,Sector 110,True,0.10087220177330658
18372251,Your Spicy Kitchen,True,Sector 110,True,0.7683051733418246
312369,Yumm Biryani,True,Sector 110,True,0.17989429984234107
307014,Aureo Dine & Bake House,True,Sector 110,True,0.049049438224765596
18332064,Being Truckers,True,Sector 110,True,0.25209521094386467
18216939,China Leaf,True,Sector 110,True,0.20650672241399037
18378014,Mera Vala Dabba,True,Sector 110,True,0.3719622231048252
18157400,Moti Mahal Delux- Legendary Culinary,True,Sector 110,True,0.1628039083400864
18057810,Noshh,True,Sector 110,True,0.2765443269881763
18252385,Tadqa Tandoor Express,True,Sector 110,True,0.12437092158286633
18421504,The Kebab Company,True,Sector 110,True,0.24417373164177647
18310503,Affamato,True,Sector 110,False,0.8942361790768957
18424173,Ahmed's,True,Sector 110,False,0.7390421228766058
18233621,Caffí© La Poya,True,Sector 110,False,0.27004741841536173
18432230,Chaskaa Restaurant,True,Sector 110,False,0.8096260600400274
18409212,Chawla's 2,True,Sector 110,False,0.24324417090975814
18219528,Chination,True,Sector 110,False,0.6721577915093264
18380150,Essen Foods,True,Sector 110,False,0.2803127353022843
18355013,Haochi,True,Sector 110,False,0.8363123634463302
18348609,Lassilo,True,Sector 110,False,0.9149912055577132
18424175,Mittal Bikaneri Sweets,True,Sector 110,False,0.7333684308615466
313415,Royale Bakers,True,Sector 110,False,0.11107374123666092
18460286,RV's Family Restaurant,True,Sector 110,False,0.6409148261133663
310762,The Cake Shop,True,Sector 110,False,0.6339674505772835
18208893,Top Food,True,Sector 110,False,0.8656019255076309
18478981,Uncle's Corner,True,Sector 110,False,0.9090497732926157
18410832,Urban Express,True,Sector 110,False,0.775895642759644
18303715,Viddya Chinese Fast Food,True,Sector 110,False,0.6443290810823064
4480,Domino's Pizza,True,Sector 110,True,0.4875645714488378
3764,Kamboj's,True,Sector 110,True,0.038304345485654756
304636,Pizza Hut Delivery,True,Sector 110,True,0.13015194121769547
307340,Subway,True,Sector 110,True,0.277207611793745
8237,The Cake Expert's,True,Sector 110,True,0.15337111245446122
18268724,The Saffron Boutique,True,Sector 110,True,0.5025382447106089
312463,Aggarwal Kachori Wale,True,Sector 12,True,0.8830400943315024
309318,Bakes & Cakes,True,Sector 12,True,0.5650545548915952
302518,Burger's Kitchen,True,Sector 12,True,0.8578361285114926
8072,Jhatpat Khana,True,Sector 12,True,0.8853765786930535
5755,Mahi Rasoi,True,Sector 12,True,0.3048846900954283
18486840,Night Safari Cafe,True,Sector 12,True,0.8566282873198421
8074,Saheb's Restaurant,True,Sector 12,True,0.5287925856017492
307888,Scrummy Bites,True,Sector 12,True,0.4369926206594762
834,Berco's,True,Sector 12,True,0.1402220969488588
18382337,Cream Bell Scoopers,True,Sector 12,False,0.8673761368208384
18433542,Mayur Kitchen,True,Sector 12,False,0.6897672750499397
18382335,Raghav Ki Rasoi,True,Sector 12,False,0.42856080217638726
18264985,Red Chilli,True,Sector 12,False,0.5133288015297226
18265692,Riyaz Biryani Corner,True,Sector 12,False,0.8498504784016702
304937,Standard Sweets & Confectioners,True,Sector 12,False,0.8043083064643013
18489849,Standard Sweets,True,Sector 12,False,0.7657822651559499
18485826,Sushma Homemade Tiffin,True,Sector 12,False,0.9558391246608671
18489806,The Tasty Corner,True,Sector 12,False,0.82810702963723
18381674,The Zaika King,True,Sector 12,False,0.760187071413809
18441772,Tiffinhunt,True,Sector 12,False,0.5393824484910041
18390891,Top Burger,True,Sector 12,False,0.8600805265644329
8061,Aggarwal Sweet Shop,True,Sector 12,True,0.49138902648440574
308623,Hungry - I,True,Sector 125,True,0.15527457360593433
311013,Oh Buoy,True,Sector 125,True,0.3439764517847148
18368015,Caffeinated,True,Sector 125,True,0.6687265142533917
18273942,Sam and Scrooge,True,Sector 125,True,0.05430679339222977
18034079,Tpot,True,Sector 125,True,0.3594615964015042
18440413,Hunger's Hub,True,Sector 125,False,0.500885827148149
18427230,Modi's Baker's Zone,True,Sector 125,False,0.479673424151128
18440415,The Flip On Wheel,True,Sector 125,False,0.6805109604223818
18446387,Big Biryani,True,Sector 127,False,0.5507565634094369
18340903,Aroma,True,Sector 132,True,0.8732307718379149
18275760,Bawarchi,True,Sector 132,True,0.9484549200840364
18357548,Book Food Kitchen,True,Sector 132,True,0.6317324421568349
18381249,Breaktym,True,Sector 132,True,0.564179854271522
18307266,Chaska By Taste,True,Sector 132,True,0.8461291303839582
18112492,Domino's Pizza,True,Sector 132,True,0.7739316088091149
18445768,Grill King,True,Sector 132,True,0.9741739637713388
18393840,Moti Mahal Deluxe Advant,True,Sector 132,True,0.7795832901051157
18276998,Rolling Beans,True,Sector 132,True,0.6653574035334432
300988,RollsKing,True,Sector 132,True,0.9148655586279343
18292443,SnacksWale.com,True,Sector 132,True,0.9079112138774255
18204456,Subway,True,Sector 132,True,0.19069071446083263
18138418,Super Cake Shop,True,Sector 132,True,0.8751369416511362
18441561,Aureo Dine & Bake House,True,Sector 132,False,0.872605738756152
18245275,B Bawarchi Restaurant,True,Sector 132,False,0.7900326331843509
18469933,Brajwasi,True,Sector 132,False,0.968749284182394
18358190,Cafe Coffee Day,True,Sector 132,False,0.8998712365176191
18441663,Cafe Coffee Day,True,Sector 132,False,0.8975916865403044
18489823,Cafe Lounge,True,Sector 132,False,0.9580999865230089
18489827,Cafe Treat,True,Sector 132,False,0.9588956673197129
18371413,Casa Bake,True,Sector 132,False,0.9692717898808101
18441563,China Town,True,Sector 132,False,0.924500425242216
18358662,Costa Coffee,True,Sector 132,False,0.8382712426166593
18277008,Delhi Foods,True,Sector 132,False,0.9373052271850519
18399250,Deli Chic,True,Sector 132,False,0.9741739637713388
18449300,Delicacies,True,Sector 132,False,0.8906948532281962
18454471,Kanha Ji Sweets & Restaurant,True,Sector 132,False,0.8683074789873622
18273973,Little China,True,Sector 132,False,0.9437164140573688
18375406,Lola's Cafe,True,Sector 132,False,0.896402951943288
18384109,Madras Coffee House,True,Sector 132,False,0.9122555758673541
18441569,Moju Juice Bar,True,Sector 132,False,0.9422611731372017
18254543,Peniel Restaurant,True,Sector 132,False,0.9357999503206443
18393815,Pizza Key,True,Sector 132,False,0.8361885454508353
18458636,Sandoz,True,Sector 132,False,0.9349221917706155
18481281,Subway,True,Sector 132,False,0.8363816807794997
18474432,Tandoori Mystery,True,Sector 132,False,0.930290118130441
18441559,Taste of Punjab,True,Sector 132,False,0.9381167935675478
18441665,Tea Nation,True,Sector 132,False,0.9092037014356217
18466397,The Corporate Kitchen,True,Sector 132,False,0.9732563092161185
18441557,The Royal Kitchen,True,Sector 132,False,0.9079112138774255
18441671,Tpot,True,Sector 132,False,0.8186999682156314
18416310,Wild Chef House,True,Sector 132,False,0.17967495629652874
18372688,DIOS The Neighbourhood Bistro,True,Sector 132,True,0.5265328493934669
18146472,Cake n Flower,True,Sector 15,True,0.660929572957446
3145,Dilli 6,True,Sector 15,True,0.09977058017283424
312175,Food Bell,True,Sector 15,True,0.561070284711503
3143,Kalpana Hotel,True,Sector 15,True,0.6391371093795407
4518,Sagar Dhaba,True,Sector 15,True,0.566078885193021
304510,Shree Balaji Shudh Vaishno Hotel,True,Sector 15,True,0.6583617420882426
310875,Shree Rathnam,True,Sector 15,True,0.031883415440398744
309317,Simran's Cake Studio,True,Sector 15,True,0.6029039330513271
311085,Sweet Cake,True,Sector 15,True,0.6062373375450603
300914,The Cake Xpress,True,Sector 15,True,0.16371168840005834
8115,The Chef,True,Sector 15,True,0.15901634332571846
18455665,The Flying Pan,True,Sector 15,True,0.5324663319862247
18146390,Wrapster,True,Sector 15,True,0.6191111097260362
18435298,Getafix Petit,True,Sector 15,True,0.10809267540301226
301415,Lawn Bistro,True,Sector 15,True,0.016948033680788233
18407293,Cake N Gifts,True,Sector 15,False,0.8791834749697602
18432201,Cheese Pizza,True,Sector 15,False,0.5513261767707102
304493,Divya Hotal,True,Sector 15,False,0.6583617420882426
18438456,Green Valley Chinese Food,True,Sector 15,False,0.5599864972925279
18367439,Hooting Owl Cafe,True,Sector 15,False,0.4976349564746999
18466616,Jaak Foods,True,Sector 15,False,0.5143477846229364
18382368,Kaka Restaurant,True,Sector 15,False,0.5481063939418025
18465093,KC Bakers,True,Sector 15,False,0.8338693849323063
18345109,KC Bakery,True,Sector 15,False,0.6062373375450603
18432027,Rajan Foods Corner,True,Sector 15,False,0.562875921951509
18258742,Sagar Dhaba,True,Sector 15,False,0.531033973342438
18254314,Sarfira,True,Sector 15,False,0.8788458275360098
18258756,Shama Chicken Corner,True,Sector 15,False,0.5673968949506839
18382366,Yummy Kitchen,True,Sector 15,False,0.5377812029264326
4882,Barista,True,Sector 16,True,0.6097548786885969
309535,Divine Curries,True,Sector 16,True,0.1018450418499014
18415359,Moon Bite,True,Sector 16,True,0.28237910433166513
308451,Subway,True,Sector 16,True,0.30265384497143644
18156287,Hurry's Paratha,True,Sector 16,True,0.2699736203349954
399,McDonald's,True,Sector 16,True,0.18646597384387031
18161600,Cafe Coffee Day,True,Sector 16,False,0.9333670401861903
18249084,Dunkin' Donuts,True,Sector 16,False,0.7791143716085772
18432020,Green Chilli Fast Food,True,Sector 16,False,0.8211827072486042
18432013,Street Food Corner,True,Sector 16,False,0.7469524484488476
303371,Barbeque Nation,True,Sector 16,True,0.30251905168327065
302558,Aggarwal,True,Sector 18,True,0.015822720914505206
1698,Anchor Bar & Kitchen,True,Sector 18,True,0.050860753648165336
9252,Basil Tree,True,Sector 18,True,0.0030740102366554334
1323,Bon Bon Pastry Shop,True,Sector 18,True,0.10851959146679191
1735,BSGulati's Punjabi Swad,True,Sector 18,True,0.019025123639854313
5677,Cafe-18,True,Sector 18,True,0.22491364764966026
300953,Chandni Chowk Ke Mashhoor Paranthe,True,Sector 18,True,0.25195057736144744
4721,Cheenos,True,Sector 18,True,0.04815487148193687
18261722,Gola Sizzlers,True,Sector 18,True,0.017046318459002396
18346730,Hira Sweets,True,Sector 18,True,0.025346586119614045
461,Karim's,True,Sector 18,True,0.032302381683464
937,KFC,True,Sector 18,True,0.010263735110832006
307720,Khan's Kathi Rolls,True,Sector 18,True,0.180370885619492
591,Nathu's Sweets,True,Sector 18,True,0.0018997221890750815
18371433,Nawabi Mughlai Zaika,True,Sector 18,True,0.0168068748392457
18287364,Nite Bites,True,Sector 18,True,0.023211579132280447
7913,Nizam's Kathi Kabab,True,Sector 18,True,0.01689551864884853
18180086,NSD Resto Bar & Kitchen,True,Sector 18,True,0.028119102399332463
5678,PS Wah Bhai Wah,True,Sector 18,True,0.023598287984047728
427,Sagar Ratna,True,Sector 18,True,0.011291451307338662
18292482,Sbarro,True,Sector 18,True,0.016574408927644613
18446481,Swag & Swad,True,Sector 18,True,0.015944396772114455
310694,The Fizz,True,Sector 18,True,0.005777637645596911
18252573,The Kitchen,True,Sector 18,True,0.027446862455808407
303269,Twenty Four Seven,True,Sector 18,True,0.15523860618569918
5854,Vinny's Restro Bar,True,Sector 18,True,0.05241761931820654
18349895,Walk In The Woods,True,Sector 18,True,0.00592541746613795
4160,Xiian,True,Sector 18,True,0.0028769778622883546
301514,Zest Bar and Lounge,True,Sector 18,True,0.02658386618234465
310417,Angels in my Kitchen,True,Sector 18,True,0.02073780761214372
1701,Baby Dragon Bar & Restaurant,True,Sector 18,True,0.003552391027077495
18208904,Baker Street,True,Sector 18,True,0.019782464835906177
3306,Bamboo Shoots,True,Sector 18,True,0.004870476466567353
301005,Bikanervala Bliss,True,Sector 18,True,0.05116699383085732
307566,Bikanervala,True,Sector 18,True,0.0013855237456057434
18216913,Bikkgane Biryani,True,Sector 18,True,0.0071030960548654765
310399,Burbee's Cafe,True,Sector 18,True,0.0036904806246176314
594,Cafe Coffee Day,True,Sector 18,True,0.04030029678837854
3796,Deez Biryani & Kebabs,True,Sector 18,True,0.012671475308401736
490,Desi Vibes,True,Sector 18,True,0.009981075074627976
18336495,Dhaba at Atta,True,Sector 18,True,0.011507589756518
18228862,DND,True,Sector 18,True,0.04265922097880648
384,Domino's Pizza,True,Sector 18,True,0.08252163118898825
7945,Donald's Pastry Shop,True,Sector 18,True,0.06018457967045243
2985,Doosri Mehfil,True,Sector 18,True,0.010542922034433078
18228855,Fit Bites,True,Sector 18,True,0.022678839636917636
18289257,Hungry Minister,True,Sector 18,True,0.009858260373676764
18380141,Hurry's Paratha,True,Sector 18,True,0.02873939124161118
18272377,Imly,True,Sector 18,True,0.03185994214907639
18473005,Jambox,True,Sector 18,True,0.02233478149948709
300180,LIT Ultrabar,True,Sector 18,True,0.02165059490287269
7784,Mainland China,True,Sector 18,True,0.011190474579713672
396,McDonald's,True,Sector 18,True,0.02623867616166764
18014141,Metro Dhaba,True,Sector 18,True,0.004785745427663524
1702,Nazeer Foods,True,Sector 18,True,0.01639088746696693
18198836,Our Story Bistro & Tea Room,True,Sector 18,True,0.020042559955421924
309111,Paddy's Cafe,True,Sector 18,True,0.019656787446191704
309098,Popular Cakery,True,Sector 18,True,0.013994571204502648
166,Punjabi By Nature,True,Sector 18,True,0.0036180874429216914
18434638,Sadda Adda,True,Sector 18,True,0.10397191195101951
1070,Subway,True,Sector 18,True,0.005417912807205161
450,Swagath,True,Sector 18,True,0.008790469201855666
18175334,TFK - The Flaming Kick,True,Sector 18,True,0.0034784231851298086
4248,The Great Kabab Factory,True,Sector 18,True,0.022210138238048738
18237334,The Patiala Kkitchen,True,Sector 18,True,0.014183777970757538
300952,The Tandoori Village,True,Sector 18,True,0.02433699920774457
311649,The Yellow Chilli,True,Sector 18,True,0.006933036324607622
2336,Top Breads,True,Sector 18,True,0.041798351335243344
18273566,Wat-a-Burger!,True,Sector 18,True,0.061432495821954314
311338,Chawla's 2,True,Sector 18,True,0.006762733189341952
310609,Himalaya,True,Sector 18,True,0.057551724033831686
307555,Public Cafe,True,Sector 18,True,0.026529455340685293
4717,RPM - Zanzi Bar,True,Sector 18,True,0.026768993547049424
7956,Mad Over Donuts,True,Sector 18,True,0.04230494687713149
304612,RollsKing,True,Sector 18,True,0.22096766280165414
304691,Lumbini Food Point,True,Sector 19,True,0.777315972243723
309519,Owlcity,True,Sector 19,True,0.27312189443423096
18450369,Night Munchers,True,Sector 19,False,0.7705672732171185
18409730,Night Munchies,True,Sector 19,False,0.3933984566674589
18427226,Anand Food Factory,True,Sector 2,True,0.818812342435325
387,Nirula's,True,Sector 2,True,0.05842397334162763
301420,Snacks India,True,Sector 2,True,0.2936229216046312
18383442,Ahaar Udyan,True,Sector 2,False,0.8182473635552773
18424675,Choco Bee,True,Sector 2,False,0.6921385202999755
18425782,Crazy Noodles,True,Sector 2,False,0.11601503855242012
18457257,Dakshin Platter,True,Sector 2,False,0.9169305068049153
18382382,Kathi Junction,True,Sector 2,False,0.8772466532880175
18441711,Sonu Parantha Corner,True,Sector 2,False,0.8766240536463847
308770,Olive Kitchen,True,Sector 20,True,0.04793942813137397
18472688,R Cafe,True,Sector 20,True,0.9491874107155986
18156065,Eating Point,True,Sector 20,False,0.4196946490022363
308951,New Gee Pee,True,Sector 21,True,0.8640676484904631
308563,Uncle's JVCC Restaurant,True,Sector 21,True,0.34634449264179445
18409182,Twenty Four Seven,True,Sector 21,False,0.8779283925071132
8065,Hari Om Restaurant,True,Sector 22,True,0.9590654104936053
18216929,Jain Restaurant,True,Sector 22,True,0.4079493171527303
18224208,Lajawab Family Restaurant,True,Sector 22,True,0.7279625041768223
18441760,Alam Muradabadi & Hyderabadi Biryani,True,Sector 22,False,0.8520470422302208
18492041,Bala Ji Raja Dhaba,True,Sector 22,False,0.9595657226948746
18393406,Brijwasi Dhaba,True,Sector 22,False,0.9595657226948746
18381676,Prerna Family Restaurant,True,Sector 22,False,0.8968754483094078
18430895,Rana Dhaba,True,Sector 22,False,0.8945799121993219
18433898,The Food Factory,True,Sector 22,False,0.9324931475771033
5239,221 B Baker Street,True,Sector 25,True,0.24572369999401578
18312466,Hunger's Hub,True,Sector 25,True,0.10020942398016897
8022,Lajwaab Restaurant,True,Sector 25,True,0.5723318844048418
8017,Republic of Chicken,True,Sector 25,True,0.5642087606231245
18020006,Gauranga Sweets,True,Sector 25,False,0.6126203180129224
18252394,Green Valley Chinese Food,True,Sector 25,False,0.5464469102732332
311375,Super Cake Shop,True,Sector 26,True,0.050286758472510185
18463959,Dev Food,True,Sector 26,False,0.48391915416268294
18345461,Wakhra Swaad,True,Sector 26,True,0.11274478085559059
311688,27 Grills,True,Sector 27,True,0.038942575492826315
18265723,China Hot Pot,True,Sector 27,True,0.5677785543157328
7986,Himalaya Momos & Roll,True,Sector 27,True,0.5397985559130439
18244520,Hungry House Pizzas & More,True,Sector 27,True,0.1042204058987466
5760,Khana Khajana Da Dhaba,True,Sector 27,True,0.5727121812000977
18265705,M.P. Chole Tikki Wala,True,Sector 27,True,0.5543267415551661
5761,Maa Vaishno Shudh Bhojnalaya,True,Sector 27,True,0.6389607196734516
18255160,More Than Cafí©,True,Sector 27,True,0.6508045705656096
18265709,Public Cafe,True,Sector 27,True,0.09741522419032089
18236270,Sadda Taste,True,Sector 27,True,0.28598573253875337
5757,Sati Restaurant,True,Sector 27,True,0.5661844291175332
312237,Super Cake Shop,True,Sector 27,True,0.1336660761909817
5700,Uncle's Punjabi Rasoi,True,Sector 27,True,0.48766289215152425
302575,Yours Deliciously,True,Sector 27,True,0.542019058107891
18463961,Captain Curry,True,Sector 27,True,0.6167225244275176
18336506,Oh My Scoop!,True,Sector 27,True,0.39755079918734304
5744,Reena Restaurant,True,Sector 27,True,0.26643980688502344
18408051,Delight Food,True,Sector 27,False,0.8188461455023222
18377587,Hungro,True,Sector 27,False,0.8283185703524193
307719,Shiparma Shri,True,Sector 27,False,0.5727121812000977
7982,Shri Adarsh Kulfi,True,Sector 27,False,0.49662222689393765
311419,Simla Bakery,True,Sector 27,False,0.23467098298206024
18383448,Swad E Punjab,True,Sector 27,False,0.5727121812000977
18432192,Vishnu Ki Rasoi,True,Sector 27,False,0.500479459246175
395,Pizza Hut Delivery,True,Sector 27,True,0.06408357962649625
307724,Wah Ji Wah,True,Sector 27,True,0.07528415127342547
1460,Chawla's Chic Inn,True,Sector 28,True,0.03419616895598887
7991,Grill Point,True,Sector 28,True,0.5359662399604833
7979,Hari Sweets,True,Sector 28,True,0.4393188720156901
18323760,Sultanate of Spice,True,Sector 28,True,0.04311809248747023
307491,Yamu's Panchayat,True,Sector 28,True,0.4255073985379527
2334,Debon,True,Sector 28,True,0.3311111845450372
3153,Hot & Sour,True,Sector 29,True,0.45685939803891107
18361198,Open Kitchen,True,Sector 29,True,0.03635601936759347
309215,Truffle Muffle,True,Sector 29,True,0.3538646654363026
18219552,Go! Biryani,True,Sector 29,True,0.06278672812918684
18478962,Tastee Chauka,True,Sector 29,True,0.3435099597315765
18472682,Maharba Chicken Point,True,Sector 29,False,0.18320761424868393
18396192,Sweet Spells,True,Sector 29,False,0.36709324322297154
18138415,Foodie,True,Sector 3,True,0.09932215429440117
18429379,Lapaalap,True,Sector 3,True,0.83162132512844
3443,Fresh Food Factory,True,Sector 3,True,0.6409411604938705
18466412,Bollycric,True,Sector 3,False,0.8428739355599981
18180048,The Kitchen Factory,True,Sector 3,False,0.6427110489235734
302535,Caffí© La Poya,True,Sector 30,True,0.038531907599590576
18311928,Elixir Health Cafí©,True,Sector 30,True,0.022832102377911667
18446503,Radhey Foodz,True,Sector 31,True,0.6767331360330657
18157374,The Kitchen,True,Sector 31,True,0.4787776768345635
309059,Uncle's Treat,True,Sector 31,True,0.6753501516591578
18291234,Wow! Momo,True,Sector 31,True,0.5720967119831344
18458315,KD's Hunger Point,True,Sector 31,True,0.8664598619759687
18457856,Food Town,True,Sector 31,False,0.8113256658564706
18323684,The Big Chefs,True,Sector 31,False,0.4310484779981829
18244230,The Big Scoop,True,Sector 31,False,0.5972533062956837
18204467,Govinda's Restaurant,True,Sector 33,True,0.7803466079384374
18306542,Not Just Dilli,True,Sector 33,True,0.710779795226178
18337925,RollsKing,True,Sector 33,True,0.7391347438336536
18433854,Bunz & Dogz,True,Sector 33,False,0.722242042736897
313151,Radha Rani Bakery,True,Sector 33,False,0.617900338807458
9735,Chauhan Vatika,True,Sector 34,True,0.3743675793029645
18440192,Frozen Stone,True,Sector 34,True,0.6483593496069238
302501,Kavita's Restaurant,True,Sector 34,True,0.13386153727350136
303025,Mudrika Food Factory,True,Sector 34,True,0.40462025567204474
18424204,Pind Balluchi,True,Sector 34,True,0.2487568957061086
18393700,Zaffran- Ikshita's Kitchen,True,Sector 34,True,0.7781306038166911
18430590,Chaayos,True,Sector 34,True,0.17262638201933145
18439524,Punjabi Tadka,True,Sector 34,True,0.2146829044547538
18417576,Cafe Krisa,True,Sector 34,False,0.715844710052505
18440395,Chill Grill,True,Sector 34,False,0.6228784889012198
18423885,Dolce Gelato,True,Sector 34,False,0.4130581165415893
18421515,Maa Ka Khaana,True,Sector 34,False,0.7039283401331973
18440171,The Beer Cafe,True,Sector 34,False,0.30524798727722213
18359322,Heaven's Point,True,Sector 37,True,0.7654926198842174
457,Kamboj's,True,Sector 37,True,0.04334170533447579
18398459,Mexican Pizza,True,Sector 37,True,0.45518637589986055
18255715,Shahenshah,True,Sector 37,True,0.09082192694062807
18427249,Snack Chat,True,Sector 37,True,0.5511598935504343
18391164,The Amazing Buger's,True,Sector 37,True,0.610104036154559
18472655,The Black Box,True,Sector 37,True,0.2188460748761295
18279437,Al Bake,True,Sector 37,True,0.1635579499088856
18204489,Asian Fun,True,Sector 37,True,0.18845728598317213
18275704,Burnout,True,Sector 37,True,0.21211210107290313
18332077,Cafe Fusion,True,Sector 37,True,0.24986684700370132
18458632,Fit Bites,True,Sector 37,True,0.1095083928371472
18391158,Go Krazy,True,Sector 37,True,0.5860942520834276
18303845,Green Restaurant,True,Sector 37,True,0.11063253915802662
18352262,Hunger Strike,True,Sector 37,True,0.15826908787171967
18427229,The Munchkart Cafe,True,Sector 37,True,0.28113869240149547
18345747,Thee Pot,True,Sector 37,True,0.19508939968370997
18368024,Waffles and Crepes,True,Sector 37,True,0.5744868901349702
18472419,Biryani Vice,True,Sector 37,False,0.8065113445896798
18284048,Chinese Chilly Sizzler,True,Sector 37,False,0.7236759221014699
18438321,Moonlight Cafe,True,Sector 37,False,0.47975928480866725
18319512,Sugar Ruffles,True,Sector 37,False,0.5678605448076123
309278,Bistro 37,True,Sector 37,True,0.6075619328734403
18419879,Desi Swag,True,Sector 37,True,0.17865075993357138
9836,Teasta,True,Sector 37,True,0.6797885674387018
307407,Appu Ghar Express,True,Sector 38,True,0.5942579453830161
305317,Barista,True,Sector 38,True,0.4971219212691558
18430593,Burger King,True,Sector 38,True,0.10265908065347862
18349929,Keventers,True,Sector 38,True,0.5807776455611982
18408048,Kenny Rogers Roasters,True,Sector 38,True,0.3944455103851203
305222,McDonald's,True,Sector 38,True,0.3097768654580033
18356801,Baskin Robbins,True,Sector 38,False,0.19979926804178028
18432198,Cafe Buddy's,True,Sector 38,False,0.5785829099873533
18432025,Fusionn Rolls,True,Sector 38,False,0.9137030336396389
18265399,Kwality Walls - Happiness Station,True,Sector 38,False,0.6053989347594473
18432194,Shakti Food & Restaurant,True,Sector 38,False,0.6194183749833087
8385,Domino's Pizza,True,Sector 38,True,0.5423322200818286
309799,Mr. Brown,True,Sector 38,True,0.11649421787436964
6800,Chef's Bar-Be-Que,True,Sector 39,True,0.45330516101411833
18449659,Sen's Sational Xpress Kitchen,True,Sector 39,True,0.8989664230030546
18438249,Shanghai Dreams,True,Sector 39,True,0.9438411829406068
18489509,InnerChef,True,Sector 4,True,0.6931902420917029
18155147,Antaryami Paratha Corner,True,Sector 4,False,0.3914850168441727
18388032,F-all (Food for All),True,Sector 40,True,0.43547679099400793
18478565,Green Restaurant,True,Sector 40,False,0.8347258565407389
313410,2 Bros Kitchen,True,Sector 41,True,0.08442223457269293
311974,Baskin Robbins,True,Sector 41,True,0.22818221477406075
5686,Big Bone - The Meat Shop,True,Sector 41,True,0.5648586283842808
18396157,Biryani House,True,Sector 41,True,0.19121524849801674
5681,China Hot,True,Sector 41,True,0.6610254920661998
307424,City Hut,True,Sector 41,True,0.47644372740502794
8084,Defence Bakery,True,Sector 41,True,0.59309036847102
18412870,Dhabha 27,True,Sector 41,True,0.14320785377763934
18412876,Faasos,True,Sector 41,True,0.08785543754611691
306551,Green Chick Chop,True,Sector 41,True,0.38275468073303276
8095,JSB Evergreen Cool Point,True,Sector 41,True,0.374312966823134
308648,JSB Evergreen Snack & Sweets,True,Sector 41,True,0.3377199833225104
18352184,Keventers,True,Sector 41,True,0.6240755853743916
17977758,More Than Cafe,True,Sector 41,True,0.40610146882150056
18370702,Mutfi,True,Sector 41,True,0.09673495951428235
18322612,Nawabi Mughlai Zaika,True,Sector 41,True,0.09787575451351693
18412866,Ovenstory Pizza,True,Sector 41,True,0.08759369669313144
18396425,ProFit Kitchen,True,Sector 41,True,0.21927961965706488
18287405,Public Cafe,True,Sector 41,True,0.16170511246156194
18466390,The Chickmunks Express,True,Sector 41,True,0.03588384154459401
18219556,Time to Tea,True,Sector 41,True,0.6583635413906208
311332,Twenty Four Seven,True,Sector 41,True,0.6241357154856754
18439546,Virundu,True,Sector 41,True,0.34585369170492974
18441667,Be Bhukkad,True,Sector 41,True,0.11820231450844998
18363088,Behrouz Biryani,True,Sector 41,True,0.1247789532555007
18454463,Bistro 365,True,Sector 41,True,0.08200745914230545
18450749,Engineers Da Dhaba,True,Sector 41,True,0.33045138044211375
18381230,Hungry Minister,True,Sector 41,True,0.10763661300820104
18332051,Kake Da Hotel,True,Sector 41,True,0.10292480580898578
18339370,Biryani,True,Sector 41,False,0.5422647753095236
18439534,C Cube,True,Sector 41,False,0.2336678378624778
18432190,Chicago Pizza,True,Sector 41,False,0.45004413633284934
18412897,Kettle & Kegs,True,Sector 41,False,0.20978271989952568
18383529,Keventers,True,Sector 41,False,0.5850630851099246
18383549,Keventers,True,Sector 41,False,0.6407473895483615
18430878,Navab's,True,Sector 41,False,0.8051004963180802
18481312,Nawabi Mughlai Zaika Food Van,True,Sector 41,False,0.8733793560902687
18478971,NS Punjabi Swad,True,Sector 41,False,0.8827584655489786
18439535,Pitstop,True,Sector 41,False,0.30512817861200103
307974,Royal Spice Restaurant,True,Sector 41,False,0.13641725211007927
18430884,Sethi's,True,Sector 41,False,0.8608405255527003
18460087,Snacks Parties,True,Sector 41,False,0.8838734584461907
1337,Peshawari Delux Restaurant,True,Sector 41,True,0.46787759464349876
311342,WTF - World's Tastiest Food,True,Sector 41,True,0.09625209877664676
18438435,Salato Salad Studio,True,Sector 41,True,0.10274904206995716
18425976,AB Fast N Food,True,Sector 44,True,0.4352394764515549
18463984,Cafe 44,True,Sector 44,True,0.8567589778459741
18370372,Cafe Onion Rings,True,Sector 44,True,0.5022918577838209
18433903,Club 44,True,Sector 44,True,0.7236403219868016
18391172,Indian Curry House,True,Sector 44,True,0.24545646824300527
310539,Krunchies,True,Sector 44,True,0.5063084831879741
18383527,Platefull,True,Sector 44,True,0.22939447441461824
310695,Sanghai Food,True,Sector 44,True,0.8274511780254483
308763,Shadev Saini Dhaba,True,Sector 44,True,0.8168805616984092
309135,Wasim Biryani Center,True,Sector 44,True,0.7963269453841219
3740,Hungry - I,True,Sector 44,True,0.07594732224579326
18400723,Smoking Tikka,True,Sector 44,True,0.15570468062045317
18383486,The Fusion Food Stand,True,Sector 44,True,0.16309315323925577
18454484,44 Grills,True,Sector 44,False,0.22365046403311817
18398614,Ammi's Kitchen,True,Sector 44,False,0.8276164257817274
18373560,Bangali Restaurant,True,Sector 44,False,0.542956707611375
18478972,Home Cafe,True,Sector 44,False,0.9220267650151719
18381258,Hot Chilli Food Plaza,True,Sector 44,False,0.620367295782738
18420881,Kanak Kitchen,True,Sector 44,False,0.8290235236776397
18499456,Speziato Foods,True,Sector 44,False,0.9372652903014638
18433905,The Golden Spoon,True,Sector 44,False,0.8209019717843338
18448608,The Saffron Plant Restaurant,True,Sector 44,False,0.7555013434001796
18387305,Zaika Tiffin Center,True,Sector 44,False,0.9212005146942917
18317511,#Urban Cafí©,True,Sector 45,True,0.2428614299286812
18472676,Baked! Cakes & Desserts,True,Sector 45,True,0.9581753827708315
18244257,Quick Grabs,True,Sector 45,True,0.3730499854103396
18228857,The Roll Van,True,Sector 45,True,0.6450898401176962
18456765,Balaji Restaurant & Sweets,True,Sector 45,False,0.9714896512920607
18317512,Baskin Robbins,True,Sector 45,False,0.4748304509166509
18432231,Baskin Robbins,True,Sector 45,False,0.8367227206258687
18486776,Chandu Chat Bhandar,True,Sector 45,False,0.9662369761172277
18432236,Foodies Park,True,Sector 45,False,0.8298173584486103
311706,Noida Cakes Online,True,Sector 47,True,0.9437969581424089
18410380,The Epicureans,True,Sector 47,True,0.819738023043304
18426112,Bhojanam4u,True,Sector 47,False,0.7623883323122245
18418205,Chocadoodledoo,True,Sector 47,False,0.8670384489611952
18352161,Chocolate Therapy by Nishi,True,Sector 47,False,0.8936754987697201
18234101,Cookie House,True,Sector 47,False,0.7618767256779765
312313,Adhikari Fast Food Corner,True,Sector 48,True,0.5180300859934596
18339329,Amrit's Agni Multi Cuisine Restaurant,True,Sector 48,True,0.43410777696666425
304818,Punjabi Chaska,True,Sector 48,True,0.3396322945892639
18303838,The Choco Shop,True,Sector 48,True,0.45720614659724157
310724,The Taste,True,Sector 48,True,0.38990569457971047
310753,Tibb's Frankie,True,Sector 48,True,0.2260330947392033
18435295,Amazing Burgers,True,Sector 48,False,0.4586361981077697
18281160,Kitchen Express,True,Sector 48,False,0.6147006330172752
309155,Domino's Pizza,True,Sector 48,True,0.2979074659325013
18289230,Public Cafe,True,Sector 48,True,0.1206774821223684
18277218,Chocopur,True,Sector 49,True,0.676803501683797
18133492,Sweta Restaurant,True,Sector 49,True,0.4871085217658724
18332086,Flames of Tandoor,True,Sector 49,True,0.24946075674410872
18419113,Shaivi's Kitchen,True,Sector 49,False,0.5766703768840848
18203626,Kuppies,True,Sector 5,True,0.6236305426823852
312978,The Urban Chulha,True,Sector 5,True,0.3106370195533026
18451091,Goyal Chhole Kulche Wala,True,Sector 5,False,0.7184549089480632
304727,Cafe Coffee Day,True,Sector 50,True,0.45373353061664423
3679,Choco House,True,Sector 50,True,0.5632168259463758
306023,DCK- Dana Choga's Kitchen,True,Sector 50,True,0.05429292496860216
18378765,Fresh and Fit Ghar Ka Khana,True,Sector 50,True,0.3775073402033081
18014129,Hungry Ullu,True,Sector 50,True,0.13261301127100078
301081,Khidmat,True,Sector 50,True,0.04268622834749436
2971,Lahori Restaurant,True,Sector 50,True,0.23981729056031043
302406,New Chinese Chilli Sizzler,True,Sector 50,True,0.5541316771355143
18254253,Nirmala's,True,Sector 50,True,0.17397101243994828
18138435,Prime Bakery,True,Sector 50,True,0.518179835654679
5684,Royal Empire Meat Shop,True,Sector 50,True,0.4749378369205792
1745,Southern Treat,True,Sector 50,True,0.10930401921007682
3707,Subway,True,Sector 50,True,0.12212990948566504
18371395,The Chickmunks Cafí©,True,Sector 50,True,0.021945767394426552
310766,The FLIP Cafe,True,Sector 50,True,0.02769186430427495
2939,Yo! China,True,Sector 50,True,0.06026447578512906
1919,Gopala,True,Sector 50,True,0.4289855043408841
9313,R.I.P Cafe & Lounge,True,Sector 50,True,0.10672508913996115
18470627,Big Biryani,True,Sector 50,False,0.7636091836108075
18273432,Cupcakes & More,True,Sector 50,False,0.5574817986292486
18163927,Heavens Food Xprs,True,Sector 50,False,0.25526204953081555
18373828,Parul's Cooking Hub,True,Sector 50,False,0.5572692785804849
18252364,Republic of Chicken,True,Sector 50,False,0.45603253943518673
18376068,Somethings Sweet,True,Sector 50,False,0.5990335276031697
308725,Chawla's_,True,Sector 50,True,0.025742313589925403
385,Domino's Pizza,True,Sector 50,True,0.23502936222427695
18432227,Nazeer Foods,True,Sector 50,True,0.07081316340152011
308441,Night Food Xprs,True,Sector 50,True,0.06585149832605908
2327,Pizza Hut Delivery,True,Sector 50,True,0.036173032447080256
313045,The Caspian,True,Sector 50,True,0.03170768154483783
309818,The Noodle Box Co.,True,Sector 50,True,0.18439899703294305
311341,WTF - World's Tastiest Food,True,Sector 50,True,0.07854090176829998
18398605,Biryani By Kilo,True,Sector 50,True,0.07007627949069517
18383531,Kalpak Restaurant & Cafe,True,Sector 50,True,0.038061900130282544
306167,Theos,True,Sector 50,True,0.19425710441948862
308059,Aamantran Bangla,True,Sector 51,True,0.7574648708284162
18489511,Chung-Fu,True,Sector 51,True,0.9712549072963341
18388008,Paco Meals,True,Sector 51,True,0.8353020807253159
18255153,Reena Restaurant,True,Sector 51,True,0.724327733909858
313164,Sanskriti Foods,True,Sector 51,True,0.31169859748888373
18432195,Biryani Vice,True,Sector 51,True,0.3817574766812448
18261811,Dietwholic,True,Sector 51,True,0.22264378183124756
18377891,Goldenplates,True,Sector 51,True,0.579005028647523
18273047,Mishti's Kitchen,True,Sector 51,True,0.47097094630905556
18261720,Shahenshah,True,Sector 51,True,0.21240039906485464
18435293,Ayush Chicken Point,True,Sector 51,False,0.7941797669521395
18480748,Baby Got Bacon,True,Sector 51,False,0.92623884043267
18480216,Better Butter Chicken,True,Sector 51,False,0.9571225199342595
18478977,Black Pepper,True,Sector 51,False,0.8369045425899788
18500639,Chandni Chowk 2 China,True,Sector 51,False,0.9563434575105355
18357573,Choco N Lush,True,Sector 51,False,0.7370389055779036
18435297,Friend's Restaurant,True,Sector 51,False,0.7718684664747077
18322688,Ghar Ka Khana,True,Sector 51,False,0.8631471437087237
18383521,Ghar Ka Swad,True,Sector 51,False,0.857659210328531
18337906,Kake Da Dhaba,True,Sector 51,False,0.95943429237114
18351422,Knight Kitchens,True,Sector 51,False,0.7975572401562359
18353796,Lucknow Heritage,True,Sector 51,False,0.9207175874223363
18495875,Momos Box,True,Sector 51,False,0.9060816598497138
18480321,Raging Bull - The Spicy Punch,True,Sector 51,False,0.9399385859475969
18332475,Second Home,True,Sector 51,False,0.6362593171031132
18439522,The Big Buddha Grill,True,Sector 51,False,0.29286751557829593
18481291,Whatslife.in,True,Sector 51,False,0.1967017464304136
1498,Slice of Italy,True,Sector 51,True,0.23963264152158903
18258491,Bebbe Da Degh,True,Sector 52,True,0.8149786611944598
304484,Chauhan Hotel,True,Sector 52,True,0.9075508846526031
18477658,52 Food Express,True,Sector 52,False,0.7734276721566682
18368602,Delicious Treasure,True,Sector 52,False,0.8305619741983401
18435807,Shiv Murti Hotel,True,Sector 52,False,0.8883525964574137
18287399,Kaka Ji Restaurant,True,Sector 53,True,0.4411807808886161
309873,Lazzez's,True,Sector 53,True,0.5138831519290721
310170,Mithaas Sweets,True,Sector 53,True,0.20246534055132703
8497,Mithaas,True,Sector 53,True,0.20378951725198702
312184,Tandoori Corner,True,Sector 53,True,0.34369601153971185
18082207,Culinate,True,Sector 53,True,0.12500896061626632
18144457,Haaochi,True,Sector 53,True,0.4186037240447499
18346998,Bake Walkers,True,Sector 53,False,0.761366320583572
18435308,Chacha Food Street,True,Sector 53,False,0.8120602889584009
18291227,DudeFood,True,Sector 53,False,0.8524785736136654
18435795,Indian Special Hot Momos,True,Sector 53,False,0.9278139127622937
18383031,Kesarwa Bakez,True,Sector 53,False,0.34450880724792454
304750,Om Bikaner Sweets,True,Sector 53,False,0.8876211026222295
18435790,Sadda Adda 2 Cafe & Lounge,True,Sector 53,False,0.8546228168129723
18244407,The Backyard Chef,True,Sector 53,False,0.9230748411006311
18428215,Veer Jee,True,Sector 53,False,0.8717138953518174
18382356,VP ki Kitchen,True,Sector 53,False,0.7181138348570808
307841,Flying Cakes,True,Sector 53,True,0.6050341392665368
18157407,Taste In Box,True,Sector 53,True,0.3162676291008826
8068,Snacks Point,True,Sector 55,True,0.9768320981673612
18435313,Sector 55 China Town,True,Sector 55,False,0.4594660325035903
18249124,B Tamang Chineese,True,Sector 56,True,0.8438513209160199
302502,Foodelicious,True,Sector 56,True,0.16187776526501207
313329,The Cake Masters,True,Sector 56,True,0.24492611525415509
18126119,Food Hut,True,Sector 56,False,0.8169120444924297
18435805,South Indian Snacks Stall,True,Sector 56,False,0.8388842525326967
18409196,Twenty Four Seven,True,Sector 57,False,0.2917502107291041
501,Barista,True,Sector 58,True,0.8167592459442311
510,Barista,True,Sector 58,True,0.7848774056807963
18418274,The Gourmet Shack,True,Sector 58,True,0.4262772067954429
5746,"Vanshika Indian, Chinese, & Parantha Corner",True,Sector 58,True,0.8924278031337763
18215963,Yes Bosz Food Plaza,True,Sector 58,True,0.5707958896366223
18432232,A1 Restaurant,True,Sector 58,False,0.8849543569774887
304487,Aggarwal Sweets India,True,Sector 58,False,0.8699319235060179
18433909,Chaska Food Hut,True,Sector 58,False,0.7973156001024886
8096,Hasty Tasty Fast Food,True,Sector 58,False,0.7892073153001348
18459896,Pihu's Cafe,True,Sector 58,False,0.9628343054547295
5702,Sanjay Pandit Bhojnalaya,True,Sector 58,False,0.9093951124161808
304502,Sharma Hotel,True,Sector 58,False,0.8972566885699292
18432196,Shri G,True,Sector 58,False,0.9294221317626069
18414468,Nite Bites,True,Sector 59,True,0.10283480140500045
8090,Shankar Fast Food,True,Sector 59,True,0.7796527676596556
8092,Shivam Fast Food,True,Sector 59,True,0.7538528801905693
18391140,Yumbo Bites,True,Sector 59,True,0.7896891901956662
312935,Essen Foods,True,Sector 59,False,0.3375440182965802
18313786,L'amore,True,Sector 59,False,0.6242458673414013
18432223,SPL Food Corner,True,Sector 59,False,0.70606909410349
8077,Shree Ganesh M Cafe,True,Sector 6,True,0.6835536318680184
8089,Chauhan Fast Food,True,Sector 60,False,0.9643496289452069
18368771,Right for Night,True,Sector 60,False,0.9962755522832039
18481296,Whatslife.in,True,Sector 60,False,0.7316003465876564
18128894,BakeAffair,True,Sector 61,True,0.9720384460020313
18451823,Mirchievous,True,Sector 61,True,0.3294742405738035
18469955,Cafe Coffee Day,True,Sector 61,False,0.9308330627727178
18466392,Dev Food,True,Sector 61,False,0.9147099183375808
310755,Green Vally Chiiness Food,True,Sector 61,False,0.8354387539940141
312186,221 B Baker Street,True,Sector 62,True,0.28824287628427137
4469,Binge Restaurant,True,Sector 62,True,0.2590621586453301
18423860,Boxmeal,True,Sector 62,True,0.6604621434889129
307335,Brown Town,True,Sector 62,True,0.7070305346273775
5698,Cafe Coffee Day,True,Sector 62,True,0.6494070530770479
8130,Cafe Coffee Day,True,Sector 62,True,0.6846892500095236
311533,Cafe Green Apple,True,Sector 62,True,0.6147706549222407
18268502,Cake Mandi,True,Sector 62,True,0.5288450800471014
18285723,Chai Thela,True,Sector 62,True,0.6938013419412343
308751,Chinese Chilli Sizzler,True,Sector 62,True,0.7500187502728295
18273567,Delhi Biryani Hut,True,Sector 62,True,0.6617855298856599
3753,Dev's Restaurant & Bar,True,Sector 62,True,0.07688521285463878
18258503,Doggy Style,True,Sector 62,True,0.1662513247025823
1844,Domino's Pizza,True,Sector 62,True,0.4192891326554541
313305,Floating Cakes,True,Sector 62,True,0.9342092147918455
18281981,Food Brigade,True,Sector 62,True,0.5369776913017101
308718,Frequent Bakes,True,Sector 62,True,0.22336871836370686
18423098,GreeNox,True,Sector 62,True,0.2806084648147106
18435329,GVP Creations,True,Sector 62,True,0.7496200602137839
18367978,Health Buzzz,True,Sector 62,True,0.24178554266851027
5777,Hot & Spicy,True,Sector 62,True,0.6963713237702627
18396437,Malabar Junction,True,Sector 62,True,0.3904691560123147
18224549,Masters Caterer,True,Sector 62,True,0.6847957857593373
8138,Meeting Point Corner,True,Sector 62,True,0.7981460654068309
18281973,Mithaas Sweets,True,Sector 62,True,0.057385348833080774
18391059,Mom's Canteen,True,Sector 62,True,0.9452812796397849
313049,MS Foods,True,Sector 62,True,0.7780947340676674
313250,Oh Buoy,True,Sector 62,True,0.610489065860788
313358,Old Tehrii Cafe & Lounge,True,Sector 62,True,0.19406264191400702
18358191,Pichli Gali,True,Sector 62,True,0.5977927661601911
5696,Pizza Hut,True,Sector 62,True,0.07339562250413034
18252359,Rasoi99,True,Sector 62,True,0.19285429543360122
4483,Republic of Chicken,True,Sector 62,True,0.594058087857254
5776,Republic's @ Dhaba,True,Sector 62,True,0.5724715673728478
8767,Rolling Beans,True,Sector 62,True,0.2948032056550882
311622,Rollmaal,True,Sector 62,True,0.09883052672210035
308758,Subway,True,Sector 62,True,0.059375948673260015
303996,Swad,True,Sector 62,True,0.38223101018288685
18128867,The Chaiwalas,True,Sector 62,True,0.9132239015137971
18160567,The Hunger Cure,True,Sector 62,True,0.5801068419844833
18128892,World Bites,True,Sector 62,True,0.1442684428474741
18380262,BunkYard Cafe,True,Sector 62,True,0.6923459722538865
307703,Chaayos,True,Sector 62,True,0.22758867600161392
302308,RollsKing,True,Sector 62,True,0.6747177358285513
3939,Sandwich King,True,Sector 62,True,0.1988676339771399
311656,Speedy Chow,True,Sector 62,True,0.10488460614926354
304441,Aggarwal Bikaneri Sweets & Restaurant,True,Sector 62,False,0.7026148377021951
18344518,Al-Aayat Mughlai Biryani,True,Sector 62,False,0.7727610784661781
304439,Baba Chinese Fast Food,True,Sector 62,False,0.7839594871945623
18312485,Cafe Coffee Day,True,Sector 62,False,0.6588374960931644
312188,Cafe Rap,True,Sector 62,False,0.7675256489622782
18424577,Chinese Fast Food Corner,True,Sector 62,False,0.7660597950435882
312192,Chinese Food Corner,True,Sector 62,False,0.9117345135828197
18424631,Chinese Hot,True,Sector 62,False,0.6725381006079161
18474221,Dial a Cake,True,Sector 62,False,0.9024252477991995
18268694,Doon Dhaba,True,Sector 62,False,0.6604621434889129
18381667,Food Weavers,True,Sector 62,False,0.6744627041057769
18424598,Green Chick Chop,True,Sector 62,False,0.5247938369018087
18423900,Hookie Dookie,True,Sector 62,False,0.6049533287941482
18347548,Hotel Green View Palace,True,Sector 62,False,0.48688369719202496
18281813,Hurry Curry Express,True,Sector 62,False,0.39780553024024057
18423896,Kesarwa Bakez,True,Sector 62,False,0.19831521596608703
18423139,Let's Noodle,True,Sector 62,False,0.7304193354274927
308717,New Dragon Chinese Fast Food  & Paranthey Wala,True,Sector 62,False,0.7500187502728295
310775,New Shahi Chinese Fast Food,True,Sector 62,False,0.7818668915480289
18274402,Night Food Delivery,True,Sector 62,False,0.1049500391318745
18382349,Rajwana Foods,True,Sector 62,False,0.6571708105419974
18423877,Shama Chicken Corner,True,Sector 62,False,0.6252199732738413
18424206,Shiva Shudh Shakahari Bhojnalaya,True,Sector 62,False,0.7973752045741779
18424195,Shri Balaji Shudh Vaishno Dhaba,True,Sector 62,False,0.7902473568922752
310770,Southern Santushti Cafe,True,Sector 62,False,0.7522269843523528
18424588,Tiffin Man House,True,Sector 62,False,0.772340769036208
18356798,WOW Zaika,True,Sector 62,False,0.9416065564389718
304480,Grand Eatery,True,Sector 62,True,0.07878766483673294
4758,Nathu's Sweets,True,Sector 62,True,0.12691679543062928
7909,Subway,True,Sector 62,True,0.04118832659398086
18391137,Chick Chicken Barbeque,True,Sector 63,True,0.6050322573556245
312428,Tiwari Hot Pot,True,Sector 63,True,0.6642360339241513
18448390,Chaiwaalas,True,Sector 63,False,0.9867261190182668
18462716,Delhi Mughlai Biryani,True,Sector 63,False,0.9586942307857792
18492089,Dumpty's,True,Sector 63,False,0.947906380403376
18424868,Food Passengers,True,Sector 63,False,0.9933732181071391
18415381,Hungry Buddies,True,Sector 63,False,0.9511125539596341
18492086,Maa Durga Food Corner,True,Sector 63,False,0.9544581405591184
18378580,Subhoj,True,Sector 63,False,0.97977923092994
18460908,The Square Meal,True,Sector 63,False,0.9299519643467237
18409211,Twenty Four Seven,True,Sector 63,False,0.9819885324464673
18478895,Yeoh,True,Sector 63,False,0.9481070863897739
18258764,South King Restaurant,True,Sector 65,True,0.8985499484172792
18382564,Twomato Foods,True,Sector 65,True,0.6188788485866901
18378040,Lazeez Foods,True,Sector 65,False,0.8475228739239028
18382348,Spicy Punjabi Tadka,True,Sector 65,False,0.8249475405666647
18216323,SPL Foods Plaza,True,Sector 65,False,0.752335790067711
312240,Super Cake Shop,True,Sector 65,False,0.5281698996142998
18224558,Bats On Delivery,True,Sector 7,True,0.0528914518359489
6170,Legacy of Awadh,True,Sector 7,True,0.06433576187165913
18478533,Sweetcake.in,True,Sector 7,False,0.7808149600095986
18439012,Hurry Curry,True,Sector 71,True,0.9629609805102021
18421059,Thaaliwaalaa.com,True,Sector 71,True,0.9494160656553609
18490967, Let's Burrrp,True,Sector 71,False,0.9587973035317496
18491387,Annapurna Caterings,True,Sector 71,False,0.9858951718901031
18388148,Beyond Food,True,Sector 71,False,0.8945085328169721
313103,Brown Town,True,Sector 71,False,0.9345683438255374
18439544,Royal Spice,True,Sector 71,False,0.8276819391342746
18439541,Bikaner's,True,Sector 72,True,0.7720992538132609
18335834,Chilli Zone,True,Sector 72,True,0.7558471844863801
18383468,Cold Rock Cafe,True,Sector 72,True,0.730338494613875
18351053,Cup and Cones,True,Sector 72,True,0.5943220665975064
18411585,Desi Spice,True,Sector 72,True,0.38974328722788776
18382362,Food Destination,True,Sector 72,True,0.902612570349928
18163938,Gangaur Sweets,True,Sector 72,True,0.22098504948009712
312316,Handi,True,Sector 72,True,0.8145269175606418
18424201,Hungry Inn,True,Sector 72,True,0.6650582480457035
18429391,Keventers,True,Sector 72,True,0.8797671720234225
18126089,La-Cuisine,True,Sector 72,True,0.776181014188476
18337921,Melting Flavours,True,Sector 72,True,0.46605850061601306
18462972,Mighty Mughlai,True,Sector 72,True,0.7223555074208805
18014154,Mithaas,True,Sector 72,True,0.5105125714178629
18383462,Mood 4 Food,True,Sector 72,True,0.8664892898783559
18435296,Northern Bytes,True,Sector 72,True,0.7481103010712907
18416867,Shahenshah,True,Sector 72,True,0.6652569465188818
18383535,Sugar Daddy Bakers,True,Sector 72,True,0.6513152561106371
18418649,Swag Sadda Desi,True,Sector 72,True,0.8834484894012022
18313143,The Chinese Hut,True,Sector 72,True,0.7974945537913625
18332053,Wild Chef House,True,Sector 72,True,0.3162122814710143
18365588,Grub Patio,True,Sector 72,True,0.2662086963144292
18423131,The Grill @ 76,True,Sector 72,True,0.2453185734970622
18418250,Zooby's Kitchen,True,Sector 72,True,0.47497581544078715
18439523,4U,True,Sector 72,False,0.8001042073449849
18471723,Aadhya Bakery & Foods,True,Sector 72,False,0.8747576920894519
18430582,Bake Walkers,True,Sector 72,False,0.8514851768980085
18451827,Bean Machine & Co.,True,Sector 72,False,0.7282449723773119
18439527,Big B Pastry Shop,True,Sector 72,False,0.8484968319300006
18313605,Breadman Cake Shop,True,Sector 72,False,0.9066744614786946
18372662,Breaky2Dinner,True,Sector 72,False,0.7577080321907259
18435336,Brijwasi Sweets,True,Sector 72,False,0.8721891949292715
18418232,Cafe Hot Pot,True,Sector 72,False,0.9127712472911047
18433873,Chef's Curry,True,Sector 72,False,0.6856347899709285
18383464,Dilli Bakery,True,Sector 72,False,0.8332652712670598
18354978,Domino's Pizza,True,Sector 72,False,0.6771868448873621
18469970,Dove And Mouse,True,Sector 72,False,0.7437121932645163
18441651,Food Cabana,True,Sector 72,False,0.9693171274880469
18415977,Frozen Grillz,True,Sector 72,False,0.7679235836208189
18439532,Ganesh Chinese Food Corner,True,Sector 72,False,0.8832463355000455
18435288,Green Chick Chop,True,Sector 72,False,0.7191516887939748
18383483,Handi Mitran Di,True,Sector 72,False,0.30547358440415917
18442657,Hunger Tales,True,Sector 72,False,0.6873496284444183
18435824,Hydrabad Biryani Express,True,Sector 72,False,0.9017674779317065
18456271,Ice Stone Cafe,True,Sector 72,False,0.9750651144576628
18394367,Kake Da Dhaba,True,Sector 72,False,0.9701672997000998
18439529,Lucknow Wale Kwality Kabab,True,Sector 72,False,0.7783353291938732
18435797,Mairu's,True,Sector 72,False,0.7662068418269362
18435321,Meatwale.com,True,Sector 72,False,0.8076761055077513
18494319,Mr. Biryani Walia,True,Sector 72,False,0.9773492792865028
18383458,N E Great Foods,True,Sector 72,False,0.8816279672796243
18352676,New Punjabi Tadka,True,Sector 72,False,0.8665099962567453
18468948,Royal King,True,Sector 72,False,0.6272479294574684
18499472,The Dhaba,True,Sector 72,False,0.8567808976536543
18396341,Tikka Express meets Chennai Express,True,Sector 72,False,0.8315631191437829
18431190,Vyanjan,True,Sector 72,False,0.8898483389508988
18431976,Yolkers,True,Sector 72,False,0.9065334854217786
18466993,Zaika Kathi Rolls,True,Sector 72,False,0.8689505253426288
18472450,Zaika of Dilli 6,True,Sector 72,False,0.6681462432983891
18383503,Bikaner's,True,Sector 72,True,0.39307492825063184
311334,Chawla's 2,True,Sector 72,True,0.16372066396516016
18308083,Ginnis Oven,True,Sector 8,True,0.8993889046997231
310240,Cream Bell,True,Sector 8,False,0.4600094065188499
18206836,Whomely,True,Sector 83,True,0.6974219334290759
18376500,Breaktym,True,Sector 93,True,0.2256382923831839
308877,Chinese Chilli Seasonal,True,Sector 93,True,0.7885029385069646
311768,Gopala,True,Sector 93,True,0.5876519097456192
18423127,Hungry's Hut,True,Sector 93,True,0.5788825720892945
300550,Kebabplus,True,Sector 93,True,0.21496142462540235
18337891,Oh Buoy - Flying Fox,True,Sector 93,True,0.5788825720892945
9724,Punjabi Pakwaan,True,Sector 93,True,0.08032424550028039
312558,The Dessert Table Company,True,Sector 93,True,0.5620978614541647
312777,The Roll Van,True,Sector 93,True,0.42266760324859554
1495,Kitchen Mantra,True,Sector 93,True,0.15175850596784313
18258469,Wabi Sabi,True,Sector 93,True,0.3001216884744753
18440423,Baskin Robbins,True,Sector 93,False,0.6773093999278673
18385532,Choicest Cakes,True,Sector 93,False,0.7871347272735633
18349808,Midnight Foodies,True,Sector 93,False,0.8635957231649565
18440409,Om Sweets Caterers & Bakery,True,Sector 93,False,0.6899505607145615
18271099,Spicy Affair,True,Sector 93,False,0.784509890260621
311701,The Bakery Mart,True,Sector 93,False,0.655780525712481
302925,Southern Flavours,True,Sector 93,True,0.735344871320153
18385889,Cakebak,True,"Shopprix Mall, Sector 61, Noida",True,0.9747933492542973
18371420,Fire n Ice,True,"Shopprix Mall, Sector 61, Noida",False,0.027785635796884645
308737,Adarsh Kulfi,True,"Spice World Mall, Sector 25",True,0.7662798264611244
309693,Andaaz E Paranthas,True,"Spice World Mall, Sector 25",True,0.6524922366990811
312241,Hot Fries,True,"Spice World Mall, Sector 25",True,0.8326558199197778
390,Pizza Hut,True,"Spice World Mall, Sector 25",True,0.22793477703641807
447,Rasoi E Punjab,True,"Spice World Mall, Sector 25",True,0.54306229749763
4482,Subway,True,"Spice World Mall, Sector 25",True,0.06184491203836906
550,Haldiram's,True,"Spice World Mall, Sector 25",True,0.12041622224024473
303152,Legends Barbeques,True,"Spice World Mall, Sector 25",True,0.18913724604707893
18486858,6 Packs Momos,True,"Spice World Mall, Sector 25",False,0.6898729808765229
18499455,Balti,True,"Spice World Mall, Sector 25",False,0.9368383224066047
18466970,Baskin Robbins,True,"Spice World Mall, Sector 25",False,0.7882867217905001
18431193,KBC_,True,"Spice World Mall, Sector 25",False,0.4346664219047659
18258397,Nukkad Bites,True,"Spice World Mall, Sector 25",False,0.3701636168730347
18431981,Pan Asian Noodles,True,"Spice World Mall, Sector 25",False,0.5506811394516662
3212,Chicane,True,"Spice World Mall, Sector 25",True,0.1918808935157793
8012,US Pizza,True,"Spice World Mall, Sector 25",True,0.23336602983056032
312187,Angeethi Se,True,"Supertech Shopprix Mall, Sector 61",True,0.08852469150131115
523,Barista,True,"Supertech Shopprix Mall, Sector 61",True,0.3534157026856617
2480,BK's The Juice Bar,True,"Supertech Shopprix Mall, Sector 61",True,0.3771206020302095
1733,Eden Kitchen & Bar,True,"Supertech Shopprix Mall, Sector 61",True,0.017234627220583998
307145,Moti Mahal Delux Tandoori Trail,True,"Supertech Shopprix Mall, Sector 61",True,0.008241471832211245
1727,New Woks,True,"Supertech Shopprix Mall, Sector 61",True,0.04911412415400296
828,Otik Hotshop,True,"Supertech Shopprix Mall, Sector 61",True,0.08243316337874496
393,Pizza Hut,True,"Supertech Shopprix Mall, Sector 61",True,0.02300959450728357
1722,Punjabi Dhaba 61,True,"Supertech Shopprix Mall, Sector 61",True,0.03239171079861247
2483,Punjabi Pakwaan,True,"Supertech Shopprix Mall, Sector 61",True,0.028710803772408644
1726,Spice of India,True,"Supertech Shopprix Mall, Sector 61",True,0.09512259390649114
304934,Swaad,True,"Supertech Shopprix Mall, Sector 61",True,0.08852469150131115
305961,Yumm Biryani,True,"Supertech Shopprix Mall, Sector 61",True,0.06499520805260617
308578,Otik Cake Shop,True,"Supertech Shopprix Mall, Sector 61",True,0.03898185408423571
308750,Adarsh Kulfi,True,"Supertech Shopprix Mall, Sector 61",False,0.43722286276539346
309971,Pizza Junction,True,"Supertech Shopprix Mall, Sector 61",False,0.25569074915638845
386,Domino's Pizza,True,"Supertech Shopprix Mall, Sector 61",True,0.20865959717289784
428,Sagar Ratna,True,"Supertech Shopprix Mall, Sector 61",True,0.04235208946368352
18070483,Subway,True,"Supertech Shopprix Mall, Sector 61",True,0.02307599663794946
7869,Barista,True,"The Great India Place, Sector 38",True,0.2505163733029555
5610,Bikano Chat Cafe,True,"The Great India Place, Sector 38",True,0.03307575611747893
304103,Cafe Coffee Day,True,"The Great India Place, Sector 38",True,0.3676850876757979
5598,Cafe Coffee Day,True,"The Great India Place, Sector 38",True,0.3691179114224401
18233617,Chaayos,True,"The Great India Place, Sector 38",True,0.06501458956155648
300955,Chopaal Marwari,True,"The Great India Place, Sector 38",True,0.2397957830214137
18017237,Dolce Gelato,True,"The Great India Place, Sector 38",True,0.20568082872738747
5619,Domino's Pizza,True,"The Great India Place, Sector 38",True,0.1850124103476829
2191,Gelato Vinto,True,"The Great India Place, Sector 38",True,0.28666580480633963
307447,Kebab Xpress,True,"The Great India Place, Sector 38",True,0.03500499701165927
7932,McDonald's,True,"The Great India Place, Sector 38",True,0.1834450975922357
1226,Pind Balluchi,True,"The Great India Place, Sector 38",True,0.028019610402160722
8888,Ristorante Prego,True,"The Great India Place, Sector 38",True,0.15749415383366472
4530,The Coffee Bean & Tea Leaf,True,"The Great India Place, Sector 38",True,0.2522908162463604
18400768,Turquoise Turkish Ice-cream,True,"The Great India Place, Sector 38",True,0.45422120741870253
409,Yo! China,True,"The Great India Place, Sector 38",True,0.03442438164969486
7939,Baskin Robbins,True,"The Great India Place, Sector 38",True,0.25764507040341345
18133480,Burger King,True,"The Great India Place, Sector 38",True,0.09871583801495476
791,Costa Coffee,True,"The Great India Place, Sector 38",True,0.24971493480734386
486,Crazy Noodles,True,"The Great India Place, Sector 38",True,0.013387945803695067
18208913,Jack Po!tato's,True,"The Great India Place, Sector 38",True,0.3972322645141293
3251,Mandarin Trail,True,"The Great India Place, Sector 38",True,0.14824559731916387
308774,Nazeer Foods,True,"The Great India Place, Sector 38",True,0.038120389209154615
394,Pizza Hut,True,"The Great India Place, Sector 38",True,0.0764868840990307
302421,Shree Rathnam,True,"The Great India Place, Sector 38",True,0.12756996223042927
1244,TGI Friday's,True,"The Great India Place, Sector 38",True,0.007232824033184704
5689,Thaal Vaadi,True,"The Great India Place, Sector 38",True,0.13776856464968168
18431152,Cafe' Wow,True,"The Great India Place, Sector 38",False,0.4524206794527421
18439721,Chef's Basket Pop Up Cafí©,True,"The Great India Place, Sector 38",False,0.7408713682188687
18431158,Chocolate Fountain,True,"The Great India Place, Sector 38",False,0.29355239151832646
18430892,McDonald's,True,"The Great India Place, Sector 38",False,0.19878259789853492
18430870,Tea Trails,True,"The Great India Place, Sector 38",False,0.16793986279111428
18428504,The Hangout-Deli,True,"The Great India Place, Sector 38",False,0.047559633481831454
2979,Chopaal,True,"The Great India Place, Sector 38",True,0.21612218087120627
3237,Club Ice Cube,True,"The Great India Place, Sector 38",True,0.030201934488696458
2025,Moti Mahal Delux Tandoori Trail,True,"The Great India Place, Sector 38",True,0.010112233268397275
3149,The Punjabiis Restro Bar,True,"The Great India Place, Sector 38",True,0.10134859746426383
18255134,Sky Grill,True,"Tulip Mall, Sector 48, Noida",True,0.7817845828781402
18277023,Bread & Pasta,True,"Tulip Mall, Sector 48, Noida",False,0.8886139046955343
18313203,Chillies Cafe,True,"Tulip Mall, Sector 48, Noida",False,0.8215564327991798
18254559,Platters,True,"Tulip Mall, Sector 48, Noida",False,0.7488798935043428
18255132,The Grand,True,"Tulip Mall, Sector 48, Noida",False,0.8431082094276896
120519,Hops n Grains,False,Sector 9,True,0.03159303013980064
4000344,Genuine Broaster Chicken,False,Anandpuri,True,0.012968850839752077
4000016,Bansi Vihar,False,Fraser Road Area,True,0.01709228306621069
4000277,Mainland China,False,Fraser Road Area,True,0.006500940455188786
18369321,Pukhtaan-The Royal Taste of India,False,Fraser Road Area,True,0.0037563787316320374
4000033,The Yellow Chilli,False,Fraser Road Area,True,0.0032992754973587557
18279982,Indian Summer Cafe,False,Golambar,True,0.0007271015306724582
4000004,KFC,False,Golambar,True,0.010999581231481148
4000269,McDonald's,False,Golambar,True,0.011758371058156358
4000027,Biryani Mahal,False,Golambar,True,0.01134536406523401
4000081,Spice Court - Hotel Maurya,False,"Hotel Maurya, Lodipur",True,0.004544726814156741
4000069,Angeethi,False,Khajpura,True,0.002675610312554144
4000294,Red Chilli,False,Khajpura,True,0.005413667691614554
4000001,Pind Balluchi,False,Lodipur,True,0.004088230275963611
4000030,Raj Rasoi,False,Lodipur,True,0.005269066313132509
4000018,Kapil Dev's Eleven,False,Lodipur,True,0.004260651583724684
4000222,Sri Basant Vihar,False,"Maurya Lok, Fraser Road Area",True,0.033456302595296195
4000031,17 Degrees,False,Patliputra Colony,True,0.008504384312640667
4000015,Nirvana,False,Sri Krishnapuri,True,0.011141154912584383
4000007,Roti Restaurant,False,Sri Krishnapuri,True,0.0064077399432770354
18343124,Swaaddesh,False,Sri Krishnapuri,True,0.010283397925811455
3700010,Auroville Bakery,False,Auroville,True,0.03088695747617265
3700009,Tanto Pizzeria,False,Auroville,True,0.0034663403335593035
18427467,The Smoothie Bar,False,Heritage Town,True,0.021665101618597138
3700024,Le Club,False,"Hotel De Pondicherry, White Town",True,0.006951554540766791
3700056,Cafe Ole,False,MG Road,True,0.03914439833675021
3700408,Italize,False,MG Road,True,0.04743066456098988
3700017,The Pasta Bar Veneto,False,MG Road,True,0.08688408771791423
3700050,Baker Street,False,MG Road,True,0.07534130661406213
3700041,Zuka Choco-la,False,MG Road,True,0.10938569588637204
3700387,Bay of Buddha -  The Promenade,False,"The Promenade, White Town",True,0.0004807491567471178
3700036,Blueline - The Promenade,False,"The Promenade, White Town",True,0.001277748514564414
3700049,Villa Shanti,False,"Villa Shanti, White Town",True,0.01414427882591407
3700069,Le Cafe,False,White Town,True,0.015048697872874328
3700160,Spice Route,False,White Town,True,0.0015133379263855273
18378803,#Dilliwaala6,False,White Town,True,0.01052712268157563
3700051,Cafe des Arts,False,White Town,True,0.00892135490765622
3700037,Le Dupleix,False,White Town,True,0.0018114868820787722
3700019,Rendezvous Cafe Restaurant,False,White Town,True,0.0015549185322044634
3700021,The Indian Kaffe Express,False,White Town,True,0.00892135490765622
3700561,Gelateria Montecatini Terme,False,White Town,True,0.02427777458083813
6508323,The Urban Foundry,False,"Balewadi High Street, Balewadi",True,0.012772317259569399
18383095,Teddy Boy,False,Baner,True,0.0020428271162193923
18378852,Effingut Brewerkz,False,Baner,True,0.00017375130289509766
13231,Le Plaisir,False,Deccan Gymkhana,True,0.016622681366730063
18354483,Farzi Cafe,False,Kalyani Nagar,True,0.0058615808045672235
18383076,Mineority By Saby,False,Kalyani Nagar,True,0.002243140253873288
6505309,The Little Next Door,False,Kalyani Nagar,True,0.0016688300583262983
6504409,Effingut Brewerkz,False,Koregaon Park,True,0.00023098741097338227
18350020,Kargo,False,Koregaon Park,True,0.0015173387366456126
6508117,Sautí©ed Stories,False,Koregaon Park,True,0.0012239843123821315
18417624,The Sassy Spoon,False,Koregaon Park,True,0.0005468310859019221
6505564,German Bakery Wunderbar,False,Law College Road,True,0.010407151297202266
11371,Chili's,False,"Phoenix Market City, Viman Nagar",True,0.0009005487948056112
11807,Barbeque Nation,False,"R Deccan Mall, JM Road",True,0.010970446476834539
18292672,Blue Water,False,Ravet,True,0.0014944287059400763
6507461,Agent Jack's Bar,False,Senapati Bapat Road,True,0.0067605502731354905
6507967,Tales & Spirits,False,Senapati Bapat Road,True,0.0022899506355263943
6506206,18 Degrees Resto Lounge,False,"Spot 18 Mall, Pimple Saudagar",True,0.0008484030993266556
6507495,Apache,False,Viman Nagar,True,0.016716790305102203
18441490,Barbeque Ville,False,Wakad,True,0.013303551309591377
2700001,Hot Lips,False,Gandhi Nagar,True,0.016093970573668015
2700223,The Kav's,False,Harmu,True,0.011569821331660957
2700263,Prana,False,Harmu,True,0.002305257147969364
2700024,Kathi Kabab,False,Hindpiri,True,0.05482681428142533
2700010,Yo China Restaurant,False,Hindpiri,True,0.048288689327412815
2700007,Kaveri Restaurant And Caterers,False,Hindpiri,True,0.016763579259238548
2700019,Yellow Sapphire,False,"Hotel Capitol Hill, Hindpiri",True,0.009880305159691072
2700002,Moti Mahal Delux Tandoori Trail,False,Kadru,True,0.014612626276075846
2700008,Jungli Moon Dance Restaurant,False,Kanka,True,0.0064077399432770354
2700044,KFC,False,Kanka,True,0.013289025483858241
2700059,Punjab Sweet House,False,Kanka,True,0.028526240611550735
2700242,Food Belle,False,Lalpur,True,0.011141154912584383
2700085,Kaveri Restaurant And Caterers,False,Lalpur,True,0.005975191063061658
2700241,OMG Cafe,False,Lalpur,True,0.002738774374062003
18388053,The Best,False,Lalpur,True,0.011569821331660957
2700011,7th Heaven,False,Lalpur,True,0.012322412514198078
2700082,The Urban Brava,False,Lalpur,True,0.003977343848990622
2700032,Waterfront - Radisson Blu,False,"Radisson Blu, Hindpiri",True,0.008931599332512308
2700049,Pizza Hut,False,"Spring City Mall, Doranda",True,0.030362208339585472
2700036,Aroma - The Royal Retreat,False,"The Royal Retreat, Bariatu",True,0.01299796680671228
96814,Saffron Mantra,False,Karkhana,True,0.003945129015401894
90499,Coffee Cup,False,Sainikpuri,True,0.019749402468293153
3800319,Level 5 - Terrace Restro & Cafe,False,Adajan Gam,True,0.0029712876692310486
3800021,Wok On Fire,False,Adajan Gam,True,0.003124119645964152
18396610,Thalaivaa,False,Adajan Gam,True,0.017715824973489225
3800053,World Platter,False,Athwa,True,0.0015152977830544812
3800052,Golden Dragon,False,Athwa,True,0.00817501022426348
3800078,Mysore Cafe,False,Athwa,True,0.020054215698181443
3800022,Coffee Culture - The Ristorante Lounge,False,City Light,True,0.011168002498207041
3800238,Falafel Lovers,False,City Light,True,0.010178994775723926
3800003,The Centre Court,False,City Light,True,0.0024167639593791757
3800020,Wok On Fire,False,"Golden Square, City Light",True,0.008338441666148944
3800000,Leonardo Italian Mediterranean Dining,False,"International Business Center, Piplod",True,0.010407151297202266
3800002,Kansar Gujarati Thali,False,Nanpura,True,0.038486167253269365
18362165,The Haus,False,Piplod,True,0.009448630906401134
3800252,Black Pepper,False,Piplod,True,0.00442797601545164
3800018,Pizza Hut,False,Piplod,True,0.006364293068855664
3800016,The Sizzling Salsa,False,Piplod,True,0.0010679524319203715
18439181,Global Local,False,Vesu,True,0.0056047775055527715
3800477,The Creamery,False,Vesu,True,0.014964242757915636
18367402,The Food Lab,False,Vesu,True,0.0031381709871732832
3800437,The Hog Spot,False,Vesu,True,0.002787930051334264
3200090,22nd Parallel,False,Alkapuri,True,0.015029829167402253
3200440,Kabir Kitchen,False,Alkapuri,True,0.010283397925811455
18295781,Kaphi Pibama,False,Alkapuri,True,0.004243549554835968
3200265,VarieTea,False,Alkapuri,True,0.009448630906401134
3200012,Barbeque Nation,False,Alkapuri,True,0.002683182445957555
3200005,Little Italy,False,Alkapuri,True,0.006121069695525505
18275708,Meraki,False,Alkapuri,True,0.00293099525784124
3200021,That Place,False,Alkapuri,True,0.0022227177168430146
3200584,Wok On Fire,False,Diwalipura,True,0.0067918142005990445
3200015,Mandap - Hotel Express Towers,False,"Hotel Express Towers, Alkapuri",True,0.04598379736584579
3200032,Offside Lounge,False,"M Cube Mall, Vadiwadi",True,0.007865807450004536
3200002,Gazebo Garden Restaurant,False,Panchvati,True,0.030108634702472936
3200311,La Quello - Mediterranean Kitchen,False,Vadiwadi,True,0.0047034316895259165
3200497,El Amigos Kitchen,False,Vadiwadi,True,0.0018233320083455018
3200560,Mr Toasties,False,Vadiwadi,True,0.03039871089400059
3200269,The Yellow Chilli,False,Vadiwadi,True,0.004088230275963611
3200590,Coffee Culture,False,Vadiwadi,True,0.0170448039615948
3200537,Freshco - The Health Cafí©,False,Vadiwadi,True,0.0170448039615948
3200024,Pizza Hut,False,Vadiwadi,True,0.007441951062271079
3200034,Tomato's,False,Vadiwadi,True,0.002324562386008311
3900021,Open Hand Shop & Cafe,False,Assi Ghat,True,0.015048697872874328
3900059,Pizzeria Vaatika Cafe,False,Assi Ghat,True,0.006749691042398309
3900158,Aman Restaurant,False,Bhelupur,True,0.005413121767863904
3900007,Blue Lassi,False,Bhelupur,True,0.01566674213555641
3900232,Kerala Cafe,False,Bhelupur,True,0.01185080062892796
3900250,Baati Chokha,False,Dashaswmedh Road,True,0.017110766963895796
3900004,Dosa Cafe,False,Dashaswmedh Road,True,0.017715824973489225
3900032,Kashi Chat Bhandar,False,Godaulia,True,0.08117376166990264
3900058,Chrystal Bowl Restaurant,False,Lanka,True,0.00950590220119929
3900070,Flavours Cafe,False,Lanka,True,0.009771476098604626
3900057,Ming Garden,False,Lanka,True,0.010670721552274332
3900067,Burger King,False,Nadesar,True,0.007395621045878431
3900050,Tandoor Villa,False,Nadesar,True,0.006506261149163195
3900009,eastWEST - Radisson Hotel,False,"Radisson Hotel, Nadesar",True,0.003977343848990622
3900010,The Great Kabab Factory - Radisson Hotel,False,"Radisson Hotel, Nadesar",True,0.002986467820084937
3900055,I:ba Cafe & Restaurant,False,Shivala,True,0.00420846963478938
18346996,3Cherryz Sky Lounge & Cafe,False,Sigra,True,0.00965438350710901
3900238,Singh's Delight Restaurant,False,Sunderpur,True,0.018691116019504683
2800013,Pizza Hut,False,"CMR Central Mall, Maddilapalem",True,0.020257579317527696
2800012,Pizza Hut,False,Dwaraka Nagar,True,0.007441951062271079
2800294,Sri Sairam Parlour,False,Dwaraka Nagar,True,0.01921472630212595
2800903,Mekong - Hotel GreenPark,False,"Hotel GreenPark, Vizag",True,0.003466486662736301
2800052,The Square - Hotel Novotel,False,"Hotel Novotel, Maharani Peta",True,0.010798771626904013
2800095,Alpha Hotel,False,Jagadamba Junction,True,0.05594332738560692
2800856,Barbeque Nation,False,Kirlampudi Layout,True,0.0019298391041628893
2800911,Double Roti,False,Kirlampudi Layout,True,0.003977343848990622
2800757,Bake My Wish,False,Lawsons Bay,True,0.01681240688214669
2800096,Kamat Restaurant,False,Lawsons Bay,True,0.0021509099986486424
2800083,My Restaurant,False,Maddilapalem,True,0.018991993133961937
18306045,Percolator Coffee House,False,Maharani Peta,True,0.003585575616988246
2800897,Tea Trails,False,Maharani Peta,True,0.011758371058156358
18285610,Six Degrees,False,MVP Colony,True,0.009466529066479712
2800128,Sea Inn - Raju Gaari Dhaba,False,Rushikonda,True,0.03492161660990212
2800100,D Cabana,False,Sagar Nagar,True,0.008762721338256285
2800418,Kaloreez,False,Siripuram,True,0.005548354882970119
2800881,Plot 17,False,Siripuram,True,0.00697504530849713
2800042,Vista - The Park,False,"The Park, Lawsons Bay",True,0.004211434720339469
2800019,Flying Spaghetti Monster,False,Waltair Uplands,True,0.024042424958514164
