Restaurant ID,Restaurant Name,Locality,Latitude,Longitude,Competitors_500m,Competitors_1km,Competitors_2km,density_tier
301728,Desire Foods,Badarpur Border,28.4900591,77.3066401,5,10,51,Moderate (6-20)
5992,Knight Rock,Badarpur Border,28.4901567,77.304776,5,10,51,Moderate (6-20)
301730,Punjab Restaurant,Badarpur Border,28.4901368,77.305563,5,10,51,Moderate (6-20)
301729,Raju Dhaba,Badarpur Border,28.4900979,77.3061016,5,10,51,Moderate (6-20)
301731,Rakheja Bakery,Badarpur Border,28.490062,77.3057446,5,10,51,Moderate (6-20)
311053,Snax Points,Badarpur Border,28.4901198,77.3053835,5,10,51,Moderate (6-20)
9299,Aggarwal Sweet Corner,Badarpur Border,28.49629167,77.30274167,1,12,50,Moderate (6-20)
9178,Kashyap Vaishno Dhaba,Badarpur Border,28.4959154,77.303542,1,12,50,Moderate (6-20)
18433852,The Chaiwalas,Badkal Lake,28.4262842,77.3000877,2,12,21,Moderate (6-20)
304046,Cafe And More,Charmwood Village,28.4946638,77.2905651,5,26,37,Dense (20+)
309936,Green Chick Chop,Charmwood Village,28.4946804,77.2905276,5,26,37,Dense (20+)
309927,Kolkata Hot Kathi Rolls,Charmwood Village,28.4922473,77.2918292,6,22,39,Dense (20+)
18377449,Aapki Rasoi,Charmwood Village,28.4990636,77.2918292,12,23,34,Dense (20+)
18472646,Punjabi Rasoi,Charmwood Village,28.4923251,77.292431,6,22,39,Dense (20+)
18037826,Kebab Xpress,"Crown Interiorz Mall, Sector 35, Faridabad",28.4698631,77.3074479,19,23,54,Dense (20+)
301163,McDonald's,"Crown Interiorz Mall, Sector 35, Faridabad",28.4695043,77.3074479,19,23,54,Dense (20+)
4931,Suruchi,"Crown Interiorz Mall, Sector 35, Faridabad",28.4701322,77.3074479,19,23,52,Dense (20+)
1804,Berco's,"Crown Interiorz Mall, Sector 35, Faridabad",28.4700256,77.3072684,19,23,53,Dense (20+)
312102,Dunkin' Donuts,"Crown Interiorz Mall, Sector 35, Faridabad",28.4693655,77.3074031,19,23,54,Dense (20+)
18217857,The Chocolate Room,"Crown Interiorz Mall, Sector 35, Faridabad",28.4693655,77.3074031,19,23,54,Dense (20+)
18471268,Baskin Robbin,"Crown Interiorz Mall, Sector 35, Faridabad",28.469594,77.3074479,19,23,54,Dense (20+)
18381244,Popcorn Fusion,"Crown Interiorz Mall, Sector 35, Faridabad",28.4693655,77.3074031,19,23,54,Dense (20+)
18408041,Subway,"Crown Interiorz Mall, Sector 35, Faridabad",28.4700019,77.3074928,19,23,53,Dense (20+)
311051,KFC,"Crown Interiorz Mall, Sector 35, Faridabad",28.46980656,77.30706006,19,23,55,Dense (20+)
18133510,Barbeque Nation,"Crown Interiorz Mall, Sector 35, Faridabad",28.4698629,77.3073785,19,23,54,Dense (20+)
308380,Yo! China,"Crown Interiorz Mall, Sector 35, Faridabad",28.4693655,77.3074031,19,23,54,Dense (20+)
6077,Giani's,"Crown Plaza Mall, Sector 15, Faridabad",28.3980691,77.3130127,3,12,64,Moderate (6-20)
308082,Momo-Cha,"Crown Plaza Mall, Sector 15, Faridabad",28.3979794,77.3130127,3,12,63,Moderate (6-20)
309558,Shree Rathnam,"Crown Plaza Mall, Sector 15, Faridabad",28.397424,77.3128332,3,12,61,Moderate (6-20)
8128,Mirage Restro Bar,"Crown Plaza Mall, Sector 15, Faridabad",28.3978083,77.3131025,3,12,63,Moderate (6-20)
304062,Jai Jagannath Hotel,Dayal Bagh,28.4937692,77.294319,8,22,39,Dense (20+)
9785,Gelato Vinto,"Eldeco Station 1 Mall, Sector 12, Faridabad",28.3868454,77.3139102,6,8,47,Moderate (6-20)
312514,Maggi Point,"Eldeco Station 1 Mall, Sector 12, Faridabad",28.3869029,77.3140449,6,8,47,Moderate (6-20)
308961,Angaar,"Hotel Saffron Kiran, Faridabad",28.4719854,77.3056977,19,25,53,Dense (20+)
308963,TcozY,"Hotel Saffron Kiran, Faridabad",28.4722089,77.3066401,21,28,57,Dense (20+)
308962,The Retriever,"Hotel Saffron Kiran, Faridabad",28.4723428,77.3062507,21,28,58,Dense (20+)
8169,Bangali Sweets & Restaurant,Indraprastha Colony,28.4534629,77.3153578,1,7,25,Moderate (6-20)
309368,Silver,K Hotel,28.446715,77.316429,4,8,13,Moderate (6-20)
18472429,Chill 'N Grill,NIT,28.3954463,77.2900667,3,3,3,Light (1-5)
18472418,Punjabi Restaurant,NIT,28.3939512,77.2874809,2,3,3,Light (1-5)
18472426,Standard Chicken Point,NIT,28.3940171,77.2875524,2,3,3,Light (1-5)
18450934,The Grillz & Gravy,NIT,28.3982684,77.2922781,1,3,3,Light (1-5)
6025,Cakes 'n Bakes - Park Plaza,"Park Plaza, Sector 21, Faridabad",28.4292178,77.2969459,11,16,19,Moderate (6-20)
6013,Cafe Bite,"Parsavnath City Mall, Sector 12, Faridabad",28.383665,77.3144487,7,9,51,Moderate (6-20)
8153,Cafe Light,"Parsavnath City Mall, Sector 12, Faridabad",28.3837046,77.3144877,7,9,51,Moderate (6-20)
18471296,Little Cafe,"Parsavnath City Mall, Sector 12, Faridabad",28.3836738,77.3145373,7,9,51,Moderate (6-20)
18279477,Momo-Cha,Sector 10,28.3754863,77.3291609,5,12,32,Moderate (6-20)
18359331,Oregano India,Sector 10,28.3689797,77.3266079,7,20,25,Moderate (6-20)
301151,Sagar Bakery,Sector 10,28.3692291,77.3270132,7,22,25,Dense (20+)
18204479,Smugglers,Sector 10,28.3702087,77.329628,7,19,25,Moderate (6-20)
2198,Welcome,Sector 10,28.3777541,77.3288978,4,12,40,Moderate (6-20)
18434243,Giani's,Sector 10,28.3692291,77.3270132,7,22,25,Dense (20+)
18471262,New Dilight,Sector 10,28.3730138,77.3295018,9,13,30,Moderate (6-20)
18258480,Chimney,Sector 11,28.3725172,77.319026,3,8,32,Moderate (6-20)
9698,Chopstick,Sector 11,28.371835,77.3185858,3,8,32,Moderate (6-20)
8326,Hot & Tasty Chinese Food,Sector 11,28.3719511,77.3184832,3,7,32,Moderate (6-20)
18270379,Sanjha Chulha,Sector 11,28.3692881,77.32157,4,17,30,Moderate (6-20)
304006,Frontier,Sector 12,28.38339444,77.31429167,7,8,52,Moderate (6-20)
308957,Oxy Lounge,Sector 12,28.384502,77.3244365,1,6,58,Moderate (6-20)
18427216,City Dhaba,Sector 12,28.3811924,77.3144456,4,7,58,Moderate (6-20)
8266,Mittal Fast Food,Sector 12,28.38471389,77.32425,1,7,58,Moderate (6-20)
18383469,Al Bake,Sector 15,28.395009,77.3229299,26,27,69,Dense (20+)
1367,Anupam Sweet,Sector 15,28.3949008,77.3222568,26,31,68,Dense (20+)
9650,Cafe Coffee Day,Sector 15,28.3952671,77.3236112,26,27,70,Dense (20+)
308335,Chicago Pizza,Sector 15,28.3950296,77.3217184,27,31,67,Dense (20+)
18391065,Crispy Crust,Sector 15,28.3950992,77.3241683,26,27,71,Dense (20+)
301193,Frontier,Sector 15,28.3951274,77.3235114,26,27,70,Dense (20+)
18107832,Gulab,Sector 15,28.3952906,77.3239437,26,27,70,Dense (20+)
18089254,Hunger Cure Express,Sector 15,28.3946937,77.3217312,27,31,67,Dense (20+)
18082235,Momo-Cha,Sector 15,28.3951869,77.3224363,26,31,69,Dense (20+)
18138421,Nirula's,Sector 15,28.452631,77.292179,0,1,21,Light (1-5)
18421965,The Grub House,Sector 15,28.3950834,77.323244,26,27,70,Dense (20+)
303267,Twenty Four Seven,Sector 15,28.3950913,77.3234608,26,27,71,Dense (20+)
7471,Cafe Parmesan,Sector 15,28.3950766,77.3236479,26,27,71,Dense (20+)
18219542,Briosca,Sector 15,28.3952798,77.3234235,26,27,70,Dense (20+)
18355112,Burger Point,Sector 15,28.3949736,77.3220773,26,31,68,Dense (20+)
18270895,Cafe Grub Up,Sector 15,28.395196,77.3235233,26,27,70,Dense (20+)
18313839,Cakes At Bhawanas,Sector 15,28.393261,77.317231,5,34,54,Dense (20+)
5005,Chaudhary Bhojnalaya,Sector 15,28.3953389,77.3240517,26,27,70,Dense (20+)
1820,Chickenette,Sector 15,28.3951035,77.3244107,26,27,71,Dense (20+)
3863,Giani,Sector 15,28.3951385,77.3216428,27,31,67,Dense (20+)
9814,Green Chick Chop,Sector 15,28.3951932,77.3244107,26,27,71,Dense (20+)
18474912,Hash Stix,Sector 15,28.39483205,77.32343964,26,27,71,Dense (20+)
18161568,Juice On Go,Sector 15,28.39527358,77.32328642,26,27,70,Dense (20+)
18416829,Keventers,Sector 15,28.3947688,77.3218081,27,31,67,Dense (20+)
18400756,MD's Kebabs & Curries,Sector 15,28.395283,77.3244107,26,27,71,Dense (20+)
301177,Perfect Bake,Sector 15,28.43002333,77.29659833,9,16,19,Moderate (6-20)
6161,Perfect Bake,Sector 15,28.3952545,77.3231543,26,27,70,Dense (20+)
2565,Sethi's Delicacy,Sector 15,28.3950376,77.3244651,26,27,71,Dense (20+)
3866,Subway,Sector 15,28.3948264,77.3219427,27,31,67,Dense (20+)
18250288,Cafí© Bogchi,Sector 15,28.39572041,77.32380275,26,27,70,Dense (20+)
1430,Ashoka Restaurant,Sector 16,28.4104693,77.3203273,15,26,66,Dense (20+)
18393702,Baskin Robbins,Sector 16,28.4107707,77.3201927,15,27,66,Dense (20+)
6152,China Hot Pot,Sector 16,28.4106963,77.3192063,15,27,64,Dense (20+)
306962,Handi Chhadeyan Di,Sector 16,28.4106593,77.3185323,15,25,64,Dense (20+)
18445360,Hungrill,Sector 16,28.4108198,77.3190765,15,27,64,Dense (20+)
6150,Kant Khana Khazana,Sector 16,28.4106772,77.318667,15,25,64,Dense (20+)
18421024,Open Yard,Sector 16,28.4095652,77.3199015,15,25,66,Dense (20+)
18367316,The Chai Cafe,Sector 16,28.4108878,77.3185772,15,25,64,Dense (20+)
18466931,Apna Restaurant,Sector 16,28.4105451,77.3190262,15,27,64,Dense (20+)
18466420,Chaudhary Chaap & Chinese,Sector 16,28.4106649,77.3187017,15,26,64,Dense (20+)
18464607,Chings Chinese,Sector 16,28.4118307,77.3200132,15,27,65,Dense (20+)
18464631,Food On Wheels,Sector 16,28.4120355,77.3202824,15,27,65,Dense (20+)
301170,Gulshan Hotel,Sector 16,28.4104693,77.3203273,15,26,66,Dense (20+)
18466939,Maa Kali Foods,Sector 16,28.4104999,77.3196991,15,27,66,Dense (20+)
18380180,The Street Kitchen,Sector 16,28.4107084,77.3185772,15,25,64,Dense (20+)
18466407,United Kitchen,Sector 16,28.4120254,77.3189708,15,26,63,Dense (20+)
304001,Eat N Treat,Sector 17,28.4101024,77.3266023,9,28,69,Dense (20+)
8319,Hotel Ekant,Sector 17,28.4101795,77.329167,9,24,65,Dense (20+)
303871,Momo-Cha,Sector 17,28.4106029,77.3288978,9,26,65,Dense (20+)
8321,Paradise Inn,Sector 17,28.4103725,77.3275764,9,30,68,Dense (20+)
311047,Red Chilli,Sector 17,28.4099515,77.326744,9,29,69,Dense (20+)
8320,Shiv Restaurant,Sector 17,28.4101647,77.3278324,9,30,68,Dense (20+)
8308,Sohan Sweets & Namkeen,Sector 17,28.4103306,77.3279106,9,30,66,Dense (20+)
18303717,The Binge Box Cafe,Sector 17,28.4105998,77.3279106,9,30,65,Dense (20+)
304004,Tmos Moving Feast,Sector 17,28.4101156,77.32609671,9,26,69,Dense (20+)
18472625,Tmos Cafe Corner,Sector 17,28.409801,77.326227,9,26,69,Dense (20+)
18420432,Parkash Dhaba,Sector 19,28.417529,77.3138205,1,14,33,Moderate (6-20)
9824,Sanjha Chulha,Sector 19,28.4175882,77.3144487,1,16,33,Moderate (6-20)
8029,Hareram Bikanerzaika,Sector 21,28.4304159,77.2969594,9,15,19,Moderate (6-20)
312788,Kulcha Paaji,Sector 21,28.4317132,77.2967664,9,15,19,Moderate (6-20)
309672,Shree Bikaner Misthan Bhandar,Sector 21,28.4301217,77.2964432,9,16,19,Moderate (6-20)
18439547,Anand Dhaba,Sector 21,28.4298355,77.2963379,9,16,19,Moderate (6-20)
18452730,Delicieux Ice Cream Rolls,Sector 21,28.4300562,77.2969354,9,15,19,Moderate (6-20)
18317486,Flying Tandoor,Sector 21,28.4221037,77.291919,0,8,16,Moderate (6-20)
18452267,Grub Hub,Sector 21,28.4296999,77.2964494,9,16,19,Moderate (6-20)
18466980,Punjabi Chulha,Sector 21,28.4298396,77.2965369,9,16,19,Moderate (6-20)
18469937,Purani Dilli Da Swad,Sector 21,28.4301909,77.2966226,9,15,19,Moderate (6-20)
18433879,The Chaiwalas,Sector 21,28.4263417,77.3002223,2,12,21,Moderate (6-20)
18369105,Funk House Cafe,Sector 28,28.43892133,77.31297973,2,8,28,Moderate (6-20)
18133473,Shiksha Fast Food,Sector 28,28.4353341,77.315069,2,4,28,Light (1-5)
18458540,Hungry Head,Sector 28,28.4353375,77.3150688,2,4,28,Light (1-5)
8167,Lalit Kathi Rolls Momos,Sector 29,28.4334516,77.3211256,1,3,12,Light (1-5)
18463990,Tamasha In Tafree,Sector 29,28.4334249,77.3212535,1,3,12,Light (1-5)
18420465,Butter & Grace,Sector 31,28.446933,77.309147,0,7,23,Moderate (6-20)
309656,Green Chick Chop,Sector 31,28.4465451,77.317127,4,8,12,Moderate (6-20)
305235,Snacks Bar,Sector 31,28.4452616,77.315795,4,7,16,Moderate (6-20)
309654,Ahata,Sector 31,28.44589444,77.31723889,4,7,12,Moderate (6-20)
4462,Meghansh Bakery,Sector 31,28.4466361,77.3170515,4,8,12,Moderate (6-20)
18469962,Oh My !,Sector 31,28.4549967,77.3159508,1,4,33,Light (1-5)
1414,Anupama Sweets & Family Restaurant,Sector 34,28.4718644,77.3149118,4,24,49,Dense (20+)
304112,Shree Rathnam,Sector 34,28.471413,77.3107195,20,24,50,Dense (20+)
18472443,Bikaner Misthan Bhandar,Sector 35,28.471302,77.3108138,19,23,50,Dense (20+)
18456807,King's Kitchen,Sector 35,28.471302,77.3108138,19,23,50,Dense (20+)
18471284,Muradabadi Chicken Biryani Corner,Sector 35,28.4749127,77.3060306,6,38,57,Dense (20+)
18471328,The Black Kettle,Sector 35,28.4711559,77.3105616,20,23,50,Dense (20+)
18204478,Desi Tadka,Sector 37,28.48429689,77.30693936,4,24,57,Dense (20+)
18444264,Destination Live,Sector 37,28.4807864,77.3062811,13,24,54,Dense (20+)
9224,Kay's Bake Land,Sector 37,28.480381,77.3116575,13,22,49,Dense (20+)
8054,Kay's Food Land,Sector 37,28.4805482,77.3104099,15,23,49,Dense (20+)
304114,Laziz Restaurant,Sector 37,28.48426667,77.30677778,4,24,58,Dense (20+)
1413,Le Chef Restro Bar,Sector 37,28.480467,77.3104996,15,23,49,Dense (20+)
1715,Republic of Chicken,Sector 37,28.4805821,77.3107689,14,21,49,Dense (20+)
4464,Tanishka Restaurant & Caterers,Sector 37,28.4805517,77.3113972,13,21,49,Dense (20+)
5010,The Tandoori Times,Sector 37,28.4804188,77.3115506,13,21,49,Dense (20+)
301127,Twist of Italy,Sector 37,28.4807634,77.3109543,14,21,49,Dense (20+)
9233,Aggarwal Sweets And Caterers,Sector 37,28.48420819,77.3066403,4,24,58,Dense (20+)
18471246,Biryani Bot,Sector 37,28.4805778,77.311746,13,20,49,Moderate (6-20)
18446082,Cafí© Kitchen,Sector 37,28.4808293,77.3114869,13,20,49,Moderate (6-20)
18396398,Evergreen Sweets & Restaurant,Sector 37,28.4803991,77.3106046,15,24,49,Dense (20+)
18471244,Magic Spice Wok,Sector 37,28.4806939,77.3113363,14,20,49,Moderate (6-20)
18367078,Magical Momos,Sector 37,28.4806379,77.3104099,15,21,49,Dense (20+)
18469976,Sam's Bake Shop,Sector 37,28.4808985,77.3103201,15,21,49,Dense (20+)
18381643,Shri Bikaner Misthan Bhandar,Sector 37,28.4773757,77.3092797,16,41,51,Dense (20+)
18471327,Tasty Dhaba Family Restaurant,Sector 37,28.474531,77.3060567,6,38,57,Dense (20+)
18469936,U & I,Sector 37,28.4807304,77.3056065,9,24,54,Dense (20+)
18433895,Cravings,Sector 41,28.46626355,77.28759091,1,8,33,Moderate (6-20)
313089,Evergreen Tandoori Night,Sector 41,28.46191014,77.28919957,5,10,28,Moderate (6-20)
18089775,Chicken Inn Family Meat Shop,Sector 42,28.46118611,77.30027778,7,7,43,Moderate (6-20)
309632,Domino's Pizza,Sector 43,28.4609554,77.3001795,7,7,43,Moderate (6-20)
312874,Green Chick Chop,Sector 43,28.460556,77.2886873,5,10,17,Moderate (6-20)
18107870,Punjabi Culture,Sector 43,28.4622059,77.2978395,7,10,42,Moderate (6-20)
18237362,Three Olives,Sector 43,28.46227858,77.30083365,7,7,44,Moderate (6-20)
18277177,Aggarwal's Bikaner Mishthan Bhandar,Sector 43,28.46117,77.2847783,5,7,17,Moderate (6-20)
18472651,Chatny Delight,Sector 43,28.4621065,77.2988233,7,9,44,Moderate (6-20)
313076,Harmann Restaurant,Sector 43,28.46681111,77.29056667,1,11,35,Moderate (6-20)
18380159,Kulcha King,Sector 43,28.4601453,77.2845595,5,7,17,Moderate (6-20)
18377907,Royal Bakers,Sector 43,28.4614258,77.2999207,7,7,44,Moderate (6-20)
18292444,Touch of Spice,Sector 43,28.46210674,77.29738433,7,10,40,Moderate (6-20)
307084,Hunger Cure,Sector 46,28.4376977,77.2983871,3,13,22,Moderate (6-20)
305618,Sanjha Chulha,Sector 46,28.4375489,77.2983353,3,13,22,Moderate (6-20)
307803,Queens Cakes,Sector 46,28.4370903,77.2984265,3,13,22,Moderate (6-20)
18419654,Sri Meenakshi South Indian Food,Sector 46,28.4375707,77.2990075,3,13,23,Moderate (6-20)
18471285,Sardar A Pure Meat Shop,Sector 49,28.3959758,77.2670505,0,0,0,Isolated (0)
313040,Invitation Restaurant,Sector 7,28.363238,77.3239171,5,13,22,Moderate (6-20)
17982346,Kaushik Bakery,Sector 7,28.3632142,77.3241415,5,13,22,Moderate (6-20)
18204501,Rama Vaishnav Bhojnalaya,Sector 7,28.3638989,77.3259973,5,13,22,Moderate (6-20)
1823,Shiv Saras Vyanjan,Sector 7,28.3691677,77.3282696,7,21,25,Dense (20+)
6143,Shree Bikaner Misthan Bhandar,Sector 7,28.36942587,77.32705828,7,22,26,Dense (20+)
8297,Shree Bikaner Misthan Bhandar,Sector 7,28.3633036,77.3264093,5,13,22,Moderate (6-20)
8318,Standard Family Restaurant,Sector 7,28.3633487,77.3260374,5,13,22,Moderate (6-20)
18458631,The Hunger End,Sector 7,28.3686544,77.3285388,7,18,25,Moderate (6-20)
18382355,Pizza Express,Sector 7,28.3630576,77.3262953,5,13,22,Moderate (6-20)
312842,Anupam Sweets & Restaurant,Sector 86,28.4087438,77.3396661,10,10,27,Moderate (6-20)
312084,Caramel,Sector 86,28.40775168,77.33637929,8,18,58,Moderate (6-20)
18247033,Chaska Restaurant,Sector 86,28.4086778,77.3364513,8,18,54,Moderate (6-20)
18126118,Club Pizzeria,Sector 86,28.4085728,77.3397558,10,10,27,Moderate (6-20)
18429393,Gupha,Sector 86,28.41226833,77.34231301,4,10,20,Moderate (6-20)
18241905,Indian Gourmet,Sector 86,28.4081056,77.3409272,9,10,20,Moderate (6-20)
18425750,Tandoori Zaaika's,Sector 86,28.4102194,77.336292,6,20,36,Moderate (6-20)
18261694,TCD Cake & Bake,Sector 86,28.4098256,77.3372048,8,16,36,Moderate (6-20)
18365998,The Grill Darbar,Sector 86,28.4080574,77.33666,8,17,56,Moderate (6-20)
18273572,Urban Cuisine,Sector 86,28.4080719,77.3409826,9,10,20,Moderate (6-20)
18363078,Mister Mughal,Sector 86,28.4067402,77.3423218,4,10,20,Moderate (6-20)
18356019,The Hub,Sector 9,28.3765371,77.3315619,5,12,30,Moderate (6-20)
18381668,Green Chilly Chinese Food,Sector 9,28.3764571,77.3328117,4,11,30,Moderate (6-20)
18287397,Mom's Kitchen,Sector 9,28.3763294,77.3299747,5,12,32,Moderate (6-20)
18471304,Twin Brothers,"SRS Mall, Sector 12, Faridabad",28.3865773,77.3167822,6,10,51,Moderate (6-20)
8026,Aggarwal Sweets Centre,Suraj Kund,28.4997177,77.2899232,16,23,34,Dense (20+)
18265697,Bawarchi,Suraj Kund,28.49820594,77.29385857,14,25,36,Dense (20+)
307151,D ART of Flavour,Suraj Kund,28.4982147,77.2937593,14,25,34,Dense (20+)
18107844,Italia Cafe by Aura,Suraj Kund,28.5000937,77.2903929,16,23,34,Dense (20+)
18337896,Pizza Street,Suraj Kund,28.50064,77.2903,16,23,34,Dense (20+)
18261699,Rock Cafe,Suraj Kund,28.4727738,77.2869976,0,2,26,Light (1-5)
18306531,Sardaar Ji Chaap & Rolls,Suraj Kund,28.49916279,77.2896526,16,23,34,Dense (20+)
303571,Spice Wok,Suraj Kund,28.4992231,77.2930411,13,23,34,Dense (20+)
8099,Vrindavan Sweets & Restaurant,Suraj Kund,28.5002348,77.2902208,16,23,34,Dense (20+)
8037,Bikaner Sweets & Bakers,Suraj Kund,28.4938048,77.2940734,8,22,39,Dense (20+)
18471308,Burger Xpress,Suraj Kund,28.4989698,77.2921516,13,23,34,Dense (20+)
18471318,Da Pizza Zone,Suraj Kund,28.4990357,77.2918806,12,23,34,Dense (20+)
18471320,Finger Licious,Suraj Kund,28.4609284,77.2846781,5,7,17,Moderate (6-20)
18460293,Med E Taste,Suraj Kund,28.4609545,77.2847168,5,7,17,Moderate (6-20)
18446418,Punjabii Tandoor,Suraj Kund,28.462227,77.2997286,7,7,44,Moderate (6-20)
9496,Shankar Sweets,Suraj Kund,28.49710833,77.29654722,6,21,37,Dense (20+)
312967,Tasty Bites,Suraj Kund,28.4997138,77.2899124,16,23,34,Dense (20+)
18449815,The Street- Curries & Grills,Suraj Kund,28.489496,77.290565,2,8,40,Moderate (6-20)
2680,Bakers Delight - The Atrium,"The Atrium, Suraj Kund",28.489796,77.283011,1,6,27,Moderate (6-20)
2679,On The Rocks - The  Atrium,"The Atrium, Suraj Kund",28.489796,77.283011,1,6,27,Moderate (6-20)
8417,World Cafe - Vibe by The LaLiT Traveller,"Vibe by The LaLit Traveller, Mathura Road",28.4729124,77.3060732,21,35,58,Dense (20+)
309757,Chaudhary Ke Mashhoor Paranthe,Indirapuram,28.63601389,77.37444167,12,24,46,Dense (20+)
307903,Thakur Bakers,Indirapuram,28.63602222,77.37419167,18,24,46,Dense (20+)
313502,FoodByMom,Indirapuram,28.635083,77.369326,18,24,57,Dense (20+)
18409175,Mr. Brown,Indirapuram,28.637449,77.378751,2,21,35,Dense (20+)
18456342,Mitalis Kitchen,Indirapuram,28.63823809,77.31548297,0,5,88,Light (1-5)
18244229,The Big Scoop,Kaushambi,28.6411332,77.31069862,0,19,113,Moderate (6-20)
300713,9 Mars Lounge,"Shipra Mall, Indirapuram",28.63423199,77.36989718,19,25,59,Dense (20+)
8623,Barista,"Shipra Mall, Indirapuram",28.63404167,77.37024722,19,26,60,Dense (20+)
1318,Baskin Robbins,"Shipra Mall, Indirapuram",28.63392778,77.3704,19,27,58,Dense (20+)
311523,Burger King,"Shipra Mall, Indirapuram",28.63388299,77.36986466,18,27,60,Dense (20+)
8590,Cafe Coffee Day,"Shipra Mall, Indirapuram",28.63404722,77.37020833,19,26,60,Dense (20+)
8583,Chinese X'Press,"Shipra Mall, Indirapuram",28.63388299,77.36986466,18,27,60,Dense (20+)
300756,Cinch,"Shipra Mall, Indirapuram",28.63412753,77.36972552,18,26,59,Dense (20+)
4239,Costa Coffee,"Shipra Mall, Indirapuram",28.634123,77.370576,19,26,58,Dense (20+)
18168161,Domino's Pizza,"Shipra Mall, Indirapuram",28.63407809,77.36981537,18,26,59,Dense (20+)
18381223,Dosa X'press,"Shipra Mall, Indirapuram",28.63378764,77.36972786,17,27,60,Dense (20+)
18034077,Kebab Xpress,"Shipra Mall, Indirapuram",28.63383826,77.36959241,17,27,60,Dense (20+)
3824,Let's Noodle,"Shipra Mall, Indirapuram",28.63421758,77.36971814,18,25,59,Dense (20+)
2572,McDonald's,"Shipra Mall, Indirapuram",28.63401924,77.37036925,19,26,58,Dense (20+)
8595,Mx Corn,"Shipra Mall, Indirapuram",28.63431586,77.36987706,19,25,59,Dense (20+)
309702,Dunkin' Donuts,"Shipra Mall, Indirapuram",28.634175,77.37019444,19,26,58,Dense (20+)
8601,Haldiram's,"Shipra Mall, Indirapuram",28.6339389,77.37023715,19,27,60,Dense (20+)
1683,Pind Balluchi,"Shipra Mall, Indirapuram",28.63397039,77.37016473,19,27,60,Dense (20+)
301670,Maini Restaurant,Surya Nagar,28.6698582,77.3252184,0,22,94,Dense (20+)
17953902,The Dosa King,Surya Nagar,28.6644658,77.3231543,1,27,117,Dense (20+)
18396451,K Lab," ILD Trade Centre Mall, Sohna Road",28.4248315,77.0393103,11,22,49,Dense (20+)
18237941,Pind Balluchi," ILD Trade Centre Mall, Sohna Road",28.4249125,77.0392204,11,22,49,Dense (20+)
2787,Punjab Grill,"Ambience Mall, Gurgaon",28.5030769,77.0971178,1,8,139,Moderate (6-20)
3431,Zambar,"Ambience Mall, Gurgaon",28.5026128,77.0971853,1,10,140,Moderate (6-20)
303699,Cakes & More,"Ansal Plaza Mall, Palam Vihar",28.5114162,77.0420091,11,15,49,Moderate (6-20)
5915,Kwality Wall's Swirl's,"Ansal Plaza Mall, Palam Vihar",28.5114567,77.0419641,11,15,49,Moderate (6-20)
7076,Yo! Dimsum,"Ansal Plaza Mall, Palam Vihar",28.5115059,77.0420091,11,15,49,Moderate (6-20)
311866,Mx Corn,"Ansal Plaza Mall, Palam Vihar",28.5114067,77.0418253,11,15,49,Moderate (6-20)
300439,Red,Ardee City,28.44070881,77.08785083,2,9,128,Moderate (6-20)
18458334,Rocketchefs,Ardee City,28.4423933,77.0855313,4,9,128,Moderate (6-20)
18353710,The Fresh Chicken Store,Ardee City,28.4418793,77.0757671,4,22,102,Dense (20+)
18291229,Achoos Food Corner,Ardee City,28.4347278,77.0787681,5,21,71,Dense (20+)
18398616,Aha Bites,Ardee City,28.4308575,77.0898569,7,13,103,Moderate (6-20)
18430561,Ancient Spice,Ardee City,28.432548,77.0780576,7,19,64,Moderate (6-20)
18445248,Chimney - The Takeaway,Ardee City,28.440599,77.078405,5,24,81,Dense (20+)
18313132,Costa Coffee,Ardee City,28.4319102,77.0735119,4,14,64,Moderate (6-20)
18433874,Good to Go,Ardee City,28.436274,77.0738947,6,18,80,Moderate (6-20)
18291231,Gopi Sweets & Caters,Ardee City,28.4346864,77.0787448,5,21,71,Dense (20+)
18352271,Lavi Foji Dhaba,Ardee City,28.4406523,77.081492,4,18,103,Moderate (6-20)
18291233,Narayan Fast Food Home,Ardee City,28.4353217,77.0762723,10,22,73,Dense (20+)
18441809,OMG Kitchenz,Ardee City,28.4370922,77.0728193,5,17,82,Moderate (6-20)
18349508,OMG Tiffinz,Ardee City,28.4371161,77.0728605,5,17,82,Moderate (6-20)
18217127,Sardarji Chicken Point,Ardee City,28.4394519,77.0754948,8,22,87,Dense (20+)
18471335,Solty Hotel,Ardee City,28.430634,77.0837565,3,18,69,Moderate (6-20)
18429842,The Burger Chef,Ardee City,28.4419493,77.0756612,4,22,104,Dense (20+)
5904,Club Tokyo - Best Western Skycity Hotel,"Best Western Skycity Hotel, Sector 15, Gurgaon",28.4580879,77.0347151,12,30,111,Dense (20+)
5876,Lattitude - Skycity Hotel,"Best Western Skycity Hotel, Sector 15, Gurgaon",28.4582412,77.0349627,12,30,112,Dense (20+)
872,Bisque Bakery,"Central Arcade, DLF Phase 2, Gurgaon",28.4807592,77.0857204,23,94,303,Dense (20+)
18365849,Behrouz Biryani,"Central Plaza Mall, Golf Course Road",28.4434069,77.1006623,23,58,101,Dense (20+)
227,Domino's Pizza,"Central Plaza Mall, Golf Course Road",28.4428671,77.1010066,19,56,108,Dense (20+)
3446,Giani,"Central Plaza Mall, Golf Course Road",28.4430378,77.1009167,19,56,105,Dense (20+)
300100,PizzaVito,"Central Plaza Mall, Golf Course Road",28.4431102,77.1007369,19,56,107,Dense (20+)
8597,Shawarma House,"Central Plaza Mall, Golf Course Road",28.4426964,77.1010965,19,51,108,Dense (20+)
3449,Subway,"Central Plaza Mall, Golf Course Road",28.4430378,77.1009167,19,56,105,Dense (20+)
303749,Asian Bistro,"Central Plaza Mall, Golf Course Road",28.4429395,77.1008268,20,56,108,Dense (20+)
18349898,BBQ Factory,"Central Plaza Mall, Golf Course Road",28.442717,77.1009883,18,54,108,Dense (20+)
18349892,Faaso's,"Central Plaza Mall, Golf Course Road",28.443403,77.1005772,23,58,101,Dense (20+)
18425752,Chaayos,"Central Plaza Mall, Golf Course Road",28.4431891,77.1007871,19,56,104,Dense (20+)
7507,Mosaic - Country Inn & Suites,"Country Inn & Suites by Carlson, Gurgaon",28.4619878,77.0676442,4,55,243,Dense (20+)
300490,60 ML - Country Inn & Suites by Carlson,"Country Inn & Suites by Carlson, Sector 12",28.468336,77.0376911,13,34,121,Dense (20+)
300488,Mosaic - Country Inn & Suites by Carlson,"Country Inn & Suites by Carlson, Sector 12",28.4684343,77.037781,13,35,121,Dense (20+)
18306521,Big Shot Bar - Country Inn & Suites,"Country Inn & Suites By Carlson, Udyog Vihar",28.5092246,77.0918351,0,13,136,Moderate (6-20)
309090,Mosaic - Country Inn & Suites By Carlson,"Country Inn & Suites, Sohna Road",28.3349418,77.0684986,0,0,0,Isolated (0)
18441709,Downtown Kitchen & Bar - Courtyard by Marriott,"Courtyard by Marriott, Sushant Lok",28.460925,77.080367,50,120,251,Dense (20+)
18441707,Courtyard Grill - Courtyard by Marriott,"Courtyard by Marriott, Sushant Lok",28.460925,77.080367,50,120,251,Dense (20+)
304832,Di Ghent Boulangerie,"Cross Point Mall, DLF Phase 4",28.46836827,77.0835375,32,117,326,Dense (20+)
311297,Khyen Chyen,"Cross Point Mall, DLF Phase 4",28.4683741,77.0832475,32,117,326,Dense (20+)
303858,The Pint Room,"Cross Point Mall, DLF Phase 4",28.4683973,77.0830226,32,119,329,Dense (20+)
302288,Tughlaq,"Cross Point Mall, DLF Phase 4",28.46844136,77.08390966,32,117,316,Dense (20+)
18233573,Big Wong XL,"Cross Point Mall, DLF Phase 4",28.4681716,77.0834723,32,118,328,Dense (20+)
309015,Bunker,"Cross Point Mall, DLF Phase 4",28.4682267,77.0831126,32,118,329,Dense (20+)
18382344,Culture Cafe,"Cross Point Mall, DLF Phase 4",28.4681975,77.0837421,32,118,322,Dense (20+)
18254537,Nowhere Terrace Brewpub Cafe,"Cross Point Mall, DLF Phase 4",28.468314,77.083048,32,119,329,Dense (20+)
4358,Cafe G - Crowne Plaza,"Crowne Plaza, Sector 29",28.4684326,77.0600891,34,46,152,Dense (20+)
2443,Wildfire - Crowne Plaza,"Crowne Plaza, Sector 29",28.4684152,77.0599093,34,46,152,Dense (20+)
270,Isabella,"Cyber Greens, DLF Cyber City",28.4937229,77.0928243,94,107,223,Dense (20+)
309252,Fatburger,"Cyber Hub, DLF Cyber City",28.4947571,77.0882416,49,115,212,Dense (20+)
18303709,Burma Burma,"Cyber Hub, DLF Cyber City",28.4946295,77.0887329,54,115,210,Dense (20+)
18409224,Pier 38,"Cyber Hub, DLF Cyber City",28.4950691,77.0886429,51,115,211,Dense (20+)
18277179,Yum Yum Cha,"Cyber Hub, DLF Cyber City",28.4950762,77.0885987,51,114,211,Dense (20+)
308570,Amici Cafe,"Cyber Hub, DLF Cyber City",28.4955391,77.0889781,52,113,207,Dense (20+)
308263,Au Bon Pain,"Cyber Hub, DLF Cyber City",28.494832,77.088508,50,115,210,Dense (20+)
306133,California Pizza Kitchen,"Cyber Hub, DLF Cyber City",28.4952975,77.0886879,51,114,212,Dense (20+)
306142,Chai Point,"Cyber Hub, DLF Cyber City",28.4952251,77.0888677,56,115,213,Dense (20+)
308609,Cherry Comet,"Cyber Hub, DLF Cyber City",28.4953148,77.0888677,52,114,211,Dense (20+)
18383453,Circus,"Cyber Hub, DLF Cyber City",28.495763,77.0888677,50,113,203,Dense (20+)
305478,Dunkin' Donuts,"Cyber Hub, DLF Cyber City",28.4951674,77.0887329,52,114,211,Dense (20+)
308357,Holy Smoke,"Cyber Hub, DLF Cyber City",28.4947742,77.0883732,49,115,211,Dense (20+)
306128,Italiano,"Cyber Hub, DLF Cyber City",28.4951096,77.088598,51,114,211,Dense (20+)
308020,Krispy Kreme,"Cyber Hub, DLF Cyber City",28.4952079,77.0886879,51,114,214,Dense (20+)
309883,Not Just Paranthas,"Cyber Hub, DLF Cyber City",28.4951096,77.088598,51,114,211,Dense (20+)
306132,Oh! Calcutta,"Cyber Hub, DLF Cyber City",28.4952079,77.0886879,51,114,214,Dense (20+)
306956,Olive Bistro,"Cyber Hub, DLF Cyber City",28.4945922,77.0878786,46,114,212,Dense (20+)
305862,Pita Pit,"Cyber Hub, DLF Cyber City",28.4950691,77.0886429,51,115,211,Dense (20+)
307309,Raasta,"Cyber Hub, DLF Cyber City",28.4953121,77.0883732,50,114,214,Dense (20+)
306131,Red Mango,"Cyber Hub, DLF Cyber City",28.4952079,77.0886879,51,114,214,Dense (20+)
306127,Rred Hot Asian Bistro,"Cyber Hub, DLF Cyber City",28.4953871,77.0886879,50,114,210,Dense (20+)
313149,Smaaash,"Cyber Hub, DLF Cyber City",28.4950054,77.0889127,57,115,210,Dense (20+)
306001,Starbucks,"Cyber Hub, DLF Cyber City",28.4956457,77.0891982,57,113,202,Dense (20+)
308016,Sutra Gastropub,"Cyber Hub, DLF Cyber City",28.4948147,77.0883282,49,115,211,Dense (20+)
18336509,Taco Bell,"Cyber Hub, DLF Cyber City",28.4942639,77.0883113,47,115,211,Dense (20+)
18336176,The People & Co.,"Cyber Hub, DLF Cyber City",28.4949476,77.0887778,55,115,210,Dense (20+)
18383472,Theobroma,"Cyber Hub, DLF Cyber City",28.4947597,77.0886879,54,115,211,Dense (20+)
18292448,Wendy's,"Cyber Hub, DLF Cyber City",28.4949162,77.0875189,48,114,212,Dense (20+)
306134,The Wine Company,"Cyber Hub, DLF Cyber City",28.4962285,77.0890476,50,112,199,Dense (20+)
306946,Cafe Delhi Heights,"Cyber Hub, DLF Cyber City",28.4952079,77.0886879,51,114,214,Dense (20+)
18289242,Cyber Hub Social,"Cyber Hub, DLF Cyber City",28.4939356,77.088508,55,114,213,Dense (20+)
18277030,Delifrance - The France Cafe Bakery,"Cyber Hub, DLF Cyber City",28.49427139,77.08856095,52,115,211,Dense (20+)
306153,Dhaba By Claridges,"Cyber Hub, DLF Cyber City",28.4953871,77.0886879,50,114,210,Dense (20+)
308022,Farzi Cafe,"Cyber Hub, DLF Cyber City",28.4952079,77.0886879,51,114,214,Dense (20+)
305905,Hard Rock Cafe,"Cyber Hub, DLF Cyber City",28.4949217,77.088508,50,115,210,Dense (20+)
18245277,Instapizza,"Cyber Hub, DLF Cyber City",28.494089,77.0882383,47,115,212,Dense (20+)
305670,Made In Punjab,"Cyber Hub, DLF Cyber City",28.4951096,77.088598,51,114,211,Dense (20+)
305815,Nando's,"Cyber Hub, DLF Cyber City",28.4954941,77.0888677,52,114,207,Dense (20+)
18208920,Quaff,"Cyber Hub, DLF Cyber City",28.4944224,77.0880651,46,115,213,Dense (20+)
306046,SodaBottleOpenerWala,"Cyber Hub, DLF Cyber City",28.494832,77.088508,50,115,210,Dense (20+)
18381226,The Grill Mill,"Cyber Hub, DLF Cyber City",28.4940704,77.0884689,50,114,211,Dense (20+)
4992,Knight Rider,DLF Cyber City,28.4877882,77.0933407,27,124,260,Dense (20+)
300749,Chaayos,DLF Cyber City,28.4897992,77.0921049,51,114,249,Dense (20+)
278,Nooba,DLF Cyber City,28.4942482,77.0875639,45,114,212,Dense (20+)
225,Domino's Pizza,DLF Cyber City,28.4945253,77.0890476,58,115,210,Dense (20+)
18337929,Indigo Delicatessen,DLF Cyber City,28.4940166,77.0884181,50,114,212,Dense (20+)
5960,Escape Terrace Bar Kitchen,"DLF Galleria, DLF Phase 4",28.4671541,77.0822133,34,117,321,Dense (20+)
1664,Kwaliti,"DLF Galleria, DLF Phase 4",28.4672902,77.0817637,32,118,317,Dense (20+)
157,Subway,"DLF Galleria, DLF Phase 4",28.4676142,77.0814039,30,118,317,Dense (20+)
18235155,Burger Point,"DLF Galleria, DLF Phase 4",28.4672524,77.0823032,34,118,322,Dense (20+)
310211,Chaat Chowk,"DLF Galleria, DLF Phase 4",28.4670558,77.0821234,34,116,322,Dense (20+)
3346,Chef Style,"DLF Galleria, DLF Phase 4",28.4673798,77.0817637,33,118,317,Dense (20+)
310854,Delhicacy,"DLF Galleria, DLF Phase 4",28.4674317,77.0823032,34,118,323,Dense (20+)
18247015,Dimsum & Co.,"DLF Galleria, DLF Phase 4",28.4674661,77.0818119,34,118,318,Dense (20+)
309387,Instapizza,"DLF Galleria, DLF Phase 4",28.467504,77.0821234,34,118,320,Dense (20+)
7418,L'Opera,"DLF Galleria, DLF Phase 4",28.4671309,77.0824381,35,117,326,Dense (20+)
1455,Lazeez Food,"DLF Galleria, DLF Phase 4",28.4670676,77.081314,29,116,316,Dense (20+)
18241867,Le Marche Sugar & Spice Cafe,"DLF Galleria, DLF Phase 4",28.4675073,77.0812241,29,117,316,Dense (20+)
308889,The Breakfast Club,"DLF Galleria, DLF Phase 4",28.4671282,77.0819435,33,116,319,Dense (20+)
4620,Sugar & Spice - Le Marche,"DLF Galleria, DLF Phase 4",28.4671487,77.0812241,29,116,316,Dense (20+)
18322666,Crudo Juicery,"DLF Galleria, DLF Phase 4",28.4674868,77.0819435,34,118,320,Dense (20+)
311718,Fork with Stick,"DLF Galleria, DLF Phase 4",28.4674317,77.0823032,34,118,323,Dense (20+)
18255106,Uptown Fresh Beer Cafe,"DLF Galleria, DLF Phase 4",28.4675073,77.0812241,29,117,316,Dense (20+)
4876,Barista,"DLF Mega Mall, DLF Phase 1",28.47582155,77.09313545,28,79,312,Dense (20+)
631,Cafe Coffee Day,"DLF Mega Mall, DLF Phase 1",28.47548941,77.09359512,25,83,306,Dense (20+)
226,Domino's Pizza,"DLF Mega Mall, DLF Phase 1",28.47577587,77.09308315,28,80,313,Dense (20+)
8805,Italiano,"DLF Mega Mall, DLF Phase 1",28.47573225,77.09323503,28,81,311,Dense (20+)
3540,McDonald's,"DLF Mega Mall, DLF Phase 1",28.47586163,77.09302582,29,80,313,Dense (20+)
311579,Parantha Gurus,"DLF Mega Mall, DLF Phase 1",28.47574493,77.09312875,28,78,312,Dense (20+)
303709,Pizza Hut Delivery,"DLF Mega Mall, DLF Phase 1",28.47626303,77.09333964,30,75,305,Dense (20+)
18391156,Sibang Bakery,"DLF Mega Mall, DLF Phase 1",28.47581065,77.09336612,28,81,310,Dense (20+)
301319,Sonya Bakery Cafe,"DLF Mega Mall, DLF Phase 1",28.4759094,77.093094,29,80,312,Dense (20+)
158,Subway,"DLF Mega Mall, DLF Phase 1",28.47568922,77.09308684,28,80,313,Dense (20+)
1360,Viva Hyderabad,"DLF Mega Mall, DLF Phase 1",28.4756627,77.09311534,28,80,313,Dense (20+)
310737,7 Barrel Brew Pub,"DLF Mega Mall, DLF Phase 1",28.4761926,77.09335439,30,75,306,Dense (20+)
4762,Wai Yu Mun Ching,"DLF Mega Mall, DLF Phase 1",28.47567184,77.09319044,28,81,312,Dense (20+)
311736,Baskin Robbins,"DLF Mega Mall, DLF Phase 1",28.4757632,77.0930171,28,79,314,Dense (20+)
311116,KFC,"DLF Mega Mall, DLF Phase 1",28.47650794,77.09351432,30,76,299,Dense (20+)
3483,Burmese Kitchen Plus,DLF Phase 1,28.4778552,77.1002873,10,71,233,Dense (20+)
18308025,Drinks Come True,DLF Phase 1,28.4693415,77.0993882,29,64,201,Dense (20+)
307272,Eat All Nite,DLF Phase 1,28.4726847,77.0935886,27,85,300,Dense (20+)
18025115,Frontier,DLF Phase 1,28.4660588,77.0997478,14,41,215,Dense (20+)
18454285,GenY Cuisines,DLF Phase 1,28.4733215,77.0922847,25,78,310,Dense (20+)
1687,K Raga's,DLF Phase 1,28.4733301,77.0923747,25,79,310,Dense (20+)
308605,Kangri,DLF Phase 1,28.46121389,77.07935278,47,120,242,Dense (20+)
18422652,Makhmali Kebabs,DLF Phase 1,28.4661053,77.0992983,14,41,222,Dense (20+)
18131568,Masala Ville,DLF Phase 1,28.471636,77.0984902,20,65,228,Dense (20+)
18034048,Night Food Xprs,DLF Phase 1,28.4693415,77.0993882,29,64,201,Dense (20+)
18138457,Roti Boti,DLF Phase 1,28.481301,77.092856,21,77,306,Dense (20+)
313272,Sama Chicken Biryani,DLF Phase 1,28.48187686,77.0948286,13,82,283,Dense (20+)
9778,Subway,DLF Phase 1,28.4657898,77.0997478,14,41,217,Dense (20+)
312523,The Rolling Pin Bakery,DLF Phase 1,28.4679828,77.0983092,18,52,223,Dense (20+)
18424575,Weird Time Food,DLF Phase 1,28.477689,77.074163,9,64,240,Dense (20+)
18204463,Twigly,DLF Phase 1,28.4803156,77.0923421,24,67,308,Dense (20+)
307627,Asian Haus,DLF Phase 1,28.4778418,77.1003687,10,71,230,Dense (20+)
301302,Beyond Breads,DLF Phase 1,28.4733215,77.0922847,25,78,310,Dense (20+)
312995,Biryani By Kilo,DLF Phase 1,28.4780345,77.1002873,10,71,230,Dense (20+)
308577,Captain Grub,DLF Phase 1,28.4660588,77.0997478,14,41,215,Dense (20+)
313376,Pita Pit,DLF Phase 1,28.4778552,77.1002873,10,71,233,Dense (20+)
312536,Rawleaf,DLF Phase 1,28.4694359,77.0957016,11,65,274,Dense (20+)
310385,Sushi Haus,DLF Phase 1,28.4778638,77.1003772,10,71,230,Dense (20+)
18464003,Eggzellent,DLF Phase 1,28.47773187,77.10031841,10,71,233,Dense (20+)
18349915,High On Tea,DLF Phase 1,28.47580623,77.09313076,28,79,312,Dense (20+)
18299228,Sona Bridge Hotel,DLF Phase 1,28.47,77.1,29,64,208,Dense (20+)
18034074,Yo! Dimsum,DLF Phase 1,28.4661923,77.0988037,17,41,231,Dense (20+)
311080,Angrezee Choupal,DLF Phase 2,28.4827659,77.0860801,15,78,309,Dense (20+)
18462603,Ashoka Snacks Corner,DLF Phase 2,28.4828445,77.0860056,15,78,307,Dense (20+)
18472765,Corp Kitchen,DLF Phase 2,28.48211622,77.08986362,21,110,308,Dense (20+)
18361580,Pao King,DLF Phase 2,28.4840963,77.0826144,30,66,290,Dense (20+)
18417487,Prabhat Fast Food Corner,DLF Phase 2,28.490311,77.0843715,2,96,245,Dense (20+)
18462605,Shama Chicken Corner,DLF Phase 2,28.4823177,77.0860801,15,86,314,Dense (20+)
18462609,Unique Food Hut,DLF Phase 2,28.4904966,77.082573,2,59,246,Dense (20+)
3565,A 1 - Snacks and food corner,DLF Phase 3,28.4899921,77.0942076,51,118,249,Dense (20+)
18367364,Anandum,DLF Phase 3,28.486136,77.1034343,11,41,203,Dense (20+)
1028,Apni Rasoi,DLF Phase 3,28.4912907,77.0936335,54,110,243,Dense (20+)
308673,Banke Bihari Bhojanalay,DLF Phase 3,28.4934335,77.0935436,62,107,229,Dense (20+)
18383473,Biryani 365,DLF Phase 3,28.4948958,77.0957016,37,107,177,Dense (20+)
18444416,Bro's Kitchenette,DLF Phase 3,28.48826511,77.09530905,33,103,263,Dense (20+)
18161609,Cafe Coffee Day,DLF Phase 3,28.49457813,77.09327124,84,108,187,Dense (20+)
611,Cafe Coffee Day,DLF Phase 3,28.49034965,77.09158514,53,112,251,Dense (20+)
18322677,Cafe Du Rendezvous,DLF Phase 3,28.4947415,77.0998522,5,69,170,Dense (20+)
18204847,Cake 24x7,DLF Phase 3,28.4874747,77.1038389,10,35,201,Dense (20+)
308044,Cake On Wheels,DLF Phase 3,28.4874309,77.1047829,10,27,199,Dense (20+)
18294819,Cake Point,DLF Phase 3,28.4902409,77.0939033,52,114,249,Dense (20+)
309697,Cake Point,DLF Phase 3,28.487654,77.1038389,10,36,202,Dense (20+)
18444353,Cakes Degree,DLF Phase 3,28.4923373,77.094263,53,108,238,Dense (20+)
304185,Chateau Garlic,DLF Phase 3,28.48750366,77.10263249,10,60,205,Dense (20+)
18383489,Chennai Express,DLF Phase 3,28.4931181,77.0939932,53,107,230,Dense (20+)
312022,Crust N Cakes,DLF Phase 3,28.4911611,77.0922847,57,111,249,Dense (20+)
18425765,Dabba Meat,DLF Phase 3,28.4906544,77.0930322,52,111,250,Dense (20+)
2827,Deepak Rasoi,DLF Phase 3,28.4897671,77.0951644,51,123,249,Dense (20+)
18223957,Foodaucity - Bum Bum Bholey Ke Chole Bhature,DLF Phase 3,28.4938093,77.0937234,59,107,205,Dense (20+)
300074,Goli Vada Pav No. 1,DLF Phase 3,28.4935145,77.0934537,68,107,226,Dense (20+)
305096,Grandma's Kitchen,DLF Phase 3,28.49147,77.0936335,54,110,242,Dense (20+)
18336206,Gurgaon Hights,DLF Phase 3,28.4917895,77.093679,54,110,241,Dense (20+)
303094,Idliss,DLF Phase 3,28.4933028,77.0949823,53,107,205,Dense (20+)
306858,Indian Home Food,DLF Phase 3,28.4911838,77.0934537,54,110,246,Dense (20+)
312562,Jetha Lal Ka Dhabha,DLF Phase 3,28.49332817,77.09503077,54,107,202,Dense (20+)
307935,Kusum Rolls,DLF Phase 3,28.4907443,77.092692,52,110,248,Dense (20+)
302184,Megha Vaishno Dhaba,DLF Phase 3,28.4949836,77.0952332,38,107,175,Dense (20+)
1694,Nikhil Food Point,DLF Phase 3,28.4899703,77.0947642,51,119,249,Dense (20+)
309541,Plan B,DLF Phase 3,28.4846488,77.0962564,10,91,266,Dense (20+)
18161587,Punjabi Zaika,DLF Phase 3,28.4872602,77.1048728,10,27,199,Dense (20+)
18258475,Rasoi,DLF Phase 3,28.487522,77.1046906,10,27,198,Dense (20+)
313209,Roll's Royce,DLF Phase 3,28.4934594,77.0938134,54,107,229,Dense (20+)
302229,Shree Bikaner Misthan Bhandar,DLF Phase 3,28.4921002,77.0941281,54,110,240,Dense (20+)
18441196,Smokey Pan,DLF Phase 3,28.4899428,77.0945327,51,120,249,Dense (20+)
18398610,Surprise O Meal,DLF Phase 3,28.4911924,77.0935436,54,110,246,Dense (20+)
18237322,Tandoor on The Way,DLF Phase 3,28.4931646,77.0935436,57,108,233,Dense (20+)
309696,Tawa N Tandoor,DLF Phase 3,28.4928519,77.0944877,52,107,229,Dense (20+)
18357544,The Paradise Biryani,DLF Phase 3,28.4942093,77.0994974,8,70,173,Dense (20+)
18431563,The Royal,DLF Phase 3,28.4936446,77.0934087,83,107,225,Dense (20+)
18337747,Theka Desi Khaana,DLF Phase 3,28.4932941,77.0948924,53,107,210,Dense (20+)
18258477,Tobasco Kitchen,DLF Phase 3,28.4930484,77.0946676,53,107,222,Dense (20+)
18396189,Tpot,DLF Phase 3,28.4934335,77.0935436,62,107,229,Dense (20+)
6915,Uncle's Cafe,DLF Phase 3,28.4900962,77.094263,51,119,249,Dense (20+)
18233576,Welcome Cafeteria,DLF Phase 3,28.4931115,77.0940363,53,107,230,Dense (20+)
18256890,Yo Yo China Town,DLF Phase 3,28.49330872,77.093805,54,108,231,Dense (20+)
18384115,Caterspoint,DLF Phase 3,28.4872636,77.1039737,10,34,201,Dense (20+)
18352208,Bake-a-boo,DLF Phase 3,28.49025712,77.09623341,50,120,243,Dense (20+)
4171,Burger Hut,DLF Phase 3,28.4923373,77.094263,53,108,238,Dense (20+)
18238279,China Gatherings,DLF Phase 3,28.4902409,77.0939033,52,114,249,Dense (20+)
18286517,Crazy Bhukkhad,DLF Phase 3,28.4896545,77.0924646,51,115,249,Dense (20+)
575,Deez Biryani & Kebabs,DLF Phase 3,28.4878161,77.103659,10,38,203,Dense (20+)
18280305,Fomads,DLF Phase 3,28.4922725,77.0943525,53,108,238,Dense (20+)
18359286,Happy Beings,DLF Phase 3,28.490666,77.094627,54,116,245,Dense (20+)
18450609,InstaDozza,DLF Phase 3,28.4934335,77.0935436,62,107,229,Dense (20+)
18237324,Mom's Kitchen,DLF Phase 3,28.4937283,77.0938134,56,107,213,Dense (20+)
18461214,The Baker's Bar  ... Bakery & Cafe,DLF Phase 3,28.49088743,77.09333796,53,109,248,Dense (20+)
18294226,Veg Ex,DLF Phase 3,28.4879232,77.1036643,10,38,203,Dense (20+)
18383513,Volt - By Plan B,DLF Phase 3,28.4957118,77.1021761,2,56,155,Dense (20+)
18372311,ZASTY,DLF Phase 3,28.492698,77.094031,53,107,235,Dense (20+)
4172,Aahar,DLF Phase 3,28.492384,77.0943256,53,108,237,Dense (20+)
310525,Chicken Bytes,DLF Phase 3,28.4923373,77.094263,53,108,238,Dense (20+)
300054,Flying Cakes,DLF Phase 3,28.4924355,77.0943529,53,107,235,Dense (20+)
301278,Punjabi Tadka,DLF Phase 3,28.4914786,77.0937234,54,110,242,Dense (20+)
18451182,Coldpress Company,DLF Phase 3,28.489834,77.09321138,51,113,249,Dense (20+)
18384142,Crudo Juicery,DLF Phase 3,28.4871499,77.1049154,10,27,199,Dense (20+)
18241498,First Eat,DLF Phase 3,28.4904461,77.094173,52,114,249,Dense (20+)
18265384,Zoe,DLF Phase 3,28.49488428,77.08978873,62,114,208,Dense (20+)
311494,Dabba Meat,DLF Phase 4,28.4681035,77.087429,15,94,301,Dense (20+)
7078,Kashmiri Kitchen,DLF Phase 4,28.4739245,77.0715115,12,34,251,Dense (20+)
307185,Rumi's Kitchen,DLF Phase 4,28.4700182,77.0858383,24,97,300,Dense (20+)
18371404,Baking Bad,DLF Phase 4,28.4666333,77.0813069,29,118,317,Dense (20+)
18281982,Bamboo Boat,DLF Phase 4,28.4614757,77.0888382,38,115,252,Dense (20+)
311725,Big Jack's,DLF Phase 4,28.46970311,77.08591864,27,96,300,Dense (20+)
18365994,Kebab Gali,DLF Phase 4,28.4626173,77.0872491,47,121,277,Dense (20+)
18254524,Lucknow Mail,DLF Phase 4,28.4700505,77.0857654,25,97,301,Dense (20+)
18070480,Monster's Cafe,DLF Phase 4,28.46978122,77.08598737,26,96,301,Dense (20+)
312261,Monty's Chicken Wings,DLF Phase 4,28.461408,77.0881933,45,118,254,Dense (20+)
18433890,My Country Platter,DLF Phase 4,28.4614598,77.0887329,40,117,253,Dense (20+)
18138434,SARA World Cuisine,DLF Phase 4,28.4616192,77.0880584,45,119,256,Dense (20+)
303100,Wah! Amritsar,DLF Phase 4,28.4617002,77.0879685,46,119,258,Dense (20+)
18025125,World In A Box,DLF Phase 4,28.4834181,77.0966008,8,92,275,Dense (20+)
18425140,Bun Intended,DLF Phase 4,28.46624793,77.08301514,32,114,324,Dense (20+)
18241497,Cafe Gatherings,DLF Phase 4,28.4622589,77.0875226,47,121,275,Dense (20+)
18153541,Cafe Soul Garden,DLF Phase 4,28.4616072,77.0888677,35,116,254,Dense (20+)
18339049,Food O Gram,DLF Phase 4,28.4699579,77.0859584,22,97,300,Dense (20+)
18232093,Happy Hakka,DLF Phase 4,28.46157,77.0880135,46,119,256,Dense (20+)
18361762,Kaiser,DLF Phase 4,28.46147,77.088706,40,117,253,Dense (20+)
18025098,Pizza Central,DLF Phase 4,28.4623501,77.087295,47,121,275,Dense (20+)
18337913,Tasty Fare,DLF Phase 5,28.4486392,77.0957635,34,50,157,Dense (20+)
18138446,Burger Point,DLF Phase 5,28.4495295,77.0978116,34,50,153,Dense (20+)
18383447,Drifters Cafe,DLF Phase 5,28.4477214,77.0951664,34,51,150,Dense (20+)
18381262,Oh! Fudge,DLF Phase 5,28.4486422,77.0957435,34,50,157,Dense (20+)
18349894,Anjlika,"DLF South Point Mall, Golf Course Road",28.447904,77.0992983,34,55,113,Dense (20+)
304552,IZU,"DLF South Point Mall, Golf Course Road",28.4481471,77.0990285,36,54,141,Dense (20+)
4618,Sugar & Spice - Le Marche,"DLF South Point Mall, Golf Course Road",28.4476522,77.0994781,36,55,102,Dense (20+)
307366,Bizibean,"DLF South Point Mall, Golf Course Road",28.4480747,77.0992084,36,54,129,Dense (20+)
18366026,ChandChini,"DLF South Point Mall, Golf Course Road",28.4478212,77.09939003,34,55,106,Dense (20+)
9895,Coffee & Chai Co.,"DLF South Point Mall, Golf Course Road",28.4480264,77.0992156,36,54,124,Dense (20+)
18453035,Greek Food & Beyond,"DLF South Point Mall, Golf Course Road",28.4479922,77.0990488,36,54,132,Dense (20+)
302455,Mediumwelldone,"DLF South Point Mall, Golf Course Road",28.4476522,77.0994781,36,55,102,Dense (20+)
308248,Sonya Bakery Cafe,"DLF South Point Mall, Golf Course Road",28.4482945,77.0991634,36,54,144,Dense (20+)
313047,Soul & Spice Co.,"DLF South Point Mall, Golf Course Road",28.448066,77.0991184,36,54,133,Dense (20+)
8241,7 Degrees Brauhaus,"DLF South Point Mall, Golf Course Road",28.448173,77.0992983,36,54,134,Dense (20+)
18341926,Cafe Amaretto,"DLF South Point Mall, Golf Course Road",28.4481557,77.0991184,36,54,140,Dense (20+)
308023,Sibang Bakery,"DLF South Point Mall, Golf Course Road",28.4472358,77.0993432,40,56,102,Dense (20+)
311486,The Hangout by 1861,"DLF South Point Mall, Golf Course Road",28.4477333,77.0993882,36,55,105,Dense (20+)
18138430,The Mad Teapot/The Wishing Chair,"DLF South Point Mall, Golf Course Road",28.4476522,77.0994781,36,55,102,Dense (20+)
18361778,Ninkasi Imperial Brews & Cookery,"DLF Star Mall, Sector 30",28.4616176,77.0526236,4,25,168,Dense (20+)
9742,Zaffran,"DLF Star Mall, Sector 30",28.4616552,77.0525451,4,25,167,Dense (20+)
7518,Spiritual Bar & Lounge-DoubleTree by Hilton,"DoubleTree by Hilton, Sector 56",28.4221468,77.104693,6,37,64,Dense (20+)
7516,The Food Store - DoubleTree by Hilton,"DoubleTree by Hilton, Sector 56",28.4221468,77.104693,6,37,64,Dense (20+)
3586,Barista,"DT City Centre Mall, MG Road",28.4788581,77.0808644,47,70,296,Dense (20+)
313264,Burger King,"DT City Centre Mall, MG Road",28.4792485,77.0807295,47,69,288,Dense (20+)
311805,Club Mojo,"DT City Centre Mall, MG Road",28.4788089,77.0808194,47,70,298,Dense (20+)
308897,KFC,"DT City Centre Mall, MG Road",28.479127,77.0808644,47,70,290,Dense (20+)
2825,Not Just Paranthas,"DT City Centre Mall, MG Road",28.4788581,77.0808644,47,70,296,Dense (20+)
9674,Shree Rathnam,"DT City Centre Mall, MG Road",28.4787511,77.0806845,47,70,293,Dense (20+)
18276997,Mogli's Coffee,"DT City Centre Mall, MG Road",28.47907544,77.08076142,47,70,289,Dense (20+)
18336180,Pind Balluchi,"DT Mega Mall, DLF Phase 1",28.4757509,77.0931234,28,78,312,Dense (20+)
311061,Sip n Bite,"DT Mega Mall, DLF Phase 1",28.47571545,77.09314417,28,80,311,Dense (20+)
18312471,Abar Khabo,"DT Mega Mall, DLF Phase 1",28.47579915,77.09307712,28,80,313,Dense (20+)
18378048,Moti Mahal Delux,"DT Mega Mall, DLF Phase 1",28.476268,77.093094,30,75,307,Dense (20+)
18462584,The Lost Mughal,"DT Mega Mall, DLF Phase 1",28.47565209,77.09335204,28,83,309,Dense (20+)
5019,Fortune Deli - Fortune Select Excalibur,"Fortune Select Excalibur, Sohna Road",28.4164952,77.0411995,14,36,51,Dense (20+)
4719,India on my Plate - Fortune Select Excalibur,"Fortune Select Excalibur, Sohna Road",28.4164952,77.0411995,14,36,51,Dense (20+)
305400,Orchid - Fortune Select Global,"Fortune Select Global, MG Road",28.4818475,77.1031649,5,33,178,Dense (20+)
309141,Hungry Buffoons,"Global Foyer Mall, Golf Course Road",28.460459,77.0950645,7,52,235,Dense (20+)
302880,Karim's,"Global Foyer Mall, Golf Course Road",28.4603029,77.0948924,7,54,235,Dense (20+)
303960,Manhattan Brewery & Bar Exchange,"Global Foyer Mall, Golf Course Road",28.460271,77.0950273,7,54,235,Dense (20+)
9773,Di Miso,"Global Foyer Mall, Golf Course Road",28.460546,77.0946226,7,54,236,Dense (20+)
309125,Kuuraku,"Global Foyer Mall, Golf Course Road",28.4604087,77.0946989,7,53,234,Dense (20+)
18463965,Vapour Bar Exchange,"Global Foyer Mall, Golf Course Road",28.4603115,77.0949823,7,54,235,Dense (20+)
18408054,19 Flavours Biryani,"Global Foyer Mall, Golf Course Road",28.4604444,77.0954319,7,52,241,Dense (20+)
2091,Bhai Ji Foods,Golf Course Road,28.4543812,77.0971853,14,46,182,Dense (20+)
305790,Captain Bill$ Deliverz,Golf Course Road,28.43230959,77.08932303,7,15,115,Moderate (6-20)
3445,Curry n Phulka,Golf Course Road,28.4494782,77.0979495,34,50,153,Dense (20+)
312111,Jaguar,Golf Course Road,28.4499246,77.0986339,34,50,150,Dense (20+)
2475,Jalsa Lounge,Golf Course Road,28.4667953,77.0941432,5,84,269,Dense (20+)
18361772,Lord of Grillz,Golf Course Road,28.4372372,77.1042874,12,29,112,Dense (20+)
308553,Midnight Cravings Beyond Control,Golf Course Road,28.4369224,77.0975132,3,38,131,Dense (20+)
307043,Outback,Golf Course Road,28.4324764,77.1047562,4,42,99,Dense (20+)
307304,The Cinnamon Kitchen,Golf Course Road,28.4370522,77.0974101,3,38,132,Dense (20+)
18427868,Dudleys,Golf Course Road,28.441123,77.102108,22,46,108,Dense (20+)
2148,56 Ristorante Italiano,Golf Course Road,28.4400925,77.1019957,20,45,109,Dense (20+)
18450874,All Time Cafe,Golf Course Road,28.4393747,77.1039229,13,31,113,Dense (20+)
18408063,Baba's,Golf Course Road,28.434018,77.1042012,5,26,109,Dense (20+)
18393697,Chilli Indiana,Golf Course Road,28.4396385,77.1032552,20,37,113,Dense (20+)
8931,Go Kylin,Golf Course Road,28.43823059,77.09865443,8,30,126,Dense (20+)
306880,Just for Chai,Golf Course Road,28.4411247,77.1025313,21,45,108,Dense (20+)
18408031,Kabab Mistri,Golf Course Road,28.4372138,77.1004268,12,35,123,Dense (20+)
304897,Nashta,Golf Course Road,28.441297,77.10256,21,44,108,Dense (20+)
309136,Nooba,Golf Course Road,28.4461485,77.0987588,34,58,112,Dense (20+)
307580,Side Wok,Golf Course Road,28.4549192,77.0971853,14,46,198,Dense (20+)
18430557,Takamaka,Golf Course Road,28.4451163,77.1015446,31,59,96,Dense (20+)
18441771,The Ark,Golf Course Road,28.4218116,77.105038,6,37,63,Dense (20+)
18460311,The Gathering Hut,Golf Course Road,28.4545373,77.0974101,14,46,184,Dense (20+)
18161583,Wangchuk's Ladakhi Kitchen,Golf Course Road,28.4663219,77.0940831,5,71,270,Dense (20+)
18237346,Daawat-e-Kashmir,Golf Course Road,28.4247729,77.109638,2,19,61,Moderate (6-20)
311662,La Pino'z Pizza,Golf Course Road,28.43849033,77.10288294,11,29,116,Dense (20+)
18430602,The Diet Kitchen,Golf Course Road,28.4604777,77.0956926,7,53,241,Dense (20+)
5172,Om Sweets & Snacks,"Hong Kong Bazaar Mall, Sector 57, Gurgaon",28.4211432,77.0904863,4,17,65,Moderate (6-20)
6643,Subway,"Hong Kong Bazaar Mall, Sector 57, Gurgaon",28.4210196,77.0906308,4,17,65,Moderate (6-20)
300978,Taste of Tamil Nadu,"Hong Kong Bazaar Mall, Sector 57, Gurgaon",28.4208742,77.0904863,4,15,62,Moderate (6-20)
311640,The Bridge - Hotel Clark Inn Gurgaon,"Hotel Clark Inn, Sector 15",28.4576098,77.033939,12,29,107,Dense (20+)
311629,Illusion The Lounge Bar - Hotel Clark Inn Gurgaon,"Hotel Clark Inn, Sector 15",28.4576265,77.0338804,12,30,107,Dense (20+)
303430,Gardenia - Hotel Grenville,"Hotel Grenville, MG Road",28.4655997,77.0386607,8,29,128,Dense (20+)
303486,Call For Cuisine - Hotel Grenville,"Hotel Grenville, MG Road",28.4655681,77.038546,8,31,128,Dense (20+)
309423,Armory - Hotel Haut.Monde,"Hotel Haute.Monde, Sector 15",28.4553886,77.0382289,10,17,101,Moderate (6-20)
309421,Citron - Hotel Haut.Monde,"Hotel Haute.Monde, Sector 15",28.4553962,77.0382176,10,17,100,Moderate (6-20)
308390,Gabbar Meals,"Huda City Centre Metro Station, Sector 29, Gurgaon",28.459424,77.0726806,14,47,215,Dense (20+)
308473,McDonald's,"Huda City Centre Metro Station, Sector 29, Gurgaon",28.4594327,77.0727706,14,47,216,Dense (20+)
308997,Crust Bistro,"Huda City Centre Metro Station, Sector 29, Gurgaon",28.45938349,77.07272552,14,47,216,Dense (20+)
308470,Dunkin' Donuts,"Huda City Centre Metro Station, Sector 29, Gurgaon",28.4594327,77.0727706,14,47,216,Dense (20+)
308477,Kabab Roll Cafe,"Huda City Centre Metro Station, Sector 29, Gurgaon",28.4593835,77.0727256,14,47,216,Dense (20+)
307786,Starbucks,"Huda City Centre Metro Station, Sector 29, Gurgaon",28.4588688,77.0725008,14,48,215,Dense (20+)
308447,Eggers Madhouse,"Huda City Centre Metro Station, Sector 29, Gurgaon",28.459424,77.0726806,14,47,215,Dense (20+)
17977796,Gallery Cafí© - Hyatt Place,Hyatt Place Gurgaon,28.5008981,77.065948,8,13,83,Moderate (6-20)
17977757,Coffee to Cocktail Bar - Hyatt Place,Hyatt Place Gurgaon,28.5008454,77.0659784,8,13,83,Moderate (6-20)
4256,Spice It - Hotel IBIS,"IBIS Hotel, Golf Course Road",28.4470228,77.0993934,39,57,104,Dense (20+)
18306548,Nukkadwala,"JMD Megapolis Mall, Sohna Road",28.419985,77.038187,12,32,50,Dense (20+)
5032,Power Play Resto Bar,"JMD Regent Arcade Mall, MG Road",28.4797315,77.088553,20,102,338,Dense (20+)
7472,Daikichi,"JMD Regent Arcade Mall, MG Road",28.4797893,77.0886879,20,103,339,Dense (20+)
302336,The Atrium - By Jukaso It Suites,"Jukaso It Suites, Sector 14",28.4725545,77.0536264,0,41,127,Dense (20+)
8413,Delhi - Kingdom of Dreams,"Kingdom of Dreams, Sector 29",28.4679413,77.0679481,27,49,241,Dense (20+)
8437,Lucknow - Kingdom of Dreams,"Kingdom of Dreams, Sector 29",28.4684937,77.0683484,21,54,242,Dense (20+)
8019,Longitude 77Á03' Bar - Le Meridien Gurgaon,"Le Meridien Gurgaon, MG Road",28.4805868,77.1081995,2,25,152,Dense (20+)
307416,I-Kandy - Le Meridien Gurgaon,"Le Meridien Gurgaon, MG Road",28.481264,77.1087266,2,25,155,Dense (20+)
18369743,Bella Cucina - Le Meridien Gurgaon,"Le Meridien Gurgaon, MG Road",28.4812481,77.1087258,2,25,155,Dense (20+)
307533,Bar Code - Leisure Inn,"Leisure Inn, Sector 14, Gurgaon",28.4705263,77.0395172,13,48,105,Dense (20+)
307225,Bites - Leisure Inn,"Leisure Inn, Sector 14, Gurgaon",28.4705061,77.0395353,13,48,105,Dense (20+)
307426,Outback Bar and Grill - Leisure Inn,"Leisure Inn, Sector 14, Gurgaon",28.4704989,77.0396702,14,48,105,Dense (20+)
6700,Citrus Cafe - Lemon Tree Premier,"Lemon Tree Premier, Sector 29",28.4676295,77.0648668,40,50,175,Dense (20+)
300538,Ammu's South Indian Restaurant,MG Road,28.4734916,77.0809099,6,99,310,Dense (20+)
4879,Barista,MG Road,28.4805404,77.1023726,11,49,181,Dense (20+)
18198441,Bengali By Nature,MG Road,28.4766191,77.0827529,34,84,300,Dense (20+)
18334445,Burger Planet,MG Road,28.4771042,77.085001,27,107,340,Dense (20+)
302920,Cafe Coffee Day,MG Road,28.4797836,77.0802349,46,69,272,Dense (20+)
18430882,Chini Bowl,MG Road,28.476072,77.0761927,4,65,295,Dense (20+)
313204,E Yum,MG Road,28.47773187,77.10031841,10,71,233,Dense (20+)
303477,Handi X-Press,MG Road,28.4761607,77.0828835,23,106,299,Dense (20+)
5230,Ion Club & Dining Lounge,MG Road,28.479691,77.088598,20,102,338,Dense (20+)
3582,Komachi,MG Road,28.4776351,77.0731066,9,64,238,Dense (20+)
303470,Mehfil-e-Handi,MG Road,28.4760986,77.0829327,23,115,300,Dense (20+)
429,Mezbaan's,MG Road,28.4757777,77.0823932,23,102,302,Dense (20+)
18034040,Mini Mahal Delux,MG Road,28.4787425,77.0805946,47,70,293,Dense (20+)
17953932,Pita Pan,MG Road,28.4805094,77.0803248,43,69,284,Dense (20+)
312668,SBar Club & Lounge,MG Road,28.4796672,77.0902166,21,102,336,Dense (20+)
997,China Club,MG Road,28.4800544,77.1020369,11,71,190,Dense (20+)
2144,Coriander Leaf,MG Road,28.4775699,77.0811126,48,77,310,Dense (20+)
305682,Doughlicious,MG Road,28.4806694,77.1026087,11,43,176,Dense (20+)
17953934,FreshMenu,MG Road,28.4800592,77.0820362,54,69,289,Dense (20+)
3855,L'Angoor,MG Road,28.4806041,77.1020768,11,50,190,Dense (20+)
310445,The Cakelicious Factory,MG Road,28.4821819,77.0963632,12,79,277,Dense (20+)
892,Green's,MG Road,28.4757372,77.0824381,23,104,301,Dense (20+)
2056,New Zaika,MG Road,28.477294,77.0692631,9,26,184,Dense (20+)
307509,Love Is Cakes,MG Road,28.4726847,77.0935886,27,85,300,Dense (20+)
797,Costa Coffee,"MGF Mega City Mall, MG Road",28.4798584,77.0894073,19,103,339,Dense (20+)
308013,Uforia,"MGF Mega City Mall, MG Road",28.4798411,77.0892274,19,103,339,Dense (20+)
2760,Vapour Pub & Brewery,"MGF Mega City Mall, MG Road",28.4798031,77.0892792,19,103,339,Dense (20+)
8913,Pirates of Grill,"MGF Mega City Mall, MG Road",28.4799415,77.0893563,19,103,339,Dense (20+)
311759,Barista Creme Lavazza,"MGF Metropolis Mall, MG Road",28.4785568,77.0823932,50,73,324,Dense (20+)
18446889,Frozen Adda,"MGF Metropolis Mall, MG Road",28.4784876,77.0816737,49,70,306,Dense (20+)
9957,McDonald's,"MGF Metropolis Mall, MG Road",28.479447,77.0818967,50,69,302,Dense (20+)
308840,Mr Idli Xpress,"MGF Metropolis Mall, MG Road",28.4792539,77.0817187,49,69,300,Dense (20+)
18432226,buí©no,"MGF Metropolis Mall, MG Road",28.478398,77.0816737,48,70,309,Dense (20+)
311777,Starbucks,"MGF Metropolis Mall, MG Road",28.4791426,77.0818667,50,69,300,Dense (20+)
2064,Al Kabab,"MGF Metropolitan Mall, MG Road",28.4803301,77.0803248,43,69,283,Dense (20+)
311758,Bangkok 1,"MGF Metropolitan Mall, MG Road",28.4802521,77.0802124,43,69,280,Dense (20+)
514,Barista,"MGF Metropolitan Mall, MG Road",28.4809987,77.0800708,42,68,280,Dense (20+)
18408212,Cafe Cravings,"MGF Metropolitan Mall, MG Road",28.481108,77.0802574,42,69,288,Dense (20+)
2061,Hello Sichuan,"MGF Metropolitan Mall, MG Road",28.4806523,77.0802215,42,69,284,Dense (20+)
2458,McDonald's,"MGF Metropolitan Mall, MG Road",28.4803729,77.0800417,43,69,276,Dense (20+)
420,Rajasthali,"MGF Metropolitan Mall, MG Road",28.4808348,77.0802124,42,69,286,Dense (20+)
1599,Street Foods by Punjab Grill,"MGF Metropolitan Mall, MG Road",28.4803301,77.0803248,43,69,283,Dense (20+)
159,Subway,"MGF Metropolitan Mall, MG Road",28.4804762,77.0802124,43,69,283,Dense (20+)
300119,Tibb's Frankie,"MGF Metropolitan Mall, MG Road",28.4803207,77.0801851,43,69,281,Dense (20+)
18466924,Tunday Kababi Dastarkhwan-e-Awadh,"MGF Metropolitan Mall, MG Road",28.48028198,77.08040039,43,69,283,Dense (20+)
18354984,Dunkin' Donuts,"MGF Metropolitan Mall, MG Road",28.4807697,77.0802349,42,69,286,Dense (20+)
1096,Haldiram's,"MGF Metropolitan Mall, MG Road",28.4807292,77.0802798,42,69,286,Dense (20+)
18336208,Keventers,"MGF Metropolitan Mall, MG Road",28.4807697,77.0802349,42,69,286,Dense (20+)
3213,Khaaja Chowk,"MGF Metropolitan Mall, MG Road",28.4805322,77.0801711,42,69,284,Dense (20+)
18381642,Phantom,"MGF Metropolitan Mall, MG Road",28.4808594,77.0802349,42,69,287,Dense (20+)
338,Sage,"MGF Metropolitan Mall, MG Road",28.4805204,77.0801226,42,69,281,Dense (20+)
1245,TGI Friday's,"MGF Metropolitan Mall, MG Road",28.4810064,77.0801187,42,69,281,Dense (20+)
18381233,The Belgian Fries Company,"MGF Metropolitan Mall, MG Road",28.4802478,77.0801674,43,69,280,Dense (20+)
18153552,The Grills King,"MGF Metropolitan Mall, MG Road",28.4808767,77.0803727,42,69,288,Dense (20+)
18082232,Chicago Pizza,"MGF Metropolitan Mall, MG Road",28.4803174,77.080144,43,69,280,Dense (20+)
3585,Suburbia - The Empire,"MGF Metropolitan Mall, MG Road",28.4811283,77.0802349,42,69,286,Dense (20+)
305698,Viva Hyderabad,"MGF Metropolitan Mall, MG Road",28.4803866,77.0802124,43,69,283,Dense (20+)
18337917,Queens Cafí©,"MGF Metropolitan Mall, MG Road",28.4805091,77.0801793,42,69,283,Dense (20+)
6847,Cafe Coffee Day,"Ninex City Mart Mall, Sohna Road",28.4166832,77.0412894,14,36,51,Dense (20+)
8147,FOA - The Flavours of Arabia,"Ninex City Mart Mall, Sohna Road",28.4167026,77.0413756,14,36,51,Dense (20+)
18198825,A1,Old Railway Road,28.4669375,77.0204947,27,46,92,Dense (20+)
302044,Apni Rasoi,Old Railway Road,28.4841816,77.0129534,2,12,44,Moderate (6-20)
18399220,DBDN Deena Meat Vala,Old Railway Road,28.4569872,77.026849,8,28,91,Dense (20+)
5084,Deep Chicken Corner,Old Railway Road,28.4667157,77.0206596,26,47,92,Dense (20+)
302024,Dilli Rasoi,Old Railway Road,28.4667607,77.0203953,28,46,92,Dense (20+)
18396399,French Omelette,Old Railway Road,28.4668549,77.0204174,28,46,92,Dense (20+)
309987,Green Chick Chop,Old Railway Road,28.4709408,77.0189174,29,38,83,Dense (20+)
18358183,Hangout Cafe,Old Railway Road,28.4653555,77.0196893,25,48,82,Dense (20+)
304713,Hari Om Rasoi,Old Railway Road,28.4603933,77.0178663,4,38,69,Dense (20+)
18396200,Harish Phulwari,Old Railway Road,28.4580309,77.0274904,8,30,91,Dense (20+)
301358,Hotel Rajvanshi Restaurant,Old Railway Road,28.4645876,77.022202,13,52,96,Dense (20+)
6834,Jagdish Vaishno Dhaba,Old Railway Road,28.473084,77.0181934,11,38,82,Dense (20+)
6835,JVR Jayka,Old Railway Road,28.4730183,77.0182331,11,38,82,Dense (20+)
302041,Kaza,Old Railway Road,28.4823394,77.0136942,2,11,57,Moderate (6-20)
310412,Knight Delight Kafe,Old Railway Road,28.4810609,77.0141435,2,12,57,Moderate (6-20)
18350120,Ko Jitters,Old Railway Road,28.4678506,77.0166864,32,42,67,Dense (20+)
301989,Laajawab Chaap Express,Old Railway Road,28.4674068,77.0175175,32,43,76,Dense (20+)
2107,Laddu Gopal,Old Railway Road,28.4713437,77.0193016,22,38,90,Dense (20+)
1029,Mini's Royal Cafe,Old Railway Road,28.4670202,77.0136441,15,41,64,Dense (20+)
18144475,Pakwan,Old Railway Road,28.4712555,77.0189082,23,38,84,Dense (20+)
18331053,Patiala,Old Railway Road,28.4667702,77.0204469,28,46,92,Dense (20+)
18383525,Pind Balluchi,Old Railway Road,28.4639996,77.0221359,11,50,94,Dense (20+)
1019,Pizza Man,Old Railway Road,28.4721483,77.0186408,13,39,84,Dense (20+)
18311926,Punjabi Dhani,Old Railway Road,28.470213,77.0193636,30,39,92,Dense (20+)
302037,Raju Halwai,Old Railway Road,28.4603566,77.0179074,4,39,69,Dense (20+)
18396397,Rupa Tikki Wala And Caterers,Old Railway Road,28.4626082,77.023212,8,47,93,Dense (20+)
302027,Samrat The Cake Shoppe,Old Railway Road,28.4597556,77.0259078,9,35,90,Dense (20+)
306938,Samrat,Old Railway Road,28.4598188,77.0259899,9,35,91,Dense (20+)
17977759,Sanjha Chula,Old Railway Road,28.4570545,77.0200512,5,20,74,Moderate (6-20)
309986,Silver Crown,Old Railway Road,28.4669487,77.0191832,32,44,83,Dense (20+)
301800,Super Bakery,Old Railway Road,28.4609586,77.0247842,11,41,91,Dense (20+)
2177,The Chic,Old Railway Road,28.470938,77.0187625,28,38,83,Dense (20+)
304718,Unique Bus Wales,Old Railway Road,28.467287,77.0175382,32,44,76,Dense (20+)
310493,Dilli 6 Express,Old Railway Road,28.4667732,77.0203817,28,46,92,Dense (20+)
18017239,Mangle Di Kulfi,Old Railway Road,28.4655014,77.0168909,22,45,71,Dense (20+)
18372397,The Oven Artist,Old Railway Road,28.4652054,77.0157175,20,43,68,Dense (20+)
304700,Bal Ji Rasoi,Old Railway Road,28.460487,77.0179026,4,39,69,Dense (20+)
18396391,Metro Dhaba,Old Railway Road,28.4579956,77.0277668,8,28,91,Dense (20+)
18370499,Sukhman Food City,Old Railway Road,28.4688983,77.0212272,27,41,99,Dense (20+)
18336543,The Burger Hub,Old Railway Road,28.4681772,77.0161752,31,42,66,Dense (20+)
3603,Pizza Hut Delivery,"Omaxe Celebration Mall, Sohna Road, Gurgaon",28.4109555,77.0432685,13,35,51,Dense (20+)
313043,Hot Cherries,Omaxe Gurgaon Mall,28.4106951,77.0433584,15,34,51,Dense (20+)
230,Domino's Pizza,Omaxe Gurgaon Mall,28.4113952,77.0431785,13,34,51,Dense (20+)
18322641,Coldpress Company,Omaxe Gurgaon Mall,28.4105331,77.0435383,16,32,49,Dense (20+)
18391155,Hahn's Kitchen,"One Horizon Center, Golf Course Road",28.45112282,77.09791951,36,50,149,Dense (20+)
18285742,Shree Rathnam,"One Horizon Center, Golf Course Road",28.4511301,77.0974101,36,49,152,Dense (20+)
18285725,Caffe Tonino,"One Horizon Center, Golf Course Road",28.4511301,77.0974101,36,49,152,Dense (20+)
18383488,Carl's Jr.,"One Horizon Center, Golf Course Road",28.4508352,77.0971403,36,50,153,Dense (20+)
18285745,Delhi Club House,"One Horizon Center, Golf Course Road",28.4514834,77.0968183,34,45,160,Dense (20+)
18391159,GoGourmet,"One Horizon Center, Golf Course Road",28.4511473,77.0975899,36,49,149,Dense (20+)
18391132,Shophouse by Kylin,"One Horizon Center, Golf Course Road",28.4506618,77.0972691,36,50,151,Dense (20+)
18272387,Starbucks,"One Horizon Center, Golf Course Road",28.45109776,77.09822863,36,50,148,Dense (20+)
8651,Baskin Robbins,Palam Vihar,28.5125527,77.0378999,14,26,48,Dense (20+)
18291436,Bikaner Sweets & Restaurant,Palam Vihar,28.5145359,77.0352809,8,27,39,Dense (20+)
301936,Burger Bites & More,Palam Vihar,28.4939088,77.0203837,5,15,35,Moderate (6-20)
18264717,Cafí© Gramophone,Palam Vihar,28.496845,77.0210472,6,8,40,Moderate (6-20)
7083,Chawla Bakers,Palam Vihar,28.502947,77.030404,4,18,45,Moderate (6-20)
312105,Crust N Cakes,Palam Vihar,28.5037904,77.0362376,3,21,55,Dense (20+)
18311942,Darjeeling Kanchanjanga Momos,Palam Vihar,28.5118498,77.0409296,11,21,49,Dense (20+)
18430874,Desserts 83,Palam Vihar,28.5216917,77.0436219,1,2,28,Light (1-5)
18264977,Giani's,Palam Vihar,28.5150103,77.0347314,7,29,37,Dense (20+)
303859,Hangover,Palam Vihar,28.4865257,77.0199219,7,13,42,Moderate (6-20)
5106,Sangam Sweets,Palam Vihar,28.5176801,77.0373642,3,17,38,Moderate (6-20)
308726,Shree Bikaner Misthan Bhandar,Palam Vihar,28.5029296,77.0302241,4,18,45,Moderate (6-20)
303209,Shree Shyam Rasoi,Palam Vihar,28.5034359,77.0336712,5,16,51,Moderate (6-20)
18375401,Swad On Grill,Palam Vihar,28.5125468,77.037902,14,26,48,Dense (20+)
18396428,The Pepper's,Palam Vihar,28.5119564,77.0394717,12,26,49,Dense (20+)
18396178,Anisha Restaurant,Palam Vihar,28.5033789,77.0319416,6,16,45,Moderate (6-20)
18346735,Annapoorna Foods,Palam Vihar,28.5089193,77.0308638,9,27,44,Dense (20+)
303697,Bakelicious 18,Palam Vihar,28.5145201,77.0351721,7,27,39,Dense (20+)
18463987,Bansiwala Bakery,Palam Vihar,28.4857718,77.0196076,7,13,44,Moderate (6-20)
18463989,Bansiwala Rasoi,Palam Vihar,28.4859312,77.0198157,7,13,42,Moderate (6-20)
304771,Bansiwala Sweets,Palam Vihar,28.4859483,77.0197677,7,13,42,Moderate (6-20)
311850,Best Pizza Hut,Palam Vihar,28.4921812,77.0093235,1,2,20,Light (1-5)
18471289,Bikaner Sweets & Restaurant,Palam Vihar,28.5144976,77.024736,2,13,40,Moderate (6-20)
18324432,Chaska Food Corner,Palam Vihar,28.497571,77.0225318,6,10,39,Moderate (6-20)
18350153,Dev Restaurant,Palam Vihar,28.49841367,77.02189766,5,9,38,Moderate (6-20)
18472669,Dietpoint,Palam Vihar,28.5142695,77.025184,2,15,41,Moderate (6-20)
18463993,Gautam Bakery,Palam Vihar,28.4959225,77.02152,6,10,38,Moderate (6-20)
18471248,Hot & Spicy,Palam Vihar,28.5118122,77.0252309,2,13,42,Moderate (6-20)
18464002,Hot Fork,Palam Vihar,28.5091367,77.0313937,9,28,43,Dense (20+)
18244261,Indochi Cafe & Restaurant,Palam Vihar,28.512055,77.0411995,11,17,49,Moderate (6-20)
18274332,Love to Wish,Palam Vihar,28.5125685,77.0378566,14,26,48,Dense (20+)
18460280,M CríÂme,Palam Vihar,28.52068371,77.04251687,1,8,32,Moderate (6-20)
18463994,Panther Restaurant,Palam Vihar,28.5019693,77.0283498,3,21,51,Dense (20+)
18449816,Pizza King,Palam Vihar,28.4936502,77.01025,1,3,21,Light (1-5)
309341,Radha Swami Shudh Vaishno Dhaba,Palam Vihar,28.4877231,77.0196062,7,14,41,Moderate (6-20)
18423904,RD's Authentic Aroma,Palam Vihar,28.4946737,77.0203724,6,15,38,Moderate (6-20)
18462613,Savour,Palam Vihar,28.51231235,77.0386974,14,26,49,Dense (20+)
18396180,Sheetla Dhaba,Palam Vihar,28.5033611,77.0358272,3,16,54,Moderate (6-20)
303865,Shree Bikaner Mishthan Bhandar,Palam Vihar,28.4860462,77.0194842,7,13,42,Moderate (6-20)
7096,Shree Shyam Bhojnalaya,Palam Vihar,28.4875817,77.0197876,7,14,41,Moderate (6-20)
18463972,Shristi Happy Eats,Palam Vihar,28.5120868,77.0410645,11,17,49,Moderate (6-20)
18463996,Singh Terrace Grill,Palam Vihar,28.50913665,77.03139368,9,28,43,Dense (20+)
18463992,Swami Vaishno Dhaba,Palam Vihar,28.4890966,77.0196976,7,16,32,Moderate (6-20)
18393708,Wah Ji Wah,Palam Vihar,28.4968821,77.0219634,6,8,40,Moderate (6-20)
306037,Cafe 55 - Park Inn,"Park Inn, Sector 15, Gurgaon",28.4590795,77.0318264,11,32,124,Dense (20+)
5720,New Town Lounge & Bar - Park Plaza,"Park Plaza, Sushant Lok",28.4592611,77.0756484,36,70,214,Dense (20+)
5721,New Town Pastry Shop - Park Plaza,"Park Plaza, Sushant Lok",28.4592519,77.0757697,36,70,214,Dense (20+)
1670,New Town Cafe - Park Plaza,"Park Plaza, Sushant Lok",28.4592449,77.0757094,36,70,214,Dense (20+)
7573,The Great Kabab Factory - Park Plaza,"Park Plaza, Sushant Lok",28.4592314,77.075722,36,70,214,Dense (20+)
3243,K2 Restaurant,"Plaza Mall, MG Road",28.4777065,77.0730853,9,64,236,Dense (20+)
305171,Angels in my Kitchen,"Qutab Plaza, DLF Phase 1",28.4722814,77.1019957,16,67,175,Dense (20+)
3536,Barista,"Qutab Plaza, DLF Phase 1",28.4715146,77.1022778,16,47,171,Dense (20+)
6743,Cafe Coffee Day,"Qutab Plaza, DLF Phase 1",28.4718072,77.1017259,16,68,181,Dense (20+)
18458663,Cafe Naklee,"Qutab Plaza, DLF Phase 1",28.4720297,77.1021755,16,66,172,Dense (20+)
312269,Chacha's Take Away,"Qutab Plaza, DLF Phase 1",28.4718823,77.1020406,16,67,177,Dense (20+)
308732,Colonel's Kababz,"Qutab Plaza, DLF Phase 1",28.4725209,77.1018865,16,67,174,Dense (20+)
6747,Domino's Pizza,"Qutab Plaza, DLF Phase 1",28.4719659,77.1024452,16,49,168,Dense (20+)
6804,Green Chick Chop,"Qutab Plaza, DLF Phase 1",28.472128,77.1022654,16,66,172,Dense (20+)
301506,Naushi's Kitchenette,"Qutab Plaza, DLF Phase 1",28.47211841,77.10254565,16,47,168,Dense (20+)
1284,Sapra Pastry Treat,"Qutab Plaza, DLF Phase 1",28.4720383,77.1022654,16,66,172,Dense (20+)
1313,Subway,"Qutab Plaza, DLF Phase 1",28.4715582,77.1024003,16,45,168,Dense (20+)
301737,Sunny Sweets,"Qutab Plaza, DLF Phase 1",28.4715383,77.1017259,16,65,183,Dense (20+)
18455518,The Healthy Rasoi,"Qutab Plaza, DLF Phase 1",28.4713676,77.1018159,16,64,180,Dense (20+)
18398606,Burger King,"Raheja Mall, Sohna Road",28.4237354,77.0392029,13,25,52,Dense (20+)
309030,Hong Kong Express,"Raheja Mall, Sohna Road",28.4234228,77.0395802,12,25,55,Dense (20+)
3909,Viva Hyderabad,"Raheja Mall, Sohna Road",28.4234142,77.0394902,12,25,55,Dense (20+)
4290,Cafe Rouge - Ramada,"Ramada Gurgaon Central, Sector 44",28.4497396,77.0706524,7,18,157,Moderate (6-20)
1452,Shamji Sweets,Sadar Bazar,28.4596657,77.0268394,9,31,92,Dense (20+)
303779,Sialkoti Vaishno Dhaba,Sadar Bazar,28.4623451,77.0313172,5,33,110,Dense (20+)
554,Haldiram's,"Sahara Mall, MG Road",28.4797958,77.0868894,19,98,331,Dense (20+)
3953,Club Prison,"Sahara Mall, MG Road",28.4797207,77.0865747,21,98,331,Dense (20+)
18368009,Maa Bhagwati Tiffins,Sector 12,28.4636195,77.0324732,5,32,129,Dense (20+)
305242,Spices & Sauces,Sector 12,28.4637496,77.0324282,5,32,129,Dense (20+)
18419914,Indian Food Cafe,Sector 12,28.4675057,77.0338596,7,23,133,Dense (20+)
303730,Assam Tea Corner,Sector 14,28.4755199,77.0404135,12,45,72,Dense (20+)
18462214,Bakingo,Sector 14,28.4706936,77.0441684,18,45,123,Dense (20+)
309272,Balaji Sweets & Snacks,Sector 14,28.476036,77.0348123,8,25,106,Dense (20+)
18218304,Burger Point,Sector 14,28.4735491,77.0483361,19,37,118,Dense (20+)
18252419,Burger Xpress,Sector 14,28.4745207,77.0476105,21,38,117,Dense (20+)
606,Cafe Coffee Day,Sector 14,28.4775051,77.046327,20,35,96,Dense (20+)
18133490,Cake Factory,Sector 14,28.4703517,77.0204025,28,39,97,Dense (20+)
18291476,Cake Maker,Sector 14,28.4741041,77.0424008,18,48,83,Dense (20+)
2071,Captain's Table,Sector 14,28.4740266,77.0474607,25,38,117,Dense (20+)
18445653,Carpedium,Sector 14,28.474015,77.0475174,24,38,117,Dense (20+)
303743,Chinar Junction,Sector 14,28.48038451,77.04808339,5,28,89,Dense (20+)
300174,Frontier,Sector 14,28.4739949,77.0424589,20,48,83,Dense (20+)
6709,Indian & Chinese Corner,Sector 14,28.4730599,77.048056,17,35,118,Dense (20+)
18070491,Juice Lounge,Sector 14,28.4694139,77.0445066,3,43,148,Dense (20+)
302907,KB's Kulfi & Icecream,Sector 14,28.4822008,77.0494753,2,25,80,Dense (20+)
889,KB's Kulfi & Icecream,Sector 14,28.4754869,77.0439881,24,45,88,Dense (20+)
18337904,Keventers,Sector 14,28.4736495,77.0481041,20,37,117,Dense (20+)
18415355,KFC,Sector 14,28.4740886,77.047405,25,38,117,Dense (20+)
853,Madras Cafe,Sector 14,28.476629,77.0456073,25,39,98,Dense (20+)
2620,Madurai Meenakshi Bhawan,Sector 14,28.4740911,77.0473507,26,38,117,Dense (20+)
310155,Masala Fusion,Sector 14,28.4740845,77.0424589,20,48,83,Dense (20+)
5061,Moti Mahal Delux Tandoori Trail,Sector 14,28.4665409,77.0351491,11,27,132,Dense (20+)
18471259,Pind Bawarchi,Sector 14,28.4728921,77.0482744,16,34,119,Dense (20+)
4122,Republic of Chicken,Sector 14,28.4736075,77.0484406,18,37,118,Dense (20+)
1140,Ridhi Sidhi,Sector 14,28.4703532,77.020392,28,39,97,Dense (20+)
1145,Romi Da Dhaba,Sector 14,28.4750589,77.0432685,23,44,84,Dense (20+)
887,Shamji Sweets,Sector 14,28.4702133,77.0394496,10,49,105,Dense (20+)
18461599,Six Pack Kitchen,Sector 14,28.4699753,77.0453042,10,43,150,Dense (20+)
18387990,Taste of Dilli 6,Sector 14,28.4749637,77.0474907,21,38,116,Dense (20+)
9169,The Guls,Sector 14,28.4768261,77.0349543,8,24,96,Dense (20+)
5129,The League Restaurant,Sector 14,28.4751486,77.0432685,21,45,82,Dense (20+)
1131,The Plaza Solitaire,Sector 14,28.4751457,77.044168,26,46,92,Dense (20+)
303747,Uttarakhand Fast Food,Sector 14,28.4758641,77.0363305,9,29,94,Dense (20+)
329,Viva Hyderabad,Sector 14,28.4764122,77.0445955,23,44,88,Dense (20+)
303765,Wahid Food Corner,Sector 14,28.4758171,77.0347763,8,26,109,Dense (20+)
7225,Zync - Rosewood Hotel,Sector 14,28.46715278,77.037225,14,30,123,Dense (20+)
18382626,Konetto Pizza,Sector 14,28.4783985,77.0462096,14,33,85,Dense (20+)
5068,South Store,Sector 14,28.4743176,77.0475378,23,38,117,Dense (20+)
18500628,Grill & Cafe,Sector 14,28.4662742,77.0404798,11,27,125,Dense (20+)
18268726,Gurgaon Mughlai Chicken,Sector 14,28.4771621,77.0351435,8,22,91,Dense (20+)
6913,Mughal Chicken Corner,Sector 14,28.4786503,77.0349588,8,18,88,Moderate (6-20)
18398604,Oven Aroma,Sector 14,28.4823461,77.0495364,2,23,80,Dense (20+)
300156,Radha Swami Shudh Vaishno Dhaba,Sector 14,28.4756545,77.0384802,13,43,81,Dense (20+)
18241516,Special No.1 Biryani Corner,Sector 14,28.4762474,77.0444379,23,44,88,Dense (20+)
311166,Sun Sweets Restaurant,Sector 14,28.464266,77.0335214,6,34,131,Dense (20+)
18025110,Captain Bill$ Deliverz,Sector 14,28.4738648,77.0476588,22,37,117,Dense (20+)
308223,China Hut,Sector 14,28.4758573,77.0376289,9,39,86,Dense (20+)
6832,G Dot,Sector 14,28.4785399,77.0338227,7,13,90,Moderate (6-20)
18286626,Cake2you,Sector 15,28.4579792,77.0371148,12,30,108,Dense (20+)
311770,Delight Express,Sector 15,28.4583117,77.0435543,2,43,114,Dense (20+)
301221,Empress,Sector 15,28.4568511,77.033231,9,26,107,Dense (20+)
8833,Hotel DDR,Sector 15,28.4588673,77.0344852,9,35,118,Dense (20+)
312438,Khan Kabab Corner,Sector 15,28.4555436,77.0380952,11,17,98,Moderate (6-20)
18153548,Kwality Cakes and Bakes,Sector 15,28.4555152,77.0381307,10,17,100,Moderate (6-20)
18449792,Nite Bites,Sector 15,28.460253,77.041878,2,28,126,Dense (20+)
18380639,Oriental Kitchen Express,Sector 15,28.4577727,77.0367474,12,31,102,Dense (20+)
17953920,Royal Mart,Sector 15,28.4544096,77.0390954,6,17,101,Moderate (6-20)
2154,Sikkim Fast Food,Sector 15,28.4584547,77.0435095,2,43,115,Dense (20+)
9646,Maachh Bhaat,Sector 17,28.4950876,77.0609808,3,21,74,Dense (20+)
18451168,Bablu Fast Food,Sector 17,28.4978576,77.0633149,5,19,78,Moderate (6-20)
18492042,Bikaner Sweets Snacks & Restaurant,Sector 17,28.4906203,77.0671006,10,15,108,Moderate (6-20)
310632,Bikaner Sweets,Sector 17,28.4890258,77.056052,2,6,74,Moderate (6-20)
18481290,Biryani & Rolls,Sector 17,28.4777059,77.0580477,8,12,124,Moderate (6-20)
310515,Delight Express,Sector 17,28.4780353,77.0610203,8,19,150,Moderate (6-20)
18449658,Dilli Rasoi,Sector 17,28.4879806,77.057516,2,10,77,Moderate (6-20)
18396426,Dujal Cafe,Sector 17,28.4776466,77.0608014,8,20,152,Moderate (6-20)
18489522,Full Dabba,Sector 17,28.4978501,77.0633585,5,20,78,Moderate (6-20)
18444299,HSI Food World,Sector 17,28.4772163,77.0670595,4,27,187,Dense (20+)
18449785,Krishna Restaurant,Sector 17,28.4756552,77.0616195,8,51,159,Dense (20+)
18449662,Lajawaab House Cafe,Sector 17,28.4779663,77.0607991,8,19,152,Moderate (6-20)
304793,Modern Sweets,Sector 17,28.4753834,77.0603242,8,47,120,Dense (20+)
302256,Radha Swami Shudh Vaishno Dhaba,Sector 17,28.488876,77.0558517,2,6,74,Moderate (6-20)
18312631,Raju Vaishno Amritsari Dhaba,Sector 17,28.4752695,77.0598733,8,46,120,Dense (20+)
18449666,Rustic Flavours,Sector 17,28.4783366,77.0605389,8,15,150,Moderate (6-20)
18396191,VK Food Court,Sector 17,28.4755709,77.0610258,8,49,155,Dense (20+)
302251,Domino's Pizza,Sector 21,28.5097704,77.0714215,32,40,79,Dense (20+)
18466943,GoGourmet,Sector 21,28.5094378,77.0716913,33,41,81,Dense (20+)
18238248,Snack Shack,Sector 21,28.5095911,77.0714215,32,40,81,Dense (20+)
18420426,Westí©ross,Sector 21,28.510128,77.0693827,30,38,79,Dense (20+)
18466973,Fruitpro,Sector 21,28.5100652,77.0716913,33,39,79,Dense (20+)
18372325,Tpot,Sector 21,28.5096025,77.0712645,32,41,80,Dense (20+)
18291458,Cake Desire,Sector 22,28.5029596,77.0644469,6,18,82,Moderate (6-20)
313477,Divine Bites,Sector 22,28.5029001,77.0622916,4,21,76,Dense (20+)
18312451,Kwality wall's swirl's,Sector 22,28.5101456,77.0738509,33,40,71,Dense (20+)
18312606,Milan Apna Dhaba,Sector 22,28.5035524,77.0689476,7,43,96,Dense (20+)
18144444,R S Foods,Sector 22,28.5050072,77.0696558,2,43,95,Dense (20+)
18463956,Shahi  Chicken Corner,Sector 22,28.5035991,77.0691386,7,43,96,Dense (20+)
18365988,Behrouz Biryani,Sector 23,28.5041335,77.0541384,11,12,76,Moderate (6-20)
18463970,Biryani Art,Sector 23,28.5041041,77.0535606,11,12,73,Moderate (6-20)
309867,Daawat-e! Amritsar,Sector 23,28.5029179,77.0646633,6,22,83,Dense (20+)
18412887,Faasos,Sector 23,28.5041074,77.0538414,11,12,77,Moderate (6-20)
18423107,Ovenstory Pizza,Sector 23,28.5041784,77.0540643,11,12,77,Moderate (6-20)
4121,Pizza Hut Delivery,Sector 23,28.504122,77.0541569,11,12,76,Moderate (6-20)
305072,Game n Grillz,Sector 23,28.5046578,77.051885,11,11,61,Moderate (6-20)
18421938,Hamoni Red: Play Cafe,Sector 23,28.500642,77.0537818,10,16,65,Moderate (6-20)
18481321,Firangi Bake,Sector 23,28.5042056,77.054079,11,12,77,Moderate (6-20)
18489829,Indochi,Sector 23,28.5048386,77.0516126,10,11,52,Moderate (6-20)
18414487,Kettle & Kegs,Sector 23,28.5042347,77.0540696,11,12,77,Moderate (6-20)
18449656,The Food Garage,Sector 23,28.5041169,77.0545497,11,14,77,Moderate (6-20)
313105,Machan,Sector 29,28.4664277,77.0644064,39,46,185,Dense (20+)
300772,Mainland China,Sector 29,28.4686372,77.0623603,35,49,170,Dense (20+)
836,Pind Balluchi,Sector 29,28.4680413,77.0644064,40,50,169,Dense (20+)
3606,Sagar Ratna,Sector 29,28.4681718,77.0629673,38,48,169,Dense (20+)
305996,Sasuraal,Sector 29,28.4686577,77.0624277,35,49,169,Dense (20+)
18418247,feel ALIVE,Sector 29,28.4679257,77.0641366,40,50,169,Dense (20+)
18365987,Matchbox,Sector 29,28.4682268,77.0626075,36,48,175,Dense (20+)
18337894,Prankster,Sector 29,28.4691662,77.0633573,38,51,172,Dense (20+)
4398,21 Gun Salute,Sector 29,28.4681891,77.0631472,38,48,168,Dense (20+)
18336483,Backyard Underground,Sector 29,28.468337,77.063143,38,48,169,Dense (20+)
496,Bikanervala,Sector 29,28.4686806,77.0635969,39,49,170,Dense (20+)
4133,Chin Chin,Sector 29,28.4682354,77.0626975,36,48,176,Dense (20+)
5065,Domino's Pizza,Sector 29,28.4682247,77.0632194,38,48,168,Dense (20+)
313393,Eggjactly,Sector 29,28.4685801,77.0678878,27,55,236,Dense (20+)
5052,Gola Sizzlers,Sector 29,28.4683943,77.063417,40,48,167,Dense (20+)
18128900,Hunter Valley,Sector 29,28.4673849,77.0638106,39,49,174,Dense (20+)
309339,Jungle Jamboree,Sector 29,28.4673792,77.0640466,39,49,171,Dense (20+)
5104,McDonald's,Sector 29,28.4682874,77.0632371,38,48,167,Dense (20+)
18254529,My Bar Headquarters By Dockyard,Sector 29,28.4679517,77.0644064,40,50,169,Dense (20+)
17953909,Punjabi by Nature,Sector 29,28.4691956,77.0624277,34,52,167,Dense (20+)
310203,Sandys Cocktails & Kitchen,Sector 29,28.472016,77.0712417,7,56,252,Dense (20+)
18238250,Sense Of Spirits,Sector 29,28.4695542,77.0633627,37,53,181,Dense (20+)
305272,Starbucks,Sector 29,28.468377,77.0632371,39,48,168,Dense (20+)
1851,Swagath,Sector 29,28.4696871,77.0628774,35,55,171,Dense (20+)
18446415,The Old School Brew House,Sector 29,28.467777,77.0641949,40,50,169,Dense (20+)
18261703,Barcelos,Sector 29,28.4691552,77.0624025,34,52,168,Dense (20+)
18241517,Boombox Brewstreet,Sector 29,28.4679344,77.0642265,40,50,169,Dense (20+)
18252386,BRONX Bar Exchange,Sector 29,28.4681254,77.063417,39,48,169,Dense (20+)
18281955,Djinggs,Sector 29,28.4679344,77.0642265,40,50,169,Dense (20+)
4959,Downtown - Diners & Living Beer Cafe,Sector 29,28.4683279,77.0631922,38,48,168,Dense (20+)
18037822,Drifters Cafe,Sector 29,28.471349,77.0671046,18,63,215,Dense (20+)
3575,Gung The Palace,Sector 29,28.4685726,77.0625436,35,49,169,Dense (20+)
18273972,Magadh and Awadh,Sector 29,28.4723195,77.0716014,6,56,253,Dense (20+)
8430,Mamagoto,Sector 29,28.4676568,77.0641366,39,49,169,Dense (20+)
18157413,Molecule Air Bar,Sector 29,28.4679344,77.0642265,40,50,169,Dense (20+)
18422475,Nagai,Sector 29,28.4640533,77.064243,26,52,208,Dense (20+)
18435794,PitStop BrewPub,Sector 29,28.4621449,77.0715571,8,62,224,Dense (20+)
18429166,The Classroom,Sector 29,28.4681949,77.0627425,36,48,174,Dense (20+)
18264995,buí©no,Sector 30,28.4598737,77.0553395,4,28,156,Dense (20+)
18025114,Bottles and Barrels,Sector 30,28.4606832,77.0521813,3,28,166,Dense (20+)
310799,A One Rasoi,Sector 31,28.4489745,77.0568391,6,45,114,Dense (20+)
306719,Angeethi,Sector 31,28.4534927,77.0510698,22,36,104,Dense (20+)
18285721,Burger Point,Sector 31,28.4529876,77.0509079,20,37,99,Dense (20+)
598,Cafe Coffee Day,Sector 31,28.4532365,77.0504568,20,38,97,Dense (20+)
300066,Cake Castle,Sector 31,28.453487,77.0511154,22,36,104,Dense (20+)
18396412,CHA,Sector 31,28.4457809,77.0446703,3,20,97,Moderate (6-20)
18249121,Chai Point,Sector 31,28.4645465,77.0549336,2,40,159,Dense (20+)
18241877,Fees - The Cloud Kitchen,Sector 31,28.4515538,77.0514542,20,36,98,Dense (20+)
310461,Food Ka Mood,Sector 31,28.4491214,77.057398,6,45,112,Dense (20+)
18385781,Frozen Factory,Sector 31,28.4529016,77.0505547,20,40,98,Dense (20+)
18360098,Goli Vada Pav No. 1,Sector 31,28.4534826,77.0510504,21,36,103,Dense (20+)
300491,Green Chick Chop,Sector 31,28.4538134,77.0512923,22,36,116,Dense (20+)
307678,Harichatni.com,Sector 31,28.4549152,77.0558828,8,34,136,Dense (20+)
18352295,Kk Chaap Express,Sector 31,28.4527412,77.0506317,20,38,98,Dense (20+)
18451594,Latenight.in,Sector 31,28.45232201,77.04479218,1,35,102,Dense (20+)
18391176,Mitran Da Junction,Sector 31,28.4540489,77.051332,22,36,124,Dense (20+)
304518,Mother Ringlet,Sector 31,28.4535417,77.0509743,20,36,103,Dense (20+)
6896,Sna-X Point,Sector 31,28.4490081,77.0569404,6,45,114,Dense (20+)
18441701,Wow! Momo,Sector 31,28.4534895,77.050958,20,36,101,Dense (20+)
4154,Yashna,Sector 31,28.4530419,77.0510225,20,36,99,Dense (20+)
18376925,Twigly,Sector 31,28.4344744,77.0587634,16,19,67,Moderate (6-20)
2180,Bakers Oven,Sector 31,28.4529609,77.0509348,20,37,99,Dense (20+)
18224532,Dilli 6 On Wheels,Sector 31,28.4457489,77.0448616,3,24,97,Dense (20+)
18356357,La Pino'z Pizza,Sector 31,28.4530361,77.0502902,20,40,97,Dense (20+)
18175268,LeanBodyMeals,Sector 31,28.455681,77.055519,8,35,133,Dense (20+)
5004,Om Sweets & Snacks,Sector 31,28.4528201,77.050482,20,38,97,Dense (20+)
308617,Tasty Tweets,Sector 31,28.453446,77.0511135,22,36,104,Dense (20+)
304351,The Kathi Rolls,Sector 31,28.4530322,77.0507229,20,38,98,Dense (20+)
18354655,Bite N Sip,Sector 31,28.4492369,77.0572815,6,45,114,Dense (20+)
18391141,Burger Joint,Sector 31,28.4493778,77.0566033,6,45,112,Dense (20+)
18492062,Dilli Light,Sector 31,28.4537774,77.051106,22,36,112,Dense (20+)
18324806,Love Desserts,Sector 31,28.444784,77.059453,13,21,103,Dense (20+)
18354665,Flying Cakes,Sector 31,28.4497559,77.0571362,6,45,114,Dense (20+)
309543,Bikkgane Biryani,Sector 31,28.4528047,77.0505305,20,38,98,Dense (20+)
18419875,Cafeast,Sector 39,28.4444788,77.03975882,0,12,83,Moderate (6-20)
18358189,Yomo-Your Only Momo Outlet,Sector 39,28.45321428,77.04963807,21,40,96,Dense (20+)
18352250,Afghan Indian,Sector 39,28.4393846,77.0463325,6,15,90,Moderate (6-20)
18435789,Al Fanoos,Sector 39,28.4392847,77.0452895,7,12,91,Moderate (6-20)
308199,Alwar Sweets & Namkeen,Sector 39,28.4495255,77.0573908,6,45,114,Dense (20+)
18393717,Baskin Robbins,Sector 39,28.46721998,77.01766379,32,44,77,Dense (20+)
18458642,Bisht Food Court,Sector 39,28.4457028,77.044871,3,22,97,Dense (20+)
18458635,Burj Al Arab,Sector 39,28.4394628,77.0450676,7,12,91,Moderate (6-20)
18313136,Costa Coffee,Sector 39,28.43954754,77.04079684,5,12,91,Moderate (6-20)
18357944,Desi Bites,Sector 39,28.4395668,77.046147,6,14,90,Moderate (6-20)
18458643,Kwality Restaurant,Sector 39,28.4455421,77.0448877,3,20,97,Moderate (6-20)
18292436,Kwality Wall's Swirl's,Sector 39,28.4433453,77.0555919,14,27,95,Dense (20+)
18345759,Nehra's Food Point,Sector 39,28.4415695,77.0557718,11,40,92,Dense (20+)
18352657,Orange Food Cart,Sector 39,28.43958321,77.04298183,7,12,91,Moderate (6-20)
18458637,Royal Sweets,Sector 39,28.4394492,77.0449407,7,12,91,Moderate (6-20)
18352655,Shree Annapurna,Sector 39,28.43970173,77.04290237,7,12,91,Moderate (6-20)
18458641,Underground Restaurant,Sector 39,28.4440456,77.0575645,14,22,97,Dense (20+)
304142,Midnight Sutra,Sector 43,28.4507062,77.0906106,0,44,201,Dense (20+)
18433016,Paddy's - The Grub Grill,Sector 43,28.4419061,77.0859299,4,8,121,Moderate (6-20)
312683,Sugar Rush By Saiba,Sector 43,28.4514497,77.0959808,28,43,176,Dense (20+)
18037824,Bamboo House,Sector 45,28.4351572,77.0593066,16,24,75,Dense (20+)
303848,Burger Unlimited Kitchen,Sector 45,28.4350181,77.0595047,16,22,74,Dense (20+)
18273536,Cafeteria Point,Sector 45,28.4340212,77.0598728,16,18,69,Moderate (6-20)
18291450,Choudhary Gohana Famous Jalebi,Sector 45,28.4341404,77.0599779,16,19,70,Moderate (6-20)
18345780,Curry N' Tandoor,Sector 45,28.4345074,77.0598166,16,20,71,Moderate (6-20)
18303712,Dawat-e-Ishq,Sector 45,28.4351263,77.0592634,16,24,75,Dense (20+)
309021,Delish Bake N Choc,Sector 45,28.4349266,77.0589267,16,23,69,Dense (20+)
306477,Flavours,Sector 45,28.4345889,77.0587691,16,20,68,Moderate (6-20)
18303698,Om Sweets & Snacks,Sector 45,28.4347324,77.0586849,16,20,69,Moderate (6-20)
18381664,Om Sweets,Sector 45,28.4349952,77.0591044,16,24,72,Dense (20+)
18161601,Raj Restaurant,Sector 45,28.4342048,77.0593696,16,19,69,Moderate (6-20)
18279913,Tasha's Artisan Foods,Sector 45,28.4447042,77.0593546,14,21,103,Dense (20+)
18268733,Urban Kitchen,Sector 45,28.4352128,77.0593757,16,25,75,Dense (20+)
18204811,Nite Bites,Sector 45,28.4471752,77.0724033,6,19,146,Moderate (6-20)
18279459,BiBo's Kitchen,Sector 45,28.4418059,77.0717172,3,18,100,Moderate (6-20)
18409216,Burger Point,Sector 45,28.4344647,77.0597723,16,20,70,Moderate (6-20)
18345770,Chinese Fast Food,Sector 45,28.4472195,77.0732567,6,20,144,Moderate (6-20)
18499475,Chinese Food,Sector 45,28.4446522,77.0594005,14,21,102,Dense (20+)
18034069,Chop Shop,Sector 45,28.4346562,77.0591711,16,20,69,Moderate (6-20)
18396431,Dhara,Sector 45,28.4446824,77.059536,13,21,102,Dense (20+)
18392211,Foody Goody,Sector 45,28.4513687,77.0679502,2,13,185,Moderate (6-20)
18291213,Kehar Sweets And Snacks,Sector 45,28.4346657,77.0595633,16,20,71,Moderate (6-20)
18350136,Muskan Chicken Biryani,Sector 45,28.4444633,77.059245,14,21,102,Dense (20+)
310454,Shakes Cakes 'n' More,Sector 45,28.4439045,77.0598983,14,26,101,Dense (20+)
18446413,Shri Sai Kirpa Food,Sector 45,28.4471412,77.0740245,6,23,137,Dense (20+)
18499471,Sufiya Hotel,Sector 45,28.4479605,77.0735754,7,24,134,Dense (20+)
18499459,Veg Hut,Sector 45,28.447879,77.0735393,7,24,134,Dense (20+)
894,Raj Restaurant,Sector 45,28.4448577,77.0596229,13,21,103,Dense (20+)
5079,Burger Hut,Sector 5,28.4802841,77.0205232,0,15,69,Moderate (6-20)
18289241,Dancing Turkeys,Sector 50,28.4477683,77.0710139,7,17,149,Moderate (6-20)
18352682,The Pack King,Sector 50,28.434682,77.0689933,2,26,75,Dense (20+)
18352658,Bikaner Misthan Bhandar,Sector 53,28.4317225,77.0887235,7,12,104,Moderate (6-20)
18241896,Zizo,Sector 54,28.4454847,77.1011865,30,57,97,Dense (20+)
18363062,Grill King Kabab & Curries,Sector 54,28.4372591,77.1042435,12,29,112,Dense (20+)
18472639,Blossoms 4 U,Sector 56,28.424109,77.110596,2,10,58,Moderate (6-20)
18388168,Bunny Burgers,Sector 56,28.4251591,77.0991634,27,41,79,Dense (20+)
18472449,Curry Haus,Sector 56,28.420766,77.093894,5,27,63,Dense (20+)
18314053,Droolfi,Sector 56,28.42517935,77.09959824,28,41,80,Dense (20+)
300654,Earthen Spices,Sector 56,28.4213907,77.1019507,19,37,62,Dense (20+)
18144467,FatPlates,Sector 56,28.4211708,77.1018657,13,36,62,Dense (20+)
18332527,Food4U!,Sector 56,28.4362232,77.1362757,4,5,6,Light (1-5)
18265424,Giani,Sector 56,28.4255681,77.1000368,26,39,83,Dense (20+)
311534,Great Desserts Company,Sector 56,28.4273124,77.0982526,25,42,83,Dense (20+)
18124345,Green Chick Chop,Sector 56,28.4250375,77.0992983,28,41,77,Dense (20+)
5190,Mughlai Treat,Sector 56,28.421414,77.1017259,23,36,62,Dense (20+)
310235,Munch,Sector 56,28.434589,77.1349572,4,5,6,Light (1-5)
18251519,New Spice World,Sector 56,28.42516814,77.09929749,27,41,79,Dense (20+)
6764,Pure Bliss,Sector 56,28.42894133,77.09992748,25,42,87,Dense (20+)
18345767,Puskar Raj Momos & Chinese Corner,Sector 56,28.4252326,77.0992973,27,41,80,Dense (20+)
313401,Sai-Yo!,Sector 56,28.4283926,77.1001525,25,42,86,Dense (20+)
307398,Shanghai Cafe,Sector 56,28.4285248,77.1000683,25,42,86,Dense (20+)
309763,The Blaze,Sector 56,28.4180994,77.0961512,1,30,58,Dense (20+)
18439540,Ullu Delivers,Sector 56,28.4250399,77.0993188,28,41,77,Dense (20+)
5011,Yomo-Your Only Momo Outlet,Sector 56,28.4253531,77.0994718,26,41,81,Dense (20+)
18265720,Dimsum Democracy,Sector 56,28.42846486,77.10009377,25,42,86,Dense (20+)
18419894,The Punjab Kitchen,Sector 56,28.413665,77.112886,0,0,30,Isolated (0)
18254541,Too Maach,Sector 56,28.4286826,77.1000307,25,42,86,Dense (20+)
18393709,Apni Rasoi,Sector 56,28.4252571,77.099865,28,39,81,Dense (20+)
18421493,Bala Ji Sweets Corner,Sector 56,28.4250375,77.0992983,28,41,77,Dense (20+)
18464628,Barista,Sector 56,28.43675,77.1340452,4,4,6,Light (1-5)
18398590,Biryani Express,Sector 56,28.4316128,77.0893173,7,15,106,Moderate (6-20)
312560,Cake Innovation,Sector 56,28.4345776,77.134902,4,5,6,Light (1-5)
18391166,Chawla's_,Sector 56,28.4287959,77.100181,25,42,86,Dense (20+)
18464624,China Gathering,Sector 56,28.4271903,77.1096659,3,24,69,Dense (20+)
18464616,Chinese Hot Express,Sector 56,28.4254221,77.099568,26,39,81,Dense (20+)
18388039,Go! Dimsum,Sector 56,28.42471111,77.09921435,28,40,73,Dense (20+)
18495252,Kanha North & South Indian Veg.,Sector 56,28.42890893,77.10003416,25,42,87,Dense (20+)
18421502,Kings Kulfi,Sector 56,28.4256359,77.0999277,25,39,83,Dense (20+)
18464630,Lassi Cafe,Sector 56,28.429125,77.1420001,0,3,6,Light (1-5)
18335897,Marwadi Khana,Sector 56,28.4221468,77.104693,6,37,64,Dense (20+)
5935,Nukkadwala,Sector 56,28.4319337,77.1529576,0,0,6,Isolated (0)
18421476,Ravi Fast Food,Sector 56,28.425191,77.0990285,26,41,80,Dense (20+)
305140,Shivalik Tiffin Corner,Sector 56,28.4298806,77.1072554,4,39,81,Dense (20+)
18464618,Street Food By Punjab Grills,Sector 56,28.4253496,77.0997478,27,40,81,Dense (20+)
18464626,Sweet Ginger Bakery,Sector 56,28.436573,77.1345396,4,4,6,Light (1-5)
18261727,The Rolling Stove,Sector 56,28.425268,77.0998491,28,39,81,Dense (20+)
306540,Chawla's_,Sector 56,28.430031,77.0921967,7,40,101,Dense (20+)
304524,Chy - Na Express,Sector 56,28.4249219,77.0990285,27,40,75,Dense (20+)
2087,Kwality,Sector 56,28.4251185,77.0992084,27,41,79,Dense (20+)
18439516,Brother's Snacks and Shakes,Sector 57,28.4297813,77.080462,4,19,66,Moderate (6-20)
5588,Ginger Garlic,Sector 57,28.4217218,77.0904414,4,21,67,Dense (20+)
311975,Arabicaa 9,Sector 7,28.467311,77.0176107,32,44,77,Dense (20+)
6897,Burger Xpress,Sector 7,28.4672588,77.017531,32,44,76,Dense (20+)
313122,Dilli Light,Sector 7,28.4707962,77.0190993,29,39,88,Dense (20+)
306976,KB's Kulfi & Icecream,Sector 7,28.4726717,77.0184147,12,38,83,Dense (20+)
308191,MyLoveBiryani.Com,Sector 7,28.4651285,77.0155627,16,44,68,Dense (20+)
18336484,Tandoori Adda,Sector 7,28.4700416,77.0143446,17,37,67,Dense (20+)
312665,Tiffins 4 U,Sector 7,28.4648232,77.0148921,16,43,65,Dense (20+)
18357570,Cafe Cup of Life,Sector 7,28.4681375,77.0162592,32,42,66,Dense (20+)
310829,DCK- Dana Choga's Kitchen,Sector 7,28.4677392,77.0170336,32,42,72,Dense (20+)
9852,Kishu Di Hatti Sweets,Sector 7,28.4663672,77.0175244,25,44,74,Dense (20+)
18357912,KC Bakers,Sector 8,28.455974,77.022728,4,18,78,Moderate (6-20)
311455,Sham Sweets,Sector 8,28.4525161,77.0236993,1,11,63,Moderate (6-20)
18398839,Bake Cuddle,Sector 8,28.4591855,77.0213621,9,35,81,Dense (20+)
1920,Gopala,"Shopping Mall, DLF Phase 1",28.4658365,77.0998689,14,41,216,Dense (20+)
358,Halki Aanch,"Shopping Mall, DLF Phase 1",28.4656305,77.0997223,14,41,219,Dense (20+)
5080,New Sukh Sagar,"Shopping Mall, DLF Phase 1",28.465995,77.1000176,14,41,211,Dense (20+)
1655,Sweets Corner,"Shopping Mall, DLF Phase 1",28.4658854,77.0993432,14,41,226,Dense (20+)
18397469,Minus5degree,"Shopping Mall, DLF Phase 1",28.4662158,77.0987074,17,41,232,Dense (20+)
1654,Qureshi's Kabab Corner,"Shopping Mall, DLF Phase 1",28.4661404,77.0992642,14,41,222,Dense (20+)
18462602,Delicious Food Corner,Sikandarpur,28.4810852,77.0947125,14,73,296,Dense (20+)
18479007,Firangi Bake,Sikandarpur,28.482671,77.095457,12,92,282,Dense (20+)
18409187,Kettle & Kegs,Sikandarpur,28.4828791,77.0954737,12,92,279,Dense (20+)
18357945,The Daily,Sikandarpur,28.4834802,77.0967623,8,92,275,Dense (20+)
313085,Burger Singh,Sohna Road,28.42447847,77.03890722,11,24,50,Dense (20+)
307502,Captain Bill$ Deliverz,Sohna Road,28.433455,77.089166,8,16,124,Moderate (6-20)
18237318,Chaayos,Sohna Road,28.406494,77.0447688,11,25,41,Dense (20+)
18336504,Chai Point,Sohna Road,28.4057383,77.0443061,9,25,38,Dense (20+)
18277212,Cyber Adda 24,Sohna Road,28.4183524,77.0383803,12,35,51,Dense (20+)
18411846,Desi Thaat,Sohna Road,28.4118349,77.0430886,14,35,51,Dense (20+)
300938,Doughlicious,Sohna Road,28.4064865,77.0447626,11,25,41,Dense (20+)
309466,Dunkin' Donuts,Sohna Road,28.4249125,77.0392204,11,22,49,Dense (20+)
303606,Gulshan Dhaba,Sohna Road,28.4579514,77.0276151,8,30,91,Dense (20+)
18441175,Karari Kurry,Sohna Road,28.41240966,77.04253683,19,36,51,Dense (20+)
18292438,Moti Mahal Delux,Sohna Road,28.4268302,77.0381858,10,18,50,Moderate (6-20)
301383,Needs Gourmet,Sohna Road,28.4025286,77.0451575,8,12,35,Moderate (6-20)
310500,Rao's Meeting Point,Sohna Road,28.4118643,77.042691,15,35,51,Dense (20+)
6867,Sadabahar Hotel,Sohna Road,28.4157403,77.0403449,18,33,51,Dense (20+)
301310,Sagar Ratna,Sohna Road,28.4209297,77.0383658,13,27,50,Dense (20+)
18232128,Shri Ram Restaurant,Sohna Road,28.4116153,77.0417392,15,36,51,Dense (20+)
4820,Shri Ram Restaurant,Sohna Road,28.411627,77.0409296,15,36,51,Dense (20+)
306883,Subway,Sohna Road,28.4184165,77.0382435,12,36,51,Dense (20+)
4817,Subway,Sohna Road,28.4058183,77.0444681,9,25,38,Dense (20+)
18423106,Sugarcraft Patisserie,Sohna Road,28.4117267,77.0484858,2,31,47,Dense (20+)
18161567,Tea Halt,Sohna Road,28.4256547,77.0322081,2,16,43,Moderate (6-20)
303003,The Golden Dragon,Sohna Road,28.4201195,77.0406597,14,33,50,Dense (20+)
309033,The Spice Room,Sohna Road,28.406214,77.0452475,9,25,40,Dense (20+)
18258571,The Tongue Twister,Sohna Road,28.266839,77.067268,0,0,0,Isolated (0)
18322684,56 Fresca,Sohna Road,28.4060723,77.0447078,9,25,40,Dense (20+)
18261309,BreakfastBay,Sohna Road,28.41385572,77.04214934,19,37,51,Dense (20+)
304192,Cafe Maple Street,Sohna Road,28.4058584,77.0443479,9,25,38,Dense (20+)
18381235,Fat Lulu's,Sohna Road,28.434541,77.058018,16,20,65,Moderate (6-20)
18365865,Fat Monk,Sohna Road,28.4255696,77.033013,3,18,44,Moderate (6-20)
18415385,Flying Tuk Tuk,Sohna Road,28.4069177,77.0413794,11,27,42,Dense (20+)
18180062,FreshMenu,Sohna Road,28.415066,77.041071,19,32,51,Dense (20+)
18368007,Little Skillet,Sohna Road,28.4120391,77.0489356,2,31,47,Dense (20+)
18383504,PKay,Sohna Road,28.4133766,77.0432685,19,37,51,Dense (20+)
17977749,Shama Chicken Corner,Sohna Road,28.4120086,77.042099,15,36,51,Dense (20+)
312684,Starbucks,Sohna Road,28.4060983,77.0449776,9,25,40,Dense (20+)
18303696,Tandoori Nation,Sohna Road,28.41864781,77.03833256,12,36,51,Dense (20+)
303174,Truffle Tangles,Sohna Road,28.4274393,77.0365475,10,16,46,Moderate (6-20)
6877,Domino's Pizza,Sohna Road,28.4248315,77.0393103,11,22,49,Dense (20+)
306975,KB's Icecream & Kulfis,Sohna Road,28.4116239,77.0418292,15,36,51,Dense (20+)
18014135,Wah Ji Wah,Sohna Road,28.4270829,77.0371694,11,18,48,Moderate (6-20)
18306533,The Brewhouse,Sohna Road,28.41593885,77.04178983,19,32,51,Dense (20+)
18441539,Boozer's,South City 1,28.454258,77.062693,0,16,164,Moderate (6-20)
18340217,Cheffy's,South City 1,28.4584293,77.0678486,10,20,227,Moderate (6-20)
18246068,Cake Point,South City 2,28.4307097,77.0832002,3,19,69,Moderate (6-20)
304564,Shyam Sweets,South City 2,28.4316636,77.08893042,7,12,104,Moderate (6-20)
312265,Uma Foodies' Hut,South City 2,28.43185642,77.08898909,7,13,107,Moderate (6-20)
18378807,AK Your Food,South City 2,28.4406267,77.0810496,4,19,100,Moderate (6-20)
18205653,Freshnfit.in,South City 2,28.4362534,77.0860608,1,23,141,Dense (20+)
18458345,Shri Ram Bhojnalaya,South City 2,28.4346629,77.078993,5,21,71,Dense (20+)
311428,Special O-cake-sions,South City 2,28.4325962,77.0745897,7,16,62,Moderate (6-20)
18435818,Tasteful Biryani,South City 2,28.4307149,77.0832881,3,19,69,Moderate (6-20)
313316,Bikanervala,"Suncity Business Tower, Golf Course Road",28.4335066,77.1053224,6,26,103,Dense (20+)
7528,Indian Grill Room,"Suncity Business Tower, Golf Course Road",28.4334574,77.1052774,6,26,103,Dense (20+)
1216,Oriental Fusion,"Supermart 1, DLF Phase 4",28.4625277,77.0872491,47,121,275,Dense (20+)
305662,Purani Dilli's Al Karam Kebab House,"Supermart 1, DLF Phase 4",28.46243126,77.08729528,47,121,275,Dense (20+)
305792,Rollmaal,"Supermart 1, DLF Phase 4",28.4623829,77.0876088,45,121,275,Dense (20+)
305776,Speedy Chow,"Supermart 1, DLF Phase 4",28.4622932,77.0876088,46,121,277,Dense (20+)
18355106,Arabian Nites,"Supermart 1, DLF Phase 4",28.4625024,77.0868749,47,121,271,Dense (20+)
308274,Giani's,"Supermart 1, DLF Phase 4",28.4624121,77.0869794,47,121,276,Dense (20+)
3538,Giani,"Supermart 1, DLF Phase 4",28.46246192,77.08695229,47,121,275,Dense (20+)
18420450,Juste Miam,"Supermart 1, DLF Phase 4",28.4626811,77.0869794,47,121,274,Dense (20+)
306401,Patiala Shahi,"Supermart 1, DLF Phase 4",28.4625094,77.0868501,47,121,271,Dense (20+)
18257542,The Kathis,"Supermart 1, DLF Phase 4",28.4624466,77.087339,47,121,275,Dense (20+)
9290,Wai Yu Mun Ching,"Supermart 1, DLF Phase 4",28.4625963,77.0871567,47,121,278,Dense (20+)
301499,Bernardo's,"Supermart 1, DLF Phase 4",28.4626259,77.087339,47,121,278,Dense (20+)
18025103,Biryani Art,"Supermart 1, DLF Phase 4",28.4625602,77.0870678,47,121,274,Dense (20+)
18424627,Nosh,"Supermart 1, DLF Phase 4",28.4625905,77.0871573,47,121,277,Dense (20+)
18403465,Tandoor Express,"Supermart 1, DLF Phase 4",28.4624928,77.0874235,47,121,275,Dense (20+)
18372668,Tandoori KnockOuts,"Supermart 1, DLF Phase 4",28.4626087,77.0871592,47,121,278,Dense (20+)
18224536,Udaipuri,"Supermart 1, DLF Phase 4",28.4623802,77.0871142,47,121,275,Dense (20+)
18138454,Cakes & Muffins,Sushant Lok,28.4659842,77.0784363,22,120,299,Dense (20+)
4602,Halki Aanch,Sushant Lok,28.4714149,77.0756172,6,65,293,Dense (20+)
18341082,Hungry Gopal,Sushant Lok,28.4543078,77.0786436,9,75,197,Dense (20+)
18382055,Kuzo,Sushant Lok,28.4507135,77.0790658,9,18,193,Moderate (6-20)
18391189,Lovecrumbs Bakery,Sushant Lok,28.4660738,77.0784363,22,120,299,Dense (20+)
311837,Organic Express,Sushant Lok,28.452042,77.081955,10,45,208,Dense (20+)
254,Pizza Hut,Sushant Lok,28.4684058,77.0746189,5,70,285,Dense (20+)
308113,Roti Te Boti,Sushant Lok,28.4600768,77.0832025,66,113,235,Dense (20+)
18365890,Behrouz Biryani,Sushant Lok,28.4609895,77.0787061,36,121,239,Dense (20+)
18354631,Cafí© Burger BC,Sushant Lok,28.4504791,77.0794255,9,18,198,Moderate (6-20)
18336214,Dilli Darbar,Sushant Lok,28.4602529,77.0843946,56,113,247,Dense (20+)
18265365,Fu.D,Sushant Lok,28.4647809,77.0789759,46,122,304,Dense (20+)
18363405,Jarfull,Sushant Lok,28.4605845,77.0791557,43,121,230,Dense (20+)
18322661,Mochamania,Sushant Lok,28.4710018,77.0747614,6,55,291,Dense (20+)
18261725,Mukhtalif Biryanis,Sushant Lok,28.4592935,77.0847227,50,109,236,Dense (20+)
18157408,Mummy's Kitchen,Sushant Lok,28.4543176,77.0853157,3,85,228,Dense (20+)
18429378,Ovenstory Pizza,Sushant Lok,28.4609696,77.0788503,38,120,238,Dense (20+)
18433295,Kujay's Spoon,Sushant Lok,28.4499671,77.0796953,9,20,200,Moderate (6-20)
18391171,Lily Food's,Sushant Lok,28.4508593,77.0791682,9,22,197,Dense (20+)
18400489,Mutton Mewar,Sushant Lok,28.4513422,77.0762779,7,32,177,Dense (20+)
18411599,Tasty But Healthy,Sushant Lok,28.4503106,77.0814039,7,18,199,Moderate (6-20)
18265082,Teddy Choco Studio,Sushant Lok,28.455756,77.0830226,13,90,221,Dense (20+)
313275,Chin Chow,Sushant Lok,28.4601546,77.0840118,67,113,243,Dense (20+)
18343001,Cafe Sante,Sushant Lok,28.4510321,77.0815524,8,18,206,Moderate (6-20)
18377905,Mughal Dine-Esty,Sushant Lok,28.4606023,77.0779417,30,111,225,Dense (20+)
18406140,Nuterro,Sushant Lok,28.4708726,77.0751988,6,56,291,Dense (20+)
18472606,Sandburg Shakes,Sushant Lok,28.46082,77.079003,41,120,233,Dense (20+)
18451577,The Millionaire Express,Sushant Lok,28.460034,77.079311,48,117,226,Dense (20+)
312540,Ammu's South Indian Restaurant,"Sushant Shopping Arcade, Sushant Lok, Gurgaon",28.4607475,77.0793521,49,120,234,Dense (20+)
18386419,Elma's Delivers,"Sushant Shopping Arcade, Sushant Lok, Gurgaon",28.461131,77.0792457,45,120,240,Dense (20+)
18412886,Faasos,"Sushant Shopping Arcade, Sushant Lok, Gurgaon",28.4609172,77.0788859,38,120,235,Dense (20+)
18421029,Foodrath,"Sushant Shopping Arcade, Sushant Lok, Gurgaon",28.4613734,77.0793669,46,120,245,Dense (20+)
18332044,Hyderabad House,"Sushant Shopping Arcade, Sushant Lok, Gurgaon",28.461131,77.0792457,45,120,240,Dense (20+)
18306553,Kake Da Hotel,"Sushant Shopping Arcade, Sushant Lok, Gurgaon",28.460761,77.0798015,49,121,239,Dense (20+)
309451,Mitraao,"Sushant Shopping Arcade, Sushant Lok, Gurgaon",28.460995,77.0796953,49,120,244,Dense (20+)
18203171,PomoDoro Bistro,"Sushant Shopping Arcade, Sushant Lok, Gurgaon",28.4610705,77.0790916,41,120,238,Dense (20+)
312570,Shri Shyam Ji Ke Mashhoor Chhole Bhature,"Sushant Shopping Arcade, Sushant Lok, Gurgaon",28.4532726,77.0811311,10,65,209,Dense (20+)
18273621,Spice Aangan Express,"Sushant Shopping Arcade, Sushant Lok, Gurgaon",28.461131,77.0792457,45,120,240,Dense (20+)
305919,Subway,"Sushant Shopping Arcade, Sushant Lok, Gurgaon",28.4604862,77.0790658,42,121,228,Dense (20+)
304520,Swaad Ka Khazana,"Sushant Shopping Arcade, Sushant Lok, Gurgaon",28.4609372,77.0795604,49,120,241,Dense (20+)
18292458,The Toddy Shop,"Sushant Shopping Arcade, Sushant Lok, Gurgaon",28.460829,77.0792715,47,120,235,Dense (20+)
4215,Truffles,"Sushant Shopping Arcade, Sushant Lok, Gurgaon",28.4606655,77.0790658,42,121,231,Dense (20+)
18360143,Cafe Bonkerz,"Sushant Shopping Arcade, Sushant Lok, Gurgaon",28.4604516,77.0787061,36,121,229,Dense (20+)
18423890,Wrapchick,"Sushant Shopping Arcade, Sushant Lok, Gurgaon",28.4608794,77.0794255,49,120,238,Dense (20+)
312555,WoW - Vada Pav & More,"Sushant Shopping Arcade, Sushant Lok, Gurgaon",28.4605516,77.0789039,39,122,229,Dense (20+)
18420454,Me Kong Bowl,"Sushant Shopping Arcade, Sushant Lok, Gurgaon",28.460726,77.0796953,49,121,234,Dense (20+)
3961,Palmyra - The Bristol Hotel,"The Bristol Hotel, DLF Phase 1",28.4799845,77.0923077,38,67,314,Dense (20+)
3288,Shanghai Bar & Lounge - The Bristol Hotel,"The Bristol Hotel, DLF Phase 1",28.4799981,77.09232,38,67,313,Dense (20+)
7231,Zaffran - The Bristol Hotel,"The Bristol Hotel, DLF Phase 1",28.4799825,77.0922972,38,67,314,Dense (20+)
18291211,Zaffran - The Claremont,"The Claremont, MG Road",28.4782126,77.0732202,8,64,220,Dense (20+)
5768,Clove - The Galgotias,"The Galgotias, Sector 23",28.5047491,77.0529662,11,12,71,Moderate (6-20)
304276,Green Leaf,"The Habitare Hotel, Sector 14",28.4664035,77.0395696,12,29,124,Dense (20+)
304279,Tokyo,"The Habitare Hotel, Sector 14",28.4661418,77.0400898,12,29,127,Dense (20+)
5717,Cigar Lounge - The Oberoi,"The Oberoi, Udyog Vihar",28.5022869,77.0867995,9,60,171,Dense (20+)
7496,Melange - The Pllazio Hotel,"The Pllazio Hotel, Sector 29",28.4646001,77.0640466,30,44,204,Dense (20+)
309377,Qureshi's Kabab Corner,"The Sapphire Mall, Sohna Road",28.412019,77.048261,3,31,48,Dense (20+)
5042,EEST - The Westin Gurgaon,"The Westin Gurgaon, Sector 29",28.476779,77.0704322,9,24,213,Dense (20+)
5044,Prego - The Westin Gurgaon,"The Westin Gurgaon, Sector 29",28.4767298,77.0703873,9,25,216,Dense (20+)
5046,Seasonal Tastes - The Westin Gurgaon,"The Westin Gurgaon, Sector 29",28.476779,77.0704322,9,24,213,Dense (20+)
310700,Xiao Chi - The Westin Sohna Resort & Spa,"The Westin Sohna Resort & Spa, Sohna Road",28.2393668,77.1427506,1,1,1,Light (1-5)
310699,The Living Room - The Westin Sohna Resort & Spa,"The Westin Sohna Resort & Spa, Sohna Road",28.2393668,77.1427506,1,1,1,Light (1-5)
2711,The Bar - Trident Gurgaon,"Trident, Udyog Vihar",28.5022869,77.0867995,9,60,171,Dense (20+)
2710,Konomi - Trident Gurgaon,"Trident, Udyog Vihar",28.5022869,77.0867995,9,60,171,Dense (20+)
18285736,L'Opera,"Two Horizon Center, Golf Course Road",28.4512929,77.0958365,28,42,176,Dense (20+)
18291200,Town Hall,"Two Horizon Center, Golf Course Road",28.45097366,77.096912,35,48,154,Dense (20+)
18291198,Whisky Samba,"Two Horizon Center, Golf Course Road",28.45104175,77.09688552,35,48,155,Dense (20+)
18446404,Chokola,Udyog Vihar,28.5109714,77.080139,5,43,106,Dense (20+)
6690,Citrus Cafe - Lemon Tree Hotel,Udyog Vihar,28.5026368,77.0867096,9,60,171,Dense (20+)
306032,Green Hut,Udyog Vihar,28.5004986,77.0753139,1,11,146,Moderate (6-20)
18216898,My Plate,Udyog Vihar,28.5130313,77.086215,5,12,82,Moderate (6-20)
310487,PiccoLicko,Udyog Vihar,28.4875966,77.0652612,8,14,100,Moderate (6-20)
18352277,Pind Balluchi,Udyog Vihar,28.4991161,77.088159,44,91,157,Dense (20+)
4185,Raj Xpresso,Udyog Vihar,28.506391,77.083835,1,24,157,Dense (20+)
18374686,Riders Hub,Udyog Vihar,28.4991724,77.0879685,43,91,177,Dense (20+)
310870,Shivani Catering Services,Udyog Vihar,28.5011252,77.0728605,3,35,140,Dense (20+)
18435802,The Diet Kitchen,Udyog Vihar,28.5009896,77.0835622,12,60,184,Dense (20+)
311788,The Gr8 Taste of India,Udyog Vihar,28.4975584,77.0867524,51,100,187,Dense (20+)
312301,World Art Cafe,Udyog Vihar,28.5120417,77.0842434,7,14,103,Moderate (6-20)
18175242,XLNC Bakers,Udyog Vihar,28.5140563,77.0801,5,43,65,Dense (20+)
18350142,Adventure Food,Udyog Vihar,28.5130313,77.086215,5,12,82,Moderate (6-20)
18463967,Baba Da Dhaba,Udyog Vihar,28.51150832,77.07576312,33,40,70,Dense (20+)
18463954,Bandhani Fast Food,Udyog Vihar,28.501278,77.0823439,9,57,188,Dense (20+)
18463969,Bhai Ji Dhaba,Udyog Vihar,28.511513,77.0755585,33,40,70,Dense (20+)
18350144,Bikaner Sweets,Udyog Vihar,28.4905933,77.0670773,10,15,107,Moderate (6-20)
18332976,Cake 24x7,Udyog Vihar,28.4969691,77.0627161,3,19,73,Moderate (6-20)
18412860,Chaayos,Udyog Vihar,28.5130313,77.086215,5,12,82,Moderate (6-20)
18391133,Chauhan Hotel,Udyog Vihar,28.4905322,77.0671046,10,15,107,Moderate (6-20)
18311952,Costa Coffee,Udyog Vihar,28.49125312,77.07991786,2,47,229,Dense (20+)
18350138,Dheeraj Vaishno Dhaba,Udyog Vihar,28.4907223,77.0673441,10,14,108,Moderate (6-20)
313078,Domino's Pizza,Udyog Vihar,28.4899846,77.067069,10,15,101,Moderate (6-20)
18265716,Food Ka Adda,Udyog Vihar,28.4988926,77.0859902,36,72,179,Dense (20+)
18382370,iKitchen,Udyog Vihar,28.49064636,77.07016754,8,11,153,Moderate (6-20)
18421451,Knights Kitchen,Udyog Vihar,28.4996537,77.0836521,12,59,190,Dense (20+)
18427204,Ku-Kukdu-Ku,Udyog Vihar,28.4872533,77.0665649,9,11,108,Moderate (6-20)
18352171,Mogambo Kitchen,Udyog Vihar,28.4978821,77.0834007,8,62,217,Dense (20+)
18458633,Noore-e-Seva,Udyog Vihar,28.490597,77.0671777,10,15,107,Moderate (6-20)
18306504,Premier Bite,Udyog Vihar,28.5128925,77.08617,5,12,89,Moderate (6-20)
18458319,Renu Sweets & Restaurant,Udyog Vihar,28.4909024,77.0693753,9,14,147,Moderate (6-20)
18463955,Street Foods by Punjab Grill,Udyog Vihar,28.4999667,77.081314,5,60,190,Dense (20+)
18337883,Tpot,Udyog Vihar,28.509468,77.085902,6,16,126,Moderate (6-20)
18391145,Uttrakhand Bohra Bhojnalaya & Fast Food,Udyog Vihar,28.4907415,77.0683497,10,14,112,Moderate (6-20)
18277216,Uttrakhand Dhaba,Udyog Vihar,28.5114797,77.0762102,18,45,70,Dense (20+)
312592,Tea Halt,"Unitech Cyber Park, Sector 39, Gurgaon",28.443247,77.0555019,14,30,94,Dense (20+)
9273,Dunkin' Donuts,"Unitech Cyber Park, Sector 39, Gurgaon",28.4429124,77.0563348,14,35,94,Dense (20+)
309134,Indian Bistro Company,"Unitech Cyber Park, Sector 39, Gurgaon",28.44359498,77.05503501,14,24,93,Dense (20+)
18337882,Tpot,"Unitech Cyber Park, Sector 39, Gurgaon",28.4435939,77.0563114,14,26,97,Dense (20+)
18237342,Anaaj,"Unitech Infospace, Sector 21, Gurgaon",28.5096403,77.0714665,32,40,81,Dense (20+)
18383550,Au Bon Pain,"Unitech Infospace, Sector 21, Gurgaon",28.51055995,77.07236174,33,40,77,Dense (20+)
302243,Cafe Coffee Day,"Unitech Infospace, Sector 21, Gurgaon",28.509779,77.0715115,33,40,79,Dense (20+)
18294576,Cafe Friends,"Unitech Infospace, Sector 21, Gurgaon",28.5095992,77.0712658,32,41,80,Dense (20+)
18233603,Chinese Bistro,"Unitech Infospace, Sector 21, Gurgaon",28.5096403,77.0714665,32,40,81,Dense (20+)
304182,Dunkin' Donuts,"Unitech Infospace, Sector 21, Gurgaon",28.509779,77.0715115,33,40,79,Dense (20+)
18396424,Madras Coffee House,"Unitech Infospace, Sector 21, Gurgaon",28.5103687,77.0720511,33,40,78,Dense (20+)
9967,McDonald's,"Unitech Infospace, Sector 21, Gurgaon",28.5096807,77.0714215,32,40,81,Dense (20+)
18350125,Nukkadwala,"Unitech Infospace, Sector 21, Gurgaon",28.51028625,77.07199864,33,40,78,Dense (20+)
302248,Salad Chef,"Unitech Infospace, Sector 21, Gurgaon",28.5095226,77.07128014,32,41,81,Dense (20+)
310531,Subway,"Unitech Infospace, Sector 21, Gurgaon",28.509779,77.0715115,33,40,79,Dense (20+)
312708,Tea Halt,"Unitech Infospace, Sector 21, Gurgaon",28.509779,77.0715115,33,40,79,Dense (20+)
18175288,The Kachori Co.,"Unitech Infospace, Sector 21, Gurgaon",28.5096854,77.0714703,32,40,81,Dense (20+)
18124368,Urban Dhaba,"Unitech Infospace, Sector 21, Gurgaon",28.5096403,77.0714665,32,40,81,Dense (20+)
18371415,A Piece of Paris,"Unitech Infospace, Sector 21, Gurgaon",28.510247,77.0716878,33,40,78,Dense (20+)
305687,Chaayos,"Unitech Infospace, Sector 21, Gurgaon",28.5096894,77.0715115,32,40,80,Dense (20+)
309642,Doughlicious,"Unitech Infospace, Sector 21, Gurgaon",28.50969289,77.07169354,33,40,81,Dense (20+)
18273546,Eggers Madhouse,"Unitech Infospace, Sector 21, Gurgaon",28.5096721,77.0713316,32,40,79,Dense (20+)
18349911,Live Wok,"Unitech Infospace, Sector 21, Gurgaon",28.5096807,77.0714215,32,40,81,Dense (20+)
300652,Orange Chopsticks,"Unitech Infospace, Sector 21, Gurgaon",28.50954204,77.07144342,32,40,81,Dense (20+)
302239,Pizzoccheri,"Unitech Infospace, Sector 21, Gurgaon",28.50954764,77.07135793,32,41,81,Dense (20+)
18237348,Dosa Republic,"Unitech Infospace, Sector 21, Gurgaon",28.5096403,77.0714665,32,40,81,Dense (20+)
18311959,Giani's,"Unitech Infospace, Sector 21, Gurgaon",28.5096576,77.0716464,33,40,81,Dense (20+)
309308,Chai Point,"Unitech Infospace, Sector 21, Gurgaon",28.5099843,77.0717813,33,40,79,Dense (20+)
301559,Latitude - Vivanta By Taj,"Vivanta by Taj, Sector 44, Gurgaon",28.4562499,77.0700953,9,29,237,Dense (20+)
301562,Thai Pavilion - Vivanta By Taj,"Vivanta by Taj, Sector 44, Gurgaon",28.4559543,77.0701624,9,26,238,Dense (20+)
311480,3H Kitchen,"Vyapar Kendra, Palam Vihar",28.5088255,77.0310152,9,27,44,Dense (20+)
303866,Manish Sweets & Bakers,"Vyapar Kendra, Palam Vihar",28.5085989,77.0313937,9,28,44,Dense (20+)
4188,Oasis Kitchen,"Vyapar Kendra, Palam Vihar",28.5088043,77.0316635,9,30,45,Dense (20+)
311844,Ramchandra Chinese Food,"Vyapar Kendra, Palam Vihar",28.508564,77.0309826,9,27,44,Dense (20+)
308681,Sona Chinese,"Vyapar Kendra, Palam Vihar",28.5090845,77.0308539,9,27,44,Dense (20+)
2817,The Pastry Hut,"Vyapar Kendra, Palam Vihar",28.5088678,77.0313937,9,28,44,Dense (20+)
5927,Aggarwal Sweets & Restaurant,"Vyapar Kendra, Palam Vihar",28.5088417,77.0311238,9,27,44,Dense (20+)
301734,Bhoomika,"Vyapar Kendra, Sushant Lok",28.4604845,77.0842702,62,113,243,Dense (20+)
309851,FoodZilla,"Vyapar Kendra, Sushant Lok",28.4603512,77.0841917,63,113,244,Dense (20+)
300097,Goli Vada Pav No. 1,"Vyapar Kendra, Sushant Lok",28.4598562,77.0839756,66,113,245,Dense (20+)
306524,Kathi Junction,"Vyapar Kendra, Sushant Lok",28.4606579,77.0836521,68,113,245,Dense (20+)
1453,Romi da Dhaba,"Vyapar Kendra, Sushant Lok",28.4600476,77.083832,67,113,241,Dense (20+)
1451,Shamji Snacks,"Vyapar Kendra, Sushant Lok",28.4602296,77.0843266,58,113,247,Dense (20+)
300082,The Lunch Break,"Vyapar Kendra, Sushant Lok",28.46047,77.0835622,68,113,242,Dense (20+)
313479,Veg O Non,"Vyapar Kendra, Sushant Lok",28.459871,77.0843266,57,113,246,Dense (20+)
9122,Alwar Sweets,"Vyapar Kendra, Sushant Lok",28.4603598,77.0842816,62,113,245,Dense (20+)
3559,Bakers Oven,"Vyapar Kendra, Sushant Lok",28.4606752,77.083832,69,113,244,Dense (20+)
18265678,Burgzz Bee,"Vyapar Kendra, Sushant Lok",28.4599348,77.0840568,65,113,245,Dense (20+)
2165,Chinese Corner,"Vyapar Kendra, Sushant Lok",28.4597873,77.0839219,65,113,244,Dense (20+)
6769,Iroha,"Vyapar Kendra, Sushant Lok",28.4599872,77.0832025,63,113,227,Dense (20+)
18441791,Chaudhary Burfi Wala,"Vyapar Kendra, Sushant Lok",28.4605883,77.0843266,59,113,242,Dense (20+)
1454,Curry 'n' Phulka,"Vyapar Kendra, Sushant Lok",28.4607562,77.0837421,70,113,246,Dense (20+)
6775,Wah Ji Wah,"Vyapar Kendra, Sushant Lok",28.4605726,77.0832256,68,113,244,Dense (20+)
306043,Woods Spice,"Woods Resort, Gurgaon",28.4428081,77.0573475,14,37,96,Dense (20+)
18216944,Burger.in,Adchini,28.53538174,77.19692286,15,32,203,Dense (20+)
313333,Days of the Raj,Adchini,28.53549308,77.19747473,15,40,210,Dense (20+)
18384127,Dilli Ka Dhaba,Adchini,28.5375472,77.1980333,12,37,248,Dense (20+)
582,Govardhan,Adchini,28.5355234,77.1969242,15,34,201,Dense (20+)
18414465,Mezbaan Grills,Adchini,28.5381335,77.1981225,12,46,246,Dense (20+)
304243,Say Cheese,Adchini,28.53744768,77.19815936,12,36,248,Dense (20+)
3554,Southy,Adchini,28.53747419,77.19795015,12,36,243,Dense (20+)
18369872,Monosoz,Adchini,28.53839431,77.19804244,12,45,246,Dense (20+)
948,Waves,Adchini,28.5386662,77.1988082,12,46,258,Dense (20+)
2853,Delhi Darbar,Adchini,28.53576259,77.19696745,13,37,203,Dense (20+)
18433900,Chateau,Adchini,28.53565508,77.19679244,12,33,200,Dense (20+)
18425159,Nariyal Cafe,Adchini,28.538438,77.199152,12,46,261,Dense (20+)
310958,Rustom's Parsi Bhonu,Adchini,28.53789627,77.19815668,12,46,245,Dense (20+)
18334443,BarShala,"Aditya Mega Mall, Karkardooma",28.6557549,77.3006287,10,64,182,Dense (20+)
18255141,Chawla's_,"Aditya Mega Mall, Karkardooma",28.6560516,77.3011977,10,64,179,Dense (20+)
197,Domino's Pizza,"Aditya Mega Mall, Karkardooma",28.6564531,77.3016337,10,64,169,Dense (20+)
308235,Sultanat,"Aditya Mega Mall, Karkardooma",28.6562624,77.3016026,10,64,171,Dense (20+)
18258757,Bella Italia,Aerocity,28.554463,77.087897,2,2,2,Light (1-5)
307383,Clever Fox Cafe,Aerocity,28.55169,77.120642,25,75,102,Dense (20+)
18386746,365 Naturals,Aerocity,28.554463,77.087897,2,2,2,Light (1-5)
18337885,Tpot,Aerocity,28.554463,77.087897,2,2,2,Light (1-5)
310491,4 on 44 Restaurant & Bar,"Aggarwal City Mall, Pitampura",28.6901424,77.1346226,8,22,120,Dense (20+)
18337789,Rambhog,"Aggarwal City Mall, Pitampura",28.6900143,77.1345554,11,22,119,Dense (20+)
18222573,Selfie Lounge Restro & Bar,"Aggarwal City Mall, Pitampura",28.68990208,77.13477239,9,22,119,Dense (20+)
3370,BTW,"Aggarwal City Plaza, Rohini",28.7003322,77.1177269,13,17,68,Moderate (6-20)
307439,Chilli Pepper,"Aggarwal City Plaza, Rohini",28.7006401,77.1176394,13,17,67,Moderate (6-20)
1078,Pizza Hut,"Aggarwal City Plaza, Rohini",28.7006935,77.1172629,13,17,66,Moderate (6-20)
9340,Puri Bakers,"Aggarwal City Plaza, Rohini",28.7004868,77.1175742,13,17,67,Moderate (6-20)
306761,Jaiveer Naan & Chaap,"Aggarwal City Plaza, Rohini",28.7004261,77.1176368,13,17,67,Moderate (6-20)
7580,Aggarwal's Sweets Paradise,Alaknanda,28.52497428,77.2542078,24,47,168,Dense (20+)
7584,Bikaner Sweets,Alaknanda,28.5253209,77.2542551,24,48,175,Dense (20+)
7582,Cafe Coffee Day,Alaknanda,28.52813297,77.25014627,22,92,220,Dense (20+)
7594,Chandra Sweets,Alaknanda,28.5255719,77.2540557,25,49,185,Dense (20+)
7583,Chhotu Mashhoor Kathi Roll,Alaknanda,28.52569245,77.25411225,25,50,187,Dense (20+)
7610,Green Chick Chop,Alaknanda,28.52810941,77.24689879,15,76,221,Dense (20+)
18412603,Lazeez Restaurant,Alaknanda,28.5256646,77.2545694,24,48,176,Dense (20+)
7639,Madhuvan Chinese Fast Food,Alaknanda,28.52560319,77.2532459,25,51,192,Dense (20+)
18441545,Mr Wong,Alaknanda,28.525675,77.249793,26,48,206,Dense (20+)
9971,Mughlai Shahi Rasoi,Alaknanda,28.5253274,77.253851,25,49,183,Dense (20+)
18451572,Mumbai Central Street Food,Alaknanda,28.52774267,77.24780235,15,81,221,Dense (20+)
7593,Neha's Treat,Alaknanda,28.5257928,77.2540306,25,51,191,Dense (20+)
301440,New Bakers Shoppee,Alaknanda,28.52553898,77.25402072,25,50,185,Dense (20+)
7585,Pant  Ice Cream Parlour,Alaknanda,28.52572397,77.25401971,25,50,190,Dense (20+)
306531,PM 2 AM Food Bank,Alaknanda,28.52757,77.25118,31,65,219,Dense (20+)
18354658,Punjabi Chaap Corner,Alaknanda,28.533376,77.2542022,27,120,266,Dense (20+)
18337782,Sartaj Food Corner,Alaknanda,28.5258419,77.2540755,25,52,191,Dense (20+)
18258759,The Sugar Therapy,Alaknanda,28.523785,77.252479,21,41,154,Dense (20+)
18057805,Biryani Binge,Alaknanda,28.53141028,77.25034475,15,116,249,Dense (20+)
3428,City of Joy,Alaknanda,28.53267894,77.25312788,25,123,264,Dense (20+)
18425771,Letz Roll,Alaknanda,28.5278902,77.2468466,14,76,221,Dense (20+)
18304836,Nukkad,Alaknanda,28.53,77.25,17,103,233,Dense (20+)
18311951,#InstaFreeze,Alaknanda,28.52542,77.253694,25,51,187,Dense (20+)
18401128,Aahar Meat and Chicken Shop,Alaknanda,28.52,77.25,1,27,109,Dense (20+)
18354667,Food Cafe,Alaknanda,28.5299095,77.25012012,17,103,229,Dense (20+)
18431379,Lazeez Restaurant,Alaknanda,28.5335614,77.25394236,27,122,275,Dense (20+)
18311953,Lemon Chick,Alaknanda,28.525267,77.2546954,24,47,169,Dense (20+)
18425780,Purani Dilli Foods,Alaknanda,28.5254928,77.2550814,22,48,170,Dense (20+)
18489513,Tandoori Kebab,Alaknanda,28.526931,77.248174,13,81,219,Dense (20+)
306795,Shree Rathnam,Alaknanda,28.5255985,77.2543449,25,48,180,Dense (20+)
7249,Alaturka,"Ambience Mall, Vasant Kunj",28.541562,77.1549849,28,31,73,Dense (20+)
7246,Amici Gourmet Pizza,"Ambience Mall, Vasant Kunj",28.5414797,77.1549896,28,31,71,Dense (20+)
310723,Burger King,"Ambience Mall, Vasant Kunj",28.5417053,77.1551985,28,31,75,Dense (20+)
7253,Kylin Express,"Ambience Mall, Vasant Kunj",28.5411683,77.155068,28,31,65,Dense (20+)
18180041,Big Fat Sandwich,"Ambience Mall, Vasant Kunj",28.54155381,77.15575699,28,31,77,Dense (20+)
18434414,Fashion Tv Cafe,"Ambience Mall, Vasant Kunj",28.5414127,77.15530144,28,31,72,Dense (20+)
4905,Kylin Skybar,"Ambience Mall, Vasant Kunj",28.5414475,77.154938,28,31,71,Dense (20+)
18421232,Lemon Drops,"Ambience Mall, Vasant Kunj",28.5410525,77.1552225,28,31,64,Dense (20+)
7228,Punjabi By Nature Express,"Ambience Mall, Vasant Kunj",28.5411702,77.155099,28,31,65,Dense (20+)
7068,Red Mango,"Ambience Mall, Vasant Kunj",28.5409809,77.1553877,28,31,64,Dense (20+)
302152,Starbucks,"Ambience Mall, Vasant Kunj",28.54089671,77.15541266,28,31,60,Dense (20+)
312300,Peninsular Kitchen,"Ambience Mall, Vasant Kunj",28.5411409,77.1550949,28,31,63,Dense (20+)
5565,Mithapur,Anand Lok,28.5555634,77.2187517,1,62,306,Dense (20+)
307113,Diggin,Anand Lok,28.5556355,77.2194983,1,59,303,Dense (20+)
6258,Aggarwal Sweet India,Anand Vihar,28.6603476,77.3169197,12,30,115,Dense (20+)
6094,Banzara's,Anand Vihar,28.6594964,77.3063202,40,57,119,Dense (20+)
304592,Bobby Tikki Wala,Anand Vihar,28.6603647,77.3168615,12,33,115,Dense (20+)
18421481,Chennai Junction,Anand Vihar,28.6596493,77.3065547,40,57,118,Dense (20+)
310874,Chicken Bite,Anand Vihar,28.6595397,77.3065301,40,57,119,Dense (20+)
18313972,Chocolate Dreams,Anand Vihar,28.6594042,77.3068973,39,62,117,Dense (20+)
18128860,Dial n Dine,Anand Vihar,28.6602285,77.316909,12,31,116,Dense (20+)
310877,Fresh n Refresh,Anand Vihar,28.6596084,77.3066672,39,59,117,Dense (20+)
304687,Garden Hut,Anand Vihar,28.6601278,77.305701,38,56,121,Dense (20+)
312444,Giani,Anand Vihar,28.6596561,77.3064966,40,57,118,Dense (20+)
18337975,Jugnu Gaming Zone and Cafe,Anand Vihar,28.6578549,77.3103233,30,66,114,Dense (20+)
18124373,Keventer's South Indian & Chinese Food,Anand Vihar,28.6594592,77.3068127,39,62,117,Dense (20+)
305913,KTS,Anand Vihar,28.65948,77.306795,39,61,117,Dense (20+)
310447,Mandarin,Anand Vihar,28.6598026,77.3061657,40,57,118,Dense (20+)
310858,Penguin Bakers & Shakers,Anand Vihar,28.6596774,77.3064705,40,57,118,Dense (20+)
18332083,Rollmates,Anand Vihar,28.6595258,77.3064258,40,57,119,Dense (20+)
18361241,Tandoori Nights,Anand Vihar,28.6604475,77.3169899,12,28,115,Dense (20+)
305630,Burger Dominion,Anand Vihar,28.6596325,77.3065439,40,57,118,Dense (20+)
18034049,Cafe Gainz,Anand Vihar,28.6595377,77.306742,39,61,116,Dense (20+)
6092,Chaskaa,Anand Vihar,28.6595993,77.3066776,39,59,117,Dense (20+)
18124361,Fabulous Cake Bites,Anand Vihar,28.6601355,77.3057084,38,56,121,Dense (20+)
6088,Hangout - A House Of Kathis,Anand Vihar,28.6594782,77.3065483,40,57,119,Dense (20+)
18394366,Malais By Anands,Anand Vihar,28.6602308,77.3171967,12,23,114,Dense (20+)
18354639,Panchwati Rasoi,Anand Vihar,28.6598763,77.317158,12,24,115,Dense (20+)
311657,Sprinkles Cup & Cake,Anand Vihar,28.6632543,77.3160226,17,52,131,Dense (20+)
18350112,Target Ice Cream & Bakers,Anand Vihar,28.660001,77.3128538,13,62,119,Dense (20+)
18377924,The Sweeet Jar,Anand Vihar,28.6600636,77.3049468,39,56,122,Dense (20+)
18428216,Amar Bakery,Anand Vihar,28.6595807,77.3066854,39,59,116,Dense (20+)
18421050,Cafe Brewbug,Anand Vihar,28.6595978,77.3064428,40,57,119,Dense (20+)
18377887,Chilll House Kafe,Anand Vihar,28.6594371,77.3068152,39,62,117,Dense (20+)
18421693,Cookie Shookie,Anand Vihar,28.6594206,77.3068421,39,62,117,Dense (20+)
18418263,Fabulous Cake,Anand Vihar,28.6640178,77.3181158,17,41,134,Dense (20+)
18421457,Jai Maa Shaarde Samose Wala,Anand Vihar,28.6603594,77.3171146,12,24,114,Dense (20+)
18421463,Madaan Confectionery,Anand Vihar,28.6636866,77.3180203,16,43,130,Dense (20+)
18268361,Magic Masala,Anand Vihar,28.6597573,77.3061815,40,57,118,Dense (20+)
18445804,Sikka Chinese Fast Food,Anand Vihar,28.6579247,77.3065417,41,58,132,Dense (20+)
18347812,Teedo's Cake Inn,Anand Vihar,28.6600976,77.3056481,38,56,121,Dense (20+)
18377920,Thalaiva Cafe,Anand Vihar,28.659426,77.3065199,40,57,119,Dense (20+)
311544,The Cake Affairs,Anand Vihar,28.6622024,77.3170268,12,35,119,Dense (20+)
18377915,Tulsi Ram Chinese Hut,Anand Vihar,28.6595326,77.3062409,40,57,119,Dense (20+)
18421058,V. K. Pasta,Anand Vihar,28.6595859,77.3066115,39,57,118,Dense (20+)
18335692,Xpert Bakers,Anand Vihar,28.6519961,77.3147803,0,18,107,Moderate (6-20)
18429396,Juniper Bar - Andaz Delhi,"Andaz Delhi, Aerocity",28.55480667,77.12181085,19,48,101,Dense (20+)
179,McDonald's,"Ansal Plaza Mall, Khel Gaon Marg",28.5625545,77.2243586,11,65,325,Dense (20+)
307843,Pizza Hut Delivery,"Ansal Plaza Mall, Khel Gaon Marg",28.5625495,77.2242626,12,65,325,Dense (20+)
18421042,The Arena,"Ansal Plaza Mall, Khel Gaon Marg",28.5624498,77.2245776,10,62,322,Dense (20+)
3295,Restaurant De Seoul,"Ansal Plaza Mall, Khel Gaon Marg",28.562518,77.2245397,10,63,323,Dense (20+)
18414499,Taksim,"Ansal Plaza Mall, Khel Gaon Marg",28.5625562,77.2239998,15,65,322,Dense (20+)
18441775,Jom Jom Malay,"Ansal Plaza Mall, Khel Gaon Marg",28.563155,77.224443,12,62,316,Dense (20+)
18427565,Kofuku,"Ansal Plaza Mall, Khel Gaon Marg",28.56257437,77.22493695,10,63,317,Dense (20+)
18395381,The Sky High,"Ansal Plaza Mall, Khel Gaon Marg",28.5622825,77.2243747,10,64,326,Dense (20+)
310281,Haldiram's,"ARSS Mall, Paschim Vihar",28.66894461,77.10154384,12,37,71,Dense (20+)
18207831,Jux Pux - The Dreamer's Cafe,Asaf Ali Road,28.640954,77.238382,23,62,213,Dense (20+)
5452,Pizzaon,Asaf Ali Road,28.64244153,77.23196391,7,76,345,Dense (20+)
18374418,FFC Restaurant,Asaf Ali Road,28.642415,77.231881,7,76,346,Dense (20+)
18258778,"34, Chowringhee Lane",Ashok Vihar Phase 1,28.6933274,77.1729156,20,51,162,Dense (20+)
6560,Aapni Dhani,Ashok Vihar Phase 1,28.6927118,77.1731452,28,51,161,Dense (20+)
3322,Bengal Sweet Corner,Ashok Vihar Phase 1,28.692666,77.1725562,16,52,154,Dense (20+)
18249102,Chicken Vicken,Ashok Vihar Phase 1,28.6849156,77.1664456,5,24,128,Dense (20+)
18241609,Cup-a-licious,Ashok Vihar Phase 1,28.6976846,77.1763302,11,46,187,Dense (20+)
8743,Frontier,Ashok Vihar Phase 1,28.6931895,77.1714778,16,52,162,Dense (20+)
5294,Metro Fast Food,Ashok Vihar Phase 1,28.6938333,77.1727344,16,51,163,Dense (20+)
4651,Nagpal's,Ashok Vihar Phase 1,28.6848261,77.1664456,5,24,130,Dense (20+)
5315,Nile Restro & Bar,Ashok Vihar Phase 1,28.6942435,77.1721967,16,51,168,Dense (20+)
6577,Popular Chicken,Ashok Vihar Phase 1,28.6874254,77.1730055,8,43,91,Dense (20+)
309395,Sardar A Pure Meat Shop,Ashok Vihar Phase 1,28.6873272,77.1729156,8,44,90,Dense (20+)
300784,Shankar Fast Food,Ashok Vihar Phase 1,28.6929381,77.1716576,16,52,161,Dense (20+)
18430692,Singh's Zaika ,Ashok Vihar Phase 1,28.6812819,77.1767631,1,12,83,Moderate (6-20)
309503,The Mirch Masala,Ashok Vihar Phase 1,28.6931964,77.1731558,28,51,161,Dense (20+)
3326,The Mirch Masala,Ashok Vihar Phase 1,28.6873066,77.1736345,7,44,90,Dense (20+)
309384,Uncle Cake Shop,Ashok Vihar Phase 1,28.6738532,77.1855851,1,8,55,Moderate (6-20)
3079,Kays Bar-Be-Que,Ashok Vihar Phase 1,28.6933532,77.1731852,28,51,161,Dense (20+)
303093,Master Bakers,Ashok Vihar Phase 1,28.6925128,77.1728257,21,52,157,Dense (20+)
309375,The Master's Fast Food Centre,Ashok Vihar Phase 1,28.6930613,77.1734098,29,51,157,Dense (20+)
18441672,6 Pack Momos,Ashok Vihar Phase 1,28.6940223,77.1724219,16,51,167,Dense (20+)
18446423,Al Noor Foods,Ashok Vihar Phase 1,28.6870353,77.1731402,8,43,89,Dense (20+)
18462588,Avon Kitchen,Ashok Vihar Phase 1,28.6872769,77.1736822,7,44,90,Dense (20+)
18460330,Bhasad Cafe,Ashok Vihar Phase 1,28.6720536,77.1808229,3,5,32,Light (1-5)
18361739,Bikaner Kesarvala,Ashok Vihar Phase 1,28.687879,77.1685277,9,38,144,Dense (20+)
312338,De Bone Chicken,Ashok Vihar Phase 1,28.6872543,77.1730688,8,43,90,Dense (20+)
18057828,Indian Fresh Meat Shop,Ashok Vihar Phase 1,28.687261,77.1728262,8,44,90,Dense (20+)
18361700,JD's Food Court,Ashok Vihar Phase 1,28.6720536,77.1808229,3,5,32,Light (1-5)
18383541,Keventers,Ashok Vihar Phase 1,28.6942521,77.1722866,16,51,168,Dense (20+)
18248970,Malhotra Bakery,Ashok Vihar Phase 1,28.6738127,77.18563,1,8,55,Moderate (6-20)
18395538,Matthi Wala,Ashok Vihar Phase 1,28.67,77.18,3,5,24,Light (1-5)
18446396,Nirula's Ice Cream,Ashok Vihar Phase 1,28.694039,77.172323,16,51,167,Dense (20+)
313193,Punjabi Chaap Corner,Ashok Vihar Phase 1,28.6703604,77.1809128,3,5,24,Light (1-5)
18457050,Puran Dhaba,Ashok Vihar Phase 1,28.6802986,77.1724663,1,16,81,Moderate (6-20)
18458325,VadaPav 'n' Frankie,Ashok Vihar Phase 1,28.6873126,77.1732301,8,43,90,Dense (20+)
5296,Chhabra Sweets,Ashok Vihar Phase 1,28.6939921,77.1723764,16,51,166,Dense (20+)
310802,Kanwarji's,Ashok Vihar Phase 2,28.6945328,77.1787198,23,53,164,Dense (20+)
310777,Pizza Hut,Ashok Vihar Phase 2,28.6929229,77.1780375,26,50,162,Dense (20+)
309,Sagar Ratna,Ashok Vihar Phase 2,28.693362,77.1779476,27,51,163,Dense (20+)
18390678,Smelling Salts,Ashok Vihar Phase 2,28.6951682,77.1715677,16,51,170,Dense (20+)
3329,Wah Ji Wah,Ashok Vihar Phase 2,28.6960643,77.1795361,23,47,164,Dense (20+)
18216896,Wheelyz,Ashok Vihar Phase 2,28.693567,77.1782172,26,53,160,Dense (20+)
307767,Bell Pepperz,Ashok Vihar Phase 2,28.6965128,77.1795201,19,49,171,Dense (20+)
3332,Bharat Sweets,Ashok Vihar Phase 2,28.6929229,77.1780375,26,50,162,Dense (20+)
980,Invitation,Ashok Vihar Phase 2,28.6961234,77.1794454,22,47,166,Dense (20+)
18232098,Mystique Melange,Ashok Vihar Phase 2,28.6963822,77.1702198,18,43,180,Dense (20+)
6574,Pandit Ji Paranthe Wale,Ashok Vihar Phase 2,28.6965655,77.1799506,17,50,161,Dense (20+)
2379,Raju Chat Palace,Ashok Vihar Phase 2,28.680204,77.1855035,1,7,113,Moderate (6-20)
309390,Seasonings - The Spice Mysteries,Ashok Vihar Phase 2,28.6950531,77.1793165,23,47,161,Dense (20+)
300809,SGF - Spice Grill Flame,Ashok Vihar Phase 2,28.6961906,77.1794162,22,47,168,Dense (20+)
1192,Apni Rasoi,Ashok Vihar Phase 3,28.6923511,77.177678,27,49,155,Dense (20+)
310803,Bablu Kabab Shop,Ashok Vihar Phase 3,28.6919464,77.1781273,19,49,147,Dense (20+)
18250797,Cake o' Cuisine,Ashok Vihar Phase 3,28.691831,77.1778577,20,49,140,Dense (20+)
198,Domino's Pizza,Ashok Vihar Phase 3,28.6924171,77.1778168,27,49,154,Dense (20+)
18449782,Hunger Flames,Ashok Vihar Phase 3,28.6872232,77.1835542,0,21,137,Dense (20+)
18057820,Puran Chand Ambala Wale Di Hatti,Ashok Vihar Phase 3,28.6924751,77.1780375,26,50,150,Dense (20+)
310215,The Cake Gallery,Ashok Vihar Phase 3,28.6849542,77.1674237,4,29,125,Dense (20+)
306841,Bablu Chic Inn,Ashok Vihar Phase 3,28.6924851,77.1780492,26,50,152,Dense (20+)
18412952,Masala Basket,Ashok Vihar Phase 3,28.6921495,77.1778832,22,49,148,Dense (20+)
18432191,Udta Punjab,Ashok Vihar Phase 3,28.6924751,77.1780375,26,50,150,Dense (20+)
18375420,Munch Nation,Ashok Vihar Phase 3,28.69218909,77.17785772,24,49,148,Dense (20+)
6286,Bengali Pastry Shop & Snack Bar,Barakhamba Road,28.6295216,77.2319679,21,55,264,Dense (20+)
1914,Bhimsain's Bengali Sweet House,Barakhamba Road,28.6297833,77.231938,23,58,265,Dense (20+)
18163907,Cafe Coffee Day,Barakhamba Road,28.62981784,77.22546157,60,185,279,Dense (20+)
18344490,Colonel's Kababz,Barakhamba Road,28.6291908,77.2322198,19,46,260,Dense (20+)
18412878,Faasos,Barakhamba Road,28.637044,77.22947,3,87,340,Dense (20+)
18294263,Karachi Bakery,Barakhamba Road,28.6296552,77.2321395,21,54,264,Dense (20+)
588,Nathu's Sweets,Barakhamba Road,28.6297135,77.2321162,20,54,265,Dense (20+)
7150,Sachdeva Confectioners,Barakhamba Road,28.636706,77.23034,3,80,328,Dense (20+)
18264634,Bengali Sweet House,Barakhamba Road,28.6296407,77.2319464,23,56,264,Dense (20+)
301534,Bijoli Grill,Barakhamba Road,28.62586289,77.22564027,8,158,244,Dense (20+)
8340,Nathu's Pastry Shop,Barakhamba Road,28.6291468,77.2320661,20,48,260,Dense (20+)
18400739,Balaji Dhaba,Barakhamba Road,28.6302526,77.2297102,25,123,273,Dense (20+)
304954,Bhagat Ji,Barakhamba Road,28.62948089,77.22556986,53,186,275,Dense (20+)
18400737,Hangout Kathi Rolls,Barakhamba Road,28.6305852,77.229817,25,118,277,Dense (20+)
18382583,Makers & Bakers,Barakhamba Road,28.6337562,77.2243937,63,174,344,Dense (20+)
18249122,Habibi Express,Barakhamba Road,28.6291992,77.232182,20,46,260,Dense (20+)
7354,Cafe Coffee Day,"Basant Lok Market, Vasant Vihar",28.55860308,77.16410805,37,79,152,Dense (20+)
9267,China Town,"Basant Lok Market, Vasant Vihar",28.55882222,77.16399444,39,79,149,Dense (20+)
7352,Domino's Pizza,"Basant Lok Market, Vasant Vihar",28.55759742,77.16454592,36,80,153,Dense (20+)
304211,High Street Kitchen & Bar,"Basant Lok Market, Vasant Vihar",28.55803178,77.16416739,36,81,152,Dense (20+)
262,Pizza Hut,"Basant Lok Market, Vasant Vihar",28.55750937,77.16408022,36,81,155,Dense (20+)
4621,Sugar & Spice - Le Marche,"Basant Lok Market, Vasant Vihar",28.55735771,77.16383245,36,79,160,Dense (20+)
2134,The Kathis,"Basant Lok Market, Vasant Vihar",28.55749052,77.16335401,36,79,159,Dense (20+)
303472,The Kylin Experience,"Basant Lok Market, Vasant Vihar",28.55915278,77.16345278,39,79,145,Dense (20+)
758,Arabian Nites,"Basant Lok Market, Vasant Vihar",28.55731442,77.16421165,36,80,155,Dense (20+)
7217,Asia Kitchen,"Basant Lok Market, Vasant Vihar",28.55894144,77.16395449,39,79,148,Dense (20+)
307054,Dunkin' Donuts,"Basant Lok Market, Vasant Vihar",28.55739275,77.16427334,36,79,155,Dense (20+)
771,Krips Restaurant,"Basant Lok Market, Vasant Vihar",28.55720016,77.16388777,36,79,160,Dense (20+)
171,McDonald's,"Basant Lok Market, Vasant Vihar",28.5574864,77.16365643,36,79,157,Dense (20+)
304675,Yo! China,"Basant Lok Market, Vasant Vihar",28.55722872,77.16364905,36,79,160,Dense (20+)
3269,RPM,"Basant Lok Market, Vasant Vihar",28.55756561,77.16416772,36,82,153,Dense (20+)
3935,By The Way - Bellagio,"Bellagio, Ashok Vihar Phase 2",28.6963277,77.1799244,19,51,160,Dense (20+)
4166,Red - Bellagio,"Bellagio, Ashok Vihar Phase 2",28.6962508,77.1800463,20,52,158,Dense (20+)
3936,Soul Curry - Bellagio,"Bellagio, Ashok Vihar Phase 2",28.6963277,77.1799244,19,51,160,Dense (20+)
5227,Alpha 63,"Best Western Taurus Hotel, Mahipalpur",28.5488265,77.1271685,30,91,102,Dense (20+)
1862,Bite-N-Sip,Bhikaji Cama Place,28.5677783,77.1884602,16,62,260,Dense (20+)
819,Lotus Garden,Bhikaji Cama Place,28.5692067,77.1870054,15,43,243,Dense (20+)
2236,Meethas Sweets,Bhikaji Cama Place,28.5682092,77.1882805,16,61,248,Dense (20+)
4150,Nirula's,Bhikaji Cama Place,28.56747782,77.18884371,16,64,265,Dense (20+)
6394,Punjabi Tadka,Bhikaji Cama Place,28.5680386,77.1883704,16,62,249,Dense (20+)
1867,Snack Bar,Bhikaji Cama Place,28.5682072,77.1872056,15,59,257,Dense (20+)
2608,South Indian Food,Bhikaji Cama Place,28.567558,77.1884696,16,63,263,Dense (20+)
8388,Domino's Pizza,Bhikaji Cama Place,28.56902165,77.18894932,22,61,230,Dense (20+)
3465,Southy,Bhikaji Cama Place,28.56823664,77.18844105,16,61,246,Dense (20+)
301581,Coffee Shop - Centaur Hotel,"Centaur Hotel, Aerocity",28.543091,77.115196,11,41,104,Dense (20+)
823,Al Kuresh,Chanakyapuri,28.5841464,77.1918744,18,33,105,Dense (20+)
18421499,Angan Bakery & Cafe,Chanakyapuri,28.5850979,77.191515,18,24,103,Dense (20+)
846,Bamboo Chopstix,Chanakyapuri,28.5842999,77.1916048,18,33,105,Dense (20+)
816,Bawarchis,Chanakyapuri,28.5842508,77.1915599,18,33,105,Dense (20+)
4055,Bikanervala,Chanakyapuri,28.5851618,77.1912454,18,24,96,Dense (20+)
18312487,Cafe Coffee Day,Chanakyapuri,28.5834333,77.1909759,23,34,106,Dense (20+)
1630,Chanakya Bar-Be-Que,Chanakyapuri,28.5843608,77.1914283,18,32,105,Dense (20+)
308261,Chattisgarh Bhawan,Chanakyapuri,28.6043227,77.1863937,4,4,30,Light (1-5)
2587,Chimney,Chanakyapuri,28.5843895,77.1916048,18,32,105,Dense (20+)
849,China Town Sizzlers,Chanakyapuri,28.5842508,77.1915599,18,33,105,Dense (20+)
848,Chinese Bite,Chanakyapuri,28.5842927,77.1917436,18,33,105,Dense (20+)
852,Chinese Garden,Chanakyapuri,28.5843202,77.191558,18,33,105,Dense (20+)
312194,Costa Coffee,Chanakyapuri,28.5952992,77.1683666,5,95,103,Dense (20+)
7643,Food Point,Chanakyapuri,28.6024263,77.1867082,4,4,35,Light (1-5)
3238,Ikko,Chanakyapuri,28.6021467,77.1860137,4,4,35,Light (1-5)
18396184,Jammu And Kashmir House,Chanakyapuri,28.5998612,77.1969056,9,13,45,Moderate (6-20)
847,Laguna,Chanakyapuri,28.5843085,77.1916947,18,33,105,Dense (20+)
7575,Momo Point,Chanakyapuri,28.5841379,77.1917845,18,33,105,Dense (20+)
850,New Zaika,Chanakyapuri,28.5841379,77.1917845,18,33,105,Dense (20+)
311856,Organic Express,Chanakyapuri,28.5867665,77.1933486,18,23,79,Dense (20+)
851,Tamil Nadu House Canteen,Chanakyapuri,28.5830663,77.1908861,23,34,109,Dense (20+)
18228885,The Chocolate Avenue,Chanakyapuri,28.5795901,77.1863937,6,35,160,Dense (20+)
824,Chimney Sizzlers,Chanakyapuri,28.5842999,77.1916048,18,33,105,Dense (20+)
301102,Gujarat Bhawan Restaurant,Chanakyapuri,28.5985428,77.1971751,9,10,45,Moderate (6-20)
18238246,Itäó»s Sinful,Chanakyapuri,28.5974082,77.1735895,10,15,104,Moderate (6-20)
6003,Jakoi,Chanakyapuri,28.6055182,77.1876516,4,4,26,Light (1-5)
18469659,Arunachal Bhawan,Chanakyapuri,28.5986962,77.1980469,9,10,45,Moderate (6-20)
18288994,Hotel New Tamil Nadu,Chanakyapuri,28.5830663,77.1908861,23,34,109,Dense (20+)
845,Milan Food,Chanakyapuri,28.5841379,77.1917845,18,33,105,Dense (20+)
18466422,Playboy Club,Chanakyapuri,28.5957906,77.1974446,9,10,47,Moderate (6-20)
815,Moti Mahal Delux,Chanakyapuri,28.6016137,77.1871125,4,9,48,Moderate (6-20)
305296,The Treat,Chanakyapuri,28.5928569,77.178936,0,13,147,Moderate (6-20)
6079,Break Fast Point,Chander Nagar,28.6555014,77.2820446,32,90,145,Dense (20+)
6117,Breakfast Corner,Chander Nagar,28.655449,77.2822063,29,90,146,Dense (20+)
18082202,Domino's Pizza,Chander Nagar,28.6519888,77.2777758,21,84,166,Dense (20+)
308574,Frontier,Chander Nagar,28.656024,77.2816637,40,92,125,Dense (20+)
6123,Prince Cafe,Chander Nagar,28.6548389,77.2821725,25,87,155,Dense (20+)
312157,Spicy Eleven,Chander Nagar,28.6536873,77.2779746,32,94,124,Dense (20+)
302490,Vaishno Punjabi Dhaba,Chander Nagar,28.6512423,77.2822247,18,66,212,Dense (20+)
304697,Adarsh Bhojnalaya,Chandni Chowk,28.6564057,77.224214,24,67,158,Dense (20+)
307713,Al Haj Bakery,Chandni Chowk,28.6545089,77.2278068,40,96,192,Dense (20+)
18384137,Anmol Chicken,Chandni Chowk,28.663599,77.2094826,1,7,91,Moderate (6-20)
5459,Babu Ram Paranthe Wale,Chandni Chowk,28.6560115,77.2304115,37,95,172,Dense (20+)
311703,Bhaijaan Kababs,Chandni Chowk,28.6494534,77.2335101,36,108,182,Dense (20+)
308006,Bhikharam's,Chandni Chowk,28.65688889,77.22398333,24,65,158,Dense (20+)
4053,Bikanervala,Chandni Chowk,28.6566711,77.2244176,24,68,158,Dense (20+)
5468,Brijwasi Bhoj,Chandni Chowk,28.6568732,77.2243841,24,67,158,Dense (20+)
5453,Brijwasi Restaurant,Chandni Chowk,28.656851,77.2243823,24,67,158,Dense (20+)
681,Comesum,Chandni Chowk,28.6606804,77.2280206,5,57,126,Dense (20+)
308008,Inderpuri Restaurant,Chandni Chowk,28.6578654,77.2231981,23,55,157,Dense (20+)
18272386,Kamdhenu Family Corner,Chandni Chowk,28.6563302,77.2271781,48,82,182,Dense (20+)
306380,Khalsa Hindu Hotel,Chandni Chowk,28.658756,77.2234955,24,54,153,Dense (20+)
312936,Mahalaxmi Mishthan Bhandar,Chandni Chowk,28.6581203,77.2234057,23,55,155,Dense (20+)
6698,McDonald's,Chandni Chowk,28.65606667,77.23421395,31,74,154,Dense (20+)
9961,McDonald's,Chandni Chowk,28.65664,77.22333167,24,64,160,Dense (20+)
312925,Natraj Cafe,Chandni Chowk,28.6561992,77.2305013,36,93,172,Dense (20+)
18342132,Padam Chaat Corner,Chandni Chowk,28.66,77.23,29,59,133,Dense (20+)
18323461,Pandit Ved Prakash Lemon Wale,Chandni Chowk,28.6565647,77.2268188,43,74,178,Dense (20+)
5466,Pt. Babu Ram Devi Dayal Paranthe Wale,Chandni Chowk,28.6560495,77.2307138,36,93,170,Dense (20+)
18232088,Rabri Bhandar,Chandni Chowk,28.6561097,77.2305013,36,93,172,Dense (20+)
304743,Ram Parshad Makhan Lal,Chandni Chowk,28.6625615,77.2155012,0,10,128,Moderate (6-20)
18128897,Rambhoj,Chandni Chowk,28.6562981,77.2324772,33,91,159,Dense (20+)
18211151,Rehmatullah's Hotel,Chandni Chowk,28.6491441,77.233555,36,113,184,Dense (20+)
5460,Sharma Bhojnalay,Chandni Chowk,28.6559026,77.2306151,36,95,171,Dense (20+)
311492,Shree Balaji Chaat Bhandar,Chandni Chowk,28.656524,77.2320281,34,91,162,Dense (20+)
303643,Shri Duli Chand Naresh Gupta,Chandni Chowk,28.6476635,77.2269535,12,65,307,Dense (20+)
9156,Shri Hari Sharnam,Chandni Chowk,28.6577424,77.222732,23,54,155,Dense (20+)
9160,Sindhi Chicken,Chandni Chowk,28.6573856,77.2316689,34,89,164,Dense (20+)
18235302,Soni Bhojnalaya,Chandni Chowk,28.657748,77.223481,23,61,156,Dense (20+)
9157,Super Restaurant,Chandni Chowk,28.6567032,77.2320281,34,91,164,Dense (20+)
9159,Tiwari Ji Confectioner,Chandni Chowk,28.6561268,77.2306809,36,93,170,Dense (20+)
6706,Wah Ji Wah,Chandni Chowk,28.6562478,77.2328586,31,90,157,Dense (20+)
18082089,Zaika Mughlai Foods,Chandni Chowk,28.6566379,77.2233607,24,64,160,Dense (20+)
312693,Al Yousuf,Chandni Chowk,28.6551819,77.2254715,29,77,185,Dense (20+)
308209,Amritsari Lassi Wala,Chandni Chowk,28.6567084,77.2234007,24,64,160,Dense (20+)
306017,Annapurna Bhandar,Chandni Chowk,28.6563295,77.2323664,33,91,160,Dense (20+)
304737,Bishan Swaroop Chaat Bhandar,Chandni Chowk,28.6561525,77.2309504,36,92,169,Dense (20+)
308318,Gole Hatti,Chandni Chowk,28.6572505,77.2230342,23,62,158,Dense (20+)
552,Haldiram's,Chandni Chowk,28.6563106,77.2316689,36,92,165,Dense (20+)
6704,Kanwarji's,Chandni Chowk,28.6562249,77.2307707,36,92,171,Dense (20+)
309722,Kedarnath Prem Chand Halwai,Chandni Chowk,28.6556971,77.229983,36,95,174,Dense (20+)
18286206,Keventers,Chandni Chowk,28.6562039,77.2314893,36,92,165,Dense (20+)
308894,Khan Omelette Corner,Chandni Chowk,28.6551982,77.2215109,20,54,176,Dense (20+)
7545,Natraj Dahi Bhalle Wala,Chandni Chowk,28.6561992,77.2305013,36,93,172,Dense (20+)
9165,Old Famous Jalebi Wala,Chandni Chowk,28.6561321,77.233555,31,82,155,Dense (20+)
5458,Pt. Gaya Prasad Shiv Charan Paranthe Wale,Chandni Chowk,28.6561011,77.2304115,37,94,172,Dense (20+)
5467,Pt.Kanhaiyalal & Durga Prasad Dixit Paranthe Wale,Chandni Chowk,28.6560207,77.2304674,37,94,172,Dense (20+)
9161,Shiv Misthan Bhandar,Chandni Chowk,28.6568622,77.2243039,24,67,158,Dense (20+)
302869,Special Jalebi Wala,Chandni Chowk,28.6566115,77.2320562,34,91,163,Dense (20+)
1889,Tewari Bros Confectioners,Chandni Chowk,28.6566371,77.2266392,43,73,178,Dense (20+)
18466395,Annapurna Chaat & Sweets,Chandni Chowk,28.6562432,77.2315132,36,92,165,Dense (20+)
18466396,Dessi Food,Chandni Chowk,28.6574304,77.2319961,31,87,162,Dense (20+)
18466402,Foody Dragon,Chandni Chowk,28.6572972,77.2319612,32,88,162,Dense (20+)
302859,Grover Eating Point,Chandni Chowk,28.6570185,77.2352925,27,66,149,Dense (20+)
308533,Hotel 121 Shakahari,Chandni Chowk,28.657811,77.2234506,23,58,156,Dense (20+)
18462596,Lala Chaap Corner,Chandni Chowk,28.6526767,77.233113,54,90,171,Dense (20+)
18333489,Meghraj & Sons,Chandni Chowk,28.6565888,77.2233158,24,63,160,Dense (20+)
18408052,Old Kheer Shop,Chandni Chowk,28.65045,77.225538,12,97,257,Dense (20+)
302871,Punjabi Chicken,Chandni Chowk,28.6573856,77.2316689,34,89,164,Dense (20+)
18425711,Ratan Singh,Chandni Chowk,28.6531118,77.2338244,53,86,167,Dense (20+)
300178,Chaina Ram Sindhi Confectioners,Chandni Chowk,28.6566622,77.2235803,24,65,160,Dense (20+)
1155,Giani's di Hatti,Chandni Chowk,28.6579744,77.2233575,23,55,156,Dense (20+)
9166,Jung Bahadur Kachori Wala,Chandni Chowk,28.6556914,77.2298726,36,95,174,Dense (20+)
18264992,Lakhori - Haveli Dharampura,Chandni Chowk,28.653316,77.2322078,54,98,176,Dense (20+)
18282012,Milk n More,Chawri Bazar,28.650566,77.2310851,35,92,188,Dense (20+)
303642,Kuremal Mohan Lal Kulfi Wale,Chawri Bazar,28.6477617,77.2270433,12,70,300,Dense (20+)
18281967,Hira Chaat Corner,Chawri Bazar,28.6501751,77.2293337,31,94,233,Dense (20+)
18082228,Kuremal Mahavir Prasad Kulfi Wale,Chawri Bazar,28.6476059,77.2268188,12,62,309,Dense (20+)
301287,Shakahari Restaurant,Chawri Bazar,28.649513,77.2270883,13,96,271,Dense (20+)
308192,Shri Gujrat Namkeen Bhandar,Chawri Bazar,28.6501776,77.2293345,31,94,233,Dense (20+)
306015,Standard Sweets,Chawri Bazar,28.6494491,77.2273577,13,96,272,Dense (20+)
311002,Sudarshan,Chawri Bazar,28.6504067,77.2302935,38,93,209,Dense (20+)
313511,Ustad Moinuddin Kebab,Chawri Bazar,28.6498667,77.2261003,13,98,269,Dense (20+)
311022,Ashok Chaat Corner,Chawri Bazar,28.6493909,77.2268745,13,95,272,Dense (20+)
303644,Jain Coffee House,Chawri Bazar,28.65051,77.2295582,32,95,219,Dense (20+)
307218,Shyam Sweets,Chawri Bazar,28.6504756,77.2303113,38,93,207,Dense (20+)
304018,Spicy Food Court,Chhatarpur,28.49562447,77.16154855,8,11,29,Moderate (6-20)
18239781,Aristocrat Sweet Shop,Chittaranjan Park,28.5400835,77.24861238,32,156,365,Dense (20+)
18364354,Balluchi's - The Royal Cuisine,Chittaranjan Park,28.5399184,77.2518548,66,115,346,Dense (20+)
18175256,Bunty Dhaba,Chittaranjan Park,28.53972535,77.25204963,62,112,342,Dense (20+)
7623,Gopal's Restaurant & Caterer's,Chittaranjan Park,28.54027996,77.24894397,38,152,367,Dense (20+)
17953899,Horn Please,Chittaranjan Park,28.5374979,77.2564223,44,104,292,Dense (20+)
309756,Khatey Raho,Chittaranjan Park,28.5401398,77.2488511,33,156,367,Dense (20+)
2595,Kolkata Biryani House,Chittaranjan Park,28.54032355,77.24887993,37,153,367,Dense (20+)
7620,Kolkata Hot Kathi Roll,Chittaranjan Park,28.5401027,77.2485628,32,155,365,Dense (20+)
309161,Madly Bangalee,Chittaranjan Park,28.5363941,77.2533122,29,120,292,Dense (20+)
18249081,Oh! China,Chittaranjan Park,28.54140536,77.24785432,38,159,377,Dense (20+)
3632,Punjabi Zaika,Chittaranjan Park,28.5364501,77.2534878,29,118,292,Dense (20+)
7602,Rabi Snacks Corner,Chittaranjan Park,28.5401377,77.24898689,36,151,367,Dense (20+)
1712,Republic of Chicken,Chittaranjan Park,28.5364925,77.2534614,29,118,292,Dense (20+)
300984,Roll n Roast,Chittaranjan Park,28.54001105,77.24858187,31,157,366,Dense (20+)
18354627,Royal Chick 'N',Chittaranjan Park,28.5414227,77.2481801,40,162,377,Dense (20+)
301522,Royal Kolkata Biryani,Chittaranjan Park,28.5404268,77.2487302,37,156,371,Dense (20+)
4973,Sameer's Restaurant,Chittaranjan Park,28.53629071,77.2533324,29,122,292,Dense (20+)
3504,Sanjha Chulha,Chittaranjan Park,28.53638025,77.25324858,29,123,292,Dense (20+)
301405,Soya King,Chittaranjan Park,28.5364506,77.2532497,29,122,292,Dense (20+)
18445801,The Mustard,Chittaranjan Park,28.540204,77.248798,34,157,366,Dense (20+)
18355107,Tibb's Frankie,Chittaranjan Park,28.5363915,77.2534364,29,118,292,Dense (20+)
18175328,Wazwaan Restaurant,Chittaranjan Park,28.5426944,77.2417726,23,112,365,Dense (20+)
7613,Yummi Kolkataa,Chittaranjan Park,28.5399215,77.248847,32,155,366,Dense (20+)
7599,Annapurna Sweet House,Chittaranjan Park,28.53622797,77.25338604,29,122,292,Dense (20+)
302936,Ashirbad,Chittaranjan Park,28.5408504,77.2431467,21,125,367,Dense (20+)
4608,Chocolatiers - The Chocolate Boutique,Chittaranjan Park,28.5371718,77.248454,35,160,333,Dense (20+)
7636,Dadu Cutlet Shop,Chittaranjan Park,28.53622856,77.25329351,29,124,292,Dense (20+)
18373691,Dogs & Wiches,Chittaranjan Park,28.53681321,77.2530626,28,122,293,Dense (20+)
7634,Maa Tara,Chittaranjan Park,28.5362306,77.2532976,29,124,292,Dense (20+)
306028,My Spice Kitchen,Chittaranjan Park,28.5403982,77.2487359,37,157,370,Dense (20+)
311637,The Singing Tree,Chittaranjan Park,28.5403609,77.2488222,37,156,370,Dense (20+)
18396171,Baba Chicken Ludhiana Wale,Chittaranjan Park,28.54047929,77.24996019,46,155,367,Dense (20+)
18282004,Bengal Snacks,Chittaranjan Park,28.54036184,77.24868078,37,158,370,Dense (20+)
17989134,Brownies & More,Chittaranjan Park,28.5371328,77.2485055,35,162,333,Dense (20+)
18371396,Cafe Coffee Day,Chittaranjan Park,28.5393728,77.2530302,59,108,338,Dense (20+)
18396942,Craving Cure,Chittaranjan Park,28.5366561,77.2533385,29,117,293,Dense (20+)
18311930,Cuisine,Chittaranjan Park,28.5426944,77.2417726,23,112,365,Dense (20+)
7635,Kamala Fast Food & Chinese,Chittaranjan Park,28.5359835,77.25298069,27,134,291,Dense (20+)
7601,Lokenath Sweets,Chittaranjan Park,28.5371718,77.2484567,35,160,333,Dense (20+)
309080,Chulha Punjabi Da,Chittaranjan Park,28.53634285,77.25327071,29,123,292,Dense (20+)
1358,Viva Hyderabad,Chittaranjan Park,28.53692899,77.2529294,29,124,293,Dense (20+)
5890,Metro Grill,"City Centre Mall, Rohini",28.7168739,77.1142232,5,14,61,Moderate (6-20)
306513,Cafe Cruise,"City Square Mall, Rajouri Garden",28.6501775,77.1232509,42,97,294,Dense (20+)
3089,Etal The Lounge Bar,"City Square Mall, Rajouri Garden",28.6502181,77.123654,34,96,298,Dense (20+)
7061,"Game of Legends - Sports Bar, Grill, & Lounge","City Square Mall, Rajouri Garden",28.650366,77.1233229,35,96,296,Dense (20+)
18466981,Al-raaya,Civil Lines,28.671114,77.220848,2,11,106,Moderate (6-20)
311093,Authentique Bites,Civil Lines,28.6764039,77.2253817,8,10,47,Moderate (6-20)
1055,Embassy,Civil Lines,28.6766555,77.2252021,7,10,47,Moderate (6-20)
18144470,Narang's Bake 'n' Cake,Civil Lines,28.7027947,77.222238,3,46,195,Dense (20+)
4089,New Darvesh,Civil Lines,28.6976361,77.2203223,3,32,204,Dense (20+)
311030,1UP,Civil Lines,28.6762903,77.2252161,9,10,47,Moderate (6-20)
9927,Gujarati Samaj Santushti,Civil Lines,28.6722125,77.2241691,8,11,92,Moderate (6-20)
18261146,Hind Bakery & Chinese Fast Food,Civil Lines,28.7028124,77.2222477,3,46,195,Dense (20+)
18424867,Hot Pot,Civil Lines,28.7008282,77.2213398,5,45,205,Dense (20+)
18361206,Punjabi Flavour,Civil Lines,28.6919529,77.2212499,1,7,203,Moderate (6-20)
18424863,Saras Fast Food Feast,Civil Lines,28.6726275,77.2224176,6,11,83,Moderate (6-20)
18361208,Shama Chicken Corner,Civil Lines,28.6917878,77.2211471,1,6,203,Moderate (6-20)
18398580,The Night Owl,Civil Lines,28.6765107,77.2255613,8,10,46,Moderate (6-20)
18424871,Wimpy Sweets And Confectioners,Civil Lines,28.6975181,77.2204415,3,32,202,Dense (20+)
18245298,Boa Village,Civil Lines,28.6767537,77.2252919,7,10,46,Moderate (6-20)
2578,Anand Ji Restaurant,"Community Centre, New Friends Colony",28.56171513,77.26811942,47,55,129,Dense (20+)
709,Baskin Robbins,"Community Centre, New Friends Colony",28.5620725,77.2683524,47,58,113,Dense (20+)
1530,Bhoj Restaurant,"Community Centre, New Friends Colony",28.56150782,77.26825587,47,55,129,Dense (20+)
1401,Brijwasi Restaurant,"Community Centre, New Friends Colony",28.56159321,77.268392,47,55,119,Dense (20+)
602,Cafe Coffee Day - The Lounge,"Community Centre, New Friends Colony",28.562628,77.2690337,48,59,105,Dense (20+)
18175255,Cafe Coffee Day,"Community Centre, New Friends Colony",28.5624519,77.26926506,48,59,105,Dense (20+)
2245,Chaat Tadka,"Community Centre, New Friends Colony",28.56128843,77.26820022,46,54,132,Dense (20+)
2585,Chawla's Unique Chicken Corner,"Community Centre, New Friends Colony",28.56136028,77.26839837,46,55,129,Dense (20+)
908,Dawat Khana,"Community Centre, New Friends Colony",28.562384,77.2688013,48,58,104,Dense (20+)
924,Eat n Joy,"Community Centre, New Friends Colony",28.5614129,77.2684871,47,55,121,Dense (20+)
7715,Khan Chicken Biryani,"Community Centre, New Friends Colony",28.56181849,77.26784986,44,55,130,Dense (20+)
9476,Kolkata Roll,"Community Centre, New Friends Colony",28.56132406,77.2685365,46,54,130,Dense (20+)
7686,R. Ahmad Food,"Community Centre, New Friends Colony",28.562686,77.269169,48,59,105,Dense (20+)
305621,Sab Ke Khatir,"Community Centre, New Friends Colony",28.560994,77.268562,46,54,130,Dense (20+)
1324,Bon Bon Pastry Shop,"Community Centre, New Friends Colony",28.56217362,77.26831857,47,58,113,Dense (20+)
927,Moksha,"Community Centre, New Friends Colony",28.56231173,77.26906691,48,59,105,Dense (20+)
929,Pebble Street,"Community Centre, New Friends Colony",28.56253759,77.26893816,48,59,104,Dense (20+)
18256780,Kebab Gallery,"Community Centre, New Friends Colony",28.56203051,77.26817206,46,58,119,Dense (20+)
53,Amber,Connaught Place,28.6301966,77.2208907,125,173,287,Dense (20+)
307271,Attitude Kitchen & Bar,Connaught Place,28.63004355,77.22035229,125,176,286,Dense (20+)
596,Cafe Coffee Day,Connaught Place,28.6329609,77.2198128,121,167,301,Dense (20+)
1127,Castle 9,Connaught Place,28.6348572,77.2194984,87,168,306,Dense (20+)
4237,Costa Coffee,Connaught Place,28.62925605,77.2321919,20,46,262,Dense (20+)
6357,Delhi Darbar Dhaba,Connaught Place,28.6305968,77.2298312,25,118,277,Dense (20+)
18124357,Garam Dharam,Connaught Place,28.6317119,77.2226871,115,183,301,Dense (20+)
2913,Gola Sizzlers,Connaught Place,28.6352499,77.2198577,76,169,313,Dense (20+)
3506,Indian Coffee House,Connaught Place,28.6305402,77.2160401,72,165,281,Dense (20+)
6957,My Bar Lounge & Restaurant,Connaught Place,28.6323836,77.2165791,89,165,287,Dense (20+)
304154,My Bar Square,Connaught Place,28.6328378,77.2213398,114,175,305,Dense (20+)
320,Sagar Ratna,Connaught Place,28.6356827,77.220409,64,168,325,Dense (20+)
310097,The Immigrant Cafe,Connaught Place,28.6340485,77.2190044,108,176,299,Dense (20+)
18418277,MOB Brewpub,Connaught Place,28.6332756,77.2226422,97,177,316,Dense (20+)
310143,Naturals Ice Cream,Connaught Place,28.6343484,77.2221482,81,169,326,Dense (20+)
18357940,Zabardast Indian Kitchen,Connaught Place,28.63259937,77.22217988,109,174,308,Dense (20+)
300595,Anand Restaurant,Connaught Place,28.6290232,77.2208008,99,191,277,Dense (20+)
55,Berco's,Connaught Place,28.6324521,77.2172977,101,164,288,Dense (20+)
3168,Blues,Connaught Place,28.62986493,77.22061079,121,176,285,Dense (20+)
310448,Burger King,Connaught Place,28.6327396,77.2212499,119,174,305,Dense (20+)
18237356,Burger Singh,Connaught Place,28.63432028,77.21751753,75,182,294,Dense (20+)
303034,Cafe Coffee Day The Square,Connaught Place,28.63372555,77.21993454,109,173,303,Dense (20+)
18070476,Cafe Dalal Street,Connaught Place,28.6332522,77.2228667,97,180,315,Dense (20+)
18208892,Cafe Hawkers,Connaught Place,28.6346126,77.2211601,84,169,321,Dense (20+)
18157403,Cafe Public Connection,Connaught Place,28.6314806,77.2202619,138,171,293,Dense (20+)
18306523,Cafí© MRP,Connaught Place,28.6344973,77.2208907,91,170,316,Dense (20+)
309664,Caffe Tonino,Connaught Place,28.6348977,77.2194535,87,167,306,Dense (20+)
302878,Cha Bar,Connaught Place,28.63122333,77.22215876,115,178,298,Dense (20+)
18237315,Chaayos,Connaught Place,28.63146522,77.22035263,138,171,293,Dense (20+)
305453,Chew - Pan Asian Cafe,Connaught Place,28.6320384,77.2228218,112,183,305,Dense (20+)
308804,China Garden,Connaught Place,28.6339581,77.217118,74,182,292,Dense (20+)
311373,Desi Vibes,Connaught Place,28.6302469,77.2206488,129,173,286,Dense (20+)
143,Domino's Pizza,Connaught Place,28.6332312,77.2228959,97,180,315,Dense (20+)
308772,Dunkin' Donuts,Connaught Place,28.62801416,77.22320214,73,201,267,Dense (20+)
7855,Dunkin' Donuts,Connaught Place,28.6301662,77.2196331,125,176,283,Dense (20+)
66,Embassy,Connaught Place,28.6336789,77.2210029,106,179,308,Dense (20+)
18235515,FLYP@MTV,Connaught Place,28.63033313,77.22072076,129,173,287,Dense (20+)
18247029,GoGourmet,Connaught Place,28.627897,77.223175,74,201,266,Dense (20+)
2298,Haldiram's,Connaught Place,28.6340072,77.2223278,92,169,323,Dense (20+)
310490,Indian Grill Company,Connaught Place,28.6335935,77.2226871,92,167,320,Dense (20+)
1896,Jain Chawal Wale,Connaught Place,28.6318938,77.216129,71,163,283,Dense (20+)
18157384,Jungle Jamboree,Connaught Place,28.6324794,77.2161749,70,169,285,Dense (20+)
2903,Kake Da Hotel,Connaught Place,28.6350395,77.2218787,67,169,331,Dense (20+)
301653,Kebab Xpress,Connaught Place,28.6305246,77.2196331,134,175,288,Dense (20+)
2195,KFC,Connaught Place,28.63136,77.217,90,161,284,Dense (20+)
7367,Khan Chacha,Connaught Place,28.6340493,77.2208907,104,179,311,Dense (20+)
309586,Kinbuck 2,Connaught Place,28.6320976,77.2163994,86,164,284,Dense (20+)
18398577,La Americana,Connaught Place,28.6331936,77.222736,97,180,316,Dense (20+)
18435302,Lady Baga,Connaught Place,28.63123951,77.21645035,75,162,283,Dense (20+)
9747,Life Caffe,Connaught Place,28.63417726,77.21829101,94,180,294,Dense (20+)
312603,Lord of the Drinks,Connaught Place,28.6319527,77.2167587,92,162,285,Dense (20+)
177,McDonald's,Connaught Place,28.6323132,77.216411,88,166,285,Dense (20+)
9959,McDonald's,Connaught Place,28.63000833,77.22015667,124,176,286,Dense (20+)
17953940,Moets Arabica,Connaught Place,28.6303042,77.2208276,127,173,288,Dense (20+)
18441674,Mother India,Connaught Place,28.6355337,77.2190709,68,174,309,Dense (20+)
307485,Mughlai Junction,Connaught Place,28.6307809,77.2204415,135,172,292,Dense (20+)
311057,My Bar Headquarters,Connaught Place,28.630721,77.2198128,134,172,289,Dense (20+)
309955,Nando's,Connaught Place,28.63089815,77.21980177,137,172,290,Dense (20+)
870,Nizam's Kathi Kabab,Connaught Place,28.6349788,77.2193637,84,167,306,Dense (20+)
18265711,Oh My God,Connaught Place,28.6312375,77.2205314,138,172,292,Dense (20+)
312601,Open House Cafe,Connaught Place,28.63430998,77.22071037,104,169,313,Dense (20+)
3393,Parikrama - The Revolving Restaurant,Connaught Place,28.62845265,77.22263787,79,202,274,Dense (20+)
2504,Pind Balluchi,Connaught Place,28.6308607,77.2180107,114,170,285,Dense (20+)
249,Pizza Hut,Connaught Place,28.6322176,77.2228218,112,183,308,Dense (20+)
18423119,Playboy Cafe,Connaught Place,28.6306314,77.2198128,134,173,288,Dense (20+)
18255131,Privee',Connaught Place,28.620999,77.21826,36,78,238,Dense (20+)
306497,Punjabi By Nature,Connaught Place,28.6308511,77.2197679,137,172,290,Dense (20+)
308244,Quote - The Eclectic Bar and Lounge,Connaught Place,28.6308473,77.2171077,90,167,283,Dense (20+)
1286,Rajdhani Thali Restaurant,Connaught Place,28.62981696,77.22053636,122,176,285,Dense (20+)
4815,Route 04,Connaught Place,28.6348681,77.2200822,85,169,310,Dense (20+)
310463,Sbarro,Connaught Place,28.630354,77.2197229,129,176,287,Dense (20+)
5738,Shake Square,Connaught Place,28.6335234,77.2181959,108,177,295,Dense (20+)
302310,South Indian Snacks,Connaught Place,28.62612864,77.21608289,39,157,255,Dense (20+)
5608,SSKY Bar & Lounge,Connaught Place,28.6286716,77.22247191,84,200,275,Dense (20+)
307535,Starbucks,Connaught Place,28.63014067,77.22063158,127,176,285,Dense (20+)
302156,Subway,Connaught Place,28.6311315,77.222238,112,181,298,Dense (20+)
18238278,Tamasha,Connaught Place,28.629606,77.221744,102,179,284,Dense (20+)
905,Taste of China,Connaught Place,28.6300841,77.2204748,126,176,286,Dense (20+)
18281985,Teddy Boy,Connaught Place,28.6301834,77.2198128,127,176,285,Dense (20+)
307060,The Beer Cafe - BIGGIE,Connaught Place,28.6339511,77.2208008,106,178,309,Dense (20+)
18425735,The Flying Saucer Cafe,Connaught Place,28.6315577,77.2210703,135,171,298,Dense (20+)
313256,The Junkyard Cafe,Connaught Place,28.6303196,77.2207923,127,173,287,Dense (20+)
18337893,The Luggage Room Kitchen And Bar,Connaught Place,28.6331626,77.2228667,97,179,315,Dense (20+)
307190,The Rolling Joint,Connaught Place,28.6335249,77.2219685,98,175,315,Dense (20+)
309790,The Vault Cafe,Connaught Place,28.63104411,77.21964553,138,172,292,Dense (20+)
1800,Veda,Connaught Place,28.6352172,77.2181061,66,177,297,Dense (20+)
301605,Warehouse Cafe,Connaught Place,28.63384356,77.22086292,106,178,310,Dense (20+)
3394,Zaffran,Connaught Place,28.6336168,77.221559,97,176,315,Dense (20+)
930,Zen,Connaught Place,28.6342534,77.2192738,105,177,300,Dense (20+)
309073,Zizo,Connaught Place,28.635299,77.2199026,76,169,313,Dense (20+)
18414481,Kettle & Kegs,Connaught Place,28.636975,77.23041,3,78,327,Dense (20+)
18469940,Ovenstory Pizza,Connaught Place,28.637044,77.22947,3,87,340,Dense (20+)
18380361,Shree Hari Vaishnav Dhaba,Connaught Place,28.6302952,77.2296803,25,123,273,Dense (20+)
18241537,38 Barracks,Connaught Place,28.63302489,77.22285848,100,180,313,Dense (20+)
309478,Ambrosia Bliss,Connaught Place,28.63386651,77.22212523,96,167,319,Dense (20+)
7713,Ardor 2.1,Connaught Place,28.6300384,77.2201721,124,176,286,Dense (20+)
301489,Barbeque Nation,Connaught Place,28.62996616,77.22067215,122,176,285,Dense (20+)
18219558,Bikkgane Biryani,Connaught Place,28.6316714,77.2161897,73,162,283,Dense (20+)
18216915,Biryani Blues,Connaught Place,28.6299831,77.2205314,123,176,285,Dense (20+)
306913,Caffe 9,Connaught Place,28.6324389,77.2162198,75,169,285,Dense (20+)
307036,Excuse Me Boss,Connaught Place,28.6309539,77.2208457,138,172,293,Dense (20+)
67,Fa Yian,Connaught Place,28.6328105,77.2172977,100,170,288,Dense (20+)
18233593,Farzi Cafe,Connaught Place,28.6323984,77.2214296,120,173,305,Dense (20+)
310123,Fuji Japanese Restaurant,Connaught Place,28.63298369,77.22193044,107,175,310,Dense (20+)
18198427,Healthy Routes,Connaught Place,28.6348214,77.2205314,83,171,313,Dense (20+)
18279449,HotMess,Connaught Place,28.6326547,77.222238,109,175,308,Dense (20+)
18237357,House of Commons,Connaught Place,28.6330645,77.2227769,100,179,313,Dense (20+)
18254558,Johnny Rockets,Connaught Place,28.6304436,77.2197229,133,176,287,Dense (20+)
18246991,Odeon Social,Connaught Place,28.63424877,77.22090885,102,169,314,Dense (20+)
309859,Pebble Street,Connaught Place,28.6302434,77.2204415,129,175,286,Dense (20+)
18294220,Piali - The Curry Bistro,Connaught Place,28.6352499,77.2198577,76,169,313,Dense (20+)
900,Saravana Bhavan,Connaught Place,28.6323578,77.2163096,84,166,285,Dense (20+)
18294269,Smoke On Water,Connaught Place,28.6336429,77.2215438,97,178,315,Dense (20+)
301011,Starbucks,Connaught Place,28.6321771,77.2177019,116,166,288,Dense (20+)
18423151,The Darzi Bar & Kitchen,Connaught Place,28.6355397,77.2191391,67,173,309,Dense (20+)
18454488,The G.T. Road,Connaught Place,28.6332275,77.2228913,97,180,315,Dense (20+)
308579,The Town House Cafe,Connaught Place,28.62997057,77.22054273,123,176,285,Dense (20+)
910,United Coffee House,Connaught Place,28.6324708,77.2212499,122,174,304,Dense (20+)
18216901,Unplugged Courtyard,Connaught Place,28.63447388,77.22129744,86,169,322,Dense (20+)
301114,Wenger's Deli,Connaught Place,28.6336216,77.2182858,108,177,295,Dense (20+)
4249,Wenger's,Connaught Place,28.6333676,77.2183326,113,176,296,Dense (20+)
18222559,{Niche} - Cafe & Bar,Connaught Place,28.6315156,77.2225074,113,183,299,Dense (20+)
303204,Chicken Minar,"Crescent Square Mall, Rohini",28.7181477,77.1250143,10,26,81,Dense (20+)
8881,G Lounge,"Crescent Square Mall, Rohini",28.7182809,77.124976,10,26,81,Dense (20+)
310435,Gyms Kook,"Crescent Square Mall, Rohini",28.7186064,77.125077,10,25,80,Dense (20+)
309051,Burger Joint,"Crescent Square Mall, Rohini",28.7183684,77.1248938,10,24,80,Dense (20+)
1258,Eleven to Eleven,"Cross River Mall, Karkardooma",28.65784,77.3027142,43,60,148,Dense (20+)
2308,Le Chef,"Cross River Mall, Karkardooma",28.6571108,77.3023283,33,63,162,Dense (20+)
195,McDonald's,"Cross River Mall, Karkardooma",28.657631,77.3022802,43,60,160,Dense (20+)
307940,The Buffet Wagon,"Cross River Mall, Karkardooma",28.6576462,77.3022817,43,60,160,Dense (20+)
2299,Haldiram's,"Cross River Mall, Karkardooma",28.6567112,77.3018958,12,63,165,Dense (20+)
5997,Connexions Bar - Crowne Plaza,"Crowne Plaza Hotel, Rohini",28.7208561,77.1104921,5,10,35,Moderate (6-20)
6030,Deli - Crowne Plaza,"Crowne Plaza Hotel, Rohini",28.7203475,77.1104047,2,10,35,Moderate (6-20)
307362,Lobby Lounge - Crowne Plaza,"Crowne Plaza, Mayur Vihar Phase 1",28.5902478,77.2974845,14,46,140,Dense (20+)
307361,Infinity - Crowne Plaza,"Crowne Plaza, Mayur Vihar Phase 1",28.590346,77.2975743,14,46,140,Dense (20+)
3105,Fiery Grills,"D Mall, Netaji Subhash Place",28.6927868,77.1527715,52,65,179,Dense (20+)
9960,McDonald's,"D Mall, Netaji Subhash Place",28.6925129,77.1527796,52,65,179,Dense (20+)
18014114,Cafe Desire,"D Mall, Netaji Subhash Place",28.6926319,77.1526057,51,65,176,Dense (20+)
3894,Haldiram's,"D Mall, Netaji Subhash Place",28.691936,77.1518867,50,65,166,Dense (20+)
306479,Kake Di Hatti,"D Mall, Netaji Subhash Place",28.6928645,77.1528346,52,65,179,Dense (20+)
3183,Akash Deep,Daryaganj,28.6442398,77.2403806,39,76,160,Dense (20+)
5451,Al Saad Foods,Daryaganj,28.6433222,77.2321629,10,82,337,Dense (20+)
5464,Cafe Coffee Day,Daryaganj,28.6445896,77.2402908,39,76,161,Dense (20+)
3182,Chandrika,Daryaganj,28.6409469,77.2373386,22,65,234,Dense (20+)
18057826,Dawat-E-Chaman,Daryaganj,28.6464711,77.2402908,33,78,146,Dense (20+)
18275791,Kallu Nihari,Daryaganj,28.6421251,77.2373206,23,80,224,Dense (20+)
18261700,King Bikaneri,Daryaganj,28.6415395,77.2341388,12,72,310,Dense (20+)
18228864,Manchanda Bakery,Daryaganj,28.6461798,77.2442871,30,50,131,Dense (20+)
310792,McDonald's,Daryaganj,28.6437229,77.2405333,37,75,160,Dense (20+)
18222587,Mehta Restaurant,Daryaganj,28.6442887,77.2403616,39,76,160,Dense (20+)
309530,Shree Jee Rasoi,Daryaganj,28.62954592,77.2424889,3,5,105,Light (1-5)
5462,Taj Snacks,Daryaganj,28.6428148,77.2404704,37,68,159,Dense (20+)
3181,Zaika,Daryaganj,28.6437016,77.240526,37,75,160,Dense (20+)
9912,Bagli's Kitchen,Daryaganj,28.63814444,77.24076111,5,47,165,Dense (20+)
3180,Bhaja Govindam,Daryaganj,28.6411412,77.2360697,17,79,271,Dense (20+)
4092,Changezi Chicken,Daryaganj,28.6435145,77.2402908,37,75,160,Dense (20+)
18261683,Dilli Gate,Daryaganj,28.6428148,77.2404704,37,68,159,Dense (20+)
4715,Jahangeer Foods,Daryaganj,28.6482801,77.2404704,27,77,155,Dense (20+)
481,Moti Mahal,Daryaganj,28.6461938,77.240201,33,78,149,Dense (20+)
302232,Nandlal Ka Dhaba,Daryaganj,28.6450853,77.2436136,33,54,132,Dense (20+)
1044,Sugandh,Daryaganj,28.6451749,77.2436136,33,55,132,Dense (20+)
3185,Suvidha Vegetarian,Daryaganj,28.6437405,77.2398417,39,76,160,Dense (20+)
18292467,Anupam Jalpan,Daryaganj,28.6450853,77.2436136,33,54,132,Dense (20+)
18390082,Aunty's Kitchen,Daryaganj,28.6448122,77.2420496,34,70,150,Dense (20+)
18288623,Fry Centre,Daryaganj,28.6482292,77.2404428,27,77,155,Dense (20+)
18397709,Iqbal's Mughal Cuisine,Daryaganj,28.6444725,77.2414133,36,74,154,Dense (20+)
18294896,Kake Di Hatti Punjabi Khana,Daryaganj,28.6413413,77.2357696,16,80,276,Dense (20+)
6678,Kaushal Dhaba,Daryaganj,28.6410173,77.2357105,13,77,280,Dense (20+)
18351471,Khan Foods,Daryaganj,28.6439042,77.24033283,39,76,160,Dense (20+)
18206818,Kumar Sweet House,Daryaganj,28.6452519,77.2444219,29,49,132,Dense (20+)
5463,Negi Restaurant,Daryaganj,28.6411593,77.2400213,26,55,185,Dense (20+)
18345380,Old Delhi Food Factory,Daryaganj,28.6449318,77.243883,32,50,132,Dense (20+)
5450,Parantha Point,Daryaganj,28.6448275,77.2420857,34,70,150,Dense (20+)
18292465,R.P.W Pizza,Daryaganj,28.644762,77.2419072,34,70,150,Dense (20+)
18292472,Rajdhani Restaurant,Daryaganj,28.6451272,77.2402908,35,76,160,Dense (20+)
18449638,Roll's World,Daryaganj,28.6413034,77.2358133,16,80,276,Dense (20+)
18449640,Shree Krishna Dhaba,Daryaganj,28.6477718,77.2400961,34,79,156,Dense (20+)
303637,Domino's Pizza,Daryaganj,28.6440556,77.2402141,39,76,160,Dense (20+)
304181,Delhi 6 - Royal Cuisine Of The Walled City,Daryaganj,28.6480581,77.2400213,32,79,156,Dense (20+)
308183,Food Hub,"DDA Market, Kalu Sarai, Hauz Khas",28.5419032,77.2038911,11,77,291,Dense (20+)
313059,RR China Tawun,"DDA Market, Kalu Sarai, Hauz Khas",28.5417882,77.204111,11,83,297,Dense (20+)
763,Aka Saka,Defence Colony,28.5730331,77.2304115,59,101,303,Dense (20+)
7557,Anil Mishtan Wala,Defence Colony,28.5732507,77.2298726,59,93,304,Dense (20+)
525,Barista,Defence Colony,28.5735453,77.230142,59,102,300,Dense (20+)
7561,Cafe 1 Fast Food,Defence Colony,28.573494,77.2296031,59,94,303,Dense (20+)
18451576,Chawla's Tandoori Junction,Defence Colony,28.57750982,77.2385256,58,150,270,Dense (20+)
580,Chawnsan Chef,Defence Colony,28.5780492,77.2388538,56,142,264,Dense (20+)
308703,Choco Kraft,Defence Colony,28.5774602,77.238315,57,145,274,Dense (20+)
60,Colonel's Kababz,Defence Colony,28.5740362,77.2305911,58,112,302,Dense (20+)
305123,Confectionately Seerat's,Defence Colony,28.5765207,77.2318151,54,116,299,Dense (20+)
18265689,Country Curries,Defence Colony,28.57825443,77.23840289,51,146,263,Dense (20+)
199,Domino's Pizza,Defence Colony,28.5661594,77.233061,2,81,318,Dense (20+)
756,Duggal's Rasoi,Defence Colony,28.5780151,77.2384946,55,148,263,Dense (20+)
309801,Firefly India,Defence Colony,28.5728373,77.234004,53,133,311,Dense (20+)
18433907,Fluffles - The Fluffy Waffle Co.,Defence Colony,28.573371,77.230527,58,105,302,Dense (20+)
311511,Giani's,Defence Colony,28.5734984,77.2305911,58,105,302,Dense (20+)
308279,Giani,Defence Colony,28.5744159,77.2298726,59,107,295,Dense (20+)
7621,Green Chick Chop,Defence Colony,28.5773705,77.238315,57,145,273,Dense (20+)
306779,Gulshan Fish & Chicken Fry,Defence Colony,28.5701766,77.2239446,33,115,317,Dense (20+)
312980,Kitchen22,Defence Colony,28.5731313,77.2305013,59,104,301,Dense (20+)
18222580,La Chocoallure,Defence Colony,28.57345367,77.23718248,29,143,306,Dense (20+)
2878,Little Dragon,Defence Colony,28.574147,77.2298726,59,106,297,Dense (20+)
8902,Maddi Sweet Centre,Defence Colony,28.5748508,77.2269086,58,92,290,Dense (20+)
18374707,Man Vs Food The Kitchen,Defence Colony,28.576813,77.238347,56,150,276,Dense (20+)
678,MB's,Defence Colony,28.5735538,77.2302318,59,104,301,Dense (20+)
3568,Moet's Sizzlers,Defence Colony,28.5731228,77.2304115,59,102,302,Dense (20+)
18354969,Oberoi's,Defence Colony,28.57772917,77.23895844,59,147,263,Dense (20+)
313242,Punjabee's Darbar,Defence Colony,28.578638,77.2387472,51,114,262,Dense (20+)
309838,Qureshi's Kabab Corner,Defence Colony,28.5783096,77.238764,55,141,262,Dense (20+)
437,Saleem's Restaurant,Defence Colony,28.5777696,77.2382701,55,148,271,Dense (20+)
18303851,Suri Saab Restaurant,Defence Colony,28.5785699,77.2386742,51,126,262,Dense (20+)
307500,The Sweet Boutique,Defence Colony,28.572495,77.23684,20,138,313,Dense (20+)
736,Tibb's Frankie,Defence Colony,28.5739678,77.2298726,59,105,299,Dense (20+)
18294230,Veg Ex,Defence Colony,28.5780065,77.2384048,55,149,265,Dense (20+)
7851,Zaaika Junction,Defence Colony,28.5735915,77.2283618,59,94,299,Dense (20+)
2437,28 Capri Italy,Defence Colony,28.5727962,77.2302768,59,98,306,Dense (20+)
573,4S Chinese Restaurant,Defence Colony,28.5731228,77.2304115,59,102,302,Dense (20+)
9706,Amici Cafe,Defence Colony,28.5735538,77.2302318,59,104,301,Dense (20+)
1507,Angels in my Kitchen,Defence Colony,28.5738398,77.2304115,59,108,301,Dense (20+)
302655,Arabian Delites,Defence Colony,28.5776478,77.2381221,55,144,274,Dense (20+)
705,Baskin Robbins,Defence Colony,28.574066,77.2299624,59,107,298,Dense (20+)
1395,Cafe Brown Sugar,Defence Colony,28.5737416,77.2303217,59,107,300,Dense (20+)
18418273,Chakhnaa Wala,Defence Colony,28.5783289,77.2385416,52,144,263,Dense (20+)
2067,Cocoberry,Defence Colony,28.5735538,77.2302318,59,104,301,Dense (20+)
3492,Concept,Defence Colony,28.5782285,77.2388538,56,137,263,Dense (20+)
576,Deez Biryani & Kebabs,Defence Colony,28.5778529,77.2386742,56,146,264,Dense (20+)
311211,Def Col Social,Defence Colony,28.5729435,77.2304115,59,99,303,Dense (20+)
311661,Dí_ner Grill,Defence Colony,28.5731228,77.2304115,59,102,302,Dense (20+)
566,Hong Kong Express,Defence Colony,28.5783992,77.238764,55,135,262,Dense (20+)
556,Kent's Fast Food,Defence Colony,28.5736434,77.2302318,59,106,299,Dense (20+)
18322644,Koyla Kebab,Defence Colony,28.5739678,77.2298726,59,105,299,Dense (20+)
17953931,Meraki Cafe & Bar,Defence Colony,28.5666845,77.2338693,3,81,324,Dense (20+)
18396187,Milk Patisserie,Defence Colony,28.573539,77.23133,56,110,304,Dense (20+)
730,Moets Curry Leaf,Defence Colony,28.5732124,77.2304115,59,104,302,Dense (20+)
18247032,Moets Oh! Bao,Defence Colony,28.5731536,77.2305784,58,105,301,Dense (20+)
570,Moets Shack,Defence Colony,28.5732124,77.2304115,59,104,302,Dense (20+)
760,Moets Stone,Defence Colony,28.5732124,77.2304115,59,104,302,Dense (20+)
134,Moti Mahal Delux,Defence Colony,28.5735944,77.2301869,59,105,299,Dense (20+)
3039,Nizam's Kathi Kabab,Defence Colony,28.5667421,77.234004,3,81,323,Dense (20+)
310816,NYC.PIE,Defence Colony,28.5729411,77.2303467,59,99,303,Dense (20+)
304735,Raro,Defence Colony,28.5732529,77.2303666,59,104,302,Dense (20+)
306,Sagar Ratna,Defence Colony,28.5731228,77.2304115,59,102,302,Dense (20+)
312586,Subway,Defence Colony,28.5732209,77.2305013,59,105,301,Dense (20+)
451,Swagath,Defence Colony,28.5735453,77.230142,59,102,300,Dense (20+)
18254518,The Jugaad Cafe Bar,Defence Colony,28.5735944,77.2301869,59,105,299,Dense (20+)
18419886,Chicken Biryani Centre,Defence Colony,28.5732244,77.2258308,61,99,308,Dense (20+)
8987,Ekta Restaurant,Defence Colony,28.5750687,77.2282559,59,83,285,Dense (20+)
18472678,Garam Masala,Defence Colony,28.5728608,77.2254202,56,98,310,Dense (20+)
9879,Gulati Food Corner,Defence Colony,28.5731519,77.2260104,60,99,310,Dense (20+)
18472675,Kolkatta Kathi Roll,Defence Colony,28.5740273,77.2286152,59,91,298,Dense (20+)
18355127,Muradabadi Shahi Biryani & Chicken Corner,Defence Colony,28.5741169,77.2286152,59,88,297,Dense (20+)
18357956,Rara Dragon,Defence Colony,28.5729113,77.2272935,60,100,296,Dense (20+)
9569,Mehfil,Defence Colony,28.5740102,77.2284355,59,92,295,Dense (20+)
305269,Bonne Bouche,Defence Colony,28.5734471,77.2300522,59,97,301,Dense (20+)
18415346,Cafe Yell,Defence Colony,28.5735944,77.2301869,59,105,299,Dense (20+)
4268,Defence Bakery,Defence Colony,28.5737979,77.2301021,59,106,299,Dense (20+)
18350143,Desi Vibes,Defence Colony,28.5738142,77.230142,59,107,299,Dense (20+)
18161723,Ek Bar,Defence Colony,28.57481074,77.23797072,56,140,295,Dense (20+)
18232097,Hwealthcafe,Defence Colony,28.5745182,77.2290642,59,91,294,Dense (20+)
309882,Kathputli,Defence Colony,28.5737426,77.230456,58,107,301,Dense (20+)
303215,Kulfiano,Defence Colony,28.5734173,77.2306809,58,107,303,Dense (20+)
18400744,Number 31,Defence Colony,28.5735538,77.2302318,59,104,301,Dense (20+)
312567,RoadRomeo,Defence Colony,28.5732529,77.2303666,59,104,302,Dense (20+)
305,Sagar Ratna,Defence Colony,28.5733831,77.2303217,59,104,301,Dense (20+)
18363787,The Culinary Pitaara,Defence Colony,28.5742151,77.228705,59,88,297,Dense (20+)
305646,Whipped,Defence Colony,28.5739038,77.230142,59,108,298,Dense (20+)
18419649,Milko's,Delhi Cantt.,28.59645787,77.13403689,1,1,2,Light (1-5)
18313109,Mom's Bake,Delhi Cantt.,28.59346375,77.12170769,0,0,4,Isolated (0)
18478723,RV Restaurant,Delhi Cantt.,28.56050598,77.13754522,0,0,57,Isolated (0)
18348614,Turning Point Fast Food,Delhi Cantt.,28.59696187,77.13251498,1,1,2,Light (1-5)
6953,A Vaishno Bhojnalaya,Delhi University-GTB Nagar,28.6952736,77.2039877,90,122,270,Dense (20+)
7691,Aim Delhi Cafe,Delhi University-GTB Nagar,28.7012381,77.208764,33,114,282,Dense (20+)
3252,Apni Rasoi,Delhi University-GTB Nagar,28.6984992,77.2076173,60,117,301,Dense (20+)
18400732,Blue Bull Cafe,Delhi University-GTB Nagar,28.6956951,77.2041824,89,122,275,Dense (20+)
18337757,Cafe Bethak,Delhi University-GTB Nagar,28.6949468,77.2043172,90,121,270,Dense (20+)
9014,Cafe Coffee Day,Delhi University-GTB Nagar,28.6984528,77.2063856,87,117,295,Dense (20+)
9453,Cafe Coffee Day,Delhi University-GTB Nagar,28.69471,77.2041824,89,121,270,Dense (20+)
18273614,Chakhlo Food Court,Delhi University-GTB Nagar,28.6986347,77.2058893,87,117,293,Dense (20+)
6625,Domino's Pizza,Delhi University-GTB Nagar,28.6985993,77.2058299,87,117,294,Dense (20+)
300869,Frontier,Delhi University-GTB Nagar,28.7014883,77.2066978,36,120,261,Dense (20+)
18256980,Good Foods,Delhi University-GTB Nagar,28.6896167,77.1968157,14,85,267,Dense (20+)
2279,Grain Bell Restaurant,Delhi University-GTB Nagar,28.7039175,77.2105606,14,82,255,Dense (20+)
307894,Green Chick Chop,Delhi University-GTB Nagar,28.6949494,77.2040261,90,121,269,Dense (20+)
6949,Grover's - The Baker Shop,Delhi University-GTB Nagar,28.69692,77.204262,93,122,287,Dense (20+)
311962,Hookups Cafe & Lounge,Delhi University-GTB Nagar,28.6970729,77.2045418,92,121,295,Dense (20+)
9433,Jai Hind Dairy,Delhi University-GTB Nagar,28.6958742,77.2041824,89,120,273,Dense (20+)
4065,Kaveri,Delhi University-GTB Nagar,28.6946441,77.2052412,89,120,268,Dense (20+)
5767,Khushboo Vaishno Dhaba,Delhi University-GTB Nagar,28.7099688,77.2045418,10,30,244,Dense (20+)
7681,Korea Restaurant,Delhi University-GTB Nagar,28.7012872,77.2088089,33,114,281,Dense (20+)
18395106,Kukkad Nukkad,Delhi University-GTB Nagar,28.6955226,77.2040656,91,122,273,Dense (20+)
5436,Metro Fast Food,Delhi University-GTB Nagar,28.6950637,77.2127619,2,106,262,Dense (20+)
18370586,Mughlai Flavours,Delhi University-GTB Nagar,28.6944781,77.2050359,85,120,267,Dense (20+)
306847,Pitstop,Delhi University-GTB Nagar,28.7022489,77.2057546,32,117,260,Dense (20+)
4857,Pizza Hut,Delhi University-GTB Nagar,28.6953048,77.2042264,91,121,271,Dense (20+)
4088,Prince Snacks & Momo's Point,Delhi University-GTB Nagar,28.6945186,77.204991,86,120,267,Dense (20+)
9969,Qash Retro Bar,Delhi University-GTB Nagar,28.6958019,77.2043621,89,119,274,Dense (20+)
307106,Red Chillies,Delhi University-GTB Nagar,28.6961065,77.2041877,91,120,274,Dense (20+)
5909,Samrat Bakers,Delhi University-GTB Nagar,28.6984683,77.2075896,62,118,301,Dense (20+)
2287,Samrat Restaurant,Delhi University-GTB Nagar,28.6989923,77.2051324,78,121,278,Dense (20+)
2288,Shammi Bhai Lassi Wala,Delhi University-GTB Nagar,28.6989525,77.2049573,82,121,278,Dense (20+)
312391,Shooters Lounge and Bar,Delhi University-GTB Nagar,28.6944094,77.2043172,84,121,268,Dense (20+)
302370,Singh Ching,Delhi University-GTB Nagar,28.6956951,77.2041824,89,122,275,Dense (20+)
9779,Southy,Delhi University-GTB Nagar,28.6983664,77.2062475,89,117,295,Dense (20+)
307387,Take n Taste Shawarma Zone,Delhi University-GTB Nagar,28.69445928,77.20517535,81,120,268,Dense (20+)
18350499,The Night Owl,Delhi University-GTB Nagar,28.6991883,77.2048468,70,120,278,Dense (20+)
2290,Tilak's The Diners,Delhi University-GTB Nagar,28.6988729,77.2051338,86,121,281,Dense (20+)
18161577,Spezia Bistro,Delhi University-GTB Nagar,28.694839,77.2041413,90,121,269,Dense (20+)
6647,Cent Percent The Pastry Shop,Delhi University-GTB Nagar,28.6963995,77.2044468,90,120,280,Dense (20+)
313267,For God's Cake,Delhi University-GTB Nagar,28.6951581,77.2042568,92,121,270,Dense (20+)
5455,Laxmi Ice Cream,Delhi University-GTB Nagar,28.6968859,77.2044507,93,121,288,Dense (20+)
3401,Mirch Masala MM Cafe,Delhi University-GTB Nagar,28.6959218,77.20421,89,120,273,Dense (20+)
18456762,Moh Maya Cafe,Delhi University-GTB Nagar,28.694703,77.204109,88,121,270,Dense (20+)
4825,QD's Restaurant,Delhi University-GTB Nagar,28.6951592,77.2042559,92,121,270,Dense (20+)
311674,SuperHero Cafe,Delhi University-GTB Nagar,28.6959407,77.207686,89,119,283,Dense (20+)
6646,Suresh Fast Food,Delhi University-GTB Nagar,28.6947235,77.2052605,89,119,268,Dense (20+)
304307,Wood Box Cafe,Delhi University-GTB Nagar,28.6943941,77.2047986,84,120,268,Dense (20+)
18421487,Best Biryani,Delhi University-GTB Nagar,28.69846,77.2076069,61,118,301,Dense (20+)
18277324,Derawal Soda Fountain,Delhi University-GTB Nagar,28.7004311,77.2049915,43,118,267,Dense (20+)
18455950,Eat & Gulp,Delhi University-GTB Nagar,28.7045236,77.2112792,11,96,238,Dense (20+)
18463988,L.N Live Kitchen,Delhi University-GTB Nagar,28.6979839,77.2050973,90,121,296,Dense (20+)
18463995,Papa Buns,Delhi University-GTB Nagar,28.6943776,77.2039851,81,121,267,Dense (20+)
18426904,Preet Fast Foods,Delhi University-GTB Nagar,28.7014404,77.2052605,35,119,262,Dense (20+)
18124356,Sikkim Chinese Food,Delhi University-GTB Nagar,28.6960645,77.2132353,2,110,262,Dense (20+)
18420653,Tawa King,Delhi University-GTB Nagar,28.6949307,77.2027451,83,122,270,Dense (20+)
18432553,The Pork Shop,Delhi University-GTB Nagar,28.68074736,77.20346611,52,62,166,Dense (20+)
18388132,TiffinToons,Delhi University-GTB Nagar,28.69248552,77.19461525,5,72,279,Dense (20+)
6608,Vaishno Rasoi,Delhi University-GTB Nagar,28.710327,77.2045418,10,28,241,Dense (20+)
300883,Sagar Ratna,Delhi University-GTB Nagar,28.6979196,77.2077758,76,116,307,Dense (20+)
3036,Slice of Italy,Delhi University-GTB Nagar,28.6955728,77.2040764,91,122,275,Dense (20+)
18342940,Bakar The Cafe,Delhi University-GTB Nagar,28.6951306,77.2031499,89,122,270,Dense (20+)
6144,Indus Flavour,Delhi University-GTB Nagar,28.6956238,77.2029696,88,122,268,Dense (20+)
18365861,Raw Creams,Delhi University-GTB Nagar,28.6958424,77.2043172,89,119,273,Dense (20+)
304262,Ricos,Delhi University-GTB Nagar,28.6948159,77.2041921,90,121,269,Dense (20+)
312345,The Hudson Cafe,Delhi University-GTB Nagar,28.6949468,77.2043172,90,121,270,Dense (20+)
306407,YOLO 21,Delhi University-GTB Nagar,28.6950768,77.2042723,91,121,270,Dense (20+)
7777,Assam Food Stall,"Dilli Haat, INA",28.5730696,77.2063385,20,24,308,Dense (20+)
3167,Darbar E Awadh,"Dilli Haat, INA",28.5733089,77.2069673,20,24,307,Dense (20+)
302555,Hotel Tamil Nadu,"Dilli Haat, INA",28.57298,77.2063385,20,24,307,Dense (20+)
309841,Incrivel Goa,"Dilli Haat, INA",28.5731135,77.2062293,20,24,308,Dense (20+)
3158,Lakshadweep,"Dilli Haat, INA",28.5733751,77.2071919,20,24,304,Dense (20+)
7814,Odisha,"Dilli Haat, INA",28.5736502,77.2067876,20,24,307,Dense (20+)
7770,Rajasthan Food Stall No. 1,"Dilli Haat, INA",28.5733557,77.2065181,20,24,309,Dense (20+)
7789,Shillong View,"Dilli Haat, INA",28.573381,77.207032,20,24,305,Dense (20+)
302537,Wazwan,"Dilli Haat, INA",28.5734071,77.2070571,20,24,305,Dense (20+)
7790,Zayaka,"Dilli Haat, INA",28.5733139,77.2072657,20,24,304,Dense (20+)
18025092,Bihar ki Rasoi,"Dilli Haat, INA",28.5733557,77.2065181,20,24,309,Dense (20+)
7768,Bijoli Grill,"Dilli Haat, INA",28.57298,77.2063385,20,24,307,Dense (20+)
302264,Maharashtra Food Stall,"Dilli Haat, INA",28.5731102,77.2062936,20,24,308,Dense (20+)
300975,Manipur Food Stall,"Dilli Haat, INA",28.5733557,77.2065181,20,24,309,Dense (20+)
7772,Momo Mia,"Dilli Haat, INA",28.5733089,77.2069673,20,24,307,Dense (20+)
7834,Mother Dairy Ice Cream,"Dilli Haat, INA",28.5730696,77.2063385,20,24,308,Dense (20+)
302542,Nagaland,"Dilli Haat, INA",28.573123,77.2062457,20,24,308,Dense (20+)
7774,Navdanya Organic Food Cafe,"Dilli Haat, INA",28.5731173,77.2062671,20,24,308,Dense (20+)
7769,Tashi Delek Food Stall,"Dilli Haat, INA",28.5733237,77.2066529,20,24,310,Dense (20+)
7788,Punjabi Rasoi,"Dilli Haat, INA",28.5731266,77.2062599,20,24,308,Dense (20+)
309037,Aggarwal Bikaner Sweets,Dilshad Garden,28.6840941,77.3263341,11,29,65,Dense (20+)
18454058,Angels Kitchen,Dilshad Garden,28.69405251,77.32792842,0,5,36,Light (1-5)
312579,Bedi's Kabab Corner,Dilshad Garden,28.6793527,77.3153088,24,49,91,Dense (20+)
18398753,Bravo Diet Food and Nutrition,Dilshad Garden,28.6880418,77.3228257,6,30,64,Dense (20+)
301313,Chacha Chicken,Dilshad Garden,28.6866525,77.3243611,11,29,65,Dense (20+)
301305,Chao Cart,Dilshad Garden,28.6812709,77.3133238,19,39,87,Dense (20+)
18124346,Chimney,Dilshad Garden,28.68787472,77.31063947,4,9,83,Moderate (6-20)
310664,Chutneez Ishtyle Bar and Dining,Dilshad Garden,28.6758998,77.3216767,5,43,98,Dense (20+)
6266,Deep Chicken Point,Dilshad Garden,28.6785183,77.3138803,17,49,92,Dense (20+)
5060,Domino's Pizza,Dilshad Garden,28.6760676,77.3219584,5,47,97,Dense (20+)
312566,Govind Dhaba,Dilshad Garden,28.681041,77.3187967,23,47,88,Dense (20+)
18368621,Huddle Cafe,Dilshad Garden,28.680441,77.3165977,27,42,89,Dense (20+)
310319,Kovilakam,Dilshad Garden,28.6840123,77.3265239,11,29,65,Dense (20+)
302497,Mathur's Kitchen,Dilshad Garden,28.6843495,77.3141201,6,40,86,Dense (20+)
302528,McDonald's,Dilshad Garden,28.6760146,77.3218233,5,44,97,Dense (20+)
305209,New South Indian Hut,Dilshad Garden,28.6827502,77.3235369,16,42,84,Dense (20+)
313046,Night Bite,Dilshad Garden,28.68331488,77.31573399,18,47,84,Dense (20+)
313473,Pizza Station,Dilshad Garden,28.68426375,77.32611515,11,29,65,Dense (20+)
9817,Pummy Restaurant,Dilshad Garden,28.6815286,77.3212477,18,47,86,Dense (20+)
18255138,Republic of Chicken,Dilshad Garden,28.6877871,77.3237521,10,26,65,Dense (20+)
309727,Salt N' Pepper,Dilshad Garden,28.6803927,77.3138452,20,44,90,Dense (20+)
18204499,Shahi Zaikaa,Dilshad Garden,28.6839708,77.3263201,11,30,65,Dense (20+)
311187,Shubham,Dilshad Garden,28.6780803,77.3149321,19,54,97,Dense (20+)
301498,South Indian Corner,Dilshad Garden,28.6817639,77.3203722,19,47,86,Dense (20+)
18378033,Sultan Food,Dilshad Garden,28.6818859,77.3225314,18,46,85,Dense (20+)
309043,Uncle Bakery,Dilshad Garden,28.6804166,77.3175002,26,51,89,Dense (20+)
308509,Urban Chopstick,Dilshad Garden,28.6781679,77.3135599,16,54,93,Dense (20+)
6242,Urban Kabab,Dilshad Garden,28.6784414,77.3130113,17,52,92,Dense (20+)
303994,Urban Punjab,Dilshad Garden,28.6805428,77.3172671,26,50,89,Dense (20+)
9002,Haldiram's,Dilshad Garden,28.6755738,77.3220465,5,44,97,Dense (20+)
307364,Pizza Hut Delivery,Dilshad Garden,28.6759651,77.32103,7,45,98,Dense (20+)
18265385,Aggarwal Sweet Corner,Dilshad Garden,28.6789662,77.31474,23,49,91,Dense (20+)
18424632,Amritsari Naan Hut,Dilshad Garden,28.6826566,77.3174779,21,52,84,Dense (20+)
301316,Annapurna Bhojnalaya,Dilshad Garden,28.6802106,77.3191771,23,53,88,Dense (20+)
18378032,Asia,Dilshad Garden,28.6803726,77.3194607,23,48,88,Dense (20+)
18128881,Bablu Chinese Food,Dilshad Garden,28.6766439,77.3221198,9,48,96,Dense (20+)
18378035,Bikaner Rasoi,Dilshad Garden,28.6868371,77.3240717,11,29,65,Dense (20+)
18435806,Crazzy Bite,Dilshad Garden,28.6869556,77.3243518,11,29,65,Dense (20+)
18435819,Dada Ka,Dilshad Garden,28.6806456,77.3200498,20,47,88,Dense (20+)
18376475,Friends N Foods,Dilshad Garden,28.68393079,77.32285928,16,42,81,Dense (20+)
18378043,Hot N Fresh Pizza,Dilshad Garden,28.6806874,77.3179939,25,49,88,Dense (20+)
18424636,Kake Di Chap,Dilshad Garden,28.6804081,77.3174105,26,51,89,Dense (20+)
18424625,Kathi Junction,Dilshad Garden,28.6806468,77.3180387,25,49,88,Dense (20+)
18377889,KSG,Dilshad Garden,28.67811889,77.30874181,4,28,114,Dense (20+)
18435822,Mahavrer Chap Express,Dilshad Garden,28.6808405,77.3182032,25,49,88,Dense (20+)
18429577,Mamma Drools,Dilshad Garden,28.6784646,77.3151641,21,48,91,Dense (20+)
18424642,Pawan Foods,Dilshad Garden,28.68845296,77.31044468,4,9,77,Moderate (6-20)
18378039,Pizza Hub,Dilshad Garden,28.6785109,77.3150927,21,48,91,Dense (20+)
18378037,Prem Rasoi,Dilshad Garden,28.68780825,77.30951831,4,9,78,Moderate (6-20)
311037,Sanjha Chulah Babe Da,Dilshad Garden,28.65281944,77.29831667,4,28,179,Dense (20+)
18435816,Shakun Cook-Du-Ku,Dilshad Garden,28.6859527,77.3227227,12,30,65,Dense (20+)
18128868,The Taste of Punjab,Dilshad Garden,28.68853914,77.30948444,4,7,78,Moderate (6-20)
18350160,Vaishno Bhojanalaya,Dilshad Garden,28.68710648,77.31081113,5,16,94,Moderate (6-20)
18378030,Wrap N Roll,Dilshad Garden,28.6817083,77.3207312,18,47,86,Dense (20+)
18209806,Zaika-E-Chaap Express,Dilshad Garden,28.67788563,77.30820905,3,24,120,Dense (20+)
18153563,Slice of Italy,Dilshad Garden,28.67810565,77.30849136,4,25,116,Dense (20+)
357,Bemisaal,"District Centre, Janakpuri",28.6301104,77.0800517,19,38,194,Dense (20+)
8453,Grillz,"District Centre, Janakpuri",28.6301427,77.0813721,16,44,198,Dense (20+)
306856,Tandoor Ka Zaika,"District Centre, Janakpuri",28.6301924,77.0807745,18,40,197,Dense (20+)
18332009,The Barley House,"District Centre, Janakpuri",28.6298202,77.0815256,16,43,204,Dense (20+)
6875,Muffins,"District Centre, Janakpuri",28.6305419,77.0813133,16,43,198,Dense (20+)
2530,Dilli Darbar,"District Centre, Janakpuri",28.6300877,77.0818722,15,43,201,Dense (20+)
5260,Cafe Coffee Day,"DLF City Centre Mall, Shalimar Bagh",28.7029361,77.1582677,22,45,190,Dense (20+)
3224,Domino's Pizza,"DLF City Centre Mall, Shalimar Bagh",28.7030171,77.1581778,22,45,190,Dense (20+)
5293,Kings Kulfi,"DLF City Centre Mall, Shalimar Bagh",28.7029361,77.1582677,22,45,190,Dense (20+)
307578,McDonald's,"DLF City Centre Mall, Shalimar Bagh",28.7029534,77.1581925,22,45,190,Dense (20+)
18445798,Tibb's Frankie,"DLF City Centre Mall, Shalimar Bagh",28.7029971,77.1581943,22,45,190,Dense (20+)
4919,Cafe E,"DLF Emporio Mall, Vasant Kunj",28.54283324,77.15665989,26,28,88,Dense (20+)
4921,Cha-Shi,"DLF Emporio Mall, Vasant Kunj",28.54370415,77.15718493,26,29,88,Dense (20+)
307321,Habibi,"DLF Place Mall, Saket",28.527655,77.2170282,56,71,183,Dense (20+)
2616,Tikka Town,"DLF Place Mall, Saket",28.52890209,77.21589714,57,104,195,Dense (20+)
302212,4700BC Popcorn,"DLF Place Mall, Saket",28.5281701,77.2166406,55,85,188,Dense (20+)
3814,Al Zaitoon,"DLF Place Mall, Saket",28.52888088,77.21593738,57,104,194,Dense (20+)
8201,Dunkin' Donuts,"DLF Place Mall, Saket",28.52822812,77.21688252,55,84,186,Dense (20+)
306571,Foodhall,"DLF Place Mall, Saket",28.52766814,77.21723221,55,70,182,Dense (20+)
2300,Haldiram's,"DLF Place Mall, Saket",28.52844757,77.21655529,55,91,186,Dense (20+)
3719,TGI Friday's,"DLF Place Mall, Saket",28.52857924,77.21612245,55,102,189,Dense (20+)
9720,The Beer Cafe,"DLF Place Mall, Saket",28.53230279,77.21922308,49,115,212,Dense (20+)
3192,Big Chill,"DLF Place Mall, Saket",28.52817627,77.21779615,56,73,180,Dense (20+)
305781,Cinnabon,"DLF Place Mall, Saket",28.52799453,77.21694253,55,79,185,Dense (20+)
18337927,RollsKing,"DLF Place Mall, Saket",28.52888088,77.21593738,57,104,194,Dense (20+)
2615,Tikka Town,"DLF Promenade Mall, Vasant Kunj",28.5429069,77.1555539,26,29,86,Dense (20+)
2893,Cafe Brown Sugar,"DLF Promenade Mall, Vasant Kunj",28.54273752,77.15549883,26,29,86,Dense (20+)
18237314,Chaayos,"DLF Promenade Mall, Vasant Kunj",28.54284148,77.15574123,26,29,86,Dense (20+)
2436,Cinnabon,"DLF Promenade Mall, Vasant Kunj",28.542494,77.15598,26,29,86,Dense (20+)
306572,Foodhall,"DLF Promenade Mall, Vasant Kunj",28.54270924,77.15693682,26,29,88,Dense (20+)
2301,Haldiram's,"DLF Promenade Mall, Vasant Kunj",28.5427394,77.1553105,26,29,86,Dense (20+)
312542,Keventers,"DLF Promenade Mall, Vasant Kunj",28.5427387,77.15570837,26,29,87,Dense (20+)
310887,Krispy Kreme,"DLF Promenade Mall, Vasant Kunj",28.54268656,77.15590451,26,29,87,Dense (20+)
7256,L'Opera,"DLF Promenade Mall, Vasant Kunj",28.54235257,77.15617541,26,29,86,Dense (20+)
8593,Mad Over Donuts,"DLF Promenade Mall, Vasant Kunj",28.54260469,77.15601213,26,29,87,Dense (20+)
311353,Starbucks,"DLF Promenade Mall, Vasant Kunj",28.54234722,77.15557222,28,29,81,Dense (20+)
311423,The Beer Cafe,"DLF Promenade Mall, Vasant Kunj",28.54260027,77.15613484,26,28,88,Dense (20+)
7247,Ooh Lala !,"DLF Promenade Mall, Vasant Kunj",28.54264798,77.15556856,26,29,86,Dense (20+)
8396,Domino's Pizza,"DLF South Square, Sarojini Nagar",28.576014,77.194929,9,46,166,Dense (20+)
308544,Flaming Wok,"DLF South Square, Sarojini Nagar",28.5762189,77.1951986,9,43,166,Dense (20+)
301237,Frontier,"DLF South Square, Sarojini Nagar",28.5761036,77.194929,9,46,166,Dense (20+)
300408,Haldiram's,"DLF South Square, Sarojini Nagar",28.5763982,77.1951986,8,42,164,Dense (20+)
9657,McDonald's,"DLF South Square, Sarojini Nagar",28.576014,77.194929,9,46,166,Dense (20+)
18370535,Meatwale.com,"DLF South Square, Sarojini Nagar",28.5761036,77.194929,9,46,166,Dense (20+)
307167,Subway,"DLF South Square, Sarojini Nagar",28.5762189,77.1951986,9,43,166,Dense (20+)
303264,Twenty Four Seven,Dr. Zakir Hussain Marg,28.6021693,77.2374755,6,29,97,Dense (20+)
9886,Aggarwal Sweets,East of Kailash,28.55948889,77.25664444,11,29,245,Dense (20+)
9891,Al-Malik,East of Kailash,28.55597567,77.25142501,26,106,311,Dense (20+)
9887,Bikaner Sweets,East of Kailash,28.55600833,77.25097778,26,108,313,Dense (20+)
7893,Cafe Coffee Day,East of Kailash,28.558244,77.245962,19,92,271,Dense (20+)
18266888,Delhi Rasoi,East of Kailash,28.55801293,77.24570923,18,94,278,Dense (20+)
7884,Food Land,East of Kailash,28.55561316,77.25065019,46,114,315,Dense (20+)
7897,Govinda's Confectionery,East of Kailash,28.5564445,77.25350372,24,96,303,Dense (20+)
18391937,Halka Fulka,East of Kailash,28.555408,77.251334,46,106,317,Dense (20+)
7888,Hasty Tasty,East of Kailash,28.559209,77.256582,11,45,248,Dense (20+)
18037834,Ikreate,East of Kailash,28.5618466,77.2540139,7,47,257,Dense (20+)
312605,Khan's Dilli-6 Biryani,East of Kailash,28.562469,77.24476,13,58,331,Dense (20+)
7876,Kolkata Hot Kathi Roll,East of Kailash,28.55546709,77.24970538,46,118,307,Dense (20+)
18358157,Kowloon Express,East of Kailash,28.5532108,77.2474937,54,124,317,Dense (20+)
18272344,LaDiDa,East of Kailash,28.5573496,77.2460754,25,101,285,Dense (20+)
18458308,Litti.In,East of Kailash,28.556008,77.248986,35,118,300,Dense (20+)
4302,Mughals Rasoi,East of Kailash,28.55559431,77.24965878,44,118,308,Dense (20+)
7886,Naagar Foods,East of Kailash,28.5566725,77.2534918,25,96,305,Dense (20+)
7873,Novelty Chicken Corner,East of Kailash,28.55942527,77.25683268,11,29,246,Dense (20+)
303625,Raju Vaishnav Dhaba,East of Kailash,28.55691625,77.2515556,24,98,313,Dense (20+)
310794,Republic of Chicken,East of Kailash,28.5530398,77.2475416,55,125,316,Dense (20+)
920,Shiv Shakti Vaishno Bhojnalaya,East of Kailash,28.55872293,77.24604115,17,85,268,Dense (20+)
18381237,Spice Tree,East of Kailash,28.55342536,77.24759415,51,125,313,Dense (20+)
18371426,Vadapav Junction,East of Kailash,28.560028,77.254524,13,50,248,Dense (20+)
312173,Zaaika Junction,East of Kailash,28.55854948,77.24581651,17,86,270,Dense (20+)
9883,Aggarwal Eating Point,East of Kailash,28.55692569,77.25370757,25,93,301,Dense (20+)
18355117,Al- Laziz,East of Kailash,28.55566852,77.24972282,44,118,309,Dense (20+)
18355119,Al- Sheikh,East of Kailash,28.55838722,77.24579573,17,86,273,Dense (20+)
18414496,Anupama Sweets & Restaurant,East of Kailash,28.5540294,77.2480855,48,126,295,Dense (20+)
18409218,Da Pizza Corner,East of Kailash,28.557711,77.2529833,27,88,311,Dense (20+)
18388133,Delhi Lazeez,East of Kailash,28.5543714,77.2475006,30,125,289,Dense (20+)
18356776,Ghar Ka Khana,East of Kailash,28.55558547,77.25076921,46,114,315,Dense (20+)
9884,Jagram Dhaba,East of Kailash,28.5554023,77.24972147,47,118,305,Dense (20+)
3479,K.K. Fast Food Service,East of Kailash,28.55813632,77.24595934,19,93,275,Dense (20+)
18414469,Kasur Khyon,East of Kailash,28.5590781,77.2460453,14,77,266,Dense (20+)
313419,Kitchen King,East of Kailash,28.55696162,77.25373641,24,93,302,Dense (20+)
18358162,Laziz Chinese Fast Food,East of Kailash,28.55974625,77.24382263,15,64,283,Dense (20+)
18355111,Munch Brunch Cafe,East of Kailash,28.55569767,77.24882092,34,122,289,Dense (20+)
18355115,Piyu Fast Food,East of Kailash,28.55550213,77.24957529,48,119,304,Dense (20+)
18273617,Punjabi Tandoor,East of Kailash,28.55600306,77.25070518,27,113,315,Dense (20+)
18357958,Roll Corner,East of Kailash,28.5617082,77.2539276,7,47,258,Dense (20+)
18419884,Test Restaruants for Medio,East of Kailash,35.0,34.0,0,0,0,Isolated (0)
9876,Vijay Store,East of Kailash,28.55863333,77.24595,17,85,269,Dense (20+)
18312598,Viya Cupcakery,East of Kailash,28.5562573,77.2446488,32,103,292,Dense (20+)
18454461,Zaika Muradabadi,East of Kailash,28.560295,77.250781,15,68,300,Dense (20+)
8959,Asian Haus,East of Kailash,28.55602603,77.25135762,26,106,311,Dense (20+)
304176,Bake Club,East Patel Nagar,28.6448006,77.1735895,63,80,194,Dense (20+)
8822,Barichi,East Patel Nagar,28.6455402,77.1698272,44,70,172,Dense (20+)
511,Barista,East Patel Nagar,28.6455589,77.1731083,57,72,193,Dense (20+)
309166,Baskin Robbins,East Patel Nagar,28.6441003,77.1747039,60,86,196,Dense (20+)
18268708,Bite & More,East Patel Nagar,28.6428518,77.1743426,63,94,188,Dense (20+)
18265722,Blue Water Grille Express,East Patel Nagar,28.6457029,77.1741932,63,76,197,Dense (20+)
309013,Caboose X Cafe & Lounge,East Patel Nagar,28.6452593,77.1726854,56,72,191,Dense (20+)
305077,Cafe Buddy's,East Patel Nagar,28.6440161,77.1724967,59,78,185,Dense (20+)
5262,Cafe Coffee Day,East Patel Nagar,28.6449368,77.1696522,45,71,172,Dense (20+)
7375,Chinese Food,East Patel Nagar,28.6457707,77.1743474,63,77,197,Dense (20+)
18337880,Chinese King,East Patel Nagar,28.64428733,77.17413515,64,85,195,Dense (20+)
306978,Cocoberry,East Patel Nagar,28.6452876,77.172769,56,72,191,Dense (20+)
18312478,Eggless Dukes,East Patel Nagar,28.6447002,77.1737102,65,82,194,Dense (20+)
3979,Empire The Meat Shop,East Patel Nagar,28.6461308,77.1736976,61,72,197,Dense (20+)
18336207,FOG Cafe and Lounge,East Patel Nagar,28.6445596,77.1716041,55,72,183,Dense (20+)
7377,Forty 3 East,East Patel Nagar,28.6439265,77.1728444,62,81,187,Dense (20+)
307506,Green Chick Chop,East Patel Nagar,28.6458084,77.1740625,65,75,197,Dense (20+)
3125,Gyan's,East Patel Nagar,28.6462535,77.1733197,56,71,197,Dense (20+)
305674,Indi-QUE,East Patel Nagar,28.6453787,77.1738098,65,76,196,Dense (20+)
18391167,Keventers,East Patel Nagar,28.6458375,77.1741502,63,75,197,Dense (20+)
8727,Pick Fresh Fish,East Patel Nagar,28.645748,77.1741204,63,75,197,Dense (20+)
3980,Sat Guru Dhaba,East Patel Nagar,28.6463295,77.1730339,56,71,196,Dense (20+)
312183,Sharazz,East Patel Nagar,28.6446627,77.1738144,65,82,195,Dense (20+)
311945,Spice Box,East Patel Nagar,28.6439586,77.1746349,61,86,196,Dense (20+)
3126,The Baithak's,East Patel Nagar,28.6456229,77.1732263,60,72,195,Dense (20+)
18475269,The Taste of India,East Patel Nagar,28.6444715,77.17371749,65,82,194,Dense (20+)
303124,Twenty Four Seven,East Patel Nagar,28.6458333,77.173298,57,71,195,Dense (20+)
18034042,Wrapss,East Patel Nagar,28.6463046,77.1731998,56,71,197,Dense (20+)
201,Domino's Pizza,East Patel Nagar,28.6453402,77.1726202,56,72,190,Dense (20+)
303575,Dunkin' Donuts,East Patel Nagar,28.6449373,77.1695686,43,71,172,Dense (20+)
410,Naivedyam,East Patel Nagar,28.6438411,77.1760203,62,129,200,Dense (20+)
308107,Punjabi Chaap Corner,East Patel Nagar,28.6440899,77.1746447,62,86,196,Dense (20+)
4885,Rice Bowl,East Patel Nagar,28.6448457,77.1701447,47,71,175,Dense (20+)
18273627,The Diet Kitchen,East Patel Nagar,28.6455073,77.1742239,63,78,197,Dense (20+)
311539,The Yellow Chef,East Patel Nagar,28.6462385,77.1734166,56,71,197,Dense (20+)
2635,Tsui Wong,East Patel Nagar,28.6446415,77.1738702,65,82,195,Dense (20+)
18237962,VC's Food Paradise,East Patel Nagar,28.6446394,77.1736557,65,81,194,Dense (20+)
18261486,WeDesi Flavours,East Patel Nagar,28.6449035,77.1765254,59,126,203,Dense (20+)
18423116,Hardwari,East Patel Nagar,28.6460949,77.1734122,57,70,197,Dense (20+)
18423112,Johny's Vada Pav,East Patel Nagar,28.6448988,77.1734844,63,78,193,Dense (20+)
18258777,My Kind Of Cafe,East Patel Nagar,28.6456517,77.1744155,63,78,197,Dense (20+)
304531,Punjabi Rasoi,East Patel Nagar,28.6435077,77.1756282,62,126,197,Dense (20+)
18420433,Shisha,East Patel Nagar,28.6447299,77.1738594,65,82,195,Dense (20+)
17977786,Snacks and More,East Patel Nagar,28.6469458,77.1702997,41,68,177,Dense (20+)
18412868,Swag Cafe,East Patel Nagar,28.6446442,77.1737234,65,82,194,Dense (20+)
311216,The Pink Whisk,East Patel Nagar,28.6448934,77.176511,59,126,203,Dense (20+)
311327,Stabbers,East Patel Nagar,28.6460278,77.1738744,63,73,197,Dense (20+)
7372,Duke's Pastry Shop,East Patel Nagar,28.6447151,77.1737481,65,82,195,Dense (20+)
306016,Cafe Coffee Day,"Epicuria Food Mall, Nehru Place",28.5514411,77.2517407,67,123,324,Dense (20+)
304906,Chicago Pizza,"Epicuria Food Mall, Nehru Place",28.551456,77.2514264,69,125,316,Dense (20+)
18447890,Drool Waffles,"Epicuria Food Mall, Nehru Place",28.5514005,77.2517856,66,122,324,Dense (20+)
18375391,Gelato Vinto,"Epicuria Food Mall, Nehru Place",28.5514411,77.2517407,67,123,324,Dense (20+)
18355123,Joost Juice Bar,"Epicuria Food Mall, Nehru Place",28.5514411,77.2517407,67,123,324,Dense (20+)
304915,Karim's,"Epicuria Food Mall, Nehru Place",28.551456,77.2514264,69,125,316,Dense (20+)
304913,Moti Mahal Delux,"Epicuria Food Mall, Nehru Place",28.551456,77.2514264,69,125,316,Dense (20+)
304923,Sagar Ratna,"Epicuria Food Mall, Nehru Place",28.551456,77.2514264,69,125,316,Dense (20+)
309738,Yo! China,"Epicuria Food Mall, Nehru Place",28.551456,77.2514264,69,125,316,Dense (20+)
18261188,Chaayos,"Epicuria Food Mall, Nehru Place",28.5511401,77.2518754,62,119,325,Dense (20+)
18336192,Dimcha,"Epicuria Food Mall, Nehru Place",28.5514176,77.2519652,65,123,330,Dense (20+)
18277187,Keventers,"Epicuria Food Mall, Nehru Place",28.551456,77.2514264,69,125,316,Dense (20+)
18381663,Khan Chacha,"Epicuria Food Mall, Nehru Place",28.551456,77.2514264,69,125,316,Dense (20+)
304917,Sona Pure Veg Paradise,"Epicuria Food Mall, Nehru Place",28.551456,77.2514264,69,125,316,Dense (20+)
306031,Subway,"Epicuria Food Mall, Nehru Place",28.551456,77.2514264,69,125,316,Dense (20+)
18180083,The Crunch Box,"Epicuria Food Mall, Nehru Place",28.5514005,77.2517856,66,122,324,Dense (20+)
18336213,Nando's,"Epicuria Food Mall, Nehru Place",28.551471,77.2511121,70,125,312,Dense (20+)
304239,FIO Cookhouse and Bar,"Epicuria Food Mall, Nehru Place",28.5512512,77.251157,68,125,316,Dense (20+)
18294261,Lord of the Drinks Forum,"Epicuria Food Mall, Nehru Place",28.5513364,77.252055,64,118,330,Dense (20+)
305240,The Chatter House,"Epicuria Food Mall, Nehru Place",28.5515157,77.252055,67,123,332,Dense (20+)
304299,The Flying Saucer Cafe,"Epicuria Food Mall, Nehru Place",28.5514517,77.2523244,61,116,334,Dense (20+)
305547,Tea Lounge - Eros Hotel,"Eros Hotel, Nehru Place",28.5499322,77.2495406,61,134,355,Dense (20+)
305545,Blooms - Eros Hotel,"Eros Hotel, Nehru Place",28.5499322,77.2495406,61,134,355,Dense (20+)
305549,Lounge & Bar - Eros Hotel,"Eros Hotel, Nehru Place",28.5495074,77.2493161,60,133,360,Dense (20+)
305546,Sweet & Crusty - Eros Hotel,"Eros Hotel, Nehru Place",28.5498255,77.249361,61,136,358,Dense (20+)
305548,Empress of China - Eros Hotel,"Eros Hotel, Nehru Place",28.5500815,77.2501692,61,134,348,Dense (20+)
9640,Essex Collections Patisserie,Essex Farms,28.5437894,77.2011867,10,52,310,Dense (20+)
6200,Essex Village Garden,Essex Farms,28.5439726,77.2014089,10,53,320,Dense (20+)
18128883,Yes Minister - Pub & Kitchen,Essex Farms,28.5436328,77.2021829,10,55,314,Dense (20+)
305810,Gupta's Food Point,Feroze Shah Road,28.6171268,77.225247,2,30,269,Dense (20+)
4631,Andhra Bhavan,Feroze Shah Road,28.6171019,77.225522,2,29,268,Dense (20+)
302682,Barista,Friends Colony,28.570351,77.268165,9,43,91,Dense (20+)
2004,Indian Accent - The Manor,Friends Colony,28.570142,77.257106,5,13,232,Moderate (6-20)
18359294,Dilli Grillz,"Fun City Mall, Prashant Vihar",28.7125231,77.1359778,27,54,117,Dense (20+)
18359292,Foodies,"Fun City Mall, Prashant Vihar",28.7124335,77.1359778,27,55,118,Dense (20+)
18441790,Giani's,"Fun City Mall, Prashant Vihar",28.7124394,77.1359944,27,55,118,Dense (20+)
4283,FIO Country Kitchen and Bar,"Garden of Five Senses, Saket",28.51423729,77.19707139,12,44,99,Dense (20+)
18335816,Amul Ice-Cream Parlour,Geeta Colony,28.65770835,77.27527589,26,90,104,Dense (20+)
17977792,Bunty Dhaba,Geeta Colony,28.6588784,77.27280054,20,76,101,Dense (20+)
301214,Chawla's,Geeta Colony,28.6506052,77.2743231,23,59,163,Dense (20+)
303860,Chinese Inn,Geeta Colony,28.6503577,77.2742445,20,59,168,Dense (20+)
18244236,Grub Street,Geeta Colony,28.65482657,77.27558903,35,90,114,Dense (20+)
305577,Guru Kripa,Geeta Colony,28.6529689,77.2709113,10,47,110,Dense (20+)
18014118,Himcream,Geeta Colony,28.65092671,77.2749795,23,60,165,Dense (20+)
5996,Kashish Restaurant & Caterers,Geeta Colony,28.6529662,77.2708084,10,47,110,Dense (20+)
313487,Punjabi's Veg Grill,Geeta Colony,28.65782692,77.27389522,27,86,103,Dense (20+)
313004,Rahul Meat Corner,Geeta Colony,28.65745298,77.2739834,27,87,104,Dense (20+)
312942,Ramesh Vaishno Dhaba,Geeta Colony,28.65791871,77.27375876,26,86,103,Dense (20+)
309168,The Chinese Hut,Geeta Colony,28.65345053,77.27286156,26,65,112,Dense (20+)
312943,Ramesh Vaishno Dhaba,Geeta Colony,28.65758714,77.2740471,27,87,104,Dense (20+)
18377929,Chaman Dhaba,Geeta Colony,28.6576701,77.27334738,25,81,101,Dense (20+)
18435335,Jo Jo Chinese Fast Food,Geeta Colony,28.6509219,77.276516,22,65,175,Dense (20+)
18435787,Kailash Vaishno Dhaba,Geeta Colony,28.656203,77.2705947,22,53,101,Dense (20+)
18435331,Khurana Eating Point,Geeta Colony,28.6465239,77.2772052,5,37,241,Dense (20+)
18438446,Madras Cafe,Geeta Colony,28.6598571,77.2665213,1,27,98,Dense (20+)
18454568,Pompas Chicken,Geeta Colony,28.65482831,77.27064716,18,48,108,Dense (20+)
18421462,Prem Ji Delhi Wale,Geeta Colony,28.6541382,77.2743467,36,79,114,Dense (20+)
18435303,Punjabi Tandoori Tikka,Geeta Colony,28.6509197,77.2765693,22,65,175,Dense (20+)
18435314,Punjabi's Veg Grill,Geeta Colony,28.6507753,77.2767689,22,64,175,Dense (20+)
18435315,Shree Banke Foods,Geeta Colony,28.6506851,77.2767586,22,62,175,Dense (20+)
18418234,Singh's,Geeta Colony,28.6543108,77.2741884,37,79,113,Dense (20+)
18421470,Soya Twist,Geeta Colony,28.6545768,77.2766789,36,92,114,Dense (20+)
18378015,Tasty Tandoor,Geeta Colony,28.65821556,77.27505159,27,89,103,Dense (20+)
18460925,The Square Meal,"Ginger Hotel, Vivek Vihar",28.665829,77.303949,2,55,139,Dense (20+)
9909,Barbeque Nation,"Ginger Hotel, Vivek Vihar",28.665829,77.303949,2,55,139,Dense (20+)
18423111,Burger King,"Gourmet Hub, Pashim Vihar",28.6681812,77.1120546,7,28,87,Dense (20+)
18469938,BED,Greater Kailash (GK) 1,28.5564122,77.2328365,13,68,337,Dense (20+)
651,Cafe Coffee Day - The Lounge,Greater Kailash (GK) 1,28.5497703,77.2365188,40,87,317,Dense (20+)
17953916,Hunger Strike,Greater Kailash (GK) 1,28.5510721,77.2341837,37,74,288,Dense (20+)
18168168,Karim's,Greater Kailash (GK) 1,28.5508438,77.2341388,37,73,289,Dense (20+)
7589,Nescafe,Greater Kailash (GK) 1,28.5502291,77.2352165,37,80,317,Dense (20+)
1934,New Bengal Sweets,Greater Kailash (GK) 1,28.5504788,77.2345429,37,76,298,Dense (20+)
4385,Red Wok,Greater Kailash (GK) 1,28.5467137,77.2439728,12,163,365,Dense (20+)
309477,Room Service,Greater Kailash (GK) 1,28.5501971,77.2353512,37,80,317,Dense (20+)
9835,Samavar,Greater Kailash (GK) 1,28.5462678,77.2440227,12,161,365,Dense (20+)
147,Subway,Greater Kailash (GK) 1,28.5505215,77.234992,37,79,304,Dense (20+)
18237320,The Cocktail House,Greater Kailash (GK) 1,28.5510276,77.234278,37,73,288,Dense (20+)
9980,The Food Junction,Greater Kailash (GK) 1,28.5469314,77.243434,12,161,362,Dense (20+)
732,The Kathis,Greater Kailash (GK) 1,28.5493861,77.2362493,39,89,322,Dense (20+)
311515,The Munchbox,Greater Kailash (GK) 1,28.5502088,77.2350504,37,80,313,Dense (20+)
309520,The Sugar Story,Greater Kailash (GK) 1,28.5504467,77.2327916,37,68,291,Dense (20+)
18400736,Owl is Well,Greater Kailash (GK) 1,28.54163598,77.24070288,24,113,357,Dense (20+)
311584,Baking Bad,Greater Kailash (GK) 1,28.54865381,77.24227265,15,146,348,Dense (20+)
702,Baskin Robbins,Greater Kailash (GK) 1,28.5484106,77.2368331,39,89,324,Dense (20+)
18313122,Bliss Bakery,Greater Kailash (GK) 1,28.5500924,77.2337795,37,70,295,Dense (20+)
309156,Bread & More,Greater Kailash (GK) 1,28.5563311,77.2329263,13,68,336,Dense (20+)
18268706,Bun Intended,Greater Kailash (GK) 1,28.54763391,77.24445798,10,161,363,Dense (20+)
18415352,Cafe Culture,Greater Kailash (GK) 1,28.54967193,77.23642308,39,88,318,Dense (20+)
3620,Cafe Diva,Greater Kailash (GK) 1,28.5566428,77.2333753,13,68,340,Dense (20+)
1902,Cafe Turtle,Greater Kailash (GK) 1,28.5564784,77.233061,13,68,340,Dense (20+)
18434596,Cafí© Healthilicious,Greater Kailash (GK) 1,28.56002689,77.23497704,13,33,346,Dense (20+)
311671,Captain Grub,Greater Kailash (GK) 1,28.5502611,77.2350818,37,80,311,Dense (20+)
2653,Cocoberry,Greater Kailash (GK) 1,28.5501728,77.2330661,37,69,293,Dense (20+)
18377926,Ding Ding,Greater Kailash (GK) 1,28.54953822,77.23671846,40,89,317,Dense (20+)
309820,Dí_ner Grill,Greater Kailash (GK) 1,28.5499281,77.2334652,37,69,298,Dense (20+)
18034050,Elation,Greater Kailash (GK) 1,28.5496144,77.2362942,39,88,318,Dense (20+)
18382372,Fluffles - The Fluffy Waffle Co.,Greater Kailash (GK) 1,28.5499293,77.2334786,37,69,298,Dense (20+)
302478,For the Love of Cake,Greater Kailash (GK) 1,28.5510721,77.2341837,37,74,288,Dense (20+)
9840,Grills & Platters,Greater Kailash (GK) 1,28.5453005,77.2470262,24,150,375,Dense (20+)
18279463,Hungry Pistals,Greater Kailash (GK) 1,28.5351803,77.2127245,56,129,247,Dense (20+)
18317517,Jon's head Grill,Greater Kailash (GK) 1,28.5503422,77.234992,37,80,312,Dense (20+)
1215,Kebabs & Curries,Greater Kailash (GK) 1,28.5468097,77.2435687,12,161,363,Dense (20+)
18241531,Londoners,Greater Kailash (GK) 1,28.5498001,77.2358901,38,85,319,Dense (20+)
3589,Mad Over Donuts,Greater Kailash (GK) 1,28.5499281,77.2334652,37,69,298,Dense (20+)
1056,New Minar,Greater Kailash (GK) 1,28.5508679,77.2344254,37,74,288,Dense (20+)
5797,Prince Chaat Corner,Greater Kailash (GK) 1,28.5494743,77.2362677,39,88,321,Dense (20+)
300007,Side Wok,Greater Kailash (GK) 1,28.556472,77.2334652,13,68,336,Dense (20+)
303288,Starbucks,Greater Kailash (GK) 1,28.5497965,77.23637111,40,85,315,Dense (20+)
18371438,Thai House by Kylin,Greater Kailash (GK) 1,28.5568711,77.2334203,13,68,342,Dense (20+)
308766,The Chocolate Haven,Greater Kailash (GK) 1,28.5503337,77.2349022,37,80,313,Dense (20+)
18203180,The Laidback Cafe,Greater Kailash (GK) 1,28.5563909,77.233555,14,68,339,Dense (20+)
305166,Tibb's Frankie,Greater Kailash (GK) 1,28.550003,77.2337434,37,70,299,Dense (20+)
18291475,Tirupati Vrindavan,Greater Kailash (GK) 1,28.5496806,77.2365188,40,88,317,Dense (20+)
311737,Wagh Bakri Tea Lounge,Greater Kailash (GK) 1,28.550513,77.2349022,37,79,303,Dense (20+)
18363391,Depot48,Greater Kailash (GK) 1,28.556869,77.2329263,13,65,344,Dense (20+)
18271497,Dezertfox,Greater Kailash (GK) 1,28.5482151,77.240961,24,107,344,Dense (20+)
18456728,Druk,Greater Kailash (GK) 1,28.550974,77.2340939,37,73,288,Dense (20+)
310776,Gastronomica Kitchen & Bar,Greater Kailash (GK) 1,28.5503508,77.2350818,37,80,312,Dense (20+)
18456764,Karate Kitchen,Greater Kailash (GK) 1,28.5577145,77.2399315,14,88,306,Dense (20+)
18418209,Nimtho,Greater Kailash (GK) 1,28.54727,77.244433,10,163,364,Dense (20+)
18382342,Noshi - Yum Asian Delivery,Greater Kailash (GK) 1,28.5495184,77.2366984,39,89,317,Dense (20+)
312302,Nutri Punch,Greater Kailash (GK) 1,28.5482719,77.2405602,26,100,341,Dense (20+)
18312632,Pho King Awesome,Greater Kailash (GK) 1,28.54954205,77.23670874,40,89,317,Dense (20+)
18386761,Roadhouse Cafe,Greater Kailash (GK) 1,28.5497745,77.2356207,37,85,321,Dense (20+)
307065,Sakley's The Mountain Cafe,Greater Kailash (GK) 1,28.54944192,77.23633256,39,89,321,Dense (20+)
9834,Shikhara,Greater Kailash (GK) 1,28.5469731,77.2439536,10,163,365,Dense (20+)
18025105,Sinyora's,Greater Kailash (GK) 1,28.55668362,77.25337565,25,97,306,Dense (20+)
18396409,Stop My Starvation,Greater Kailash (GK) 1,28.54963187,77.23635536,39,88,319,Dense (20+)
18365895,The Grill Kitchen - Gourmet,Greater Kailash (GK) 1,28.538071,77.259616,23,74,269,Dense (20+)
308865,The Sugar Cube,Greater Kailash (GK) 1,28.5567356,77.2327504,13,65,342,Dense (20+)
18278203,A Lot Like Cake,Greater Kailash (GK) 2,28.541704,77.2388987,27,106,342,Dense (20+)
305652,A W Foods,Greater Kailash (GK) 2,28.541887,77.240404,24,113,356,Dense (20+)
4299,Angels in my Kitchen,Greater Kailash (GK) 2,28.5307774,77.2457042,44,91,235,Dense (20+)
18423108,Brown Sugar,Greater Kailash (GK) 2,28.5367217,77.2385097,36,81,310,Dense (20+)
17953926,Cakes and Bakes,Greater Kailash (GK) 2,28.5398536,77.240072,36,106,342,Dense (20+)
310321,CDB Cafe,Greater Kailash (GK) 2,28.5331658,77.2414931,43,86,261,Dense (20+)
69,Chungwa,Greater Kailash (GK) 2,28.5339137,77.2431379,38,108,291,Dense (20+)
202,Domino's Pizza,Greater Kailash (GK) 2,28.5321867,77.2428374,38,82,241,Dense (20+)
309902,Fudged,Greater Kailash (GK) 2,28.53412,77.24218,47,102,300,Dense (20+)
1916,Gopala,Greater Kailash (GK) 2,28.5306584,77.2460449,38,92,234,Dense (20+)
5735,Gourmet Affaire's,Greater Kailash (GK) 2,28.5386726,77.2400467,38,99,333,Dense (20+)
2591,Hot N Chilly,Greater Kailash (GK) 2,28.5378256,77.2391233,35,93,326,Dense (20+)
306264,Kabooze,Greater Kailash (GK) 2,28.5343238,77.2432885,38,111,299,Dense (20+)
305817,Koyla Kebab,Greater Kailash (GK) 2,28.5345941,77.2432392,37,115,300,Dense (20+)
18432940,LaBontí©,Greater Kailash (GK) 2,28.5335013,77.2420436,43,93,280,Dense (20+)
311690,MR.D - Deliciousness Delivered,Greater Kailash (GK) 2,28.5281318,77.2457421,13,72,220,Dense (20+)
309072,Panda Wokk,Greater Kailash (GK) 2,28.5375972,77.2391222,37,91,327,Dense (20+)
18277002,Relax Xpress,Greater Kailash (GK) 2,28.5376881,77.2390081,35,89,324,Dense (20+)
18433883,Rollplay,Greater Kailash (GK) 2,28.527611,77.2504814,28,67,220,Dense (20+)
301435,Sagar Ratna,Greater Kailash (GK) 2,28.5375623,77.2390211,37,88,323,Dense (20+)
18352256,Spanish Delights,Greater Kailash (GK) 2,28.5410272,77.2398689,33,110,346,Dense (20+)
308367,Subway,Greater Kailash (GK) 2,28.5328212,77.243265,38,98,267,Dense (20+)
309741,The Beer Cafe,Greater Kailash (GK) 2,28.5341433,77.2435154,38,120,291,Dense (20+)
18241869,Tashan,Greater Kailash (GK) 2,28.5335898,77.2441084,38,123,284,Dense (20+)
305125,Amalfi,Greater Kailash (GK) 2,28.5322514,77.2427665,38,82,241,Dense (20+)
312270,Backkerei,Greater Kailash (GK) 2,28.5400134,77.2399764,36,108,345,Dense (20+)
18249082,Beeryani,Greater Kailash (GK) 2,28.5333292,77.2437527,38,116,280,Dense (20+)
18279452,Beijing Street,Greater Kailash (GK) 2,28.5413133,77.2398703,29,117,350,Dense (20+)
305303,Bikanervala,Greater Kailash (GK) 2,28.5373191,77.2389367,35,84,317,Dense (20+)
18354645,Chaayos,Greater Kailash (GK) 2,28.5341539,77.2432781,38,109,297,Dense (20+)
1218,China Garden,Greater Kailash (GK) 2,28.5328167,77.2431781,38,95,265,Dense (20+)
8429,Chocolateria San Churro,Greater Kailash (GK) 2,28.5345364,77.2436699,38,123,299,Dense (20+)
7819,Cocoberry,Greater Kailash (GK) 2,28.5409162,77.2401507,33,107,351,Dense (20+)
785,Costa Coffee,Greater Kailash (GK) 2,28.5337162,77.2432456,38,107,286,Dense (20+)
312486,Country Curries,Greater Kailash (GK) 2,28.54125928,77.24002328,29,115,350,Dense (20+)
1922,Culinaire,Greater Kailash (GK) 2,28.5306722,77.2456868,44,90,234,Dense (20+)
7642,Defence Bakery,Greater Kailash (GK) 2,28.5329663,77.2434692,38,101,270,Dense (20+)
64,Diva - The Italian Restaurant,Greater Kailash (GK) 2,28.5342023,77.2431861,38,109,299,Dense (20+)
18413250,Fig & Maple,Greater Kailash (GK) 2,28.5332835,77.2418472,42,88,269,Dense (20+)
312787,Fitoor,Greater Kailash (GK) 2,28.5331306,77.241504,43,86,259,Dense (20+)
3611,Giani's,Greater Kailash (GK) 2,28.5399106,77.2400539,36,108,342,Dense (20+)
309815,Happy Hakka,Greater Kailash (GK) 2,28.54047022,77.24028882,35,108,349,Dense (20+)
1018,Mainland China,Greater Kailash (GK) 2,28.5373346,77.2386742,34,78,307,Dense (20+)
8689,Mini Mughal,Greater Kailash (GK) 2,28.5328936,77.2434648,38,101,268,Dense (20+)
18383512,Movenpick,Greater Kailash (GK) 2,28.5342396,77.2431486,38,108,299,Dense (20+)
308238,New York Slice - Express,Greater Kailash (GK) 2,28.540691,77.2400419,34,108,346,Dense (20+)
5944,Nirula's Ice Cream,Greater Kailash (GK) 2,28.5394362,77.2400534,38,105,330,Dense (20+)
285,Not Just Paranthas,Greater Kailash (GK) 2,28.5323086,77.2426617,38,82,243,Dense (20+)
304635,Nutritious Nation,Greater Kailash (GK) 2,28.5337643,77.2425286,39,103,286,Dense (20+)
1021,Open Oven,Greater Kailash (GK) 2,28.5393522,77.2401571,38,105,330,Dense (20+)
307532,Starbucks,Greater Kailash (GK) 2,28.5340181,77.2428767,38,105,298,Dense (20+)
1913,Swagath,Greater Kailash (GK) 2,28.5340197,77.243348,38,111,291,Dense (20+)
311601,The Health Box,Greater Kailash (GK) 2,28.53412,77.24218,47,102,300,Dense (20+)
18254553,Twisted Tacos,Greater Kailash (GK) 2,28.5345667,77.2437305,38,124,300,Dense (20+)
4821,Uber Lounge,Greater Kailash (GK) 2,28.5334703,77.2436254,38,115,283,Dense (20+)
308018,Yeti - The Himalayan Kitchen,Greater Kailash (GK) 2,28.5335584,77.242033,43,95,282,Dense (20+)
310342,Zai,Greater Kailash (GK) 2,28.5370786,77.2386784,33,80,308,Dense (20+)
307344,Al Bake,Greater Kailash (GK) 2,28.5378735,77.238998,35,89,320,Dense (20+)
307801,Artusi Ristorante e Bar,Greater Kailash (GK) 2,28.5335863,77.2421548,43,100,282,Dense (20+)
18462002,Baris,Greater Kailash (GK) 2,28.53712778,77.23869669,33,80,308,Dense (20+)
18208886,Carnatic Cafe,Greater Kailash (GK) 2,28.533561,77.2422778,39,100,282,Dense (20+)
18435305,Chhalava - ö__Lava,Greater Kailash (GK) 2,28.5336924,77.2434183,38,108,285,Dense (20+)
18260641,Dilli BC,Greater Kailash (GK) 2,28.5335082,77.2445203,38,121,281,Dense (20+)
18349921,Sumo Sushi,Greater Kailash (GK) 2,28.5417418,77.23985,26,115,352,Dense (20+)
18380149,The Heroes Bistro & Bar,Greater Kailash (GK) 2,28.5339436,77.2429111,38,104,293,Dense (20+)
2649,Whipped,Greater Kailash (GK) 2,28.5388101,77.2400353,38,100,333,Dense (20+)
601,Cafe Coffee Day,Greater Kailash (GK) 3,28.53698056,77.236,23,76,294,Dense (20+)
309105,Chehel Pehel,Greater Kailash (GK) 3,28.53722177,77.23596912,26,76,301,Dense (20+)
18089222,Cress Bistro,Greater Kailash (GK) 3,28.53732191,77.23567978,23,76,296,Dense (20+)
309688,Frosted Heaven,Greater Kailash (GK) 3,28.54053208,77.233935,3,43,318,Dense (20+)
18334422,Baskin Robbins,Green Park,28.5565678,77.2024756,47,166,335,Dense (20+)
18365388,Behrouz Biryani,Green Park,28.557068,77.2049011,52,150,356,Dense (20+)
18312607,Cafe Coffee Day,Green Park,28.5569719,77.2069091,69,138,366,Dense (20+)
18429154,Chilli Singh,Green Park,28.5571577,77.2049011,52,150,357,Dense (20+)
203,Domino's Pizza,Green Park,28.5565998,77.2023408,47,168,335,Dense (20+)
18414479,Faasos,Green Park,28.557068,77.2049011,52,150,356,Dense (20+)
1625,Gupta Ji Ka Dhaba,Green Park,28.5583275,77.2058893,71,152,365,Dense (20+)
2899,Karim's,Green Park,28.5530579,77.2046765,54,132,341,Dense (20+)
473,Madras Cafe,Green Park,28.5565998,77.2023408,47,168,335,Dense (20+)
18355419,Nachos And Company,Green Park,28.5608102,77.2018467,31,162,358,Dense (20+)
18432237,Ovenstory Pizza,Green Park,28.556941,77.20523,54,150,362,Dense (20+)
259,Pizza Hut,Green Park,28.5563457,77.2020264,44,170,334,Dense (20+)
7316,Red Chilli,Green Park,28.5581568,77.2059791,71,151,364,Dense (20+)
18222566,The Groghead,Green Park,28.5557195,77.2057995,63,144,356,Dense (20+)
443,The Tandoor,Green Park,28.5570041,77.2051706,53,150,361,Dense (20+)
308315,Twenty Ten - Ashtan Sarovar Portico,Green Park,28.5595207,77.2066529,64,141,365,Dense (20+)
769,Adyar Ananda Bhavan,Green Park,28.5572354,77.2025317,47,184,338,Dense (20+)
65,Drums of Heaven,Green Park,28.5580181,77.2059342,68,151,364,Dense (20+)
9672,Dunkin' Donuts,Green Park,28.5558677,77.2021844,42,161,332,Dense (20+)
472,Evergreen Sweet House,Green Park,28.5562101,77.2026428,46,159,336,Dense (20+)
3400,Gung The Palace,Green Park,28.5568725,77.2054344,55,148,363,Dense (20+)
18337744,Keventers,Green Park,28.5565678,77.2024756,47,166,335,Dense (20+)
18268360,La Seine -The Chocolate Emporium,Green Park,28.5566267,77.2023504,47,169,335,Dense (20+)
4096,Nagaland's Kitchen,Green Park,28.5577921,77.2057351,68,151,364,Dense (20+)
18358700,Pasta La Vista,Green Park,28.5577669,77.2080004,58,138,365,Dense (20+)
2217,Tamura,Green Park,28.5580523,77.2062936,71,147,363,Dense (20+)
18398571,The Chai Story,Green Park,28.5574296,77.2057664,65,150,367,Dense (20+)
1621,The Clay Oven,Green Park,28.5574266,77.2049011,55,151,362,Dense (20+)
18425177,Aazad Chicken Corner,Green Park,28.5584086,77.2057995,71,152,366,Dense (20+)
18481289,Chaipiyoji,Green Park,28.5579188,77.2028955,54,190,346,Dense (20+)
18424593,Chatkara,Green Park,28.5566575,77.2024756,48,168,335,Dense (20+)
18383432,HoG - House of Goodies,Green Park,28.5610837,77.2169384,25,105,343,Dense (20+)
18412904,Kettle & Kegs,Green Park,28.557068,77.2049011,52,150,356,Dense (20+)
18481294,Krishna Juice & Shakes Corner,Green Park,28.560101,77.2097034,62,110,360,Dense (20+)
18354330,Momolicious,Green Park,28.5589794,77.20243322,54,188,350,Dense (20+)
304230,Pastry Palace,Green Park,28.5572038,77.2025654,46,184,337,Dense (20+)
18250897,Sweet Sensations,Green Park,28.5608042,77.2039156,52,148,370,Dense (20+)
18261052,The Pirates Of China Town,Green Park,28.56250844,77.21116707,43,101,351,Dense (20+)
3468,Hot n Hot,Green Park,28.5526247,77.203602,44,144,339,Dense (20+)
310949,Bikaner Sweets,GTB Nagar,28.7010154,77.2052335,38,120,265,Dense (20+)
18356808,Coalition Cafe,GTB Nagar,28.6945529,77.2044316,88,121,269,Dense (20+)
18361758,Keventers,GTB Nagar,28.695646,77.2041375,89,122,276,Dense (20+)
312755,Mid Night Khana,GTB Nagar,28.73409022,77.0955538,0,0,4,Isolated (0)
18241525,Ministry of Cafe,GTB Nagar,28.6965012,77.2041824,89,121,277,Dense (20+)
313492,Officer's Kitchen,GTB Nagar,28.7007738,77.2212289,5,46,205,Dense (20+)
18418248,Sahni's Fish Corner,GTB Nagar,28.7073875,77.2028349,7,42,266,Dense (20+)
18427869,Sardar A Pure Meat Shop,GTB Nagar,28.7011015,77.2088685,33,114,281,Dense (20+)
310948,Singh Mutton & Chicken Shop,GTB Nagar,28.700431,77.2051662,43,118,267,Dense (20+)
18463997,The Mashup,GTB Nagar,28.69471,77.2041824,89,121,270,Dense (20+)
18337898,Vaishnu Bhojanalaya,GTB Nagar,28.698905,77.2042028,81,121,284,Dense (20+)
18427234,Central Perk,GTB Nagar,28.6957933,77.2042723,89,119,274,Dense (20+)
18382697,Diet Dabba,GTB Nagar,28.6944315,77.2049891,84,120,268,Dense (20+)
18400720,Mama's Buoi,GTB Nagar,28.6929495,77.2054401,77,119,249,Dense (20+)
3363,New Vikrant Restaurant,GTB Nagar,28.6987623,77.2053503,88,119,291,Dense (20+)
310592,The Vintage Avenue,GTB Nagar,28.6951234,77.2038231,90,122,269,Dense (20+)
18455511,Apna Punjabi Zayka,GTB Nagar,28.7073367,77.2029119,7,42,266,Dense (20+)
18361763,Best Biryani Centre,GTB Nagar,28.6984564,77.2077365,60,117,302,Dense (20+)
18124350,Delhi Chaat Bhandar,GTB Nagar,28.7099284,77.2044321,10,30,244,Dense (20+)
18408045,Encounter,GTB Nagar,28.6975121,77.2044519,90,121,299,Dense (20+)
18455515,Flavour's,GTB Nagar,28.700706,77.2084849,35,115,283,Dense (20+)
18441835,Friends Fast Food,GTB Nagar,28.6945895,77.2049879,87,120,268,Dense (20+)
18361202,Hot & Pot,GTB Nagar,28.6991585,77.2048113,72,120,277,Dense (20+)
18463978,Lucky Corner Shop,GTB Nagar,28.6961012,77.2048186,90,120,282,Dense (20+)
18124389,Mahesh Shudh Vaishno Bhojanalya,GTB Nagar,28.6979305,77.2050808,91,121,296,Dense (20+)
18492048,Piper's & Grill - The Night Chef,GTB Nagar,28.694348,77.208794,66,118,261,Dense (20+)
18463985,RAM-G Samose Wale,GTB Nagar,28.6961124,77.2045178,91,119,279,Dense (20+)
18124352,Shubham Vaishno Bhojanalya,GTB Nagar,28.7077386,77.2046316,9,47,259,Dense (20+)
9442,Shudh Vaishno Bhojanalaya,GTB Nagar,28.6981059,77.2059791,92,116,295,Dense (20+)
18361755,Shudh Vaishno Dhaba,GTB Nagar,28.6990689,77.2048113,76,120,278,Dense (20+)
18455513,Singh Chicken,GTB Nagar,28.7075633,77.2027704,7,41,265,Dense (20+)
18446394,UFO,GTB Nagar,28.6966432,77.204411,93,120,285,Dense (20+)
18431175,Urban Patty House,GTB Nagar,28.6944781,77.2050359,85,120,267,Dense (20+)
18375397,Big Yellow Door,GTB Nagar,28.6950596,77.2040926,90,121,270,Dense (20+)
6628,Amritsar Juction,Gujranwala Town,28.7000027,77.1883704,31,75,243,Dense (20+)
4079,Bawarchi,Gujranwala Town,28.6978702,77.193222,13,62,249,Dense (20+)
9392,Bawarchi,Gujranwala Town,28.6989226,77.192054,29,63,248,Dense (20+)
9386,Bhogalji Bikaner Sweets,Gujranwala Town,28.7002971,77.1886399,31,74,245,Dense (20+)
312400,Bikanervala,Gujranwala Town,28.6947792,77.1889993,6,51,262,Dense (20+)
310982,Changezi Chicken,Gujranwala Town,28.7014836,77.1898079,37,72,240,Dense (20+)
9421,Giani's,Gujranwala Town,28.7004928,77.1889483,31,73,244,Dense (20+)
1147,Gola Northend,Gujranwala Town,28.7014578,77.1895384,36,72,242,Dense (20+)
18057825,Kay's Chik-In,Gujranwala Town,28.701475,77.1897181,37,72,240,Dense (20+)
18444811,Mr. Lobo,Gujranwala Town,28.6991655,77.1917845,29,63,246,Dense (20+)
9366,Nut Khut Rasoi,Gujranwala Town,28.7013265,77.1895597,31,73,242,Dense (20+)
18361754,Purani Delhi 6,Gujranwala Town,28.6924395,77.1905019,4,29,275,Dense (20+)
18245254,Raahgiri,Gujranwala Town,28.6989717,77.192099,29,63,245,Dense (20+)
18219524,Singh Dhaba,Gujranwala Town,28.6975254,77.1863488,10,61,234,Dense (20+)
305276,Sugar Boutique,Gujranwala Town,28.6943279,77.1898978,6,44,267,Dense (20+)
312355,Zaika Amritsari,Gujranwala Town,28.7017609,77.1898978,43,72,240,Dense (20+)
6599,Ashok Meat Wala,Gujranwala Town,28.7014836,77.1898079,37,72,240,Dense (20+)
300022,Baker's Stop,Gujranwala Town,28.7003953,77.1887297,32,74,245,Dense (20+)
6605,Nut Khat Caterers,Gujranwala Town,28.699677,77.1878236,31,73,242,Dense (20+)
18034044,Penta Cafe,Gujranwala Town,28.6991827,77.1919642,29,63,245,Dense (20+)
300946,Penta Cafeteria,Gujranwala Town,28.6993443,77.1917362,29,64,246,Dense (20+)
310409,Roti Aur Boti,Gujranwala Town,28.7016159,77.1899423,42,72,240,Dense (20+)
307228,Sahni Fish Corner,Gujranwala Town,28.7015792,77.1894036,38,72,243,Dense (20+)
18464633,Aap Ki Khatir,Gujranwala Town,28.6988557,77.1918129,29,63,248,Dense (20+)
18358668,Aggarwal Sweets,Gujranwala Town,28.7006314,77.1836813,7,78,147,Dense (20+)
18361743,Amul Ice-Cream Parlour,Gujranwala Town,28.6982502,77.1919823,32,61,251,Dense (20+)
18245285,Chaat King,Gujranwala Town,28.6991164,77.1917396,29,63,245,Dense (20+)
18364336,Cherry Berry,Gujranwala Town,28.6943365,77.1899876,6,42,270,Dense (20+)
18358207,Flavours Kitchen,Gujranwala Town,28.7014836,77.1898079,37,72,240,Dense (20+)
312357,Hook Up,Gujranwala Town,28.6991568,77.1916947,29,63,244,Dense (20+)
18464627,Jnm Mama Mafia,Gujranwala Town,28.7015191,77.1894379,37,72,242,Dense (20+)
18431125,Kitchen199,Gujranwala Town,28.7006555,77.1839678,8,78,151,Dense (20+)
18361741,Noddy's,Gujranwala Town,28.6982616,77.1920054,32,61,251,Dense (20+)
18464621,Om Ji Bhature Wale,Gujranwala Town,28.7017374,77.1894954,43,72,242,Dense (20+)
18449634,Peshawari Mehel,Gujranwala Town,28.6990208,77.1921439,29,63,245,Dense (20+)
18361745,Republic of Chicken,Gujranwala Town,28.6971907,77.1940755,13,68,253,Dense (20+)
18124390,Shri Radhe,Gujranwala Town,28.7007076,77.1840036,8,78,151,Dense (20+)
18464637,Spices Affair,Gujranwala Town,28.698891,77.1920352,29,63,248,Dense (20+)
5897,34 Parkstreet Lane,Hauz Khas,28.5602677,77.2096084,62,110,359,Dense (20+)
18416840,Bakingo,Hauz Khas,28.5508626,77.2046327,34,114,353,Dense (20+)
18222563,Bandstand,Hauz Khas,28.5523954,77.2033238,42,146,338,Dense (20+)
18449796,Big Fat Sandwich,Hauz Khas,28.5503273,77.2039324,32,122,363,Dense (20+)
18471243,Blue Tokai Coffee Roasters,Hauz Khas,28.552966,77.207813,38,133,353,Dense (20+)
652,Cafe Coffee Day - The Lounge,Hauz Khas,28.5510835,77.2076874,37,112,363,Dense (20+)
9841,Cakes & Bakes,Hauz Khas,28.557586,77.2068141,72,144,365,Dense (20+)
313482,Captain Grub,Hauz Khas,28.55402,77.19397,25,110,331,Dense (20+)
308599,Chaat Corner,Hauz Khas,28.5518155,77.2037786,36,138,341,Dense (20+)
807,Cosy Restaurant,Hauz Khas,28.5513556,77.2043582,34,119,351,Dense (20+)
18423871,Food Refill,Hauz Khas,28.5626079,77.214976,33,114,357,Dense (20+)
308188,Ganesh Anna South Indian Food Corner,Hauz Khas,28.5605341,77.2094004,62,110,357,Dense (20+)
3156,Giani,Hauz Khas,28.551367,77.2045662,35,119,350,Dense (20+)
306319,Gravies,Hauz Khas,28.5568936,77.2067363,68,139,365,Dense (20+)
311033,Green Chick Chop,Hauz Khas,28.542347,77.2027931,11,50,298,Dense (20+)
4250,Grub Pub,Hauz Khas,28.5516775,77.2084143,41,125,367,Dense (20+)
300607,Handi Masala Restaurant,Hauz Khas,28.5416535,77.2043752,11,93,301,Dense (20+)
301325,Himalaya Dhaba,Hauz Khas,28.5614631,77.2115953,45,103,350,Dense (20+)
308277,Hot & Hot,Hauz Khas,28.552691,77.2036513,46,144,337,Dense (20+)
301328,Hot Box,Hauz Khas,28.5622242,77.2106376,47,104,350,Dense (20+)
18313482,Indrani's Kitchen,Hauz Khas,28.5515237,77.2070845,34,116,361,Dense (20+)
18287406,Kallu Hot Zaika,Hauz Khas,28.5505307,77.2054205,32,123,361,Dense (20+)
18354624,Kathi Roll Corner 44,Hauz Khas,28.5554938,77.2093121,37,154,371,Dense (20+)
307025,Mama Dhaba,Hauz Khas,28.560378,77.2091679,61,113,359,Dense (20+)
18469980,Miam,Hauz Khas,28.5503273,77.2039324,32,122,363,Dense (20+)
309593,Momos House,Hauz Khas,28.5609831,77.2100361,56,113,347,Dense (20+)
18252376,Nirula's Ice Cream,Hauz Khas,28.5505745,77.2046029,34,116,358,Dense (20+)
312809,Overdose,Hauz Khas,28.5618666,77.2141709,37,113,324,Dense (20+)
304546,Punjabi Chaap Corner,Hauz Khas,28.5604449,77.2093036,61,110,360,Dense (20+)
301327,Punjabi Tadka,Hauz Khas,28.562373,77.2107833,46,102,351,Dense (20+)
303170,Rapti Chinese Food,Hauz Khas,28.5618535,77.2141542,38,113,324,Dense (20+)
306658,Riyaz Chicken Corner,Hauz Khas,28.5603597,77.2095255,62,110,359,Dense (20+)
300564,Sharda Pastry Shop,Hauz Khas,28.5509252,77.2080868,40,110,362,Dense (20+)
5630,Southy,Hauz Khas,28.5500479,77.2056973,32,123,362,Dense (20+)
306511,Spicy,Hauz Khas,28.5624222,77.2107781,46,104,351,Dense (20+)
306247,Subway,Hauz Khas,28.5510151,77.2081473,41,110,361,Dense (20+)
18245263,The Foodie Cafe,Hauz Khas,28.5521888,77.2039336,38,140,340,Dense (20+)
305040,Uncle's Kabab Point,Hauz Khas,28.5639463,77.2120463,35,108,341,Dense (20+)
673,Wimpy,Hauz Khas,28.5522405,77.2039227,38,139,341,Dense (20+)
304542,Zaika,Hauz Khas,28.5617035,77.2145148,30,116,320,Dense (20+)
18349919,Natural Ice Cream,Hauz Khas,28.5513376,77.2045658,34,118,351,Dense (20+)
4251,Cafe 6,Hauz Khas,28.5525624,77.2084289,36,132,355,Dense (20+)
305736,Cafe Coffee Day,Hauz Khas,28.550438,77.2039819,34,123,362,Dense (20+)
308257,Dzukou Tribal Kitchen,Hauz Khas,28.5509312,77.208163,41,110,362,Dense (20+)
18359259,Havmor Ice Cream,Hauz Khas,28.5513546,77.2045516,34,120,351,Dense (20+)
18335682,Lost in Frost,Hauz Khas,28.5397438,77.2063121,10,86,326,Dense (20+)
303716,Pink Box,Hauz Khas,28.5513909,77.2045677,35,120,350,Dense (20+)
18430873,Potet,Hauz Khas,28.5542453,77.2059157,72,135,328,Dense (20+)
18440414,Root'd,Hauz Khas,28.5601373,77.2131207,40,104,337,Dense (20+)
5267,South Cafe,Hauz Khas,28.5602363,77.2104167,60,120,350,Dense (20+)
310259,Sri Balaji,Hauz Khas,28.5622518,77.2106438,47,103,350,Dense (20+)
18402768,Thalaivar,Hauz Khas,28.5509721,77.2080928,41,111,362,Dense (20+)
18418258,The Junction,Hauz Khas,28.5543973,77.2059313,73,138,329,Dense (20+)
18427205,34 Park Street Lane,Hauz Khas,28.5417943,77.2036655,11,71,290,Dense (20+)
18472618,Adda The Spice Affair,Hauz Khas,28.5623218,77.210758,46,103,351,Dense (20+)
18424902,All About Food,Hauz Khas,28.5605085,77.2093815,62,110,358,Dense (20+)
18427209,Bombay Pao Bhaji,Hauz Khas,28.5414504,77.203929,11,89,297,Dense (20+)
18336472,Brown House Cafe,Hauz Khas,28.5600874,77.2099284,62,113,359,Dense (20+)
18163900,Chinese Hutt,Hauz Khas,28.5602665,77.2096165,62,110,359,Dense (20+)
18425757,Desi Tadka,Hauz Khas,28.560245,77.2098425,62,111,356,Dense (20+)
18427218,Food Daddy,Hauz Khas,28.5419041,77.204319,11,84,298,Dense (20+)
18352684,Front Food Corner,Hauz Khas,28.5418706,77.2043423,11,85,298,Dense (20+)
18423135,Gupta's Vegetarian Paradise,Hauz Khas,28.5636313,77.2116483,40,108,346,Dense (20+)
18472605,Hot Kathi Roll,Hauz Khas,28.5601549,77.2097525,63,110,359,Dense (20+)
18425738,Sher -E- Punjab,Hauz Khas,28.5608475,77.2081917,59,111,361,Dense (20+)
18418229,Shi Cafe,Hauz Khas,28.55510074,77.19461381,33,112,332,Dense (20+)
18425748,Sri Balaji,Hauz Khas,28.5631376,77.2143271,31,118,362,Dense (20+)
18287398,Zaika Kathi Roll,Hauz Khas,28.5603853,77.2095383,62,110,358,Dense (20+)
18436439,Cravity ,Hauz Khas,28.5532206,77.2079154,40,135,354,Dense (20+)
18365575,Little Saigon,Hauz Khas,28.5514459,77.208506,43,122,366,Dense (20+)
307490,Summer House Cafe,Hauz Khas,28.5525204,77.203809,44,139,341,Dense (20+)
301001,Elf Cafe & Bar,Hauz Khas Village,28.5542839,77.1944778,25,110,331,Dense (20+)
8369,Garage Inc.,Hauz Khas Village,28.5538347,77.194918,25,118,328,Dense (20+)
304296,My Bar Grill,Hauz Khas Village,28.5543721,77.1944373,25,110,330,Dense (20+)
18082196,Wow! Momo,Hauz Khas Village,28.5546133,77.194795,27,113,330,Dense (20+)
307931,Coast Cafe,Hauz Khas Village,28.5545112,77.1960285,29,134,335,Dense (20+)
313304,Chaayos,Hauz Khas Village,28.5541711,77.1945289,25,111,329,Dense (20+)
5732,"Elma's Bakery, Bar, and Kitchen",Hauz Khas Village,28.5548297,77.1948429,31,113,330,Dense (20+)
301131,Fork You,Hauz Khas Village,28.5540858,77.194058,25,110,332,Dense (20+)
312437,High5 Cafe & Bar,Hauz Khas Village,28.5542208,77.1949328,25,121,329,Dense (20+)
301442,Imperfecto,Hauz Khas Village,28.5546859,77.1951433,30,125,328,Dense (20+)
301574,Maison Des Desserts,Hauz Khas Village,28.5534325,77.1941291,25,102,333,Dense (20+)
308463,Maquina,Hauz Khas Village,28.5540646,77.1943109,25,110,331,Dense (20+)
304027,Masha,Hauz Khas Village,28.5541496,77.1940584,25,110,331,Dense (20+)
307330,Moonshine Cafe & Bar,Hauz Khas Village,28.5541314,77.194159,25,110,331,Dense (20+)
306334,New York Slice,Hauz Khas Village,28.5536,77.1941855,25,103,331,Dense (20+)
5030,Out Of The Box,Hauz Khas Village,28.5541766,77.1944824,25,110,329,Dense (20+)
8893,Raasta,Hauz Khas Village,28.5541282,77.1944156,25,110,330,Dense (20+)
308322,Hauz Khas Social,Hauz Khas Village,28.5542851,77.1944706,25,110,331,Dense (20+)
3392,Kunzum Travel Cafe,Hauz Khas Village,28.55333,77.1943217,25,105,330,Dense (20+)
18408040,Lord of the Drinks Meadow,Hauz Khas Village,28.5557479,77.1952737,37,110,329,Dense (20+)
307360,Matchbox,Hauz Khas Village,28.5541009,77.1941749,25,110,331,Dense (20+)
89,Naivedyam,Hauz Khas Village,28.555157,77.1952749,33,124,331,Dense (20+)
18208924,Rang De Basanti Urban Dhaba,Hauz Khas Village,28.554476,77.195013,25,121,329,Dense (20+)
303092,Smoke House Deli,Hauz Khas Village,28.5542015,77.1948582,25,118,329,Dense (20+)
307436,Viva Deli - Holiday Inn,"Holiday Inn, Aerocity",28.550327,77.122793,39,88,102,Dense (20+)
306510,Cafe on 3 - Holiday Inn,"Holiday Inn, Mayur Vihar",28.5907981,77.2980406,14,53,145,Dense (20+)
312801,The Kylin Experience - Holiday Inn,"Holiday Inn, Mayur Vihar",28.5905091,77.2977869,14,51,141,Dense (20+)
3293,Thugs - Hotel Broadway,"Hotel Broadway, Daryaganj",28.6409625,77.2379557,22,64,216,Dense (20+)
422,Chor Bizarre - Hotel Broadway,"Hotel Broadway, Daryaganj",28.6410435,77.2378659,22,65,219,Dense (20+)
3260,Opium Bar - Hotel City Park,"Hotel City Park, Pitampura",28.7056604,77.1430501,17,54,198,Dense (20+)
1267,Yellow Mirchi - Hotel City Park,"Hotel City Park, Pitampura",28.7057393,77.1432187,17,53,199,Dense (20+)
18273067,Curry Capital - Hotel Classic Diplomat,"Hotel Classic Diplomat, Mahipalpur",28.5476562,77.1261797,43,94,102,Dense (20+)
18312623,Viceroy Bar - Hotel Classic Diplomat,"Hotel Classic Diplomat, Mahipalpur",28.5479078,77.1259999,52,94,102,Dense (20+)
308069,Cafe Regent,"Hotel Regent Grand, Karol Bagh",28.6430365,77.1729864,61,84,186,Dense (20+)
308068,The Grand Kitchen,"Hotel Regent Grand, Karol Bagh",28.6430256,77.1729982,61,84,186,Dense (20+)
4367,Lutyen's - Hotel The Royal Plaza,"Hotel The Royal Plaza, Janpath",28.6212265,77.2170282,36,78,238,Dense (20+)
4364,Onyx Bar - Hotel The Royal Plaza,"Hotel The Royal Plaza, Janpath",28.6212756,77.2170731,36,78,238,Dense (20+)
310365,SKY Lounge Bar & Grill - Hotel The Royal Plaza,"Hotel The Royal Plaza, Janpath",28.6212756,77.2170731,36,78,238,Dense (20+)
4366,Jasmine - Hotel The Royal Plaza,"Hotel The Royal Plaza, Janpath",28.6212756,77.2170731,36,78,238,Dense (20+)
4365,Lord William Tea Lounge - Hotel The Royal Plaza,"Hotel The Royal Plaza, Janpath",28.6212322,77.216908,36,78,238,Dense (20+)
18419892,Royal Brewery Bistro,"Hotel The Royal Plaza, Janpath",28.6213161,77.2170282,36,78,238,Dense (20+)
4357,Cafe - Hyatt Regency,"Hyatt Regency, Bhikaji Cama Place",28.56904,77.185331,15,47,244,Dense (20+)
3379,La Piazza - Hyatt Regency,"Hyatt Regency, Bhikaji Cama Place",28.56904,77.185331,15,47,244,Dense (20+)
3264,Polo Lounge - Hyatt Regency,"Hyatt Regency, Bhikaji Cama Place",28.56904,77.185331,15,47,244,Dense (20+)
4368,Sidewalk - Hyatt Regency,"Hyatt Regency, Bhikaji Cama Place",28.56904,77.185331,15,47,244,Dense (20+)
4356,T.K'S Oriental Grill - Hyatt Regency,"Hyatt Regency, Bhikaji Cama Place",28.56904,77.185331,15,47,244,Dense (20+)
3378,China Kitchen - Hyatt Regency,"Hyatt Regency, Bhikaji Cama Place",28.56904,77.185331,15,47,244,Dense (20+)
310032,The Hub -  ibis New Delhi,"ibis New Delhi, Aerocity",28.551398,77.123127,29,85,102,Dense (20+)
18436483,Baked and Wrapped,INA,28.5780214,77.2093928,3,26,222,Dense (20+)
18245249,M.D. Kitchen,INA,28.5783748,77.2100616,3,28,217,Dense (20+)
301448,Kerala Hotel,INA,28.5739586,77.2100216,23,25,297,Dense (20+)
18425152,New Classic Kitchen,INA,28.5780386,77.2095724,3,26,221,Dense (20+)
312231,M.P. Canteen,India Gate,28.607967,77.198618,2,3,25,Light (1-5)
18057802,Mysore Cafe,India Gate,28.6083918,77.2014634,2,2,28,Light (1-5)
307622,Maharashtra Sadan,India Gate,28.6184829,77.2296031,2,7,228,Moderate (6-20)
18481278,Mirch Masala Restaurant,India Gate,28.6086732,77.1981633,2,3,18,Light (1-5)
311546,Shree Rathnam,India Gate,28.6083206,77.2211555,8,31,119,Dense (20+)
1546,Abhishek Restaurant,IP Extension,28.6307448,77.3016535,17,46,201,Dense (20+)
4673,AL Maroosh,IP Extension,28.6221018,77.2933535,3,43,249,Dense (20+)
18440187,Ambarsari Kababs & Curries,IP Extension,28.6332414,77.3027284,31,46,193,Dense (20+)
304304,Ambrosia - The Golden Palms Hotel,IP Extension,28.6310189,77.3061495,27,48,142,Dense (20+)
18107859,Bala's Kitchen,IP Extension,28.6311765,77.3062105,28,48,142,Dense (20+)
303582,Cafe Meadows,IP Extension,28.6360907,77.2995552,19,76,216,Dense (20+)
306595,Dee The Baker,IP Extension,28.6281517,77.3089444,14,42,103,Dense (20+)
305348,Dilli Darbaar,IP Extension,28.6360024,77.3043502,19,49,185,Dense (20+)
303586,Finger Licious,IP Extension,28.6362503,77.3056876,19,47,177,Dense (20+)
18289231,Garden Hut,IP Extension,28.6306439,77.3059907,21,48,140,Dense (20+)
9803,Hari Mirch Masala,IP Extension,28.6360078,77.3031004,19,57,192,Dense (20+)
3700,Kamal's,IP Extension,28.6351912,77.3031053,20,56,191,Dense (20+)
3093,Kocktails & Kurries,IP Extension,28.6280802,77.3089888,14,42,102,Dense (20+)
308849,Madras Cafe,IP Extension,28.6355354,77.3032993,20,55,191,Dense (20+)
301149,Mahalaxmi Dairy & Sweets,IP Extension,28.6348977,77.3039947,22,47,185,Dense (20+)
305159,Meet n Eat,IP Extension,28.6282279,77.3082609,15,42,115,Dense (20+)
6256,Punjabi Mirchi,IP Extension,28.6335406,77.3028343,31,46,193,Dense (20+)
18258483,The Garam Masala,IP Extension,28.627967,77.3079824,15,42,111,Dense (20+)
9806,Unique Pastry Shop,IP Extension,28.6349194,77.3035124,23,52,187,Dense (20+)
303590,Vaishno Amritsari Dhaba,IP Extension,28.6278421,77.307845,16,42,108,Dense (20+)
311263,Zara Restaurant,IP Extension,28.6220862,77.2919552,3,42,249,Dense (20+)
303592,Bhatia Sweets,IP Extension,28.630711,77.305996,21,48,141,Dense (20+)
18228856,De Cafepedia,IP Extension,28.6360258,77.3030936,19,58,192,Dense (20+)
18308458,Icy Curls,IP Extension,28.634931,77.3037739,23,51,186,Dense (20+)
18378062,Chakhna,IP Extension,28.6308689,77.3012262,14,45,206,Dense (20+)
18428622,D Brown Affairs,IP Extension,28.6362246,77.2995024,19,77,218,Dense (20+)
18432941,Daya Sagar,IP Extension,28.6346331,77.2974464,3,80,241,Dense (20+)
18264980,Food Code 99,IP Extension,28.6274039,77.3011496,7,68,196,Dense (20+)
18378025,Foodie Singh,IP Extension,28.6336787,77.2990042,20,58,221,Dense (20+)
18441696,Jain Restaurant,IP Extension,28.630479,77.2995973,8,52,218,Dense (20+)
18421488,Kesariya Sweets,IP Extension,28.62804124,77.30793916,15,42,115,Dense (20+)
308853,KG Confectionery and Pastry Shop,IP Extension,28.6348699,77.3038718,23,47,186,Dense (20+)
312864,Krishna Da Dhaba,IP Extension,28.6355354,77.3032993,20,55,191,Dense (20+)
18439029,New Kovilakam Restaurant,IP Extension,28.63570449,77.30450468,19,49,184,Dense (20+)
18441698,Nice Food Corner,IP Extension,28.6219398,77.2934576,3,43,248,Dense (20+)
18440175,Radhey Radhey Foods,IP Extension,28.6264823,77.3029659,5,59,157,Dense (20+)
18258502,Schezwan Bakery,IP Extension,28.6304877,77.3065335,19,48,133,Dense (20+)
18440143,Shama Muradabadi Chicken Corner,IP Extension,28.6349562,77.3037861,23,51,186,Dense (20+)
18377928,Tava & Tandoor,IP Extension,28.635191,77.3030602,20,56,191,Dense (20+)
6777,Chutneez Restaurant Lounge & Bar,IP Extension,28.6339747,77.3095488,8,40,129,Dense (20+)
8376,Domino's Pizza,IP Extension,28.6308576,77.3012464,14,45,206,Dense (20+)
8619,Mangal Sweets,IP Extension,28.6304523,77.3015435,16,46,199,Dense (20+)
18228125,Sweet Tickles,IP Extension,28.631723,77.305766,32,47,158,Dense (20+)
306026,Ira - The Waterside Bar - ITC Maurya,"ITC Maurya, Chanakyapuri",28.5981818,77.1734292,9,15,101,Moderate (6-20)
302636,Nutmeg The Gourmet Shop - ITC Maurya,"ITC Maurya, Chanakyapuri",28.5974082,77.1735895,10,15,104,Moderate (6-20)
18376494,Fabelle Chocolate Boutique - ITC Maurya,"ITC Maurya, Chanakyapuri",28.5974082,77.1735895,10,15,104,Moderate (6-20)
2745,Golf Bar - ITC Maurya,"ITC Maurya, Chanakyapuri",28.5981778,77.1734391,9,15,101,Moderate (6-20)
2742,Bukhara - ITC Maurya,"ITC Maurya, Chanakyapuri",28.5974659,77.1737243,10,15,103,Moderate (6-20)
309548,Tian - Asian Cuisine Studio - ITC Maurya,"ITC Maurya, Chanakyapuri",28.5973505,77.1734547,10,15,104,Moderate (6-20)
311078,Ashish Lal Dhaba,ITO,28.63209722,77.23888333,3,27,220,Dense (20+)
311117,McDonald's,ITO,28.63255,77.24104444,3,17,152,Moderate (6-20)
303261,Udupi Cafe,ITO,28.6311424,77.24134527,3,14,132,Moderate (6-20)
18037812,"34, Chowringhee Lane",Jail Road,28.6347982,77.097151,64,96,252,Dense (20+)
18037793,Amritsar Express,Jail Road,28.6356447,77.0969155,62,98,250,Dense (20+)
301818,Anand Chicken & Fast Food,Jail Road,28.6274912,77.096421,15,67,236,Dense (20+)
18427235,Baba Chicken Ludhiana Wale,Jail Road,28.6355956,77.0968706,62,99,251,Dense (20+)
307002,Bombay Vada Pav,Jail Road,28.6360464,77.0969926,56,95,250,Dense (20+)
18037806,Cafe Coffee Day,Jail Road,28.6362828,77.0971876,54,94,252,Dense (20+)
309087,Chin Pokli,Jail Road,28.620964,77.107504,4,24,143,Dense (20+)
18367977,Curries,Jail Road,28.6275885,77.1090874,6,38,239,Dense (20+)
1106,Deepak Vaishno Dhaba,Jail Road,28.6310878,77.0981016,32,87,240,Dense (20+)
301857,Delhi Dhaba,Jail Road,28.6237129,77.1022244,7,32,175,Dense (20+)
302836,Dewan Sweets,Jail Road,28.6196388,77.1108383,3,21,86,Dense (20+)
18279090,Flirty Momo's,Jail Road,28.6494365,77.1028818,5,67,268,Dense (20+)
300502,Frontier,Jail Road,28.6312881,77.0975994,38,87,243,Dense (20+)
18203169,Giani,Jail Road,28.6255303,77.1109713,11,37,223,Dense (20+)
306891,Green Chick Chop,Jail Road,28.6316476,77.0980497,42,88,244,Dense (20+)
6959,Khalsa Veg Corner,Jail Road,28.6343754,77.0980565,62,96,258,Dense (20+)
18282019,Kings Kulfi,Jail Road,28.6349446,77.0971673,64,95,251,Dense (20+)
2399,Kohli Dhaba,Jail Road,28.631387,77.0982505,38,88,243,Dense (20+)
5420,Laxmi Ice Cream,Jail Road,28.6353891,77.0968803,65,97,251,Dense (20+)
8521,Mosaic - SK Premium Park,Jail Road,28.6300121,77.1136177,12,47,252,Dense (20+)
18292455,Moti Mahal Delux,Jail Road,28.6255608,77.1013347,6,35,225,Dense (20+)
4000,Mukesh Chic-Inn Hot & Spice,Jail Road,28.6356447,77.0969155,62,98,250,Dense (20+)
18241858,Muradabadi Biryani,Jail Road,28.6322412,77.0981402,49,89,248,Dense (20+)
310732,Muradabadi Shahi Biryani & Chicken Corner,Jail Road,28.6316146,77.0978255,42,88,245,Dense (20+)
300522,Nagi Fish Corner,Jail Road,28.63561,77.0965558,62,97,251,Dense (20+)
18408034,Nirula's Ice Cream,Jail Road,28.6316165,77.0981006,40,88,243,Dense (20+)
301803,Papa Veg Chinese Food,Jail Road,28.6347297,77.0971629,64,95,252,Dense (20+)
18282017,Pindi's Kitchen,Jail Road,28.6350493,77.0971063,64,95,251,Dense (20+)
18455615,Rewari Sweets,Jail Road,28.6134073,77.1087679,0,8,44,Moderate (6-20)
5400,Roti Aur Boti,Jail Road,28.6313278,77.097836,38,88,242,Dense (20+)
300561,Sahni Chicken Corner,Jail Road,28.6249007,77.1017394,6,33,204,Dense (20+)
301823,Sarpal Restaurant,Jail Road,28.6249622,77.1112093,11,28,197,Dense (20+)
18282009,SGF - Spice Grill Flame,Jail Road,28.6334468,77.0981661,57,94,255,Dense (20+)
6978,Shanta Fresh Fish Corner,Jail Road,28.635497,77.0965824,62,97,251,Dense (20+)
18281946,Shree Meenakshi Dosai,Jail Road,28.6358663,77.0970387,59,95,250,Dense (20+)
6052,Singz,Jail Road,28.6315014,77.0977886,39,88,243,Dense (20+)
5965,Sona Bakers,Jail Road,28.6356765,77.0967806,61,99,251,Dense (20+)
18381639,Tak - a - Tak,Jail Road,28.6309971,77.0976322,30,86,242,Dense (20+)
18289278,The Great Indian Food Truck,Jail Road,28.6246348,77.110907,11,27,188,Dense (20+)
308716,Tihar Food Court,Jail Road,28.6197878,77.1040333,5,18,135,Moderate (6-20)
306985,Uncle Da Dhabha,Jail Road,28.6351319,77.0998706,59,97,258,Dense (20+)
307861,Variety Chicken Corner,Jail Road,28.6212976,77.1074751,6,24,148,Dense (20+)
18429381,Wah Ji Wah,Jail Road,28.6350345,77.0971697,64,94,252,Dense (20+)
18366009,9 Scoops,Jail Road,28.635251,77.0998371,59,100,258,Dense (20+)
18415357,Kati Roll Cottage,Jail Road,28.6344684,77.0994344,60,93,256,Dense (20+)
300501,Pul Bangash Wale,Jail Road,28.6315308,77.097993,40,88,243,Dense (20+)
307006,Sunny Chicken Soup,Jail Road,28.6351651,77.0970504,65,96,252,Dense (20+)
18424895,Yo Momos,Jail Road,28.6314535,77.0977144,40,88,244,Dense (20+)
18282015,Bikaner Sweets,Jail Road,28.6344525,77.0997544,58,92,259,Dense (20+)
306974,Bittoo Murge Wala,Jail Road,28.6360885,77.0972622,55,93,250,Dense (20+)
18431980,Jalebi Wala,Jail Road,28.6353275,77.0970875,66,97,252,Dense (20+)
18429401,Just Parkash,Jail Road,28.6628124,77.1088295,2,25,155,Dense (20+)
301822,Kwality Sweet Corner,Jail Road,28.6244686,77.1109839,11,27,178,Dense (20+)
18367979,Mohan Chaat Corner,Jail Road,28.6212971,77.1073269,4,24,149,Dense (20+)
18366025,Mr. Momo,Jail Road,28.6357503,77.0996828,53,119,260,Dense (20+)
18456774,Pishori Chicken Corner,Jail Road,28.6235852,77.1018025,7,31,176,Dense (20+)
18458301,Punjab Patiyala Sahi,Jail Road,28.6342008,77.0974053,62,90,251,Dense (20+)
18037794,Shama Chicken Corner,Jail Road,28.6258103,77.1108325,10,39,223,Dense (20+)
18454474,Wah G Wah,Jail Road,28.631327,77.098778,33,87,247,Dense (20+)
18245258,Grillz,Jail Road,28.625289,77.101117,6,35,217,Dense (20+)
17977777,The Barbeque Company,Jail Road,28.6255344,77.1014229,6,35,225,Dense (20+)
18349901,Anmol Chicken Corner,Jama Masjid,28.6498101,77.2349022,33,114,167,Dense (20+)
18349910,Babu Bhai Kabab Wale,Jama Masjid,28.6472969,77.2339142,31,92,240,Dense (20+)
304091,Chicken Mughlai,Jama Masjid,28.6487528,77.2335637,35,115,190,Dense (20+)
18420675,Cool Point Shahi Tukda,Jama Masjid,28.6497205,77.2349022,33,115,168,Dense (20+)
308014,Jawahar Hotel,Jama Masjid,28.649456,77.2334814,36,107,181,Dense (20+)
18291241,Lalu Kababe,Jama Masjid,28.6497621,77.2339276,36,110,176,Dense (20+)
18336178,Phelwan Biryani Wala,Jama Masjid,28.6470498,77.2350818,29,91,221,Dense (20+)
18454466,Qureshi Kabab Corner,Jama Masjid,28.6498506,77.2348573,33,111,167,Dense (20+)
993,Al Jawahar,Jama Masjid,28.6496214,77.2327023,36,99,182,Dense (20+)
305598,Aslam Chicken,Jama Masjid,28.6486247,77.2335385,35,115,196,Dense (20+)
18336494,Dil Pasand Biryani Point,Jama Masjid,28.6470498,77.2350818,29,91,221,Dense (20+)
18340727,Haji Mohd. Hussain,Jama Masjid,28.6489324,77.2336085,35,114,186,Dense (20+)
308001,Kallan Sweets,Jama Masjid,28.649672,77.2334979,36,106,179,Dense (20+)
18396855,The Walled City - Cafí© & Lounge,Jama Masjid,28.6491652,77.2328365,36,102,193,Dense (20+)
18261688,Al-Nawab,Jama Masjid,28.6498224,77.2362096,33,119,162,Dense (20+)
18208922,Ameer Sweets House,Jama Masjid,28.6468193,77.2345429,28,92,242,Dense (20+)
18308432,Anwar Food Corner,Jama Masjid,28.6497611,77.2331077,36,101,181,Dense (20+)
18408050,Fish Point,Jama Masjid,28.6497507,77.2348182,33,112,167,Dense (20+)
18349897,Golden Bakery,Jama Masjid,28.6481181,77.2335999,33,111,222,Dense (20+)
18336488,Hotel Maidah,Jama Masjid,28.6492548,77.2328365,36,102,186,Dense (20+)
18454468,Lahori Food,Jama Masjid,28.6493023,77.2333916,36,109,183,Dense (20+)
18451575,Majlis Foods,Jama Masjid,28.6498655,77.2355652,32,116,162,Dense (20+)
18079620,Cool Point,Jama Masjid,28.6492691,77.2337024,36,112,182,Dense (20+)
304617,Haji Shabrati Nihari Wale,Jama Masjid,28.6467702,77.234498,28,92,244,Dense (20+)
463,Karim's,Jama Masjid,28.6493933,77.23363,36,112,181,Dense (20+)
18291442,Qureshi Kabab Corner,Jama Masjid,28.649739,77.2348509,33,114,167,Dense (20+)
300430,Bake Bikaner,Janakpuri,28.6178488,77.0781883,2,10,108,Moderate (6-20)
533,Barista,Janakpuri,28.6308738,77.081247,16,45,197,Dense (20+)
18365984,Behrouz Biryani,Janakpuri,28.624851,77.076075,5,38,148,Dense (20+)
18057812,Brunchilli,Janakpuri,28.61913158,77.09158983,15,22,140,Dense (20+)
7012,Cafe Coffee Day,Janakpuri,28.6270907,77.0919751,7,49,189,Dense (20+)
313194,Chawla Dillivala,Janakpuri,28.6217683,77.08765,13,28,162,Dense (20+)
18466975,Dhaba Ambarsariya,Janakpuri,28.625011,77.101121,6,34,206,Dense (20+)
8365,Domino's Pizza,Janakpuri,28.6298073,77.0903177,9,87,209,Dense (20+)
307699,GPW - The Food Hub,Janakpuri,28.6156773,77.0895476,10,22,96,Dense (20+)
305723,Green Bhojanalya,Janakpuri,28.6237445,77.0821521,5,35,173,Dense (20+)
18175283,Hira Sweets,Janakpuri,28.6330204,77.0870265,8,56,215,Dense (20+)
4018,Hot Curries,Janakpuri,28.61683827,77.09035702,10,21,97,Dense (20+)
4019,Meenu Caterers,Janakpuri,28.6168861,77.090369,10,21,97,Dense (20+)
482,Moti Mahal Delux,Janakpuri,28.6300262,77.0820473,14,44,202,Dense (20+)
355,New Kadimi,Janakpuri,28.6158468,77.0944197,7,17,82,Moderate (6-20)
1104,Polka Pastry & Snack Bar,Janakpuri,28.6311148,77.0966703,33,89,243,Dense (20+)
300994,Pudding & Pie,Janakpuri,28.6180223,77.0888248,12,23,101,Dense (20+)
310691,Singz,Janakpuri,28.6219218,77.0859354,10,32,161,Dense (20+)
303247,Slice of Italy,Janakpuri,28.6216295,77.0884552,13,28,159,Dense (20+)
311616,Subway,Janakpuri,28.6219496,77.0844615,10,35,152,Dense (20+)
7025,Suruchee,Janakpuri,28.6343713,77.0935847,43,98,258,Dense (20+)
301335,The Bubble Tea Cafe,Janakpuri,28.6215998,77.0883654,13,28,160,Dense (20+)
4016,The Destination,Janakpuri,28.6284185,77.0910311,6,71,198,Dense (20+)
18238968,The Night Delights,Janakpuri,28.6202711,77.0887484,15,26,143,Dense (20+)
18175340,Tingling Pepper,Janakpuri,28.6361792,77.0960937,54,95,254,Dense (20+)
313498,Wah G Wah,Janakpuri,28.6298512,77.0910906,7,88,214,Dense (20+)
18421049,Midnight Hunger Hub,Janakpuri,28.6122787,77.0900756,1,14,70,Moderate (6-20)
18345739,BarShala,Janakpuri,28.6295635,77.0816045,15,39,203,Dense (20+)
18261158,Bemisaal Reloaded,Janakpuri,28.6291122,77.091394,7,84,210,Dense (20+)
4010,Bon Appí©tit,Janakpuri,28.6296625,77.0820832,14,40,202,Dense (20+)
309283,Burger Point,Janakpuri,28.6180324,77.0901845,15,20,105,Moderate (6-20)
17977755,Cakes 'n' Crumbs,Janakpuri,28.6331568,77.0871273,9,65,215,Dense (20+)
5388,China Fort,Janakpuri,28.6285431,77.0910903,6,71,202,Dense (20+)
4723,Giani,Janakpuri,28.6180887,77.0887384,12,23,101,Dense (20+)
311889,Hot Cherries,Janakpuri,28.6335873,77.0871808,10,72,216,Dense (20+)
311922,KFC,Janakpuri,28.6209459,77.0817882,6,27,122,Dense (20+)
185,McDonald's,Janakpuri,28.6299374,77.0819207,15,44,203,Dense (20+)
18268370,Pasta Xpress,Janakpuri,28.6157655,77.0941454,7,17,83,Moderate (6-20)
4021,Tandoor Bar-Be-Que,Janakpuri,28.6218773,77.0846413,10,35,152,Dense (20+)
300527,TBK Kulcha's,Janakpuri,28.6191652,77.091738,15,22,140,Dense (20+)
18219547,The Pindi,Janakpuri,28.620389,77.0801897,5,17,105,Moderate (6-20)
18412874,The Tangy Tomatoes,Janakpuri,28.6341679,77.0936598,45,97,261,Dense (20+)
18244719,Thela,Janakpuri,28.6330626,77.0905124,12,101,244,Dense (20+)
18322665,Wah Ji Wah,Janakpuri,28.6217284,77.0884763,13,28,159,Dense (20+)
7018,Muffins,Janakpuri,28.6278364,77.0917978,7,66,194,Dense (20+)
18446409,Food Scouts,Janakpuri,28.622406,77.090872,9,28,162,Dense (20+)
7891,Aggarwal Sweet India,Jangpura,28.5830716,77.2450727,42,99,229,Dense (20+)
304445,Bhola Dhaba,Jangpura,28.5835117,77.2459911,34,93,225,Dense (20+)
18337922,Cake Me Up,Jangpura,28.5799189,77.2415481,54,106,247,Dense (20+)
18357562,Chawla Snacks,Jangpura,28.5826876,77.2467751,37,93,218,Dense (20+)
9602,Chef Joint,Jangpura,28.5795335,77.2475434,28,99,217,Dense (20+)
310305,China Hut,Jangpura,28.5817203,77.2472956,37,91,211,Dense (20+)
18025100,Chinese Hut,Jangpura,28.5816136,77.247116,37,93,216,Dense (20+)
18355110,Curries & Kebabs,Jangpura,28.5791847,77.2583408,6,14,150,Moderate (6-20)
18322676,Giani's,Jangpura,28.5793555,77.2412786,55,108,250,Dense (20+)
308488,Green Chick Chop,Jangpura,28.584787,77.2479691,36,62,157,Dense (20+)
7874,Kabul Restaurant,Jangpura,28.5813084,77.2464868,40,96,224,Dense (20+)
18313115,Kadimi Dukan,Jangpura,28.5825578,77.2481871,37,70,165,Dense (20+)
302514,Kadimi Sweets,Jangpura,28.5819657,77.24752,37,88,206,Dense (20+)
9573,McDonald's,Jangpura,28.5812079,77.2419073,49,103,246,Dense (20+)
7892,Modi Pastry Corner,Jangpura,28.5813908,77.2467562,41,95,221,Dense (20+)
9568,New Evergreen Hotel,Jangpura,28.5844282,77.2476766,36,61,157,Dense (20+)
3681,Nikku Hotel,Jangpura,28.5823905,77.2515162,23,50,156,Dense (20+)
3337,Om Hotel,Jangpura,28.5805634,77.2417277,51,103,246,Dense (20+)
310101,Pakeeza Burger,Jangpura,28.5813093,77.246482,39,96,224,Dense (20+)
7889,Paljees Fresh Baked,Jangpura,28.5828513,77.2450505,42,98,229,Dense (20+)
7879,Pinka's Rasoi,Jangpura,28.5798378,77.2416379,56,108,247,Dense (20+)
310469,Republic of Chicken,Jangpura,28.5829004,77.2450954,42,98,229,Dense (20+)
18449787,Sandwich & Sons,Jangpura,28.5853525,77.2487324,32,57,154,Dense (20+)
303608,Simple Restaurant,Jangpura,28.5837347,77.2439728,38,100,237,Dense (20+)
307785,Subway,Jangpura,28.5828513,77.2450505,42,98,229,Dense (20+)
310100,Tempting Bar-B-Que,Jangpura,28.5824117,77.2451403,42,99,228,Dense (20+)
310468,The Biryani Hut,Jangpura,28.5818185,77.2473854,37,90,208,Dense (20+)
3339,Beliram Degchiwala,Jangpura,28.5828513,77.2450505,42,98,229,Dense (20+)
18369763,Instapizza,Jangpura,28.5853611,77.2488222,31,57,154,Dense (20+)
312949,Janta Bakery,Jangpura,28.5823926,77.2482385,37,71,167,Dense (20+)
3684,Pal Refreshment Corner,Jangpura,28.580653,77.2417277,52,103,246,Dense (20+)
18463963,Transform Nutrition,Jangpura,28.5807469,77.2415673,50,103,246,Dense (20+)
18357554,Bhashi Caterers,Jangpura,28.5819018,77.2515611,24,53,157,Dense (20+)
310102,Birbal Ji Dhaba,Jangpura,28.5815771,77.2512383,26,56,158,Dense (20+)
18243438,Chaap Express,Jangpura,28.5835827,77.2460575,34,92,222,Dense (20+)
18419915,Daawat-e-Mehak,Jangpura,28.5764607,77.262305,6,19,140,Moderate (6-20)
18479001,Delhi Biryani Hut,Jangpura,28.5815151,77.2468941,38,94,219,Dense (20+)
18419906,K. B. Eating Point,Jangpura,28.5798205,77.2603162,6,13,106,Moderate (6-20)
18419911,Kashmiri Wazwan,Jangpura,28.5815244,77.247005,38,94,217,Dense (20+)
18419919,Maan Singh Halwai,Jangpura,28.5792658,77.258251,5,14,151,Moderate (6-20)
18294233,Mughlai Darbar Muradabadi,Jangpura,28.5852629,77.2487324,36,57,156,Dense (20+)
18419901,P.S. Chinese & Thai Food,Jangpura,28.5791121,77.2585204,6,13,150,Moderate (6-20)
18481273,Pak Afghan Restaurant,Jangpura,28.5814249,77.2467645,40,95,221,Dense (20+)
18313119,Pakeeza Restaurants,Jangpura,28.5812764,77.2463975,42,96,225,Dense (20+)
18486830,Radhe Shyam Chole Bhature,Jangpura,28.5827894,77.2490554,35,60,158,Dense (20+)
18453186,Sanjha Chulha,Jangpura,28.5738108,77.2574428,2,16,211,Moderate (6-20)
18354663,Sardar A Pure Meat Shop,Jangpura,28.5843025,77.247116,33,63,168,Dense (20+)
18419897,Shahi Muradabadi & Hyderabadi,Jangpura,28.5771398,77.2622917,7,15,130,Moderate (6-20)
18481322,Shankar Chinese Foods,Jangpura,28.5794004,77.2422216,65,111,244,Dense (20+)
18357557,Shri Ram Sweets,Jangpura,28.5792829,77.2584306,6,14,149,Moderate (6-20)
18025096,Subhash Punjabi Family Dhaba,Jangpura,28.5815991,77.251335,26,56,158,Dense (20+)
18286922,Tandoori Nature,Jangpura,28.5832431,77.2479992,37,62,161,Dense (20+)
18458302,Tinker Koch,Jangpura,28.5839782,77.2474752,37,60,159,Dense (20+)
18447302,Wakhra Swag,Jangpura,28.5744768,77.2569041,2,16,207,Moderate (6-20)
300744,Chawla's_,Jangpura,28.5802945,77.2417277,52,106,246,Dense (20+)
8509,Barbeque Nation,Jangpura,28.580749,77.2413236,48,101,248,Dense (20+)
3338,Novelty Dairy & Stores,Jangpura,28.5837753,77.2439279,37,100,237,Dense (20+)
18133513,Caara Cafe,Janpath,28.6274922,77.2225973,81,202,262,Dense (20+)
619,Cafe Coffee Day - The Lounge,Janpath,28.62642941,77.22028926,71,190,254,Dense (20+)
300581,Cafe Coffee Day,Janpath,28.6290186,77.2198128,104,191,278,Dense (20+)
300577,Costa Coffee,Janpath,28.629035,77.21958833,106,189,278,Dense (20+)
6174,Gulnar - Hotel Janpath,Janpath,28.62175556,77.21879444,37,100,240,Dense (20+)
300593,Kalpana Restaurant,Janpath,28.6285904,77.220734,94,191,272,Dense (20+)
300589,Meenas,Janpath,28.6219039,77.2165193,37,93,222,Dense (20+)
261,Pizza Hut,Janpath,28.62751063,77.2195131,82,194,260,Dense (20+)
18400724,Prince Chaat Corner,Janpath,28.628809,77.2185552,99,190,275,Dense (20+)
300591,Rajeev Restaurant,Janpath,28.621945,77.2166027,37,96,224,Dense (20+)
18372578,RSVP,Janpath,28.6212756,77.2170731,36,78,238,Dense (20+)
307371,Samridhi,Janpath,28.623172,77.2167587,33,117,231,Dense (20+)
300584,Shan E Dilli,Janpath,28.62913,77.2209805,104,191,282,Dense (20+)
18357558,The Zest,Janpath,28.62727844,77.21957177,78,196,259,Dense (20+)
18345728,Masala Library,Janpath,28.6182446,77.2186451,26,49,240,Dense (20+)
301301,Bhogal Chole Bhature Wala,Janpath,28.62921603,77.22037341,102,190,278,Dense (20+)
18249111,Bunta Bar,Janpath,28.6283018,77.2198128,88,189,269,Dense (20+)
308280,Cafe Coffee Day The Square,Janpath,28.626685,77.2194865,74,195,256,Dense (20+)
309807,Cottage Cafí© by Smoothie factory,Janpath,28.62590527,77.21970689,62,185,255,Dense (20+)
8451,Depaul's,Janpath,28.6289072,77.2186451,101,189,276,Dense (20+)
3782,Fresc Co,Janpath,28.6282932,77.2197229,89,190,269,Dense (20+)
18168125,Informal,Janpath,28.627044,77.220458,78,198,257,Dense (20+)
311982,Lutyens Cocktail House,Janpath,28.6183217,77.2194535,26,52,240,Dense (20+)
182,McDonald's,Janpath,28.62662923,77.21920632,73,196,255,Dense (20+)
18349923,Office Office,Janpath,28.6269407,77.2196331,75,197,257,Dense (20+)
311871,Pappu Chat Bhandar,Janpath,28.6276714,77.2225973,82,202,267,Dense (20+)
8911,The Beer Cafe,Janpath,28.62913863,77.21962843,107,189,279,Dense (20+)
18398618,The Masala Trail,Janpath,28.62711,77.219697,77,196,258,Dense (20+)
18486847,Chill House Kafe,Janpath,28.627832,77.2186451,84,192,265,Dense (20+)
18394362,Connoisseur,Janpath,28.62569483,77.20999705,4,63,231,Dense (20+)
18458647,Pind Balluchi,Janpath,28.6291892,77.2197229,107,191,279,Dense (20+)
18124375,Queen's Way,Janpath,28.6284974,77.2181061,94,189,274,Dense (20+)
300582,Sea Lord,Janpath,28.6219815,77.2164893,37,96,223,Dense (20+)
18306547,52 Janpath,Janpath,28.6271199,77.2196331,77,197,259,Dense (20+)
18424189,Cafe Southall,Janpath,28.6272055,77.2205314,79,197,258,Dense (20+)
899,Saravana Bhavan,Janpath,28.6270708,77.2195882,77,197,258,Dense (20+)
18357911,Tourist Janpath,Janpath,28.6291434,77.2196051,108,189,279,Dense (20+)
7901,Cafe Coffee Day,Jasola,28.5377179,77.2865357,19,35,68,Dense (20+)
309778,Cafe Punjabi,Jasola,28.5373236,77.2872342,21,35,68,Dense (20+)
18359262,Chai Garam,Jasola,28.5377077,77.2866593,19,35,68,Dense (20+)
18358682,Chai Shots,Jasola,28.5398301,77.2862858,18,33,66,Dense (20+)
18413811,Chao Cart,Jasola,28.53938,77.2877168,17,46,67,Dense (20+)
8160,Deli Belly,Jasola,28.5398033,77.2884959,18,48,65,Dense (20+)
18240023,Ego,Jasola,28.5391313,77.2865123,18,34,66,Dense (20+)
306038,Fresh n Refresh,Jasola,28.5413666,77.2970413,22,40,62,Dense (20+)
18337775,Jack Po!tato's,Jasola,28.5372187,77.2875272,24,35,68,Dense (20+)
18241514,Moti Mahal Delux,Jasola,28.5373632,77.2875567,24,38,68,Dense (20+)
7912,Pizza Hut Delivery,Jasola,28.5377272,77.2866858,19,35,68,Dense (20+)
18387753,Riviera,Jasola,28.5404503,77.2935319,22,52,65,Dense (20+)
9700,Subway,Jasola,28.5376733,77.2866755,19,35,68,Dense (20+)
307342,Tamura,Jasola,28.5374717,77.2874628,24,38,68,Dense (20+)
301898,ANF Kitchen Express,Jasola,28.5386022,77.2894195,23,51,67,Dense (20+)
18322937,Mumu Dahlin,Jasola,28.5398007,77.294558,23,54,65,Dense (20+)
18303834,Startup Cafe,Jasola,28.5382002,77.2895211,23,53,67,Dense (20+)
18241883,Starvin' Marvin,Jasola,28.5436226,77.2978344,14,25,60,Dense (20+)
18285180,Wok On Wheels,Jasola,28.5398573,77.2900843,19,50,65,Dense (20+)
18464001,Chai Mantra,Jasola,28.5382385,77.2899644,24,54,67,Dense (20+)
7908,Sagar Ratna,Jasola,28.5398069,77.2882379,17,46,65,Dense (20+)
4503,Paatra - Jaypee Siddharth,"Jaypee Siddharth, Rajendra Place",28.6427453,77.1758533,62,128,197,Dense (20+)
4502,Eggspectation - Jaypee Siddharth,"Jaypee Siddharth, Rajendra Place",28.642764,77.1758886,62,128,197,Dense (20+)
4499,Ano Tai - Jaypee Vasant Continental,"Jaypee Vasant Continental, Vasant Vihar",28.55650347,77.16443762,36,77,161,Dense (20+)
4235,Tapas - Jaypee Vasant Continental,"Jaypee Vasant Continental, Vasant Vihar",28.55650347,77.16443762,36,77,161,Dense (20+)
4500,The Old Baker - Jaypee Vasant Continental,"Jaypee Vasant Continental, Vasant Vihar",28.55650347,77.16443762,36,77,161,Dense (20+)
4234,Eggspectation - Jaypee Vasant Continental,"Jaypee Vasant Continental, Vasant Vihar",28.55650347,77.16443762,36,77,161,Dense (20+)
4501,Paatra - Jaypee Vasant Continental,"Jaypee Vasant Continental, Vasant Vihar",28.55650347,77.16443762,36,77,161,Dense (20+)
308243,Ambarsaria by Gourmet Affaire's,"JMD Kohinoor Mall, Greater Kailash",28.5364178,77.2383021,34,81,315,Dense (20+)
703,August Moon,"JMD Kohinoor Mall, Greater Kailash",28.5366985,77.2385844,37,81,309,Dense (20+)
18334427,Keventers,"JMD Kohinoor Mall, Greater Kailash",28.5364802,77.2385653,37,81,311,Dense (20+)
310529,Moets Curry Leaf Express,"JMD Kohinoor Mall, Greater Kailash",28.5367169,77.2386159,37,81,309,Dense (20+)
309844,Natural Ice Cream,"JMD Kohinoor Mall, Greater Kailash",28.5367441,77.2386106,37,81,309,Dense (20+)
306034,"34, Chowringhee Lane",JNU,28.5490023,77.1810079,6,29,196,Dense (20+)
303604,Qureshi,JNU,28.54865293,77.16718253,1,20,144,Moderate (6-20)
1505,Shree Ram Sweet Centre,JNU,28.5494286,77.1807722,6,25,198,Dense (20+)
303583,Teflas,JNU,28.5474027,77.1656368,1,6,133,Moderate (6-20)
18175324,The Viraj Food Zone,JNU,28.5490027,77.1811526,6,29,191,Dense (20+)
18391147,RollsKing,JNU,28.5495565,77.1811374,6,26,199,Dense (20+)
301130,Secular House Canteen,JNU,28.5441245,77.1783133,0,27,113,Dense (20+)
18354985,Amul Ice-Cream Parlour,JNU,28.5489782,77.1811823,6,29,191,Dense (20+)
18414503,Sunny Restaurant & Tiffin,JNU,28.5488714,77.1810026,6,29,193,Dense (20+)
7807,Kerala Cafe,JNU,28.54979385,77.18089364,6,21,201,Dense (20+)
300887,Veer Jee Restaurant,Jor Bagh,28.58429443,77.21763119,12,38,201,Dense (20+)
306251,Oval Bar - JW Marriott New Delhi,JW Marriott New Delhi,28.552895,77.121445,24,59,101,Dense (20+)
18144453,Bakey Wish,Kailash Colony,28.5531043,77.2398107,21,98,309,Dense (20+)
7862,Bikaner Namkeen Bhandar,Kailash Colony,28.5526774,77.2416379,17,138,307,Dense (20+)
7857,Chhole Bhature Corner,Kailash Colony,28.5525536,77.2412786,18,129,309,Dense (20+)
2874,Fresh n Frozen,Kailash Colony,28.5536849,77.2409194,18,111,313,Dense (20+)
18252369,Sanjha Chulha,Kailash Colony,28.5538898,77.2411888,18,113,314,Dense (20+)
18228895,Shaan e Punjab,Kailash Colony,28.5571618,77.2402459,15,91,272,Dense (20+)
2583,Cafe 27,Kailash Colony,28.5536763,77.2408296,18,111,313,Dense (20+)
304876,MR.D - Deliciousness Delivered,Kailash Colony,28.556673,77.2402908,22,94,276,Dense (20+)
308407,Pita Pit,Kailash Colony,28.557442,77.236741,17,82,328,Dense (20+)
18492050,Al-Malik Chicken Point,Kailash Colony,28.5563436,77.2360071,17,78,311,Dense (20+)
18492052,Amul Sweets & Bakery,Kailash Colony,28.5565383,77.2355758,17,73,317,Dense (20+)
18449620,Elements - Mapple Express,Kailash Colony,28.553673,77.243649,21,136,310,Dense (20+)
18452403,Food 24,Kailash Colony,28.5551789,77.2415481,18,114,294,Dense (20+)
18425740,Food Corner,Kailash Colony,28.5527158,77.241099,17,114,311,Dense (20+)
18435830,Habibi Express,Kailash Colony,28.555918,77.238586,20,91,276,Dense (20+)
18473378,Hide Out Cafe,Kailash Colony,28.5536763,77.2408296,18,111,313,Dense (20+)
18452241,Moriarty Delivers,Kailash Colony,28.5535184,77.2401111,17,103,311,Dense (20+)
3190,Big Chill,Kailash Colony,28.5527692,77.2421318,17,145,305,Dense (20+)
3041,Maxims Pastry Shop,Kailash Colony,28.5527286,77.2421767,17,145,305,Dense (20+)
18441798,Uncultured Cafe & Bar,Kailash Colony,28.5526433,77.2412786,18,128,309,Dense (20+)
306505,2 Nice 2 Slice,Kalkaji,28.53853483,77.25765813,46,100,292,Dense (20+)
302868,Aggarwal Bikaneri Sweets,Kalkaji,28.5441688,77.251157,50,149,366,Dense (20+)
7383,Aggarwal Sweet Corner & Restaurant,Kalkaji,28.54153378,77.25511976,37,118,330,Dense (20+)
302793,Aggarwal Sweets India,Kalkaji,28.53451667,77.26001167,16,67,225,Dense (20+)
9993,Aggarwal's Sweets Paradise,Kalkaji,28.52530273,77.26306513,2,31,111,Dense (20+)
9985,Aggarwal's Sweets,Kalkaji,28.52576,77.263331,2,31,114,Dense (20+)
18138461,Anna Ka Dosa,Kalkaji,28.53920667,77.25950785,27,78,277,Dense (20+)
306957,Big Chow Xpress,Kalkaji,28.53706949,77.26394121,9,38,199,Dense (20+)
7590,Bikaner Sweets & Namkeen,Kalkaji,28.52562912,77.25476302,24,48,171,Dense (20+)
9620,Cafe Coffee Day,Kalkaji,28.5409875,77.2563653,37,116,318,Dense (20+)
302884,Cake Plaza,Kalkaji,28.53930504,77.25926813,28,80,284,Dense (20+)
309238,Crispy Tokri,Kalkaji,28.54024549,77.25810573,32,94,311,Dense (20+)
309609,De Royale Food's,Kalkaji,28.54423341,77.25107197,48,149,367,Dense (20+)
18414477,Faasos,Kalkaji,28.537027,77.257337,38,98,285,Dense (20+)
9992,Fouji Da Vaishno Dhaba,Kalkaji,28.53320649,77.25989409,13,62,210,Dense (20+)
18224572,Fun Bytes,Kalkaji,28.54442544,77.251193,41,149,367,Dense (20+)
312594,G's Patisserie,Kalkaji,28.537134,77.260126,22,70,265,Dense (20+)
312728,Giani,Kalkaji,28.54013,77.258148,32,94,311,Dense (20+)
18025133,Gopals 56,Kalkaji,28.54143056,77.25543889,34,119,329,Dense (20+)
7329,Green Chick Chop,Kalkaji,28.5421747,77.2537612,41,130,351,Dense (20+)
302892,Heaven's Kitchen,Kalkaji,28.53072249,77.2569098,15,76,221,Dense (20+)
302893,Heavens Food Corner,Kalkaji,28.53074722,77.25698889,15,76,221,Dense (20+)
309533,Just Kababs,Kalkaji,28.53283056,77.25312778,25,124,264,Dense (20+)
18376487,Keventers,Kalkaji,28.5423284,77.2534918,39,131,354,Dense (20+)
302895,Komal Kitchen,Kalkaji,28.52827222,77.25608056,25,65,201,Dense (20+)
302896,Kwality Sweets & Restaurant,Kalkaji,28.52800925,77.25624796,25,62,198,Dense (20+)
9776,Mehak Food Corner,Kalkaji,28.54369031,77.25087617,54,149,364,Dense (20+)
18245255,Mr. Sub,Kalkaji,28.54072765,77.25705095,35,113,314,Dense (20+)
309648,Muradabadi Shahi Biryani & Chicken Corner,Kalkaji,28.5442178,77.25120507,50,149,366,Dense (20+)
18285214,Muradabadi,Kalkaji,28.52833711,77.25578628,25,68,203,Dense (20+)
302938,New Radhe Radhe Snacks Corner,Kalkaji,28.53103056,77.24575,45,91,238,Dense (20+)
18396545,Nirula's Ice Cream,Kalkaji,28.5419405,77.25391286,40,130,347,Dense (20+)
18414495,Noor Restaurant,Kalkaji,28.5415619,77.2553326,36,118,331,Dense (20+)
311891,Paul's Homemade,Kalkaji,28.5302637,77.2583896,12,72,185,Dense (20+)
312372,Pinkom's Bar-Be-Que,Kalkaji,28.5309441,77.2568858,16,76,223,Dense (20+)
8949,Prince of China,Kalkaji,28.54172876,77.25677937,33,116,319,Dense (20+)
302898,Punjabi Corner,Kalkaji,28.5437554,77.25065958,49,149,364,Dense (20+)
302710,Punjabi Snacks,Kalkaji,28.53519117,77.25814529,32,81,286,Dense (20+)
9998,Quality Food Point,Kalkaji,28.52588599,77.2634745,2,31,114,Dense (20+)
18317229,Radhe Shyam,Kalkaji,28.53815752,77.2594998,23,74,271,Dense (20+)
9623,Raj South Indian Food,Kalkaji,28.54165,77.25519444,38,118,330,Dense (20+)
3634,Roll Club,Kalkaji,28.54306356,77.2520322,56,151,376,Dense (20+)
7382,Shameem Kabab Corner,Kalkaji,28.54185423,77.25657452,32,116,320,Dense (20+)
1866,Shiv Dhaba,Kalkaji,28.5429843,77.2519915,56,153,376,Dense (20+)
304783,Silver Spoons,Kalkaji,28.535954,77.25765,37,93,285,Dense (20+)
302811,Takkar Dhaba,Kalkaji,28.53804707,77.26170357,17,66,248,Dense (20+)
308664,The Biryani Wallas,Kalkaji,28.537134,77.260126,22,70,265,Dense (20+)
18133506,The Tuck Shop,Kalkaji,28.53269444,77.25889722,12,78,213,Dense (20+)
305293,Uncle Xpress,Kalkaji,28.54166043,77.25539435,37,118,331,Dense (20+)
2211,Vaishno Rasoi,Kalkaji,28.5417988,77.2554673,37,120,331,Dense (20+)
9622,Vatika,Kalkaji,28.54313277,77.24925745,42,162,373,Dense (20+)
18281989,Walk To Italy,Kalkaji,28.52858425,77.2552998,26,72,206,Dense (20+)
18365855,Behrouz Biryani,Kalkaji,28.537766,77.25938,22,74,275,Dense (20+)
309737,Big Dragon,Kalkaji,28.54319403,77.25188736,54,153,376,Dense (20+)
18386707,Cafe Filter,Kalkaji,28.54270391,77.25268575,53,152,364,Dense (20+)
309338,Chowki,Kalkaji,28.54287123,77.24800486,34,142,370,Dense (20+)
18380155,Circle Cafe and Bar,Kalkaji,28.5422688,77.2528632,54,134,361,Dense (20+)
18372686,FreshMenu,Kalkaji,28.530672,77.257216,15,76,216,Dense (20+)
3610,Giani's,Kalkaji,28.542481,77.253107,48,134,362,Dense (20+)
3054,Gopal's 56,Kalkaji,28.53444508,77.25814059,20,76,276,Dense (20+)
311267,Instapizza,Kalkaji,28.54019601,77.25816473,32,93,311,Dense (20+)
307951,Just Vada Pav,Kalkaji,28.54286122,77.25293074,47,153,364,Dense (20+)
1876,Khidmat,Kalkaji,28.5417947,77.2544796,40,125,344,Dense (20+)
412,Naivedyam,Kalkaji,28.54195702,77.25427318,39,129,345,Dense (20+)
3635,New Shere Punjab Dhaba,Kalkaji,28.540697,77.2570837,35,111,314,Dense (20+)
9654,Sant Sweets,Kalkaji,28.54400044,77.25048993,50,148,368,Dense (20+)
18354973,Tikka- Way,Kalkaji,28.5417806,77.25476695,40,122,340,Dense (20+)
311014,Chocofairies,Kalkaji,28.5382626,77.2616631,17,67,248,Dense (20+)
4325,Punjabi Rasoi,Kalkaji,28.5446085,77.2510672,45,149,368,Dense (20+)
18322653,Punjabi Xpress,Kalkaji,28.54347678,77.24908177,41,162,370,Dense (20+)
9557,The Cake Factory,Kalkaji,28.54201092,77.25578561,33,120,328,Dense (20+)
9470,"34, Chowringhee Lane",Kamla Nagar,28.6809045,77.2071483,43,58,181,Dense (20+)
306491,Annapurna Restaurant,Kamla Nagar,28.6778705,77.2061353,40,60,150,Dense (20+)
640,Cafe Coffee Day,Kamla Nagar,28.6817513,77.2072484,41,59,187,Dense (20+)
305161,Chawla's Chic Inn,Kamla Nagar,28.6823671,77.197804,13,57,190,Dense (20+)
306149,Chennai Hot Cafe,Kamla Nagar,28.6820522,77.2048113,47,65,185,Dense (20+)
1197,Daawat E Mezbaan,Kamla Nagar,28.67991553,77.20841881,38,56,168,Dense (20+)
18198467,Dessert in Desert,Kamla Nagar,28.6819638,77.2066978,40,59,187,Dense (20+)
311903,Domino's Pizza,Kamla Nagar,28.67940137,77.1953759,8,34,147,Dense (20+)
18458665,Filmy Cafe & Bar,Kamla Nagar,28.6834998,77.2012178,26,73,202,Dense (20+)
6651,Firenze,Kamla Nagar,28.6839604,77.2048445,32,73,196,Dense (20+)
311076,Giani,Kamla Nagar,28.68010437,77.19552509,9,33,158,Dense (20+)
9001,Gullu's,Kamla Nagar,28.6770968,77.207839,23,54,127,Dense (20+)
8995,Manwhar,Kamla Nagar,28.6819382,77.1982887,15,57,179,Dense (20+)
7689,Mini Shop,Kamla Nagar,28.6824755,77.2064283,36,62,187,Dense (20+)
307959,Nine 75 Lounge & Bar,Kamla Nagar,28.6826214,77.20048,26,71,191,Dense (20+)
18222571,Pradhan Ji Multi Cuisine Restaurant,Kamla Nagar,28.6808616,77.2073715,43,58,180,Dense (20+)
310202,Punjabi Chaap Corner,Kamla Nagar,28.6821675,77.2050808,46,64,185,Dense (20+)
301470,Sagar Ratna,Kamla Nagar,28.6816581,77.1986842,19,64,169,Dense (20+)
5433,Shiva Coffee & South Indian Fast Food,Kamla Nagar,28.6823852,77.199757,24,68,190,Dense (20+)
18349733,The Ice Cafe,Kamla Nagar,28.6815983,77.20695868,41,59,184,Dense (20+)
18421019,Tikka Junction,Kamla Nagar,28.6780077,77.1890553,1,8,115,Moderate (6-20)
18317510,Trending Eats,Kamla Nagar,28.6798964,77.2084945,38,56,168,Dense (20+)
303104,Twenty Four Seven,Kamla Nagar,28.6786891,77.2080453,37,57,162,Dense (20+)
8991,Vikrant Cafe,Kamla Nagar,28.6799319,77.1999533,26,61,159,Dense (20+)
6662,Vishal Restaurant,Kamla Nagar,28.675602,77.2029247,8,64,103,Dense (20+)
18365889,Badri Prasad Ramesh Kumar Caterers,Kamla Nagar,28.6826461,77.2034689,39,69,188,Dense (20+)
18245268,Bistro,Kamla Nagar,28.6806976,77.2075063,43,58,179,Dense (20+)
309856,Chaudhary Sweets Corner,Kamla Nagar,28.6772166,77.1963486,4,36,105,Dense (20+)
309604,Chowringhee,Kamla Nagar,28.68100278,77.20744444,43,58,182,Dense (20+)
18332062,Cones & Curries,Kamla Nagar,28.680111,77.208375,38,56,169,Dense (20+)
6658,Darvesh Corner,Kamla Nagar,28.6787442,77.201128,25,62,153,Dense (20+)
9644,Deez Biryani & Kebabs,Kamla Nagar,28.6834998,77.2012178,26,73,202,Dense (20+)
18349974,Frozen Pan,Kamla Nagar,28.6809212,77.20738649,43,58,181,Dense (20+)
2267,Giani's,Kamla Nagar,28.67999,77.2082938,38,57,169,Dense (20+)
18377630,Havmor Ice Cream,Kamla Nagar,28.679521,77.2083148,38,56,168,Dense (20+)
18289256,Keventers,Kamla Nagar,28.6826835,77.2062459,39,63,188,Dense (20+)
300849,Manohar Bikkaneri,Kamla Nagar,28.6763014,77.2027451,10,62,106,Dense (20+)
6675,Manohar Bikkaneri,Kamla Nagar,28.6779587,77.2066539,39,59,153,Dense (20+)
18430598,Nukkadwala,Kamla Nagar,28.680957,77.208147,42,57,181,Dense (20+)
303082,Om Di Hatti,Kamla Nagar,28.6812887,77.1987024,19,62,166,Dense (20+)
309805,Rigo Noodles,Kamla Nagar,28.68121151,77.20720008,42,58,185,Dense (20+)
302972,Sethi's The Cake Shop,Kamla Nagar,28.6778732,77.206069,40,60,150,Dense (20+)
7667,Shake Square,Kamla Nagar,28.6814952,77.2074165,42,58,187,Dense (20+)
307327,Sharma Kachoriwala,Kamla Nagar,28.6822359,77.1992414,24,67,190,Dense (20+)
304461,Shawarma Wala,Kamla Nagar,28.6808854,77.2075961,43,58,181,Dense (20+)
300854,Shree Rathnam,Kamla Nagar,28.6802681,77.2030146,45,61,160,Dense (20+)
306402,Shri Bankey Bihari Brajwasi Rasgulle Wala,Kamla Nagar,28.6812987,77.2006788,25,66,173,Dense (20+)
18157402,Sid's Kitchen,Kamla Nagar,28.68162389,77.20699288,41,59,187,Dense (20+)
2272,Subway,Kamla Nagar,28.6796019,77.208225,38,56,168,Dense (20+)
18261675,Sweet Life By Henna,Kamla Nagar,28.6709291,77.1934017,1,8,96,Moderate (6-20)
18458347,The Midnight Heroes,Kamla Nagar,28.68086237,77.20392846,50,62,173,Dense (20+)
307415,Urban Hub,Kamla Nagar,28.6835489,77.2012628,26,73,202,Dense (20+)
8985,Vaishno Chat Bhandar,Kamla Nagar,28.6825417,77.2033739,39,68,188,Dense (20+)
6667,Ved Dhaba,Kamla Nagar,28.6777235,77.2054401,40,61,147,Dense (20+)
18294234,Veg Ex,Kamla Nagar,28.720838,77.173372,0,0,48,Isolated (0)
18458013,Wokin Street,Kamla Nagar,28.6801444,77.2083451,38,56,169,Dense (20+)
18218265,Yadav Namkeens & Bakers,Kamla Nagar,28.6776821,77.2051282,39,62,147,Dense (20+)
18460325,Javed Chicken Corner,Kamla Nagar,28.6766471,77.2079014,22,50,111,Dense (20+)
18458658,Kamal Chicken,Kamla Nagar,28.6689477,77.196097,2,5,97,Light (1-5)
18458655,Singh Chinese Fast Food,Kamla Nagar,28.6675893,77.1991559,1,7,101,Moderate (6-20)
4227,Chill'm Bar & Cafe,Kamla Nagar,28.6839245,77.2047215,33,75,196,Dense (20+)
5083,Chawla Di Hutti,Kapashera,28.51647834,77.07889594,2,16,58,Moderate (6-20)
302254,Sher 'A' Punjab Bhojnalya,Kapashera,28.5161533,77.0784756,2,34,59,Dense (20+)
300973,Guru Rakha,Karampura,28.66228784,77.14673806,3,72,128,Dense (20+)
307069,Shudh Vaishno Hotel,Karampura,28.66223077,77.14636557,5,73,128,Dense (20+)
305289,Kumar Samose Wala,Karampura,28.66439777,77.14383926,4,66,141,Dense (20+)
18376493,Amigo's Deli,Karkardooma,28.65678454,77.29406979,1,21,192,Dense (20+)
307989,Ananda Food Express,Karkardooma,28.65676424,77.29405772,1,21,192,Dense (20+)
310899,Green Chick Chop,Karkardooma,28.6511682,77.3054936,13,60,144,Dense (20+)
18322591,Khana Vaana,Karkardooma,28.6534064,77.3027743,16,66,150,Dense (20+)
302488,Nazeer Foods,Karkardooma,28.6515495,77.3050378,13,60,144,Dense (20+)
3173,Pind Balluchi,Karkardooma,28.649656,77.3047359,14,29,145,Dense (20+)
313413,Rumours,Karkardooma,28.6475149,77.3024918,10,43,184,Dense (20+)
307818,Spice Grill,Karkardooma,28.6520694,77.3070793,8,61,148,Dense (20+)
310332,Utopia,Karkardooma,28.6486474,77.303195,12,43,163,Dense (20+)
2295,Aroma Rest O Bar,Karkardooma,28.6484654,77.302196,12,44,171,Dense (20+)
18361742,Cafe Shloka,Karkardooma,28.6537039,77.3090365,8,59,127,Dense (20+)
303578,Chawla's Tandoori Junction,Karkardooma,28.6479181,77.3031754,12,42,171,Dense (20+)
18429394,Desi Villa,Karkardooma,28.6601143,77.304534,40,56,123,Dense (20+)
6705,Kanwarji's,Karkardooma,28.6509065,77.3051329,14,55,145,Dense (20+)
18250020,Palomino,Karkardooma,28.6528252,77.3079592,7,61,144,Dense (20+)
18235498,Raasa The Luxuriate Fine Dine,Karkardooma,28.654069,77.3094489,5,65,126,Dense (20+)
300910,Shiv Tikki Wala,Karkardooma,28.6492275,77.3023084,13,46,162,Dense (20+)
18317477,The Barbeque Company,Karkardooma,28.6461321,77.3011095,12,46,201,Dense (20+)
308638,The Wrap Factory,Karkardooma,28.6594593,77.3062599,40,57,119,Dense (20+)
1270,Urban Punjab,Karkardooma,28.6480355,77.3029072,12,42,172,Dense (20+)
18268715,Classic,Karkardooma,28.6484283,77.3023672,12,43,169,Dense (20+)
312518,Goosebumps,Karkardooma,28.6467421,77.3020809,9,37,194,Dense (20+)
304028,Adyar Ananda Bhavan,Karol Bagh,28.646476,77.1952884,13,61,210,Dense (20+)
7422,Amma Mess,Karol Bagh,28.6470539,77.1919642,37,87,229,Dense (20+)
306096,Amritsari Chaap Corner,Karol Bagh,28.65456149,77.18920413,8,45,179,Dense (20+)
7450,Aroma Spice,Karol Bagh,28.64779259,77.18937848,46,95,211,Dense (20+)
306106,Boheme Cafe Bar,Karol Bagh,28.6458903,77.1872922,48,103,210,Dense (20+)
303963,Cafe Coffee Day,Karol Bagh,28.64590801,77.1968947,5,55,210,Dense (20+)
18124379,Chinese King,Karol Bagh,28.6457369,77.1875617,49,102,210,Dense (20+)
310758,Chopsuey,Karol Bagh,28.6576903,77.1889094,8,21,143,Dense (20+)
309606,Chowringhee,Karol Bagh,28.6458068,77.1868879,49,101,208,Dense (20+)
2408,Crossroad Bar and Restaurant,Karol Bagh,28.6448625,77.1899106,47,92,210,Dense (20+)
309560,Domino's Pizza,Karol Bagh,28.65824145,77.19380312,2,24,94,Dense (20+)
306405,Giani's,Karol Bagh,28.6467961,77.1892688,46,96,212,Dense (20+)
5529,Giani,Karol Bagh,28.65432847,77.19036754,14,49,169,Dense (20+)
9459,Gulnar Bar Be Que,Karol Bagh,28.6455636,77.1838779,27,150,209,Dense (20+)
300359,Kwality Bengali Sweets,Karol Bagh,28.65947151,77.20330585,5,12,95,Moderate (6-20)
18128869,Little Chef,Karol Bagh,28.64356644,77.18858656,58,113,208,Dense (20+)
9011,M J Dosa Corner,Karol Bagh,28.6457749,77.1870226,49,103,208,Dense (20+)
5507,Moolchand's,Karol Bagh,28.65203681,77.19397243,18,53,158,Dense (20+)
303704,New Angaar Hyderabadi,Karol Bagh,28.64837929,77.18398858,14,106,210,Dense (20+)
1924,New Frontier Hotel,Karol Bagh,28.649189,77.1912316,32,71,215,Dense (20+)
300257,Oberoi Biryani,Karol Bagh,28.64568939,77.19076987,44,97,218,Dense (20+)
7534,Om Ji Om,Karol Bagh,28.65377446,77.19484482,13,49,131,Dense (20+)
1925,Om Saravana Bhavan,Karol Bagh,28.6464708,77.1877414,48,101,210,Dense (20+)
311719,Pindi Meat,Karol Bagh,28.6494371,77.1962767,14,60,198,Dense (20+)
1926,Punjab Sweet Corner,Karol Bagh,28.6462267,77.1894036,46,97,212,Dense (20+)
306392,R1 Lounge,Karol Bagh,28.64555639,77.18532767,43,128,208,Dense (20+)
306338,R1 Take Away,Karol Bagh,28.64546136,77.18557075,44,127,208,Dense (20+)
1905,Raffles,Karol Bagh,28.6478036,77.1904368,37,92,209,Dense (20+)
300350,Raj Sweets,Karol Bagh,28.65795725,77.20225945,6,12,97,Moderate (6-20)
7424,Ramas Cafe,Karol Bagh,28.6473123,77.1919134,34,85,227,Dense (20+)
1906,Sandoz,Karol Bagh,28.6484406,77.1924134,30,69,227,Dense (20+)
1908,Sandoz,Karol Bagh,28.65404367,77.19053082,15,52,171,Dense (20+)
1618,Shudh,Karol Bagh,28.645475,77.190378,47,93,212,Dense (20+)
309064,Southy,Karol Bagh,28.6434385,77.1888196,56,109,208,Dense (20+)
1931,Spicy by Nature,Karol Bagh,28.64772433,77.18850777,43,95,212,Dense (20+)
18277018,Spicy N Karara,Karol Bagh,28.6467961,77.1892688,46,96,212,Dense (20+)
18425764,Spooky Sky,Karol Bagh,28.64966566,77.19650377,11,52,190,Dense (20+)
1933,Sri Krishna Udupi,Karol Bagh,28.6471494,77.1882805,47,100,211,Dense (20+)
2411,Tempting Restaurant,Karol Bagh,28.6470942,77.1886399,47,96,212,Dense (20+)
18377922,The Smokin' Grill by The Flashback,Karol Bagh,28.64335635,77.18888596,56,109,208,Dense (20+)
18138437,Three Tuns,Karol Bagh,28.6488288,77.19822,4,46,180,Dense (20+)
4655,Wah Ji Wah,Karol Bagh,28.65432818,77.19013385,14,49,170,Dense (20+)
18289258,Wow! Momo,Karol Bagh,28.6504028,77.1923236,28,70,211,Dense (20+)
18198463,Wrap & Roll,Karol Bagh,28.6436297,77.18873441,59,108,208,Dense (20+)
300347,Anjlika Pastry Shop,Karol Bagh,28.6478036,77.1904368,37,92,209,Dense (20+)
300661,Changezi Chicken,Karol Bagh,28.65492631,77.20037386,4,24,133,Dense (20+)
18349796,Chargrill Resto Bar,Karol Bagh,28.64902483,77.18920581,31,84,210,Dense (20+)
306643,Chowringhee,Karol Bagh,28.64350406,77.19041716,40,89,217,Dense (20+)
305758,Glenz Cafe N Bakers,Karol Bagh,28.6471752,77.18855,47,96,212,Dense (20+)
18240475,Happy2Bake,Karol Bagh,28.64575501,77.18687464,51,99,208,Dense (20+)
18238241,Nazeer Foods,Karol Bagh,28.6521871,77.1941204,18,51,145,Dense (20+)
306071,Pakode Ki Dukaan,Karol Bagh,28.65306658,77.19434593,14,49,142,Dense (20+)
8864,Peshawari Chicken Corner,Karol Bagh,28.65448764,77.19039503,14,45,167,Dense (20+)
9643,Prem Dhaba,Karol Bagh,28.65494308,77.20031988,4,25,131,Dense (20+)
9016,Ravi Raj Di Kulfi,Karol Bagh,28.649659,77.1901673,30,73,209,Dense (20+)
300594,Shawarma King's,Karol Bagh,28.64337636,77.18897313,56,106,208,Dense (20+)
8872,Shri Rama Restaurant,Karol Bagh,28.65951887,77.18914345,2,14,93,Moderate (6-20)
2407,Sri Balaji,Karol Bagh,28.6455898,77.1907064,44,95,218,Dense (20+)
7526,Standard Burfee,Karol Bagh,28.6507302,77.1928736,25,68,209,Dense (20+)
306403,Subway,Karol Bagh,28.6467961,77.1892688,46,96,212,Dense (20+)
1301,Suruchi,Karol Bagh,28.647073,77.188527,47,98,212,Dense (20+)
1904,Tera Hotel,Karol Bagh,28.6491762,77.1911718,31,73,214,Dense (20+)
18322672,The Diet Kitchen,Karol Bagh,28.65337815,77.19195507,16,54,152,Dense (20+)
5560,The Spot,Karol Bagh,28.65317426,77.191827,16,54,174,Dense (20+)
307332,Wrapss,Karol Bagh,28.6435122,77.1905267,40,88,217,Dense (20+)
311755,Wrapss,Karol Bagh,28.64338136,77.18890373,56,108,208,Dense (20+)
18396684,Al Naseem Foods Shawarma,Karol Bagh,28.66,77.2,4,11,76,Moderate (6-20)
18453049,Ganpati Bhoj,Karol Bagh,28.66188863,77.20509924,4,11,88,Moderate (6-20)
312000,Pandit Dhaba,Karol Bagh,28.6585277,77.2032841,7,12,103,Moderate (6-20)
18203154,Red Chili Potato,Karol Bagh,28.65867981,77.2027979,7,12,92,Moderate (6-20)
305360,Cafe Coffee Day,Karol Bagh,28.64438885,77.18823351,54,108,208,Dense (20+)
1923,Jade Garden,Karol Bagh,28.64877767,77.18952768,31,85,211,Dense (20+)
8933,Art of Spices,Karol Bagh,28.64349552,77.19061162,40,88,218,Dense (20+)
312003,Sindhi Corner,Karol Bagh,28.65467653,77.19055898,13,44,168,Dense (20+)
18446504,The Feast House,Karol Bagh,28.64370267,77.18803234,62,119,208,Dense (20+)
3541,Zaffran,"Kasbah, Greater Kailash (GK) 1",28.556869,77.2329263,13,65,344,Dense (20+)
189,McDonald's,Kashmiri Gate,28.6676442,77.2293337,0,8,79,Moderate (6-20)
18322651,Captain Grub,Khan Market,28.5997542,77.2263032,45,68,135,Dense (20+)
5586,M:Eat by Blanco,Khan Market,28.6005258,77.2273577,45,62,127,Dense (20+)
303574,Omazoni,Khan Market,28.6004185,77.2252919,45,69,126,Dense (20+)
304628,Prabhu Chaat Bhandar,Khan Market,28.6095619,77.2276721,10,32,127,Dense (20+)
4624,Sugar & Spice - Le Marche,Khan Market,28.6003209,77.2270883,45,69,128,Dense (20+)
1614,Big Chill,Khan Market,28.6006239,77.2274475,45,64,128,Dense (20+)
8244,Big Chill,Khan Market,28.6005429,77.2275373,45,63,127,Dense (20+)
3406,Amici Cafe,Khan Market,28.6008757,77.2272679,45,63,126,Dense (20+)
309576,Azam's Mughlai,Khan Market,28.5999361,77.2260623,45,68,132,Dense (20+)
4741,Boombox Cafe,Khan Market,28.5999579,77.2261003,45,68,132,Dense (20+)
310674,Cafe Illuminatii,Khan Market,28.5999453,77.2269086,45,69,134,Dense (20+)
1901,Cafe Turtle,Khan Market,28.600052,77.2270883,45,69,133,Dense (20+)
813,China Fare,Khan Market,28.5999935,77.2276954,45,63,131,Dense (20+)
304989,Chokola,Khan Market,28.5997809,77.2265943,45,68,134,Dense (20+)
300642,Cravings By Arshi Dhupia,Khan Market,28.6025572,77.2279864,51,65,112,Dense (20+)
307284,Harry's Bar + Cafe,Khan Market,28.6001414,77.2267949,45,69,132,Dense (20+)
844,Khan Chacha,Khan Market,28.6007455,77.2273128,45,63,127,Dense (20+)
308337,La Bodega,Khan Market,28.6003637,77.2275373,45,63,128,Dense (20+)
307822,La Vie,Khan Market,28.6007115,77.227379,45,64,127,Dense (20+)
3425,Latitude 28,Khan Market,28.5996365,77.2264353,45,68,134,Dense (20+)
6271,Laziz Kabab (Subhash Restaurant),Khan Market,28.6006577,77.2259206,45,70,125,Dense (20+)
312710,Mr. Choy,Khan Market,28.5997575,77.2268188,45,68,134,Dense (20+)
18255125,Public Affair,Khan Market,28.5997809,77.2265943,45,68,134,Dense (20+)
18285728,Qureshi Kabab,Khan Market,28.602474,77.2280043,51,65,113,Dense (20+)
305686,Side Wok,Khan Market,28.5999538,77.2269984,45,69,134,Dense (20+)
154,Subway,Khan Market,28.5998597,77.2260104,45,68,132,Dense (20+)
18361747,t Lounge by Dilmah,Khan Market,28.6010869,77.2271332,45,65,126,Dense (20+)
9618,The Blue Door Cafe,Khan Market,28.5999548,77.2269577,45,69,134,Dense (20+)
307370,The Coffee Bean & Tea Leaf,Khan Market,28.6000435,77.2269984,45,69,133,Dense (20+)
307802,Town Hall,Khan Market,28.6000351,77.2270521,45,69,133,Dense (20+)
307799,Wok  In The Clouds,Khan Market,28.6005429,77.2275373,45,63,127,Dense (20+)
18486842,Cafe Coffee Day,Khan Market,28.6002736,77.2273075,45,62,129,Dense (20+)
18419910,Civil House,Khan Market,28.6002569,77.2273577,45,62,129,Dense (20+)
4296,L'Opera,Khan Market,28.5997872,77.2261901,45,68,135,Dense (20+)
2632,Mamagoto,Khan Market,28.6005429,77.2275373,45,63,127,Dense (20+)
7227,Out Of The Box,Khan Market,28.5998768,77.2261901,45,68,135,Dense (20+)
18221038,Parallel,Khan Market,28.5997318,77.2265493,45,68,134,Dense (20+)
313299,Perch Wine & Coffee Bar,Khan Market,28.5998768,77.2261901,45,68,135,Dense (20+)
300656,Smoke House Deli,Khan Market,28.6000435,77.2269984,45,69,133,Dense (20+)
313207,Smokey's BBQ and Grill,Khan Market,28.6007136,77.2274475,45,64,127,Dense (20+)
309788,SodaBottleOpenerWala,Khan Market,28.6000106,77.2262463,45,69,134,Dense (20+)
18082237,The Artful Baker,Khan Market,28.5997404,77.2266392,45,68,134,Dense (20+)
311531,The Big Chill Cakery,Khan Market,28.5998374,77.2257861,45,67,132,Dense (20+)
18273615,The Chatter House,Khan Market,28.6001416,77.2270883,45,69,131,Dense (20+)
17953908,Amaze Dining,Kirti Nagar,28.6501384,77.1438291,6,80,115,Dense (20+)
305722,Amritsari Naan & Kulcha,Kirti Nagar,28.6461556,77.1391671,1,32,201,Dense (20+)
18430600,Bangla Sweets,Kirti Nagar,28.6550605,77.1380354,40,102,200,Dense (20+)
18441800,Bj's Lounge & Cafe,Kirti Nagar,28.655071,77.136989,30,102,219,Dense (20+)
18337965,BTW,Kirti Nagar,28.6542971,77.1371133,30,101,218,Dense (20+)
300452,Cabana's Kabab & Curry's,Kirti Nagar,28.653603,77.1466722,31,85,118,Dense (20+)
5590,Cafe Coffee Day,Kirti Nagar,28.6543213,77.1358371,23,80,229,Dense (20+)
18070502,Chaap Point,Kirti Nagar,28.6491551,77.1316231,19,44,268,Dense (20+)
312098,Chicken Chilli Corner,Kirti Nagar,28.6489905,77.130681,19,50,270,Dense (20+)
303635,Chinese Dragon,Kirti Nagar,28.6560415,77.1406718,51,90,160,Dense (20+)
302456,Copper Restro Bar,Kirti Nagar,28.6529002,77.1423902,20,89,122,Dense (20+)
9549,Corner Sweets,Kirti Nagar,28.6493759,77.1330407,20,43,245,Dense (20+)
306488,D'Casa,Kirti Nagar,28.6554914,77.1379553,41,96,201,Dense (20+)
302142,Delhi 15,Kirti Nagar,28.6556035,77.1407751,53,89,159,Dense (20+)
18350118,Dialogue Lounge & Cafí©,Kirti Nagar,28.6545957,77.1373231,33,105,212,Dense (20+)
7396,Domino's Pizza,Kirti Nagar,28.6546527,77.1374776,32,104,212,Dense (20+)
18435836,Flavours From Heaven,Kirti Nagar,28.6541881,77.136123,25,80,228,Dense (20+)
18277180,Flavours Of Biryani,Kirti Nagar,28.6474775,77.1312221,14,40,258,Dense (20+)
18366018,Flirty Momo's,Kirti Nagar,28.6489945,77.1306854,19,49,270,Dense (20+)
308555,Gedi Grill,Kirti Nagar,28.65784633,77.14861963,26,74,112,Dense (20+)
306662,Green Chick Chop,Kirti Nagar,28.6497956,77.1321064,21,45,261,Dense (20+)
310253,Indian Bites,Kirti Nagar,28.6563972,77.1501141,27,61,103,Dense (20+)
5664,Karan's Vaishno Dhaba,Kirti Nagar,28.6489052,77.1311592,19,43,271,Dense (20+)
18460329,Le Swaadik,Kirti Nagar,28.648918,77.1313623,19,43,267,Dense (20+)
18360284,Let's Meet Up,Kirti Nagar,28.64679749,77.14399081,3,11,131,Moderate (6-20)
9552,Madan's Kabab Centre,Kirti Nagar,28.648963,77.1312308,19,44,272,Dense (20+)
308156,Midnight Fries,Kirti Nagar,28.6521954,77.1438903,8,88,118,Dense (20+)
308189,Moradabadi Biryani,Kirti Nagar,28.6489773,77.1306799,19,50,270,Dense (20+)
300448,Namdhari's Icecream & Bakers,Kirti Nagar,28.6522005,77.1300673,18,53,280,Dense (20+)
311944,Pahariya Chicken Corner,Kirti Nagar,28.6484901,77.1302026,19,61,268,Dense (20+)
9550,Pahariya Chicken,Kirti Nagar,28.6489962,77.1306672,19,50,270,Dense (20+)
18198179,Pappi Machhi Wala,Kirti Nagar,28.6522777,77.1299154,18,52,282,Dense (20+)
7400,Pizza Hut Delivery,Kirti Nagar,28.6546474,77.1374915,32,104,212,Dense (20+)
309289,Polka Cakes & Coffee,Kirti Nagar,28.650206,77.1366651,10,65,197,Dense (20+)
18365872,Punjabi Joint,Kirti Nagar,28.6553478,77.1422056,70,91,153,Dense (20+)
9050,Rain Tree Grill,Kirti Nagar,28.655369,77.1384066,47,95,189,Dense (20+)
18366011,Resunga Food Corner,Kirti Nagar,28.6494447,77.1317062,20,44,266,Dense (20+)
305720,Shri Ram Poori Wale,Kirti Nagar,28.6570621,77.1407866,49,90,164,Dense (20+)
4036,Supa's Restaurant,Kirti Nagar,28.6506233,77.142172,5,85,120,Dense (20+)
5658,Swad Fast Food,Kirti Nagar,28.65249167,77.13043333,18,49,284,Dense (20+)
5659,Syall Kotian Da Dhaba,Kirti Nagar,28.6489309,77.1313127,19,43,269,Dense (20+)
18265677,The Krib,Kirti Nagar,28.6557286,77.1384406,49,92,185,Dense (20+)
309998,Turtle Bay,Kirti Nagar,28.6543517,77.1362569,27,80,227,Dense (20+)
18201995,Yakooz,Kirti Nagar,28.6489739,77.130674,19,50,270,Dense (20+)
306245,Above & Beyond,Kirti Nagar,28.6546314,77.1375537,33,104,211,Dense (20+)
306168,Bawa Chicken,Kirti Nagar,28.6552663,77.1428519,63,91,149,Dense (20+)
18365996,Chatore,Kirti Nagar,28.6521899,77.1438814,8,88,118,Dense (20+)
303350,Clay 1 Grill,Kirti Nagar,28.6555949,77.1394952,51,91,174,Dense (20+)
18378056,Firangi Island,Kirti Nagar,28.6575383,77.1519824,5,44,98,Dense (20+)
9513,Jeet Chaat Bhandar,Kirti Nagar,28.6518949,77.129287,18,57,282,Dense (20+)
18303704,Mr. Grill,Kirti Nagar,28.6554434,77.1374755,36,102,216,Dense (20+)
308111,Tikka Junction,Kirti Nagar,28.6559956,77.1409427,50,90,160,Dense (20+)
312922,Momos Hut & Chinese Food,Kirti Nagar,28.6503488,77.1367382,11,67,198,Dense (20+)
3918,Wah Ji Wah,Kirti Nagar,28.6517775,77.1284425,18,65,283,Dense (20+)
308784,Yo! China,Kirti Nagar,28.6568197,77.1466423,38,86,131,Dense (20+)
2316,Aapki Apni Rasoi,Krishna Nagar,28.661112,77.2862616,26,52,167,Dense (20+)
2315,Aapki Rasoi,Krishna Nagar,28.6611167,77.2861883,28,53,165,Dense (20+)
301208,Apni Rasoi,Krishna Nagar,28.66551167,77.284295,0,42,151,Dense (20+)
18258507,Bharat Chicken Inn Foods,Krishna Nagar,28.65854624,77.27581099,31,91,103,Dense (20+)
313091,Bobby Veg Corner,Krishna Nagar,28.57606,77.24231,59,111,252,Dense (20+)
313381,Brunch Point,Krishna Nagar,28.65905,77.2821,46,85,120,Dense (20+)
301201,Bunty Dhaba,Krishna Nagar,28.6590466,77.273111,19,80,101,Dense (20+)
309496,Chandni Chowk Ka Sonu Parathe Wala,Krishna Nagar,28.658652,77.2722581,20,68,101,Dense (20+)
2297,Chankya,Krishna Nagar,28.6593514,77.2815054,44,85,116,Dense (20+)
305003,Chaudhary Di Hatti,Krishna Nagar,28.6602651,77.2814976,39,81,122,Dense (20+)
306310,Cook Du Kdu,Krishna Nagar,28.65986279,77.2882675,15,51,183,Dense (20+)
18332058,Daawat Restaurant,Krishna Nagar,28.65981866,77.280646,42,84,115,Dense (20+)
312747,Domino's Pizza,Krishna Nagar,28.6522731,77.2778171,21,88,163,Dense (20+)
6128,Domino's Pizza,Krishna Nagar,28.66104399,77.2788164,32,80,118,Dense (20+)
304994,F 2 Pastry Shop,Krishna Nagar,28.6602119,77.2812826,38,81,121,Dense (20+)
313132,Food Villa,Krishna Nagar,28.65951181,77.27833997,39,89,105,Dense (20+)
18423095,Goosebumps,Krishna Nagar,28.6523602,77.2779662,22,91,164,Dense (20+)
18378024,Gulab,Krishna Nagar,28.6592567,77.2836334,43,73,129,Dense (20+)
313508,Health Buzzz,Krishna Nagar,28.65975,77.285347,31,58,142,Dense (20+)
301213,Jain Dhaba,Krishna Nagar,28.6589025,77.2723274,20,66,101,Dense (20+)
8293,Jeeta Kulfi Walle,Krishna Nagar,28.6596933,77.279894,39,85,113,Dense (20+)
309495,Kamal Meat House,Krishna Nagar,28.6577411,77.2725723,24,75,101,Dense (20+)
305565,Katyani Rasoi,Krishna Nagar,28.652309,77.2767835,21,81,155,Dense (20+)
309489,Magic Masala,Krishna Nagar,28.6593873,77.2819196,45,85,121,Dense (20+)
3772,Masala Magic,Krishna Nagar,28.6592597,77.2815369,45,85,117,Dense (20+)
301204,Mother Sweets,Krishna Nagar,28.6579219,77.2843782,43,72,129,Dense (20+)
18421495,Panj Taara,Krishna Nagar,28.6573761,77.2805179,48,94,112,Dense (20+)
306656,Prince Fried N Grilled Chicken,Krishna Nagar,28.652892,77.2776449,23,93,154,Dense (20+)
18126085,Punjabi's Veg Grill,Krishna Nagar,28.6598057,77.2829867,44,75,131,Dense (20+)
308942,Raja Chat Corner,Krishna Nagar,28.6592244,77.2836092,43,74,129,Dense (20+)
309254,Rajshree,Krishna Nagar,28.6573846,77.2806076,48,94,112,Dense (20+)
301417,Sachdeva Chicken Corner,Krishna Nagar,28.6583725,77.2750291,28,89,103,Dense (20+)
301203,Shree Rathnam,Krishna Nagar,28.6602389,77.2814156,39,81,121,Dense (20+)
18014143,Sialkot,Krishna Nagar,28.6515992,77.2781836,21,79,177,Dense (20+)
309793,Singh-O-Singh Kebabs,Krishna Nagar,28.65563419,77.28203908,34,90,139,Dense (20+)
6131,Super Snacks,Krishna Nagar,28.6595627,77.2794854,38,85,109,Dense (20+)
309498,Tandoori Night,Krishna Nagar,28.6588784,77.27633871,31,93,105,Dense (20+)
1274,The Chaupal Bar And Restaurant,Krishna Nagar,28.6598889,77.2833907,42,69,132,Dense (20+)
309481,The Roll Hut,Krishna Nagar,28.6580718,77.2738859,26,86,103,Dense (20+)
301207,Triveni,Krishna Nagar,28.6565918,77.2731712,27,75,104,Dense (20+)
18409201,Gokul Foods,Krishna Nagar,28.6519405,77.2780041,21,85,170,Dense (20+)
308938,Papa Pizza,Krishna Nagar,28.6575847,77.2855453,39,67,158,Dense (20+)
18282453,Aalishaan,Krishna Nagar,28.65124712,77.28353441,7,59,224,Dense (20+)
18421474,Bhatia Chinese Food,Krishna Nagar,28.6551369,77.2821467,28,88,149,Dense (20+)
18377904,Break Fast Junction,Krishna Nagar,28.65558682,77.28215106,31,90,145,Dense (20+)
18421482,Breakfast Hut,Krishna Nagar,28.6555214,77.2822453,31,90,145,Dense (20+)
18433869,Buddy 's. Pizza,Krishna Nagar,28.660629,77.2825524,38,69,134,Dense (20+)
18376495,Chai Garam,Krishna Nagar,28.65748122,77.28349753,43,81,129,Dense (20+)
309483,Deepu Fish & Chicken,Krishna Nagar,28.6588582,77.2762894,31,92,105,Dense (20+)
18323446,Dial A Cake,Krishna Nagar,28.65655592,77.28099915,45,92,120,Dense (20+)
18423892,Fuel Diet Cafe,Krishna Nagar,28.6576075,77.2842188,43,74,130,Dense (20+)
18432000,GO CHATZ With Breadz,Krishna Nagar,28.6590094,77.2808326,47,89,110,Dense (20+)
18261956,Goldy Chat Bhandar,Krishna Nagar,28.66,77.28,37,83,115,Dense (20+)
18378017,Green Chick Chop,Krishna Nagar,28.65948063,77.27822732,37,89,105,Dense (20+)
18126099,Hungry Heights,Krishna Nagar,28.6602512,77.2815094,39,81,122,Dense (20+)
18423101,Kebabish,Krishna Nagar,28.6525016,77.2777796,22,92,159,Dense (20+)
18376513,Khalsa Dhaba,Krishna Nagar,28.6590094,77.2730949,19,80,101,Dense (20+)
18432218,Khanna's Hot Pizza,Krishna Nagar,28.6597564,77.2829523,44,76,131,Dense (20+)
18255168,Lets Eat Veg,Krishna Nagar,28.6594361,77.2820172,45,85,122,Dense (20+)
18222598,Murliwala Bakers,Krishna Nagar,28.651044,77.285269,2,47,234,Dense (20+)
18431979,Panjabi Chic-Shoppe,Krishna Nagar,28.65997,77.2833009,41,70,133,Dense (20+)
313225,Raj Petha Bhandar,Krishna Nagar,28.660019,77.2833458,39,68,133,Dense (20+)
18423103,Ramlal Sweets,Krishna Nagar,28.6530845,77.2777667,26,93,146,Dense (20+)
308940,Sanjha Chula Baba Da,Krishna Nagar,28.6600095,77.2832005,41,72,133,Dense (20+)
18433871,Sri Krishna,Krishna Nagar,28.659873,77.2831828,44,73,132,Dense (20+)
308928,Sugandh Corner,Krishna Nagar,28.65814167,77.28492778,41,71,129,Dense (20+)
18458342,The Muffin Girl,Krishna Nagar,28.6578175,77.28106979,46,91,111,Dense (20+)
18382338,Rainbows,Lado Sarai,28.523803,77.195496,9,35,138,Dense (20+)
17977751,The Nest,Lado Sarai,28.5291758,77.1939597,11,28,181,Dense (20+)
18382373,Burger Head Quarter BHQ,Lado Sarai,28.5278024,77.1922337,15,28,150,Dense (20+)
18415370,Mr. Billiken,Lado Sarai,28.5278927,77.1941204,14,27,164,Dense (20+)
18472689,Naya Adda,Lado Sarai,28.5280987,77.1918882,13,28,151,Dense (20+)
18385727,OCD - Online Cake Delivery,Lado Sarai,28.5231188,77.1954089,6,35,137,Dense (20+)
18414508,Puja Sandwich House,Lado Sarai,28.5231802,77.1954681,6,35,138,Dense (20+)
9571,Ambersari Dhaba,Lajpat Nagar 1,28.57857977,77.23905969,55,108,262,Dense (20+)
313491,Arabian Knites,Lajpat Nagar 1,28.57548265,77.24256869,54,110,255,Dense (20+)
18260714,Aryan's Rajasthani Pyaz Ki Kachori,Lajpat Nagar 1,28.58,77.24,43,106,257,Dense (20+)
310344,Aviram's Chinese Kitchen,Lajpat Nagar 1,28.57509517,77.2428349,39,112,254,Dense (20+)
9875,Bhagwan Sweets,Lajpat Nagar 1,28.57557569,77.24261798,53,110,254,Dense (20+)
18396161,Chawla,Lajpat Nagar 1,28.57518762,77.24215731,54,108,254,Dense (20+)
9572,Chinese Hut,Lajpat Nagar 1,28.57850528,77.24129397,57,111,249,Dense (20+)
18371289,Flavourz,Lajpat Nagar 1,28.578557,77.242238,55,115,244,Dense (20+)
18356840,Lets Bake Love,Lajpat Nagar 1,28.573524,77.240304,45,130,275,Dense (20+)
303784,Mahadev Dhaba,Lajpat Nagar 1,28.57534897,77.24246509,53,110,255,Dense (20+)
9906,Sethi's Food Corner,Lajpat Nagar 1,28.57523591,77.24189311,57,107,255,Dense (20+)
305581,Sethi's Restaurant,Lajpat Nagar 1,28.57749657,77.24015605,61,111,255,Dense (20+)
9588,Sindhi Kulfi,Lajpat Nagar 1,28.56557384,77.24651657,8,43,315,Dense (20+)
312798,Sri Kamakshi Vilas,Lajpat Nagar 1,28.57573998,77.24151291,61,110,254,Dense (20+)
18361738,The Midnight Hub - C,Lajpat Nagar 1,28.57453,77.245041,20,113,238,Dense (20+)
9579,Anand Ji,Lajpat Nagar 1,28.57535368,77.24148139,59,106,254,Dense (20+)
309816,Happy Hakka,Lajpat Nagar 1,28.57443534,77.23999545,64,134,275,Dense (20+)
307283,Oberoi's,Lajpat Nagar 1,28.57748273,77.23870397,59,152,267,Dense (20+)
311150,Relax Restaurant,Lajpat Nagar 1,28.57326317,77.24144083,43,92,247,Dense (20+)
18294237,Al-Rihan,Lajpat Nagar 1,28.57591488,77.24159539,59,110,253,Dense (20+)
18455557,All Day 99,Lajpat Nagar 1,28.575746,77.2377796,54,138,290,Dense (20+)
18425773,Anna Dosa,Lajpat Nagar 1,28.5752885,77.2415063,58,106,254,Dense (20+)
310358,Chick Chicken House,Lajpat Nagar 1,28.57287833,77.23935641,36,138,292,Dense (20+)
18425161,Chicken King,Lajpat Nagar 1,28.5786022,77.2410469,57,111,252,Dense (20+)
308704,Choco Kraft,Lajpat Nagar 1,28.57783516,77.23900907,59,143,262,Dense (20+)
18025089,FNV,Lajpat Nagar 1,28.57852765,77.23922364,56,106,261,Dense (20+)
18264993,Food En Vouge,Lajpat Nagar 1,28.5786572,77.23921526,55,107,262,Dense (20+)
18429151,Food Junction,Lajpat Nagar 1,28.5690147,77.2533595,3,17,269,Moderate (6-20)
18429161,Gian Ji Punjabi Dhaba,Lajpat Nagar 1,28.569441,77.2529469,3,21,250,Dense (20+)
18425781,Govinda,Lajpat Nagar 1,28.5751889,77.2430561,37,112,253,Dense (20+)
18446391,Intermission,Lajpat Nagar 1,28.57748273,77.23870397,59,152,267,Dense (20+)
18481310,Karma Cafe & Lounge,Lajpat Nagar 1,28.5753454,77.2393918,62,138,269,Dense (20+)
18425777,Lotes Bakes,Lajpat Nagar 1,28.5753441,77.2427407,45,110,253,Dense (20+)
18429157,New Anna Ka Dosa,Lajpat Nagar 1,28.5694893,77.2529979,3,21,249,Dense (20+)
18265712,New Sethi's,Lajpat Nagar 1,28.57387443,77.24355239,28,102,243,Dense (20+)
9599,Punjab Sweets,Lajpat Nagar 1,28.57857859,77.24115785,57,111,251,Dense (20+)
18425148,Shri Ram Dhaba,Lajpat Nagar 1,28.5755255,77.2423223,59,110,256,Dense (20+)
18265724,Standard Punjabi Food,Lajpat Nagar 1,28.57324197,77.24150252,42,92,246,Dense (20+)
18424905,Taste of Spice,Lajpat Nagar 1,28.5783107,77.2413122,57,112,245,Dense (20+)
7856,Aggarwal Sweet Corner,Lajpat Nagar 2,28.5690093,77.2437034,17,56,284,Dense (20+)
18365894,Behrouz Biryani,Lajpat Nagar 2,28.569244,77.2433442,20,59,288,Dense (20+)
18441523,Biryani Blues,Lajpat Nagar 2,28.5668537,77.2464874,11,47,311,Dense (20+)
18400728,Burger King,Lajpat Nagar 2,28.5693419,77.2430012,19,60,290,Dense (20+)
310345,Domino's Pizza,Lajpat Nagar 2,28.5701061,77.241099,23,85,306,Dense (20+)
9596,Gopal (Sindhi) Restaurant,Lajpat Nagar 2,28.5659744,77.246667,9,43,315,Dense (20+)
302577,Kabul Delhi,Lajpat Nagar 2,28.5702514,77.2445117,18,67,284,Dense (20+)
18334458,Khan Chacha,Lajpat Nagar 2,28.5701061,77.241099,23,85,306,Dense (20+)
4847,Pizza Hut Delivery,Lajpat Nagar 2,28.5674166,77.2466986,12,50,311,Dense (20+)
2601,Punjabi Jaika,Lajpat Nagar 2,28.5716356,77.2380758,20,139,300,Dense (20+)
3490,Rozy Restaurant,Lajpat Nagar 2,28.5694702,77.2428952,20,65,291,Dense (20+)
18349930,Taj Cafe,Lajpat Nagar 2,28.5693849,77.243883,20,56,285,Dense (20+)
7735,Tewari Sweets,Lajpat Nagar 2,28.5666488,77.2462179,12,47,310,Dense (20+)
301239,The Burger Hut & Cake Shop,Lajpat Nagar 2,28.571408,77.24065,37,92,292,Dense (20+)
7861,Angel's Basket,Lajpat Nagar 2,28.5714391,77.2403585,37,111,290,Dense (20+)
491,Bikanervala,Lajpat Nagar 2,28.5710749,77.2390334,22,133,300,Dense (20+)
553,Haldiram's,Lajpat Nagar 2,28.5650991,77.2384048,3,42,349,Dense (20+)
18426285,Moon of Taj,Lajpat Nagar 2,28.5702313,77.2430159,20,81,289,Dense (20+)
18345810,Tongue Thai'd,Lajpat Nagar 2,28.5710548,77.2393235,24,134,302,Dense (20+)
7906,Udupi Sai Sarover,Lajpat Nagar 2,28.5703451,77.2398417,23,109,307,Dense (20+)
311593,Wagh Bakri Tea Lounge,Lajpat Nagar 2,28.5711817,77.2392131,23,135,297,Dense (20+)
18466740,K2 Multi Cuisine Restaurant,Lajpat Nagar 2,28.5717193,77.2373271,20,137,314,Dense (20+)
1533,Tibet Kitchen,Lajpat Nagar 4,28.5638657,77.2452301,8,44,348,Dense (20+)
9529,Baba Nagpal Corner,Lajpat Nagar 4,28.5637888,77.24065,3,48,348,Dense (20+)
311466,Burger Street,Lawrence Road,28.6920346,77.158043,11,66,174,Dense (20+)
5358,Dilli Zaika,Lawrence Road,28.6897195,77.1598506,13,41,160,Dense (20+)
301532,Mughal Chic Inn,Lawrence Road,28.6862629,77.1580879,8,37,124,Dense (20+)
18336529,Nutrition Theka,Lawrence Road,28.6889256,77.1597056,13,40,158,Dense (20+)
301530,Punjabi Chaap Corner,Lawrence Road,28.689127,77.1613602,13,28,166,Dense (20+)
18317975,Samosa Street,Lawrence Road,28.6916824,77.1576386,15,66,171,Dense (20+)
18469935,Shanu's Chicken Planet,Lawrence Road,28.69054589,77.16032244,12,41,169,Dense (20+)
300874,Shanu's Food Shop,Lawrence Road,28.6906395,77.1602156,12,42,170,Dense (20+)
18357561,Bigbee,Lawrence Road,28.6916764,77.158043,11,66,169,Dense (20+)
18445793,Delhi 6 Cafe,Lawrence Road,28.690152,77.1577799,12,65,160,Dense (20+)
18449646,MK's Chinese Food,Lawrence Road,28.6834348,77.1555845,1,22,94,Dense (20+)
18445784,Nirvana The Divine Kitchen,Lawrence Road,28.6889287,77.1595266,13,41,158,Dense (20+)
18378861,Preechen,Lawrence Road,28.6918615,77.1576386,16,66,173,Dense (20+)
301677,Rahul Eggs,Lawrence Road,28.68711,77.1627161,10,23,146,Dense (20+)
8537,7 Stick,Laxmi Nagar,28.631572,77.2791263,44,104,159,Dense (20+)
18268367,Aashirwad Restaurant,Laxmi Nagar,28.6367385,77.2846422,61,109,218,Dense (20+)
18244534,Amar Bakery,Laxmi Nagar,28.6340688,77.2828507,63,118,200,Dense (20+)
8517,Apni Rasoi,Laxmi Nagar,28.6307187,77.2776898,39,70,155,Dense (20+)
310653,Baked Buns,Laxmi Nagar,28.6301736,77.2731602,14,49,137,Dense (20+)
312479,Banspi,Laxmi Nagar,28.634047,77.2787671,42,109,186,Dense (20+)
18222593,Benchmark,Laxmi Nagar,28.6305918,77.2761595,31,61,145,Dense (20+)
2012,Bobby Tikki Wala,Laxmi Nagar,28.631536,77.2784272,43,99,157,Dense (20+)
6265,Cafe Coffee Day,Laxmi Nagar,28.6363729,77.2855554,58,113,221,Dense (20+)
9829,Cafe Coffee Day,Laxmi Nagar,28.6366215,77.2866228,57,109,219,Dense (20+)
311949,Canteeno,Laxmi Nagar,28.6315528,77.278285,43,98,157,Dense (20+)
18421027,Chai Mantra,Laxmi Nagar,28.6342002,77.2813009,42,120,195,Dense (20+)
304957,Chandni Chowk ke Mashhoor Makkhan Wale Paranthe,Laxmi Nagar,28.6333642,77.2791263,44,109,180,Dense (20+)
305948,Chandni Chowk Parantha Corner,Laxmi Nagar,28.6312335,77.2773248,38,72,155,Dense (20+)
306113,Chauhan Laxmi Sweets,Laxmi Nagar,28.6306728,77.2754966,29,58,144,Dense (20+)
305987,Chawla's The Cake Room,Laxmi Nagar,28.6398502,77.2794854,10,83,201,Dense (20+)
4935,China Town,Laxmi Nagar,28.6376483,77.2791124,12,101,195,Dense (20+)
313265,Domino's Pizza,Laxmi Nagar,28.6318963,77.2787671,45,103,159,Dense (20+)
18414470,Faasos,Laxmi Nagar,28.6341612,77.2817105,44,120,196,Dense (20+)
18377903,Fast Trax,Laxmi Nagar,28.6386148,77.2842251,52,102,223,Dense (20+)
300729,Finger Licious,Laxmi Nagar,28.6356053,77.2850649,64,108,218,Dense (20+)
9850,Gulshan Pastry Shop,Laxmi Nagar,28.6358385,77.2853555,60,111,220,Dense (20+)
4939,Handa's,Laxmi Nagar,28.6405769,77.2830396,23,83,210,Dense (20+)
18416369,Homely Delight,Laxmi Nagar,28.6391685,77.2827592,49,98,203,Dense (20+)
311194,Jahangeer Foods,Laxmi Nagar,28.637565,77.2846595,56,104,217,Dense (20+)
1205,Kaleva,Laxmi Nagar,28.6378972,77.2889229,54,114,231,Dense (20+)
305949,Laxmi Vaishno Dhaba,Laxmi Nagar,28.6346399,77.2832549,64,117,207,Dense (20+)
18400760,Little Pleasure Restaurant & Cafe,Laxmi Nagar,28.6307187,77.2776898,39,70,155,Dense (20+)
18372696,Mauryan Multi Cuisine Restaurant,Laxmi Nagar,28.6413024,77.2825534,10,79,218,Dense (20+)
9849,Mehta Food Junction,Laxmi Nagar,28.635231,77.2846148,64,114,215,Dense (20+)
305298,Om Bikaner Wale,Laxmi Nagar,28.6352991,77.2841775,63,117,217,Dense (20+)
18451584,Ovenstory Pizza,Laxmi Nagar,28.632793,77.281315,42,120,185,Dense (20+)
18291212,Prasadam,Laxmi Nagar,28.6328809,77.2807048,40,111,178,Dense (20+)
6072,Priyanshi Fast Food,Laxmi Nagar,28.6321211,77.2798618,46,108,174,Dense (20+)
308253,Punjabi Tadka,Laxmi Nagar,28.639466,77.2791913,9,88,199,Dense (20+)
18354257,Pyaali,Laxmi Nagar,28.63415519,77.28276461,62,118,201,Dense (20+)
6095,Ruby Dhaba,Laxmi Nagar,28.645585,77.2794854,1,32,249,Dense (20+)
305942,Shree Manakamna Fast Food,Laxmi Nagar,28.6300597,77.2732552,14,49,137,Dense (20+)
18208895,The Chinese Hut,Laxmi Nagar,28.6351409,77.2759194,8,78,163,Dense (20+)
309190,The Chinese Hut,Laxmi Nagar,28.6393449,77.2791371,9,89,196,Dense (20+)
311331,Twenty Four Seven,Laxmi Nagar,28.6370646,77.2882664,55,112,226,Dense (20+)
18418242,Vegie Kitchen,Laxmi Nagar,28.6391674,77.2798445,10,91,199,Dense (20+)
18365372,Behrouz Biryani,Laxmi Nagar,28.6342182,77.2813556,42,120,195,Dense (20+)
18415367,Burger King,Laxmi Nagar,28.634669,77.2838434,63,121,209,Dense (20+)
18382755,Mohit di Hatti,Laxmi Nagar,28.6390651,77.2787671,9,92,196,Dense (20+)
312385,Play Pizza,Laxmi Nagar,28.6368181,77.2859338,53,110,217,Dense (20+)
18345730,Sushiya Express,Laxmi Nagar,28.6355744,77.285893,60,115,218,Dense (20+)
312639,Tantrum Coffee Bar,Laxmi Nagar,28.6378437,77.2868134,49,103,226,Dense (20+)
18381652,Chawla's Tandoori Junction,Laxmi Nagar,28.6398892,77.2836758,46,94,215,Dense (20+)
18440186,Chennai Express Greens,Laxmi Nagar,28.6306676,77.2773871,39,68,154,Dense (20+)
18421464,Omi Pizza,Laxmi Nagar,28.6302238,77.2762533,32,60,145,Dense (20+)
18440394,South Indian & Chinese Fast Food,Laxmi Nagar,28.6302006,77.2777733,41,65,155,Dense (20+)
18441680,The Khoj Cafe Restaurent,Laxmi Nagar,28.6302238,77.2762533,32,60,145,Dense (20+)
6122,Bharat Chicken Inn,Laxmi Nagar,28.6368165,77.2863012,52,109,220,Dense (20+)
584,Nathu's Sweets,Laxmi Nagar,28.634547,77.2835016,64,118,208,Dense (20+)
4725,Wah Ji Wah,Laxmi Nagar,28.6371081,77.2850298,56,110,217,Dense (20+)
18070486,QD's Restaurant,Laxmi Nagar,28.6363985,77.2856137,57,113,221,Dense (20+)
3943,Henri's Bar - Le Meridien,"Le Meridien, Janpath",28.6187736,77.2185552,26,52,238,Dense (20+)
3246,Le Belvedere - Le Meridien,"Le Meridien, Janpath",28.6188632,77.2185552,26,53,238,Dense (20+)
4380,Longitude - Le Meridien,"Le Meridien, Janpath",28.6185594,77.2185114,26,51,238,Dense (20+)
6600,Nero - Le Meridien,"Le Meridien, Janpath",28.6188547,77.2184654,26,53,238,Dense (20+)
3937,The One - Le Meridien,"Le Meridien, Janpath",28.6188632,77.2185552,26,53,238,Dense (20+)
3235,Eau De Monsoon - Le Meridien,"Le Meridien, Janpath",28.6187207,77.2185653,26,52,238,Dense (20+)
306815,Slounge - Lemon Tree Premier,"Lemon Tree Premier, Aerocity",28.552036,77.120911,25,69,102,Dense (20+)
5869,Al Bake,"Living Style Mall, Jasola",28.5411661,77.2969779,22,41,62,Dense (20+)
18273623,Al-Bawarchi,"Living Style Mall, Jasola",28.5413659,77.2970442,22,40,62,Dense (20+)
2997,Big Dragon,"Living Style Mall, Jasola",28.5411385,77.296874,22,41,62,Dense (20+)
3371,BTW,"Living Style Mall, Jasola",28.5411254,77.2967702,22,43,62,Dense (20+)
3003,Capital Curry,"Living Style Mall, Jasola",28.54114,77.2968044,22,43,62,Dense (20+)
3004,Domino's Pizza,"Living Style Mall, Jasola",28.541291,77.2968703,22,41,62,Dense (20+)
3744,Ekta's Kitchen,"Living Style Mall, Jasola",28.5413197,77.2972363,22,41,61,Dense (20+)
9996,Gopal's,"Living Style Mall, Jasola",28.5412029,77.2967478,22,43,62,Dense (20+)
2999,Moti Mahal Delux,"Living Style Mall, Jasola",28.5413284,77.2971584,22,41,61,Dense (20+)
9929,Open Oven,"Living Style Mall, Jasola",28.5413124,77.2968302,22,40,62,Dense (20+)
3002,Relax Xpress,"Living Style Mall, Jasola",28.541297,77.2972593,22,41,61,Dense (20+)
5899,Roll Club,"Living Style Mall, Jasola",28.541186,77.2969868,22,41,62,Dense (20+)
2995,SM Gopal Ice Cream & Cakes,"Living Style Mall, Jasola",28.5412728,77.29685,22,41,62,Dense (20+)
9316,Bangla Sweet Corner,Lodhi Colony,28.582058,77.220711,17,40,209,Dense (20+)
311766,Chinois,Lodhi Colony,28.58455646,77.22361319,28,46,252,Dense (20+)
3493,Dawat,Lodhi Colony,28.5838333,77.2205314,17,44,245,Dense (20+)
1407,Ganesha Sweets & Restaurant,Lodhi Colony,28.5863699,77.2264595,26,43,255,Dense (20+)
1917,Gopala,Lodhi Colony,28.5867198,77.2263697,23,43,247,Dense (20+)
3497,Green Chick Chop,Lodhi Colony,28.5829457,77.2206212,17,44,225,Dense (20+)
3494,Hot Chimney,Lodhi Colony,28.5837437,77.2205314,17,44,242,Dense (20+)
18222557,Icon,Lodhi Colony,28.5845896,77.2237649,28,46,254,Dense (20+)
1397,Juneja's Eating Plaza,Lodhi Colony,28.5845134,77.226729,21,44,295,Dense (20+)
18346857,Lodhi Knights,Lodhi Colony,28.5853283,77.2202427,14,43,239,Dense (20+)
6222,Ram Singh's Bhoj,Lodhi Colony,28.5834749,77.2205314,17,44,237,Dense (20+)
5727,Republic of Chicken,Lodhi Colony,28.5836257,77.2268188,20,47,296,Dense (20+)
776,Slice of Italy,Lodhi Colony,28.5823705,77.2269022,20,57,287,Dense (20+)
305604,Subway,Lodhi Colony,28.583169,77.226729,20,47,296,Dense (20+)
18391309,The Altitude Cafe and Deli,Lodhi Colony,28.5953744,77.1683836,5,95,103,Dense (20+)
313280,Bhane,Lodhi Colony,28.58222618,77.22693745,19,61,285,Dense (20+)
18279453,Celeste,Lodhi Colony,28.5852944,77.2264595,21,43,270,Dense (20+)
9315,Chidambaram's New Madras Hotel,Lodhi Colony,28.5807713,77.2208457,12,43,218,Dense (20+)
18438416,CJ's Fresh,Lodhi Colony,28.5857905,77.2265194,25,43,262,Dense (20+)
303753,Elma's Brasserie,Lodhi Colony,28.5844597,77.226711,21,44,296,Dense (20+)
7515,Kunafa,Lodhi Colony,28.58456559,77.22656094,21,44,293,Dense (20+)
308195,Lahori Gate,Lodhi Colony,28.5836343,77.2269086,20,46,295,Dense (20+)
306088,M I Food Center,Lodhi Colony,28.5855632,77.2264595,25,43,262,Dense (20+)
307223,Sugar Blossoms,Lodhi Colony,28.5821,77.226937,19,69,283,Dense (20+)
658,Cafe Coffee Day,Lodhi Colony,28.5849428,77.2265367,21,43,288,Dense (20+)
304931,Guppy,Lodhi Colony,28.584686,77.2239062,29,46,256,Dense (20+)
18277165,Ping's Cafí© Orient,Lodhi Colony,28.5837316,77.223226,29,46,262,Dense (20+)
1819,The All American Diner,Lodhi Colony,28.5887789,77.2258757,16,42,235,Dense (20+)
6203,Armaan's Restaurant,Lodhi Road,28.5890553,77.23113,1,33,282,Dense (20+)
5840,Garden Chef,Lodhi Road,28.5897758,77.2194086,2,36,129,Dense (20+)
307695,Golooji's Chat Waat,Lodhi Road,28.58997,77.225607,11,38,223,Dense (20+)
307693,Oriental Lee,Lodhi Road,28.58997,77.225607,11,38,223,Dense (20+)
301654,Peshawari Restaurant,Lodhi Road,28.5811874,77.2209805,17,42,217,Dense (20+)
307696,Tikka Town,Lodhi Road,28.59026109,77.22557187,9,38,219,Dense (20+)
6202,Titu Restaurant,Lodhi Road,28.5891449,77.23113,1,33,282,Dense (20+)
300888,Vijay Dhaba,Lodhi Road,28.58415194,77.21767209,13,38,199,Dense (20+)
307694,Wild Willy,Lodhi Road,28.58997,77.225607,11,38,223,Dense (20+)
311470,Diva Spiced,Lodhi Road,28.5842189,77.2264595,20,44,287,Dense (20+)
307692,Granma's Homemade,Lodhi Road,28.58997,77.225607,11,38,223,Dense (20+)
4924,Karim's,Lodhi Road,28.5910546,77.2222225,8,36,129,Dense (20+)
302742,Sab Ki Khatir,Lodhi Road,28.5922808,77.2357472,2,12,220,Moderate (6-20)
18471330,Golden Bakery,Lodhi Road,28.5851606,77.2203517,15,43,246,Dense (20+)
6269,Krishan Sweets,Lodhi Road,28.5836,77.22048056,17,44,238,Dense (20+)
18423145,Rai Ji Caterers,Lodhi Road,28.5823457,77.2284355,15,71,295,Dense (20+)
18444040,Szoun Chinese Food,Lodhi Road,28.5823408,77.2161735,11,21,174,Dense (20+)
18391691,Yummy Mummy @ Delhi,Lodhi Road,28.58161703,77.21643761,11,21,177,Dense (20+)
1188,Lodi - The Garden Restaurant,Lodhi Road,28.5904431,77.2210583,7,37,128,Dense (20+)
7353,Aggarwal Sweets & Restaurant,Mahipalpur,28.5454809,77.1231232,47,96,100,Dense (20+)
7365,Ashirwad Dhaba,Mahipalpur,28.5422454,77.1183586,15,72,104,Dense (20+)
303851,Barichi Restaurant,Mahipalpur,28.549335,77.1277978,26,87,101,Dense (20+)
9097,Bikaner Sweets,Mahipalpur,28.542164,77.1184863,15,74,104,Dense (20+)
7317,Bikaner,Mahipalpur,28.54646,77.1249212,52,96,101,Dense (20+)
311067,Chatori Zubaan 2,Mahipalpur,28.5385371,77.1166056,6,32,103,Dense (20+)
305201,Chinese Mania,Mahipalpur,28.5429052,77.1228985,42,90,101,Dense (20+)
18312458,Da Pizza Corner,Mahipalpur,28.5452469,77.1281574,50,88,101,Dense (20+)
7332,Dhaba Cash 'N' Carry Kitchen,Mahipalpur,28.5415025,77.1180889,14,54,104,Dense (20+)
305180,Dom Dang Kins Restaurant,Mahipalpur,28.5434991,77.1243021,49,92,101,Dense (20+)
4312,First Choice,Mahipalpur,28.5437505,77.1285132,34,81,100,Dense (20+)
18356811,Hungry Hut,Mahipalpur,28.5420749,77.1291911,14,65,102,Dense (20+)
7315,Le Seasons Restaurant,Mahipalpur,28.5473907,77.1252807,64,96,102,Dense (20+)
9145,Moti Mahal Delux,Mahipalpur,28.5472115,77.1252807,64,96,102,Dense (20+)
18025111,Popsy's,Mahipalpur,28.5433267,77.1240222,47,92,101,Dense (20+)
303958,Prabhu,Mahipalpur,28.5470031,77.1245783,62,96,102,Dense (20+)
4311,Saptagiri,Mahipalpur,28.5455533,77.1229435,46,97,100,Dense (20+)
7309,Spice Hut,Mahipalpur,28.5462109,77.1237408,60,97,100,Dense (20+)
7307,Taste of Vishal,Mahipalpur,28.5426875,77.1187632,16,76,104,Dense (20+)
4315,The Tandoori Night,Mahipalpur,28.5467289,77.1249212,57,96,102,Dense (20+)
305151,Traffic Jaam,Mahipalpur,28.5468118,77.1267191,52,93,101,Dense (20+)
7366,Tripti,Mahipalpur,28.5492281,77.127618,27,89,101,Dense (20+)
9141,Uttaranchal Dhaba & Restaurant,Mahipalpur,28.5437174,77.1285619,32,80,100,Dense (20+)
18333396,Wah Ji Wah,Mahipalpur,28.5467116,77.1247414,61,96,102,Dense (20+)
7363,Resto 37,Mahipalpur,28.5500399,77.1286068,18,85,101,Dense (20+)
305181,Aakash Sweets & Caterers,Mahipalpur,28.5434422,77.1242919,48,92,101,Dense (20+)
18403469,Aapka Mangal Restaurant,Mahipalpur,28.5446537,77.1238424,51,97,100,Dense (20+)
18416845,Al-Karim,Mahipalpur,28.5459741,77.1254605,49,95,100,Dense (20+)
302475,Apna Dhaba,Mahipalpur,28.5232706,77.0996976,0,0,11,Isolated (0)
18489805,Burger Wala,Mahipalpur,28.5441077,77.128427,40,82,100,Dense (20+)
302473,Cafe Highway,Mahipalpur,28.5332421,77.1077373,0,4,33,Light (1-5)
18361932,Cake Point,Mahipalpur,28.5489147,77.1333427,5,40,100,Dense (20+)
18414467,Chatori Zubaan Chur Chur Naan,Mahipalpur,28.5386133,77.1167352,7,34,104,Dense (20+)
18358665,Coffee Shop,Mahipalpur,28.5354421,77.1137736,2,9,91,Moderate (6-20)
18358663,Dhaba Cash 'n' Carry Kitchen Chur Chur Naan,Mahipalpur,28.5415117,77.1181406,14,54,104,Dense (20+)
18489807,Dolphin - The Food Cafe,Mahipalpur,28.5434269,77.1241504,48,92,101,Dense (20+)
305183,First Treat Bakers,Mahipalpur,28.5443024,77.1267191,49,89,100,Dense (20+)
305153,Flavours Of Delhi,Mahipalpur,28.5472207,77.1250299,63,96,102,Dense (20+)
18372674,Foresto Lawn & Restaurant,Mahipalpur,28.541621,77.1293063,13,65,102,Dense (20+)
18356797,Jain Sweets & Bakers,Mahipalpur,28.5469805,77.1247414,63,96,102,Dense (20+)
18414511,JD's Restaurant,Mahipalpur,28.5470234,77.1281314,36,90,101,Dense (20+)
18358661,Kaka De Dhaba,Mahipalpur,28.5454551,77.1228536,46,97,100,Dense (20+)
18180072,Kolcata Bengali Dhaba,Mahipalpur,28.5435869,77.1239323,48,93,101,Dense (20+)
18416830,M&S Coffee Cafe,Mahipalpur,28.543156,77.1241121,47,91,101,Dense (20+)
18357534,Malabar Style Kitchen,Mahipalpur,28.5429013,77.1249279,44,90,101,Dense (20+)
18356819,Mathura Lassi Wala,Mahipalpur,28.5438292,77.125056,47,93,100,Dense (20+)
18356795,Metropolitan Cafe,Mahipalpur,28.5477027,77.1257302,57,94,102,Dense (20+)
18357529,Mr. Bake,Mahipalpur,28.5434512,77.1242983,48,92,101,Dense (20+)
311666,Mughal-E-Zaika,Mahipalpur,28.54348,77.1237525,48,93,101,Dense (20+)
18357541,Mukesh Bhojnalaya,Mahipalpur,28.5430525,77.1248542,44,90,101,Dense (20+)
312970,New Royal Blue Dhaba,Mahipalpur,28.5435989,77.1231232,44,93,101,Dense (20+)
305190,New Sharma Chicken Corner,Mahipalpur,28.5415121,77.1295415,12,61,102,Dense (20+)
303149,Pakwan,Mahipalpur,28.54953611,77.12881389,22,85,101,Dense (20+)
18168164,Pizza Corner,Mahipalpur,28.5432284,77.1239323,47,92,101,Dense (20+)
18489540,Pokhreli Kitchen,Mahipalpur,28.5469651,77.1264494,53,94,101,Dense (20+)
18268344,Rasoi,Mahipalpur,28.5495832,77.1285169,25,85,101,Dense (20+)
309219,Satya Dhaba,Mahipalpur,28.545437,77.1229265,46,97,100,Dense (20+)
9129,Sha-O-Lin Chinese Fast Food,Mahipalpur,28.5494988,77.1295057,18,85,101,Dense (20+)
18358657,Shahi Chicken Corner,Mahipalpur,28.5461773,77.1238424,52,97,100,Dense (20+)
312972,Shama Muradabadi,Mahipalpur,28.5440095,77.1283371,40,83,100,Dense (20+)
18415377,Sunil Punjabi Dhaba,Mahipalpur,28.5413686,77.1297061,11,58,102,Dense (20+)
18489534,Sunita Dhaba,Mahipalpur,28.549416,77.1279227,26,85,101,Dense (20+)
18313112,Taste of India,Mahipalpur,28.5505165,77.1293709,15,82,101,Dense (20+)
18416842,U.P. Al-Flah Restaurant,Mahipalpur,28.5457776,77.1252807,49,95,100,Dense (20+)
7362,Vaishno Da Dhaba,Mahipalpur,28.5451138,77.1230334,47,97,101,Dense (20+)
305189,Yadav Sweets,Mahipalpur,28.5442619,77.126764,49,89,100,Dense (20+)
3286,The Cavalry Bar - Maidens Hotel,"Maidens Hotel, Civil Lines",28.67367,77.2258308,9,11,67,Moderate (6-20)
4374,The Curzon Room - Maidens Hotel,"Maidens Hotel, Civil Lines",28.6737511,77.2258029,9,11,64,Moderate (6-20)
4373,The Garden Terrace - Maidens Hotel,"Maidens Hotel, Civil Lines",28.6737019,77.2256961,9,11,65,Moderate (6-20)
18232577,Ama Rabsel House,Majnu ka Tila,28.7030113,77.2282559,23,29,97,Dense (20+)
18317502,Cafe Plus,Majnu ka Tila,28.7024763,77.2287499,23,29,94,Dense (20+)
18410770,Hornbill,Majnu ka Tila,28.7015464,77.2283906,23,29,97,Dense (20+)
18303701,Orange Cafe & Restaurant,Majnu ka Tila,28.702491,77.2284355,23,29,95,Dense (20+)
18272391,ABC Restaurant,Majnu ka Tila,28.7003539,77.2276272,23,29,103,Dense (20+)
18422748,Achi Restaurant,Majnu ka Tila,28.702491,77.2284355,23,29,95,Dense (20+)
18424643,Asian House Restaurant,Majnu ka Tila,28.7008446,77.2280763,23,29,97,Dense (20+)
304280,Drepung Loselling,Majnu ka Tila,28.7033781,77.2283457,23,27,95,Dense (20+)
18272389,Dus Bab,Majnu ka Tila,28.7000681,77.2274475,23,29,104,Dense (20+)
18261164,DZI House,Majnu ka Tila,28.701847,77.2282559,23,29,97,Dense (20+)
18391757,Good Luck Cafe,Majnu ka Tila,28.7024763,77.2287499,23,29,94,Dense (20+)
18273526,Kathmandu,Majnu ka Tila,28.6998976,77.2275373,23,29,104,Dense (20+)
309101,Kullu Manali Restaurant,Majnu ka Tila,28.7014373,77.227717,23,29,102,Dense (20+)
18446419,Lhamo's Kitchen,Majnu ka Tila,28.7027192,77.2284804,23,29,95,Dense (20+)
18424639,Lhasa Manthang Restaurant,Majnu ka Tila,28.7008361,77.2279864,23,29,99,Dense (20+)
18446411,Lhasa Thali House,Majnu ka Tila,28.7028407,77.2283457,23,29,95,Dense (20+)
18424646,Little Tibet,Majnu ka Tila,28.7010323,77.2281661,23,29,97,Dense (20+)
18261162,Lotus House Restaurant,Majnu ka Tila,28.7031094,77.2283457,23,29,95,Dense (20+)
18273530,Mahi Rasoi,Majnu ka Tila,28.7003464,77.2275645,23,29,104,Dense (20+)
18446424,New Open Restaurant,Majnu ka Tila,28.6998485,77.2274924,23,29,104,Dense (20+)
18272385,Rooftop Restaurant,Majnu ka Tila,28.7003556,77.227723,23,29,103,Dense (20+)
18424635,Somang House Restaurant,Majnu ka Tila,28.7008275,77.2278966,23,29,103,Dense (20+)
18272376,Tandoori Khazana,Majnu ka Tila,28.70116,77.2276272,23,29,103,Dense (20+)
18368943,Tsopema Restaurant,Majnu ka Tila,28.7016678,77.2282559,23,29,97,Dense (20+)
308286,33 Food,Malviya Nagar,28.5358021,77.216837,32,130,231,Dense (20+)
18261723,Burger Point,Malviya Nagar,28.5328102,77.2077878,26,82,267,Dense (20+)
18463424,Cafe Blur,Malviya Nagar,28.5349127,77.2185591,15,124,217,Dense (20+)
650,Cafe Coffee Day,Malviya Nagar,28.5379729,77.2133292,46,88,264,Dense (20+)
1037,Cafe Rendezvous,Malviya Nagar,28.5396208,77.2132741,37,87,266,Dense (20+)
6377,Cakes & Bakes,Malviya Nagar,28.5378192,77.210737,53,86,266,Dense (20+)
311609,Chatorey Chacha,Malviya Nagar,28.5340199,77.2097386,43,96,268,Dense (20+)
18175252,Chilli Dragon,Malviya Nagar,28.534252,77.218813,17,124,215,Dense (20+)
309448,DCK- Dana Choga's Kitchen,Malviya Nagar,28.5338079,77.2090133,41,90,267,Dense (20+)
2863,Divya's Rimpy Restaurant,Malviya Nagar,28.5338345,77.2089013,41,91,272,Dense (20+)
5135,Express Dhaba,Malviya Nagar,28.5403273,77.2127552,35,97,273,Dense (20+)
300828,Go Foodie,Malviya Nagar,28.5314946,77.2076299,23,86,253,Dense (20+)
18238307,Health Pan,Malviya Nagar,28.5403,77.2202141,2,57,282,Dense (20+)
1040,Karim's,Malviya Nagar,28.5383428,77.2146666,43,82,263,Dense (20+)
18285199,Karuna,Malviya Nagar,28.5340999,77.2169997,16,133,219,Dense (20+)
303423,Kathi,Malviya Nagar,28.5309799,77.2189683,59,103,184,Dense (20+)
18354972,King Chilly Kitchen,Malviya Nagar,28.5357192,77.2167814,32,132,231,Dense (20+)
18332076,Kolhapuri Veg Non-Veg Foods,Malviya Nagar,28.5337938,77.2169065,17,133,219,Dense (20+)
1406,Mehfil Dhaba,Malviya Nagar,28.5369107,77.2129078,55,87,260,Dense (20+)
308444,Moti Mahal Delux - Legendary Culinary,Malviya Nagar,28.5405605,77.2126586,35,101,280,Dense (20+)
309452,Open Oven,Malviya Nagar,28.5341102,77.209366,43,95,268,Dense (20+)
310312,Paapi Paet,Malviya Nagar,28.5330067,77.2079315,29,82,274,Dense (20+)
305162,Pepper Corn Express,Malviya Nagar,28.5394521,77.2132305,39,86,266,Dense (20+)
18471299,Pinch Of China,Malviya Nagar,28.534403,77.218629,16,124,217,Dense (20+)
4855,Pizza Hut Delivery,Malviya Nagar,28.5386054,77.2137832,45,86,266,Dense (20+)
18272382,Punjabee's Darbar,Malviya Nagar,28.538882,77.2134971,45,86,265,Dense (20+)
313398,Ramjee's,Malviya Nagar,28.5340507,77.2096823,43,96,268,Dense (20+)
307746,Rollmaal,Malviya Nagar,28.5388893,77.2135137,45,86,265,Dense (20+)
3043,Shaolin,Malviya Nagar,28.5341425,77.2069233,29,95,277,Dense (20+)
301190,Subway,Malviya Nagar,28.534046,77.2095102,43,95,268,Dense (20+)
18233599,The Chocolate Room,Malviya Nagar,28.5335269,77.2063347,26,90,279,Dense (20+)
1036,The Delhi Heights,Malviya Nagar,28.5327826,77.2078004,26,82,266,Dense (20+)
310665,Thok (The House of Kakori),Malviya Nagar,28.534082,77.2096819,43,96,268,Dense (20+)
18322671,Uloo,Malviya Nagar,28.5354885,77.2155012,44,135,232,Dense (20+)
18353692,Vadapav Junction & More,Malviya Nagar,28.5369963,77.2122866,56,92,261,Dense (20+)
18365877,Behrouz Biryani,Malviya Nagar,28.5369433,77.2119129,56,92,263,Dense (20+)
310848,Beliram Degchiwala,Malviya Nagar,28.5386851,77.2135506,45,87,265,Dense (20+)
18398602,Bhukkhar,Malviya Nagar,28.5344871,77.214436,50,135,230,Dense (20+)
18376472,Biryani Blues,Malviya Nagar,28.5391434,77.2132354,41,86,266,Dense (20+)
18455531,Bun Intended,Malviya Nagar,28.53449044,77.21034631,44,94,265,Dense (20+)
18208912,Casa Asia,Malviya Nagar,28.5357513,77.2124201,55,100,259,Dense (20+)
2586,Chic Fish,Malviya Nagar,28.5382487,77.2143619,45,84,263,Dense (20+)
301722,Dunkin' Donuts,Malviya Nagar,28.5363476,77.2115336,56,93,267,Dense (20+)
18285729,Farratta,Malviya Nagar,28.5386342,77.2138677,44,84,266,Dense (20+)
305526,Flavors of Chennai,Malviya Nagar,28.538922,77.2136687,44,86,266,Dense (20+)
18357542,Food For Thought,Malviya Nagar,28.5322332,77.2001377,7,45,258,Dense (20+)
18291199,FreshMenu,Malviya Nagar,28.5306173,77.2191149,59,94,184,Dense (20+)
5726,Giani's,Malviya Nagar,28.5363348,77.2115555,56,93,267,Dense (20+)
302922,Gopala,Malviya Nagar,28.5364161,77.2111963,58,92,268,Dense (20+)
7658,Green Chick Chop,Malviya Nagar,28.5341236,77.2093418,43,94,268,Dense (20+)
18286490,Hunger Must Die,Malviya Nagar,28.5312482,77.2087849,22,105,241,Dense (20+)
7654,Kolkata Kathi Roll,Malviya Nagar,28.5340565,77.2097112,43,97,268,Dense (20+)
18254534,Max Grille and Kitchen,Malviya Nagar,28.5393306,77.2133213,39,87,266,Dense (20+)
9100,Moti Sweets,Malviya Nagar,28.5363955,77.2115266,56,93,267,Dense (20+)
6475,Nazeer Foods,Malviya Nagar,28.5366373,77.2123353,56,92,261,Dense (20+)
300302,Nikashee,Malviya Nagar,28.5340283,77.2090442,42,92,268,Dense (20+)
304302,Noodle Box,Malviya Nagar,28.5370577,77.2177996,26,112,226,Dense (20+)
306166,Pema's,Malviya Nagar,28.5342075,77.2072907,34,90,274,Dense (20+)
18345755,Plumber - The Lounge,Malviya Nagar,28.5388893,77.2136424,44,86,266,Dense (20+)
9751,Pudding & Pie,Malviya Nagar,28.5363564,77.2093777,47,85,275,Dense (20+)
2867,RP's Restaurant,Malviya Nagar,28.5406266,77.2185071,6,62,256,Dense (20+)
8346,Soi Thai,Malviya Nagar,28.5320727,77.2000632,6,45,259,Dense (20+)
305871,Speedy Chow,Malviya Nagar,28.538886,77.2135346,45,86,265,Dense (20+)
18425151,Stoned Age Kitchen,Malviya Nagar,28.5317046,77.2079315,24,99,256,Dense (20+)
998,Suribachi,Malviya Nagar,28.539624,77.2132758,37,86,266,Dense (20+)
452,Swagath,Malviya Nagar,28.5364058,77.2116173,56,93,267,Dense (20+)
18163892,The Delhi Canteen,Malviya Nagar,28.5384888,77.2142624,45,84,263,Dense (20+)
18432219,The Grill Kitchen,Malviya Nagar,28.5331227,77.2060663,24,84,272,Dense (20+)
18458339,The Midnight Heroes,Malviya Nagar,28.5339573,77.21055888,43,100,262,Dense (20+)
18375421,The Salad Bowl,Malviya Nagar,28.5322327,77.2002839,6,46,258,Dense (20+)
209,Domino's Pizza,Malviya Nagar,28.5363241,77.211528,56,93,267,Dense (20+)
18428394,Food Army,Malviya Nagar,28.5373992,77.2243276,1,29,283,Dense (20+)
1030,Moti Restaurant,Malviya Nagar,28.536674,77.2121141,56,92,261,Dense (20+)
7661,New Baba Da Dhaba,Malviya Nagar,28.5331218,77.2170275,26,133,223,Dense (20+)
6179,Tunday Kababi,Malviya Nagar,28.5406063,77.2126555,35,102,282,Dense (20+)
18446475,Dilli BC,Malviya Nagar,28.5325807,77.2036117,13,61,263,Dense (20+)
311161,Litti.In,Malviya Nagar,28.5364058,77.2111802,58,92,268,Dense (20+)
313206,Nizam's Kathi Kabab,Malviya Nagar,28.5384902,77.2145409,43,83,263,Dense (20+)
18334452,Pepper Kitchen,Malviya Nagar,28.5355604,77.2104778,53,92,269,Dense (20+)
18253111,Rustom's Cafe & Bakery,Malviya Nagar,28.5311532,77.2184409,59,114,186,Dense (20+)
18219545,Salad Days,Malviya Nagar,28.535704,77.21051,54,92,269,Dense (20+)
18348970,Stop My Starvation,Malviya Nagar,28.5364043,77.2112209,58,92,268,Dense (20+)
18334465,Sushi Junction,Malviya Nagar,28.5340992,77.2072826,34,89,276,Dense (20+)
18272370,Vero Gusto,Malviya Nagar,28.5367368,77.2118497,56,93,263,Dense (20+)
311846,Snack Junction,Mandi House,28.6268536,77.2321792,16,35,243,Dense (20+)
311432,Turant,Mandi House,28.6267282,77.2319851,16,35,243,Dense (20+)
304972,Snacks Point,Mandi House,28.62540821,77.2337174,8,31,249,Dense (20+)
18356812,The Sweet Spot,Mandi House,28.6304834,77.2305796,23,91,271,Dense (20+)
18294392,Kafe @ Museum,Mansingh Road,28.61,77.22,1,26,134,Dense (20+)
308489,Friends Cafe,Mathura Road,28.52182344,77.29213391,1,3,42,Light (1-5)
313175,Aromas of Pind,Mathura Road,28.52175981,77.29338784,1,2,36,Light (1-5)
301842,Apna Dhaba and Caters,Mayapuri Phase 2,28.6307787,77.119036,10,67,253,Dense (20+)
311378,Green Chick Chop,Mayapuri Phase 2,28.6308872,77.1186217,11,71,253,Dense (20+)
301830,Jai Shree Durga South Indian Corner,Mayapuri Phase 2,28.6308138,77.120189,9,58,249,Dense (20+)
18323144,Malabar Catering House,Mayapuri Phase 2,28.6216271,77.1193692,1,13,111,Moderate (6-20)
311377,Meenakshi Bhawan,Mayapuri Phase 2,28.6307842,77.119336,10,65,252,Dense (20+)
301848,New Raja Sweets,Mayapuri Phase 2,28.6258469,77.1144456,12,34,174,Dense (20+)
307998,Pizza Treat,Mayapuri Phase 2,28.6258815,77.1155946,12,31,155,Dense (20+)
5940,Pudding & Pie,Mayapuri Phase 2,28.6258347,77.1141938,12,35,178,Dense (20+)
301826,Rita Chinese Food,Mayapuri Phase 2,28.6257821,77.1160349,8,32,158,Dense (20+)
312923,Vibes of Punjab,Mayapuri Phase 2,28.6227746,77.1176174,5,23,116,Dense (20+)
301817,Ramji Di Hatti & Caterers,Mayapuri Phase 2,28.6307493,77.120274,9,58,249,Dense (20+)
301820,Spicy Tadka,Mayapuri Phase 2,28.6308168,77.1196062,10,62,251,Dense (20+)
18460315,Mr. Tandoori Lal,Mayapuri Phase 2,28.6307568,77.1204704,9,57,248,Dense (20+)
301809,Om Sweets & Caterers,Mayapuri Phase 2,28.6258268,77.1118707,12,36,209,Dense (20+)
18368012,Sardar Ji Take Away & Caterers,Mayapuri Phase 2,28.6259394,77.1139522,11,35,198,Dense (20+)
18429423,9 is Mine,Mayur Vihar Phase 1,28.607116,77.297847,26,45,128,Dense (20+)
6180,Aashirwad,Mayur Vihar Phase 1,28.6089584,77.2924811,36,47,110,Dense (20+)
301108,Aggarwal Sweet & Bakers,Mayur Vihar Phase 1,28.5891462,77.3081612,39,72,147,Dense (20+)
8105,Amit Hotel,Mayur Vihar Phase 1,28.5903034,77.3088206,38,70,147,Dense (20+)
313185,Angrezee Dhaba,Mayur Vihar Phase 1,28.58521417,77.30209798,5,62,122,Dense (20+)
8109,Ankur Family Restaurant,Mayur Vihar Phase 1,28.5892005,77.3062786,40,68,145,Dense (20+)
304267,Bansal Sweet,Mayur Vihar Phase 1,28.6082009,77.2934295,38,46,113,Dense (20+)
313351,Baskin Robbins,Mayur Vihar Phase 1,28.6071522,77.2905861,34,45,113,Dense (20+)
309227,Caravan Resto Bar,Mayur Vihar Phase 1,28.6078005,77.2938353,39,46,116,Dense (20+)
18285695,Celebration Multi Cuisine Restaurant,Mayur Vihar Phase 1,28.6065957,77.2952484,42,52,119,Dense (20+)
18146358,Chatto Chapati,Mayur Vihar Phase 1,28.61013581,77.30096575,1,34,116,Dense (20+)
312715,Chawla's_,Mayur Vihar Phase 1,28.58918625,77.30109818,10,56,134,Dense (20+)
311245,China Town,Mayur Vihar Phase 1,28.5979305,77.2952961,6,33,120,Dense (20+)
6173,China Town,Mayur Vihar Phase 1,28.6080098,77.2936557,39,46,114,Dense (20+)
301353,Dazzle Pastry Shop,Mayur Vihar Phase 1,28.6083198,77.2928133,38,46,110,Dense (20+)
300957,Delicacy Foods,Mayur Vihar Phase 1,28.6030873,77.2932581,17,51,118,Dense (20+)
312703,Dolphin Rolls,Mayur Vihar Phase 1,28.5898772,77.3078187,39,70,147,Dense (20+)
6183,Durbar Restaurant,Mayur Vihar Phase 1,28.6043403,77.2930355,36,52,119,Dense (20+)
301037,Ever Green Pastry Shop,Mayur Vihar Phase 1,28.6095613,77.291701,34,47,110,Dense (20+)
8069,Evergreen Sweets Corner,Mayur Vihar Phase 1,28.5946814,77.3122802,5,60,159,Dense (20+)
306107,Great Plates By AJ,Mayur Vihar Phase 1,28.5921814,77.2964127,12,28,135,Dense (20+)
308359,Green Chick Chop,Mayur Vihar Phase 1,28.5978455,77.2946516,6,31,120,Dense (20+)
18260604,Haqeem's,Mayur Vihar Phase 1,28.6070462,77.2904619,30,45,113,Dense (20+)
6185,Himalaya Food Corner,Mayur Vihar Phase 1,28.6078263,77.2956989,33,46,121,Dense (20+)
304259,Hot Joint Fast Food,Mayur Vihar Phase 1,28.6045493,77.2894952,12,52,96,Dense (20+)
300959,Hyderabadi Dum Biryani,Mayur Vihar Phase 1,28.60318802,77.29358397,15,51,129,Dense (20+)
18238249,Kasturi Family Restaurant,Mayur Vihar Phase 1,28.6090326,77.2925747,36,47,110,Dense (20+)
309346,Kerala Cafe,Mayur Vihar Phase 1,28.6071044,77.2947422,42,46,119,Dense (20+)
307306,Keuchen Paradise,Mayur Vihar Phase 1,28.6081948,77.2938753,38,46,113,Dense (20+)
18203881,Kook For Health,Mayur Vihar Phase 1,28.6081736,77.2938857,38,46,113,Dense (20+)
18138441,Lahorian's Sweets & Bakers,Mayur Vihar Phase 1,28.6044435,77.293569,37,53,122,Dense (20+)
8531,Mr. Baker's,Mayur Vihar Phase 1,28.5977616,77.2949573,6,31,120,Dense (20+)
18267785,Night Food Delivery,Mayur Vihar Phase 1,28.606978,77.290883,39,45,113,Dense (20+)
8110,Nine 2 Nine Snacks & Restaurant,Mayur Vihar Phase 1,28.5890442,77.3065907,40,70,144,Dense (20+)
18281964,Punjabi Mirch,Mayur Vihar Phase 1,28.6074925,77.2952184,40,46,121,Dense (20+)
2932,Rasoi The Food Express,Mayur Vihar Phase 1,28.6065091,77.2953531,42,53,121,Dense (20+)
6182,Republic of Chicken,Mayur Vihar Phase 1,28.5977308,77.2949166,6,30,120,Dense (20+)
18324529,Sandwichai,Mayur Vihar Phase 1,28.6069738,77.29047,31,45,113,Dense (20+)
308237,SB's Raisins,Mayur Vihar Phase 1,28.6078223,77.2938335,39,46,116,Dense (20+)
311894,Shanghai Kitchen,Mayur Vihar Phase 1,28.61184943,77.28870839,4,48,106,Dense (20+)
300960,Shiv Shakti Restaurant,Mayur Vihar Phase 1,28.6035787,77.2933571,28,51,125,Dense (20+)
308222,Smoky Chettinad,Mayur Vihar Phase 1,28.60690952,77.29534686,42,48,120,Dense (20+)
18258510,Spice Fusion,Mayur Vihar Phase 1,28.6065417,77.2956494,38,53,123,Dense (20+)
308526,Sweet Toof Designer Cakes,Mayur Vihar Phase 1,28.60545101,77.29909826,16,51,153,Dense (20+)
301118,The Chef,Mayur Vihar Phase 1,28.5894261,77.3084321,39,71,147,Dense (20+)
309551,The Edge Cafe,Mayur Vihar Phase 1,28.61092375,77.28917677,15,53,103,Dense (20+)
9736,The Epicure - Fraser Suites,Mayur Vihar Phase 1,28.5939142,77.29954,12,57,156,Dense (20+)
18022625,Udupidarshini Veg Restaurant,Mayur Vihar Phase 1,28.6076829,77.2957443,33,46,121,Dense (20+)
301361,Baked Buns,Mayur Vihar Phase 1,28.6040018,77.3347996,7,44,115,Dense (20+)
312991,Freakin Beans,Mayur Vihar Phase 1,28.6068499,77.2905678,33,45,113,Dense (20+)
18277153,Nutri Cafe,Mayur Vihar Phase 1,28.5975729,77.2952729,7,29,120,Dense (20+)
18273548,Senorita's,Mayur Vihar Phase 1,28.597776,77.2949672,6,31,120,Dense (20+)
18399818,Village - The House of Food,Mayur Vihar Phase 1,28.6087318,77.29340594,39,47,111,Dense (20+)
8062,Aman Vaishno Dhaba,Mayur Vihar Phase 1,28.594717,77.3122819,5,60,159,Dense (20+)
304254,Anupam Hotel,Mayur Vihar Phase 1,28.5901962,77.3078828,39,71,147,Dense (20+)
18469823,Bake Bank,Mayur Vihar Phase 1,28.60724844,77.29497844,42,46,120,Dense (20+)
18420694,Chawlas 2,Mayur Vihar Phase 1,28.6073217,77.295699,36,46,120,Dense (20+)
18438463,Choksi Chinese,Mayur Vihar Phase 1,28.5899497,77.3086422,38,71,147,Dense (20+)
18317329,Desi Chulha,Mayur Vihar Phase 1,28.6097862,77.2958351,28,49,115,Dense (20+)
18494989,Games v/s Cafe,Mayur Vihar Phase 1,28.6067005,77.29572514,35,51,123,Dense (20+)
18375372,Mr. Baker's,Mayur Vihar Phase 1,28.6073554,77.2956929,36,46,120,Dense (20+)
8108,Muradabadi Chicken Biryani & Dhaba,Mayur Vihar Phase 1,28.589274,77.3063531,40,68,146,Dense (20+)
6237,Pakiza Restaurant,Mayur Vihar Phase 1,28.60906117,77.30888665,0,4,120,Light (1-5)
311993,Riddhi Siddhi Restaurant,Mayur Vihar Phase 1,28.5903191,77.3091618,38,71,147,Dense (20+)
18375388,Senorita's,Mayur Vihar Phase 1,28.6068399,77.2905299,32,45,113,Dense (20+)
18292453,Shri Bala Ji Rasoi,Mayur Vihar Phase 1,28.6051709,77.296163,31,52,137,Dense (20+)
8033,Tip Top Eating Corner,Mayur Vihar Phase 1,28.5905357,77.3093426,38,69,147,Dense (20+)
18281993,Tripti Foods,Mayur Vihar Phase 1,28.60682357,77.29558725,41,48,121,Dense (20+)
18282003,U Like,Mayur Vihar Phase 1,28.5980675,77.294938,6,33,120,Dense (20+)
18421492,Zayka chicken restaurant,Mayur Vihar Phase 1,28.6073214,77.2960093,33,46,121,Dense (20+)
6190,Cafe Coffee Day,Mayur Vihar Phase 1,28.6070669,77.290606,34,45,113,Dense (20+)
2017,Food Fantasy,Mayur Vihar Phase 1,28.6082787,77.2928015,38,46,110,Dense (20+)
308812,Just Chinese,Mayur Vihar Phase 1,28.6088911,77.2935856,38,47,112,Dense (20+)
308848,Agarwal Bikaneri Sweets,Mayur Vihar Phase 2,28.6185258,77.2971024,25,32,149,Dense (20+)
301056,Bikaner Sweets,Mayur Vihar Phase 2,28.6198235,77.3007976,26,35,148,Dense (20+)
301692,Breadz,Mayur Vihar Phase 2,28.6170417,77.2960034,4,40,134,Dense (20+)
18265707,Desi Jugaad,Mayur Vihar Phase 2,28.6193114,77.30071865,25,34,151,Dense (20+)
18368006,Food Trax,Mayur Vihar Phase 2,28.61981733,77.30117932,26,35,148,Dense (20+)
18225277,Hub Tub,Mayur Vihar Phase 2,28.61965104,77.30196454,26,34,147,Dense (20+)
2936,Malabar Foods,Mayur Vihar Phase 2,28.6196099,77.3010973,26,35,149,Dense (20+)
18291201,Mitra Di Chaap,Mayur Vihar Phase 2,28.61961396,77.29992136,26,33,152,Dense (20+)
3854,New Hyderabadi Biryani House,Mayur Vihar Phase 2,28.6196741,77.301318,26,35,148,Dense (20+)
308831,New Madras Cafe,Mayur Vihar Phase 2,28.6189331,77.3050334,21,30,128,Dense (20+)
301062,Roll Club,Mayur Vihar Phase 2,28.619632,77.3003716,26,34,151,Dense (20+)
5186,Sanju Cool & Hot Hut,Mayur Vihar Phase 2,28.6199149,77.3009259,26,35,148,Dense (20+)
3851,Sethi's Kabab & Curries,Mayur Vihar Phase 2,28.6198516,77.3013079,26,35,147,Dense (20+)
305357,South Indian Fast Food,Mayur Vihar Phase 2,28.6186666,77.2970156,25,32,149,Dense (20+)
2019,Sweets and Spices,Mayur Vihar Phase 2,28.6196422,77.3008117,26,35,149,Dense (20+)
305370,Urban Degchi Kitchen & Bar,Mayur Vihar Phase 2,28.6194659,77.3008167,26,34,150,Dense (20+)
301053,Wah Ji Wah,Mayur Vihar Phase 2,28.619648,77.3003715,26,34,151,Dense (20+)
308844,Zaiqa Kathi Roll & Momos,Mayur Vihar Phase 2,28.6199122,77.3002431,26,34,152,Dense (20+)
308839,Duggal Snacks,Mayur Vihar Phase 2,28.6193502,77.3006489,25,34,151,Dense (20+)
18440191,Granny's Flavour,Mayur Vihar Phase 2,28.6195294,77.3014164,26,35,149,Dense (20+)
18203185,Moustache Coffee,Mayur Vihar Phase 2,28.61956952,77.30168425,26,35,148,Dense (20+)
301047,Pradeep Pav Bhaji,Mayur Vihar Phase 2,28.6194887,77.3020302,26,34,146,Dense (20+)
312492,Sandwich Factory,Mayur Vihar Phase 2,28.6192793,77.3011218,25,35,150,Dense (20+)
4672,Scorpio Cafe,Mayur Vihar Phase 2,28.6196855,77.3012169,26,35,148,Dense (20+)
311336,Veggie-Licious,Mayur Vihar Phase 2,28.6192865,77.3011572,25,35,150,Dense (20+)
18379056,Creamy Creation,Mayur Vihar Phase 2,28.623975,77.309698,9,35,83,Dense (20+)
18440185,Evergreen Food Corner,Mayur Vihar Phase 2,28.6191348,77.2979348,25,33,152,Dense (20+)
18440429,K.D Corner,Mayur Vihar Phase 2,28.6232139,77.3094479,1,40,84,Dense (20+)
2942,Slice Of Italy,Mayur Vihar Phase 2,28.6197374,77.3011572,26,35,148,Dense (20+)
301103,Anokha Chinese Hut,Mayur Vihar Phase 3,28.6038472,77.3296222,7,33,116,Dense (20+)
18292451,Bobby Dhaba & Caterers,Mayur Vihar Phase 3,28.6042683,77.33470056,8,45,115,Dense (20+)
9740,Clever Fox Cafe,Mayur Vihar Phase 3,28.6071702,77.3328617,12,33,106,Dense (20+)
301106,Dana Pani,Mayur Vihar Phase 3,28.6032214,77.3302432,8,30,118,Dense (20+)
6225,Hotel Malabar,Mayur Vihar Phase 3,28.6128083,77.3363682,15,27,83,Dense (20+)
301120,Lumbini Fast Point,Mayur Vihar Phase 3,28.6137147,77.3375211,15,24,81,Dense (20+)
307850,Mayur Restaurant,Mayur Vihar Phase 3,28.613483,77.3369722,15,24,82,Dense (20+)
18292449,MOC - The American Restaurant,Mayur Vihar Phase 3,28.61123545,77.33534496,16,29,92,Dense (20+)
301116,Muradabadi Chicken Biryani,Mayur Vihar Phase 3,28.6054308,77.3335984,9,45,114,Dense (20+)
8462,New Aggarwal Sweet Corner,Mayur Vihar Phase 3,28.6117841,77.3360236,16,27,91,Dense (20+)
309599,Pizza Castle,Mayur Vihar Phase 3,28.6103555,77.3351273,22,30,94,Dense (20+)
309499,Punjabi Dhaba,Mayur Vihar Phase 3,28.6014232,77.3292098,4,37,118,Dense (20+)
300958,Qureshi Chicken Corner,Mayur Vihar Phase 3,28.6132677,77.3364154,15,24,82,Dense (20+)
301105,Samarpan Fast Food,Mayur Vihar Phase 3,28.6101623,77.3365387,23,35,98,Dense (20+)
311228,Shaan-E-Tandoorz,Mayur Vihar Phase 3,28.6078313,77.3390604,9,35,105,Dense (20+)
6226,Sonu Sudh Bhojnalaya,Mayur Vihar Phase 3,28.6126674,77.336318,15,27,82,Dense (20+)
311229,The Test,Mayur Vihar Phase 3,28.6077552,77.3391034,8,35,105,Dense (20+)
306555,True Blue,Mayur Vihar Phase 3,28.6076461,77.3390881,8,36,106,Dense (20+)
301110,Zaika Kathi Rolls,Mayur Vihar Phase 3,28.6029222,77.3292915,4,30,117,Dense (20+)
304986,Baked Buns,Mayur Vihar Phase 3,28.6040454,77.3347657,7,44,115,Dense (20+)
311256,A One Muradabadi,Mayur Vihar Phase 3,28.6130176,77.336751,15,25,83,Dense (20+)
307847,Annapurna,Mayur Vihar Phase 3,28.6134753,77.3369792,15,24,82,Dense (20+)
18376492,Cake Walkers,Mayur Vihar Phase 3,28.61051668,77.33557563,22,30,95,Dense (20+)
6216,Harish And Sonu Sudh Bhojnalya,Mayur Vihar Phase 3,28.6082998,77.3340142,14,33,108,Dense (20+)
313360,Mitra Da Dhaba,Mayur Vihar Phase 3,28.6134959,77.3369754,15,24,82,Dense (20+)
18490756,Munchies Midnight Delivery,Mayur Vihar Phase 3,28.60584544,77.3363461,12,51,111,Dense (20+)
18375376,Muradabadi Chicken Corner,Mayur Vihar Phase 3,28.60777224,77.33908128,9,35,105,Dense (20+)
18089212,Riyaz Chicken Corner,Mayur Vihar Phase 3,28.6133824,77.337972,15,24,83,Dense (20+)
18375395,Romano's Pizza,Mayur Vihar Phase 3,28.61364897,77.3371065,15,24,84,Dense (20+)
18237719,Royal Spice,Mayur Vihar Phase 3,28.61080481,77.3351677,18,30,94,Dense (20+)
18082236,Sonu Bhojanalya,Mayur Vihar Phase 3,28.6038407,77.329599,6,33,116,Dense (20+)
18375383,The Deshi Bites,Mayur Vihar Phase 3,28.60797505,77.33913861,9,35,104,Dense (20+)
309979,Green Chick Chop,Mehrauli,28.5228127,77.1814052,7,14,54,Moderate (6-20)
18025093,Mahara Hotel,Mehrauli,28.5228887,77.1814337,7,14,56,Moderate (6-20)
307990,Malik Vegetarian Rasoi,Mehrauli,28.5227376,77.1818906,7,14,55,Moderate (6-20)
309517,Yash Aadi Food Corner,Mehrauli,28.5237475,77.1938889,15,33,133,Dense (20+)
18489842,#hashtag,Mehrauli,28.5222051,77.1818649,7,14,55,Moderate (6-20)
18350159,Al Zaika,Mehrauli,28.5244983,77.1912358,18,26,127,Dense (20+)
18375201,Ashiyan Foods,Mehrauli,28.5266192,77.1901673,15,26,126,Dense (20+)
18025127,Bake My Day,Mehrauli,28.5222187,77.1818522,7,14,55,Moderate (6-20)
18478990,Bhutani Chaap,Mehrauli,28.5222296,77.1818486,7,14,55,Moderate (6-20)
18433297,China Pan,Mehrauli,28.5265467,77.190347,15,26,127,Dense (20+)
18472695,Chinese Fast Food,Mehrauli,28.5279728,77.1919008,14,28,148,Dense (20+)
18415339,Dilkhush Punjabi Dhaba,Mehrauli,28.515336,77.1790259,0,9,49,Moderate (6-20)
311683,Dragun Hut,Mehrauli,28.5230624,77.1956559,6,36,138,Dense (20+)
313073,Giani's,Mehrauli,28.5266257,77.1873875,9,27,96,Dense (20+)
18415338,Kathi House,Mehrauli,28.5278328,77.192373,13,27,151,Dense (20+)
18168122,Kerala Kitchen & Restaurant,Mehrauli,28.527825,77.1937384,14,27,162,Dense (20+)
18478992,Retro Kichen,Mehrauli,28.5213242,77.1799022,7,10,54,Moderate (6-20)
18168124,The China Town,Mehrauli,28.525991,77.192244,19,19,137,Moderate (6-20)
18414506,The Urban Dhaba,Mehrauli,28.5278198,77.1937245,14,27,162,Dense (20+)
18409207,Twenty Four Seven,Mehrauli,28.5239134,77.1898485,9,26,117,Dense (20+)
6341,McDonald's,"Metro Walk Mall, Rohini",28.7240647,77.1135938,3,8,34,Moderate (6-20)
1951,Moti Mahal Delux Tandoori Trail,"Metro Walk Mall, Rohini",28.7240733,77.1136837,3,8,34,Moderate (6-20)
250,Pizza Hut,"Metro Walk Mall, Rohini",28.7241629,77.1136837,3,8,34,Moderate (6-20)
312753,Dill's Chawla Chik-Inn,MG Road,28.494557,77.1444781,15,17,25,Moderate (6-20)
312983,Tandoori Zaaika,MG Road,28.4785954,77.1280511,2,3,6,Light (1-5)
18492029,Aap Ki Khatir,MG Road,28.4932341,77.1482134,16,17,28,Moderate (6-20)
18489541,Aggarwal Sweets,MG Road,28.493198,77.1459577,16,17,26,Moderate (6-20)
18486862,Baskin Robbins,MG Road,28.5009424,77.1663774,3,11,15,Moderate (6-20)
18492025,Bikaner Sweets,MG Road,28.4940407,77.1651082,4,11,24,Moderate (6-20)
18352672,Bollywood Khana,MG Road,28.4798478,77.1257624,3,3,6,Light (1-5)
18489825,Cake And Bakes,MG Road,28.4941305,77.1449374,15,17,26,Moderate (6-20)
18340302,Cake Point,MG Road,28.4945103,77.1501341,11,17,29,Moderate (6-20)
18489819,Chinese Corner,MG Road,28.4940831,77.1451213,16,17,26,Moderate (6-20)
18175297,Choudhary Dhaba,MG Road,28.4930732,77.1462741,16,17,26,Moderate (6-20)
18034037,Green Chick Chop,MG Road,28.4932439,77.164633,4,10,28,Moderate (6-20)
18175282,Green Chick Chop,MG Road,28.4786827,77.1208414,2,3,31,Light (1-5)
18489532,Gujjar Dhaba,MG Road,28.4801014,77.124642,3,3,6,Light (1-5)
18277178,Hotel Aditi,MG Road,28.49366438,77.14572687,16,17,26,Moderate (6-20)
18408079,JMD Food Palace,MG Road,28.4975958,77.1603368,6,11,31,Moderate (6-20)
18232989,Kitchen Namaste,MG Road,28.4997301,77.1618543,7,11,31,Moderate (6-20)
18492033,Lajawab Chicken & Fish Fry,MG Road,28.4925721,77.1465358,16,17,26,Moderate (6-20)
18489832,Lotus Kitchen,MG Road,28.4945886,77.1444856,15,17,25,Moderate (6-20)
18467388,Manami Japanese Restaurant,MG Road,28.4968258,77.1604883,6,11,30,Moderate (6-20)
18175299,Manna Sweets & Restaurant,MG Road,28.49609444,77.14563056,17,17,26,Moderate (6-20)
18337908,Moets Curry Pot,MG Road,28.4996281,77.1442598,1,17,24,Moderate (6-20)
18463608,Mr. Sub,MG Road,28.500868,77.1663257,3,11,15,Moderate (6-20)
18489836,New Gaurav Dhaba,MG Road,28.5020291,77.1682117,2,9,18,Moderate (6-20)
18277163,Pandit Ji Ki Apni Rasoi,MG Road,28.4945867,77.1443624,15,17,25,Moderate (6-20)
18489545,Rajdhani Restaurant,MG Road,28.5456553,77.126809,52,95,101,Dense (20+)
18277176,Saraswati Food Corner,MG Road,28.494763,77.1457322,16,17,26,Moderate (6-20)
18175278,Shri Balaji Bhojnalaya,MG Road,28.4945672,77.1443655,15,17,25,Moderate (6-20)
18489808,Swadist Bhojnalaya,MG Road,28.494662,77.145774,16,17,26,Moderate (6-20)
18446867,Swiss Gourmessa,MG Road,28.4960891,77.162106,8,11,29,Moderate (6-20)
18486879,Truly Yours,MG Road,28.4975835,77.1603672,6,11,31,Moderate (6-20)
18489852,Uttrakhand Hotel,MG Road,28.4949478,77.1606287,7,10,29,Moderate (6-20)
18489804,Vandana Food Corner,MG Road,28.4946506,77.1457079,16,17,26,Moderate (6-20)
18489802,Zaika Biryani,MG Road,28.4936685,77.1457358,16,17,26,Moderate (6-20)
3207,Buzz,"MGF Metropolitan Mall, Saket",28.52954866,77.22022153,53,71,187,Dense (20+)
4752,Lighthouse 13,"MGF Metropolitan Mall, Saket",28.53013602,77.21950337,57,74,186,Dense (20+)
4830,Berco's,"MGF Metropolitan Mall, Saket",28.5293802,77.2200822,55,71,183,Dense (20+)
4341,The Great Kabab Factory,"MGF Metropolitan Mall, Saket",28.52937369,77.22012531,53,71,183,Dense (20+)
307237,The Tea Place by Manjushree,"MGF Metropolitan Mall, Saket",28.52987562,77.21996941,55,72,184,Dense (20+)
18260028,Victoria,"MGM Club, Daryaganj",28.6465486,77.242985,33,68,137,Dense (20+)
18317481,Aces - The Card Room,"MGM Club, Daryaganj",28.6463865,77.2431646,33,64,137,Dense (20+)
18317473,Curzon - The Royal Bar,"MGM Club, Daryaganj",28.6464675,77.2430748,33,67,137,Dense (20+)
18317479,London Eye - The Open Lounge,"MGM Club, Daryaganj",28.6464675,77.2430748,33,67,137,Dense (20+)
18317476,Lord's - The Sports Lounge,"MGM Club, Daryaganj",28.6463374,77.2431197,33,65,137,Dense (20+)
18317483,Viceroy - The Coffee Shop,"MGM Club, Daryaganj",28.6463865,77.2431646,33,64,137,Dense (20+)
312576,Munch Nation,Model Town 1,28.7053075,77.1957717,4,60,236,Dense (20+)
5347,"34, Chowringhee Lane",Model Town 2,28.7046135,77.1901231,37,69,227,Dense (20+)
300945,Any Time Food,Model Town 2,28.7060386,77.1906165,27,67,218,Dense (20+)
300934,Bikaner Sweet House,Model Town 2,28.7059577,77.1907064,28,67,220,Dense (20+)
3223,Domino's Pizza,Model Town 2,28.7058889,77.1899876,34,68,218,Dense (20+)
307554,Giani,Model Town 2,28.7057614,77.1905267,34,67,222,Dense (20+)
967,Grand Plaza,Model Town 2,28.7051811,77.1900774,35,69,220,Dense (20+)
6196,Great Wall,Model Town 2,28.7084444,77.1914251,24,50,185,Dense (20+)
18381220,Healthy Food Station,Model Town 2,28.7082825,77.1916048,24,51,189,Dense (20+)
2491,Hostess Tasty Bites,Model Town 2,28.7065192,77.190546,24,67,208,Dense (20+)
1041,Hot Pot,Model Town 2,28.7068586,77.1907078,24,66,203,Dense (20+)
982,Kabab Factory,Model Town 2,28.7086256,77.1914273,24,49,181,Dense (20+)
18352186,Keventers,Model Town 2,28.7060128,77.190347,27,67,219,Dense (20+)
9380,Krishna Sweet House,Model Town 2,28.7058031,77.1904379,34,67,219,Dense (20+)
1303,Mitraz,Model Town 2,28.7064175,77.1898978,24,66,210,Dense (20+)
18168462,Nut Khut Chaats & Snacks,Model Town 2,28.7066366,77.1905958,24,66,208,Dense (20+)
311734,Subway,Model Town 2,28.7061024,77.190347,26,67,217,Dense (20+)
2291,The Host,Model Town 2,28.7074189,77.19147,25,61,201,Dense (20+)
9427,Chacha Di Hatti,Model Town 2,28.7059747,77.1902762,28,67,218,Dense (20+)
5874,Cocoberry,Model Town 2,28.7050829,77.1899876,35,69,222,Dense (20+)
3375,Eating Corner,Model Town 2,28.7057958,77.1908861,35,67,225,Dense (20+)
312353,El Posto,Model Town 2,28.7057958,77.1908861,35,67,225,Dense (20+)
180,McDonald's,Model Town 2,28.7059465,77.1901224,33,67,217,Dense (20+)
18057822,Pizza Station,Model Town 2,28.7072177,77.1908398,24,63,200,Dense (20+)
6607,Puri Bakers,Model Town 2,28.7059982,77.1906614,27,67,218,Dense (20+)
18247031,JAIL - Behind The Bar,Model Town 2,28.705002,77.1900774,35,69,222,Dense (20+)
18264447,Curry Shurry,Model Town 3,28.7070075,77.1843721,9,53,133,Dense (20+)
300911,Frontier,Model Town 3,28.7094795,77.1854054,9,48,106,Dense (20+)
4090,Hari Om Bhojnalaya,Model Town 3,28.7084342,77.1847764,9,51,119,Dense (20+)
5729,Nirmal's,Model Town 3,28.7092918,77.1853155,9,48,108,Dense (20+)
309704,Sardar A Pure Meat Shop,Model Town 3,28.7077411,77.1845518,9,53,128,Dense (20+)
964,The Dragon Hucks,Model Town 3,28.7092918,77.1853155,9,48,108,Dense (20+)
307333,Green Chick Chop,Model Town 3,28.7070075,77.1843721,9,53,133,Dense (20+)
5765,New Arjun Bombay Pav Bhaji,Model Town 3,28.7084514,77.1849561,9,52,117,Dense (20+)
18037821,Sweeter Delight,Model Town 3,28.7093409,77.1853604,9,48,107,Dense (20+)
18400738,Madaari,Model Town 3,28.70696168,77.18417834,9,53,131,Dense (20+)
307730,Amritsari Express,"Moments Mall, Kirti Nagar",28.656862,77.1467199,38,86,131,Dense (20+)
305251,Barista,"Moments Mall, Kirti Nagar",28.657132,77.1467244,38,86,132,Dense (20+)
312087,Baskin Robbins,"Moments Mall, Kirti Nagar",28.6569524,77.1466016,38,86,132,Dense (20+)
18070503,Bikano's Chat Cafe,"Moments Mall, Kirti Nagar",28.6568605,77.1467395,38,86,131,Dense (20+)
18454460,Burger Singh,"Moments Mall, Kirti Nagar",28.6571714,77.1471307,36,84,131,Dense (20+)
18419902,Cafe Grub,"Moments Mall, Kirti Nagar",28.6567691,77.1466243,38,86,131,Dense (20+)
307356,Chicago Pizza,"Moments Mall, Kirti Nagar",28.6568454,77.1467447,38,86,130,Dense (20+)
8580,Cocoberry,"Moments Mall, Kirti Nagar",28.656802,77.146731,38,86,127,Dense (20+)
18324914,Dosa Plaza,"Moments Mall, Kirti Nagar",28.6568816,77.1467418,38,86,131,Dense (20+)
300473,Karim's,"Moments Mall, Kirti Nagar",28.6567624,77.1468835,37,86,124,Dense (20+)
306250,Kebab Xpress,"Moments Mall, Kirti Nagar",28.6568545,77.1467374,38,86,131,Dense (20+)
18356784,Keventers,"Moments Mall, Kirti Nagar",28.6568576,77.1467208,38,86,131,Dense (20+)
8373,KFC,"Moments Mall, Kirti Nagar",28.6571438,77.1467938,38,86,132,Dense (20+)
308101,Paranthas 21,"Moments Mall, Kirti Nagar",28.6568519,77.1468714,37,86,126,Dense (20+)
8840,Subway,"Moments Mall, Kirti Nagar",28.6570013,77.146751,38,86,132,Dense (20+)
18228870,Wow! Momo,"Moments Mall, Kirti Nagar",28.6571824,77.1469278,38,85,132,Dense (20+)
7066,Berco's,"Moments Mall, Kirti Nagar",28.6568579,77.1467263,38,86,131,Dense (20+)
305479,Dunkin' Donuts,"Moments Mall, Kirti Nagar",28.6568576,77.146741,38,86,131,Dense (20+)
8845,Giani's,"Moments Mall, Kirti Nagar",28.6568212,77.146642,38,86,131,Dense (20+)
7509,The Beer Cafe,"Moments Mall, Kirti Nagar",28.6570681,77.1466576,38,86,132,Dense (20+)
302715,Basil Tree,"Moments Mall, Kirti Nagar",28.656931,77.1469965,38,85,125,Dense (20+)
18241509,Chaayos,"Moments Mall, Kirti Nagar",28.6569808,77.146758,38,86,132,Dense (20+)
18277003,QD's Restaurant,"Moments Mall, Kirti Nagar",28.6571509,77.1468497,38,85,132,Dense (20+)
7547,Ada e Handi Restaurant,Moti Bagh,28.5796973,77.1701749,7,92,156,Dense (20+)
301236,Darjeeling Momos,Moti Bagh,28.5799686,77.1706691,7,99,158,Dense (20+)
18082630,Ingredients,Moti Bagh,28.57900639,77.18306556,1,15,188,Moderate (6-20)
7548,Al Quresh,Moti Bagh,28.5799748,77.1702647,6,101,157,Dense (20+)
310419,Angels in my Kitchen,Moti Bagh,28.5795586,77.1701299,7,86,152,Dense (20+)
4634,Aapki Rasoi,Moti Nagar,28.6575224,77.1420513,66,91,157,Dense (20+)
18228874,Bats On Delivery,Moti Nagar,28.6595295,77.1408316,38,87,165,Dense (20+)
312145,Burger Bros,Moti Nagar,28.6581968,77.142103,63,89,155,Dense (20+)
304585,Chinese Food Corner,Moti Nagar,28.6590321,77.1397456,42,86,172,Dense (20+)
312916,CL Snacks,Moti Nagar,28.6567779,77.1399797,52,90,167,Dense (20+)
313006,Kapoor's Sanjha Chulha,Moti Nagar,28.6578471,77.1401443,49,90,166,Dense (20+)
305861,King's,Moti Nagar,28.6576259,77.14251,64,90,154,Dense (20+)
9026,Kumar Hotel,Moti Nagar,28.6567194,77.1395053,51,89,172,Dense (20+)
309178,Kumar Pastry Shop,Moti Nagar,28.658983,77.1414135,40,87,161,Dense (20+)
18249097,Midnight Adda,Moti Nagar,28.6594663,77.139708,40,85,172,Dense (20+)
308880,Mughlaai Daawat,Moti Nagar,28.6617937,77.1414048,24,85,165,Dense (20+)
18241861,Pipes & Hipes,Moti Nagar,28.6588206,77.1433724,63,89,152,Dense (20+)
303589,Snaxpress Tastes & Cakes,Moti Nagar,28.6577012,77.1399344,49,89,166,Dense (20+)
311459,Veggie Adda,Moti Nagar,28.6590028,77.1398511,42,86,172,Dense (20+)
9053,C L Corner,Moti Nagar,28.6566565,77.1399823,52,90,167,Dense (20+)
312893,Chin 10,Moti Nagar,28.6570966,77.1411461,48,90,158,Dense (20+)
18273640,Kati Roll Cottage,Moti Nagar,28.6594485,77.1409215,38,87,164,Dense (20+)
308130,Kings Kulfi,Moti Nagar,28.6576448,77.1424685,64,90,154,Dense (20+)
5663,Paramjeet Machi Wala,Moti Nagar,28.6562368,77.1396116,52,91,172,Dense (20+)
18247005,Rajan Corner,Moti Nagar,28.6587838,77.1414608,40,88,161,Dense (20+)
18449827,Amit Dhaba,Moti Nagar,28.6576159,77.1389292,51,89,179,Dense (20+)
18342574,Apni Rasoi,Moti Nagar,28.6575323,77.1421854,66,91,155,Dense (20+)
304573,Chinese Corner,Moti Nagar,28.6588187,77.1428234,63,89,153,Dense (20+)
304586,Evergreen Punjabi Swad,Moti Nagar,28.6574122,77.1392457,51,89,175,Dense (20+)
18449629,Giani,Moti Nagar,28.6576022,77.1422037,66,91,155,Dense (20+)
18451179,Hot & Hot Shudhir Chinese Point,Moti Nagar,28.6581714,77.1411461,43,90,163,Dense (20+)
18451158,Hungerz Hub,Moti Nagar,28.6594736,77.1389966,41,85,173,Dense (20+)
18451166,Magic Mo:Mo Corner,Moti Nagar,28.6582366,77.1419683,61,89,156,Dense (20+)
18238245,Malhotra's Zayeeka,Moti Nagar,28.6574573,77.1391896,51,89,176,Dense (20+)
308110,Moji Dhaba,Moti Nagar,28.6621083,77.1461711,6,73,130,Dense (20+)
312213,Naughty 9 Kitchen & Bar,Moti Nagar,28.6570186,77.1414553,48,90,158,Dense (20+)
304469,Tirath Sweets,Moti Nagar,28.6570788,77.1400711,49,90,165,Dense (20+)
18451144,Tummyy Tull,Moti Nagar,28.6585987,77.1424589,62,89,154,Dense (20+)
4084,34 Parkstreet Lane,Mukherjee Nagar,28.7112918,77.2152884,43,61,146,Dense (20+)
310947,Bhikaram Bhujawala,Mukherjee Nagar,28.7006026,77.2086741,35,115,283,Dense (20+)
310989,Chawla The Pastry Palace,Mukherjee Nagar,28.7094307,77.2190493,38,57,142,Dense (20+)
18358295,Food Box,Mukherjee Nagar,28.7064006,77.2121775,10,85,213,Dense (20+)
18317756,Foody Box,Mukherjee Nagar,28.70477557,77.2137611,9,78,216,Dense (20+)
310936,Giani,Mukherjee Nagar,28.699566,77.2081351,40,114,289,Dense (20+)
308796,Green Chick Chop,Mukherjee Nagar,28.7117849,77.2160401,43,59,138,Dense (20+)
18241893,Hyderabad Spl. Chicken Biryani Point,Mukherjee Nagar,28.7105973,77.2151578,43,62,158,Dense (20+)
18363053,Keshar,Mukherjee Nagar,28.7102543,77.2118241,35,69,203,Dense (20+)
310997,Madras Cafe,Mukherjee Nagar,28.6995605,77.2083401,39,114,294,Dense (20+)
6629,Milan Chole Bhature,Mukherjee Nagar,28.7129957,77.215591,32,58,134,Dense (20+)
302685,New Laxmi Sweets,Mukherjee Nagar,28.7110956,77.2146979,43,64,155,Dense (20+)
18241860,Pasta Hub,Mukherjee Nagar,28.7123548,77.2156863,43,59,137,Dense (20+)
2920,Patna Roll Center,Mukherjee Nagar,28.7111617,77.2151419,43,62,148,Dense (20+)
18238281,Refuel,Mukherjee Nagar,28.7064044,77.2123452,10,85,213,Dense (20+)
18204485,Saara Veg,Mukherjee Nagar,28.7115878,77.2163058,44,59,138,Dense (20+)
18126086,SGF - Spice Grill Flame,Mukherjee Nagar,28.7103677,77.2077758,12,55,215,Dense (20+)
9031,Shivam Corner,Mukherjee Nagar,28.7108844,77.2144524,43,65,159,Dense (20+)
18254532,Swad Mubarak,Mukherjee Nagar,28.7125884,77.2155461,41,59,136,Dense (20+)
18380219,The Little Fork,Mukherjee Nagar,28.7135608,77.2162337,28,57,131,Dense (20+)
18258473,The Metro Fast Food,Mukherjee Nagar,28.7091523,77.2137944,45,66,201,Dense (20+)
303602,Tibet Kujing,Mukherjee Nagar,28.7054069,77.2120877,9,92,217,Dense (20+)
18396163,Yummy Adda,Mukherjee Nagar,28.7120622,77.21613,43,59,137,Dense (20+)
18485962,Bawarchi's Canteen,Mukherjee Nagar,28.70302109,77.21114504,17,77,241,Dense (20+)
18421485,Bikaner Restaurant,Mukherjee Nagar,28.699566,77.2081351,40,114,289,Dense (20+)
18363044,Bikaner Sweets Chaat cafe,Mukherjee Nagar,28.7092739,77.2184653,42,59,148,Dense (20+)
18424171,Brijwasi,Mukherjee Nagar,28.7122793,77.215591,43,59,137,Dense (20+)
18363051,Chaap Chaska,Mukherjee Nagar,28.7103505,77.2090651,12,67,203,Dense (20+)
18449788,Delhi Chaap Express,Mukherjee Nagar,28.7102021,77.2054728,11,41,237,Dense (20+)
18466410,Delhi Chaat Bhandar,Mukherjee Nagar,28.7130677,77.2087734,8,50,150,Dense (20+)
18107851,Delhite Pí¢tisserie,Mukherjee Nagar,28.7102675,77.2150185,44,62,169,Dense (20+)
18466408,Desi Dhaba,Mukherjee Nagar,28.7142165,77.2090968,6,48,119,Dense (20+)
18466400,Desi Thaat Amritsari Naan,Mukherjee Nagar,28.7146792,77.2091154,5,45,115,Dense (20+)
18361765,Dhaba Express,Mukherjee Nagar,28.7115817,77.2214682,15,47,116,Dense (20+)
18424169,Flavours Kitchen,Mukherjee Nagar,28.7118254,77.2159952,43,59,138,Dense (20+)
18449653,Food Campus,Mukherjee Nagar,28.7140298,77.2163995,27,56,121,Dense (20+)
18449786,Fresh Fast Food,Mukherjee Nagar,28.7091683,77.2187711,40,58,146,Dense (20+)
18449647,Happy Italiano,Mukherjee Nagar,28.7119855,77.2148134,38,61,141,Dense (20+)
18361779,Haryana Bhojnalaya,Mukherjee Nagar,28.7092358,77.2187133,40,58,146,Dense (20+)
18363048,Hasty Tasty,Mukherjee Nagar,28.7110206,77.2146029,43,65,156,Dense (20+)
310954,Inam Muradabadi,Mukherjee Nagar,28.7089822,77.2187785,37,59,148,Dense (20+)
312413,Just In,Mukherjee Nagar,28.7094798,77.2190942,38,57,141,Dense (20+)
18361767,Jyoti Dhaba,Mukherjee Nagar,28.7099879,77.2187376,43,55,139,Dense (20+)
18421473,Lasha Chinese Food,Mukherjee Nagar,28.7066288,77.2122224,11,81,212,Dense (20+)
310995,Lasha Chinese Food,Mukherjee Nagar,28.7111101,77.2211601,17,47,120,Dense (20+)
18421475,Lily Tasty Fast Food,Mukherjee Nagar,28.7062833,77.2122334,10,85,213,Dense (20+)
18418268,Maa Vaishno Dinesh Dhaba,Mukherjee Nagar,28.7106791,77.2156892,43,62,152,Dense (20+)
18421459,Madras Cafe,Mukherjee Nagar,28.7105709,77.2157015,43,62,154,Dense (20+)
18361771,NIK's Chicken Corner,Mukherjee Nagar,28.7089927,77.2188042,37,59,148,Dense (20+)
18241864,Om Shanti Foods,Mukherjee Nagar,28.7094348,77.2185861,42,58,144,Dense (20+)
18449657,Panj Tara,Mukherjee Nagar,28.7117332,77.2160901,44,59,138,Dense (20+)
18396177,Pasta Pizza & Roll Hut,Mukherjee Nagar,28.7140827,77.2090421,6,48,123,Dense (20+)
18449639,Pheva Tandooris,Mukherjee Nagar,28.7103288,77.2156916,43,62,157,Dense (20+)
18357954,Punjabi Delight,Mukherjee Nagar,28.7126375,77.215591,41,59,135,Dense (20+)
310965,Punjabi Parantha Station and Punjabi Thali,Mukherjee Nagar,28.7122793,77.215591,43,59,137,Dense (20+)
18418278,Punjabi Paratha Station,Mukherjee Nagar,28.7122793,77.215591,43,59,137,Dense (20+)
18449664,Raja Rasoi,Mukherjee Nagar,28.7093643,77.2187996,41,57,144,Dense (20+)
311009,Singh Chicken,Mukherjee Nagar,28.7104357,77.2155653,43,62,156,Dense (20+)
310988,Special Tea Point,Mukherjee Nagar,28.709454,77.2188247,41,57,143,Dense (20+)
18421461,Spl. Flavour Sodas & Fruit shakes,Mukherjee Nagar,28.7102514,77.208094,11,56,208,Dense (20+)
310952,Student Corner,Mukherjee Nagar,28.7091854,77.2188247,40,58,146,Dense (20+)
18449667,Taneja Corner,Mukherjee Nagar,28.7093068,77.2188953,40,57,144,Dense (20+)
18449661,Taste Zone,Mukherjee Nagar,28.7095569,77.2192812,38,56,141,Dense (20+)
18449643,Tea Point,Mukherjee Nagar,28.7120416,77.2146844,34,61,142,Dense (20+)
300791,West Bangal Kolkata Hot Kathi Rolls,Mukherjee Nagar,28.7111556,77.2155461,43,61,146,Dense (20+)
300264,Asli Alam Muradabadi Biryani Centre,Munirka,28.5581521,77.1715403,35,92,155,Dense (20+)
18425751,Cafe Rasoi,Munirka,28.5589002,77.1713073,31,92,156,Dense (20+)
7388,Chinese Food,Munirka,28.5568282,77.1742101,38,69,184,Dense (20+)
311485,Green Chick Chop,Munirka,28.5554352,77.1750799,30,51,199,Dense (20+)
2870,Hasty Tasty,Munirka,28.5550108,77.1759375,25,51,202,Dense (20+)
18397908,Hunter's Kitchen,Munirka,28.5581944,77.171471,35,92,155,Dense (20+)
312765,Manahang Restaurant,Munirka,28.5569323,77.1710298,37,82,146,Dense (20+)
5879,Mezbaan Restaurant,Munirka,28.5557779,77.1744294,38,59,194,Dense (20+)
304621,Moon Light Sweets,Munirka,28.551484,77.173877,8,51,142,Dense (20+)
18472788,North East Castle,Munirka,28.5550022,77.1759362,25,51,202,Dense (20+)
309510,Pizza Point,Munirka,28.556519,77.1720143,38,80,145,Dense (20+)
300259,Roll Point,Munirka,28.5568582,77.1716444,38,79,146,Dense (20+)
310430,Sanjha Tandoor,Munirka,28.554897,77.1760003,25,51,203,Dense (20+)
300273,Sayyam,Munirka,28.5563417,77.1719392,40,78,145,Dense (20+)
7393,Shiv Bhojnalaya,Munirka,28.5568492,77.1741505,38,69,180,Dense (20+)
311451,Subway,Munirka,28.5586338,77.1707693,31,92,151,Dense (20+)
7240,Take Away,Munirka,28.556875,77.1717215,38,80,146,Dense (20+)
300268,Vedanta's,Munirka,28.5563192,77.1718939,40,78,144,Dense (20+)
310328,Asian Chopstick,Munirka,28.553128,77.1686131,9,79,145,Dense (20+)
309471,Chinese Delights,Munirka,28.5556707,77.175016,30,52,201,Dense (20+)
18383522,Dezertfox,Munirka,28.5532273,77.1682791,5,80,145,Dense (20+)
18424615,Aggarwal Sweets,Munirka,28.5555979,77.1751965,30,51,201,Dense (20+)
18425758,Aggarwal Sweets,Munirka,28.5588962,77.1708462,31,93,155,Dense (20+)
18425178,Al Meraj Chicken Shop,Munirka,28.5587394,77.1707986,31,93,152,Dense (20+)
18354994,Chinese Food Corner,Munirka,28.5568298,77.1729675,38,83,158,Dense (20+)
18146362,Creative Food House,Munirka,28.5582757,77.1714827,35,92,156,Dense (20+)
18425175,D.A.A.,Munirka,28.5569236,77.1709048,37,82,146,Dense (20+)
18225831,Dee Cake Shop,Munirka,28.5551434,77.1745474,30,55,189,Dense (20+)
18354988,Jaca Restaurant,Munirka,28.5563007,77.1721867,39,79,146,Dense (20+)
18425772,King Of Roll,Munirka,28.5564964,77.1719215,39,79,145,Dense (20+)
18354998,Kirti Food Plaza,Munirka,28.5580838,77.1706433,31,85,148,Dense (20+)
18354992,KT's Shik-Shack,Munirka,28.5567681,77.1730086,38,83,158,Dense (20+)
309509,Namaste Restaurant,Munirka,28.5586286,77.1708774,31,92,152,Dense (20+)
18423905,Nishaj Chicken Corner,Munirka,28.5566765,77.1716186,39,78,145,Dense (20+)
18357566,Royal Bakery,Munirka,28.5577256,77.1727207,38,92,161,Dense (20+)
18425768,S.R. Bakers,Munirka,28.5568164,77.1718111,38,80,146,Dense (20+)
18472683,Shree Vinayaga Restaurant,Munirka,28.5560668,77.1742272,38,67,191,Dense (20+)
18425739,The Cake Basket,Munirka,28.5589502,77.1713649,31,92,156,Dense (20+)
18468524,The Pure Kitchen,Munirka,28.5266192,77.1901673,15,26,126,Dense (20+)
18354996,The Yolmo Kitchen,Munirka,28.5588623,77.170693,30,93,152,Dense (20+)
18229077,Zawlbuk,Munirka,28.5566063,77.1718481,39,79,145,Dense (20+)
300275,Anupam Restaurant,Munirka,28.5581547,77.1732311,38,93,168,Dense (20+)
9251,Bobby Di Punjabi Rasoi,Najafgarh,28.6134511,76.9857462,11,26,38,Dense (20+)
18471235,Aditya Da Vaishno Dhaba,Najafgarh,28.6180639,77.012198,3,3,11,Light (1-5)
306695,Aggarwal Bikaner Sweets,Najafgarh,28.5589382,77.0036364,2,3,3,Light (1-5)
9281,Aggarwal Sweet Centre,Najafgarh,28.6096384,76.9854417,14,27,38,Dense (20+)
18432222,Anjel China & Tibetian Food,Najafgarh,28.5607897,77.0024495,2,3,3,Light (1-5)
18471254,Annpurna Rasoi,Najafgarh,28.6283564,76.9967933,1,1,16,Light (1-5)
18371414,Apni Rasoi,Najafgarh,28.5910043,76.9969561,5,6,11,Moderate (6-20)
306678,Bajrang Misthan Bhawan,Najafgarh,28.6053412,76.9869396,9,25,41,Dense (20+)
18371416,Bake Town,Najafgarh,28.6125711,76.9906888,10,23,40,Dense (20+)
18361199,Bikaner Sweets & Restaurant,Najafgarh,28.6157878,76.9759687,2,16,37,Moderate (6-20)
312620,Brown Town Bakers,Najafgarh,28.6076142,76.9847266,9,29,38,Dense (20+)
18432206,Captain Food Factory,Najafgarh,28.610581,76.9817555,11,31,39,Dense (20+)
311394,Cheffron Bakery,Najafgarh,28.6103695,76.9718366,5,12,37,Moderate (6-20)
18471270,Chicken Darwar,Najafgarh,28.6361375,76.9622705,2,2,2,Light (1-5)
313349,Chili's Treat,Najafgarh,28.6107987,76.9807734,7,26,39,Dense (20+)
18359302,Chilli Tadka,Najafgarh,28.6315566,77.0003579,1,1,6,Light (1-5)
18352287,Chinese Food Point,Najafgarh,28.601061,76.9886171,3,10,41,Moderate (6-20)
9262,Chinese Temptation,Najafgarh,28.6130492,76.9856908,13,26,37,Dense (20+)
18469981,Dana Pani,Najafgarh,28.6170305,77.0094083,3,3,12,Light (1-5)
18349922,Dev Sweets & Restaurant,Najafgarh,28.590591,77.0028244,2,6,9,Moderate (6-20)
18432214,Dilli Darbar Chicken Point,Najafgarh,28.5906017,76.9935221,3,6,12,Moderate (6-20)
310357,Food Point and Sweets Corner,Najafgarh,28.6119984,76.9911162,6,22,40,Dense (20+)
18429155,Green Chick Chop,Najafgarh,28.6072328,76.9858424,9,27,41,Dense (20+)
18471319,Grover Burfee & Cakes,Najafgarh,28.6095844,76.9853771,14,30,38,Dense (20+)
18471263,Hans's Planet-F,Najafgarh,28.5605204,77.0025685,2,3,3,Light (1-5)
18432200,Hotel Delhi 43,Najafgarh,28.6210795,76.9872421,0,6,36,Moderate (6-20)
18430911,Kanhaiya Fast Food,Najafgarh,28.6135195,76.9858415,11,26,38,Dense (20+)
18354672,Karol Bagh Ke Chhole Bhature,Najafgarh,28.5996154,76.9890278,3,6,39,Moderate (6-20)
18352275,King's Food,Najafgarh,28.6159872,76.9736469,1,11,36,Moderate (6-20)
303500,Lamba Sweets Corner,Najafgarh,28.6110748,76.9752946,6,16,39,Moderate (6-20)
18431998,Laxmi Food Corner,Najafgarh,28.6130409,76.9856999,13,26,37,Dense (20+)
18430900,Lounge Bakery,Najafgarh,28.5910291,77.0006609,3,6,10,Moderate (6-20)
18313125,Mehtaab Sweet Corner & Restaurant,Najafgarh,28.6360808,76.9621244,2,2,2,Light (1-5)
18430579,Melting Food Point,Najafgarh,28.5653143,77.0005841,0,3,3,Light (1-5)
8957,Mithla Dhabha,Najafgarh,28.6121768,76.9910272,6,22,40,Dense (20+)
9635,Mittal Caterer,Najafgarh,28.6091697,76.9852777,14,30,38,Dense (20+)
18352288,Mittal Restaurant & Fast Food,Najafgarh,28.6091697,76.9852777,14,30,38,Dense (20+)
18349914,NBC Nirankari Bakers,Najafgarh,28.6112347,76.9753189,6,15,39,Moderate (6-20)
18430569,Pind Balluchi,Najafgarh,28.6179639,77.0117519,3,3,8,Light (1-5)
18361211,Prem Chinese Fast Food,Najafgarh,28.6090439,76.9654941,1,7,22,Moderate (6-20)
18471287,Punjabi Rasoi,Najafgarh,28.6359913,76.9622191,2,2,2,Light (1-5)
304393,Punjabi Special,Najafgarh,28.6098677,76.9923844,6,22,37,Dense (20+)
18361217,Radhe Shyam Dhaba,Najafgarh,28.609072,76.9638597,1,3,12,Light (1-5)
5483,Raj Rasoi,Najafgarh,28.6127374,76.9910765,6,22,40,Dense (20+)
9271,Raju De Special Paneer Wale,Najafgarh,28.6100946,76.9856215,13,26,38,Dense (20+)
304610,Sangeeta Dhaba,Najafgarh,28.6164413,77.0076551,3,3,12,Light (1-5)
303537,Sat Narayan Fast Food,Najafgarh,28.6112432,76.9753796,6,17,39,Moderate (6-20)
18430576,Shahi Chicken Point,Najafgarh,28.5905484,76.993457,3,6,12,Moderate (6-20)
304405,Sharma Sweets,Najafgarh,28.6169779,76.9838181,5,23,39,Dense (20+)
18471313,Shere Hind Chicken Corner,Najafgarh,28.6088552,76.9856129,11,27,38,Dense (20+)
306710,Shiv Shakti Dhaba,Najafgarh,28.6123474,76.9909045,6,22,40,Dense (20+)
18430570,Shree Shyam Sweets,Najafgarh,28.6024678,76.9879296,4,13,42,Moderate (6-20)
303497,Shri Shyam Ji Shudh Shakahari Bhojnalaya,Najafgarh,28.6112536,76.9748922,5,12,39,Moderate (6-20)
18270343,Sky Hawk,Najafgarh,28.6032958,76.9877493,5,14,43,Moderate (6-20)
18361200,Snack Shack,Najafgarh,28.6101996,76.9711827,5,11,37,Moderate (6-20)
18261678,Soya Bite's,Najafgarh,28.6150289,76.9840836,6,29,39,Dense (20+)
18317507,Soya Bite's,Najafgarh,28.6124522,76.9909279,6,22,40,Dense (20+)
9269,Taj Mahal Dhaba,Najafgarh,28.5906226,76.9932051,3,6,12,Moderate (6-20)
18363067,Yadav Sweets,Najafgarh,28.613206,76.9797118,7,24,39,Dense (20+)
18371421,Yummy Chinese Food,Najafgarh,28.5914718,77.0007571,3,6,10,Moderate (6-20)
304809,Aggarwal Sweets Corner,Nangloi,28.69273348,77.08195768,3,4,13,Light (1-5)
304769,Anand Sweets,Nangloi,28.6827398,77.0690735,9,18,28,Moderate (6-20)
304803,Annapurna Sweets Palace,Nangloi,28.6934044,77.0820784,3,3,13,Light (1-5)
18261151,Aujla's Punjabi Zaika,Nangloi,28.6521647,77.0700586,2,4,46,Light (1-5)
18464636,Baba Ji,Nangloi,28.67897397,77.06540443,13,19,23,Moderate (6-20)
18017260,Babu Soup Wala,Nangloi,28.6818432,77.0681466,10,18,28,Moderate (6-20)
304753,Baketown By Gagan Bakers,Nangloi,28.68232512,77.05472823,0,0,26,Isolated (0)
18464641,Bala Ji Rasoi,Nangloi,28.67583363,77.06247076,9,17,24,Moderate (6-20)
304822,Bansiwala Sweets & Caterers,Nangloi,28.68263808,77.02933475,2,2,4,Light (1-5)
18312665,Best Chicken Corner,Nangloi,28.6823752,77.0688571,9,18,28,Moderate (6-20)
9181,Bhardwaj Bakery,Nangloi,28.67784092,77.06424572,11,18,24,Moderate (6-20)
18435332,Bikaner Sweets & Restaurant,Nangloi,28.6927975,77.0820767,3,3,13,Light (1-5)
18261710,Classic Chef Corner,Nangloi,28.68202569,77.03108288,2,4,4,Light (1-5)
18312662,Dabas Ke Special Chole Bhature,Nangloi,28.68247071,77.0287839,2,2,4,Light (1-5)
18322599,Daily Belly,Nangloi,28.6821182,77.0408396,1,2,5,Light (1-5)
9226,Deep Bakery And Cake,Nangloi,28.6803916,77.066475,14,19,22,Moderate (6-20)
305699,Dilkhush Dhaba,Nangloi,28.6819199,77.0695034,8,18,31,Moderate (6-20)
9194,Do Bhai Paneer Wale And Sweets,Nangloi,28.6801056,77.0662951,14,19,22,Moderate (6-20)
304888,Dosa and Pizza Corner,Nangloi,28.6833297,77.0690832,9,16,27,Moderate (6-20)
306177,Gulati Ki Rasoi,Nangloi,28.69123205,77.0719688,0,5,25,Light (1-5)
18261708,JMD Family Restaurant,Nangloi,28.6467438,77.0228319,2,2,2,Light (1-5)
9173,Jyoti Sweets,Nangloi,28.6761455,77.0625067,9,18,24,Moderate (6-20)
304831,Khana Khazana,Nangloi,28.68654323,77.07009997,3,12,26,Moderate (6-20)
9176,Krishna Panjabi Rasoi,Nangloi,28.6743958,77.06082389,3,13,23,Moderate (6-20)
18233572,Lazeez Zaika,Nangloi,28.6646411,77.0528602,1,2,11,Light (1-5)
18464649,Mannat Chinese Fast Food,Nangloi,28.64669598,77.02514146,2,2,2,Light (1-5)
18375389,Pizza Hot,Nangloi,28.68209451,77.04071805,1,2,5,Light (1-5)
18466387,Raju Fast Food,Nangloi,28.66742137,77.06034612,0,5,25,Light (1-5)
304782,Ramesh Caterers & Dhaba,Nangloi,28.6536022,77.0721833,2,2,43,Light (1-5)
18261719,Sethi's Express,Nangloi,28.6529874,77.0713543,2,4,44,Light (1-5)
18466389,Shahi Chicken Biryani Corner,Nangloi,28.69252378,77.08171561,3,4,13,Light (1-5)
18378051,Spicy Curry,Nangloi,28.6812756,77.0672844,14,19,28,Moderate (6-20)
7484,Super Star Restaurant,Nangloi,28.66539,77.053748,1,2,13,Light (1-5)
18464634,Swagi Food Corner,Nangloi,28.68172684,77.06931744,10,18,31,Moderate (6-20)
18464647,Taoji Ke Amratsari Naan,Nangloi,28.64712056,77.02335276,2,2,2,Light (1-5)
18371391,TCW Chaat Point,Nangloi,28.6779685,77.0642756,11,18,24,Moderate (6-20)
18017240,The Food Express,Nangloi,28.678402,77.064828,11,18,24,Moderate (6-20)
18464640,The Pizza Family,Nangloi,28.67799829,77.06413608,11,18,24,Moderate (6-20)
18261161,The Regal Chicken Corner,Nangloi,28.6763063,77.0626796,9,17,24,Moderate (6-20)
18464638,Welcome Rasoi,Nangloi,28.67898074,77.0654346,13,19,23,Moderate (6-20)
302694,Agarwal Sweets,Naraina,28.6321812,77.1384794,15,31,96,Dense (20+)
18358184,Aurangzeb Rd,Naraina,28.6282528,77.136724,19,35,79,Dense (20+)
8715,Bengali Sweet Corner,Naraina,28.6324507,77.1384323,14,31,107,Dense (20+)
641,Cafe Coffee Day,Naraina,28.6287097,77.1367966,20,36,90,Dense (20+)
308033,Chinese K. Food,Naraina,28.6276292,77.1462701,10,28,47,Dense (20+)
307099,Chocowell,Naraina,28.628999,77.137174,20,40,82,Dense (20+)
18312575,Choice,Naraina,28.6256939,77.1341651,16,31,82,Dense (20+)
18312652,Desi Street,Naraina,28.6233571,77.1354441,14,28,60,Dense (20+)
310666,Enigma Lounge,Naraina,28.6309493,77.1384175,16,36,84,Dense (20+)
7434,Flavors Of London,Naraina,28.6199849,77.1380897,10,18,48,Moderate (6-20)
305859,Frontier,Naraina,28.6298959,77.137511,18,37,91,Dense (20+)
308037,Green Chick Chop,Naraina,28.631853,77.1385567,16,33,87,Dense (20+)
18435837,Hot House Grill,Naraina,28.6238474,77.1556191,3,4,44,Light (1-5)
18441658,Kanshi Ram Chole Kulche Wala,Naraina,28.6242844,77.1559168,3,4,42,Light (1-5)
558,Kents Fast Food,Naraina,28.6327034,77.1381832,13,31,115,Dense (20+)
300485,Paharia Meat & Chicken Shop,Naraina,28.6314816,77.1468968,11,24,49,Dense (20+)
7416,Palji Corner,Naraina,28.6323154,77.148368,7,18,49,Moderate (6-20)
301927,Paratha Hi Paratha,Naraina,28.6203669,77.1365287,10,21,52,Dense (20+)
18288199,Picasso Roof Top,Naraina,28.6268623,77.1354417,13,32,83,Dense (20+)
301931,RK Dosa,Naraina,28.6285958,77.1451395,11,29,47,Dense (20+)
311385,Sandoz,Naraina,28.6291147,77.1371626,20,40,87,Dense (20+)
7419,Satkar Fast Food,Naraina,28.6276237,77.1462754,10,28,47,Dense (20+)
18241874,The Earthen Grill,Naraina,28.6238747,77.1556452,3,4,44,Light (1-5)
303250,Twenty Four Seven,Naraina,28.6299888,77.1375944,18,37,87,Dense (20+)
313163,A Patisseries Gallery,Naraina,28.6286201,77.14178972,16,39,50,Dense (20+)
18398504,Aggarwal Bikaneri Sweets,Naraina,28.6322418,77.14808,8,18,49,Moderate (6-20)
301932,Aggarwal Sweets & Bakers,Naraina,28.6223499,77.1357642,13,25,59,Dense (20+)
18312572,Avatar Da Dhaba,Naraina,28.6205175,77.1364744,10,21,52,Dense (20+)
18371399,Bengali Restaurant,Naraina,28.6223489,77.1358184,13,25,59,Dense (20+)
18431177,Biryani Express,Naraina,28.6286826,77.136788,20,36,90,Dense (20+)
18371405,Brahm Point Fast Food,Naraina,28.6319525,77.137828,15,30,105,Dense (20+)
312926,Chinese Hot,Naraina,28.6244092,77.1558888,3,4,43,Light (1-5)
18431181,Diya Chinese Food,Naraina,28.6312058,77.146829,11,24,49,Dense (20+)
18431187,Foodies,Naraina,28.6220182,77.1362918,12,24,56,Dense (20+)
18393288,Fresh Meat CO,Naraina,28.6281257,77.1368633,18,37,73,Dense (20+)
8718,Hans Fast Food Center,Naraina,28.6317769,77.1383317,16,33,89,Dense (20+)
18462571,Happy Hours,Naraina,28.6223096,77.1357857,12,25,59,Dense (20+)
18460302,Khalsa Eating Point,Naraina,28.6271441,77.1470434,9,25,47,Dense (20+)
18431183,Krishna Yummy Foods,Naraina,28.6311566,77.1469131,11,24,49,Dense (20+)
301925,Laxmi Dhaba,Naraina,28.6204842,77.136184,10,21,53,Dense (20+)
301885,Milan Shudh Vaishno,Naraina,28.6253211,77.134618,16,31,74,Dense (20+)
18295497,Milko Sweets Corner,Naraina,28.622227,77.1356151,12,24,60,Dense (20+)
18460299,New Punjabi Chaap Corner,Naraina,28.6308841,77.1465469,11,27,49,Dense (20+)
1973,Nik's Chawla Chik Inn,Naraina,28.6292946,77.1371165,19,40,91,Dense (20+)
18369770,Paras Corner,Naraina,28.6314962,77.1468595,11,24,49,Dense (20+)
312848,Punjabi Tadka,Naraina,28.6296677,77.146539,12,28,49,Dense (20+)
18429186,Shahi Hyderbadi Biryani,Naraina,28.6213659,77.1363776,11,24,55,Dense (20+)
18416741,Urban Palate,Naraina,28.6267926,77.1350843,15,31,86,Dense (20+)
18464625,China Kitchen,Narela,28.84061467,77.12731652,0,0,0,Isolated (0)
18435330,Chowringhee,Narela,28.8002781,77.0356003,1,1,2,Light (1-5)
18435326,D-Food,Narela,28.80619877,77.04952508,0,0,2,Isolated (0)
18464648,Kith N Kin Cafeteria,Narela,28.84056856,77.09081333,0,0,3,Isolated (0)
18464629,Lazeez Rasoi,Narela,28.85517216,77.08952788,2,2,3,Light (1-5)
18435322,Red Rose Restaurant,Narela,28.85192847,77.0880292,2,2,3,Light (1-5)
18014151,Shri Bikaner Sweets & Restaurant,Narela,28.79751667,77.03510278,1,1,2,Light (1-5)
18375378,Welcome Family Restaurant,Narela,28.85510345,77.0895081,2,2,3,Light (1-5)
310408,Al Bake,Nehru Place,28.5489159,77.252055,58,131,342,Dense (20+)
1185,Americana Kitchen and Bar,Nehru Place,28.5501583,77.2509774,60,123,344,Dense (20+)
5536,Bawa Snacks Corner,Nehru Place,28.548633,77.2541182,57,124,327,Dense (20+)
18393213,Bhimsain's Bengali Sweet House,Nehru Place,28.5478786,77.2515162,65,143,358,Dense (20+)
308336,Cafe Coffee Day,Nehru Place,28.5490183,77.2531326,57,129,331,Dense (20+)
637,Cafe Coffee Day,Nehru Place,28.549693,77.2507978,58,131,349,Dense (20+)
313159,Dolce Gelato,Nehru Place,28.5478742,77.2524142,65,143,351,Dense (20+)
3608,Domino's Pizza,Nehru Place,28.5501668,77.2510672,60,123,343,Dense (20+)
3636,Gopala,Nehru Place,28.5484867,77.2523434,62,141,340,Dense (20+)
312790,New Punjabi Khana,Nehru Place,28.5486641,77.2528555,59,131,339,Dense (20+)
5537,New Vishal Corner,Nehru Place,28.5482884,77.252055,62,146,346,Dense (20+)
308347,Punjabi Khana,Nehru Place,28.5492872,77.2531326,57,126,330,Dense (20+)
2602,Rajshree,Nehru Place,28.5491128,77.2509473,57,138,358,Dense (20+)
3638,Snack Junction,Nehru Place,28.5485744,77.2522346,61,141,341,Dense (20+)
18017281,Sona,Nehru Place,28.5483354,77.251606,63,145,351,Dense (20+)
3607,Southy,Nehru Place,28.549901,77.250474,60,129,349,Dense (20+)
3069,The First Floor,Nehru Place,28.5487963,77.2526836,58,131,338,Dense (20+)
18268390,Hype,Nehru Place,28.5498766,77.2498998,61,133,354,Dense (20+)
196,McDonald's,Nehru Place,28.5501754,77.251157,59,122,343,Dense (20+)
5487,New Punjabi Khana,Nehru Place,28.5490569,77.250708,58,141,359,Dense (20+)
308331,Pizza Hut Delivery,Nehru Place,28.5498979,77.2510672,58,126,345,Dense (20+)
18126080,Shree Rathnam,Nehru Place,28.5490976,77.2511424,58,135,356,Dense (20+)
148,Subway,Nehru Place,28.5501754,77.251157,59,122,343,Dense (20+)
18412898,Al Mughal,Nehru Place,28.5487046,77.2521897,59,136,341,Dense (20+)
5528,Anupama Restaurant,Nehru Place,28.5478786,77.2515162,65,143,358,Dense (20+)
17953929,Cafe Einstein,Nehru Place,28.5473151,77.2512468,70,140,358,Dense (20+)
18355121,Delicious Eating Corner,Nehru Place,28.5471678,77.2511121,71,140,359,Dense (20+)
9210,Gupta Rasoi,Nehru Place,28.5494455,77.2500794,59,133,358,Dense (20+)
2703,Paras Chicken Point,Nehru Place,28.547266,77.2512019,71,140,358,Dense (20+)
18478963,Ralhan Eating Corner,Nehru Place,28.5471755,77.2509547,71,140,360,Dense (20+)
2232,Pind Balluchi,Nehru Place,28.549027,77.2513366,58,136,353,Dense (20+)
2775,Oh! Calcutta,Nehru Place,28.5501242,77.2506182,61,126,345,Dense (20+)
311623,Alcoholic Lounge & Bar,Netaji Subhash Place,28.6916888,77.1483815,50,60,153,Dense (20+)
311077,Baljeet's Amritsari Koolcha,Netaji Subhash Place,28.693387,77.1496283,51,61,169,Dense (20+)
492,Bikanervala,Netaji Subhash Place,28.6912959,77.152022,50,65,160,Dense (20+)
304030,Cafe Coffee Day,Netaji Subhash Place,28.6926578,77.1528753,52,65,179,Dense (20+)
18366028,Chicago Pizza,Netaji Subhash Place,28.6937883,77.1497297,51,62,169,Dense (20+)
18168143,Cocoberry,Netaji Subhash Place,28.6936352,77.1499993,51,61,170,Dense (20+)
18294246,Dilli Chaap Wale,Netaji Subhash Place,28.6937247,77.1499993,51,61,171,Dense (20+)
2370,Dips,Netaji Subhash Place,28.6937161,77.1499094,51,61,171,Dense (20+)
3893,Domino's Pizza,Netaji Subhash Place,28.6936956,77.1506285,51,61,172,Dense (20+)
5366,Gullu's,Netaji Subhash Place,28.6913437,77.1522462,50,65,167,Dense (20+)
18037828,Hashtag Foods,Netaji Subhash Place,28.6933956,77.1493702,51,62,171,Dense (20+)
2377,Mini Meals,Netaji Subhash Place,28.6938779,77.1497297,51,62,170,Dense (20+)
18384151,No Name - Taste Hi Kaafi Hai,Netaji Subhash Place,28.6940829,77.1499993,51,61,171,Dense (20+)
2966,Pind Balluchi,Netaji Subhash Place,28.6934012,77.150756,51,64,172,Dense (20+)
257,Pizza Hut,Netaji Subhash Place,28.6941379,77.1496398,51,62,169,Dense (20+)
2380,Raj Bhature wala,Netaji Subhash Place,28.6937883,77.1497297,51,62,169,Dense (20+)
18285222,Rolls Tiger,Netaji Subhash Place,28.6933978,77.1512576,51,66,175,Dense (20+)
309463,SGF - Spice Grill Flame,Netaji Subhash Place,28.6934043,77.1494601,51,62,171,Dense (20+)
18219550,Smoksha Cafe and Lounge,Netaji Subhash Place,28.6941293,77.1495499,51,62,169,Dense (20+)
3230,Subway,Netaji Subhash Place,28.6953879,77.1519316,49,64,178,Dense (20+)
309542,Sura Vie,Netaji Subhash Place,28.6937824,77.1501341,51,61,171,Dense (20+)
2965,Billu's Hut,Netaji Subhash Place,28.6936006,77.1496398,51,62,169,Dense (20+)
3372,BTW,Netaji Subhash Place,28.6937161,77.1499094,51,61,171,Dense (20+)
312223,Burger King,Netaji Subhash Place,28.6930828,77.151707,51,65,171,Dense (20+)
8828,Cafe Coffee Day,Netaji Subhash Place,28.6934788,77.1511677,51,65,176,Dense (20+)
2524,Chills 'n' Grills,Netaji Subhash Place,28.6937161,77.1499094,51,61,171,Dense (20+)
18458640,Fusion N Food,Netaji Subhash Place,28.6927106,77.1518301,51,65,168,Dense (20+)
2532,Giani,Netaji Subhash Place,28.6936352,77.1499993,51,61,170,Dense (20+)
5368,Hot Spot,Netaji Subhash Place,28.6937797,77.1496398,51,62,169,Dense (20+)
18272383,La Americana,Netaji Subhash Place,28.6931637,77.1516171,51,66,171,Dense (20+)
18332018,Mogambo Khush Hua,Netaji Subhash Place,28.6939598,77.1502307,51,60,171,Dense (20+)
18423901,Niti Shake & Ice Cream Hub,Netaji Subhash Place,28.6936265,77.1499094,51,61,169,Dense (20+)
1969,Pacific Asia,Netaji Subhash Place,28.6925061,77.1489657,51,61,157,Dense (20+)
18455548,Papa Veg Chinese Food,Netaji Subhash Place,28.694444,77.147338,42,62,164,Dense (20+)
310126,Pasta Hut,Netaji Subhash Place,28.6937247,77.1499993,51,61,171,Dense (20+)
5291,Ram G Snacks & Food Corner,Netaji Subhash Place,28.6916209,77.1523361,50,65,168,Dense (20+)
3522,Sandwich King,Netaji Subhash Place,28.6937508,77.1497494,51,61,169,Dense (20+)
18345519,Shake Eat Up,Netaji Subhash Place,28.6930397,77.1512576,51,66,172,Dense (20+)
305967,Starbucks,Netaji Subhash Place,28.6931087,77.1519766,51,65,175,Dense (20+)
18432015,The Chai Story,Netaji Subhash Place,28.6932029,77.1518426,51,66,174,Dense (20+)
18204820,Themis Barbecue House,Netaji Subhash Place,28.6936643,77.1493702,51,62,169,Dense (20+)
18361244,Utsav,Netaji Subhash Place,28.6939329,77.1493702,51,62,168,Dense (20+)
9561,Barbeque Nation,Netaji Subhash Place,28.6923578,77.1516171,51,64,166,Dense (20+)
18361780,Calendar Khana Laao,Netaji Subhash Place,28.6926883,77.1490259,51,62,157,Dense (20+)
18208880,Chaayos,Netaji Subhash Place,28.6933618,77.1513743,51,66,173,Dense (20+)
307620,Eleven Course,Netaji Subhash Place,28.6907955,77.1502689,50,64,145,Dense (20+)
302242,Sinciti,Netaji Subhash Place,28.6912864,77.1507183,51,64,147,Dense (20+)
310348,Admission Lounge,New Friends Colony,28.56240125,77.26883523,48,59,104,Dense (20+)
309680,Al Zaika,New Friends Colony,28.57086609,77.26652149,10,28,100,Dense (20+)
1508,Angels in my Kitchen,New Friends Colony,28.57094736,77.26684134,10,28,97,Dense (20+)
311553,Chaska,New Friends Colony,28.56238181,77.28829969,8,14,69,Moderate (6-20)
7720,Chik Chow,New Friends Colony,28.5693697,77.26801079,11,53,95,Dense (20+)
308332,Deep Sweet Corner,New Friends Colony,28.56563745,77.27004256,38,64,102,Dense (20+)
306331,Deepika Khaitan's Cakes,New Friends Colony,28.5613894,77.2687116,47,55,118,Dense (20+)
18303863,Dhaba On Wheels,New Friends Colony,28.56971362,77.26754777,10,54,96,Dense (20+)
212,Domino's Pizza,New Friends Colony,28.5613573,77.2688462,47,54,113,Dense (20+)
304183,Evergreen Sweets,New Friends Colony,28.56088235,77.27258228,46,52,92,Dense (20+)
1915,Gopala,New Friends Colony,28.56929078,77.2682086,11,54,95,Dense (20+)
5901,Green Chick Chop,New Friends Colony,28.5691783,77.26803929,11,53,97,Dense (20+)
311824,Halal Pizza Fun,New Friends Colony,28.56250019,77.28950668,8,13,38,Moderate (6-20)
18376488,Keventers,New Friends Colony,28.5613147,77.2683973,46,54,129,Dense (20+)
300013,Khan Chicken Biryani,New Friends Colony,28.561703,77.268271,47,55,119,Dense (20+)
181,McDonald's,New Friends Colony,28.5613658,77.268936,47,54,112,Dense (20+)
18277019,Midnight Bites,New Friends Colony,28.56298018,77.29113277,6,11,27,Moderate (6-20)
7721,Moti Mahal Delux,New Friends Colony,28.56921452,77.2681563,11,54,96,Dense (20+)
308334,MT Everest Food Corner,New Friends Colony,28.55941173,77.27250919,39,50,92,Dense (20+)
309675,Muradabad Ki Mashoor Sama Chicken Biryani,New Friends Colony,28.5603414,77.27289509,43,52,92,Dense (20+)
300020,New Laziz,New Friends Colony,28.570839,77.26689197,9,29,97,Dense (20+)
7717,Talab South Indian Restaurant,New Friends Colony,28.5608741,77.27209244,46,52,93,Dense (20+)
303547,Tipu Sultan Chicken Point,New Friends Colony,28.56489598,77.28855785,10,17,58,Moderate (6-20)
18428200,Zoet Desserts,New Friends Colony,28.57473537,77.26416081,4,20,121,Moderate (6-20)
18144480,Zooby's Kitchen,New Friends Colony,28.56528,77.271844,21,66,94,Dense (20+)
302945,Hotel Malabar,New Friends Colony,28.55982665,77.27205321,45,50,91,Dense (20+)
18471283,Hwealthcafe,New Friends Colony,28.563202,77.268831,47,59,104,Dense (20+)
18337892,Noorjahan,New Friends Colony,28.56159495,77.29254572,5,11,25,Moderate (6-20)
267,Pizza Hut Delivery,New Friends Colony,28.5613573,77.2688462,47,54,113,Dense (20+)
18424893,Sushiya Express,New Friends Colony,28.561936,77.268211,46,56,119,Dense (20+)
306526,Tuptakes,New Friends Colony,28.565383,77.268779,47,60,104,Dense (20+)
303559,Brij Palace Restaurant,New Friends Colony,28.56308413,77.2912015,6,11,27,Moderate (6-20)
18254540,Halal Pizza 'n' Joy,New Friends Colony,28.56252021,77.28850622,8,13,68,Moderate (6-20)
18354644,Shree Bhojnalaya,New Friends Colony,28.56077074,77.27276199,45,52,92,Dense (20+)
7684,Shree Laxmi Dhaba,New Friends Colony,28.56047774,77.27276031,44,52,92,Dense (20+)
112,Lotus Pond,New Friends Colony,28.56164062,77.27047574,48,57,101,Dense (20+)
1903,Cafe Turtle,Nizamuddin,28.5902907,77.2525938,1,23,121,Dense (20+)
300710,Gulfam Kashmiri Wazwan,Nizamuddin,28.5910927,77.2440626,7,32,187,Dense (20+)
308065,Kit Care Kabab Corner,Nizamuddin,28.5912845,77.2413685,9,22,198,Dense (20+)
18441549,Liter Basar,Nizamuddin,28.591272,77.2440626,7,32,186,Dense (20+)
3685,N. Iqbal Restaurant,Nizamuddin,28.5916689,77.2435238,7,29,190,Dense (20+)
303599,Ghalib Kabab Corner,Nizamuddin,28.5922428,77.242491,9,18,191,Moderate (6-20)
462,Karim's,Nizamuddin,28.59126791,77.2436513,7,31,193,Dense (20+)
18474567,Chick Fish Point,Nizamuddin,28.5923217,77.2419073,9,13,192,Moderate (6-20)
18434504,Monis Kada Hotel,Nizamuddin,28.591272,77.2440626,7,32,186,Dense (20+)
680,Comesum,Nizamuddin,28.5896164,77.2530428,1,24,123,Dense (20+)
18222581,Lunch Express,Okhla Phase 1,28.5256742,77.2835266,0,4,53,Light (1-5)
18357551,Chinese Corner,Okhla Phase 1,28.50184423,77.28726067,10,18,28,Moderate (6-20)
18360900,Gupta Bhojnalya,Okhla Phase 1,28.5003643,77.2885264,14,23,29,Dense (20+)
18358168,Sam's 22,Okhla Phase 1,28.50129443,77.28724223,10,18,28,Moderate (6-20)
18472680,The Bakery,Okhla Phase 1,28.5014785,77.287153,10,18,28,Moderate (6-20)
18409180,Twenty Four Seven,Okhla Phase 1,28.5275256,77.2729071,0,6,77,Moderate (6-20)
18429188,Vishal Snacks,Okhla Phase 1,28.501281,77.287037,10,18,28,Moderate (6-20)
310164,Chawla Dhaba,Okhla Phase 2,28.5357956,77.2800843,3,24,76,Dense (20+)
7712,Shri Gupta'z,Okhla Phase 2,28.5370818,77.2806012,4,26,69,Dense (20+)
18311948,The Golden Leaf,Okhla Phase 2,28.5345304,77.2781976,5,20,74,Moderate (6-20)
7483,Red Moon Bakery,Okhla Phase 2,28.5327507,77.2759158,2,6,69,Moderate (6-20)
18355004,Cafe Point,Okhla Phase 2,28.5344146,77.278399,5,20,77,Moderate (6-20)
18291238,TLC Kitchen,Okhla Phase 2,28.5378847,77.2753817,2,7,76,Moderate (6-20)
18472436,Berco's,"Pacific Mall, Tagore Garden",28.642553,77.1064348,44,93,325,Dense (20+)
9037,Bikano Chat Cafe,"Pacific Mall, Tagore Garden",28.6421961,77.1065259,44,94,330,Dense (20+)
18391581,BonJuz,"Pacific Mall, Tagore Garden",28.6426602,77.1065016,44,96,323,Dense (20+)
7077,Cafe Coffee Day - The Lounge,"Pacific Mall, Tagore Garden",28.6417977,77.1068818,44,98,332,Dense (20+)
306586,Chicago Pizza,"Pacific Mall, Tagore Garden",28.6426643,77.1064258,44,95,324,Dense (20+)
306495,Domino's Pizza,"Pacific Mall, Tagore Garden",28.6423028,77.1059714,44,90,329,Dense (20+)
9061,Dosa Village,"Pacific Mall, Tagore Garden",28.6426609,77.106404,44,93,326,Dense (20+)
18357946,Dunkin' Donuts,"Pacific Mall, Tagore Garden",28.6424049,77.1064285,44,95,328,Dense (20+)
308991,Gelato Italiano,"Pacific Mall, Tagore Garden",28.642365,77.1064014,44,94,331,Dense (20+)
7071,Gelato Vinto,"Pacific Mall, Tagore Garden",28.642112,77.1062108,44,96,331,Dense (20+)
18282040,Keventers,"Pacific Mall, Tagore Garden",28.642704,77.1065917,44,97,323,Dense (20+)
8379,KFC,"Pacific Mall, Tagore Garden",28.6422203,77.1062245,44,95,330,Dense (20+)
9040,Kings Kulfi,"Pacific Mall, Tagore Garden",28.6425056,77.1059749,45,90,325,Dense (20+)
18367984,Mr. Sub,"Pacific Mall, Tagore Garden",28.6425574,77.1062179,44,92,326,Dense (20+)
4455,Shanghai Moon,"Pacific Mall, Tagore Garden",28.6421265,77.106489,44,94,331,Dense (20+)
4454,The Blue Tandoor,"Pacific Mall, Tagore Garden",28.6426228,77.1063059,44,92,326,Dense (20+)
4560,Costa Coffee,"Pacific Mall, Tagore Garden",28.6424982,77.1065639,44,94,325,Dense (20+)
4563,Giani's,"Pacific Mall, Tagore Garden",28.6427806,77.1063609,44,96,324,Dense (20+)
5062,Hinglish - Cafe Beach Bar,"Pacific Mall, Tagore Garden",28.6424495,77.1068457,44,99,326,Dense (20+)
4568,Spaghetti Kitchen,"Pacific Mall, Tagore Garden",28.6419495,77.1063393,44,100,332,Dense (20+)
4566,Subway,"Pacific Mall, Tagore Garden",28.6424575,77.1069047,44,99,326,Dense (20+)
18383434,Swiss Softy,"Pacific Mall, Tagore Garden",28.6421787,77.1060471,44,93,330,Dense (20+)
308972,The Bubble Tea,"Pacific Mall, Tagore Garden",28.6424882,77.1064068,44,94,325,Dense (20+)
307560,Creambell & Chocoxess,"Pacific Mall, Tagore Garden",28.6423578,77.1064559,44,94,330,Dense (20+)
18336478,Hang Out,"Pacific Mall, Tagore Garden",28.6421902,77.1065198,44,94,330,Dense (20+)
309004,Mx Corn,"Pacific Mall, Tagore Garden",28.6423346,77.1064741,44,94,330,Dense (20+)
6283,Al-Sameer,Paharganj,28.64599167,77.21546111,28,58,293,Dense (20+)
6356,Allure,Paharganj,28.64486111,77.21439444,38,57,283,Dense (20+)
18356800,BarShala,Paharganj,28.641786,77.224386,1,72,394,Dense (20+)
18253103,Bikaner House,Paharganj,28.6407217,77.2110097,26,61,251,Dense (20+)
304152,Cafe Coffee Day,Paharganj,28.6429341,77.22227074,3,64,381,Dense (20+)
18287392,Cafe CoffeeCo,Paharganj,28.6406664,77.2113691,27,62,250,Dense (20+)
3116,Cafe Festa,Paharganj,28.6409218,77.2102911,25,57,252,Dense (20+)
308620,Cheers Lounge Bar,Paharganj,28.6402223,77.2104708,24,61,257,Dense (20+)
300608,Chowmein Hut,Paharganj,28.64379167,77.21226389,48,57,251,Dense (20+)
302162,Club India Cafe & Restaurant,Paharganj,28.64084258,77.21339095,34,83,262,Dense (20+)
308187,Domino's Pizza,Paharganj,28.64558376,77.21074697,24,56,244,Dense (20+)
8292,Everest Bakery Cafe,Paharganj,28.64251389,77.21537778,38,74,307,Dense (20+)
307114,Everest Kitchen,Paharganj,28.64106944,77.21334167,35,80,267,Dense (20+)
18408059,Exotic Rooftop Restaurant,Paharganj,28.64102619,77.21350629,36,80,266,Dense (20+)
308614,Flavours,Paharganj,28.64601747,77.21406352,28,57,274,Dense (20+)
304217,Gagan Assam Bengal Restaurant,Paharganj,28.64588388,77.21419964,28,57,277,Dense (20+)
302724,Gold Resto Bar,Paharganj,28.6417221,77.21711855,23,93,323,Dense (20+)
5799,Grand Madras Cafe,Paharganj,28.64665684,77.21133538,23,57,215,Dense (20+)
3117,Green Chilli,Paharganj,28.6418801,77.21048,32,56,252,Dense (20+)
300639,Gurdev Punjabi Restaurant,Paharganj,28.64538,77.21650167,23,56,314,Dense (20+)
18384879,Haji Irshad Biryani Centre,Paharganj,28.62486609,77.20943915,3,41,228,Dense (20+)
300635,Janta Sweets,Paharganj,28.64754161,77.21159454,21,57,200,Dense (20+)
302159,Khosla Cafe,Paharganj,28.6407474,77.2112792,27,61,250,Dense (20+)
18204494,King Bar & Restaurant,Paharganj,28.64533983,77.21226476,30,56,250,Dense (20+)
305135,Le Fairway Restaurant & Bar,Paharganj,28.64423731,77.21077781,43,56,250,Dense (20+)
302155,Madan Cafe & Restaurant,Paharganj,28.640825,77.21124167,28,61,250,Dense (20+)
3119,Malhotra Restaurant,Paharganj,28.64102,77.2103809,26,57,252,Dense (20+)
3254,Metropolis Bar,Paharganj,28.64062222,77.21045556,24,59,256,Dense (20+)
302272,Mikky Restaurant,Paharganj,28.64574667,77.21796833,20,63,317,Dense (20+)
300616,Mourya Sweets Chat Bhandar,Paharganj,28.64710556,77.20978611,15,56,202,Dense (20+)
5796,My Bar & Restaurant,Paharganj,28.640745,77.2107852,26,61,254,Dense (20+)
310595,My Love Restaurant & Bar,Paharganj,28.638784,77.2094826,22,59,251,Dense (20+)
303788,Organic German Bakeshop - Brown Bread Bakery,Paharganj,28.6408418,77.2122674,32,71,255,Dense (20+)
305490,Paankhuri Restaurant,Paharganj,28.64522214,77.21423384,35,57,278,Dense (20+)
300620,Pardeep Corner,Paharganj,28.64571111,77.21111389,26,57,239,Dense (20+)
18218076,Pehalwan Da Hotel,Paharganj,28.64784229,77.21426713,26,56,251,Dense (20+)
308682,Pizza Hut Delivery,Paharganj,28.64436148,77.21523765,37,58,302,Dense (20+)
18198465,Re Cafe,Paharganj,28.64569263,77.21764829,20,62,318,Dense (20+)
311879,Rumi Amritsari Naan,Paharganj,28.6421442,77.2104258,33,56,242,Dense (20+)
1888,Sagar Bar-Be Que,Paharganj,28.64012372,77.21072584,25,62,253,Dense (20+)
301191,Satyam Rooftop Restaurant,Paharganj,28.64063,77.21341833,33,87,261,Dense (20+)
6345,Sethi Restaurant,Paharganj,28.64541167,77.21133667,27,56,243,Dense (20+)
6355,Sonu South Indian Restaurant,Paharganj,28.64613634,77.21123043,26,57,231,Dense (20+)
300571,Southern Welcome Restaurant,Paharganj,28.64581886,77.21554611,31,58,296,Dense (20+)
302173,Swagat Dhaba,Paharganj,28.6406874,77.2106504,25,59,256,Dense (20+)
5801,Tadka 4986,Paharganj,28.6404495,77.2131708,32,87,259,Dense (20+)
18261165,The Drunkyard Cafe,Paharganj,28.64141166,77.21558299,30,91,302,Dense (20+)
302188,The Gem Bar & Restaurant,Paharganj,28.64154113,77.21615497,28,91,309,Dense (20+)
18017258,The Indian Grill Restaurant,Paharganj,28.64598569,77.21508846,27,57,288,Dense (20+)
3094,True Blue,Paharganj,28.645035,77.217927,22,62,325,Dense (20+)
3118,U Like,Paharganj,28.64525804,77.21109062,29,56,246,Dense (20+)
6359,Vaga Bond,Paharganj,28.64583167,77.21598167,29,56,309,Dense (20+)
18252250,Vrinda Vaishno Dhaba,Paharganj,28.64058864,77.21702065,13,117,311,Dense (20+)
5949,White Heart Restro Bar,Paharganj,28.6405487,77.2106055,25,60,256,Dense (20+)
18409188,Haldiram Bhujiawala,Paharganj,28.64481668,77.21376009,40,57,266,Dense (20+)
5753,Maa Bhagwati,Paharganj,28.6441564,77.21574157,34,58,312,Dense (20+)
18354666,Cafe Brownie,Paharganj,28.64588182,77.21521385,30,57,292,Dense (20+)
305025,Cafexpress,Paharganj,28.65449722,77.20937222,1,14,133,Moderate (6-20)
311468,Mauja Hi Mauja,Paharganj,28.65731111,77.21249444,1,8,148,Moderate (6-20)
18381669,Metro Bar & Family Restaurant,Paharganj,28.6387755,77.2093928,22,59,252,Dense (20+)
18273527,Bajaj Vaishno Dhaba,Paharganj,28.64217671,77.21832521,16,93,342,Dense (20+)
6075,Sita Ram Diwan Chand,Paharganj,28.6423212,77.2104544,35,56,241,Dense (20+)
306750,Aayush Food Plaza,Palam,28.590995,77.0909272,9,27,45,Dense (20+)
306739,Ankit Fast Food Corner,Palam,28.5999471,77.081824,10,17,55,Moderate (6-20)
18312564,Da Pizza Corner,Palam,28.5859879,77.0875177,16,25,41,Dense (20+)
306741,Mughal Zaika Chicken Point,Palam,28.5988478,77.0816013,10,17,57,Moderate (6-20)
9974,Nawab Restaurant,Palam,28.5851308,77.0893327,15,25,40,Dense (20+)
300529,New Bikaner Sweets,Palam,28.5990759,77.0818086,10,16,58,Moderate (6-20)
312169,Pizza Yum,Palam,28.5974151,77.0815144,10,18,57,Moderate (6-20)
301783,Radhika Sweets,Palam,28.5910707,77.0909658,9,27,45,Dense (20+)
9218,Satguru Di Hatti,Palam,28.5899658,77.0811572,3,19,48,Moderate (6-20)
301994,Sher-E-Punjab,Palam,28.5852411,77.0892552,15,25,40,Dense (20+)
306729,Shudh Vaishno Amritsari Naan,Palam,28.5959508,77.0808459,8,17,54,Moderate (6-20)
9207,Sumit Sweets,Palam,28.5891867,77.0803073,2,14,44,Moderate (6-20)
306743,Aggarwal Bikaner Wala,Palam,28.5886994,77.0807273,3,15,44,Moderate (6-20)
306733,Aggarwal Sweet Centre,Palam,28.6054188,77.0830226,4,14,67,Moderate (6-20)
302042,Aggarwal Sweet India,Palam,28.6041636,77.0688245,5,9,42,Moderate (6-20)
18231755,Aggarwal Sweets Centre,Palam,28.5990759,77.0818086,10,16,58,Moderate (6-20)
18228878,Aggarwal Sweets,Palam,28.5955838,77.0976348,3,9,49,Moderate (6-20)
302011,Anupama Snacks and Sweets Corner,Palam,28.6106461,77.0842816,2,13,59,Moderate (6-20)
18366001,Baba Ka Dhaba,Palam,28.5828978,77.0902799,11,21,36,Dense (20+)
18368020,Balaji Eating Point,Palam,28.5913425,77.093073,8,26,46,Dense (20+)
301786,Bhagat Ji Sweets,Palam,28.597615,77.10086,3,5,47,Light (1-5)
302221,Bikaner Sweet Corner,Palam,28.5901329,77.0889332,13,28,45,Dense (20+)
302175,Chavi Food Point,Palam,28.5974807,77.1007496,3,5,47,Light (1-5)
18431171,Cook & Connect,Palam,28.6076275,77.0817653,5,14,59,Moderate (6-20)
17989108,Dinesh Ka Mithila Dhaba,Palam,28.6029698,77.0688364,5,9,37,Moderate (6-20)
18449798,Domino's Pizza,Palam,28.5872923,77.0851879,8,25,43,Dense (20+)
313287,Flavors Of London,Palam,28.5912498,77.0907871,9,27,45,Dense (20+)
312161,Flavours Of London,Palam,28.5885001,77.0910041,16,24,43,Dense (20+)
18368003,Foji Bhai Hotel,Palam,28.5931848,77.0864659,6,32,49,Dense (20+)
312153,Green Chilli,Palam,28.6003471,77.0819105,10,17,56,Moderate (6-20)
18449651,Hook N Cook,Palam,28.59918909,77.07506843,0,18,42,Moderate (6-20)
18431159,Hyderabadi & Muradabadi Chicken Corner,Palam,28.6048103,77.0821745,6,18,68,Moderate (6-20)
18350870,It's Pizza Town,Palam,28.6057682,77.1079132,1,5,18,Light (1-5)
302002,ITO Ke Mashoor Chole Bhature,Palam,28.6061412,77.068718,6,9,47,Moderate (6-20)
312146,Janta Special Lassi Corner,Palam,28.583836,77.0911161,12,21,36,Dense (20+)
18431173,Kairi The Royal Taste,Palam,28.6093193,77.083122,3,9,58,Moderate (6-20)
18372324,Kasba,Palam,28.5861677,77.0917506,14,23,41,Dense (20+)
18445631,Kayasthas Food Junction,Palam,28.60761477,77.10199412,1,5,40,Light (1-5)
18431151,KGN Chicken Corner,Palam,28.6005361,77.0824439,9,18,57,Moderate (6-20)
18378581,Maggi Point,Palam,28.6006231,77.101591,2,8,37,Moderate (6-20)
18406823,Momozone,Palam,28.6069426,77.076292,0,18,55,Moderate (6-20)
301867,Munna Bakery,Palam,28.5912032,77.0927191,9,26,46,Dense (20+)
306657,N.S. Pizza Point,Palam,28.6040477,77.068668,5,9,42,Moderate (6-20)
306747,Nand Bhai Chholey Bhature,Palam,28.5845283,77.0902079,14,21,40,Dense (20+)
18376478,New Lazeez Tandoor,Palam,28.6004059,77.0817069,9,17,56,Moderate (6-20)
301775,Pizza Day,Palam,28.5942717,77.0961177,3,16,48,Moderate (6-20)
313012,Pizza Day,Palam,28.5871261,77.0909455,19,23,41,Dense (20+)
18466429,Pritam Tiffin Service,Palam,28.5867302,77.0875638,15,25,41,Dense (20+)
302782,Rastogi Sweets & Caterers,Palam,28.5848753,77.0899375,14,23,40,Dense (20+)
18440259,Recipe Tadka,Palam,28.596432,77.0849466,8,23,56,Dense (20+)
18369764,Sahi Pakde Hain,Palam,28.5865739,77.0918982,15,23,41,Dense (20+)
17989110,Sher e Punjab Rasoi,Palam,28.5830299,77.0903881,12,21,36,Dense (20+)
18369751,Shyam Rasoi,Palam,28.6040693,77.10665,1,6,20,Moderate (6-20)
302046,Subhan Chicken Biryani,Palam,28.6030799,77.0687114,5,9,40,Moderate (6-20)
18431105,Surprise - Bakers & Bites,Palam,28.5962898,77.0847547,8,24,56,Dense (20+)
18489651,The Night Rider,Palam,28.60444754,77.08320702,6,18,69,Moderate (6-20)
306749,Vikram Ji Snacks,Palam,28.583969,77.0909427,12,21,37,Dense (20+)
308128,Yadav Chaat Bhandar,Palam,28.5883368,77.0893623,17,28,45,Dense (20+)
306653,Yadav Ji Chholey Bhature,Palam,28.6062929,77.0686475,6,8,48,Moderate (6-20)
18433910,Burger King,"Palate of Delhi, Chanakyapuri",28.5921535,77.1622219,8,88,102,Dense (20+)
18435287,Chaayos,"Palate of Delhi, Chanakyapuri",28.5921535,77.1622219,8,88,102,Dense (20+)
18433897,Berco's,"Palate of Delhi, Chanakyapuri",28.5921535,77.1622219,8,88,102,Dense (20+)
18435820,Chicago Pizza,"Palate of Delhi, Chanakyapuri",28.5921448,77.162132,8,87,102,Dense (20+)
18435289,Domino's Pizza,"Palate of Delhi, Chanakyapuri",28.5921535,77.1622219,8,88,102,Dense (20+)
18438424,Dunkin' Donuts,"Palate of Delhi, Chanakyapuri",28.5921362,77.1620421,8,87,102,Dense (20+)
18435290,Keventers,"Palate of Delhi, Chanakyapuri",28.5921448,77.162132,8,87,102,Dense (20+)
18433864,Khan Chacha,"Palate of Delhi, Chanakyapuri",28.5921535,77.1622219,8,88,102,Dense (20+)
18435829,Wow! Momo,"Palate of Delhi, Chanakyapuri",28.5921448,77.162132,8,87,102,Dense (20+)
7618,Aalis Kathi Kabab,Panchsheel Park,28.5438243,77.2300888,2,48,294,Dense (20+)
3637,Dill's Chawla Chik Inn,Panchsheel Park,28.543918,77.2301503,2,48,286,Dense (20+)
302277,Ipshita's Cakes Mamma Bakes,Panchsheel Park,28.5420321,77.2260944,2,8,307,Moderate (6-20)
18216942,Big Wong,Panchsheel Park,28.5480806,77.2112423,33,75,345,Dense (20+)
5784,Giani's,Pandara Road Market,28.6079937,77.230028,10,65,113,Dense (20+)
5783,Baskin Robbins,Pandara Road Market,28.6079866,77.2297975,10,66,113,Dense (20+)
800,Chicken Inn,Pandara Road Market,28.6080413,77.2298169,10,66,113,Dense (20+)
73,Ichiban,Pandara Road Market,28.6080707,77.2297892,10,66,113,Dense (20+)
308537,Krishna Di Kulfi,Pandara Road Market,28.6080468,77.2298329,10,66,113,Dense (20+)
803,Pindi,Pandara Road Market,28.6079765,77.2300185,10,65,113,Dense (20+)
103,Veg Gulati,Pandara Road Market,28.6080723,77.2298055,10,66,113,Dense (20+)
18421051,Chor Bizarre,Pandara Road Market,28.6081696,77.2305318,10,50,113,Dense (20+)
799,Gulati,Pandara Road Market,28.6081402,77.229733,10,64,114,Dense (20+)
801,Havemore,Pandara Road Market,28.6080483,77.2297998,10,66,113,Dense (20+)
308845,Aggarwal Sweets,Pandav Nagar,28.619105,77.2853799,12,22,196,Dense (20+)
306826,Om Sai Dosa Corner,Pandav Nagar,28.6187643,77.2843146,13,22,169,Dense (20+)
18432030,Angelena Restaurant,Pandav Nagar,28.6213874,77.2847393,14,26,206,Dense (20+)
18466825,Chennai Dosa Express,Pandav Nagar,28.62789848,77.21252906,7,128,265,Dense (20+)
18440169,Foodizm,Pandav Nagar,28.6192264,77.2858165,12,22,202,Dense (20+)
18393448,Healthy Nutrienty,Pandav Nagar,28.6213699,77.2847055,14,26,205,Dense (20+)
18294222,Kalka Ji Rasoi,Pandav Nagar,28.62103989,77.28373256,14,27,198,Dense (20+)
18232109,Kolkata Biriyani On Call,Pandav Nagar,28.6213841,77.2847283,14,26,205,Dense (20+)
303468,Mahavir Sweets,Pandav Nagar,28.6180762,77.2835092,13,20,162,Moderate (6-20)
18289272,Massi's Kitchen,Pandav Nagar,28.6238533,77.2857811,5,36,214,Dense (20+)
18440436,New Shama Chicken Restaurant,Pandav Nagar,28.6210849,77.2849549,14,26,207,Dense (20+)
18372299,Pizza King,Pandav Nagar,28.6185463,77.2842381,13,22,165,Dense (20+)
18244429,Raj Shri,Pandav Nagar,28.6180657,77.2833786,13,19,162,Moderate (6-20)
311199,Sai Bhojanalay,Pandav Nagar,28.6185799,77.2847755,13,22,168,Dense (20+)
300801,Shree Balaji Caterers,Pandav Nagar,28.618738,77.2843343,13,22,166,Dense (20+)
18293989,Smily Cakes,Pandav Nagar,28.62235249,77.29241386,3,43,248,Dense (20+)
18440163,Zaika Restaurant,Pandav Nagar,28.6193685,77.280266,11,22,132,Dense (20+)
18303817,"34, Chowringhee Lane",Paschim Vihar,28.6725877,77.1028857,16,28,73,Dense (20+)
312913,A Pizza House,Paschim Vihar,28.6726853,77.1029262,14,28,73,Dense (20+)
5645,Amrit Family Rasoi,Paschim Vihar,28.6628265,77.1086886,2,25,151,Dense (20+)
312387,Bake Club,Paschim Vihar,28.6689519,77.1047423,18,37,82,Dense (20+)
5594,Cafe Coffee Day,Paschim Vihar,28.6700417,77.1024553,14,34,74,Dense (20+)
18175309,Cake O Frost,Paschim Vihar,28.667271,77.090488,11,20,57,Moderate (6-20)
312990,Chawla Kitchen,Paschim Vihar,28.6727831,77.0881856,6,18,47,Moderate (6-20)
18233577,Cherry Fresh,Paschim Vihar,28.6704942,77.1088139,10,33,89,Dense (20+)
309836,Chocooze,Paschim Vihar,28.66483434,77.08939813,11,20,54,Moderate (6-20)
7692,Chuk Chuk Mail,Paschim Vihar,28.6755527,77.1041432,6,27,69,Dense (20+)
18224548,Da Pizza Bakers,Paschim Vihar,28.6800158,77.0876088,0,4,49,Light (1-5)
213,Domino's Pizza,Paschim Vihar,28.6768613,77.1043703,6,27,64,Dense (20+)
7488,Green Chick Chop,Paschim Vihar,28.6772543,77.1113214,1,16,79,Moderate (6-20)
18356817,Grill Zone,Paschim Vihar,28.67279557,77.10953582,7,30,85,Dense (20+)
1987,Grover Mithaivala,Paschim Vihar,28.6707476,77.1101679,8,33,88,Dense (20+)
18241871,Hong Kong Express,Paschim Vihar,28.6764727,77.1044433,6,27,65,Dense (20+)
300337,Hot Spot Roll Corner,Paschim Vihar,28.66980833,77.10151667,12,34,69,Dense (20+)
18232113,Jaiveer Naan & Chaap,Paschim Vihar,28.6625244,77.1005941,6,28,93,Dense (20+)
303018,Jaiveer Naan & Chaap,Paschim Vihar,28.6684312,77.1011865,11,36,70,Dense (20+)
300318,Kabab Hut,Paschim Vihar,28.6645411,77.091691,11,24,57,Dense (20+)
18070479,Kabbaba,Paschim Vihar,28.67004128,77.10144192,12,34,68,Dense (20+)
9956,McDonald's,Paschim Vihar,28.6636449,77.0923895,11,19,64,Moderate (6-20)
5652,New Durga Corner,Paschim Vihar,28.6770198,77.1043454,4,25,64,Dense (20+)
7330,New Durga Dosa Corner,Paschim Vihar,28.6702286,77.0845702,8,17,45,Moderate (6-20)
4801,Pishori Chicken,Paschim Vihar,28.66237699,77.10041028,6,28,93,Dense (20+)
9853,Pizza Break,Paschim Vihar,28.6705118,77.083637,4,13,45,Moderate (6-20)
308929,Pizza Hut Delivery,Paschim Vihar,28.6743735,77.1037178,7,27,72,Dense (20+)
300344,PK Shoppe,Paschim Vihar,28.66843611,77.10166944,12,37,74,Dense (20+)
18372287,Pudding & Pie,Paschim Vihar,28.6651734,77.0923449,11,31,58,Dense (20+)
18198449,Punjabi Angithi,Paschim Vihar,28.6726943,77.1090579,7,30,85,Dense (20+)
300343,Punjabi Handi,Paschim Vihar,28.6732969,77.0883005,6,15,47,Moderate (6-20)
300323,Quality Cake Shop,Paschim Vihar,28.663641,77.0921794,11,19,63,Moderate (6-20)
2366,Rahul's Rasoi,Paschim Vihar,28.6700821,77.1085776,11,33,91,Dense (20+)
300334,RTW,Paschim Vihar,28.66727869,77.09194355,10,31,58,Dense (20+)
300321,Sahib e Aalam,Paschim Vihar,28.6644992,77.0916769,11,24,57,Dense (20+)
5655,Shree Durga Dosa,Paschim Vihar,28.6656865,77.1078468,8,33,108,Dense (20+)
7274,Shree Durga Dosa,Paschim Vihar,28.6702637,77.0850323,8,17,45,Moderate (6-20)
9670,Shree Rathnam,Paschim Vihar,28.6609267,77.0917501,7,18,60,Moderate (6-20)
311957,Sunil Momos.Com,Paschim Vihar,28.66988331,77.08380103,4,17,41,Moderate (6-20)
1990,Temptation Food,Paschim Vihar,28.6684011,77.1011338,11,36,68,Dense (20+)
18279470,Wheelyz,Paschim Vihar,28.6622052,77.1006085,6,27,94,Dense (20+)
307965,Ashok Meat Wala,Paschim Vihar,28.6643779,77.0916553,11,24,59,Dense (20+)
18336183,Biryani Sons & Co.,Paschim Vihar,28.66843981,77.10143723,12,37,71,Dense (20+)
18472416,Curry Tree,Paschim Vihar,28.66197022,77.1008109,6,27,95,Dense (20+)
306636,Deli 63,Paschim Vihar,28.6770448,77.1113276,1,17,80,Moderate (6-20)
300335,Friends Shawarma,Paschim Vihar,28.6701038,77.1018159,12,33,72,Dense (20+)
311379,Ganesh Restaurant,Paschim Vihar,28.6626766,77.1005797,6,28,93,Dense (20+)
18379474,Kake Da Hotel,Paschim Vihar,28.6621865,77.1005772,6,27,94,Dense (20+)
309307,Nirmal Vada Pav,Paschim Vihar,28.6698165,77.1089081,11,33,91,Dense (20+)
312425,Oasis Baklawa,Paschim Vihar,28.6691804,77.1048462,18,37,81,Dense (20+)
7291,Puri Bakers,Paschim Vihar,28.6700408,77.1073558,11,32,93,Dense (20+)
18163915,Wonder Taste of Spices,Paschim Vihar,28.6626539,77.100584,6,28,93,Dense (20+)
18233583,Biryaniwala,Paschim Vihar,28.67277733,77.08830345,6,18,47,Moderate (6-20)
310630,Firangi N More,Paschim Vihar,28.6701078,77.1088081,10,33,91,Dense (20+)
7271,Pakwan,Paschim Vihar,28.6733616,77.0881834,6,15,47,Moderate (6-20)
18138442,Subway,Paschim Vihar,28.6700688,77.0876301,11,19,47,Moderate (6-20)
308559,24x7,Patparganj,28.6342441,77.3095668,7,41,131,Dense (20+)
18358841,Cafe Cook,Patparganj,28.6351477,77.3102527,3,38,131,Dense (20+)
18397140,La-Nawaab,Patparganj,28.6279757,77.3082555,15,42,103,Dense (20+)
18168171,Roadside Cafe,Patparganj,28.6347816,77.3040401,24,47,185,Dense (20+)
18208914,Sir John Bakery Cafe,Patparganj,28.6311367,77.3061913,28,48,143,Dense (20+)
18231410,Bikku Bakes,Patparganj,28.6238399,77.3014118,20,55,146,Dense (20+)
18037850,Giani,Patparganj,28.6280118,77.3080199,15,42,112,Dense (20+)
307501,Zune - Piccadily Hotel,"Piccadily Hotel, Janakpuri",28.6295053,77.079438,19,41,195,Dense (20+)
3362,361 Restaurant & Banquet,Pitampura,28.6977426,77.1405619,8,50,172,Dense (20+)
18424879,6 Pack Momos,Pitampura,28.7126174,77.1411462,23,59,127,Dense (20+)
18363074,Amritsari Kulcha,Pitampura,28.7085403,77.1355283,18,60,124,Dense (20+)
18386078,Bake Houz,Pitampura,28.7128025,77.1473489,8,39,140,Dense (20+)
313146,Ben's Foods,Pitampura,28.7120026,77.138944,19,59,121,Dense (20+)
3967,Bobby Punjabi Rasoi,Pitampura,28.6987597,77.1390339,12,41,178,Dense (20+)
18378050,Bromfy Public House,Pitampura,28.68867,77.1348248,10,22,117,Dense (20+)
309685,BTW,Pitampura,28.6888166,77.1296855,6,25,73,Dense (20+)
8940,Chacha Shankar,Pitampura,28.7052826,77.1414823,17,62,184,Dense (20+)
300672,Chaska,Pitampura,28.7147226,77.1452027,12,31,133,Dense (20+)
313355,Chatore.e.e,Pitampura,28.7145998,77.1452869,12,31,133,Dense (20+)
2958,Chawla's Tandoori Xpress,Pitampura,28.6880009,77.1351688,11,22,119,Dense (20+)
304093,Chawla's Tandoori Xpress,Pitampura,28.6998969,77.1450145,5,69,206,Dense (20+)
6453,Chinese Hut,Pitampura,28.7013542,77.1357531,12,43,179,Dense (20+)
18456456,Culinaria,Pitampura,28.6939262,77.1306743,3,27,124,Dense (20+)
18306511,Deli Cake Cafe,Pitampura,28.7007092,77.1499993,3,72,205,Dense (20+)
214,Domino's Pizza,Pitampura,28.6992587,77.1394556,12,40,180,Dense (20+)
3892,Domino's Pizza,Pitampura,28.6886191,77.1350789,10,22,117,Dense (20+)
300873,Dragon Hut,Pitampura,28.70384,77.1406518,16,49,170,Dense (20+)
307419,Frontier Restaurant,Pitampura,28.7183711,77.1404369,0,37,104,Dense (20+)
5862,Giani's,Pitampura,28.7039917,77.1459548,12,36,197,Dense (20+)
18477957,Giani,Pitampura,28.7147518,77.14529034,12,31,133,Dense (20+)
18398575,Grand Bikaner,Pitampura,28.7062841,77.138135,17,64,164,Dense (20+)
1123,Hill Chillz 26,Pitampura,28.6883727,77.1350596,10,22,120,Dense (20+)
313443,K's Town,Pitampura,28.7146757,77.1453257,12,30,133,Dense (20+)
306816,Laxmi Ice Cream Parlour,Pitampura,28.7119934,77.1416405,22,60,130,Dense (20+)
312471,Make My Day,Pitampura,28.68571,77.1360227,10,18,120,Moderate (6-20)
194,McDonald's,Pitampura,28.6893243,77.1331014,13,22,119,Dense (20+)
1959,Mikky Peshawari,Pitampura,28.6877493,77.1351915,11,22,120,Dense (20+)
17977763,Moroca,Pitampura,28.6882703,77.121461,3,8,56,Moderate (6-20)
8941,New Punjabi Dhaba and Caterers,Pitampura,28.6880453,77.1300451,11,25,86,Dense (20+)
308607,Pandey Chinese Hut,Pitampura,28.7122653,77.1415008,22,59,129,Dense (20+)
313442,Pandey Chinese Hut,Pitampura,28.714488,77.1452358,12,32,133,Dense (20+)
18358201,Peppers & Pipes,Pitampura,28.7147566,77.1452358,12,31,132,Dense (20+)
5392,Punjabi Zaika,Pitampura,28.6834858,77.1357081,3,17,115,Moderate (6-20)
312334,Punjabi's Eating Hub,Pitampura,28.6882083,77.1215051,3,9,56,Moderate (6-20)
18396440,Punjabian Di Shaan,Pitampura,28.7052868,77.1417304,17,62,188,Dense (20+)
3966,Puran Chand,Pitampura,28.6991601,77.1393754,12,40,179,Dense (20+)
304389,Ram Chinese Food,Pitampura,28.7052961,77.1390339,17,64,177,Dense (20+)
18175260,Rooftop,Pitampura,28.7133009,77.1401237,18,57,124,Dense (20+)
18057827,Ruchi's Food Junction,Pitampura,28.7052868,77.1417304,17,62,188,Dense (20+)
8961,Sahni Veg & Non Veg,Pitampura,28.70533,77.1421798,17,59,196,Dense (20+)
312327,Shiv Chinese Chat Bhandar,Pitampura,28.7063335,77.1382808,17,64,164,Dense (20+)
306809,Shutup 'N' Eat,Pitampura,28.6882488,77.1214601,3,9,56,Moderate (6-20)
9792,Sindhi Chicken Corner,Pitampura,28.710052,77.1437977,11,50,185,Dense (20+)
18218787,Smokshh The Lounge,Pitampura,28.6999935,77.1369665,13,43,181,Dense (20+)
311512,Subway,Pitampura,28.6954275,77.13418,3,32,155,Dense (20+)
18421020,The Blessing Bliss,Pitampura,28.6912752,77.1058511,0,2,28,Light (1-5)
308364,The Butter Cup,Pitampura,28.7049836,77.1413709,17,59,181,Dense (20+)
307276,The Cake Bucks,Pitampura,28.7049788,77.1447393,11,46,199,Dense (20+)
18350101,The Taste of Delhi,Pitampura,28.7065181,77.1377755,16,61,154,Dense (20+)
18361220,The Taste,Pitampura,28.7071071,77.1393205,17,62,166,Dense (20+)
311576,VadaPav 'n' Frankie,Pitampura,28.7067569,77.1375505,15,63,153,Dense (20+)
300836,Vaishnav Chat & Caterers,Pitampura,28.6917172,77.1402923,0,51,131,Dense (20+)
18265418,Yellowtail,Pitampura,28.6838684,77.1304079,2,20,62,Moderate (6-20)
18017253,Baker's Stop,Pitampura,28.6953352,77.1336856,3,32,153,Dense (20+)
300872,Bansal Sweets,Pitampura,28.7012377,77.1355462,12,42,182,Dense (20+)
3333,Bharat Sweets,Pitampura,28.6984959,77.1400381,8,40,178,Dense (20+)
6451,Dosa Corner,Pitampura,28.701269,77.1355856,12,42,182,Dense (20+)
6454,Green Chick Chop,Pitampura,28.7012878,77.1355283,12,42,181,Dense (20+)
18398592,Hamburg To Hyderabad,Pitampura,28.6930758,77.1116159,0,4,36,Light (1-5)
18265676,I Food You,Pitampura,28.6885884,77.1296406,5,25,72,Dense (20+)
3080,Kay's Chicken Corner,Pitampura,28.6997487,77.1455953,4,69,202,Dense (20+)
313173,Lanche,Pitampura,28.6992827,77.1379553,13,40,171,Dense (20+)
18476896,Marshmallow Cakes & More,Pitampura,28.70012968,77.14499371,4,67,205,Dense (20+)
306011,Om Corner,Pitampura,28.6884763,77.1290202,5,25,67,Dense (20+)
4683,Peshawari,Pitampura,28.69919,77.1393218,12,40,181,Dense (20+)
18222572,Puri Bakers,Pitampura,28.6955603,77.1346295,3,32,159,Dense (20+)
8964,Sharma Bakers,Pitampura,28.6861274,77.1291911,5,22,72,Dense (20+)
18322667,Street Hawkers,Pitampura,28.6882228,77.1217587,3,9,57,Moderate (6-20)
311209,The Midnight Heroes,Pitampura,28.7046286,77.140472,16,60,175,Dense (20+)
6449,Tilak Munjal-R Panchkuian Samose Wale,Pitampura,28.7008747,77.1358879,13,41,182,Dense (20+)
18363081,3x Cafe,Pitampura,28.7085129,77.1355204,18,60,124,Dense (20+)
18451571,Amritsari Naan,Pitampura,28.712165,77.141747,22,60,129,Dense (20+)
18359282,Chinese Tadka,Pitampura,28.7064856,77.1426944,18,66,198,Dense (20+)
18361222,Dinesh Meat Wala,Pitampura,28.7100972,77.1437283,13,50,183,Dense (20+)
18358182,Jeet Pizza,Pitampura,28.7122306,77.1416255,22,59,129,Dense (20+)
18361223,New South Indian & Chinese Foods,Pitampura,28.7129394,77.1406183,26,58,123,Dense (20+)
18451573,Niti Shake & Ice Cream Hub,Pitampura,28.7132994,77.1401987,19,57,123,Dense (20+)
18396396,Yumbuns,Pitampura,28.7132876,77.1402024,19,57,123,Dense (20+)
312763,Giri Momos Centre & Chinese Fast Food,Pitampura,28.7017575,77.1339547,8,41,173,Dense (20+)
307444,Laalwala's,Pitampura,28.6836909,77.1359778,4,18,115,Moderate (6-20)
305398,Sagar Ratna,Pitampura,28.7032305,77.1325545,7,42,160,Dense (20+)
302815,Babu Shahi Bawarchi,Pragati Maidan,28.6143292,77.2405602,1,1,59,Light (1-5)
305525,Cafe Lota,Pragati Maidan,28.6131676,77.2419091,1,1,50,Light (1-5)
313481,Bombay's Royal China,Prashant Vihar,28.71318,77.1369983,30,51,117,Dense (20+)
18359287,Chin China,Prashant Vihar,28.7159746,77.1346295,15,44,105,Dense (20+)
18199151,Cholkat,Prashant Vihar,28.7153479,77.1346295,16,44,108,Dense (20+)
311162,Deluxe Butter Omlette,Prashant Vihar,28.7155992,77.1344497,16,44,106,Dense (20+)
18204823,Giani's,Prashant Vihar,28.710643,77.1331449,16,47,127,Dense (20+)
302465,Kanha Sweets,Prashant Vihar,28.7098286,77.1344612,19,61,123,Dense (20+)
18359296,Liquid,Prashant Vihar,28.7127596,77.1375058,30,57,119,Dense (20+)
300925,Papa Chinese Veg Food,Prashant Vihar,28.7106084,77.1333485,16,48,127,Dense (20+)
307026,Punjab To China,Prashant Vihar,28.7128377,77.1369216,32,55,118,Dense (20+)
18352220,Chocolacious by WedCraft,Prashant Vihar,28.7154778,77.1345845,16,44,107,Dense (20+)
18359300,Frontier,Prashant Vihar,28.7143111,77.1340901,20,48,113,Dense (20+)
18445759,Gopal Ji Rasoi Wala,Prashant Vihar,28.7101555,77.1337829,16,57,124,Dense (20+)
18435210,Kanuchawala,Prashant Vihar,28.7132323,77.1371188,30,52,116,Dense (20+)
18430914,Keventers,Prashant Vihar,28.7124595,77.1362474,28,55,118,Dense (20+)
18216703,Muncheezz,Prashant Vihar,28.7124101,77.1375957,32,58,120,Dense (20+)
18359285,Shaketastic,Prashant Vihar,28.7155806,77.1343223,16,44,106,Dense (20+)
18359289,Sree Krishna Udupi,Prashant Vihar,28.7153016,77.1350789,16,46,107,Dense (20+)
18057816,Asia 21,Preet Vihar,28.6414658,77.2958299,34,65,211,Dense (20+)
18303432,Barkat,Preet Vihar,28.6434655,77.2974723,28,49,213,Dense (20+)
3790,Bikanervala,Preet Vihar,28.6393251,77.2947783,33,93,220,Dense (20+)
2509,Chawla's,Preet Vihar,28.6424569,77.2959927,30,53,209,Dense (20+)
18238913,Cilantro Woodapple,Preet Vihar,28.6424299,77.2982982,30,59,200,Dense (20+)
215,Domino's Pizza,Preet Vihar,28.6393333,77.2949499,33,95,219,Dense (20+)
3793,Giani's,Preet Vihar,28.6427964,77.296273,30,48,207,Dense (20+)
18244250,Gopala,Preet Vihar,28.6347371,77.2908794,20,100,258,Dense (20+)
18372294,Green Chick Chop,Preet Vihar,28.6427539,77.2956527,32,49,208,Dense (20+)
6261,Gupta Chat Corner,Preet Vihar,28.6342718,77.2909933,15,95,259,Dense (20+)
18376484,Kake Da Hotel,Preet Vihar,28.6428704,77.296126,30,48,205,Dense (20+)
468,Karim's,Preet Vihar,28.6427202,77.2964641,30,50,208,Dense (20+)
8276,Katyal Pure Vegetarian,Preet Vihar,28.6424226,77.2959509,32,53,209,Dense (20+)
6120,Kunal Dhaba,Preet Vihar,28.6413119,77.2938388,34,86,226,Dense (20+)
18252395,Midnight Hunger,Preet Vihar,28.6424254,77.2982982,30,59,200,Dense (20+)
18180073,Moon Bite,Preet Vihar,28.64106087,77.29361692,34,90,224,Dense (20+)
18441678,Nirula's Ice Cream,Preet Vihar,28.6345502,77.2907956,19,95,258,Dense (20+)
18400762,Pash!,Preet Vihar,28.6326548,77.2860243,55,112,217,Dense (20+)
306492,Rashi's De La Creme,Preet Vihar,28.6397613,77.2918406,20,99,235,Dense (20+)
8488,Rupa Dairy,Preet Vihar,28.6397222,77.294789,34,91,219,Dense (20+)
310536,Sandy's Punjabi Rasoi,Preet Vihar,28.6408942,77.2908649,17,94,246,Dense (20+)
308360,Shree Rathnam,Preet Vihar,28.6430348,77.2975458,30,48,202,Dense (20+)
18017248,Tandoori Planet,Preet Vihar,28.6343075,77.2910228,15,95,259,Dense (20+)
312855,Tandoori Tadka,Preet Vihar,28.6409665,77.2911149,19,95,248,Dense (20+)
8600,4th Street Cafe,Preet Vihar,28.642275,77.2979211,30,58,202,Dense (20+)
18380143,Late Lateefe,Preet Vihar,28.6327398,77.2860621,56,113,217,Dense (20+)
18254520,Mr. Brown,Preet Vihar,28.642482,77.2960691,30,52,210,Dense (20+)
18222554,The Riding Guns Cafe,Preet Vihar,28.6345491,77.2912335,15,99,258,Dense (20+)
18462589,Baskin Robbins,Preet Vihar,28.642713,77.294171,34,60,232,Dense (20+)
18336474,Chai Garam,Preet Vihar,28.642748,77.2963039,30,49,208,Dense (20+)
18336477,Chilli Tadka,Preet Vihar,28.6425644,77.2959276,30,49,208,Dense (20+)
18441566,Fc Katyal,Preet Vihar,28.6424671,77.2959775,30,53,210,Dense (20+)
18441669,Food State,Preet Vihar,28.6405983,77.2943559,34,87,218,Dense (20+)
18396358,Giani,Preet Vihar,28.6427625,77.2963876,30,50,207,Dense (20+)
6248,Gupta Eating Corner,Preet Vihar,28.6394682,77.2942644,30,96,222,Dense (20+)
308832,Hot 'N' Cool,Preet Vihar,28.6342767,77.2909535,16,95,259,Dense (20+)
18421030,Hot Joint Fast Food,Preet Vihar,28.6378195,77.2885921,55,114,233,Dense (20+)
18378016,Murliwala Bakers,Preet Vihar,28.640916,77.2907846,17,94,246,Dense (20+)
310889,New Garden Hut,Preet Vihar,28.6401732,77.2941345,34,90,218,Dense (20+)
308837,Perfect Party Chef,Preet Vihar,28.634274,77.2910726,14,95,259,Dense (20+)
18441685,R.S. Chinese Food,Preet Vihar,28.6342674,77.2909771,16,95,259,Dense (20+)
6249,Rama Fast Food,Preet Vihar,28.6398152,77.2945991,34,91,219,Dense (20+)
312860,Shanghai Chinese Food,Preet Vihar,28.6393314,77.2957374,32,94,213,Dense (20+)
18378023,Teens Cafe Fast Food,Preet Vihar,28.6428518,77.2959899,30,49,206,Dense (20+)
18107855,The Tandoor Hut,Preet Vihar,28.6425454,77.296024,30,49,210,Dense (20+)
18396955,The Taste of Tandoor,Preet Vihar,28.634305,77.2909616,16,95,259,Dense (20+)
310896,The Chinese Hut,Preet Vihar,28.6425109,77.2959279,30,51,209,Dense (20+)
5446,Linx - Premier Inn,"Premier Inn, Shalimar Bagh",28.725814,77.144054,1,2,61,Light (1-5)
5448,The 87 - Premier Inn,"Premier Inn, Shalimar Bagh",28.725814,77.144054,1,2,61,Light (1-5)
18408062,Stallion - Pride Plaza Hotel,"Pride Plaza Hotel, Aerocity",28.552711,77.122934,24,60,101,Dense (20+)
18415386,Aqua Grill - Pride Plaza Hotel,"Pride Plaza Hotel, Aerocity",28.552732,77.12289,24,60,101,Dense (20+)
18397621,Mr. Confectioner - Pride Plaza Hotel,"Pride Plaza Hotel, Aerocity",28.552711,77.122934,24,60,101,Dense (20+)
18369301,Aditya's Kulcha Express,Punjabi Bagh,28.6700104,77.1331919,19,39,148,Dense (20+)
309383,Allterian By Chanson,Punjabi Bagh,28.66622877,77.12556068,28,53,153,Dense (20+)
310801,Amuse Lounge,Punjabi Bagh,28.67063315,77.13308394,19,39,125,Dense (20+)
495,Bikanervala,Punjabi Bagh,28.66660385,77.1215605,27,36,120,Dense (20+)
18241532,Cakes Dot Com,Punjabi Bagh,28.66729693,77.11450998,2,33,115,Dense (20+)
18445783,Chez Papillons by Bonjour Chocolates,Punjabi Bagh,28.66660532,77.12344006,33,36,134,Dense (20+)
18352179,Chicago Pizza,Punjabi Bagh,28.66595077,77.12736078,22,55,164,Dense (20+)
309309,Choco Doux,Punjabi Bagh,28.66690979,77.12029751,18,36,118,Dense (20+)
8272,Cocoberry,Punjabi Bagh,28.66653148,77.12341726,33,35,134,Dense (20+)
1998,Curries N More,Punjabi Bagh,28.67067669,77.13267021,19,40,125,Dense (20+)
1120,Dili's Chawla Chik Inn,Punjabi Bagh,28.66598342,77.12687194,25,55,166,Dense (20+)
18369772,Dimsum Vs Sushi,Punjabi Bagh,28.66921407,77.14631662,2,7,121,Moderate (6-20)
216,Domino's Pizza,Punjabi Bagh,28.67114118,77.13436034,19,32,150,Dense (20+)
303051,Everest Momos & Chinese Fast Food,Punjabi Bagh,28.67047254,77.13409312,19,38,150,Dense (20+)
6905,Food Plaza,Punjabi Bagh,28.66601166,77.1260123,28,55,160,Dense (20+)
307551,Giani,Punjabi Bagh,28.66599607,77.12674689,26,55,165,Dense (20+)
306267,Grillz & Gravy,Punjabi Bagh,28.66570983,77.12598313,28,53,162,Dense (20+)
306170,Kabab,Punjabi Bagh,28.66539211,77.12608337,28,50,168,Dense (20+)
3972,Khalsa,Punjabi Bagh,28.66676065,77.11728808,12,43,121,Dense (20+)
2951,Kumar Pastry Shop,Punjabi Bagh,28.67093203,77.13452697,19,32,151,Dense (20+)
308242,Little Chef,Punjabi Bagh,28.67111912,77.13411123,19,37,137,Dense (20+)
18153553,Mafia 2.0,Punjabi Bagh,28.6661817,77.1255647,28,53,155,Dense (20+)
311025,Makhni's,Punjabi Bagh,28.66934925,77.14233086,2,27,138,Dense (20+)
309578,Moksha,Punjabi Bagh,28.67092056,77.13278923,19,38,129,Dense (20+)
476,Moti Mahal Delux,Punjabi Bagh,28.67103528,77.13415582,19,37,147,Dense (20+)
310359,Pudding & Pie,Punjabi Bagh,28.66992391,77.13446863,19,38,148,Dense (20+)
1308,Republic of Chicken,Punjabi Bagh,28.6701719,77.13310942,19,39,146,Dense (20+)
301657,Shree Rathnam,Punjabi Bagh,28.67024103,77.13306617,19,39,144,Dense (20+)
309188,Soo Yung by the backyard,Punjabi Bagh,28.66684831,77.11976878,18,36,120,Dense (20+)
8801,Subway,Punjabi Bagh,28.67055843,77.13401467,19,38,149,Dense (20+)
1986,The Cake Shop,Punjabi Bagh,28.6656307,77.1260133,28,53,165,Dense (20+)
304212,The Night Shift,Punjabi Bagh,28.66650942,77.12363921,33,38,135,Dense (20+)
18288046,The Night Walkers,Punjabi Bagh,28.67075935,77.13329248,19,39,127,Dense (20+)
18082238,The Submarine Lounge,Punjabi Bagh,28.66658796,77.12443449,33,48,142,Dense (20+)
18228854,Tikka Junction,Punjabi Bagh,28.67064904,77.13270139,19,40,125,Dense (20+)
303105,Twenty Four Seven,Punjabi Bagh,28.66667416,77.12327108,33,36,132,Dense (20+)
308067,WTF - Wraps Toast Fries,Punjabi Bagh,28.66922319,77.14290284,2,24,136,Dense (20+)
18420452,Food Scouts,Punjabi Bagh,28.670435,77.133327,19,39,144,Dense (20+)
1054,Alkakori,Punjabi Bagh,28.66642175,77.12789018,21,54,162,Dense (20+)
312634,Arabian Delites,Punjabi Bagh,28.66598725,77.1270882,22,55,166,Dense (20+)
3516,Blue Water Grille,Punjabi Bagh,28.66572954,77.12141566,27,36,142,Dense (20+)
5595,Cafe Coffee Day,Punjabi Bagh,28.66621389,77.12603889,28,55,158,Dense (20+)
18232108,Dí_ner Grill,Punjabi Bagh,28.66714249,77.12002393,18,36,119,Dense (20+)
18358681,Drinks At Stake - Bar Exchange,Punjabi Bagh,28.66681066,77.12182269,28,36,118,Dense (20+)
18418237,Ghungroo Club & Bar - By Gautam Gambhir,Punjabi Bagh,28.66655119,77.12365262,33,38,135,Dense (20+)
9230,Gupta Chat Corner,Punjabi Bagh,28.67001569,77.13315569,19,39,148,Dense (20+)
6901,Gupta Sweets & Namkeen,Punjabi Bagh,28.66622,77.125859,28,55,157,Dense (20+)
18403003,hug!,Punjabi Bagh,28.6669277,77.1199768,18,36,119,Dense (20+)
311421,Lucky's Bakery and Patisserie,Punjabi Bagh,28.66594841,77.12720487,22,55,166,Dense (20+)
176,McDonald's,Punjabi Bagh,28.67033898,77.13317614,19,39,143,Dense (20+)
1992,Mughal Darbar,Punjabi Bagh,28.66657825,77.12184951,29,36,118,Dense (20+)
18287382,Nutritious Nation,Punjabi Bagh,28.66624642,77.12559488,28,53,153,Dense (20+)
18294251,Paapi Paet,Punjabi Bagh,28.6706461,77.13377662,19,38,148,Dense (20+)
18291260,The Derby Cookhouse,Punjabi Bagh,28.66695157,77.11988546,18,36,119,Dense (20+)
311836,The Midnight Heroes,Punjabi Bagh,28.67056226,77.13307187,19,39,125,Dense (20+)
18198459,World Art Dining - Brew House,Punjabi Bagh,28.66624083,77.12735139,22,55,165,Dense (20+)
18224547,Yo! China,Punjabi Bagh,28.66654178,77.12199099,29,36,117,Dense (20+)
307911,Bake Me A Cake,Punjabi Bagh,28.67409075,77.1290395,0,40,95,Dense (20+)
18287876,Bakerz Lodge,Punjabi Bagh,28.66666563,77.12192863,29,36,117,Dense (20+)
18375379,Hawalat Lounge & Bar,Punjabi Bagh,28.6665862,77.1224178,32,35,125,Dense (20+)
7167,Al Bake,PVR Anupam Complex,28.5233797,77.2069673,17,41,234,Dense (20+)
219,Domino's Pizza,PVR Anupam Complex,28.5232693,77.2075519,17,39,234,Dense (20+)
572,Madhuban,PVR Anupam Complex,28.5229168,77.2070008,20,49,231,Dense (20+)
302381,Pind Balluchi,PVR Anupam Complex,28.5233392,77.2070122,17,41,234,Dense (20+)
309232,Subway,PVR Anupam Complex,28.52352259,77.20727418,16,39,234,Dense (20+)
18303828,Burger King,PVR Anupam Complex,28.52317764,77.20790416,17,38,234,Dense (20+)
2222,Lebanese Point,PVR Anupam Complex,28.5233853,77.2070566,17,41,234,Dense (20+)
175,McDonald's,PVR Anupam Complex,28.52335409,77.20765002,17,39,234,Dense (20+)
18400733,Nukkadwala,PVR Anupam Complex,28.52352259,77.20727418,16,39,234,Dense (20+)
18303724,The Bunk House,PVR Anupam Complex,28.52338296,77.20744852,17,39,234,Dense (20+)
731,The Kathis,PVR Anupam Complex,28.5234779,77.2070571,16,41,234,Dense (20+)
18219522,Locale,PVR Anupam Complex,28.52332287,77.20718265,17,41,234,Dense (20+)
18219554,The Coffee Shop,PVR Anupam Complex,28.52294227,77.20764901,17,44,232,Dense (20+)
7797,Chakhna Food Point,Qutab Institutional Area,28.5413709,77.1859094,15,25,122,Dense (20+)
18352263,Da Pizza Corner,Qutab Institutional Area,28.54047405,77.18545038,17,21,121,Dense (20+)
18312571,Parashar's,Qutab Institutional Area,28.5365468,77.1832793,5,20,88,Moderate (6-20)
18421038,Cafe Coffee Day,Qutab Institutional Area,28.537381,77.181133,3,20,84,Moderate (6-20)
18412894,Cake Walk,Qutab Institutional Area,28.5408514,77.1855515,15,23,122,Dense (20+)
18312463,Chhotu Restaurant,Qutab Institutional Area,28.5424845,77.186376,15,28,129,Dense (20+)
18332442,Dabbba Wala Home Away,Qutab Institutional Area,28.539589,77.182736,18,20,109,Moderate (6-20)
18345771,Foodieholic,Qutab Institutional Area,28.54150757,77.18569312,15,26,122,Dense (20+)
18414497,Fourteen Eleven Tea Cafe,Qutab Institutional Area,28.5419777,77.1852381,15,28,122,Dense (20+)
18355275,Hungry Folks Food Corner,Qutab Institutional Area,28.5416196,77.1857394,15,27,121,Dense (20+)
18312455,Hussain - UP Ki Mashoor Biryani,Qutab Institutional Area,28.5415131,77.1862789,15,25,125,Dense (20+)
18025131,Just Vada Pav,Qutab Institutional Area,28.54039444,77.18585833,16,21,121,Dense (20+)
18161591,Mangal Ji and Gupta Ji Dhaba,Qutab Institutional Area,28.5361558,77.1884819,0,34,111,Dense (20+)
18312459,Pandey Ji Restaurant,Qutab Institutional Area,28.54186954,77.18608741,15,27,126,Dense (20+)
302573,Quality Restaurant,Qutab Institutional Area,28.5413154,77.1857753,15,25,123,Dense (20+)
18352264,Ravi Ke Parathe,Qutab Institutional Area,28.54151493,77.1864086,15,25,125,Dense (20+)
3555,Sahara Restaurant,Qutab Institutional Area,28.5418908,77.1863386,15,27,125,Dense (20+)
18414494,Shere-E-Punjab,Qutab Institutional Area,28.536976,77.182236,4,20,85,Moderate (6-20)
18153550,Sumona Restaurant,Qutab Institutional Area,28.54210988,77.18650181,15,27,124,Dense (20+)
18439705,The Hubbub Cafe and Restaurant,Qutab Institutional Area,28.546945,77.189514,0,55,222,Dense (20+)
7809,Welcome Fast Food & Parantha,Qutab Institutional Area,28.542264,77.1856278,15,28,122,Dense (20+)
307171,Abdul Muradabadi Chicken,R K Puram,28.5645773,77.1802838,14,32,270,Dense (20+)
300271,Anupam Sweets,R K Puram,28.5750988,77.1759708,16,31,204,Dense (20+)
345,Colonel's Kababz,R K Puram,28.5724323,77.1738591,14,37,238,Dense (20+)
307865,Green Chick Chop,R K Puram,28.5726799,77.1675179,7,36,214,Dense (20+)
307168,Jasmine Fast Food Centre,R K Puram,28.5642644,77.1779476,15,47,245,Dense (20+)
1859,Khalsa Restaurant,R K Puram,28.5643243,77.1818562,10,32,269,Dense (20+)
301229,Kitchen King,R K Puram,28.5734538,77.1728257,15,34,214,Dense (20+)
307169,Laxmi Corner,R K Puram,28.5644842,77.1779027,15,45,240,Dense (20+)
306291,Nazeer Delicacies,R K Puram,28.5650684,77.1807331,14,31,272,Dense (20+)
18428880,Vdesi,R K Puram,28.5661453,77.1760591,12,52,208,Dense (20+)
3381,Alkakori Alkauser,R K Puram,28.5651411,77.1672392,4,77,150,Dense (20+)
8853,Mathew's Cafe,R K Puram,28.5647542,77.1778359,15,44,233,Dense (20+)
301154,Supreme Bakery,R K Puram,28.5726386,77.1672793,8,36,211,Dense (20+)
309365,The Midnight Heroes,R K Puram,28.567461,77.175631,8,44,198,Dense (20+)
18427212,"34, Chowringhee Lane",R K Puram,28.5652136,77.1672543,4,72,150,Dense (20+)
313127,Aggarwal Sweets,R K Puram,28.5647404,77.181991,10,32,268,Dense (20+)
18486867,Alam Biryani,R K Puram,28.5642458,77.1784594,15,43,249,Dense (20+)
18472665,Behrouz Biryani,R K Puram,28.5724166,77.1671335,8,36,212,Dense (20+)
18486861,Biryani Point,R K Puram,28.5737361,77.173904,17,34,207,Dense (20+)
18396151,Chinese Hut,R K Puram,28.5626093,77.1793853,12,57,256,Dense (20+)
18434343,Dada Ka Dhaba,R K Puram,28.5660557,77.1760606,12,50,208,Dense (20+)
18478389,Die Bí_ckerei,R K Puram,28.5751601,77.1784867,6,31,206,Dense (20+)
18472663,Faaso's,R K Puram,28.5723659,77.1670746,8,36,212,Dense (20+)
18486866,Gupta Ji Ka Dhaba,R K Puram,28.5659833,77.1762403,13,50,209,Dense (20+)
18486869,Hot & Tasty,R K Puram,28.5658333,77.1884619,16,69,276,Dense (20+)
18486845,Kaka Da Dhaba,R K Puram,28.5771926,77.1741183,13,30,172,Dense (20+)
18325509,Kingdom Restaurant,R K Puram,28.5652799,77.167479,4,72,150,Dense (20+)
18352268,Little Delhi,R K Puram,28.5659747,77.1761505,13,50,209,Dense (20+)
18289261,Million Kitchen,R K Puram,28.5629421,77.1791157,14,54,255,Dense (20+)
18352180,Ok Indian & Chinese Food Corner,R K Puram,28.60913476,77.10044246,1,7,45,Moderate (6-20)
18469974,Ovenstory Pizza,R K Puram,28.5726176,77.1668949,6,35,210,Dense (20+)
18489530,Pakeeza Chicken Corner,R K Puram,28.5652412,77.1675125,4,72,150,Dense (20+)
18425179,Rapchick Biryani,R K Puram,28.5735311,77.1736345,15,34,208,Dense (20+)
18461352,Rupa Bangali Dhaba,R K Puram,28.5635547,77.1785769,14,51,247,Dense (20+)
18352172,Sindh Snacks,R K Puram,28.5735816,77.1735792,15,34,205,Dense (20+)
18486857,Vaishanavi Food Store,R K Puram,28.5768003,77.1740838,16,30,170,Dense (20+)
301227,"Ada ""e"" Haandi's",R K Puram,28.5750668,77.1761056,15,31,205,Dense (20+)
7060,Karnataka Food Centre,R K Puram,28.5778978,77.1752519,6,27,183,Dense (20+)
613,Cafe Coffee Day,Race Course,28.5990816,77.2058916,0,6,49,Moderate (6-20)
3549,Savannah Bar - Radisson Blu Plaza Delhi,"Radisson Blu Plaza Delhi, Mahipalpur",28.5438001,77.1196172,30,84,104,Dense (20+)
302282,Neung Roi - Radisson Blu Plaza Delhi,"Radisson Blu Plaza Delhi, Mahipalpur",28.5438287,77.1194083,29,83,104,Dense (20+)
3546,R The Lounge - Radisson Blu Plaza Delhi,"Radisson Blu Plaza Delhi, Mahipalpur",28.5437105,77.1196172,30,85,104,Dense (20+)
302283,The Pastry Shop - Radisson Blu Plaza Delhi,"Radisson Blu Plaza Delhi, Mahipalpur",28.5438215,77.1194194,29,83,104,Dense (20+)
3545,NYC - Radisson Blu Plaza Delhi,"Radisson Blu Plaza Delhi, Mahipalpur",28.5438174,77.119797,30,86,104,Dense (20+)
3547,The Great Kabab Factory - Radisson Blu Plaza Delhi,"Radisson Blu Plaza Delhi, Mahipalpur",28.543907,77.119797,31,86,101,Dense (20+)
4490,Cup Cakes - Radisson Blu,"Radisson Blu, Paschim Vihar",28.6672628,77.090586,11,20,57,Moderate (6-20)
4488,Oro The Bar - Radisson Blu,"Radisson Blu, Paschim Vihar",28.6672586,77.090592,11,20,57,Moderate (6-20)
186,McDonald's,Rajendra Place,28.6426741,77.1771112,51,135,200,Dense (20+)
3124,Mughal Mahal,Rajendra Place,28.644294,77.1766213,60,130,202,Dense (20+)
18057792,Imly,Rajendra Place,28.6446732,77.1784871,43,141,207,Dense (20+)
1641,Lanterns Kitchen & Bar,Rajendra Place,28.643386,77.17779,48,138,204,Dense (20+)
18368023,Guru Om Vanna,Rajendra Place,28.6444387,77.1773576,58,135,205,Dense (20+)
18438896,Khaao Peeyo,Rajendra Place,28.643168,77.177472,52,136,204,Dense (20+)
18479008,Oye!! Shawarma,Rajendra Place,28.643174,77.177473,52,136,204,Dense (20+)
7242,27 China Street,Rajinder Nagar,28.6417258,77.1855361,52,134,204,Dense (20+)
312920,Ada'e Handi,Rajinder Nagar,28.6397455,77.1777131,35,136,191,Dense (20+)
308051,Alkauser,Rajinder Nagar,28.6360505,77.1843283,34,80,191,Dense (20+)
3135,Barbeque Creation By Kadhai Tadka,Rajinder Nagar,28.6398635,77.1775468,34,136,190,Dense (20+)
693,Baskin Robbins,Rajinder Nagar,28.638768,77.1793562,34,128,189,Dense (20+)
7399,Bikaner Sweets Corner,Rajinder Nagar,28.6384592,77.1833586,62,111,202,Dense (20+)
18375392,Biryaniwala,Rajinder Nagar,28.6408817,77.1849206,53,131,204,Dense (20+)
5527,Cafe Coffee Day,Rajinder Nagar,28.6383657,77.1802929,46,116,191,Dense (20+)
7407,Chinese Corner,Rajinder Nagar,28.64084722,77.18480556,56,130,204,Dense (20+)
18279476,Choice Corner,Rajinder Nagar,28.6362195,77.1841987,36,82,191,Dense (20+)
18294260,Chowringhee,Rajinder Nagar,28.6434531,77.1887382,57,112,208,Dense (20+)
7409,Darshan Dhaba,Rajinder Nagar,28.6409097,77.1849429,52,131,204,Dense (20+)
8912,Domino's Pizza,Rajinder Nagar,28.6431648,77.18654,64,132,208,Dense (20+)
18224550,Durga Dhaba,Rajinder Nagar,28.6376128,77.18191,54,103,192,Dense (20+)
18363093,Flashback Midnight Hunger,Rajinder Nagar,28.643732,77.1778506,50,139,205,Dense (20+)
307511,Flavours of Punjab,Rajinder Nagar,28.6380274,77.1809053,51,108,191,Dense (20+)
18369767,Flirty Momo's,Rajinder Nagar,28.6362165,77.1842572,36,81,192,Dense (20+)
17977795,Food Factory,Rajinder Nagar,28.632301,77.175828,1,37,161,Dense (20+)
18455210,Foodies Joint,Rajinder Nagar,28.63823106,77.18303673,61,112,202,Dense (20+)
313258,Fresh Meat CO,Rajinder Nagar,28.6380933,77.1804127,42,110,189,Dense (20+)
7452,Friends Restaurant,Rajinder Nagar,28.6416685,77.1856029,52,133,204,Dense (20+)
7373,Giani,Rajinder Nagar,28.6380397,77.1809764,53,109,191,Dense (20+)
309445,Green Chick Chop,Rajinder Nagar,28.6436486,77.1776202,53,138,204,Dense (20+)
18468651,Havmor Ice Cream,Rajinder Nagar,28.637767,77.181651,55,106,192,Dense (20+)
8671,Hot Pot,Rajinder Nagar,28.6382645,77.1802949,42,113,189,Dense (20+)
308049,Hyderabadi Biryani Parlour,Rajinder Nagar,28.6415127,77.1852251,48,131,204,Dense (20+)
307519,iGNiTE,Rajinder Nagar,28.6415262,77.1851613,48,131,204,Dense (20+)
18034082,Just Cakez,Rajinder Nagar,28.6361574,77.1843844,35,81,192,Dense (20+)
18237343,Kay's Bar-Be-Que,Rajinder Nagar,28.6361662,77.1843284,35,81,192,Dense (20+)
8658,Kolkata Kathi Roll,Rajinder Nagar,28.640745,77.1846576,53,127,204,Dense (20+)
307702,Madras Cafe,Rajinder Nagar,28.6441954,77.1787112,41,149,207,Dense (20+)
300300,Mama's Chinese Kitchen,Rajinder Nagar,28.6374978,77.1819977,53,103,192,Dense (20+)
3131,Mama's Nu Khana Khazana,Rajinder Nagar,28.6373291,77.1817642,50,102,190,Dense (20+)
18446480,Marathi Katta,Rajinder Nagar,28.64091673,77.18502257,53,131,204,Dense (20+)
311383,Mitra Da Dhaba,Rajinder Nagar,28.6389356,77.1788585,34,133,189,Dense (20+)
2751,Moti Mahal Delux - Kebab Trail,Rajinder Nagar,28.6399016,77.1773147,33,135,189,Dense (20+)
18395392,Nirula's Ice Cream,Rajinder Nagar,28.6387701,77.1798317,35,122,193,Dense (20+)
306067,Oberoi Biryani,Rajinder Nagar,28.6358601,77.1851026,27,82,192,Dense (20+)
8688,Pappu Ka Dhaba,Rajinder Nagar,28.6385828,77.1796308,34,120,189,Dense (20+)
7306,Peshawar Sweets Shop,Rajinder Nagar,28.638266,77.1807286,50,118,193,Dense (20+)
18277238,Piyu Kitchen,Rajinder Nagar,28.6363021,77.1842643,41,82,192,Dense (20+)
18107869,Posh Spice,Rajinder Nagar,28.6434584,77.1889084,57,108,208,Dense (20+)
7442,Prince Chicken & Mutton Shop,Rajinder Nagar,28.6406426,77.1849341,59,128,204,Dense (20+)
7448,Punjab Chicken & Bar-Be-Que,Rajinder Nagar,28.6400561,77.1847405,61,125,203,Dense (20+)
307075,Republic of Chicken,Rajinder Nagar,28.6406889,77.1849192,57,128,204,Dense (20+)
305392,Sagar Ratna,Rajinder Nagar,28.6428784,77.1865864,56,129,208,Dense (20+)
18248991,Sardar A Pure Meat Shop,Rajinder Nagar,28.6383225,77.1804107,47,116,191,Dense (20+)
18420444,Shama Chicken Corner,Rajinder Nagar,28.6409495,77.18484,53,131,204,Dense (20+)
311787,Shawarma King's,Rajinder Nagar,28.6437563,77.1764955,62,131,200,Dense (20+)
8660,Sindh Sweet Corner,Rajinder Nagar,28.6383473,77.180053,41,117,188,Dense (20+)
18282048,Singh Tawa Corner,Rajinder Nagar,28.6366196,77.1835142,51,90,192,Dense (20+)
8666,Singh's Kitchen,Rajinder Nagar,28.6392731,77.1822871,65,119,202,Dense (20+)
8667,South Indian Cafe,Rajinder Nagar,28.6385698,77.1796612,34,120,189,Dense (20+)
7441,Subway,Rajinder Nagar,28.6402723,77.1848697,60,127,204,Dense (20+)
3132,Swaad Bar-Be-Que,Rajinder Nagar,28.6374266,77.1819781,53,103,191,Dense (20+)
7342,Tadak Punjabi,Rajinder Nagar,28.6443538,77.1787607,39,149,207,Dense (20+)
301242,Tandoori Delights,Rajinder Nagar,28.6412916,77.1854718,47,131,204,Dense (20+)
18429387,The Culinary Pitaara,Rajinder Nagar,28.6425064,77.1785489,34,150,204,Dense (20+)
18453448,The Grill Cafe,Rajinder Nagar,28.64060998,77.18509823,61,129,204,Dense (20+)
18369771,The Sunset,Rajinder Nagar,28.6407597,77.1846194,53,127,204,Dense (20+)
309255,Tomatoes Kitchen,Rajinder Nagar,28.6407064,77.1846297,52,127,204,Dense (20+)
307278,Udupi Eating House,Rajinder Nagar,28.6416652,77.1852191,50,131,204,Dense (20+)
311760,Wrapss,Rajinder Nagar,28.6421751,77.1859204,55,133,208,Dense (20+)
18443750,Burger Point,Rajinder Nagar,28.6409682,77.1854191,46,131,204,Dense (20+)
307700,Kings,Rajinder Nagar,28.6372098,77.1826464,53,100,193,Dense (20+)
18381646,Millionaire - Powered by Wrapss,Rajinder Nagar,28.6425402,77.1858395,54,133,208,Dense (20+)
308054,Punjabi Chaap Corner,Rajinder Nagar,28.6415906,77.1856699,51,132,204,Dense (20+)
18427200,Spooky Sky,Rajinder Nagar,28.635268,77.178993,25,80,184,Dense (20+)
7427,Standard Corner,Rajinder Nagar,28.6401823,77.1848343,59,125,204,Dense (20+)
18261149,The Canteen,Rajinder Nagar,28.6407532,77.1845831,52,127,204,Dense (20+)
18322646,The Diet Kitchen,Rajinder Nagar,28.6371834,77.1825191,52,100,192,Dense (20+)
310912,The Flashback,Rajinder Nagar,28.640178,77.1842868,63,125,204,Dense (20+)
18334635,The Mashal,Rajinder Nagar,28.6416314,77.1851848,50,131,204,Dense (20+)
18446486,LSK Express,Rajinder Nagar,28.640834,77.186603,47,123,204,Dense (20+)
7401,Aggarwal Sweets India,Rajinder Nagar,28.6392121,77.1836668,64,118,203,Dense (20+)
18237341,Dilli Treat,Rajinder Nagar,28.6371688,77.1825292,52,100,192,Dense (20+)
7428,Dukes Pastry Shop,Rajinder Nagar,28.63963084,77.18399361,64,123,203,Dense (20+)
18420467,HotMess Bakes,Rajinder Nagar,28.6381693,77.1804858,46,112,189,Dense (20+)
18332869,London Street Kitchen,Rajinder Nagar,28.6373909,77.1820929,52,103,192,Dense (20+)
18241878,Bablu Chic-Inn,Rajouri Garden,28.6389393,77.1202901,45,120,280,Dense (20+)
312959,Babu Jhatka,Rajouri Garden,28.6394578,77.1153558,38,159,328,Dense (20+)
978,Bal Gopal,Rajouri Garden,28.6383943,77.1204612,44,97,281,Dense (20+)
306910,Bharat Sweets,Rajouri Garden,28.6392175,77.1157942,44,151,326,Dense (20+)
307135,Cafe Blue Tomato,Rajouri Garden,28.6421004,77.1162715,28,175,290,Dense (20+)
18363209,Cafe TAB,Rajouri Garden,28.63090904,77.11567003,13,68,275,Dense (20+)
18454700,Cake-O-Licious,Rajouri Garden,28.64100677,77.12051611,41,122,268,Dense (20+)
308791,Chaap Point,Rajouri Garden,28.6365982,77.1241664,25,63,274,Dense (20+)
312589,Chawla Family Restaurant,Rajouri Garden,28.6387744,77.1201458,46,119,281,Dense (20+)
977,Chawla Family Restaurant,Rajouri Garden,28.6387768,77.1200964,46,119,280,Dense (20+)
8649,Chawla Restaurant,Rajouri Garden,28.6387809,77.1205381,43,118,282,Dense (20+)
309435,Chawlas 2,Rajouri Garden,28.6390825,77.1202079,45,125,280,Dense (20+)
18371401,Chicken Addiction,Rajouri Garden,28.64112418,77.12061569,42,123,268,Dense (20+)
307138,Crave Busters,Rajouri Garden,28.6522668,77.1232695,15,90,292,Dense (20+)
18420427,Garage,Rajouri Garden,28.6392619,77.1200667,49,126,276,Dense (20+)
305082,Gola Sizzlers,Rajouri Garden,28.6475397,77.1192439,66,126,267,Dense (20+)
305086,Golden Tandoor,Rajouri Garden,28.6382052,77.1205618,44,90,281,Dense (20+)
307541,Green Chick Chop,Rajouri Garden,28.63938,77.1149915,23,155,327,Dense (20+)
18281968,Indo Traditional Kulfi,Rajouri Garden,28.6395034,77.1203589,46,127,276,Dense (20+)
18375382,Invitation Foodex,Rajouri Garden,28.63860359,77.12024923,47,108,282,Dense (20+)
2537,King's Kabab,Rajouri Garden,28.6391596,77.1203142,45,125,280,Dense (20+)
311977,New Kadimi,Rajouri Garden,28.650417,77.1200714,56,102,290,Dense (20+)
974,Paramjeet Machi Wala,Rajouri Garden,28.6385502,77.1202126,47,107,282,Dense (20+)
4163,Polka Pastry & Snack Bar,Rajouri Garden,28.6395812,77.1166967,46,138,311,Dense (20+)
305694,Punnu Biryani,Rajouri Garden,28.6392925,77.1151872,35,155,327,Dense (20+)
2364,Raju Chinese Food,Rajouri Garden,28.6392045,77.1202369,47,125,278,Dense (20+)
305688,Sandoz,Rajouri Garden,28.6390357,77.1205029,44,121,282,Dense (20+)
18255603,Scoop Junction,Rajouri Garden,28.6391953,77.1202507,47,125,279,Dense (20+)
307548,Shri Durga Dosa Corner,Rajouri Garden,28.6406538,77.1199468,41,126,271,Dense (20+)
5932,Soni Bakers,Rajouri Garden,28.645158,77.1212876,59,125,263,Dense (20+)
300397,Subway,Rajouri Garden,28.6449256,77.1216877,55,130,263,Dense (20+)
969,The Tandoor,Rajouri Garden,28.6389131,77.120204,45,122,279,Dense (20+)
303122,Twenty Four Seven,Rajouri Garden,28.6397089,77.117951,48,132,278,Dense (20+)
8652,Unique Tasty Bites,Rajouri Garden,28.6388527,77.1200278,47,122,280,Dense (20+)
18420456,Band Baaja Baaraat,Rajouri Garden,28.647609,77.1192507,66,123,267,Dense (20+)
18445790,Kopper Kadai,Rajouri Garden,28.6476272,77.1195466,68,123,268,Dense (20+)
313368,Naturals Ice Cream,Rajouri Garden,28.647233,77.1195942,66,129,265,Dense (20+)
18037817,Qubitos - The Terrace Cafe,Rajouri Garden,28.6471325,77.1177015,65,130,264,Dense (20+)
304746,The California Boulevard,Rajouri Garden,28.647716,77.1200352,68,122,266,Dense (20+)
9458,Anjlika Pastry Shop,Rajouri Garden,28.6417517,77.1227629,32,120,267,Dense (20+)
5878,Atul Chaat Corner,Rajouri Garden,28.6456088,77.1209176,61,128,264,Dense (20+)
18384134,Bake A Wish,Rajouri Garden,28.6401722,77.1189181,47,129,277,Dense (20+)
3086,Berco's,Rajouri Garden,28.6421069,77.1163756,30,173,289,Dense (20+)
497,Bikanervala,Rajouri Garden,28.6485357,77.1227398,58,105,286,Dense (20+)
18461723,Bintang Sweet Thrills,Rajouri Garden,28.6393819,77.11487744,19,155,327,Dense (20+)
18163908,Boombox Cafe Reloaded,Rajouri Garden,28.647193,77.1181073,66,130,264,Dense (20+)
18037816,Cafe Foto Club,Rajouri Garden,28.6476301,77.1198714,68,121,265,Dense (20+)
312482,Capital Grill,Rajouri Garden,28.64799,77.1190895,67,115,268,Dense (20+)
18222577,CG's - Lounge Cafe Bar,Rajouri Garden,28.6476107,77.1193141,67,123,267,Dense (20+)
966,Dhaba,Rajouri Garden,28.6474348,77.1192322,67,129,268,Dense (20+)
217,Domino's Pizza,Rajouri Garden,28.6471108,77.1186491,66,131,266,Dense (20+)
18245274,Garam Dharam,Rajouri Garden,28.6474008,77.1192922,66,129,267,Dense (20+)
5931,Gayway Bakery,Rajouri Garden,28.646717,77.1210744,66,132,265,Dense (20+)
1158,Giani's,Rajouri Garden,28.6480502,77.120075,67,116,269,Dense (20+)
309845,Grub House,Rajouri Garden,28.6472138,77.1192573,66,130,267,Dense (20+)
18273540,Habibi,Rajouri Garden,28.647538,77.1183445,66,127,264,Dense (20+)
310768,High Street Cafí©,Rajouri Garden,28.6474559,77.1199541,68,125,265,Dense (20+)
18322658,Hungry Heroes,Rajouri Garden,28.6431463,77.1225668,22,122,262,Dense (20+)
18228867,IKKA - The Ace Bar,Rajouri Garden,28.6484888,77.1207867,64,112,270,Dense (20+)
18384149,Jungle Jamboree,Rajouri Garden,28.6485937,77.12107,63,115,272,Dense (20+)
18294265,Lord of the Drinks Chamber,Rajouri Garden,28.648007,77.1202741,66,116,269,Dense (20+)
188,McDonald's,Rajouri Garden,28.6499809,77.1207565,56,110,295,Dense (20+)
306014,Mister Gulati Bakers,Rajouri Garden,28.6421133,77.1173905,43,138,275,Dense (20+)
18281954,My Fit Food,Rajouri Garden,28.6468913,77.1225291,57,128,267,Dense (20+)
306410,Otik Cake Shop,Rajouri Garden,28.6404889,77.12031,39,123,272,Dense (20+)
837,Pind Balluchi,Rajouri Garden,28.6476603,77.1203644,65,122,266,Dense (20+)
18438452,SardarBuksh Coffee & Co.,Rajouri Garden,28.63859667,77.12046923,45,105,281,Dense (20+)
965,Sethi's Restaurant & Barbeque,Rajouri Garden,28.6393673,77.1200955,48,126,274,Dense (20+)
310167,Sufiaana,Rajouri Garden,28.6500509,77.1205059,57,107,293,Dense (20+)
17953943,The Burger Club,Rajouri Garden,28.6462404,77.1173251,64,135,260,Dense (20+)
18241862,The Junkyard Cafí©,Rajouri Garden,28.6473261,77.1195347,66,129,265,Dense (20+)
18412880,The Masterpiece Cafe,Rajouri Garden,28.6473907,77.1199627,68,126,265,Dense (20+)
313071,The Momoz Hub,Rajouri Garden,28.6454191,77.1209645,60,128,263,Dense (20+)
310395,The Post Office Cafe,Rajouri Garden,28.6476117,77.1199713,68,121,266,Dense (20+)
6195,The Royal Turban,Rajouri Garden,28.6474564,77.1200673,67,124,266,Dense (20+)
18311919,The Vintage Bakers,Rajouri Garden,28.6463616,77.1172443,64,134,260,Dense (20+)
3083,Wok In The Clouds,Rajouri Garden,28.6472442,77.1193284,66,130,267,Dense (20+)
307549,Aggarwal Sweet Centre,Rajouri Garden,28.6404695,77.1198933,43,126,273,Dense (20+)
7287,Crazy Cow,Rajouri Garden,28.6449319,77.1214101,57,125,263,Dense (20+)
306476,AMPM Cafí© & Bar,Rajouri Garden,28.6477737,77.1201223,67,118,266,Dense (20+)
18369780,Cafí© Foreground,Rajouri Garden,28.6470325,77.1193188,66,130,266,Dense (20+)
18412888,Calendar's Kitchen by Satish Kaushik,Rajouri Garden,28.6472676,77.1181539,66,130,264,Dense (20+)
304233,Desee Dakshin Coastal Cafe,Rajouri Garden,28.6473667,77.1194794,66,128,265,Dense (20+)
18345778,Food Scouts,Rajouri Garden,28.65081196,77.11999476,53,98,287,Dense (20+)
18430901,Ghar Bistro Cafe,Rajouri Garden,28.6464612,77.1176775,65,132,261,Dense (20+)
18427236,Goosebumps,Rajouri Garden,28.6461641,77.1172042,63,135,260,Dense (20+)
18441764,Kalol- Bar Te Kitchen,Rajouri Garden,28.6478609,77.1201029,66,117,268,Dense (20+)
312476,Lights Camera Action - Air Bar,Rajouri Garden,28.6477927,77.1198335,68,118,268,Dense (20+)
18421044,Midnight Hunger Hub,Rajouri Garden,28.63957434,77.12252375,35,114,275,Dense (20+)
18252401,National Highway 44,Rajouri Garden,28.6475147,77.1183726,66,127,264,Dense (20+)
3077,Pirates of Grill,Rajouri Garden,28.6474974,77.1182068,66,127,265,Dense (20+)
300416,Prem Di Hatti,Rajouri Garden,28.6482991,77.1218081,61,117,270,Dense (20+)
18415387,Showstopper,Rajouri Garden,28.6475953,77.1199715,68,121,266,Dense (20+)
18322621,Spotlight Bistro & Bar,Rajouri Garden,28.647141,77.118653,66,131,266,Dense (20+)
18432011,The Diet Kitchen,Rajouri Garden,28.6473433,77.1165235,66,119,262,Dense (20+)
18254514,The Drunk House,Rajouri Garden,28.6480613,77.1204429,66,114,268,Dense (20+)
18381259,The Headquarter,Rajouri Garden,28.647321,77.117922,66,128,264,Dense (20+)
18454951,Tippling Street,Rajouri Garden,28.64820949,77.11992847,67,110,270,Dense (20+)
300844,"34, Chowringhee Lane",Rohini,28.7049801,77.1292361,3,29,138,Dense (20+)
3247,Apni Rasoi,Rohini,28.7183841,77.1261797,9,24,91,Dense (20+)
6481,Apsara Restaurant,Rohini,28.7401249,77.1184642,0,3,11,Light (1-5)
8771,Ashu Bhature Wala,Rohini,28.7039726,77.1252807,4,23,132,Dense (20+)
300862,Bakery Wala - The Cake Shop,Rohini,28.703903,77.1250975,4,22,132,Dense (20+)
4056,Bikanervala,Rohini,28.697879,77.1159313,12,15,54,Moderate (6-20)
308212,Chalte Firte Momos & Special Foods,Rohini,28.7181704,77.1258201,10,26,92,Dense (20+)
303595,Chicken Khurana,Rohini,28.7341659,77.1320227,1,2,21,Light (1-5)
7679,Chit Chat,Rohini,28.7236979,77.1274382,1,12,75,Moderate (6-20)
8389,Domino's Pizza,Rohini,28.7014084,77.1167854,13,17,64,Moderate (6-20)
9408,Gurdasman Punjabi Khana & Caterers,Rohini,28.7344604,77.1322924,1,2,21,Light (1-5)
313336,KFC,Rohini,28.7007672,77.1171,13,17,64,Moderate (6-20)
6477,Malika Bakers Pastry Shop,Rohini,28.7181329,77.1263595,9,25,92,Dense (20+)
191,McDonald's,Rohini,28.7010021,77.1167902,13,17,62,Moderate (6-20)
2000,Nakshatra Punjabi Rasoi,Rohini,28.7183841,77.1261797,9,24,91,Dense (20+)
7137,New Eleven to Eleven,Rohini,28.7128593,77.1264494,2,36,122,Dense (20+)
311711,Pasta Hut,Rohini,28.7178037,77.1257302,10,28,92,Dense (20+)
6308,Patiala Shahi,Rohini,28.69976033,77.10445471,1,2,22,Light (1-5)
5283,Pavitra Bakers,Rohini,28.736207,77.137416,0,2,7,Light (1-5)
5313,Punjabi Rasoi,Rohini,28.7086399,77.1244717,4,20,118,Moderate (6-20)
8915,Puratan - Family Restaurant & Bar,Rohini,28.7344691,77.1142681,2,4,17,Light (1-5)
309429,Sardar A Pure Meat Shop,Rohini,28.7116118,77.1246515,5,31,114,Dense (20+)
3114,Spice Court,Rohini,28.7007412,77.1168303,13,18,62,Moderate (6-20)
3229,Subway,Rohini,28.7009376,77.1170101,13,17,64,Moderate (6-20)
18254676,Urban Garden Cafe,Rohini,28.6981332,77.1148525,12,15,48,Moderate (6-20)
18365897,Behrouz Biryani,Rohini,28.7170039,77.1211455,7,26,81,Dense (20+)
9253,BTW,Rohini,28.7345078,77.1141532,2,4,17,Light (1-5)
310459,Chalte Firte Momos & Special Foods,Rohini,28.7022199,77.1191677,13,19,86,Moderate (6-20)
218,Domino's Pizza,Rohini,28.7348098,77.1140883,2,4,15,Light (1-5)
300841,Gaurav Pastry Palace,Rohini,28.711312,77.1139361,4,9,57,Moderate (6-20)
302466,Jhakkas,Rohini,28.7054593,77.1220495,6,23,110,Dense (20+)
309629,Kebab Xpress,Rohini,28.7148351,77.1162909,8,19,67,Moderate (6-20)
18312438,Keventers,Rohini,28.7151037,77.1162909,7,20,67,Moderate (6-20)
9348,McDonald's,Rohini,28.7167411,77.1137736,5,14,53,Moderate (6-20)
304928,Moti Mahal Delux,Rohini,28.7126947,77.1182275,5,24,77,Dense (20+)
18273634,Mr. Sub,Rohini,28.7148351,77.1162909,8,19,67,Moderate (6-20)
18246132,Nik's Kitchen,Rohini,28.7114472,77.1243368,5,29,112,Dense (20+)
302302,Punjabi Dhaba,Rohini,28.7313904,77.1097279,0,6,19,Moderate (6-20)
18355152,Satvik Rasoi,Rohini,28.7116727,77.1197071,5,26,88,Dense (20+)
308969,Shree Gopal Ji Chole Bhature,Rohini,28.7003942,77.1020856,1,1,19,Light (1-5)
302344,South Indian Corner,Rohini,28.7239,77.1272135,1,12,75,Moderate (6-20)
307466,The Chocolate Villa,Rohini,28.717512,77.125955,10,30,92,Dense (20+)
3108,Vaishno Punjabi Dhaba,Rohini,28.7048624,77.1215051,4,24,107,Dense (20+)
309783,WTF - What's the Food?,Rohini,28.71961666,77.06521701,0,0,0,Isolated (0)
8883,Handi Chhareyan Di,Rohini,28.7086313,77.1243818,4,20,118,Moderate (6-20)
300966,Svaruchi Bhoj,Rohini,28.7023434,77.1165388,13,17,70,Moderate (6-20)
18408058,Caffe 9,Rohini,28.71679,77.11235,7,14,50,Moderate (6-20)
301763,Jai Vaishno Rasoi,Rohini,28.7117653,77.1325217,21,51,127,Dense (20+)
18425766,Chidya Ghar - Roseate House,"Roseate House, Aerocity",28.550802,77.120533,25,85,102,Dense (20+)
18382353,DEL - Roseate House,"Roseate House, Aerocity",28.550802,77.120533,25,85,102,Dense (20+)
18463962,Roasted - Roseate,"Roseate House, Aerocity",28.550802,77.120533,25,85,102,Dense (20+)
7310,Adish,Safdarjung,28.565381,77.198856,24,87,307,Dense (20+)
4336,Amritsari Dhaba,Safdarjung,28.565358,77.199024,22,90,310,Dense (20+)
305517,Amritsari Xpress,Safdarjung,28.566074,77.199449,14,84,317,Dense (20+)
303289,Anupam Sweets,Safdarjung,28.56198611,77.19249722,36,114,323,Dense (20+)
18334429,B Two,Safdarjung,28.5624946,77.19174787,29,117,318,Dense (20+)
309531,Babbu Da Punjabi Dhaba,Safdarjung,28.567931,77.19453,17,96,295,Dense (20+)
8216,Baker's Byte,Safdarjung,28.56383056,77.19496111,47,93,314,Dense (20+)
18384121,Bamboo Hut,Safdarjung,28.559151,77.195856,51,125,326,Dense (20+)
1775,Bengal Sweet Corner,Safdarjung,28.5654336,77.1991066,20,90,311,Dense (20+)
300258,Cafe Coffee Day - The Lounge,Safdarjung,28.559014,77.19591,52,124,324,Dense (20+)
304107,Cafe Coffee Day,Safdarjung,28.56540556,77.199075,20,90,310,Dense (20+)
18247034,Cake Away,Safdarjung,28.55951921,77.19691481,46,132,325,Dense (20+)
18357109,Chanky Restruoo,Safdarjung,28.56269484,77.19549257,59,121,311,Dense (20+)
309026,Chawla Fast Food,Safdarjung,28.56723889,77.19439722,20,99,295,Dense (20+)
18358685,Chawnsan Chef,Safdarjung,28.559828,77.198889,37,160,328,Dense (20+)
18219516,China King,Safdarjung,28.55887489,77.19658758,48,132,327,Dense (20+)
304194,Desi Zaika,Safdarjung,28.56199193,77.19236042,35,114,324,Dense (20+)
300280,Druk,Safdarjung,28.5618126,77.19417427,47,125,318,Dense (20+)
9565,Flavours of Tibet,Safdarjung,28.56177343,77.19393991,45,119,317,Dense (20+)
18126972,Get Lost in Flavours,Safdarjung,28.56174605,77.19224811,35,114,323,Dense (20+)
18285198,Giani,Safdarjung,28.56542249,77.1990636,21,90,310,Dense (20+)
7318,Green Chick Chop,Safdarjung,28.56207497,77.20069136,30,152,349,Dense (20+)
305514,Grover Dhaba,Safdarjung,28.55903832,77.19693661,46,136,328,Dense (20+)
4330,Gupta's Rasoi,Safdarjung,28.558874,77.19629455,51,129,323,Dense (20+)
304186,Hangchuaa's Chinese Food Corner,Safdarjung,28.56062056,77.1989952,34,154,324,Dense (20+)
18219526,High On Burgers,Safdarjung,28.56057904,77.19918799,34,159,332,Dense (20+)
18254549,Hot Paprika,Safdarjung,28.56034081,77.20056731,37,175,344,Dense (20+)
311570,Jalsa,Safdarjung,28.56265773,77.19475061,48,116,313,Dense (20+)
309804,KPG Express,Safdarjung,28.56201667,77.19366599,43,114,320,Dense (20+)
18144483,Le Himalaya,Safdarjung,28.56087734,77.19325863,42,116,320,Dense (20+)
309806,Lunia Italian,Safdarjung,28.56108333,77.19738889,50,136,316,Dense (20+)
305516,Mahipal Dhaba,Safdarjung,28.572764,77.191948,15,47,198,Dense (20+)
311828,Moti Mahal Delux - Tandooori Trail,Safdarjung,28.56198369,77.19733089,63,138,306,Dense (20+)
310436,Pooja Take Away Kitchen,Safdarjung,28.56262917,77.19544631,58,122,311,Dense (20+)
5846,Red Chilli,Safdarjung,28.56721546,77.19480157,26,100,297,Dense (20+)
309808,Saturn,Safdarjung,28.561778,77.1941,46,123,318,Dense (20+)
18432849,Smokey Flavours,Safdarjung,28.56178754,77.19396817,45,120,317,Dense (20+)
7322,Subway,Safdarjung,28.56164445,77.20070411,30,156,349,Dense (20+)
308219,Sugar Loft,Safdarjung,28.56573815,77.19585299,37,91,302,Dense (20+)
18138427,Sugary Affairs,Safdarjung,28.56444427,77.19438482,43,91,303,Dense (20+)
18424971,The Baking Fusion,Safdarjung,28.56069268,77.19857084,40,148,321,Dense (20+)
300281,The Chef Restaurant,Safdarjung,28.56172425,77.19402138,45,123,317,Dense (20+)
304187,Yo Tibet,Safdarjung,28.56092299,77.19378803,44,123,321,Dense (20+)
310942,Cafe Rock 'n' Rolla,Safdarjung,28.56171306,77.19603203,55,122,309,Dense (20+)
309475,Charcoal,Safdarjung,28.559765,77.19611,50,123,321,Dense (20+)
306870,Chawla Chicken,Safdarjung,28.56729585,77.19439723,18,101,296,Dense (20+)
300283,Freedom Corner,Safdarjung,28.56078547,77.19365057,43,120,319,Dense (20+)
18337779,Kori's,Safdarjung,28.5626823,77.19367238,41,112,318,Dense (20+)
307464,Mizo Diner,Safdarjung,28.56199134,77.19262462,38,114,320,Dense (20+)
1774,Rainbows,Safdarjung,28.5658584,77.1993312,16,86,317,Dense (20+)
7319,Rajinder Xpress,Safdarjung,28.5655974,77.19932243,19,90,318,Dense (20+)
3164,RDX,Safdarjung,28.5657345,77.1989719,23,84,307,Dense (20+)
18458306,Sumo Sushi,Safdarjung,28.5598,77.192026,38,99,304,Dense (20+)
312130,The Categorical Eat Pham,Safdarjung,28.56102723,77.1938467,44,124,321,Dense (20+)
306581,The Hungry Monkey,Safdarjung,28.5590068,77.196097,53,124,323,Dense (20+)
18357527,Treat Up Cafe and Restaurant,Safdarjung,28.56274136,77.19541814,59,121,311,Dense (20+)
18337920,Weird Time Food,Safdarjung,28.56078871,77.19384637,44,123,321,Dense (20+)
18416859,Amor Kitchen,Safdarjung,28.5604954,77.1990168,34,156,325,Dense (20+)
18393436,Chip N Dale,Safdarjung,28.56177812,77.19272362,41,115,320,Dense (20+)
18285734,Mummy's Food Corner,Safdarjung,28.56144097,77.19272755,42,114,320,Dense (20+)
18334432,Riyaz Biryani Corner,Safdarjung,28.56039293,77.19942939,33,164,336,Dense (20+)
18285204,The Chinese & Thai Restaurant,Safdarjung,28.56153078,77.19289754,42,114,320,Dense (20+)
628,Cafe Coffee Day,Safdarjung,28.5589086,77.1960071,54,124,323,Dense (20+)
18396054,Cafe Hashtag LoL,Safdarjung,28.56608797,77.19869513,22,86,303,Dense (20+)
18237319,Dirty Apron,Safdarjung,28.55968176,77.19692755,49,132,323,Dense (20+)
17953911,Hornbill,Safdarjung,28.56098659,77.19302326,42,113,320,Dense (20+)
18456770,Napoli Pizza,Safdarjung,28.560712,77.198835,39,151,320,Dense (20+)
1777,Rajinder Da Dhaba,Safdarjung,28.5654017,77.1992414,20,90,315,Dense (20+)
18138443,The Piano Man Jazz Club,Safdarjung,28.55952304,77.19702881,47,135,326,Dense (20+)
313269,Tossin Pizza,Safdarjung,28.55933546,77.19572827,50,122,324,Dense (20+)
18428536,Big Belly Burger,Sainik Farms,28.509106,77.201128,14,37,76,Dense (20+)
300231,Bikaner Choice,Sainik Farms,28.5144262,77.2051326,13,49,110,Dense (20+)
300236,Bikaner Misthan,Sainik Farms,28.5203762,77.2030121,13,54,194,Dense (20+)
18303837,Da Yummy Pizza,Sainik Farms,28.50820299,77.20037151,14,30,74,Dense (20+)
312827,Food Nursary,Sainik Farms,28.50401631,77.19863344,9,16,50,Moderate (6-20)
302326,Puja Sandwich House,Sainik Farms,28.50790278,77.20018056,14,29,74,Dense (20+)
300235,PVR Bhojanalay,Sainik Farms,28.507634,77.2000801,14,27,73,Dense (20+)
309192,The Bake Studio,Sainik Farms,28.5098832,77.2017569,11,41,77,Dense (20+)
2201,The Blue Tandoor,Sainik Farms,28.5180547,77.2142696,1,29,164,Dense (20+)
18355141,Abdullah Biryani Centre,Sainik Farms,28.50556136,77.1987595,11,18,54,Moderate (6-20)
18408037,Allishan Family Restaurant,Sainik Farms,28.5086514,77.2008084,13,33,75,Dense (20+)
18489533,Bhawani Restaurant,Sainik Farms,28.51673,77.2058841,16,55,167,Dense (20+)
18440160,Chawla Chik Inn,Sainik Farms,28.507952,77.214375,1,2,70,Light (1-5)
18354987,Foodies,Sainik Farms,28.51453131,77.20467545,13,47,110,Dense (20+)
302314,G+,Sainik Farms,28.50756389,77.20021944,14,27,73,Dense (20+)
18355145,Janta Canteen,Sainik Farms,28.50085983,77.19703753,2,12,43,Moderate (6-20)
18355137,Kalka's Food Centre,Sainik Farms,28.5183803,77.2062486,17,51,176,Dense (20+)
18489523,Le Village Pastry Shop,Sainik Farms,28.5172873,77.206069,17,53,171,Dense (20+)
18408066,Meatwale.com,Sainik Farms,28.5099643,77.201667,11,41,77,Dense (20+)
18312586,Mohit Bakery,Sainik Farms,28.5166527,77.2060692,15,55,167,Dense (20+)
302311,Pastry Place,Sainik Farms,28.5082777,77.200568,13,30,74,Dense (20+)
18469965,Pho King Awesome,Sainik Farms,28.535749,77.22319,4,66,261,Dense (20+)
18488864,PIE,Sainik Farms,28.51465649,77.20335054,18,45,107,Dense (20+)
18470757,Rasoi - The Indian Zaika,Sainik Farms,28.5144607,77.2046316,13,47,110,Dense (20+)
18355143,Shree Balaji Bhojnalaya,Sainik Farms,28.50050685,77.19673578,2,11,41,Moderate (6-20)
18465571,Smoke Trailer Grill,Sainik Farms,28.51195551,77.22338664,0,1,73,Light (1-5)
302318,Sonu Sweets,Sainik Farms,28.50556607,77.1988564,11,18,54,Moderate (6-20)
18303708,Spice Treat,Sainik Farms,28.51725461,77.19935864,17,44,114,Dense (20+)
18355147,Star Restaurant,Sainik Farms,28.51784764,77.19856001,12,41,121,Dense (20+)
18203159,Pandit Ji Ki Apni Rasoi,Sainik Farms,28.5152144,77.205485,14,60,130,Dense (20+)
309152,Alam Muradabadi Chicken Biryani,Saket,28.5089203,77.2011051,13,36,76,Dense (20+)
309113,Boheme Bar & Grill,Saket,28.5276895,77.2192738,55,68,177,Dense (20+)
18398598,Budapest Kitchen & Bar,Saket,28.5130132,77.19878934,11,45,96,Dense (20+)
18303720,Dark House,Saket,28.5182007,77.1989393,15,47,124,Dense (20+)
18303716,Henry's Cafe,Saket,28.51536946,77.20559042,14,58,137,Dense (20+)
300221,Kathi Zone,Saket,28.51755481,77.1982405,12,41,114,Dense (20+)
18203177,Kehar Cafe & Restaurant,Saket,28.5194377,77.2004093,14,53,144,Dense (20+)
308992,Kumaon Dhaba & Service,Saket,28.51901777,77.20637999,24,50,188,Dense (20+)
18368005,Let'z Eat,Saket,28.510419,77.202174,13,42,78,Dense (20+)
311517,Lite Eat Cafe,Saket,28.51748381,77.1982187,12,42,113,Dense (20+)
18282049,Malabar Dosa Hut,Saket,28.51544458,77.20556729,14,58,139,Dense (20+)
308166,New Red Onion,Saket,28.5201761,77.20329646,13,53,194,Dense (20+)
256,Pizza Hut,Saket,28.5233603,77.2076072,17,39,234,Dense (20+)
18348790,The Tiffin Hut,Saket,28.51688047,77.19903778,15,45,114,Dense (20+)
309874,The Upper Crust,Saket,28.51914091,77.21234288,1,38,184,Dense (20+)
7131,Touch of Punjab,Saket,28.51435543,77.2046959,13,47,110,Dense (20+)
312032,Tulicakes,Saket,28.52252897,77.20787968,18,46,229,Dense (20+)
311370,Wanchai By Kylin,Saket,28.52875186,77.21950404,56,70,176,Dense (20+)
18233797,Wow! India,Saket,28.51467478,77.2031077,18,45,103,Dense (20+)
313311,All About Food,Saket,28.524625,77.213402,5,80,207,Dense (20+)
3797,Costa Coffee,Saket,28.5280456,77.2168935,55,80,186,Dense (20+)
309893,Hey' Sugar Delhi,Saket,28.52228093,77.20448703,21,52,216,Dense (20+)
4889,India Grill - Hilton Garden Inn,Saket,28.5280393,77.2172977,55,74,184,Dense (20+)
18373071,Jugmug Thela,Saket,28.517316,77.199805,18,51,114,Dense (20+)
18238757,Mucchad Di Chai,Saket,28.5203778,77.2028171,12,54,194,Dense (20+)
311326,SS ONN THE GO,Saket,28.5291378,77.2196556,56,70,178,Dense (20+)
18255154,The Junkyard Cafe,Saket,28.52823136,77.21971795,56,69,176,Dense (20+)
18465802,Aradhya Restaurant,Saket,28.51751975,77.19819423,12,42,114,Dense (20+)
18303815,Nanu Ki Rasoi,Saket,28.50600419,77.19907064,11,18,55,Moderate (6-20)
18409190,PSR Foods,Saket,28.51756924,77.19821937,12,41,114,Dense (20+)
18463563,Rasoi - The Indian Zaika,Saket,28.50644908,77.20963016,1,13,69,Moderate (6-20)
311174,The Pizza Corner,Saket,28.51470631,77.20538288,14,60,116,Dense (20+)
4726,Wah Ji Wah,Saket,28.52493186,77.2064665,16,39,238,Dense (20+)
18217023,Blue Tokai Coffee Roasters,Saket,28.5173033,77.200089,18,57,114,Dense (20+)
18279172,Ice Pan Creamery,Saket,28.52780217,77.21681479,56,79,186,Dense (20+)
8621,Rose Cafe,Saket,28.5178209,77.1982094,12,40,119,Dense (20+)
18463567,Nueva,"Sangam Courtyard, RK Puram",28.571902,77.1720619,15,40,228,Dense (20+)
18124378,Cafe Diva,"Sangam Courtyard, RK Puram",28.5722604,77.1720619,16,39,230,Dense (20+)
313061,Starbucks,"Sangam Courtyard, RK Puram",28.5724323,77.1738591,14,37,238,Dense (20+)
18126111,Cafe Delhi Heights,"Sangam Courtyard, RK Puram",28.571681,77.1734996,13,42,233,Dense (20+)
18053052,Delhi Club House,"Sangam Courtyard, RK Puram",28.5724323,77.1738591,14,37,238,Dense (20+)
18034053,The Fatty Bao,"Sangam Courtyard, RK Puram",28.571681,77.1734996,13,42,233,Dense (20+)
18144458,Ziu,"Sangam Courtyard, RK Puram",28.5724323,77.1738591,14,37,238,Dense (20+)
306801,Al-Arabi Restaurant,Sarita Vihar,28.53354,77.300312,7,34,63,Dense (20+)
7815,Bikaner Sweets,Sarita Vihar,28.5353106,77.2919183,13,56,67,Dense (20+)
1461,Chawla's_,Sarita Vihar,28.5336131,77.2868798,12,33,68,Dense (20+)
18339800,DELI2NITE,Sarita Vihar,28.5325576,77.2970357,8,39,65,Dense (20+)
309728,Green Chick Chop,Sarita Vihar,28.5351351,77.2918036,11,56,67,Dense (20+)
308536,Laziz Fast Food & Laziz Khana,Sarita Vihar,28.5352265,77.2909739,14,56,68,Dense (20+)
18357533,New Zaika Kathi Rolls,Sarita Vihar,28.5351255,77.2917987,11,56,67,Dense (20+)
18424619,Sardar Ji Chaap & Rolls,Sarita Vihar,28.5349496,77.2910441,14,56,68,Dense (20+)
7824,Shri Bala Ji,Sarita Vihar,28.5381337,77.2983439,20,41,63,Dense (20+)
18219530,The Kitchen Exotica,Sarita Vihar,28.5400233,77.2821107,4,25,67,Dense (20+)
303057,Wake And Bake,Sarita Vihar,28.5318684,77.297525,7,21,65,Dense (20+)
307409,Neha's Biscotte,Sarita Vihar,28.5336327,77.2868353,12,32,68,Dense (20+)
7803,Bikaner Sweets,Sarita Vihar,28.5380821,77.2985617,20,40,62,Dense (20+)
18424883,Brij Ki Rasoi,Sarita Vihar,28.5335902,77.2998315,8,35,63,Dense (20+)
18357939,Devika Restaurant,Sarita Vihar,28.5378528,77.2985607,23,40,63,Dense (20+)
18357941,Facebook Fast Food,Sarita Vihar,28.5335599,77.2991003,8,35,63,Dense (20+)
310198,Jo's Peace of Cake,Sarita Vihar,28.5375838,77.2961381,22,53,65,Dense (20+)
18390309,Kaka's Tiffin Service,Sarita Vihar,28.5374192,77.2963255,22,52,65,Dense (20+)
18364414,MK Tiffin Service,Sarita Vihar,28.5388021,77.2853594,18,33,66,Dense (20+)
7905,Moni Bakers,Sarita Vihar,28.5325746,77.2972152,8,38,65,Dense (20+)
18357819,Nutri Lunch,Sarita Vihar,28.532939,77.2921201,7,42,68,Dense (20+)
7818,Om Aggarwal Sweets,Sarita Vihar,28.5384507,77.2985251,20,41,62,Dense (20+)
18357948,Sansar Hotel,Sarita Vihar,28.532348,77.2976641,7,34,65,Dense (20+)
18357943,Shama Muradabadi Chicken Biryani,Sarita Vihar,28.5334587,77.2990585,8,35,63,Dense (20+)
18372279,Midnight Delight,Sarita Vihar,28.5293671,77.2884321,2,25,68,Dense (20+)
18384138,Ashok & Ashok Meat Dhaba,Sarojini Nagar,28.5694278,77.1936317,15,80,287,Dense (20+)
18211312,Durga Sweets Corner,Sarojini Nagar,28.5697442,77.1940306,14,79,284,Dense (20+)
7591,Hot Pot,Sarojini Nagar,28.5762852,77.1954232,8,42,166,Dense (20+)
1634,Kwic Bitte Restaurant,Sarojini Nagar,28.5761246,77.1957611,8,43,165,Dense (20+)
307618,Khandani Pakodewala,Sarojini Nagar,28.5697323,77.1937667,15,79,287,Dense (20+)
306535,Kulcha King,Sarojini Nagar,28.5697787,77.1940263,14,78,284,Dense (20+)
18396418,Cake Spot,Sarojini Nagar,28.5696602,77.1939753,15,79,284,Dense (20+)
18357568,Chicken Point,Sarojini Nagar,28.5699787,77.1936712,14,74,288,Dense (20+)
18425158,Chowringhee,Sarojini Nagar,28.5695602,77.1930423,20,79,289,Dense (20+)
18425149,Krispy Kitchen,Sarojini Nagar,28.5797196,77.2012795,0,32,127,Dense (20+)
18489497,Mughlai Point,Sarojini Nagar,28.5698167,77.1938509,15,77,287,Dense (20+)
18486878,Shama Chicken Corner,Sarojini Nagar,28.5694755,77.1935675,15,79,288,Dense (20+)
3464,Alfa Kathi Rolls,Satyaniketan,28.5875672,77.1687579,73,92,130,Dense (20+)
18252361,Angeethi Express,Satyaniketan,28.5879735,77.1700401,73,92,130,Dense (20+)
18252412,Backbenchers,Satyaniketan,28.5887026,77.1692313,73,90,129,Dense (20+)
1637,Bake Day,Satyaniketan,28.5876997,77.1690516,73,92,130,Dense (20+)
3463,Balaji Dhaba,Satyaniketan,28.5876911,77.1689617,73,92,130,Dense (20+)
18454499,Bhukkad,Satyaniketan,28.588787,77.169099,73,90,129,Dense (20+)
609,Cafe Coffee Day,Satyaniketan,28.5884398,77.1688269,73,92,130,Dense (20+)
18441687,Cafe Cones & Curries,Satyaniketan,28.5877965,77.1672543,73,92,129,Dense (20+)
305472,Cafe Trance & Lounge,Satyaniketan,28.5884242,77.1688109,73,92,130,Dense (20+)
4649,Chinese Hut,Satyaniketan,28.587367,77.1693212,73,92,130,Dense (20+)
300267,Chocolate Square,Satyaniketan,28.5880814,77.1688269,73,92,130,Dense (20+)
304976,Chocolate Temptation,Satyaniketan,28.5878187,77.1684226,73,92,130,Dense (20+)
18423129,Flirty Momo's,Satyaniketan,28.5883364,77.1683952,73,92,129,Dense (20+)
18157391,Frozen Fantasy,Satyaniketan,28.5888732,77.1691415,73,89,129,Dense (20+)
18292083,Katwalk Lounge,Satyaniketan,28.5880382,77.1683813,73,92,130,Dense (20+)
18356773,Mom Hand Momos,Satyaniketan,28.58770395,77.16901079,73,92,130,Dense (20+)
309811,Muradabadi Biryani Centre,Satyaniketan,28.5875051,77.1690325,73,92,130,Dense (20+)
18453788,NCR Cafe ,Satyaniketan,28.5876001,77.1670746,73,92,129,Dense (20+)
18460981,Peri Peri Momos,Satyaniketan,28.58765741,77.16854351,73,92,130,Dense (20+)
18287389,Rosartí© Chocolate,Satyaniketan,28.5738064,77.1652844,9,33,192,Dense (20+)
1629,Shanghai Restaurant,Satyaniketan,28.587529,77.1691415,73,92,130,Dense (20+)
18288761,SharpShooters Roof Top Cafe,Satyaniketan,28.5885208,77.1687371,73,91,129,Dense (20+)
7603,Stuti Restaurant,Satyaniketan,28.5875118,77.1689617,73,92,130,Dense (20+)
18204486,The Addictions,Satyaniketan,28.5879488,77.1683776,73,92,130,Dense (20+)
18423125,Turn Up,Satyaniketan,28.5887711,77.1692496,73,90,129,Dense (20+)
18175323,Wow! Momo,Satyaniketan,28.5887241,77.1691141,73,90,129,Dense (20+)
18237321,Echoes Satyaniketan,Satyaniketan,28.5876087,77.1671645,73,92,129,Dense (20+)
18336489,#OFF Campus,Satyaniketan,28.5885208,77.1687371,73,91,129,Dense (20+)
312772,2 Bandits Lounge & Bar,Satyaniketan,28.5876339,77.1670164,73,92,129,Dense (20+)
351,"34, Chowringhee Lane",Satyaniketan,28.5884054,77.1684675,73,92,129,Dense (20+)
309140,Amigo's Hub,Satyaniketan,28.5879893,77.1683327,73,92,130,Dense (20+)
311854,CAD M CAD B,Satyaniketan,28.5875169,77.1690522,73,92,130,Dense (20+)
18391128,Cafe 121,Satyaniketan,28.5882925,77.1686921,73,92,130,Dense (20+)
18228894,Cafe Hera Pheri,Satyaniketan,28.5879205,77.1676138,73,92,129,Dense (20+)
18429392,Cafe Tansen,Satyaniketan,28.5876897,77.1670746,73,92,129,Dense (20+)
18364239,CafíÂ Befikre,Satyaniketan,28.59,77.17,73,96,125,Dense (20+)
300815,Cafí© 101,Satyaniketan,28.5879488,77.1683776,73,92,130,Dense (20+)
18322638,Canteen Till I Die,Satyaniketan,28.5879083,77.1684226,73,92,130,Dense (20+)
2215,China Bowl,Satyaniketan,28.5879033,77.1674341,73,92,129,Dense (20+)
304162,Chowringhee,Satyaniketan,28.5880703,77.1682428,73,92,129,Dense (20+)
18157395,Crazy Kitchen Lounge & Terrace,Satyaniketan,28.5881358,77.1678462,73,92,129,Dense (20+)
309865,FrenZone,Satyaniketan,28.5876001,77.1670746,73,92,129,Dense (20+)
18249109,Giani,Satyaniketan,28.5882542,77.1683478,73,92,129,Dense (20+)
18355138,Grill Master,Satyaniketan,28.58764742,77.16855716,73,92,130,Dense (20+)
300185,High On Burgers,Satyaniketan,28.587529,77.1691415,73,92,130,Dense (20+)
300269,Kev's,Satyaniketan,28.5885707,77.1688007,73,91,129,Dense (20+)
18398506,Madira,Satyaniketan,28.588887,77.1689183,73,89,129,Dense (20+)
313296,Nature Hut Cafe,Satyaniketan,28.5888327,77.1691864,73,90,129,Dense (20+)
18372705,Pirates of Campus,Satyaniketan,28.5877069,77.1672543,73,92,129,Dense (20+)
4278,Subway,Satyaniketan,28.5885208,77.1687371,73,91,129,Dense (20+)
18312446,Sushiya Express,Satyaniketan,28.5883121,77.1685561,73,92,130,Dense (20+)
18261701,The Chai Story,Satyaniketan,28.5885957,77.1690516,73,91,129,Dense (20+)
18424602,The Food Truck Cafe,Satyaniketan,28.5881341,77.1679732,73,92,129,Dense (20+)
18358164,The Punter House,Satyaniketan,28.5877069,77.1672543,73,92,129,Dense (20+)
18336204,Thikaana,Satyaniketan,28.5880523,77.1677396,73,92,129,Dense (20+)
18368002,Tin Town Cafí©,Satyaniketan,28.5880592,77.1676587,73,92,129,Dense (20+)
18245295,Uptown Cafe,Satyaniketan,28.5880101,77.1676138,73,92,129,Dense (20+)
18268693,Vadapav Junction,Satyaniketan,28.5876911,77.1689617,73,92,130,Dense (20+)
18472609,Crispers,Satyaniketan,28.5880191,77.1683519,73,92,130,Dense (20+)
300183,Pizza Hut Delivery,Satyaniketan,28.5881378,77.1679982,73,92,129,Dense (20+)
18216918,Wrapss,Satyaniketan,28.5884054,77.1684675,73,92,129,Dense (20+)
306503,Big Yellow Door,Satyaniketan,28.5879119,77.1675239,73,92,129,Dense (20+)
18291230,Bombay Brunch,Satyaniketan,28.5888327,77.1691864,73,90,129,Dense (20+)
18418239,Burgrill,Satyaniketan,28.5884459,77.1684226,73,91,129,Dense (20+)
18391458,Cafe Kazbaah,Satyaniketan,28.5879999,77.1683221,73,92,130,Dense (20+)
18418358,Eat Golf Repeat,Satyaniketan,28.5877879,77.1671645,73,92,129,Dense (20+)
18433610,Espress-o-Ville,Satyaniketan,28.5876664,77.1672993,73,92,129,Dense (20+)
18391320,Frosty Rollies,Satyaniketan,28.59,77.17,73,96,125,Dense (20+)
18222586,Pipeline Cafe,Satyaniketan,28.5881169,77.1677935,73,92,129,Dense (20+)
18303832,QRO Gourmeteriia BY DARK HOUSE KAFE,Satyaniketan,28.5879033,77.1674341,73,92,129,Dense (20+)
18349916,Superstar Cafí©,Satyaniketan,28.58839226,77.16886461,73,92,130,Dense (20+)
18358675,TBH - The Big House Cafe,Satyaniketan,28.5882237,77.1679732,73,92,129,Dense (20+)
312142,The Biryani Co.,Satyaniketan,28.5871376,77.1706691,73,88,135,Dense (20+)
307571,Wood Box Cafe,Satyaniketan,28.5886682,77.1688719,73,90,129,Dense (20+)
311340,Young Wild Free Cafe,Satyaniketan,28.5877879,77.1671645,73,92,129,Dense (20+)
7849,A-One Green Sweet Corner,SDA,28.5512397,77.1996828,18,121,338,Dense (20+)
304950,Cake Symphony,SDA,28.5465265,77.1968157,12,75,344,Dense (20+)
304633,Charu Nanda's Home Baked Cakes,SDA,28.5462204,77.1964548,12,74,330,Dense (20+)
5848,Costa Coffee,SDA,28.5466246,77.1968785,12,75,345,Dense (20+)
18133471,IndoCheen,SDA,28.5464283,77.1967259,12,76,343,Dense (20+)
18312609,The Staircase Cafe by Doggy Style,SDA,28.5463387,77.1967259,12,78,340,Dense (20+)
18336481,Twisted Tacos,SDA,28.546723,77.1969954,12,75,346,Dense (20+)
18425760,Typsy Crow,SDA,28.5467864,77.1972261,12,75,348,Dense (20+)
18216936,Urban Dhaba,SDA,28.5467635,77.1969505,12,75,346,Dense (20+)
528,Barista,SDA,28.5465078,77.1966218,12,75,343,Dense (20+)
18349937,Keventers,SDA,28.5465265,77.1968157,12,75,344,Dense (20+)
782,Little Punjab,SDA,28.5468937,77.1969056,12,75,344,Dense (20+)
312937,Miam,SDA,28.5465265,77.1968157,12,75,344,Dense (20+)
18375411,Maharaja Food Club,SDA,28.5465624,77.1957825,12,63,321,Dense (20+)
18279458,Sugar Rush,SDA,28.551193,77.1996906,18,121,340,Dense (20+)
18433987,Tippy Tippy Tap,"Sector 15, Dwarka",28.6707758,77.20319497,0,15,84,Moderate (6-20)
2228,Alaturka,"Select Citywalk Mall, Saket",28.52912861,77.21908394,57,72,177,Dense (20+)
1643,Chicago Pizza,"Select Citywalk Mall, Saket",28.52857541,77.21942861,56,70,177,Dense (20+)
2910,Fast Trax,"Select Citywalk Mall, Saket",28.528614,77.21819479,56,73,179,Dense (20+)
7364,Khan Chacha,"Select Citywalk Mall, Saket",28.5281463,77.2193637,56,68,177,Dense (20+)
18429148,Pa Pa Ya,"Select Citywalk Mall, Saket",28.52845641,77.21869837,56,70,176,Dense (20+)
506,Barista,"Select Citywalk Mall, Saket",28.52843667,77.21923247,56,70,177,Dense (20+)
311103,Bings Cafe,"Select Citywalk Mall, Saket",28.52869471,77.21932769,56,70,178,Dense (20+)
310916,Fat Lulu's,"Select Citywalk Mall, Saket",28.52923878,77.21956339,57,70,178,Dense (20+)
306545,Harry's Bar + Cafe,"Select Citywalk Mall, Saket",28.52911683,77.21951075,56,70,177,Dense (20+)
3921,Joy Luck Moon,"Select Citywalk Mall, Saket",28.52849352,77.21960329,56,69,176,Dense (20+)
311634,Keventers,"Select Citywalk Mall, Saket",28.52845965,77.21866552,56,70,176,Dense (20+)
8877,L'Opera,"Select Citywalk Mall, Saket",28.52872505,77.21894782,56,70,177,Dense (20+)
311756,Pita Pit,"Select Citywalk Mall, Saket",28.52923878,77.21956339,57,70,178,Dense (20+)
311563,Saravana Bhavan,"Select Citywalk Mall, Saket",28.52853329,77.21873961,56,70,177,Dense (20+)
9984,Starbucks,"Select Citywalk Mall, Saket",28.52862637,77.21905142,56,70,177,Dense (20+)
1372,The Coffee Bean & Tea Leaf,"Select Citywalk Mall, Saket",28.5285945,77.2193637,56,70,177,Dense (20+)
9467,The Coffee Bean & Tea Leaf,"Select Citywalk Mall, Saket",28.52866378,77.21935116,56,70,178,Dense (20+)
311440,Habibi Express,"Select Citywalk Mall, Saket",28.52876718,77.21961837,56,70,176,Dense (20+)
18424903,Andrea's Eatery,"Select Citywalk Mall, Saket",28.52832061,77.21872788,56,70,177,Dense (20+)
311749,Drool Waffles,"Select Citywalk Mall, Saket",28.52941,77.2194535,57,71,178,Dense (20+)
18268720,Elma's at Good Earth,"Select Citywalk Mall, Saket",28.52860163,77.21925493,56,70,177,Dense (20+)
4271,Hí_agen-Dazs,"Select Citywalk Mall, Saket",28.529136,77.219309,57,71,177,Dense (20+)
305833,Krispy Kreme,"Select Citywalk Mall, Saket",28.5292155,77.21951913,57,70,177,Dense (20+)
307296,Movenpick,"Select Citywalk Mall, Saket",28.52869412,77.21938971,56,70,177,Dense (20+)
2786,Punjab Grill,"Select Citywalk Mall, Saket",28.52869471,77.21932769,56,70,178,Dense (20+)
302422,Aapka Bhojanalaya,Shahdara,28.6894334,77.2730427,5,7,62,Moderate (6-20)
302418,Aayana Foods,Shahdara,28.684835,77.27560167,1,13,75,Moderate (6-20)
302416,Aggarwal Sweet India,Shahdara,28.689547,77.291919,21,24,71,Dense (20+)
18343904,Amchur,Shahdara,28.6816566,77.2858644,13,35,65,Dense (20+)
302369,Anand Ji de Choley Bhatoore,Shahdara,28.6778187,77.2833919,15,29,78,Dense (20+)
302425,Annapoorna,Shahdara,28.6890869,77.2919252,21,26,71,Dense (20+)
302399,Big Bite,Shahdara,28.6771305,77.2849008,17,29,88,Dense (20+)
302396,Ceaser Fast Food Centre,Shahdara,28.6765638,77.2858595,20,30,92,Dense (20+)
6224,Chanana Ice Cream Parlour,Shahdara,28.6786503,77.2882128,23,29,69,Dense (20+)
303906,Chaska,Shahdara,28.6780127,77.28182551,8,29,74,Dense (20+)
18291454,Chowranghee,Shahdara,28.6764855,77.2857063,20,29,92,Dense (20+)
302433,Darbaar Chicken,Shahdara,28.686874,77.2764747,5,11,75,Moderate (6-20)
312810,Dilli Darbar,Shahdara,28.6895052,77.2866681,4,32,75,Dense (20+)
310563,Domino's Pizza,Shahdara,28.6917695,77.2917395,21,22,72,Dense (20+)
6228,Empire,Shahdara,28.6776481,77.2886473,19,30,72,Dense (20+)
312671,Giani,Shahdara,28.7004755,77.2768369,13,13,37,Moderate (6-20)
18332676,Goldy Da Dhaba,Shahdara,28.677394,77.288283,20,30,76,Dense (20+)
18146396,Gufa Restaurant,Shahdara,28.6890835,77.2784798,2,13,75,Moderate (6-20)
18126077,Gulshan,Shahdara,28.67574,77.2904437,14,30,88,Dense (20+)
308906,Hira Sweets,Shahdara,28.6775448,77.2889304,19,30,72,Dense (20+)
302358,Hot Shop,Shahdara,28.6760803,77.286891,18,30,92,Dense (20+)
302424,Janta Eating House,Shahdara,28.6822218,77.292231,0,49,68,Dense (20+)
302359,Madras Cafe,Shahdara,28.67692,77.2853657,19,29,90,Dense (20+)
6206,Mitra Da Dhaba & Caterers,Shahdara,28.6777524,77.2887963,19,30,72,Dense (20+)
311371,Mr. Momo,Shahdara,28.6773618,77.2845496,18,29,84,Dense (20+)
18128853,New Anand Sagar,Shahdara,28.70246031,77.27249913,8,13,22,Moderate (6-20)
307976,New Tayal's Restaurant,Shahdara,28.6823632,77.2864389,10,43,66,Dense (20+)
6252,Paramjeet Fish & Chicken Point,Shahdara,28.6762995,77.2924322,10,28,75,Dense (20+)
18128862,Pizza Diet,Shahdara,28.7004582,77.2768961,13,13,37,Moderate (6-20)
307520,Pizza Diet,Shahdara,28.6894564,77.2877298,17,32,73,Dense (20+)
310689,Pizzalicious,Shahdara,28.66963974,77.29647975,2,9,142,Moderate (6-20)
308522,Prem Punjab,Shahdara,28.6785579,77.2882328,23,29,69,Dense (20+)
310807,Priya Panchvati,Shahdara,28.6982532,77.2770165,10,14,49,Moderate (6-20)
302442,Ram Singh Chaat Bhandaar,Shahdara,28.6903077,77.2918926,21,23,72,Dense (20+)
307986,Ramchander Bhalushahi Wale,Shahdara,28.66951648,77.29218956,2,14,151,Moderate (6-20)
6219,Shahi Food Corner,Shahdara,28.6762795,77.2903872,15,31,83,Dense (20+)
312773,Titu Chaat Corner,Shahdara,28.6899779,77.2917395,22,24,72,Dense (20+)
308513,Vinayak Restaurant,Shahdara,28.6922659,77.2919871,17,22,72,Dense (20+)
18378019,Vrinda's Food,Shahdara,28.67656666,77.29011454,15,32,81,Dense (20+)
6218,Walia's Dawat Mahal,Shahdara,28.6805966,77.286578,22,34,64,Dense (20+)
18428201,Crazy Delights,Shahdara,28.689352,77.2933868,20,23,70,Dense (20+)
18294229,Aapki Rasoi,Shahdara,28.66235639,77.28867251,4,49,172,Dense (20+)
18423878,Aggarwal Bikaner Sweets Corner,Shahdara,28.7006707,77.2754038,12,13,30,Moderate (6-20)
308908,Aggarwal Petha Store and Bakers,Shahdara,28.6784651,77.2882668,23,29,70,Dense (20+)
302436,Aggarwal Sweet Fresh,Shahdara,28.6893273,77.2919639,21,25,71,Dense (20+)
18423867,Aggarwal Sweet India,Shahdara,28.6896366,77.291919,21,24,71,Dense (20+)
18423872,Aggarwal Sweets,Shahdara,28.68933208,77.28979267,22,30,71,Dense (20+)
18435811,Al-Taj Shamim Chicken Point,Shahdara,28.6874311,77.2919802,20,31,72,Dense (20+)
18332478,Apni Rasoi,Shahdara,28.6899437,77.2744128,6,8,71,Moderate (6-20)
18423865,Bikaner Sweets & Bakers,Shahdara,28.6895977,77.2919382,21,24,71,Dense (20+)
18377919,Bikaner Sweets & Restaurant,Shahdara,28.6825301,77.2849433,7,38,67,Dense (20+)
302411,Bikaner Sweets,Shahdara,28.6901576,77.2702013,4,7,37,Moderate (6-20)
18423869,Bitoo Chat Corner,Shahdara,28.689657,77.2917756,22,24,71,Dense (20+)
18224540,Chilli Tadka Food Villa,Shahdara,28.66869015,77.29282122,2,8,151,Moderate (6-20)
6230,China Town,Shahdara,28.6834297,77.283918,7,35,70,Dense (20+)
18377910,Chinese Delight,Shahdara,28.6999209,77.2720913,8,14,23,Moderate (6-20)
18128876,D Food,Shahdara,28.7003478,77.279261,8,13,46,Moderate (6-20)
307521,Da Bawarchi,Shahdara,28.6822697,77.2850964,7,38,66,Dense (20+)
18284473,Delhi Cafe Restaurant,Shahdara,28.7085951,77.2450055,0,0,24,Isolated (0)
18435311,Ex- Taj Foods,Shahdara,28.677039,77.2718928,0,2,41,Light (1-5)
18291465,Fantasy Pastry Shop,Shahdara,28.6908012,77.291919,21,23,72,Dense (20+)
18423140,Gareeb Dhaba,Shahdara,28.6876451,77.2920013,20,31,71,Dense (20+)
18423122,Hira Lal Sweets,Shahdara,28.7009935,77.2732231,10,13,23,Moderate (6-20)
18438426,Hot & Chilly Point,Shahdara,28.6820472,77.2860319,10,37,65,Dense (20+)
18435320,Hot Chinese & Fast Food,Shahdara,28.6832105,77.2839919,7,36,70,Dense (20+)
18423859,Jony Sweets,Shahdara,28.6894359,77.2945223,20,23,69,Dense (20+)
18423857,Laxmi Dairy,Shahdara,28.6893847,77.2939837,20,23,69,Dense (20+)
18423876,Madras Cafe,Shahdara,28.7008442,77.2736497,10,13,23,Moderate (6-20)
302427,Mehak Restaurant,Shahdara,28.6895127,77.272707,5,7,61,Moderate (6-20)
18438433,New Madras Cafe,Shahdara,28.7003224,77.2795276,8,13,46,Moderate (6-20)
18128872,Pizza Hub,Shahdara,28.7000322,77.2815952,7,13,47,Moderate (6-20)
18378042,Pizza Hub,Shahdara,28.6915855,77.2700134,4,9,33,Moderate (6-20)
18423863,Prakash Sweets,Shahdara,28.689507,77.2923084,21,24,71,Dense (20+)
18378026,Punjabi Chaska & Rasoi,Shahdara,28.7005129,77.2769736,13,13,37,Moderate (6-20)
18378022,Sagar,Shahdara,28.7003054,77.2781604,10,13,44,Moderate (6-20)
18288644,Sardar A Pure Meat Shop,Shahdara,28.6766696,77.2858492,20,29,91,Dense (20+)
18423870,South Cafe,Shahdara,28.69022,77.2919462,21,23,72,Dense (20+)
18435823,Sultan Chicken Corner,Shahdara,28.6876577,77.2920323,20,31,71,Dense (20+)
18423861,Wah Ji Wah,Shahdara,28.68947,77.2948813,20,23,69,Dense (20+)
18435803,Yum Yum,Shahdara,28.6774285,77.2846784,18,29,84,Dense (20+)
18377912,Zaika-e-Dilli,Shahdara,28.7002266,77.2722496,8,14,23,Moderate (6-20)
312268,Anandini - The Tea Room,Shahpur Jat,28.5487987,77.2159503,29,47,331,Dense (20+)
773,Slice of Italy,Shahpur Jat,28.5495159,77.2159503,29,43,327,Dense (20+)
305147,The Coffee Garage,Shahpur Jat,28.5495222,77.2155461,29,45,325,Dense (20+)
18337924,The Fashion Street Cafí©,Shahpur Jat,28.549033,77.2137046,29,61,337,Dense (20+)
18481305,Urban Village,Shahpur Jat,28.54853276,77.21100144,34,69,344,Dense (20+)
18180080,Greenr Cafe,Shahpur Jat,28.548542,77.2132555,29,65,342,Dense (20+)
18306545,Boom Food,Shahpur Jat,28.5466046,77.2155012,26,61,339,Dense (20+)
303723,Cafe Red,Shahpur Jat,28.5491821,77.212447,35,69,346,Dense (20+)
18222560,Hyderabad House,Shahpur Jat,28.548819,77.2114589,35,67,346,Dense (20+)
311483,Le ROFL,Shahpur Jat,28.5492425,77.2149622,29,47,330,Dense (20+)
305640,Ma Cuisine,Shahpur Jat,28.5477915,77.2166689,22,48,340,Dense (20+)
18282007,Mumbai Matinee,Shahpur Jat,28.5492461,77.2121775,36,69,344,Dense (20+)
301793,Old Town Cafe,Shahpur Jat,28.5490654,77.2154563,29,48,326,Dense (20+)
18350234,Spanish Delights,Shahpur Jat,28.5496438,77.2154113,29,45,326,Dense (20+)
300969,Sweet Nothings By Avanti Mathur,Shahpur Jat,28.5497078,77.2151419,29,45,327,Dense (20+)
18161610,Threads,Shahpur Jat,28.5486312,77.2113691,35,67,344,Dense (20+)
310502,Bats On Delivery,Shahpur Jat,28.5474113,77.2155012,26,62,329,Dense (20+)
18244555,Asia Central,Shahpur Jat,28.5490245,77.2136148,29,61,341,Dense (20+)
18466435,Biryani By Kilo,Shahpur Jat,28.5484222,77.2119979,34,68,345,Dense (20+)
18163906,Cafe 5H By The Kitchen Connect,Shahpur Jat,28.5492078,77.2127165,34,69,344,Dense (20+)
18421026,Hearken Cafí©,Shahpur Jat,28.5492447,77.2154563,29,46,327,Dense (20+)
18291469,Puppychino,Shahpur Jat,28.5492042,77.2155012,29,47,325,Dense (20+)
18322609,Remember Me Cafí©,Shahpur Jat,28.5498307,77.2155653,29,45,325,Dense (20+)
307391,Sugarama Patisserie,Shahpur Jat,28.5493235,77.2148724,29,47,331,Dense (20+)
18400746,The Last Mughal (TLM),Shahpur Jat,28.5491141,77.2136148,29,61,341,Dense (20+)
9417,The Mad Teapot/The Wishing Chair,Shahpur Jat,28.5493213,77.2143783,29,55,327,Dense (20+)
18303719,Fusion Dosa Cafe,Shakarpur,28.6329647,77.282366,40,120,188,Dense (20+)
6107,Goyal Eating Point,Shakarpur,28.6328128,77.2823353,38,120,187,Dense (20+)
313139,Haveliram,Shakarpur,28.6297763,77.280107,44,90,159,Dense (20+)
309044,Meet You There,Shakarpur,28.6300045,77.2804814,47,94,162,Dense (20+)
18157406,Shree Bhog Pure Veg Restaurant,Shakarpur,28.6275866,77.2789686,30,65,146,Dense (20+)
311196,The Crust,Shakarpur,28.6263724,77.2800303,16,71,151,Dense (20+)
304965,Vijay Eating Point,Shakarpur,28.6279228,77.2783209,31,65,144,Dense (20+)
18438438,Aggarwal Bikaner Sweets,Shakarpur,28.6270083,77.2798705,21,64,152,Dense (20+)
18418252,Bikaner Sweets & Restaurant,Shakarpur,28.6328078,77.282282,38,120,187,Dense (20+)
18163895,Cafe Coffee Day,Shakarpur,28.6329113,77.2813787,42,120,185,Dense (20+)
18438457,Come 'n' Eat,Shakarpur,28.6303968,77.2811812,47,103,175,Dense (20+)
300788,Darbar Chicken Corner,Shakarpur,28.6284726,77.2781757,32,61,145,Dense (20+)
18438448,Food Care,Shakarpur,28.6269121,77.2791263,23,64,148,Dense (20+)
18441706,Himalaya Momos,Shakarpur,28.6322406,77.2819954,42,119,186,Dense (20+)
9855,Hirdesh Eating Point,Shakarpur,28.6296634,77.2771666,36,60,146,Dense (20+)
18380146,Joshi Eating House,Shakarpur,28.6300457,77.2806842,47,97,162,Dense (20+)
18409189,Just Veg,Shakarpur,28.6329214,77.2813547,42,120,185,Dense (20+)
18377880,Natural Pizza Hub & Food Court,Shakarpur,28.632852,77.2824532,39,120,188,Dense (20+)
18377888,Pawar's Food Court Inc.,Shakarpur,28.6334265,77.2828494,49,118,195,Dense (20+)
18438465,Rajesh Eating Corner,Shakarpur,28.6282443,77.2788374,32,66,149,Dense (20+)
18291209,Raju Ice Cream Parlor,Shakarpur,28.6307758,77.2774778,39,68,155,Dense (20+)
18441710,Sangam Ratna,Shakarpur,28.6302107,77.2807813,47,99,164,Dense (20+)
18419917,Tandoor & Curry Restaurant,Shakarpur,28.6288096,77.277587,33,61,145,Dense (20+)
18418243,Uttarakhand Eating Point,Shakarpur,28.6316688,77.2816189,44,119,182,Dense (20+)
18441700,Uttranchal Eating Point,Shakarpur,28.6263812,77.280183,16,71,151,Dense (20+)
311189,Yummy Rasoi,Shakarpur,28.6268353,77.2773649,24,59,139,Dense (20+)
2055,Aggarwal Restaurant,Shalimar Bagh,28.710818,77.1601549,4,60,100,Dense (20+)
2383,Ane China,Shalimar Bagh,28.7034431,77.1616827,33,53,183,Dense (20+)
304092,Arora's Veg. Corner,Shalimar Bagh,28.7061721,77.1695908,7,37,135,Dense (20+)
302471,Ashu Thali Wala,Shalimar Bagh,28.7096099,77.1685573,7,38,107,Dense (20+)
6555,Bangla Sweets & Pastry Shop,Shalimar Bagh,28.7035499,77.1618624,33,54,182,Dense (20+)
4716,Baskin Robbins,Shalimar Bagh,28.706493,77.1626712,30,55,162,Dense (20+)
311364,Believe in Taste,Shalimar Bagh,28.7152991,77.1564702,6,19,106,Moderate (6-20)
313494,Bharat Sweet House,Shalimar Bagh,28.7067731,77.1685706,8,42,127,Dense (20+)
8628,Bikaner Kesarvala,Shalimar Bagh,28.7065551,77.162961,30,56,164,Dense (20+)
1501,Chawla's Chic Inn,Shalimar Bagh,28.704282,77.1587619,36,50,185,Dense (20+)
18383610,Chhappan Bhog,Shalimar Bagh,28.7066682,77.1683596,8,42,127,Dense (20+)
2053,Chinese Hut Fast Food,Shalimar Bagh,28.7032861,77.1618118,33,53,187,Dense (20+)
311358,Domino's Pizza,Shalimar Bagh,28.7064034,77.1626712,29,56,163,Dense (20+)
301487,Frontier,Shalimar Bagh,28.70362,77.1619683,33,54,184,Dense (20+)
18288186,Giani,Shalimar Bagh,28.7065653,77.1624915,29,55,161,Dense (20+)
8670,Hot Pot Snacks,Shalimar Bagh,28.7035586,77.1619523,33,54,184,Dense (20+)
18376510,Keventers,Shalimar Bagh,28.7064599,77.1625853,29,55,164,Dense (20+)
302452,Kishan Dhaba,Shalimar Bagh,28.7030945,77.1620793,33,51,188,Dense (20+)
2049,Madras Dosa & Chinese,Shalimar Bagh,28.7037668,77.1613232,35,53,182,Dense (20+)
304090,Mehfil Tawa Tandoor,Shalimar Bagh,28.7195845,77.1586721,3,13,85,Moderate (6-20)
6561,Mitthu Tikki Wala,Shalimar Bagh,28.7063745,77.1622851,30,55,163,Dense (20+)
6562,Mitthu Tikki Wala,Shalimar Bagh,28.7057298,77.1559037,12,47,182,Dense (20+)
8672,Pandit Ji Ka Dhaba,Shalimar Bagh,28.7031367,77.1622219,33,52,186,Dense (20+)
18380175,Punjabi Angeethi,Shalimar Bagh,28.7033536,77.1616827,33,53,183,Dense (20+)
301517,Ram Chinese Food,Shalimar Bagh,28.7152123,77.1569645,7,19,105,Moderate (6-20)
18222576,SFC,Shalimar Bagh,28.7085298,77.1615029,19,59,136,Dense (20+)
18455522,SGF - Spice Grill Flame,Shalimar Bagh,28.710793,77.16011,4,60,100,Dense (20+)
311168,Shalimar Vyanjan,Shalimar Bagh,28.7054506,77.161503,35,55,170,Dense (20+)
18357957,Shri Rudram,Shalimar Bagh,28.7082414,77.1673875,11,41,112,Dense (20+)
306751,Smile Bakers,Shalimar Bagh,28.717991,77.153498,4,19,119,Moderate (6-20)
18400759,Spice Sea,Shalimar Bagh,28.7194459,77.1586271,5,13,85,Moderate (6-20)
8676,Street 5,Shalimar Bagh,28.7072568,77.1551103,7,52,187,Dense (20+)
18442666,Subs n Shakes,Shalimar Bagh,28.7063862,77.1624915,29,55,163,Dense (20+)
311115,Subway,Shalimar Bagh,28.7025908,77.162132,33,49,189,Dense (20+)
303128,Twenty Four Seven,Shalimar Bagh,28.7066464,77.1684675,8,42,127,Dense (20+)
18352278,Wah G Wah,Shalimar Bagh,28.7068565,77.1636597,32,56,152,Dense (20+)
2054,Aman-Deep Pure Veg,Shalimar Bagh,28.7063371,77.1624465,30,55,163,Dense (20+)
5271,Kwality Pastry Parlour,Shalimar Bagh,28.7035499,77.1618624,33,54,182,Dense (20+)
9954,McDonald's,Shalimar Bagh,28.713419,77.1580581,8,36,106,Dense (20+)
313171,Nagpal's,Shalimar Bagh,28.715237,77.156722,6,19,105,Moderate (6-20)
2047,Peshawari's Deluxe,Shalimar Bagh,28.7063371,77.1624465,30,55,163,Dense (20+)
301015,Slic Chic,Shalimar Bagh,28.7058943,77.157369,19,47,184,Dense (20+)
300780,Standard Ice Cream,Shalimar Bagh,28.7109248,77.1603347,4,60,100,Dense (20+)
18361764,Aunty Chings Fast Food,Shalimar Bagh,28.7036481,77.1619523,33,54,181,Dense (20+)
18446401,Baba Chaap Wala,Shalimar Bagh,28.7096778,77.1549724,5,48,172,Dense (20+)
18312578,Cafe Coffee Day,Shalimar Bagh,28.7090143,77.1698154,7,33,113,Dense (20+)
18153555,Chick N Grills,Shalimar Bagh,28.7084737,77.1668006,21,41,110,Dense (20+)
18416877,Da Pizza Palace,Shalimar Bagh,28.72818878,77.16699947,0,0,12,Isolated (0)
18361770,Dosa Junction,Shalimar Bagh,28.7050194,77.15665,11,46,187,Dense (20+)
18426782,Hot Wok,Shalimar Bagh,28.7147586,77.165004,0,34,74,Dense (20+)
18441688,Madras Dosa & Chinese,Shalimar Bagh,28.7066721,77.1626712,30,55,160,Dense (20+)
18438429,Mashoor Gulati,Shalimar Bagh,28.7062157,77.1625814,29,56,165,Dense (20+)
18014115,Nidhi's Cake Lounge,Shalimar Bagh,28.7163553,77.1590765,8,17,92,Moderate (6-20)
18445788,Niti Shake & Ice Cream Hub,Shalimar Bagh,28.7154009,77.1566379,7,19,105,Moderate (6-20)
18361757,Raja Chinese Foods & Snacks,Shalimar Bagh,28.7096363,77.1549886,5,48,172,Dense (20+)
18273597,Royal Chicken Corner,Shalimar Bagh,28.6896301,77.1605144,13,38,163,Dense (20+)
301519,Shalimar Food,Shalimar Bagh,28.7196342,77.1585449,3,13,85,Moderate (6-20)
18445764,Shalimar Vyanjan,Shalimar Bagh,28.7062081,77.1628082,29,56,168,Dense (20+)
18446388,The Urban Canteen,Shalimar Bagh,28.7094671,77.1551135,5,50,174,Dense (20+)
301507,Ever Bake,Shalimar Bagh,28.7064285,77.16241,30,55,162,Dense (20+)
18261157,Grappa - Shangri-La's - Eros Hotel,"Shangri La's - Eros hotel, Janpath",28.620766,77.2178366,27,78,238,Dense (20+)
18277024,Shang Palace - Shangri-La's Eros Hotel,"Shangri La's - Eros hotel, Janpath",28.6206678,77.2177468,27,77,238,Dense (20+)
18261160,Sorrento - Shangri-La's - Eros Hotel,"Shangri La's - Eros hotel, Janpath",28.6207574,77.2177468,27,78,238,Dense (20+)
18219539,Mister Chai - Shangri-La's - Eros Hotel,"Shangri La's - Eros hotel, Janpath",28.620766,77.2178366,27,78,238,Dense (20+)
311369,Tamra - Shangri-La's - Eros Hotel,"Shangri La's - Eros hotel, Janpath",28.6206188,77.2179096,27,77,238,Dense (20+)
308769,Cafe Coffee Day,Shanti Niketan Marg,28.5770825,77.1686023,6,31,152,Dense (20+)
220,Domino's Pizza,Shanti Niketan Marg,28.5771317,77.1684077,6,30,151,Dense (20+)
301675,Lush,Shastri Park,28.6597548,77.2667541,1,27,98,Dense (20+)
18144466,Shivas Cafe,Sheikh Sarai,28.5222793,77.181974,7,14,55,Moderate (6-20)
2739,Dakshin - Sheraton New Delhi Hotel,"Sheraton New Delhi Hotel, Saket",28.52678296,77.2159186,49,89,188,Dense (20+)
18133508,Delhi Pavilion - Sheraton New Delhi Hotel,"Sheraton New Delhi Hotel, Saket",28.52678296,77.2159186,49,89,188,Dense (20+)
2741,Pan Asian - Sheraton New Delhi Hotel,"Sheraton New Delhi Hotel, Saket",28.527002,77.2153849,48,103,202,Dense (20+)
308386,Domino's Pizza,South Extension 1,28.5694195,77.2204886,36,74,290,Dense (20+)
3170,Kitchen of Awadh,South Extension 1,28.5691173,77.2203517,36,73,287,Dense (20+)
7760,McDonald's,South Extension 1,28.5695952,77.2197229,35,70,282,Dense (20+)
18425186,ODT,South Extension 1,28.5691333,77.2205016,36,72,288,Dense (20+)
311272,Rainbows,South Extension 1,28.5699028,77.2210703,36,109,301,Dense (20+)
310891,Subway,South Extension 1,28.5694375,77.2208907,36,76,298,Dense (20+)
9095,Bombay Bhelpuri,South Extension 1,28.5695952,77.2197229,35,70,282,Dense (20+)
305763,The Owl's Kitchen,South Extension 1,28.5723805,77.221205,25,108,281,Dense (20+)
18175302,7 Colours Xpress Kitchen,South Extension 1,28.5683377,77.2249885,18,118,322,Dense (20+)
18337762,Royal Cakes,South Extension 1,28.5759899,77.224753,13,107,286,Dense (20+)
18312639,Street Cafe,South Extension 1,28.5732831,77.2208008,14,97,280,Dense (20+)
18337895,Street Cafe,South Extension 1,28.5733106,77.2205516,13,97,281,Dense (20+)
307418,Dare To Deliver,South Extension 1,28.5712648,77.2231362,34,113,312,Dense (20+)
3686,Aggarwal Sweet and Restaurant,South Extension 2,28.56371164,77.22013604,40,81,319,Dense (20+)
18449626,Burger Lust,South Extension 2,28.56350464,77.220457,32,80,327,Dense (20+)
7761,Cafe Coffee Day,South Extension 2,28.568144,77.2195433,43,74,291,Dense (20+)
9842,Cakes & Bakes,South Extension 2,28.56415599,77.21960362,41,83,316,Dense (20+)
18254523,Chic Fillet,South Extension 2,28.5676697,77.2211739,44,75,298,Dense (20+)
312378,Chinese Express,South Extension 2,28.56435417,77.21890088,40,86,329,Dense (20+)
18358171,Costa Coffee,South Extension 2,28.5676806,77.2208202,44,74,293,Dense (20+)
307474,Domino's Pizza,South Extension 2,28.5681089,77.2198813,44,75,287,Dense (20+)
9083,Gupta Fast Food,South Extension 2,28.5642885,77.21914127,39,84,325,Dense (20+)
310705,Hangchuaa's Chinese Food Corner,South Extension 2,28.56432472,77.21891731,39,86,330,Dense (20+)
310701,Kathi's,South Extension 2,28.567969,77.2213698,44,76,299,Dense (20+)
306934,Kitchen & Chicken,South Extension 2,28.5679395,77.2211601,45,76,300,Dense (20+)
305651,Meal A Deal,South Extension 2,28.56420752,77.21951243,40,83,316,Dense (20+)
9094,Mohit Restaurant,South Extension 2,28.56414863,77.219267,39,84,325,Dense (20+)
93,Princess Garden,South Extension 2,28.5684277,77.2192289,42,75,294,Dense (20+)
9099,Republic of Chicken,South Extension 2,28.56419015,77.21940279,38,83,319,Dense (20+)
18312618,Sai Juice Point,South Extension 2,28.5679028,77.2212868,45,76,298,Dense (20+)
18146398,The Pirates Of China Town,South Extension 2,28.5617,77.22041389,23,78,345,Dense (20+)
3298,Voda Bar,South Extension 2,28.5689576,77.2193667,34,74,292,Dense (20+)
305684,All Things Yummy,South Extension 2,28.566755,77.219739,41,78,296,Dense (20+)
7759,Cake Palace,South Extension 2,28.5677197,77.221205,44,75,298,Dense (20+)
302503,Charan Singh Kulfi & Kala Khatta,South Extension 2,28.5681269,77.2193637,40,74,292,Dense (20+)
677,Chinese Hut,South Extension 2,28.5675895,77.2212499,44,74,298,Dense (20+)
305826,Costa Coffee,South Extension 2,28.5680629,77.2196331,42,74,291,Dense (20+)
743,Daitchi,South Extension 2,28.5680075,77.2199924,43,74,288,Dense (20+)
2250,Gupta's Restaurant,South Extension 2,28.567939,77.2192738,40,76,296,Dense (20+)
18352214,Mama's,South Extension 2,28.5677962,77.2201272,44,74,287,Dense (20+)
192,McDonald's,South Extension 2,28.5684461,77.2191601,41,74,296,Dense (20+)
483,Moti Mahal Delux- Legendary Culinary,South Extension 2,28.5682336,77.2195433,42,74,291,Dense (20+)
1675,Qureshi's Kabab Corner,South Extension 2,28.56776639,77.21900079,41,77,298,Dense (20+)
18312616,Anand Sweets,South Extension 2,28.56402849,77.21940547,38,84,322,Dense (20+)
7793,Cafe Corner,South Extension 2,28.5680393,77.2213733,44,76,298,Dense (20+)
18427201,F Marquee,South Extension 2,28.56847,77.21986,42,75,286,Dense (20+)
1129,Republic of Chicken,South Extension 2,28.5374478,77.2384497,33,77,303,Dense (20+)
18424170,Special Chicken Biryani,South Extension 2,28.5642064,77.2191391,39,84,327,Dense (20+)
18306530,Circus,South Extension 2,28.5686642,77.2174773,31,82,299,Dense (20+)
18332063,The Society Cafe,South Extension 2,28.5684463,77.2174933,34,83,298,Dense (20+)
309852,Club London,"Southern Park Mall, Saket",28.5279802,77.2192708,56,68,176,Dense (20+)
18245284,3 Pegs Down,"Southern Park Mall, Saket",28.52748139,77.21947454,55,68,177,Dense (20+)
310413,Chicago Pizza,"Spark Mall, Kamla Nagar",28.68093208,77.20365521,52,62,173,Dense (20+)
18261739,Maakhansingh,"Spark Mall, Kamla Nagar",28.68096059,77.20388161,50,62,174,Dense (20+)
311068,Mad Over Donuts,"Spark Mall, Kamla Nagar",28.68088884,77.20394421,50,62,173,Dense (20+)
308175,Starbucks,"Spark Mall, Kamla Nagar",28.68091678,77.20384263,50,62,172,Dense (20+)
18276343,World of Wok,"Spark Mall, Kamla Nagar",28.68082913,77.20383894,50,62,173,Dense (20+)
4682,Alvi's Food Spot,"Star City Mall, Mayur Vihar Phase 1",28.5929234,77.296194,12,25,134,Dense (20+)
6191,Cafe Coffee Day,"Star City Mall, Mayur Vihar Phase 1",28.5925115,77.2961448,12,26,133,Dense (20+)
1275,Code,"Star City Mall, Mayur Vihar Phase 1",28.5924186,77.2965607,12,29,135,Dense (20+)
2934,Haowin,"Star City Mall, Mayur Vihar Phase 1",28.5934846,77.296653,13,28,136,Dense (20+)
308801,Mirror,"Star City Mall, Mayur Vihar Phase 1",28.5925202,77.2963556,12,27,134,Dense (20+)
4854,Pizza Hut Delivery,"Star City Mall, Mayur Vihar Phase 1",28.5926711,77.2963154,12,25,134,Dense (20+)
306178,Platinum Lounge,"Star City Mall, Mayur Vihar Phase 1",28.5925353,77.2963765,12,27,134,Dense (20+)
310538,Aap Ki Rasoi Ghar,Subhash Nagar,28.6344547,77.119028,27,76,272,Dense (20+)
305579,Aggarwal Sweet & Pastry,Subhash Nagar,28.6341298,77.1113233,17,70,320,Dense (20+)
17977785,Craving,Subhash Nagar,28.6370077,77.1217748,41,76,277,Dense (20+)
18037814,Dakshin South Indian Hut,Subhash Nagar,28.6375856,77.1017824,30,132,300,Dense (20+)
18472638,Food & Travel Cafe,Subhash Nagar,28.6362124,77.1184112,41,77,286,Dense (20+)
18168154,Jolly Tandoori Zaika,Subhash Nagar,28.6400959,77.1057254,48,116,344,Dense (20+)
18424579,Lababdar Rasoi,Subhash Nagar,28.6359711,77.0998378,48,131,264,Dense (20+)
305552,Madan Da Dhaba,Subhash Nagar,28.6341385,77.1132628,17,90,322,Dense (20+)
302004,Nishtha,Subhash Nagar,28.6370195,77.1209657,41,78,279,Dense (20+)
18272352,Punjabi's Veg Grill,Subhash Nagar,28.637074,77.1200642,43,80,286,Dense (20+)
300560,Sethi's The Cake Shop,Subhash Nagar,28.6372567,77.1049848,17,133,338,Dense (20+)
304453,Soya Grill,Subhash Nagar,28.6398962,77.1077556,45,99,334,Dense (20+)
18025106,Sunny Kebab Wala,Subhash Nagar,28.6341779,77.1137736,21,88,318,Dense (20+)
301836,Vaishno Bhojnalaya,Subhash Nagar,28.6341756,77.1104921,13,80,326,Dense (20+)
306012,Valentine Coffee Bar,Subhash Nagar,28.6401715,77.1053224,49,125,344,Dense (20+)
312023,Zayka Delhi-6,Subhash Nagar,28.6389889,77.1076479,46,95,339,Dense (20+)
18430898,13 Cafe,Subhash Nagar,28.6372986,77.1126948,23,121,332,Dense (20+)
305570,Aggarwal Sweet Corner,Subhash Nagar,28.6341062,77.1111664,17,68,320,Dense (20+)
18447292,Babu Meat Wala,Subhash Nagar,28.6372884,77.1023553,21,133,306,Dense (20+)
18365986,Batra Chinese Food & Chaap,Subhash Nagar,28.6341831,77.111493,17,78,321,Dense (20+)
18492045,Ching Chinese,Subhash Nagar,28.6380416,77.113421,20,131,331,Dense (20+)
18352176,Choices An Absolute BBQ,Subhash Nagar,28.634166,77.10088,49,93,284,Dense (20+)
18451605,Delhi-27,Subhash Nagar,28.6357662,77.1181788,40,77,283,Dense (20+)
18455549,Desi Kukkad,Subhash Nagar,28.6340741,77.1126948,17,89,320,Dense (20+)
18455545,Freezy,Subhash Nagar,28.6351694,77.1184103,37,77,282,Dense (20+)
18491264,Gourmet Bistro,Subhash Nagar,28.6368424,77.124247,26,63,274,Dense (20+)
18455547,Jiya Amritsari Naan,Subhash Nagar,28.634274,77.1194054,24,76,271,Dense (20+)
18291456,Kedgy Bite,Subhash Nagar,28.6407295,77.105132,49,118,344,Dense (20+)
310255,Lajwab Pastry Palace,Subhash Nagar,28.634155,77.1126049,17,89,320,Dense (20+)
18366008,Madan Sweets & Bakers,Subhash Nagar,28.6360349,77.1181788,42,77,281,Dense (20+)
18312627,New Pishori Chicken Kabab,Subhash Nagar,28.6342502,77.1135938,21,88,320,Dense (20+)
18492103,New Sindhi Chicken Corner,Subhash Nagar,28.6369833,77.1145378,26,111,326,Dense (20+)
18431145,Radha Swami Chaat Bhandar,Subhash Nagar,28.6392123,77.1055921,48,124,345,Dense (20+)
18430909,Rajender Di Punjabi Rasoi,Subhash Nagar,28.640368,77.1055022,48,117,344,Dense (20+)
18198821,Ram Ji Snacks & Food Corner,Subhash Nagar,28.636237,77.1183778,41,77,283,Dense (20+)
18430905,Ram Ram Ji Kachori Bhandar,Subhash Nagar,28.6360338,77.1079298,16,88,336,Dense (20+)
18430907,Rana's Food Corner,Subhash Nagar,28.6350391,77.1090147,17,88,333,Dense (20+)
18451597,Sanjay Chicken Shop,Subhash Nagar,28.637075,77.1212104,41,76,277,Dense (20+)
17989089,Sharma Ji Spring Roll,Subhash Nagar,28.6380035,77.1135039,20,133,331,Dense (20+)
18492057,Shree Raja Ram,Subhash Nagar,28.6398129,77.1055523,50,125,344,Dense (20+)
17989093,South Indian Hut,Subhash Nagar,28.637115,77.1205612,42,79,279,Dense (20+)
18429149,Special Moradabadi Chicken Corner,Subhash Nagar,28.6393914,77.1055921,48,128,344,Dense (20+)
18366006,Standard Pastry Shop,Subhash Nagar,28.6368971,77.1122453,23,117,333,Dense (20+)
305567,Sushil Punjabi Vaishno Dhaba,Subhash Nagar,28.6386142,77.1077234,47,93,338,Dense (20+)
18455551,Variety of Shawarmas,Subhash Nagar,28.6382092,77.1128304,19,128,332,Dense (20+)
18430902,Vrindavan Sweets,Subhash Nagar,28.6361147,77.1078398,17,87,336,Dense (20+)
18365385,Flirty Momo's,Subhash Nagar,28.6357398,77.1180859,40,78,282,Dense (20+)
586,Nathu's Sweets,Sunder Nagar,28.60252,77.2409086,7,7,88,Moderate (6-20)
3403,Basil & Thyme,Sunder Nagar,28.6014758,77.241099,7,7,100,Moderate (6-20)
2902,Kamal's,Sunder Nagar,28.6023444,77.2406505,7,7,89,Moderate (6-20)
308628,Orange Peel by Rasleen Kochhar,Sunder Nagar,28.5992226,77.2426044,6,17,117,Moderate (6-20)
18466399,ATM Bistro,Sunder Nagar,28.601877,77.2415481,7,7,91,Moderate (6-20)
18157416,Masala House,Sunder Nagar,28.6026409,77.241099,7,7,88,Moderate (6-20)
18264963,Number 8,Sunder Nagar,28.6024702,77.2411888,7,7,88,Moderate (6-20)
18384123,Keventers,"T3 Domestic Arrival, Aerocity",28.564288,77.120791,0,0,46,Isolated (0)
308595,4700BC Popcorn,Tagore Garden,28.6421648,77.1063438,44,95,332,Dense (20+)
18251318,Chennai X-Press,Tagore Garden,28.6461669,77.1127414,27,153,306,Dense (20+)
18303675,Chinese Sigdi,Tagore Garden,28.6491793,77.11142376,20,123,278,Dense (20+)
18245286,Da Pizza Pind,Tagore Garden,28.6510376,77.1137028,17,92,280,Dense (20+)
18414475,Faasos,Tagore Garden,28.6463287,77.1120745,22,151,309,Dense (20+)
308814,Frontier,Tagore Garden,28.6463908,77.1124028,25,154,307,Dense (20+)
308996,Gyan Di Hatti,Tagore Garden,28.6535887,77.1146413,11,88,280,Dense (20+)
304583,Hot Stuff,Tagore Garden,28.6462371,77.1127855,27,152,306,Dense (20+)
308080,KK Da Dhaba,Tagore Garden,28.6452447,77.1147742,34,167,279,Dense (20+)
18372669,Last Bencher's,Tagore Garden,28.6498944,77.1125497,22,98,265,Dense (20+)
309305,Raj Bakers And Confectioners,Tagore Garden,28.6499476,77.1124296,22,99,265,Dense (20+)
18292457,Taste Drive,Tagore Garden,28.6418012,77.1069062,44,98,332,Dense (20+)
973,The Kafilla,Tagore Garden,28.6455653,77.1155932,51,166,267,Dense (20+)
18292469,Tibb's Frankie,Tagore Garden,28.6425185,77.1064052,44,94,325,Dense (20+)
18381626,4 Barrels Cafí© & Lounge,Tagore Garden,28.6490845,77.1099433,19,111,287,Dense (20+)
18425157,Baadshah,Tagore Garden,28.6461869,77.116361,62,134,263,Dense (20+)
18365991,Behrouz Biryani,Tagore Garden,28.6463347,77.1120493,22,151,309,Dense (20+)
18355146,Galina Restaurant,Tagore Garden,28.6461897,77.1163525,62,134,263,Dense (20+)
18454473,Masala Factory,Tagore Garden,28.646011,77.11541,52,162,269,Dense (20+)
18432240,Ovenstory Pizza,Tagore Garden,28.6463561,77.1120139,22,150,309,Dense (20+)
312027,Ajeet Fast Food Corner,Tagore Garden,28.6499613,77.1124055,22,99,265,Dense (20+)
18430872,Al Changezi,Tagore Garden,28.6538763,77.1156171,6,88,277,Dense (20+)
18292478,Dolce Gelato,Tagore Garden,28.6423312,77.1064709,44,94,330,Dense (20+)
18429417,Dragon Way,Tagore Garden,28.6491173,77.1114205,20,123,278,Dense (20+)
18244564,Foodaholic,Tagore Garden,28.6488107,77.1151402,60,98,254,Dense (20+)
304385,Indian Chinese Fast Food,Tagore Garden,28.6524639,77.1120655,15,86,273,Dense (20+)
9517,Jagadeesh Kharodewala,Tagore Garden,28.6462079,77.1165705,64,135,261,Dense (20+)
7194,Punjabi Shahi Chicken Soup,Tagore Garden,28.6525857,77.111955,15,86,274,Dense (20+)
18472448,Ramu Ka Dhaba,Tagore Garden,28.6512755,77.1097172,13,51,254,Dense (20+)
18472599,Sardar Ji Chicken Corner,Tagore Garden,28.6456969,77.1162324,62,138,265,Dense (20+)
18429644,Satguru Tiffin Service,Tagore Garden,28.6498255,77.1122065,21,107,268,Dense (20+)
7180,Seth Baker's,Tagore Garden,28.6518001,77.1123132,16,86,275,Dense (20+)
309006,Sri Durga Dosa Corner,Tagore Garden,28.6499138,77.1121665,21,104,268,Dense (20+)
18292480,V S Cafe,Tagore Garden,28.641769,77.1068758,44,99,332,Dense (20+)
7187,Vijay South Indian Food,Tagore Garden,28.6528574,77.1113549,15,66,269,Dense (20+)
301998,Punjab Grill,Tagore Garden,28.6422159,77.1065034,44,94,329,Dense (20+)
3239,Insomnia - Taj Vivanta,"Taj Vivanta, Khan Market",28.6012192,77.2294337,45,64,124,Dense (20+)
301422,Larry's China - Taj Vivanta,"Taj Vivanta, Khan Market",28.6011707,77.2294235,45,64,124,Dense (20+)
4404,Yellow Brick Road - Taj Vivanta,"Taj Vivanta, Khan Market",28.6011707,77.2294235,45,64,124,Dense (20+)
300008,English Tadka,"TDI Mall, Rajouri Garden",28.6523425,77.1212744,19,94,289,Dense (20+)
18216903,Burger King,"TDI Mall, Rajouri Garden",28.6507962,77.1206821,53,104,290,Dense (20+)
1079,Pizza Hut,"TDI Mall, Rajouri Garden",28.6507574,77.1207398,53,104,290,Dense (20+)
4375,Cake Shop - The Ashok,"The Ashok, Chanakyapuri",28.596981,77.195866,9,10,40,Moderate (6-20)
3955,Samavar - The Ashok,"The Ashok, Chanakyapuri",28.597062,77.195892,9,10,39,Moderate (6-20)
4376,Tea Lounge - The Ashok,"The Ashok, Chanakyapuri",28.5969975,77.1960071,9,10,39,Moderate (6-20)
1898,Frontier - The Ashok,"The Ashok, Chanakyapuri",28.5966943,77.1956478,9,10,40,Moderate (6-20)
1900,The Oudh - The Ashok,"The Ashok, Chanakyapuri",28.5963125,77.1958724,9,9,43,Moderate (6-20)
306198,Zerruco - The Ashok,"The Ashok, Chanakyapuri",28.598181,77.1962398,9,11,38,Moderate (6-20)
18312443,The Claridges Garden -The Claridges,"The Claridges, Aurangzeb Road",28.60016,77.2169361,6,41,113,Dense (20+)
2683,Aura - The Claridges,"The Claridges, Aurangzeb Road",28.6001706,77.2169659,6,42,113,Dense (20+)
2682,Dhaba - The Claridges,"The Claridges, Aurangzeb Road",28.6001728,77.2168724,6,41,113,Dense (20+)
2681,Jade - The Claridges,"The Claridges, Aurangzeb Road",28.6001953,77.2168963,6,41,113,Dense (20+)
2674,Pickwicks - The Claridges,"The Claridges, Aurangzeb Road",28.6001694,77.2168839,6,41,113,Dense (20+)
2684,Ye Old Bakery - The Claridges,"The Claridges, Aurangzeb Road",28.6001541,77.2169297,6,41,113,Dense (20+)
2675,Sevilla - The Claridges,"The Claridges, Aurangzeb Road",28.6001767,77.2168927,6,41,113,Dense (20+)
3227,GBar - The Grand New Delhi,"The Grand New Delhi, Vasant Kunj",28.538993,77.15246,15,34,49,Dense (20+)
4840,Cascades - The Grand New Delhi,"The Grand New Delhi, Vasant Kunj",28.538993,77.15246,15,34,49,Dense (20+)
2726,1911 Bar - The Imperial,"The Imperial, Janpath",28.625443,77.218185,52,167,254,Dense (20+)
301523,Nostalgia at 1911 Brasserie - The Imperial,"The Imperial, Janpath",28.625445,77.218187,52,167,254,Dense (20+)
2729,Patiala Peg - The Imperial,"The Imperial, Janpath",28.625445,77.218187,52,167,254,Dense (20+)
2724,1911 - The Imperial,"The Imperial, Janpath",28.625443,77.218185,52,167,254,Dense (20+)
2728,Daniell's Tavern - The Imperial,"The Imperial, Janpath",28.625445,77.218187,52,167,254,Dense (20+)
2730,La Baguette - The Imperial,"The Imperial, Janpath",28.625445,77.218187,52,167,254,Dense (20+)
2727,San Gimignano - The Imperial,"The Imperial, Janpath",28.625445,77.218187,52,167,254,Dense (20+)
2731,The Atrium - The Imperial,"The Imperial, Janpath",28.625445,77.218187,52,167,254,Dense (20+)
2725,The Spice Route - The Imperial,"The Imperial, Janpath",28.625445,77.218187,52,167,254,Dense (20+)
18237363,Bao Cha,"The India Mall, New Friends Colony",28.56164003,77.26898376,48,55,106,Dense (20+)
18322518,Nazeer Delicacies,"The India Mall, New Friends Colony",28.56161147,77.26894453,48,55,109,Dense (20+)
1023,Open Oven,"The India Mall, New Friends Colony",28.567481,77.269154,13,62,101,Dense (20+)
18277022,Slurp Pasta Express,"The India Mall, New Friends Colony",28.56162678,77.26888552,48,55,110,Dense (20+)
18354650,Urban Gala,"The India Mall, New Friends Colony",28.56179522,77.26885669,48,55,110,Dense (20+)
9671,Shree Rathnam,"The India Mall, New Friends Colony",28.56165594,77.26870917,47,55,113,Dense (20+)
18424209,Stuffed Kathi Roll,"The India Mall, New Friends Colony",28.5616595,77.2690978,48,55,106,Dense (20+)
149,Subway,"The India Mall, New Friends Colony",28.5614696,77.2685174,47,55,119,Dense (20+)
8842,24/7 Pastry Shop - The Lalit New Delhi,"The Lalit New Delhi, Barakhamba Road",28.63110267,77.22762946,27,157,295,Dense (20+)
8817,Le Petit Cafe - The Lalit New Delhi,"The Lalit New Delhi, Barakhamba Road",28.63113239,77.22762745,27,157,296,Dense (20+)
309110,The Grill Room - The Lalit New Delhi,"The Lalit New Delhi, Barakhamba Road",28.631407,77.227277,31,161,303,Dense (20+)
301524,24/7 Bar- The Lalit New Delhi,"The Lalit New Delhi, Barakhamba Road",28.631407,77.227277,31,161,303,Dense (20+)
3910,24/7 Restaurant - The Lalit New Delhi,"The Lalit New Delhi, Barakhamba Road",28.63148611,77.22756944,30,157,304,Dense (20+)
3027,Baluchi - The Lalit New Delhi,"The Lalit New Delhi, Barakhamba Road",28.63120891,77.22764019,26,157,297,Dense (20+)
4907,Kitty Su - The Lalit New Delhi,"The Lalit New Delhi, Barakhamba Road",28.6317423,77.228133,24,151,309,Dense (20+)
104,Woks - The Lalit New Delhi,"The Lalit New Delhi, Barakhamba Road",28.631407,77.227277,31,161,303,Dense (20+)
300688,Cafí© Knosh - The Leela Ambience Convention Hotel,The Leela Ambience Convention Hotel,28.66113333,77.30317778,37,51,138,Dense (20+)
300697,Cherry Bar - The Leela Ambience Convention Hotel,The Leela Ambience Convention Hotel,28.66113333,77.30317778,37,51,138,Dense (20+)
300696,Mei Kun - The Leela Ambience Convention Hotel,The Leela Ambience Convention Hotel,28.66113333,77.30317778,37,51,138,Dense (20+)
300695,Dilli 32 - The Leela Ambience Convention Hotel,The Leela Ambience Convention Hotel,28.66113333,77.30317778,37,51,138,Dense (20+)
4917,Jamavar - The Leela Palace,"The Leela Palace, Chanakyapuri",28.5794095,77.1889269,8,35,149,Dense (20+)
4910,Le Cirque - The Leela Palace,"The Leela Palace, Chanakyapuri",28.5793901,77.1889752,8,35,150,Dense (20+)
6812,MEGU - The Leela Palace,"The Leela Palace, Chanakyapuri",28.5794009,77.1889651,8,35,149,Dense (20+)
4911,The Library - The Leela Palace,"The Leela Palace, Chanakyapuri",28.5802165,77.1885648,8,35,139,Dense (20+)
4915,The Lobby Lounge - The Leela Palace,"The Leela Palace, Chanakyapuri",28.5793611,77.1890039,8,35,149,Dense (20+)
310878,The Lodhi Bakery - The Lodhi,"The Lodhi, Lodhi Road",28.592135,77.238056,5,13,219,Moderate (6-20)
3283,Elan - The Lodhi,"The Lodhi, Lodhi Road",28.5921591,77.238315,5,13,214,Moderate (6-20)
2768,Agni - The Park,"The Park, Connaught Place",28.62098574,77.21734352,27,78,238,Dense (20+)
2770,Mist - The Park,"The Park, Connaught Place",28.62098721,77.21736733,27,78,238,Dense (20+)
2769,Aqua - The Park,"The Park, Connaught Place",28.628885,77.216002,82,182,277,Dense (20+)
3202,Atrium Bar  & Lounge - The Suryaa New Delhi,"The Suryaa New Delhi, New Friends Colony",28.56109444,77.26953889,46,54,106,Dense (20+)
4101,French Crust - The Suryaa New Delhi,"The Suryaa New Delhi, New Friends Colony",28.56109444,77.26953889,46,54,106,Dense (20+)
312902,Club BW - The Suryaa New Delhi,"The Suryaa New Delhi, New Friends Colony",28.561179,77.269656,47,54,105,Dense (20+)
5325,Sampan - The Suryaa New Delhi,"The Suryaa New Delhi, New Friends Colony",28.561053,77.269618,46,54,106,Dense (20+)
4496,The Grill Room - The Taj Mahal Hotel,"The Taj Mahal Hotel, Mansingh Road",28.6051535,77.2241228,9,72,123,Dense (20+)
2688,Emperor's Lounge - The Taj Mahal Hotel,"The Taj Mahal Hotel, Mansingh Road",28.6051689,77.2241405,9,72,123,Dense (20+)
2690,Machan - The Taj Mahal Hotel,"The Taj Mahal Hotel, Mansingh Road",28.6051648,77.2241369,9,72,123,Dense (20+)
3948,Ricks Bar - The Taj Mahal Hotel,"The Taj Mahal Hotel, Mansingh Road",28.60440165,77.22273611,7,72,120,Dense (20+)
2694,Wasabi by Morimoto - The Taj Mahal Hotel,"The Taj Mahal Hotel, Mansingh Road",28.6052532,77.2243039,9,72,124,Dense (20+)
2689,House of Ming - The Taj Mahal Hotel,"The Taj Mahal Hotel, Mansingh Road",28.6051487,77.2246182,9,72,124,Dense (20+)
2693,Varq - The Taj Mahal Hotel,"The Taj Mahal Hotel, Mansingh Road",28.605189,77.2241401,9,72,123,Dense (20+)
18400770,Capital Kitchen - Taj Palace Hotel,"The Taj Palace Hotel, Chanakyapuri",28.5950782,77.1701408,12,96,105,Dense (20+)
18376469,Spicy Duck - Taj Palace Hotel,"The Taj Palace Hotel, Chanakyapuri",28.5948008,77.1702198,12,96,108,Dense (20+)
2701,Orient Express - Taj Palace Hotel,"The Taj Palace Hotel, Chanakyapuri",28.5950077,77.170087,12,96,107,Dense (20+)
2702,The Tea Lounge - Taj Palace Hotel,"The Taj Palace Hotel, Chanakyapuri",28.5945492,77.1703995,10,96,108,Dense (20+)
9709,Bonitos - The Uppal,"The Uppal, Aerocity",28.535183,77.101847,2,3,18,Light (1-5)
312319,Bonitos Blu - The Uppal,"The Uppal, Aerocity",28.535183,77.101847,2,3,18,Light (1-5)
311858,The Gourmet Shop - The Uppal,"The Uppal, Aerocity",28.535183,77.101847,2,3,18,Light (1-5)
131,Chopsticks,"The Village Restaurant Complex, Khel Gaon Marg",28.5525438,77.2133902,27,113,351,Dense (20+)
313200,TabulaBeach Cafe,"The Village Restaurant Complex, Khel Gaon Marg",28.5523566,77.213191,28,109,348,Dense (20+)
18282047,Arriba - Mexican Grill & Tequileria,"The Village Restaurant Complex, Khel Gaon Marg",28.55231,77.2129742,32,110,346,Dense (20+)
302136,Aggarwal Sweet Center,Tilak Nagar,28.6350967,77.0919833,26,96,246,Dense (20+)
301767,Aggarwal Sweets,Tilak Nagar,28.6419765,77.0994142,14,118,250,Dense (20+)
302103,Alag Khana Khazana,Tilak Nagar,28.6389981,77.0862978,8,47,209,Dense (20+)
310273,Bhape Di Hatti,Tilak Nagar,28.6384031,77.0968578,51,102,246,Dense (20+)
308868,Bhappe Di Hatti,Tilak Nagar,28.6380699,77.0965905,50,100,242,Dense (20+)
18372667,Bhatura King,Tilak Nagar,28.636751,77.0954179,54,94,250,Dense (20+)
310728,Bhukkadzz Point,Tilak Nagar,28.6354821,77.0868116,15,75,214,Dense (20+)
8564,Bimbos,Tilak Nagar,28.6374082,77.1016004,35,131,300,Dense (20+)
305486,Brothers' Bakery,Tilak Nagar,28.6487302,77.1033405,5,72,295,Dense (20+)
18485858,Chaap Nation,Tilak Nagar,28.64003986,77.09550753,30,101,244,Dense (20+)
18204802,Dev Burger,Tilak Nagar,28.635043,77.0998394,60,95,259,Dense (20+)
310254,Green Chick Chop,Tilak Nagar,28.6437138,77.1040206,47,84,310,Dense (20+)
310272,Green Chick Chop,Tilak Nagar,28.6364554,77.0905901,16,91,241,Dense (20+)
302089,Hum Sabki Rasoi,Tilak Nagar,28.6377331,77.0888609,15,72,241,Dense (20+)
18034071,Janki Vaishno Dhaba,Tilak Nagar,28.6375598,77.1050287,17,133,339,Dense (20+)
305785,Manmohan Food Plaza,Tilak Nagar,28.6371415,77.0962201,53,104,244,Dense (20+)
18268710,Mr.Hunger,Tilak Nagar,28.6368398,77.0937942,48,97,249,Dense (20+)
308862,Neelma Punjabi Dhaba,Tilak Nagar,28.6434771,77.097173,11,106,231,Dense (20+)
308863,New Raj Kachori Bhandar,Tilak Nagar,28.6374781,77.0972739,55,97,245,Dense (20+)
304319,Punjabi Ninja,Tilak Nagar,28.6407465,77.1004284,21,123,287,Dense (20+)
18198440,Radha Swami Cool Hut,Tilak Nagar,28.6404001,77.095013,21,83,241,Dense (20+)
304161,Sagar Choley Bhatoorey,Tilak Nagar,28.6448121,77.1006304,12,77,279,Dense (20+)
18037798,Sehyog Alpahar,Tilak Nagar,28.637326,77.0966736,54,98,247,Dense (20+)
310279,South Indian Hut,Tilak Nagar,28.6378234,77.0889219,15,72,240,Dense (20+)
5964,Vijay Corner,Tilak Nagar,28.6361284,77.0973882,54,93,252,Dense (20+)
18241496,Mithlesh Ande Wala,Tilak Nagar,28.6342673,77.098007,61,97,256,Dense (20+)
309695,Roti N Boti,Tilak Nagar,28.6409492,77.0925481,9,77,223,Dense (20+)
308905,Annapurna Caters,Tilak Nagar,28.6376488,77.0934526,46,95,245,Dense (20+)
18312644,Ashoka's Ice Zone,Tilak Nagar,28.6404463,77.0949112,21,83,242,Dense (20+)
305238,Bikaner Sweets & Pastry Corner,Tilak Nagar,28.6388684,77.086714,9,53,228,Dense (20+)
301917,Bikaner Sweets,Tilak Nagar,28.6489062,77.1031722,5,71,285,Dense (20+)
18372314,Dee Pizza Hub,Tilak Nagar,28.6344618,77.0845916,6,60,203,Dense (20+)
313282,Flavors of London,Tilak Nagar,28.6396056,77.0854345,8,46,194,Dense (20+)
18368025,Funduz Cafe,Tilak Nagar,28.6449182,77.1002905,12,78,266,Dense (20+)
18089242,Giani,Tilak Nagar,28.63903,77.0863331,8,47,218,Dense (20+)
304160,Grover Sweets Rajouri Wala,Tilak Nagar,28.6481247,77.1034131,11,74,305,Dense (20+)
18037813,Guru Kripa Chicken Corner,Tilak Nagar,28.636187,77.0971137,54,93,250,Dense (20+)
18368021,Himalya Chinese,Tilak Nagar,28.6468527,77.0962302,5,25,216,Dense (20+)
313137,KindBhutani's,Tilak Nagar,28.6367945,77.0959301,53,101,247,Dense (20+)
305866,Mama Bhanja Corner,Tilak Nagar,28.6361765,77.0971707,54,93,250,Dense (20+)
18431191,Mama Tao,Tilak Nagar,28.6491405,77.1029417,5,67,270,Dense (20+)
18037792,Manpasand Punjabi Zaika,Tilak Nagar,28.6391088,77.0864035,8,47,223,Dense (20+)
18356794,Pal Restaurant,Tilak Nagar,28.6445351,77.1014529,12,79,303,Dense (20+)
312040,Pizza Station,Tilak Nagar,28.6448699,77.0998064,11,79,260,Dense (20+)
18187733,Punjabi Virsa,Tilak Nagar,28.644093,77.102513,43,81,312,Dense (20+)
5961,Sahib Jhatka Chicken Shop,Tilak Nagar,28.6361148,77.0973474,54,93,252,Dense (20+)
18431176,Salt & Peppers,Tilak Nagar,28.6371756,77.0964562,53,99,243,Dense (20+)
18037796,Sethi Ice Cream Parlour,Tilak Nagar,28.6450932,77.0995462,11,75,254,Dense (20+)
312853,Shah Ji Di Rasoi,Tilak Nagar,28.6380338,77.0966816,51,99,242,Dense (20+)
18469949,Shawarma Wala,Tilak Nagar,28.6370036,77.0954687,53,96,247,Dense (20+)
18203187,South Indian Hut,Tilak Nagar,28.6343667,77.084917,6,59,205,Dense (20+)
308900,T-2 Di Hatti,Tilak Nagar,28.6377065,77.0934222,46,95,245,Dense (20+)
18430577,The Second Wife Kitchen,Tilak Nagar,28.6366697,77.0933859,48,98,248,Dense (20+)
310286,Today Pizza,Tilak Nagar,28.6490554,77.1031681,5,70,278,Dense (20+)
18246984,Turban Tadka,Tilak Nagar,28.6356249,77.0846233,13,60,202,Dense (20+)
312041,Wah Shah Ji Wah,Tilak Nagar,28.6437348,77.1039501,47,84,310,Dense (20+)
18429180,Wah Wah Chicken Corner,Tilak Nagar,28.6420481,77.0918112,4,62,210,Dense (20+)
304730,Brijwasi Sweet and Namkeen,Trilokpuri,28.59807667,77.31334833,16,43,153,Dense (20+)
5438,Khana Khazana,Tughlakabad Institutional Area,28.52351906,77.25662515,17,38,138,Dense (20+)
3383,Ahad Sons Restaurant,Uday Park,28.5607572,77.2182605,21,93,351,Dense (20+)
4450,Jughead's Fast Food Corner,Uday Park,28.56074218,77.21790746,24,91,349,Dense (20+)
18254521,The Coffee Bond,Uday Park,28.56028103,77.21807376,23,89,354,Dense (20+)
18352678,Wow! Momo,"Unity One Mall, Janakpuri",28.6291105,77.076886,19,35,150,Dense (20+)
18263236,Domino's Pizza,"Unity One Mall, Janakpuri",28.6288818,77.0760342,12,35,151,Dense (20+)
18277230,Haldiram's,"Unity One Mall, Janakpuri",28.6287601,77.0764473,12,34,150,Dense (20+)
18350231,Keventers,"Unity One Mall, Janakpuri",28.6290915,77.0770547,21,35,149,Dense (20+)
18380171,Pat 'N' Harry,"Unity One Mall, Janakpuri",28.629097,77.075439,11,35,153,Dense (20+)
18306543,"34, Chowringhee Lane",Uttam Nagar,28.6191075,77.0334663,12,19,24,Moderate (6-20)
7297,Aggarwal Sweets,Uttam Nagar,28.6203298,77.0409828,8,21,42,Dense (20+)
5774,Amritsari Dhaba,Uttam Nagar,28.6194,77.032612,12,19,25,Moderate (6-20)
312172,Apna Swad,Uttam Nagar,28.6193541,77.0676143,6,30,87,Dense (20+)
18168165,ATM Food Corner,Uttam Nagar,28.6180649,77.0723362,2,12,100,Moderate (6-20)
18449824,Burger House,Uttam Nagar,28.6190995,77.0336428,12,19,24,Moderate (6-20)
5413,Cafe De Bienka,Uttam Nagar,28.6216032,77.0675373,7,33,83,Dense (20+)
18285208,Chatkaara Point,Uttam Nagar,28.6104281,77.0680939,3,10,65,Moderate (6-20)
306185,Dharma Punjabi Dhaba,Uttam Nagar,28.619233,77.0590998,20,27,62,Dense (20+)
312073,Domino's Pizza,Uttam Nagar,28.6222421,77.0571866,15,25,62,Dense (20+)
312054,Flavourz Factoree,Uttam Nagar,28.6200086,77.0448877,3,11,49,Moderate (6-20)
301912,Gabbar Chowmein,Uttam Nagar,28.6213725,77.0390888,9,24,34,Dense (20+)
18372661,Gayatri's Break Point Restaurant,Uttam Nagar,28.6200658,77.0621578,20,28,66,Dense (20+)
5499,Grover Sweets & Bakers,Uttam Nagar,28.6209487,77.0599921,23,27,61,Dense (20+)
302005,Khalsa Veg Corner,Uttam Nagar,28.6229612,77.0643164,14,37,79,Dense (20+)
306179,Lajawab Chinese Food,Uttam Nagar,28.6210909,77.0391009,9,24,34,Dense (20+)
302057,Lajwab Bakery,Uttam Nagar,28.6205109,77.0630573,20,30,70,Dense (20+)
302729,Maharani Rasoi,Uttam Nagar,28.6193756,77.0309438,11,18,26,Moderate (6-20)
313067,Natkhat Bakers,Uttam Nagar,28.6217969,77.0411281,8,21,42,Dense (20+)
18133491,Pastry Palace,Uttam Nagar,28.6228245,77.0605838,22,28,63,Dense (20+)
18204464,Punjabi Tadka,Uttam Nagar,28.6236426,77.0627386,13,36,72,Dense (20+)
5412,Radha Swami Vaishno Dhaba,Uttam Nagar,28.6197461,77.0671945,7,32,86,Dense (20+)
18358654,Scoops,Uttam Nagar,28.6203826,77.0580204,20,28,62,Dense (20+)
309167,Shah Bakery,Uttam Nagar,28.6185458,77.0612584,13,27,65,Dense (20+)
301903,Shahi Kachauri Wale,Uttam Nagar,28.6192376,77.0322933,11,19,25,Moderate (6-20)
302757,Shahi Kachauri,Uttam Nagar,28.6218904,77.0569411,15,25,60,Dense (20+)
310625,Shri Bikaner Sweets,Uttam Nagar,28.6275118,77.0391304,2,11,30,Moderate (6-20)
312171,Shri Krishna Vaishno Dhaba,Uttam Nagar,28.6036473,77.0563114,0,1,21,Light (1-5)
9209,Shri Murli Wala,Uttam Nagar,28.6191566,77.0306405,11,17,26,Moderate (6-20)
18291240,Shri Radha Ki Rasoi,Uttam Nagar,28.6196925,77.0347129,17,22,24,Dense (20+)
307946,Singh's Ice Cream Parlour,Uttam Nagar,28.6211282,77.0391763,9,24,34,Dense (20+)
18203182,Swastik Restaurant,Uttam Nagar,28.6188173,77.0332316,12,19,24,Moderate (6-20)
302047,Tanatan Corner,Uttam Nagar,28.621959,77.0569043,15,25,60,Dense (20+)
307140,Tasty Bite,Uttam Nagar,28.620035,77.0386806,9,23,34,Dense (20+)
302835,Aggarwal Jalebi Wale,Uttam Nagar,28.6217187,77.063507,17,37,72,Dense (20+)
9108,Aggarwal Sweets,Uttam Nagar,28.6187806,77.0302045,11,17,26,Moderate (6-20)
9116,Arora Pastry Palace,Uttam Nagar,28.6191434,77.0324848,11,19,25,Moderate (6-20)
18401212,Chinese Chatorey Xpress,Uttam Nagar,28.6205123,77.0715259,4,22,97,Dense (20+)
18331594,Da Pizza Zone,Uttam Nagar,28.6267145,77.0392204,2,13,31,Moderate (6-20)
18381265,Food N Shakes,Uttam Nagar,28.6199415,77.0617981,18,28,63,Dense (20+)
18312449,Green Chick Chop,Uttam Nagar,28.6230789,77.0608986,20,29,63,Dense (20+)
18372672,Grover Sweets,Uttam Nagar,28.6242121,77.0638218,11,37,86,Dense (20+)
18363058,J V's Fried Chicken,Uttam Nagar,28.6194036,77.0346005,17,20,24,Moderate (6-20)
310581,Kamal Chat Bhandar,Uttam Nagar,28.6179737,77.0608986,11,27,63,Dense (20+)
301914,Khalsa Chicken Corner,Uttam Nagar,28.6199262,77.037568,13,22,30,Dense (20+)
5470,Lala Da Shudh Vaishno Dhaba,Uttam Nagar,28.6224126,77.0583229,18,28,65,Dense (20+)
18358206,Madras Cafe,Uttam Nagar,28.6189874,77.0582581,18,28,59,Dense (20+)
17989106,New China Town,Uttam Nagar,28.6173544,77.0331929,11,19,24,Moderate (6-20)
18419501,Pick & Carry,Uttam Nagar,28.6296412,77.0398501,2,7,31,Moderate (6-20)
307950,Punjabi Chicken,Uttam Nagar,28.6093206,77.0641627,1,8,51,Moderate (6-20)
18354634,Sandwiches 'N' More,Uttam Nagar,28.6183226,77.0580204,15,28,59,Dense (20+)
306180,Sapna Restaurant,Uttam Nagar,28.6226053,77.0599045,22,28,61,Dense (20+)
301907,Sargam Sweets,Uttam Nagar,28.6209825,77.0392018,9,24,34,Dense (20+)
18358165,Tandoori Theka,Uttam Nagar,28.6206339,77.0485758,1,17,54,Moderate (6-20)
18372666,The Darjiling Delicious Chinese Food,Uttam Nagar,28.6211626,77.0608752,24,27,64,Dense (20+)
18499450,Veg Darbar - The Royal Taste,Uttam Nagar,28.622119,77.056812,15,25,60,Dense (20+)
18500618,Veg. Darbar,Uttam Nagar,28.6218839,77.0570523,15,25,60,Dense (20+)
18014109,Wah Ji Wah,Uttam Nagar,28.6231917,77.0611463,20,32,64,Dense (20+)
8257,Cafe Coffee Day,"V3S Mall, Laxmi Nagar",28.6373178,77.2869436,50,105,223,Dense (20+)
18291214,Chalte Firte Momos,"V3S Mall, Laxmi Nagar",28.6367704,77.2862874,52,109,220,Dense (20+)
1547,Chutneez Restaurant Lounge & Bar,"V3S Mall, Laxmi Nagar",28.6370319,77.2861149,53,109,218,Dense (20+)
18219520,Domino's Pizza,"V3S Mall, Laxmi Nagar",28.6367821,77.2862468,53,109,220,Dense (20+)
18378036,Fattoush,"V3S Mall, Laxmi Nagar",28.6368753,77.2862407,52,109,219,Dense (20+)
18311958,Keventers,"V3S Mall, Laxmi Nagar",28.6368388,77.2863589,53,109,220,Dense (20+)
8979,Kutty's South Indian Cafe,"V3S Mall, Laxmi Nagar",28.6367067,77.2859303,54,109,217,Dense (20+)
8215,Mandrain,"V3S Mall, Laxmi Nagar",28.6369816,77.2870265,59,107,228,Dense (20+)
2009,Nazeer Foods,"V3S Mall, Laxmi Nagar",28.637003,77.2854132,55,109,218,Dense (20+)
6042,Nirula's Ice Cream,"V3S Mall, Laxmi Nagar",28.6368424,77.2863408,52,109,220,Dense (20+)
308816,Punjabi Tadka,"V3S Mall, Laxmi Nagar",28.6369816,77.2870265,59,107,228,Dense (20+)
308785,Rocking Woods,"V3S Mall, Laxmi Nagar",28.6369716,77.2860199,53,109,218,Dense (20+)
309769,Shawarma Wala,"V3S Mall, Laxmi Nagar",28.6367759,77.286309,52,109,220,Dense (20+)
3779,Subway,"V3S Mall, Laxmi Nagar",28.6371001,77.2862019,53,109,217,Dense (20+)
6127,The Yellow Chilli,"V3S Mall, Laxmi Nagar",28.6370146,77.2860211,53,109,218,Dense (20+)
4982,The Yummy Chilli,"V3S Mall, Laxmi Nagar",28.6369816,77.2870265,59,107,228,Dense (20+)
4677,United Punjab,"V3S Mall, Laxmi Nagar",28.6369762,77.2860812,53,109,218,Dense (20+)
8265,McDonald's,"V3S Mall, Laxmi Nagar",28.6367012,77.2867383,60,108,224,Dense (20+)
312352,Vintro,"V3S Mall, Laxmi Nagar",28.6370758,77.2861742,53,108,218,Dense (20+)
18285699,Wow! Momo,"V3S Mall, Laxmi Nagar",28.636911,77.2867839,54,107,224,Dense (20+)
304987,"34, Chowringhee Lane","V3S Mall, Laxmi Nagar",28.6367213,77.2861642,53,109,220,Dense (20+)
305386,Kebab Xpress,"V3S Mall, Laxmi Nagar",28.6368649,77.2862848,52,109,220,Dense (20+)
474,Moti Mahal Delux Tandoori Trail,"V3S Mall, Laxmi Nagar",28.6370362,77.2861107,53,109,218,Dense (20+)
252,Pizza Hut,"V3S Mall, Laxmi Nagar",28.637001,77.286103,53,109,218,Dense (20+)
5851,The Golden Dragon,"V3S Mall, Laxmi Nagar",28.6369891,77.2857573,54,109,217,Dense (20+)
404,Yo! China,"V3S Mall, Laxmi Nagar",28.6367037,77.2860344,53,109,217,Dense (20+)
3072,Hawkers,Vasant Kunj,28.5232091,77.1573156,10,23,35,Dense (20+)
234,Nirula's,Vasant Kunj,28.531431,77.1538018,6,20,57,Moderate (6-20)
308,Sagar Ratna,Vasant Kunj,28.5251312,77.155416,11,22,59,Dense (20+)
311305,Tribe,Vasant Kunj,28.5207314,77.1655919,7,17,38,Moderate (6-20)
1509,Angels in my Kitchen,Vasant Kunj,28.5312664,77.1538189,6,20,57,Moderate (6-20)
18089255,Beijing Street,Vasant Kunj,28.5183003,77.1584474,4,20,29,Moderate (6-20)
18369756,Bun Intended,Vasant Kunj,28.52331992,77.16529693,3,21,38,Dense (20+)
18416856,Captain Chang,Vasant Kunj,28.522112,77.168407,4,10,37,Moderate (6-20)
306554,Captain Grub,Vasant Kunj,28.5194758,77.1710434,2,12,35,Moderate (6-20)
18287390,Clemency- The Restaurant & Cafe,Vasant Kunj,28.51901836,77.16119282,5,22,31,Dense (20+)
1060,Flaming Chilli Pepper,Vasant Kunj,28.519173,77.1611802,5,22,31,Dense (20+)
306859,Hong Kong Express,Vasant Kunj,28.5313867,77.153852,6,20,57,Moderate (6-20)
308621,Majeed's,Vasant Kunj,28.5336506,77.1517362,6,21,55,Dense (20+)
18218321,Majlis-e-Mughal,Vasant Kunj,28.5191138,77.1611509,5,22,31,Dense (20+)
18337788,Mickey's Kitchen,Vasant Kunj,28.514649,77.165415,1,11,38,Moderate (6-20)
2778,Nanking,Vasant Kunj,28.5367732,77.1482216,3,31,53,Dense (20+)
18292485,Nawab Dera,Vasant Kunj,28.5254999,77.1357431,0,0,15,Isolated (0)
18423898,The Cafe,Vasant Kunj,28.5291446,77.1553898,14,17,60,Moderate (6-20)
308246,The Village Cafí©,Vasant Kunj,28.519062,77.1619331,6,22,39,Dense (20+)
18264997,Cafe Connect,Vasant Kunj,28.51428649,77.16498211,1,10,39,Moderate (6-20)
18144479,Happy Hakka,Vasant Kunj,28.5332879,77.1520605,5,24,55,Dense (20+)
18431179,Indian Saffron Co.,Vasant Kunj,28.519511,77.166526,5,12,37,Moderate (6-20)
307032,DCK- Dana Choga's Kitchen,"Vasant Square Mall, Vasant Kunj",28.5250993,77.156659,11,22,58,Dense (20+)
305243,Domino's Pizza,"Vasant Square Mall, Vasant Kunj",28.5251629,77.1566714,11,21,58,Dense (20+)
9177,Sagar Ratna,"Vasant Square Mall, Vasant Kunj",28.524981,77.1566476,11,22,58,Dense (20+)
308697,Shree Bhagatram,"Vasant Square Mall, Vasant Kunj",28.5248609,77.1564626,11,21,56,Dense (20+)
3507,Subway,"Vasant Square Mall, Vasant Kunj",28.5250677,77.1561628,11,22,59,Dense (20+)
18350121,Biryani Blues,"Vasant Square Mall, Vasant Kunj",28.5251478,77.1569671,11,22,58,Dense (20+)
311345,Kebab Gali,"Vasant Square Mall, Vasant Kunj",28.52506,77.1566644,11,22,58,Dense (20+)
1492,KFC,"Vasant Square Mall, Vasant Kunj",28.5251233,77.1561251,11,22,59,Dense (20+)
310169,Tipu Sultan,"Vasant Square Mall, Vasant Kunj",28.5249865,77.1566556,11,22,58,Dense (20+)
312535,Angels in my Kitchen,Vasant Vihar,28.56104814,77.15988658,16,50,129,Dense (20+)
535,Barista,Vasant Vihar,28.55705291,77.16407988,36,80,161,Dense (20+)
304281,Bengal Sweet Palace,Vasant Vihar,28.56517455,77.16369264,4,62,142,Dense (20+)
7392,Bread'D Bites,Vasant Vihar,28.56100556,77.15966111,14,50,129,Dense (20+)
2122,Chinese Hut,Vasant Vihar,28.55793018,77.16423243,36,82,152,Dense (20+)
302438,Foodland by Orchid,Vasant Vihar,28.56141389,77.15538889,7,40,97,Dense (20+)
309789,From The Kitchen of Mala Bindra,Vasant Vihar,28.571381,77.1624016,6,17,184,Moderate (6-20)
313412,Go Kylin,Vasant Vihar,28.55900888,77.16369834,39,79,146,Dense (20+)
7360,Green Chick Chop,Vasant Vihar,28.561011,77.159666,14,50,129,Dense (20+)
4317,Hawkers,Vasant Vihar,28.55760213,77.16311596,37,79,156,Dense (20+)
2124,New Janta Restaurant,Vasant Vihar,28.5677118,77.1583987,0,18,122,Moderate (6-20)
2204,Rainbows,Vasant Vihar,28.56157466,77.15505794,7,32,96,Dense (20+)
305403,Sinfully Yours,Vasant Vihar,28.55818056,77.15976667,39,46,143,Dense (20+)
775,Slice of Italy,Vasant Vihar,28.55888991,77.17082061,31,93,154,Dense (20+)
18247024,Spice Deli,Vasant Vihar,28.557864,77.164272,36,82,153,Dense (20+)
303244,Twenty Four Seven,Vasant Vihar,28.55788513,77.16321856,39,79,152,Dense (20+)
300262,Uncle Tom's Steamed Hot Dogs,Vasant Vihar,28.55761667,77.16419167,36,82,154,Dense (20+)
18458332,AOWLS,Vasant Vihar,28.52951508,77.15067118,6,18,57,Moderate (6-20)
7391,Costa Coffee,Vasant Vihar,28.557223,77.164368,36,81,156,Dense (20+)
18198434,Georgia Dakota,Vasant Vihar,28.56139062,77.15496004,7,32,95,Dense (20+)
18371408,Instapizza After Hours,Vasant Vihar,28.572131,77.161681,2,15,186,Moderate (6-20)
308007,The Pint Room,Vasant Vihar,28.56151959,77.15516992,7,34,96,Dense (20+)
18227685,Anthony's Kitchen,Vasant Vihar,28.55747579,77.16367822,36,79,157,Dense (20+)
18312585,Cafe Coffee Day,Vasant Vihar,28.55736507,77.16442622,36,80,155,Dense (20+)
18358669,Cones & Curries,Vasant Vihar,28.55747844,77.16460492,36,78,154,Dense (20+)
18279461,Giani,Vasant Vihar,28.55748345,77.16341134,36,79,160,Dense (20+)
18463329,Kaptain Bakery,Vasant Vihar,28.55870848,77.16429355,36,81,151,Dense (20+)
18277185,Kayasth Cuisine,Vasant Vihar,28.56118272,77.15520881,7,40,96,Dense (20+)
18358667,Mahinder Food Corner,Vasant Vihar,28.55775173,77.16458414,36,80,153,Dense (20+)
18440933,Practically Perfect,Vasant Vihar,28.55811,77.16454,36,80,152,Dense (20+)
18289247,Perch Wine & Coffee Bar,Vasant Vihar,28.559058,77.16411,39,79,143,Dense (20+)
8530,Aggarwal Confectionary,Vasundhara Enclave,28.5997151,77.317668,17,29,122,Dense (20+)
8501,Aggarwal Sweet Corner,Vasundhara Enclave,28.5997276,77.3175176,17,29,122,Dense (20+)
8520,Ananda's,Vasundhara Enclave,28.6001,77.3176784,19,29,119,Dense (20+)
311184,Ankur Family Restaurant,Vasundhara Enclave,28.5892967,77.3062099,41,67,146,Dense (20+)
18217007,Ayush Restaurant,Vasundhara Enclave,28.59103534,77.30796732,39,63,151,Dense (20+)
18342098,Chef's Paradise,Vasundhara Enclave,28.59154464,77.30650049,39,66,158,Dense (20+)
311231,Domino's Pizza,Vasundhara Enclave,28.5891084,77.3021052,16,56,138,Dense (20+)
310876,Fatafat Fast Food,Vasundhara Enclave,28.58950538,77.30853528,39,71,148,Dense (20+)
18265408,Giani,Vasundhara Enclave,28.6002622,77.3205872,16,31,131,Dense (20+)
312517,Green Tea Fanatics,Vasundhara Enclave,28.60043838,77.32028972,16,30,124,Dense (20+)
312783,Khansama,Vasundhara Enclave,28.5891093,77.3040391,40,66,141,Dense (20+)
307920,Pauls Food,Vasundhara Enclave,28.6013457,77.3164521,16,27,109,Dense (20+)
311253,Punjabi Vaishno Rasoi,Vasundhara Enclave,28.601793,77.3145157,10,26,119,Dense (20+)
307290,Republic of Chicken,Vasundhara Enclave,28.6000397,77.3203951,16,32,128,Dense (20+)
8532,Taj Sweets,Vasundhara Enclave,28.6011417,77.3226158,9,28,135,Dense (20+)
18323036,The Cake,Vasundhara Enclave,28.59819588,77.31136166,7,48,163,Dense (20+)
18325165,The Food Court,Vasundhara Enclave,28.59087872,77.30725687,39,62,151,Dense (20+)
311248,Adi's Restaurant,Vasundhara Enclave,28.5908127,77.3071359,39,62,151,Dense (20+)
18420697,Aggarwal Sweets,Vasundhara Enclave,28.6017649,77.3143328,11,26,118,Dense (20+)
18424648,Aggarwal Sweets,Vasundhara Enclave,28.59080159,77.30720289,39,63,151,Dense (20+)
18376497,Always Eat Green,Vasundhara Enclave,28.5901234,77.3078976,39,71,147,Dense (20+)
18377898,Anjali Resaturant,Vasundhara Enclave,28.5914444,77.3066274,39,63,156,Dense (20+)
18423889,Annapoorna Bhojanalya,Vasundhara Enclave,28.5891961,77.3062381,40,68,146,Dense (20+)
18424638,Anupam Eating Point,Vasundhara Enclave,28.5908336,77.3074392,39,64,151,Dense (20+)
18424661,Bikaner Rasoi,Vasundhara Enclave,28.601005,77.3159908,16,27,112,Dense (20+)
18375390,Cafe Mom,Vasundhara Enclave,28.5923035,77.3057921,39,64,168,Dense (20+)
18377902,Cafe Youth,Vasundhara Enclave,28.6021139,77.312519,7,26,139,Dense (20+)
18430246,Cake Express,Vasundhara Enclave,28.59794885,77.3097342,5,47,165,Dense (20+)
18336496,Catchup Green,Vasundhara Enclave,28.600942,77.315899,16,27,112,Dense (20+)
18424202,Famous Parantha and Poori Sabzi,Vasundhara Enclave,28.5893763,77.3085095,39,71,147,Dense (20+)
18377909,Food Plaza,Vasundhara Enclave,28.6013619,77.3222402,12,28,129,Dense (20+)
18390095,Foodiez,Vasundhara Enclave,28.6002914,77.3206228,16,31,132,Dense (20+)
18419424,Khan Tandoori Hub,Vasundhara Enclave,28.5915558,77.30728882,39,61,155,Dense (20+)
18377900,Khan Tandoori Nights,Vasundhara Enclave,28.59133326,77.30676837,39,61,155,Dense (20+)
18424582,Meatwale.com,Vasundhara Enclave,28.60012224,77.32050229,16,30,129,Dense (20+)
18424654,New Aggarwal Sweets & Fast Food,Vasundhara Enclave,28.5900965,77.3067747,40,66,151,Dense (20+)
18424650,Night Munchers,Vasundhara Enclave,28.5908905,77.3071878,39,61,151,Dense (20+)
18423118,Old Moradabadi Chicken Corner,Vasundhara Enclave,28.5890838,77.30620712,41,68,145,Dense (20+)
18251459,Richa's Bakery,Vasundhara Enclave,28.59744877,77.31154975,5,55,166,Dense (20+)
18424208,Riyaz Biryani Corner,Vasundhara Enclave,28.58980772,77.30837971,39,71,147,Dense (20+)
18424656,Rudra The Dhaba,Vasundhara Enclave,28.5914473,77.3065745,39,64,157,Dense (20+)
18375387,Seven Star Pizza,Vasundhara Enclave,28.5923018,77.305843,39,64,168,Dense (20+)
18424200,Shahi Muradabadi Chicken Biryani,Vasundhara Enclave,28.5897432,77.3080751,39,72,147,Dense (20+)
18377895,Shree Krishna Restaurant,Vasundhara Enclave,28.5891562,77.3033247,36,59,140,Dense (20+)
300961,Shree Sai Bhog,Vasundhara Enclave,28.6000138,77.3174634,17,29,118,Dense (20+)
18424640,Soni Food Court,Vasundhara Enclave,28.59086665,77.30764378,39,65,151,Dense (20+)
18424584,South Street Cafe,Vasundhara Enclave,28.6014833,77.3224363,9,28,132,Dense (20+)
18424188,Special Chicken Biryani,Vasundhara Enclave,28.5890367,77.30622523,40,68,145,Dense (20+)
18372694,Sweets n Treats,Vasundhara Enclave,28.59118048,77.3068428,39,61,155,Dense (20+)
18371398,The Royal Prestige,Vasundhara Enclave,28.5899346,77.3078541,39,70,147,Dense (20+)
18409206,Twenty Four Seven,Vasundhara Enclave,28.583353,77.304436,1,69,125,Dense (20+)
18424192,Zaika Chicken Corner,Vasundhara Enclave,28.58927604,77.3080954,39,72,147,Dense (20+)
18322647,366 Junction,Vijay Nagar,28.6928867,77.2010382,73,110,269,Dense (20+)
6654,Black & Brew,Vijay Nagar,28.6895227,77.2023857,20,117,231,Dense (20+)
300941,Hari Om Bhojanalaya,Vijay Nagar,28.6921294,77.197804,16,104,280,Dense (20+)
18263693,Nalwa's Hotspot,Vijay Nagar,28.6928555,77.1965012,9,101,280,Dense (20+)
18245248,Pasta Hub,Vijay Nagar,28.6916414,77.201128,58,111,263,Dense (20+)
305275,Rock n Wood Cafe,Vijay Nagar,28.6899018,77.201667,21,105,231,Dense (20+)
18337490,Roll Corner,Vijay Nagar,28.6918964,77.2011936,63,111,263,Dense (20+)
312364,Shree Nandhini Cafe,Vijay Nagar,28.6898007,77.2016171,18,106,231,Dense (20+)
312422,Sindhi Dhaba,Vijay Nagar,28.6909462,77.2012294,33,111,249,Dense (20+)
18359295,Take N Taste,Vijay Nagar,28.6901314,77.2011834,18,105,235,Dense (20+)
307369,Taxi Bar & Cafe,Vijay Nagar,28.6944411,77.2041084,86,121,269,Dense (20+)
308811,The Little Diner,Vijay Nagar,28.6928661,77.2050359,80,120,250,Dense (20+)
18273624,Cafeteria & Co.,Vijay Nagar,28.6944707,77.2043384,86,121,268,Dense (20+)
18175303,Burger Point,Vijay Nagar,28.6910317,77.2013077,39,112,250,Dense (20+)
310532,Cafe All-Inn,Vijay Nagar,28.6935077,77.2047215,81,121,265,Dense (20+)
312420,Chowringhee,Vijay Nagar,28.6914056,77.2012817,50,111,259,Dense (20+)
308155,Flamess Restaurant & Cafe Village,Vijay Nagar,28.6945366,77.2040661,87,121,270,Dense (20+)
305856,Jack 'n' Chill,Vijay Nagar,28.6936233,77.2048067,79,120,264,Dense (20+)
308950,Kake Di Hatti,Vijay Nagar,28.6949624,77.2036388,89,122,267,Dense (20+)
17977767,Mad Monkey,Vijay Nagar,28.6926492,77.2050605,80,118,245,Dense (20+)
18359288,Manohar Cakes & Bikaneri,Vijay Nagar,28.6914552,77.2013137,56,112,260,Dense (20+)
1199,Shagun,Vijay Nagar,28.6934181,77.2047215,79,121,263,Dense (20+)
312365,Shyam Chaat Bhandar,Vijay Nagar,28.6924796,77.2042723,78,115,250,Dense (20+)
17989097,Telegram,Vijay Nagar,28.6939297,77.2044519,80,121,269,Dense (20+)
18233584,The University Bistro,Vijay Nagar,28.6934267,77.2048113,79,120,264,Dense (20+)
18241524,736 A.D.,Vijay Nagar,28.6947175,77.2039955,89,121,270,Dense (20+)
301700,Big Yellow Door,Vijay Nagar,28.6934439,77.204991,78,120,261,Dense (20+)
303849,Mr. Crust Bakers,Vijay Nagar,28.6906011,77.2014873,29,110,241,Dense (20+)
18258484,Phonebooth Cafí©,Vijay Nagar,28.6943812,77.2040075,81,121,267,Dense (20+)
18157386,Tony's,Vijay Nagar,28.6919997,77.201128,63,111,263,Dense (20+)
18455949,Wake 'n' Bake Cafe,Vijay Nagar,28.69302023,77.20197815,78,113,267,Dense (20+)
18337907,Gabbar Di Hatti,Vikas Marg,28.6580412,77.3103529,30,66,114,Dense (20+)
18441677,Chennai Express,Vikas Marg,28.6307187,77.2776898,39,70,155,Dense (20+)
18355037,1990's,Vikaspuri,28.6384984,77.0796054,22,63,173,Dense (20+)
18124369,Amul Cafe,Vikaspuri,28.6386194,77.0766826,27,52,128,Dense (20+)
18221405,Burger Point,Vikaspuri,28.6282838,77.0700473,8,30,128,Dense (20+)
302166,Buta Singh Da Dhabba,Vikaspuri,28.628157,77.0698926,8,29,124,Dense (20+)
8696,Cafe Amigo,Vikaspuri,28.6390282,77.07604811,27,45,118,Dense (20+)
6925,Cafe Coffee Day,Vikaspuri,28.6294177,77.0764578,15,37,149,Dense (20+)
300459,Cake Palace,Vikaspuri,28.63507537,77.06883967,5,41,118,Dense (20+)
2403,Carara,Vikaspuri,28.6389086,77.0743745,26,44,109,Dense (20+)
8695,Channi Pishori Chicken,Vikaspuri,28.6420433,77.0798778,17,47,151,Dense (20+)
311396,Chatkora Food N Snacks Corner,Vikaspuri,28.6459296,77.0791934,7,36,109,Dense (20+)
18333392,Chetana Bakes,Vikaspuri,28.6445722,77.0701624,5,34,86,Dense (20+)
18287378,Chily Hut,Vikaspuri,28.63884135,77.07597736,26,45,118,Dense (20+)
307195,De' Bistro,Vikaspuri,28.6390149,77.0747491,28,44,112,Dense (20+)
300440,Deep Bakers,Vikaspuri,28.6384063,77.0656655,1,24,94,Dense (20+)
4793,Delhi 6,Vikaspuri,28.6365514,77.0710682,15,44,109,Dense (20+)
18478982,Finest Pizzeria,Vikaspuri,28.6322224,77.06846483,7,33,123,Dense (20+)
18322639,Food Lab,Vikaspuri,28.642645,77.0709881,10,42,91,Dense (20+)
18285737,Goli Vada Pav No. 1,Vikaspuri,28.6385677,77.0789309,28,59,161,Dense (20+)
301380,Hema Chinese Foods,Vikaspuri,28.6440984,77.0698926,5,33,88,Dense (20+)
300461,Ishwar Sweets,Vikaspuri,28.638455,77.0792678,25,64,167,Dense (20+)
3654,Kathi Express,Vikaspuri,28.62748827,77.06992965,7,30,123,Dense (20+)
18264996,Kream's,Vikaspuri,28.6342343,77.0687123,4,43,120,Dense (20+)
301377,Madras Cafe,Vikaspuri,28.6429519,77.0758587,25,38,105,Dense (20+)
8680,Mandeep Punjabi Rasoi,Vikaspuri,28.6431503,77.0756895,23,38,103,Dense (20+)
18246995,Masti Curry,Vikaspuri,28.6429129,77.071162,8,42,91,Dense (20+)
4785,New Madras Cafe,Vikaspuri,28.6383481,77.0789759,27,64,165,Dense (20+)
2402,Pakwan,Vikaspuri,28.6392656,77.074213,26,44,107,Dense (20+)
300406,Patiala Shahi Soups,Vikaspuri,28.6419595,77.0797403,20,46,151,Dense (20+)
311390,Pizza Yum,Vikaspuri,28.62786555,77.06778422,8,31,118,Dense (20+)
4164,Polka Pastry & Snack Bar,Vikaspuri,28.6425242,77.0792789,17,43,147,Dense (20+)
18365391,Red Hot,Vikaspuri,28.6384983,77.0782115,28,55,157,Dense (20+)
8508,Republic of Chicken,Vikaspuri,28.6385334,77.0795111,23,63,172,Dense (20+)
1305,Sai Ann Kutir,Vikaspuri,28.64041091,77.0707437,17,43,94,Dense (20+)
18245289,Saravana South Indian Hut,Vikaspuri,28.6422953,77.0792261,21,43,146,Dense (20+)
18057797,Sardar Pure Meat Shop,Vikaspuri,28.638646,77.0765052,26,52,126,Dense (20+)
300472,Shama Chicken Corner,Vikaspuri,28.62759745,77.06975497,7,31,123,Dense (20+)
18247014,Shan E Punjab,Vikaspuri,28.6392198,77.0751536,28,43,114,Dense (20+)
4790,Shanghai Nights,Vikaspuri,28.63949696,77.0739295,26,44,105,Dense (20+)
8707,Shree Ram Sweets & Bakers,Vikaspuri,28.6358966,77.0600536,1,6,83,Moderate (6-20)
302183,Sindhi Kulfi Wala,Vikaspuri,28.6385328,77.0771773,28,56,149,Dense (20+)
4792,South Indian Cafe,Vikaspuri,28.6275705,77.0698477,7,30,123,Dense (20+)
2362,South Indian Hut,Vikaspuri,28.6387222,77.0765725,29,52,126,Dense (20+)
4338,Spinns Resto-Bar,Vikaspuri,28.639194,77.0747491,28,44,112,Dense (20+)
309198,Subway,Vikaspuri,28.63885695,77.0751965,28,45,115,Dense (20+)
300457,Taneja Bakery,Vikaspuri,28.6354403,77.0588879,1,4,81,Light (1-5)
312201,Tequila Express,Vikaspuri,28.6397834,77.0752887,31,44,114,Dense (20+)
3657,The China Town,Vikaspuri,28.63504182,77.07022168,4,49,120,Dense (20+)
309323,True Blue,Vikaspuri,28.6391275,77.0745243,27,44,110,Dense (20+)
311333,Twenty Four Seven,Vikaspuri,28.6274498,77.069947,7,30,123,Dense (20+)
5925,Your's Chole Bhature,Vikaspuri,28.6386139,77.0784813,28,54,157,Dense (20+)
312448,Baskin Robbins,Vikaspuri,28.6425617,77.079298,16,43,147,Dense (20+)
311600,Pure Punjabi,Vikaspuri,28.6284455,77.069463,8,28,121,Dense (20+)
18365871,Brick Station,Vikaspuri,28.6331243,77.0761542,7,62,140,Dense (20+)
18466393,Food Factory,Vikaspuri,28.63927361,77.0742061,26,44,107,Dense (20+)
18258762,Pastry Point,Vikaspuri,28.6403518,77.0709719,17,43,94,Dense (20+)
3665,Welcome Food Point,Vikaspuri,28.6390833,77.0743071,26,44,107,Dense (20+)
309473,Arora Snacks,Vivek Vihar,28.67132778,77.318175,14,48,134,Dense (20+)
8502,Bansal Mithai Wale,Vivek Vihar,28.67130833,77.318925,11,48,133,Dense (20+)
18303857,Fabulous Cake Bites,Vivek Vihar,28.66721,77.317225,17,42,135,Dense (20+)
6264,Garam Masala Food Corner,Vivek Vihar,28.66965416,77.31211167,13,39,139,Dense (20+)
18419896,Health Buzzz,Vivek Vihar,28.668496,77.314705,25,41,137,Dense (20+)
18291215,Kumar Pav Bhaji Corner,Vivek Vihar,28.66981271,77.31173314,13,41,138,Dense (20+)
18264964,Le Chef,Vivek Vihar,28.66857042,77.31214788,13,35,139,Dense (20+)
18420420,Nainy Fast Food,Vivek Vihar,28.66722898,77.31825527,16,43,131,Dense (20+)
310604,Platform Nine and Three Quarters,Vivek Vihar,28.66736018,77.30372541,2,50,143,Dense (20+)
18225627,Pudding & Pie,Vivek Vihar,28.63,77.21,3,73,260,Dense (20+)
6251,Rapture,Vivek Vihar,28.67116736,77.31825426,13,47,133,Dense (20+)
6253,Sachdeva Chinese Fast Food,Vivek Vihar,28.67121678,77.31819056,13,47,134,Dense (20+)
18249080,Simply Cakes,Vivek Vihar,28.66011757,77.30861206,33,66,119,Dense (20+)
18364535,The Dosa King,Vivek Vihar,28.66952381,77.31204974,13,37,139,Dense (20+)
18128871,Bhappe Di Hatti,Vivek Vihar,28.66934292,77.31217302,13,35,141,Dense (20+)
18124355,Cafetorium,Vivek Vihar,28.66686832,77.31794111,14,42,134,Dense (20+)
304598,Food Express,Vivek Vihar,28.6601382,77.3174241,12,23,113,Dense (20+)
18380891,Sai Bajaj Restaurant,Vivek Vihar,28.66910046,77.31206504,13,34,140,Dense (20+)
6240,Urban Punjab,Vivek Vihar,28.66815358,77.31226757,14,41,140,Dense (20+)
18420428,Cheese Bitez Pizza,Vivek Vihar,28.667041,77.31822677,16,42,132,Dense (20+)
18418262,Goyal Sweets,Vivek Vihar,28.67127679,77.31827907,13,48,134,Dense (20+)
18421469,Jyoti Sweets,Vivek Vihar,28.66982713,77.3121633,13,41,139,Dense (20+)
18421467,Momos Hi Momos,Vivek Vihar,28.67132945,77.31812015,14,48,134,Dense (20+)
18446390,New Bhappe Di Hatti,Vivek Vihar,28.669247,77.312115,13,34,141,Dense (20+)
18421471,Oven Fresh,Vivek Vihar,28.66958297,77.31192157,13,39,139,Dense (20+)
18377897,Rupa Ice Cream Parlour,Vivek Vihar,28.66984331,77.31203791,13,41,138,Dense (20+)
18419871,Scoopers 'n' Bakers,Vivek Vihar,28.66842304,77.31213246,13,36,140,Dense (20+)
18420424,South Indian Food Plaza,Vivek Vihar,28.66696569,77.31824689,15,42,133,Dense (20+)
18377901,Super Snacks,Vivek Vihar,28.67126826,77.31827103,13,48,134,Dense (20+)
18291232,Unique Pastry,Vivek Vihar,28.67148683,77.31820431,12,51,134,Dense (20+)
1613,Chintamani's Namkeen,Vivek Vihar,28.67556419,77.31653329,12,64,101,Dense (20+)
18216911,Deltasious,Vivek Vihar,28.67993906,77.31898986,24,55,89,Dense (20+)
310440,Tandoori Junction,Vivek Vihar,28.66945735,77.31220789,13,36,140,Dense (20+)
4740,Apni Rasoi,Wazirpur,28.6815855,77.1648729,5,14,107,Moderate (6-20)
2044,Haldiram Bhujiawala,Wazirpur,28.7003198,77.1586101,18,46,176,Dense (20+)
306064,Meghraj Food Court,Wazirpur,28.6990634,77.1685563,2,42,191,Dense (20+)
6553,Meghraj Sweets,Wazirpur,28.6994159,77.1684265,2,52,189,Dense (20+)
18363089,Chill Out,Wazirpur,28.6797201,77.1633809,2,9,82,Moderate (6-20)
18294257,Chilli Chinese,Wazirpur,28.6792749,77.1636597,2,9,77,Moderate (6-20)
349,"34, Chowringhee Lane","West End Mall, Janak Puri",28.6299004,77.080281,19,39,196,Dense (20+)
3455,Subway,"West End Mall, Janak Puri",28.6301884,77.0795544,20,46,194,Dense (20+)
1115,The Golden Dragon,"West Gate Mall, Rajouri Garden",28.65297802,77.12311551,12,88,274,Dense (20+)
311506,KFC,West Patel Nagar,28.6455224,77.1689845,36,68,168,Dense (20+)
3974,Mitra Da Dhaba,West Patel Nagar,28.6495338,77.1639289,1,17,110,Moderate (6-20)
18163893,Mr. Sub,West Patel Nagar,28.6454168,77.1689671,36,68,168,Dense (20+)
313093,Kennedy's,West Patel Nagar,28.6522346,77.1647873,1,8,100,Moderate (6-20)
18384135,Keventers,"Worldmark 1, Aerocity",28.5503472,77.12179529,34,89,102,Dense (20+)
18337772,Street Foods by Punjab Grill,"Worldmark 1, Aerocity",28.5503472,77.12179529,34,89,102,Dense (20+)
18316173,Subway,"Worldmark 1, Aerocity",28.54989546,77.12142371,35,92,102,Dense (20+)
18336491,Wow! Momo,"Worldmark 1, Aerocity",28.5503472,77.12179529,34,89,102,Dense (20+)
18306524,Biryani Blues,"Worldmark 1, Aerocity",28.5503472,77.12179529,34,89,102,Dense (20+)
18390311,Asia Seven Express,"Worldmark 1, Aerocity",28.55041317,77.12178456,32,89,102,Dense (20+)
18446491,Bikanervala,"Worldmark 1, Aerocity",28.54989546,77.12142371,35,92,102,Dense (20+)
18334400,Cafe Huddle,"Worldmark 1, Aerocity",28.5503472,77.12179529,34,89,102,Dense (20+)
18416747,Dolce Gelato,"Worldmark 1, Aerocity",28.55052862,77.12165984,29,87,102,Dense (20+)
18415376,GoGourmet,"Worldmark 1, Aerocity",28.548297,77.120547,36,92,101,Dense (20+)
18446483,Karim's,"Worldmark 1, Aerocity",28.54989546,77.12142371,35,92,102,Dense (20+)
18409199,Khan Chacha,"Worldmark 1, Aerocity",28.5503472,77.12179529,34,89,102,Dense (20+)
18446485,Pizza Hut Delivery,"Worldmark 1, Aerocity",28.54989546,77.12142371,35,92,102,Dense (20+)
18439530,Foodhall,"Worldmark 3, Aerocity",28.551681,77.121714,25,80,102,Dense (20+)
18279456,Eat Me,Yusuf Sarai,28.5597171,77.2068326,64,140,361,Dense (20+)
304475,EDC Mania,Yusuf Sarai,28.5612917,77.2125368,38,103,340,Dense (20+)
311971,Elegant China X-Press,Yusuf Sarai,28.5599455,77.2068775,65,139,362,Dense (20+)
1918,Gopala,Yusuf Sarai,28.5579587,77.2071919,69,137,362,Dense (20+)
3467,Green Chick Chop,Yusuf Sarai,28.5579587,77.2071919,69,137,362,Dense (20+)
18265698,Hangchuaa's Chinese Food Corner,Yusuf Sarai,28.5609683,77.2098081,58,110,348,Dense (20+)
7457,Madhuvan Chinese Fast Food,Yusuf Sarai,28.5577007,77.2077758,59,138,365,Dense (20+)
18175274,Momos House,Yusuf Sarai,28.5619163,77.2101563,48,109,350,Dense (20+)
3469,Punjab Restaurant,Yusuf Sarai,28.5617724,77.2072368,52,119,375,Dense (20+)
2605,Rhythm Restro-Bar,Yusuf Sarai,28.5603554,77.2074165,63,125,364,Dense (20+)
4640,Say Cheese,Yusuf Sarai,28.5579096,77.207147,69,137,363,Dense (20+)
928,Sona Restaurant,Yusuf Sarai,28.5617998,77.2072686,52,119,374,Dense (20+)
312756,Uraki,Yusuf Sarai,28.5622651,77.2133453,37,112,323,Dense (20+)
309505,Wah Ji Wah,Yusuf Sarai,28.55994238,77.20747568,64,126,361,Dense (20+)
9890,Annapurna Sweets,Yusuf Sarai,28.5579096,77.207147,69,137,363,Dense (20+)
954,Karnataka,Yusuf Sarai,28.559442,77.2072368,66,134,364,Dense (20+)
18357525,EDC Mania,Yusuf Sarai,28.5616657,77.2132657,39,111,327,Dense (20+)
18265700,Faeem Chicken Corner,Yusuf Sarai,28.56191,77.2105606,47,111,350,Dense (20+)
18252382,Grills N Chills,Yusuf Sarai,28.5577692,77.2084945,58,139,366,Dense (20+)
18478967,Gupta Sweets,Yusuf Sarai,28.5612517,77.2074165,56,120,366,Dense (20+)
18311920,Khub Chand,Yusuf Sarai,28.5580078,77.2072368,66,137,362,Dense (20+)
18455876,OCD - Online Cake Delivery,Yusuf Sarai,28.556623,77.2063516,55,143,365,Dense (20+)
18478987,Sher E Punjab,Yusuf Sarai,28.5609296,77.2081467,57,111,361,Dense (20+)
18479000,Shri Balaji,Yusuf Sarai,28.5598243,77.2073832,66,131,362,Dense (20+)
18478997,Sidhi Cafe,Yusuf Sarai,28.5616007,77.2132249,39,109,325,Dense (20+)
18492061,Al Hayat Bakers,Zakir Nagar,28.56720015,77.27884457,8,21,81,Dense (20+)
18492065,Alam Biryani Center,Zakir Nagar,28.56771457,77.27966331,8,15,81,Moderate (6-20)
310480,Bismillah Hotel,Zakir Nagar,28.56542779,77.28432264,9,19,78,Moderate (6-20)
18144471,Halal Pizza Star,Zakir Nagar,28.56717571,77.28120089,12,17,79,Moderate (6-20)
18466972,HTW Bakers,Zakir Nagar,28.56744249,77.27981217,9,15,80,Moderate (6-20)
18429376,Javed Bawarchi Restaurant,Zakir Nagar,28.5665297,77.2778975,7,33,81,Dense (20+)
18354968,Let's Eat,Zakir Nagar,28.56679379,77.28167631,12,17,79,Moderate (6-20)
18441542,Moonis Kada,Zakir Nagar,28.56527732,77.28572074,10,19,78,Moderate (6-20)
18445274,Motu N Patlu,Zakir Nagar,28.56624639,77.28506528,7,19,78,Moderate (6-20)
18168147,S.K. Fast Food,Zakir Nagar,28.56618897,77.28382677,11,19,78,Moderate (6-20)
18429375,Sufiyan Restaurant,Zakir Nagar,28.56732117,77.27977898,9,16,80,Moderate (6-20)
310479,The Relax Point,Zakir Nagar,28.5668489,77.2785427,7,22,81,Dense (20+)
18212160,Zareen's Dastarkhwan,Zakir Nagar,28.56519398,77.28569627,10,19,78,Moderate (6-20)
310063,Ali Baba Caves,"Ansal Plaza Mall, Greater Noida",28.4581066,77.5281286,8,11,24,Moderate (6-20)
312214,Cafí© Doo Ghoont,"Ansal Plaza Mall, Greater Noida",28.4639566,77.5074561,16,21,47,Dense (20+)
309641,Knights Chaska,"Ansal Plaza Mall, Greater Noida",28.4644343,77.5078343,16,26,47,Dense (20+)
306688,Thirsty Scholar Cafe,"Ansal Plaza Mall, Greater Noida",28.4642008,77.5077014,16,23,47,Dense (20+)
18440427,Savoury Street,"Ansal Plaza Mall, Greater Noida",28.4642008,77.5077014,16,23,47,Dense (20+)
312573,JSB Evergreen Snack & Sweets,Brahmaputra Shopping Complex,28.5698988,77.3325771,26,207,324,Dense (20+)
7983,221 B Baker Street,Brahmaputra Shopping Complex,28.5703556,77.3326668,26,206,332,Dense (20+)
302541,Kapoors Balle Balle,Brahmaputra Shopping Complex,28.5697361,77.3328944,25,202,324,Dense (20+)
7992,Lakshmi Coffee House,Brahmaputra Shopping Complex,28.5700866,77.3326668,26,206,329,Dense (20+)
3695,Geoffrey's,"Centre Stage Mall, Sector 18",28.56812092,77.32315633,164,195,315,Dense (20+)
4473,Haldiram's,"Centre Stage Mall, Sector 18",28.5680476,77.32303832,163,195,315,Dense (20+)
3250,Maamouchee @ My Way,"Centre Stage Mall, Sector 18",28.56822692,77.32309598,164,195,318,Dense (20+)
718,Americana Kitchen and Bar,"Centre Stage Mall, Sector 18",28.56834294,77.3228281,163,195,321,Dense (20+)
18272361,Punjabi By Nature Quickie,"DLF Mall of India, Sector 18,  Noida",28.5676545,77.32142698,130,182,319,Dense (20+)
18372695,United Coffee House Rewind,"DLF Mall of India, Sector 18,  Noida",28.5675927,77.3214491,127,182,318,Dense (20+)
18265411,Wow! Momo,"DLF Mall of India, Sector 18,  Noida",28.5673795,77.3210901,117,181,316,Dense (20+)
18303706,Oh So Stoned!,"DLF Mall of India, Sector 18,  Noida",28.56800461,77.3210394,128,182,318,Dense (20+)
18268698,The Big Chill Cakery,"DLF Mall of India, Sector 18,  Noida",28.56772693,77.32187994,146,190,319,Dense (20+)
18264244,Barista,"DLF Mall of India, Sector 18,  Noida",28.57,77.32,86,192,302,Dense (20+)
18277171,Big Wong XL,"DLF Mall of India, Sector 18,  Noida",28.56747782,77.32058812,107,181,314,Dense (20+)
18265419,Carl's Jr.,"DLF Mall of India, Sector 18,  Noida",28.56668455,77.32092675,101,180,310,Dense (20+)
18233616,Chaayos,"DLF Mall of India, Sector 18,  Noida",28.56744043,77.32105985,116,181,315,Dense (20+)
18366022,Chi Asian Cookhouse,"DLF Mall of India, Sector 18,  Noida",28.567075,77.32080102,104,180,314,Dense (20+)
18273551,Costa Coffee,"DLF Mall of India, Sector 18,  Noida",28.56746369,77.32102197,117,181,315,Dense (20+)
18272346,Dunkin' Donuts,"DLF Mall of India, Sector 18,  Noida",28.5674896,77.32144509,127,181,318,Dense (20+)
18268925,Instapizza,"DLF Mall of India, Sector 18,  Noida",28.56702642,77.32094418,107,180,315,Dense (20+)
18272379,Keventers,"DLF Mall of India, Sector 18,  Noida",28.56729997,77.32072927,107,181,314,Dense (20+)
18272355,Pirates of Grill,"DLF Mall of India, Sector 18,  Noida",28.56646341,77.32097905,101,180,308,Dense (20+)
18268722,Pizza Hut,"DLF Mall of India, Sector 18,  Noida",28.56737005,77.32057907,104,181,314,Dense (20+)
18273556,PizzaExpress,"DLF Mall of India, Sector 18,  Noida",28.56648549,77.3204748,92,180,308,Dense (20+)
18272367,RollsKing,"DLF Mall of India, Sector 18,  Noida",28.56693955,77.3205499,97,180,313,Dense (20+)
18258775,Taco Bell,"DLF Mall of India, Sector 18,  Noida",28.56733177,77.32083656,111,181,314,Dense (20+)
18254530,Wendy's,"DLF Mall of India, Sector 18,  Noida",28.567075,77.32080102,104,180,314,Dense (20+)
18336212,Zizo,"DLF Mall of India, Sector 18,  Noida",28.56646341,77.32097905,101,180,308,Dense (20+)
18268727,Cafe Delhi Heights,"DLF Mall of India, Sector 18,  Noida",28.56732441,77.320913,113,181,314,Dense (20+)
18268712,Chili's Grill & Bar,"DLF Mall of India, Sector 18,  Noida",28.56730645,77.32041411,98,181,314,Dense (20+)
18272353,Made In Punjab,"DLF Mall of India, Sector 18,  Noida",28.56673549,77.32079029,100,180,311,Dense (20+)
18261140,Mamagoto,"DLF Mall of India, Sector 18,  Noida",28.56648549,77.3204748,92,180,308,Dense (20+)
18272357,Movenpick,"DLF Mall of India, Sector 18,  Noida",28.56724019,77.32051905,101,181,314,Dense (20+)
18303688,Smaaash,"DLF Mall of India, Sector 18,  Noida",28.56732971,77.32082382,110,181,314,Dense (20+)
18268716,SodaBottleOpenerWala,"DLF Mall of India, Sector 18,  Noida",28.56658591,77.32077688,99,180,310,Dense (20+)
18264533,The Bento Cafe,"DLF Mall of India, Sector 18,  Noida",28.56730085,77.32085601,112,181,314,Dense (20+)
2799,Earthen Oven - Fortune Inn Grazia,"Fortune Inn Grazia, Sector 27, Noida",28.5774799,77.3283593,14,114,367,Dense (20+)
2655,Fortune Deli -  Fortune Inn Grazia,"Fortune Inn Grazia, Sector 27, Noida",28.5773903,77.3283593,14,116,367,Dense (20+)
301392,Cafe Pipa,"Ganga Shopping Complex, Sector 29",28.5678168,77.3361665,49,96,344,Dense (20+)
302727,Cook Du Kdu,"Ganga Shopping Complex, Sector 29",28.5681889,77.3353589,31,134,348,Dense (20+)
311698,Green Chick Chop,"Ganga Shopping Complex, Sector 29",28.567448,77.3355832,39,106,344,Dense (20+)
307297,New Vishal's Kitchen,"Ganga Shopping Complex, Sector 29",28.5682606,77.3357335,32,112,350,Dense (20+)
3154,Samarkand,"Ganga Shopping Complex, Sector 29",28.5677406,77.3353589,31,120,345,Dense (20+)
18357543,Mirchievous,"Ganga Shopping Complex, Sector 29",28.5678557,77.3351088,31,135,344,Dense (20+)
3155,Pearls Regency,"Ganga Shopping Complex, Sector 29",28.5674286,77.3352723,31,112,344,Dense (20+)
18424581,The Feast Box,"Ganga Shopping Complex, Sector 29",28.5683367,77.3356291,32,118,351,Dense (20+)
18421057,Imperfecto,"Gardens Galleria, Sector 38 Noida",28.5649369,77.3218081,86,174,302,Dense (20+)
18233620,Chaayos,"Gardens Galleria, Sector 38 Noida",28.5648201,77.3217244,84,171,302,Dense (20+)
300605,Dunkin' Donuts,"Gardens Galleria, Sector 38 Noida",28.5647926,77.3215077,80,167,302,Dense (20+)
18279442,The Smoke Factory,"Gardens Galleria, Sector 38 Noida",28.5649859,77.321853,88,175,302,Dense (20+)
18279455,Turquoise Cottage - TC Original 1997,"Gardens Galleria, Sector 38 Noida",28.5648242,77.3214674,79,167,302,Dense (20+)
18424873,Baskin Robbins,"Gardens Galleria, Sector 38 Noida",28.5649219,77.32147492,82,170,302,Dense (20+)
18381672,Cafe Coffee Day,"Gardens Galleria, Sector 38 Noida",28.5647491,77.3217184,82,167,305,Dense (20+)
18382336,Dolce Gelato,"Gardens Galleria, Sector 38 Noida",28.56493986,77.32148331,82,171,303,Dense (20+)
18424874,Dunkin' Donuts,"Gardens Galleria, Sector 38 Noida",28.5648218,77.3215389,82,167,302,Dense (20+)
18424872,Joost Juice Bar,"Gardens Galleria, Sector 38 Noida",28.5646431,77.3213883,75,167,301,Dense (20+)
18424880,KFC,"Gardens Galleria, Sector 38 Noida",28.5646509,77.3216286,80,167,305,Dense (20+)
18381675,Pizza Hut,"Gardens Galleria, Sector 38 Noida",28.5648218,77.3215389,82,167,302,Dense (20+)
18419893,Laat Saab,"Gardens Galleria, Sector 38 Noida",28.56450145,77.32180945,80,167,305,Dense (20+)
18289074,Starbucks,"Gardens Galleria, Sector 38 Noida",28.565014,77.321597,86,175,303,Dense (20+)
18291236,Rocket Food,Golf Course,28.5663497,77.3451605,15,50,277,Dense (20+)
311614,Aim Cafe And Restaurant,Greater Noida,28.4632797,77.5111213,15,30,58,Dense (20+)
18429395,Al-Swad,Greater Noida,28.4725268,77.5142421,26,32,49,Dense (20+)
3735,Anands,Greater Noida,28.4704639,77.5103894,19,44,48,Dense (20+)
9731,Bansiwala Restaurant,Greater Noida,28.4719367,77.5127189,22,42,49,Dense (20+)
302132,Cafe Coffee Day,Greater Noida,28.4723639,77.5144213,26,32,49,Dense (20+)
18258162,Food Tamasha & Co.,Greater Noida,28.4668203,77.5078806,13,35,48,Dense (20+)
302144,Grand Heritage Resort,Greater Noida,28.4764154,77.5237792,0,10,44,Moderate (6-20)
4471,Green Chick Chop,Greater Noida,28.4711106,77.5115542,22,45,49,Dense (20+)
18253392,Kafe Republic,Greater Noida,28.4720847,77.5133461,23,35,49,Dense (20+)
310790,Kar C Lounge & Restaurant,Greater Noida,28.4629296,77.510587,15,22,58,Dense (20+)
8152,Kolkata Roll Point,Greater Noida,28.4732632,77.5154068,24,28,49,Dense (20+)
313035,Royal Awadh,Greater Noida,28.4725185,77.5141525,26,32,49,Dense (20+)
301509,Royal Rasoi,Greater Noida,28.4665835,77.5077462,16,35,48,Dense (20+)
312275,Royale Bakers,Greater Noida,28.4723057,77.5137941,23,33,49,Dense (20+)
302127,Sahi Darbar,Greater Noida,28.473395,77.5149968,21,28,49,Dense (20+)
18322604,Taco Street,Greater Noida,28.4657682,77.5081494,16,36,48,Dense (20+)
18433889,The Noodle Co,Greater Noida,28.4634563,77.5112854,15,31,58,Dense (20+)
18232121,Veg Always,Greater Noida,28.4709959,77.5112854,22,45,49,Dense (20+)
307628,Yu Turn,Greater Noida,28.4719958,77.51812208,19,31,58,Dense (20+)
18281980,Zaika,Greater Noida,28.463041,77.5106105,16,22,58,Dense (20+)
8151,Zaika,Greater Noida,28.472462,77.5145109,26,32,49,Dense (20+)
302139,Domino's Pizza,Greater Noida,28.4583447,77.527913,8,11,24,Moderate (6-20)
18377927,Night Food Service,Greater Noida,28.46449,77.518042,2,35,58,Dense (20+)
313120,Uncle's Patty,Greater Noida,28.4706608,77.5102866,19,44,48,Dense (20+)
18361734,Baskin Robbins,Greater Noida,28.4632685,77.5111958,15,30,58,Dense (20+)
304338,Evergreen Food Point,Greater Noida,28.4708978,77.5111958,22,45,49,Dense (20+)
18440390,Food Plaza,Greater Noida,28.4647244,77.5085078,16,29,48,Dense (20+)
18383456,Giani,Greater Noida,28.4725185,77.5141525,26,32,49,Dense (20+)
18427237,Grill Inn,Greater Noida,28.4725114,77.5146578,26,33,49,Dense (20+)
18382359,Hunger's Hut,Greater Noida,28.4634272,77.5296715,0,11,46,Moderate (6-20)
18445740,Kanha Cake O' Pastry,Greater Noida,28.46341884,77.51136148,15,33,58,Dense (20+)
18331809,Serendipity Cafe,Greater Noida,28.4642665,77.5079254,16,26,47,Dense (20+)
18377925,Spice Affair,Greater Noida,28.4733363,77.5152276,24,28,49,Dense (20+)
312287,Tandoori Junction,Greater Noida,28.4733721,77.5153379,24,28,49,Dense (20+)
18441766,Tod-Bistro Cafe,Greater Noida,28.4725411,77.5134341,23,32,49,Dense (20+)
18281977,Upper Deck,Greater Noida,28.4658168,77.508208,16,36,48,Dense (20+)
18336259,Vadilal Ice Cream Parlour,Greater Noida,28.4631372,77.5107478,16,24,58,Dense (20+)
18441537,Wich 'N' Shake,Greater Noida,28.4726306,77.5141192,23,32,49,Dense (20+)
18128857,Desi Galli,"Harsha Mall, Greater Noida",28.4720755,77.5127637,22,39,49,Dense (20+)
18279435,Mr. Flavour,"Harsha Mall, Greater Noida",28.4720107,77.5130325,23,39,49,Dense (20+)
18281983,Wah Ji Wah,"Harsha Mall, Greater Noida",28.4719201,77.5125397,22,42,49,Dense (20+)
301402,Indian Diners,"Hotel Golf View, Sector 37, Noida",28.5637906,77.3387496,31,67,347,Dense (20+)
301461,Airborne,"Hotel Golf View, Sector 37, Noida",28.5637524,77.3387521,31,67,347,Dense (20+)
301468,Vivino - Hotel Golf View,"Hotel Golf View, Sector 37, Noida",28.5638179,77.3386893,31,67,347,Dense (20+)
2342,Gravity,"Jaipuria Plaza, Sector 26, Noida",28.5767055,77.3351961,15,64,373,Dense (20+)
309088,Kolkata Biryani House,"Jaipuria Plaza, Sector 26, Noida",28.5768465,77.3352789,15,62,373,Dense (20+)
18334423,Rotees n More,"Jaipuria Plaza, Sector 26, Noida",28.5764701,77.3348554,14,64,373,Dense (20+)
439,Saleem's Takeaway,"Jaipuria Plaza, Sector 26, Noida",28.5759163,77.3347857,14,69,372,Dense (20+)
18431970,Sikandrabadi Biryani,"Jaipuria Plaza, Sector 26, Noida",28.5765143,77.3348596,14,64,373,Dense (20+)
307718,Wok N Spice,"Jaipuria Plaza, Sector 26, Noida",28.5763192,77.3348923,14,67,372,Dense (20+)
5685,Zaika Hindustani,"Jaipuria Plaza, Sector 26, Noida",28.5765055,77.335048,14,64,373,Dense (20+)
312243,Chanda Food,"Jaipuria Plaza, Sector 26, Noida",28.5766241,77.3348957,14,64,373,Dense (20+)
18428614,Chhote Nawab,"Jaipuria Plaza, Sector 26, Noida",28.5762864,77.3354311,14,68,370,Dense (20+)
18424869,Delish BBQ,"Jaipuria Plaza, Sector 26, Noida",28.5764412,77.3348778,14,64,373,Dense (20+)
307232,Goli Vada Pav No. 1,"Jaipuria Plaza, Sector 26, Noida",28.5764862,77.3348627,14,64,373,Dense (20+)
300907,Happy Hakka,"Jaipuria Plaza, Sector 26, Noida",28.5764845,77.3353591,14,64,371,Dense (20+)
18382371,Sadda Adda,"Jaipuria Plaza, Sector 26, Noida",28.576761,77.3352114,15,63,373,Dense (20+)
8422,Baker's Studio - Jaypee Greens,"Jaypee Greens Golf & Spa Resort, Surajpur",28.4696531,77.5180946,13,35,58,Dense (20+)
8344,Matrix - Jaypee Greens,"Jaypee Greens Golf & Spa Resort, Surajpur",28.4696531,77.5180946,13,35,58,Dense (20+)
8441,Tea Lounge - Jaypee Greens,"Jaypee Greens Golf & Spa Resort, Surajpur",28.4694087,77.5183634,4,35,58,Dense (20+)
8351,Paatra - Jaypee Greens,"Jaypee Greens Golf & Spa Resort, Surajpur",28.4697021,77.5181394,13,35,58,Dense (20+)
4505,Cooks Cafe - Jaypee Greens,"Jaypee Greens, Greater Noida, Noida",28.464167,77.521526,2,18,58,Moderate (6-20)
18317498,The Butler & The Chef - Jaypee Greens,"Jaypee Greens, Greater Noida, Noida",28.464167,77.521526,2,18,58,Moderate (6-20)
18371434,Burger King,"Logix City Centre, Sector 32, Noida",28.5743086,77.3536634,36,86,241,Dense (20+)
18425747,Cafe Pitacos,"Logix City Centre, Sector 32, Noida",28.5746419,77.3533943,36,70,242,Dense (20+)
18371402,Cinnabon & Auntie Anne's,"Logix City Centre, Sector 32, Noida",28.574221,77.3539094,36,89,239,Dense (20+)
18383509,Cocoberry,"Logix City Centre, Sector 32, Noida",28.5743001,77.3535737,36,85,241,Dense (20+)
18349905,Kebab Xpress,"Logix City Centre, Sector 32, Noida",28.5743001,77.3535737,36,85,241,Dense (20+)
18352249,KFC,"Logix City Centre, Sector 32, Noida",28.5742189,77.3536634,36,87,241,Dense (20+)
18383479,Mad Over Donuts,"Logix City Centre, Sector 32, Noida",28.5743001,77.3535737,36,85,241,Dense (20+)
18383470,Ni Hao,"Logix City Centre, Sector 32, Noida",28.5742189,77.3536634,36,87,241,Dense (20+)
18383460,Pizza Hut,"Logix City Centre, Sector 32, Noida",28.5743001,77.3535737,36,85,241,Dense (20+)
18440424,Subway,"Logix City Centre, Sector 32, Noida",28.5743576,77.3537083,36,86,241,Dense (20+)
18383477,Time To Tea,"Logix City Centre, Sector 32, Noida",28.5743086,77.3536634,36,86,241,Dense (20+)
18383466,Vaango!,"Logix City Centre, Sector 32, Noida",28.5742189,77.3536634,36,87,241,Dense (20+)
18396179,Biryani Blues,"Logix City Centre, Sector 32, Noida",28.5743086,77.3536634,36,86,241,Dense (20+)
18337905,Keventers,"Logix City Centre, Sector 32, Noida",28.5743001,77.3535737,36,85,241,Dense (20+)
18361221,Pita Pit,"Logix City Centre, Sector 32, Noida",28.5743086,77.3536634,36,86,241,Dense (20+)
18383484,Baskin Robbins,"Logix City Centre, Sector 32, Noida",28.5743086,77.3536634,36,86,241,Dense (20+)
18440164,Cha Cha Cha,"Logix City Centre, Sector 32, Noida",28.5741982,77.3536862,36,89,241,Dense (20+)
18382377,Chai Thela,"Logix City Centre, Sector 32, Noida",28.5744067,77.3537531,36,86,241,Dense (20+)
18383444,Costa Coffee,"Logix City Centre, Sector 32, Noida",28.574317,77.3537531,36,88,241,Dense (20+)
18416753,Dolce Gelato,"Logix City Centre, Sector 32, Noida",28.5743086,77.3536634,36,86,241,Dense (20+)
18441551,Joost Juice Bar,"Logix City Centre, Sector 32, Noida",28.5743576,77.3537083,36,86,241,Dense (20+)
18383481,Juice Lounge,"Logix City Centre, Sector 32, Noida",28.57419684,77.35367786,36,88,241,Dense (20+)
18440406,Kings Kulfi,"Logix City Centre, Sector 32, Noida",28.5743001,77.3535737,36,85,241,Dense (20+)
18381647,Kwality Wall's Swirl's,"Logix City Centre, Sector 32, Noida",28.5743001,77.3535737,36,85,241,Dense (20+)
18440416,Mx Corn,"Logix City Centre, Sector 32, Noida",28.5744067,77.3537531,36,86,241,Dense (20+)
18371430,The Gaming Vegas,"Logix City Centre, Sector 32, Noida",28.5743001,77.3535737,36,85,241,Dense (20+)
18383490,Chicago Pizza,"Logix City Centre, Sector 32, Noida",28.5743001,77.3535737,36,85,241,Dense (20+)
18273632,Mr. Sub,"Logix City Centre, Sector 32, Noida",28.5743086,77.3536634,36,86,241,Dense (20+)
18382345,Kwality Wall's Swirl's,"Logix Cyber Park, Sector 62, Noida",28.6123732,77.3665825,23,63,136,Dense (20+)
18382347,My Corn,"Logix Cyber Park, Sector 62, Noida",28.6127402,77.3666722,24,63,136,Dense (20+)
3226,Flluid - Mosaic Hotels,"Mosaic Hotels, Sector 18, Noida ",28.57102038,77.32554484,138,207,341,Dense (20+)
4627,Latitude - Mosaic Hotels,"Mosaic Hotels, Sector 18, Noida ",28.57102038,77.32554484,138,207,341,Dense (20+)
312278,Baker's Zone,"MSX Mall, Greater Noida",28.4580751,77.5278832,8,11,24,Moderate (6-20)
18364351,Chakna,"MSX Mall, Greater Noida",28.4580334,77.5283078,8,11,24,Moderate (6-20)
18373737,Get Set Go,"MSX Mall, Greater Noida",28.4580767,77.5282389,8,11,24,Moderate (6-20)
18124366,Sip & Snacks,"MSX Mall, Greater Noida",28.4579354,77.5282182,8,11,24,Moderate (6-20)
18254400,The Anna,"MSX Mall, Greater Noida",28.4580493,77.5279942,8,11,24,Moderate (6-20)
309545,Kathi Junction,"MSX Mall, Greater Noida",28.4578535,77.5281474,8,11,24,Moderate (6-20)
310067,Golden Chaat,"MSX Mall, Greater Noida",28.4581066,77.5281286,8,11,24,Moderate (6-20)
6033,Cakewalk - Park Plaza,"Park Plaza Hotel, Sector 55, Noida",28.6038697,77.3506896,3,28,160,Dense (20+)
6036,New Town Lounge - Park Plaza,"Park Plaza Hotel, Sector 55, Noida",28.6039396,77.3503437,4,31,160,Dense (20+)
1669,New Town Cafe - Park Plaza,"Park Plaza Hotel, Sector 55, Noida",28.6037907,77.3497156,4,31,162,Dense (20+)
3924,S-18 - Radisson Blu,"Radisson Blu, Sector 18, Noida",28.56859793,77.32218973,162,190,321,Dense (20+)
18383511,Foodicious,Sector 1,28.5872879,77.3129503,12,88,174,Dense (20+)
18245267,Rasoi Dil Se,Sector 1,28.5891934,77.31409,9,84,162,Dense (20+)
304496,Chip Chap Shahi Corner,Sector 10,28.5949741,77.3251735,2,30,207,Dense (20+)
308670,Mother's Kitchen,Sector 10,28.5922973,77.333568,7,45,146,Dense (20+)
18462632,Food Express,Sector 10,28.58894661,77.33208809,7,44,196,Dense (20+)
18322648,Lemonier,Sector 10,28.5881489,77.3307374,4,34,225,Dense (20+)
18356045,Punjabi Zaika,Sector 10,28.5878866,77.3303336,4,29,233,Dense (20+)
18126101,Robins Sweets & Restaurant,Sector 10,28.5914816,77.3323864,7,42,165,Dense (20+)
18273622,TBH äóñ To Be Healthy,Sector 10,28.589854,77.331231,6,37,197,Dense (20+)
5742,Mehfill,Sector 11,28.597946,77.3355334,15,54,141,Dense (20+)
311186,Punjabi Pakwaan,Sector 11,28.5977441,77.3357155,16,54,142,Dense (20+)
2331,Santushti,Sector 11,28.5976276,77.335798,16,54,142,Dense (20+)
2329,Uncle's,Sector 11,28.5976456,77.3358973,16,54,142,Dense (20+)
18382363,Cafe Limelight,Sector 11,28.6003782,77.338766,13,58,137,Dense (20+)
18435292,Wow Noodle,Sector 11,28.5978273,77.335507,15,54,142,Dense (20+)
18435286,Wraps Cafe,Sector 11,28.5976592,77.3356238,16,54,142,Dense (20+)
18243997,Alley's Urbane Cafe,Sector 110,28.5391348,77.36543566,17,18,30,Moderate (6-20)
18268352,Backstreet Kitchen,Sector 110,28.53920932,77.36520298,17,18,30,Moderate (6-20)
18463699,Berco's,Sector 110,28.538929,77.365561,17,18,29,Moderate (6-20)
18376508,Breaktym,Sector 110,28.545627,77.369517,1,22,55,Dense (20+)
18146402,Chawla's 2,Sector 110,28.53304444,77.38715278,22,27,40,Dense (20+)
18216904,Chicken Kraft,Sector 110,28.53268571,77.38628581,23,27,42,Dense (20+)
5634,Chinese By Nature,Sector 110,28.53393492,77.38746263,22,26,40,Dense (20+)
4541,DV's Chinese Kitchen,Sector 110,28.53383506,77.38743782,22,27,40,Dense (20+)
8226,Evergreen Sweets,Sector 110,28.5333408,77.38730572,22,27,40,Dense (20+)
18254527,Green Chick Chop,Sector 110,28.53350929,77.38739792,22,27,40,Dense (20+)
18409725,Hyderabad Delights,Sector 110,28.53280177,77.38514822,23,27,49,Dense (20+)
310208,Kabab And Tadka,Sector 110,28.5390865,77.36518085,17,18,30,Moderate (6-20)
8228,Kanha Bhog,Sector 110,28.53358145,77.38745894,22,27,40,Dense (20+)
8236,Mezbaan Jaika Restaurant,Sector 110,28.53330811,77.3871696,22,27,40,Dense (20+)
18415343,Pind Balluchi,Sector 110,28.53949767,77.36554932,17,18,33,Moderate (6-20)
18133476,Red Capsicum,Sector 110,28.533164,77.386751,22,27,41,Dense (20+)
18381224,Singh Foods,Sector 110,28.53922405,77.36533742,17,18,30,Moderate (6-20)
18440751,Sparrows At Home Bakery & Cafe,Sector 110,28.54079875,77.3682633,17,19,49,Moderate (6-20)
306560,The New Koyla Kitchen,Sector 110,28.53422092,77.38676123,22,26,41,Dense (20+)
18371428,Theyö_ö«ó,Sector 110,28.52840456,77.38501411,4,36,59,Dense (20+)
312369,Yumm Biryani,Sector 110,28.53932095,77.36609716,17,18,33,Moderate (6-20)
307014,Aureo Dine & Bake House,Sector 110,28.53404095,77.38755785,22,26,40,Dense (20+)
18332064,Being Truckers,Sector 110,28.53174637,77.37825595,2,26,73,Dense (20+)
18216939,China Leaf,Sector 110,28.53928884,77.36627284,17,18,33,Moderate (6-20)
18378014,Mera Vala Dabba,Sector 110,28.539277,77.366061,17,18,33,Moderate (6-20)
18157400,Moti Mahal Delux- Legendary Culinary,Sector 110,28.53941873,77.36619238,17,18,34,Moderate (6-20)
18057810,Noshh,Sector 110,28.53921168,77.36621249,17,18,32,Moderate (6-20)
18252385,Tadqa Tandoor Express,Sector 110,28.53905704,77.36540817,17,18,30,Moderate (6-20)
18421504,The Kebab Company,Sector 110,28.53925998,77.36600563,17,18,31,Moderate (6-20)
18424173,Ahmed's,Sector 110,28.5337414,77.38754611,22,27,40,Dense (20+)
18233621,Caffí© La Poya,Sector 110,28.539318,77.36602105,17,18,32,Moderate (6-20)
18409212,Chawla's 2,Sector 110,28.53954539,77.36599725,17,18,35,Moderate (6-20)
18219528,Chination,Sector 110,28.53309897,77.3869852,22,27,40,Dense (20+)
18380150,Essen Foods,Sector 110,28.53927854,77.36632314,17,18,33,Moderate (6-20)
18424175,Mittal Bikaneri Sweets,Sector 110,28.53319412,77.38711596,22,27,40,Dense (20+)
313415,Royale Bakers,Sector 110,28.533164,77.386751,22,27,41,Dense (20+)
310762,The Cake Shop,Sector 110,28.53395848,77.38716993,22,26,41,Dense (20+)
18410832,Urban Express,Sector 110,28.53300848,77.38702995,22,27,40,Dense (20+)
18303715,Viddya Chinese Fast Food,Sector 110,28.53197731,77.37790592,2,26,71,Dense (20+)
4480,Domino's Pizza,Sector 110,28.53420826,77.38758132,22,26,40,Dense (20+)
3764,Kamboj's,Sector 110,28.53210161,77.38638707,23,27,45,Dense (20+)
304636,Pizza Hut Delivery,Sector 110,28.53397527,77.38736574,22,26,40,Dense (20+)
307340,Subway,Sector 110,28.53409103,77.38739625,22,26,40,Dense (20+)
8237,The Cake Expert's,Sector 110,28.53309132,77.38691278,22,27,40,Dense (20+)
18268724,The Saffron Boutique,Sector 110,28.53934598,77.36664299,17,18,34,Moderate (6-20)
312463,Aggarwal Kachori Wale,Sector 12,28.597161,77.3379637,17,48,133,Dense (20+)
309318,Bakes & Cakes,Sector 12,28.5968936,77.3440643,14,44,147,Dense (20+)
302518,Burger's Kitchen,Sector 12,28.5971578,77.3382315,17,47,134,Dense (20+)
8072,Jhatpat Khana,Sector 12,28.596352,77.3435377,14,42,141,Dense (20+)
5755,Mahi Rasoi,Sector 12,28.5972511,77.3380039,16,48,133,Dense (20+)
18486840,Night Safari Cafe,Sector 12,28.5923274,77.3387224,9,66,141,Dense (20+)
8074,Saheb's Restaurant,Sector 12,28.5969146,77.3378109,18,47,137,Dense (20+)
307888,Scrummy Bites,Sector 12,28.5931433,77.3372391,15,65,145,Dense (20+)
834,Berco's,Sector 12,28.5939838,77.3388953,17,56,139,Dense (20+)
18382337,Cream Bell Scoopers,Sector 12,28.5969468,77.3377445,18,48,138,Dense (20+)
18433542,Mayur Kitchen,Sector 12,28.5972982,77.3439016,13,44,147,Dense (20+)
18382335,Raghav Ki Rasoi,Sector 12,28.5982082,77.3441147,13,44,146,Dense (20+)
18264985,Red Chilli,Sector 12,28.5940266,77.3343957,18,40,152,Dense (20+)
18265692,Riyaz Biryani Corner,Sector 12,28.5973644,77.3381282,16,48,134,Dense (20+)
304937,Standard Sweets & Confectioners,Sector 12,28.5948476,77.3395869,22,54,126,Dense (20+)
18489849,Standard Sweets,Sector 12,28.5969498,77.3441252,13,42,148,Dense (20+)
18489806,The Tasty Corner,Sector 12,28.5919342,77.3355321,11,57,148,Dense (20+)
18381674,The Zaika King,Sector 12,28.597161,77.338294,17,47,134,Dense (20+)
18441772,Tiffinhunt,Sector 12,28.5923266,77.3386901,9,66,141,Dense (20+)
18390891,Top Burger,Sector 12,28.5969249,77.3440914,14,43,148,Dense (20+)
8061,Aggarwal Sweet Shop,Sector 12,28.5970594,77.3441785,13,43,150,Dense (20+)
308623,Hungry - I,Sector 125,28.5493465,77.332072,6,18,64,Moderate (6-20)
311013,Oh Buoy,Sector 125,28.5486721,77.3323527,7,14,46,Moderate (6-20)
18368015,Caffeinated,Sector 125,28.5493943,77.3323449,6,18,62,Moderate (6-20)
18273942,Sam and Scrooge,Sector 125,28.516344,77.3714268,8,13,35,Moderate (6-20)
18034079,Tpot,Sector 125,28.5445167,77.3306028,4,8,28,Moderate (6-20)
18440413,Hunger's Hub,Sector 125,28.5488666,77.3317111,7,14,47,Moderate (6-20)
18427230,Modi's Baker's Zone,Sector 125,28.5472559,77.3297035,7,8,37,Moderate (6-20)
18440415,The Flip On Wheel,Sector 125,28.5494133,77.3323016,6,18,62,Moderate (6-20)
18446387,Big Biryani,Sector 127,28.5493919,77.3323947,6,18,61,Moderate (6-20)
18340903,Aroma,Sector 132,28.5074459,77.4133126,6,11,19,Moderate (6-20)
18357548,Book Food Kitchen,Sector 132,28.5131767,77.40612611,0,7,19,Moderate (6-20)
18381249,Breaktym,Sector 132,28.508599,77.407635,1,11,19,Moderate (6-20)
18307266,Chaska By Taste,Sector 132,28.5070787,77.4132229,6,11,19,Moderate (6-20)
18112492,Domino's Pizza,Sector 132,28.5141905,77.377632,9,28,35,Dense (20+)
18393840,Moti Mahal Deluxe Advant,Sector 132,28.5007418,77.4102187,1,18,19,Moderate (6-20)
18276998,Rolling Beans,Sector 132,28.5003041,77.4027519,7,10,19,Moderate (6-20)
300988,RollsKing,Sector 132,28.5011578,77.40179,7,10,19,Moderate (6-20)
18292443,SnacksWale.com,Sector 132,28.5075273,77.4132229,6,11,19,Moderate (6-20)
18204456,Subway,Sector 132,28.5011636,77.4097048,1,18,19,Moderate (6-20)
18138418,Super Cake Shop,Sector 132,28.5164185,77.3713463,8,13,35,Moderate (6-20)
18441561,Aureo Dine & Bake House,Sector 132,28.4995416,77.404642,7,10,19,Moderate (6-20)
18245275,B Bawarchi Restaurant,Sector 132,28.5177319,77.3799935,11,29,59,Dense (20+)
18358190,Cafe Coffee Day,Sector 132,28.4995663,77.4038963,7,10,19,Moderate (6-20)
18441663,Cafe Coffee Day,Sector 132,28.5137081,77.3778001,8,27,33,Dense (20+)
18441563,China Town,Sector 132,28.500375,77.4027231,7,10,19,Moderate (6-20)
18358662,Costa Coffee,Sector 132,28.5255885,77.3681524,0,1,51,Light (1-5)
18277008,Delhi Foods,Sector 132,28.5164422,77.3715165,8,13,35,Moderate (6-20)
18449300,Delicacies,Sector 132,28.50763882,77.40778303,1,17,19,Moderate (6-20)
18454471,Kanha Ji Sweets & Restaurant,Sector 132,28.505174,77.413852,6,10,19,Moderate (6-20)
18273973,Little China,Sector 132,28.4996449,77.4028201,7,9,19,Moderate (6-20)
18375406,Lola's Cafe,Sector 132,28.5074131,77.4132861,6,11,19,Moderate (6-20)
18384109,Madras Coffee House,Sector 132,28.4990685,77.4043548,7,9,19,Moderate (6-20)
18441569,Moju Juice Bar,Sector 132,28.500282,77.4026739,7,10,19,Moderate (6-20)
18254543,Peniel Restaurant,Sector 132,28.5164659,77.3712923,8,13,35,Moderate (6-20)
18393815,Pizza Key,Sector 132,28.5161937,77.3734774,10,19,35,Moderate (6-20)
18474432,Tandoori Mystery,Sector 132,28.51524439,77.37313192,12,16,35,Moderate (6-20)
18441559,Taste of Punjab,Sector 132,28.5046715,77.4141288,6,10,19,Moderate (6-20)
18441665,Tea Nation,Sector 132,28.513978,77.3777963,9,28,34,Dense (20+)
18441557,The Royal Kitchen,Sector 132,28.5078125,77.413356,6,11,19,Moderate (6-20)
18441671,Tpot,Sector 132,28.5152596,77.3732546,12,16,35,Moderate (6-20)
18416310,Wild Chef House,Sector 132,28.5151994,77.3730864,12,15,35,Moderate (6-20)
18372688,DIOS The Neighbourhood Bistro,Sector 132,28.5138115,77.3778856,8,27,34,Dense (20+)
18146472,Cake n Flower,Sector 15,28.5811942,77.3145385,42,50,312,Dense (20+)
3145,Dilli 6,Sector 15,28.5818951,77.3138576,41,55,292,Dense (20+)
312175,Food Bell,Sector 15,28.5814426,77.3141014,42,51,309,Dense (20+)
3143,Kalpana Hotel,Sector 15,28.5817708,77.314,42,52,295,Dense (20+)
4518,Sagar Dhaba,Sector 15,28.5815304,77.3141279,42,51,306,Dense (20+)
304510,Shree Balaji Shudh Vaishno Hotel,Sector 15,28.5802723,77.3142692,38,50,309,Dense (20+)
310875,Shree Rathnam,Sector 15,28.5832846,77.3119452,34,80,236,Dense (20+)
309317,Simran's Cake Studio,Sector 15,28.5820794,77.3104224,31,74,238,Dense (20+)
311085,Sweet Cake,Sector 15,28.5826872,77.3127883,38,72,270,Dense (20+)
300914,The Cake Xpress,Sector 15,28.5812215,77.3144579,42,50,312,Dense (20+)
8115,The Chef,Sector 15,28.5773817,77.310934,7,48,300,Dense (20+)
18455665,The Flying Pan,Sector 15,28.58180043,77.3137449,41,55,295,Dense (20+)
18146390,Wrapster,Sector 15,28.5821145,77.3100508,30,74,223,Dense (20+)
18435298,Getafix Petit,Sector 15,28.5784806,77.3075696,7,43,225,Dense (20+)
301415,Lawn Bistro,Sector 15,28.5789682,77.3084223,7,46,237,Dense (20+)
18432201,Cheese Pizza,Sector 15,28.5822126,77.3101406,30,77,223,Dense (20+)
304493,Divya Hotal,Sector 15,28.5806262,77.3146798,38,50,312,Dense (20+)
18438456,Green Valley Chinese Food,Sector 15,28.58206,77.312979,38,60,263,Dense (20+)
18367439,Hooting Owl Cafe,Sector 15,28.582123,77.3101406,30,74,227,Dense (20+)
18466616,Jaak Foods,Sector 15,28.58226269,77.31239598,37,72,265,Dense (20+)
18382368,Kaka Restaurant,Sector 15,28.5807004,77.3147473,38,50,313,Dense (20+)
18345109,KC Bakery,Sector 15,28.5827278,77.3127435,38,72,268,Dense (20+)
18432027,Rajan Foods Corner,Sector 15,28.5822693,77.3102284,30,79,223,Dense (20+)
18258742,Sagar Dhaba,Sector 15,28.5801911,77.314359,38,49,309,Dense (20+)
18258756,Shama Chicken Corner,Sector 15,28.5816812,77.314,42,51,298,Dense (20+)
18382366,Yummy Kitchen,Sector 15,28.5805304,77.3145418,38,50,312,Dense (20+)
4882,Barista,Sector 16,28.5793172,77.3156097,30,53,331,Dense (20+)
309535,Divine Curries,Sector 16,28.5707246,77.31759,22,184,293,Dense (20+)
18415359,Moon Bite,Sector 16,28.577722,77.31485,23,58,324,Dense (20+)
308451,Subway,Sector 16,28.58129376,77.31558178,35,50,323,Dense (20+)
18156287,Hurry's Paratha,Sector 16,28.5792232,77.3169908,25,70,331,Dense (20+)
399,McDonald's,Sector 16,28.5801391,77.3157052,31,49,330,Dense (20+)
18432020,Green Chilli Fast Food,Sector 16,28.5788612,77.313817,30,50,300,Dense (20+)
18432013,Street Food Corner,Sector 16,28.5776606,77.317657,17,83,328,Dense (20+)
303371,Barbeque Nation,Sector 16,28.5801189,77.3153216,32,49,322,Dense (20+)
302558,Aggarwal,Sector 18,28.57081133,77.32593108,139,216,338,Dense (20+)
1698,Anchor Bar & Kitchen,Sector 18,28.57064084,77.32504863,136,205,335,Dense (20+)
9252,Basil Tree,Sector 18,28.56861001,77.32310604,163,195,323,Dense (20+)
1323,Bon Bon Pastry Shop,Sector 18,28.57158307,77.32418898,120,206,341,Dense (20+)
1735,BSGulati's Punjabi Swad,Sector 18,28.57044385,77.32611079,135,218,331,Dense (20+)
5677,Cafe-18,Sector 18,28.56988852,77.32660197,125,221,328,Dense (20+)
300953,Chandni Chowk Ke Mashhoor Paranthe,Sector 18,28.56997273,77.32660867,125,221,327,Dense (20+)
4721,Cheenos,Sector 18,28.56857349,77.32454438,151,201,319,Dense (20+)
18261722,Gola Sizzlers,Sector 18,28.57113316,77.3235295,142,206,333,Dense (20+)
18346730,Hira Sweets,Sector 18,28.57024863,77.32480153,140,205,328,Dense (20+)
461,Karim's,Sector 18,28.56926546,77.32365757,152,201,324,Dense (20+)
937,KFC,Sector 18,28.56876577,77.32496414,144,202,319,Dense (20+)
307720,Khan's Kathi Rolls,Sector 18,28.56992385,77.32669149,124,221,328,Dense (20+)
591,Nathu's Sweets,Sector 18,28.56889916,77.3242832,148,201,319,Dense (20+)
18371433,Nawabi Mughlai Zaika,Sector 18,28.57099,77.325204,138,205,340,Dense (20+)
18287364,Nite Bites,Sector 18,28.597824,77.332893,9,39,142,Dense (20+)
7913,Nizam's Kathi Kabab,Sector 18,28.57071651,77.32458662,136,205,332,Dense (20+)
18180086,NSD Resto Bar & Kitchen,Sector 18,28.57151907,77.32406242,121,206,341,Dense (20+)
5678,PS Wah Bhai Wah,Sector 18,28.57088023,77.32570108,139,209,340,Dense (20+)
427,Sagar Ratna,Sector 18,28.5721275,77.32221387,93,198,333,Dense (20+)
18292482,Sbarro,Sector 18,28.57015824,77.3243117,152,205,328,Dense (20+)
18446481,Swag & Swad,Sector 18,28.570049,77.322001,157,191,327,Dense (20+)
310694,The Fizz,Sector 18,28.57225971,77.32313555,93,208,340,Dense (20+)
18252573,The Kitchen,Sector 18,28.57003427,77.3264863,126,221,329,Dense (20+)
303269,Twenty Four Seven,Sector 18,28.57117762,77.32466508,132,206,341,Dense (20+)
5854,Vinny's Restro Bar,Sector 18,28.57073654,77.32512441,133,205,337,Dense (20+)
18349895,Walk In The Woods,Sector 18,28.569182,77.324447,153,203,320,Dense (20+)
4160,Xiian,Sector 18,28.5688017,77.3233803,161,201,324,Dense (20+)
301514,Zest Bar and Lounge,Sector 18,28.57206302,77.32295919,97,202,334,Dense (20+)
310417,Angels in my Kitchen,Sector 18,28.57046888,77.32430164,146,205,330,Dense (20+)
1701,Baby Dragon Bar & Restaurant,Sector 18,28.569561,77.323714,160,204,324,Dense (20+)
18208904,Baker Street,Sector 18,28.57302026,77.32213676,71,198,337,Dense (20+)
3306,Bamboo Shoots,Sector 18,28.57153949,77.32396636,119,206,340,Dense (20+)
301005,Bikanervala Bliss,Sector 18,28.57196379,77.32466038,115,206,342,Dense (20+)
307566,Bikanervala,Sector 18,28.57215783,77.3246292,108,206,342,Dense (20+)
18216913,Bikkgane Biryani,Sector 18,28.57013969,77.32443139,151,205,328,Dense (20+)
310399,Burbee's Cafe,Sector 18,28.56935203,77.32456181,153,204,321,Dense (20+)
594,Cafe Coffee Day,Sector 18,28.56966474,77.32398044,160,204,324,Dense (20+)
3796,Deez Biryani & Kebabs,Sector 18,28.56839947,77.32459467,159,201,319,Dense (20+)
490,Desi Vibes,Sector 18,28.5694916,77.32425638,160,204,324,Dense (20+)
18336495,Dhaba at Atta,Sector 18,28.56914544,77.32411414,153,201,324,Dense (20+)
18228862,DND,Sector 18,28.57234745,77.32224271,87,198,333,Dense (20+)
384,Domino's Pizza,Sector 18,28.5702822,77.3248877,139,205,327,Dense (20+)
7945,Donald's Pastry Shop,Sector 18,28.56784854,77.32413467,159,201,317,Dense (20+)
2985,Doosri Mehfil,Sector 18,28.57171587,77.32429225,115,206,341,Dense (20+)
18228855,Fit Bites,Sector 18,28.57101361,77.32514117,136,205,341,Dense (20+)
18289257,Hungry Minister,Sector 18,28.570034,77.327377,119,225,326,Dense (20+)
18380141,Hurry's Paratha,Sector 18,28.570159,77.322687,158,199,330,Dense (20+)
18272377,Imly,Sector 18,28.56728731,77.32071754,107,181,314,Dense (20+)
18473005,Jambox,Sector 18,28.571388,77.325052,137,205,342,Dense (20+)
300180,LIT Ultrabar,Sector 18,28.57096149,77.32541844,139,205,341,Dense (20+)
7784,Mainland China,Sector 18,28.57181745,77.32224539,100,197,332,Dense (20+)
396,McDonald's,Sector 18,28.56920863,77.32432779,153,202,321,Dense (20+)
18014141,Metro Dhaba,Sector 18,28.57036376,77.3257916,132,217,333,Dense (20+)
1702,Nazeer Foods,Sector 18,28.57116908,77.3248411,133,205,341,Dense (20+)
18198836,Our Story Bistro & Tea Room,Sector 18,28.56914297,77.32361533,154,201,324,Dense (20+)
309111,Paddy's Cafe,Sector 18,28.5682225,77.32465636,162,201,319,Dense (20+)
309098,Popular Cakery,Sector 18,28.56978752,77.32499767,143,205,322,Dense (20+)
166,Punjabi By Nature,Sector 18,28.56900605,77.32484244,147,202,318,Dense (20+)
18434638,Sadda Adda,Sector 18,28.57065303,77.3238781,150,206,331,Dense (20+)
1070,Subway,Sector 18,28.57008816,77.32487295,142,205,326,Dense (20+)
450,Swagath,Sector 18,28.5684245,77.32373536,165,201,318,Dense (20+)
18175334,TFK - The Flaming Kick,Sector 18,28.56954961,77.32236877,154,191,328,Dense (20+)
4248,The Great Kabab Factory,Sector 18,28.57210424,77.3218102,88,198,333,Dense (20+)
18237334,The Patiala Kkitchen,Sector 18,28.57199854,77.32216291,96,197,332,Dense (20+)
300952,The Tandoori Village,Sector 18,28.56837474,77.32376587,165,201,317,Dense (20+)
311649,The Yellow Chilli,Sector 18,28.57149032,77.32239123,109,195,332,Dense (20+)
2336,Top Breads,Sector 18,28.57070886,77.32339572,151,206,331,Dense (20+)
18273566,Wat-a-Burger!,Sector 18,28.56950956,77.32514352,144,206,321,Dense (20+)
311338,Chawla's 2,Sector 18,28.56984906,77.32652552,125,221,328,Dense (20+)
310609,Himalaya,Sector 18,28.57242813,77.32435126,100,207,343,Dense (20+)
307555,Public Cafe,Sector 18,28.56993416,77.3261812,129,219,328,Dense (20+)
4717,RPM - Zanzi Bar,Sector 18,28.57066881,77.32529875,132,205,339,Dense (20+)
7956,Mad Over Donuts,Sector 18,28.56827816,77.3242376,165,201,319,Dense (20+)
304612,RollsKing,Sector 18,28.56812416,77.32480355,159,201,318,Dense (20+)
304691,Lumbini Food Point,Sector 19,28.5816039,77.3283593,6,59,354,Dense (20+)
309519,Owlcity,Sector 19,28.577975,77.328028,14,106,368,Dense (20+)
18409730,Night Munchies,Sector 19,28.5807886,77.3291124,6,60,360,Dense (20+)
18427226,Anand Food Factory,Sector 2,28.5837833,77.3143909,38,73,268,Dense (20+)
387,Nirula's,Sector 2,28.5822486,77.3135127,39,59,262,Dense (20+)
301420,Snacks India,Sector 2,28.5849968,77.3116811,26,91,188,Dense (20+)
18383442,Ahaar Udyan,Sector 2,28.5833336,77.3134615,39,74,270,Dense (20+)
18424675,Choco Bee,Sector 2,28.5850552,77.3123862,28,89,198,Dense (20+)
18425782,Crazy Noodles,Sector 2,28.5853521,77.3128979,28,89,202,Dense (20+)
18457257,Dakshin Platter,Sector 2,28.58503529,77.31540769,29,70,233,Dense (20+)
18382382,Kathi Junction,Sector 2,28.5855201,77.3139934,24,88,215,Dense (20+)
18441711,Sonu Parantha Corner,Sector 2,28.585532,77.3141165,24,88,216,Dense (20+)
308770,Olive Kitchen,Sector 20,28.5838546,77.3332052,10,55,293,Dense (20+)
18156065,Eating Point,Sector 20,28.5825656,77.3328463,6,56,318,Dense (20+)
308951,New Gee Pee,Sector 21,28.5880357,77.3360987,11,40,159,Dense (20+)
308563,Uncle's JVCC Restaurant,Sector 21,28.5847607,77.3371603,25,54,235,Dense (20+)
18409182,Twenty Four Seven,Sector 21,28.5921841,77.3386645,10,66,140,Dense (20+)
8065,Hari Om Restaurant,Sector 22,28.5990702,77.3446655,13,46,165,Dense (20+)
18216929,Jain Restaurant,Sector 22,28.5950171,77.3425749,19,50,138,Dense (20+)
18224208,Lajawab Family Restaurant,Sector 22,28.5940591,77.3425375,16,53,134,Dense (20+)
18441760,Alam Muradabadi & Hyderabadi Biryani,Sector 22,28.5954289,77.3431349,15,43,137,Dense (20+)
18492041,Bala Ji Raja Dhaba,Sector 22,28.5973259,77.3446346,13,43,170,Dense (20+)
18393406,Brijwasi Dhaba,Sector 22,28.597278,77.3445624,13,43,170,Dense (20+)
18381676,Prerna Family Restaurant,Sector 22,28.5990864,77.3449071,12,46,166,Dense (20+)
18430895,Rana Dhaba,Sector 22,28.5979022,77.349942,0,24,158,Dense (20+)
18433898,The Food Factory,Sector 22,28.5916807,77.3469331,0,38,152,Dense (20+)
5239,221 B Baker Street,Sector 25,28.5843762,77.3379464,24,55,233,Dense (20+)
18312466,Hunger's Hub,Sector 25,28.5845728,77.3378653,24,54,232,Dense (20+)
8022,Lajwaab Restaurant,Sector 25,28.5843215,77.3381766,24,54,232,Dense (20+)
8017,Republic of Chicken,Sector 25,28.5844243,77.3382691,24,53,229,Dense (20+)
18020006,Gauranga Sweets,Sector 25,28.5843227,77.3381319,24,54,232,Dense (20+)
18252394,Green Valley Chinese Food,Sector 25,28.5846506,77.3377069,24,54,233,Dense (20+)
311375,Super Cake Shop,Sector 26,28.5767841,77.3352827,15,62,373,Dense (20+)
18345461,Wakhra Swaad,Sector 26,28.5768276,77.3352977,15,62,373,Dense (20+)
311688,27 Grills,Sector 27,28.57445006,77.32838832,37,181,363,Dense (20+)
18265723,China Hot Pot,Sector 27,28.57456872,77.32827835,35,180,365,Dense (20+)
7986,Himalaya Momos & Roll,Sector 27,28.5735123,77.324321,84,197,345,Dense (20+)
18244520,Hungry House Pizzas & More,Sector 27,28.57444329,77.32837792,38,181,363,Dense (20+)
5760,Khana Khajana Da Dhaba,Sector 27,28.573916,77.3245817,76,191,346,Dense (20+)
18265705,M.P. Chole Tikki Wala,Sector 27,28.57457078,77.32828371,35,180,364,Dense (20+)
5761,Maa Vaishno Shudh Bhojnalaya,Sector 27,28.5737086,77.3245004,78,191,346,Dense (20+)
18255160,More Than Cafí©,Sector 27,28.57438086,77.3282646,40,181,363,Dense (20+)
18265709,Public Cafe,Sector 27,28.57439941,77.32841983,38,181,363,Dense (20+)
18236270,Sadda Taste,Sector 27,28.57187929,77.32803628,91,222,344,Dense (20+)
5757,Sati Restaurant,Sector 27,28.5734717,77.3243658,85,198,345,Dense (20+)
312237,Super Cake Shop,Sector 27,28.57346898,77.32451957,85,197,345,Dense (20+)
5700,Uncle's Punjabi Rasoi,Sector 27,28.5737171,77.3245902,78,191,345,Dense (20+)
302575,Yours Deliciously,Sector 27,28.5737946,77.3235133,70,195,344,Dense (20+)
18336506,Oh My Scoop!,Sector 27,28.57453721,77.3283169,36,181,364,Dense (20+)
5744,Reena Restaurant,Sector 27,28.5736246,77.3242109,82,194,346,Dense (20+)
307719,Shiparma Shri,Sector 27,28.57386667,77.32458611,76,191,346,Dense (20+)
7982,Shri Adarsh Kulfi,Sector 27,28.5738031,77.323603,71,193,346,Dense (20+)
311419,Simla Bakery,Sector 27,28.57350873,77.32458428,84,195,345,Dense (20+)
18383448,Swad E Punjab,Sector 27,28.57394362,77.32455846,76,191,346,Dense (20+)
18432192,Vishnu Ki Rasoi,Sector 27,28.5746025,77.3282696,34,179,365,Dense (20+)
395,Pizza Hut Delivery,Sector 27,28.5775482,77.328325,14,113,367,Dense (20+)
307724,Wah Ji Wah,Sector 27,28.57433905,77.32809763,45,183,365,Dense (20+)
1460,Chawla's Chic Inn,Sector 28,28.5711016,77.3331573,24,198,333,Dense (20+)
7991,Grill Point,Sector 28,28.5714962,77.3330621,18,196,333,Dense (20+)
7979,Hari Sweets,Sector 28,28.5714642,77.3330963,19,196,333,Dense (20+)
18323760,Sultanate of Spice,Sector 28,28.5710463,77.333159,24,198,333,Dense (20+)
307491,Yamu's Panchayat,Sector 28,28.5710661,77.3331584,24,198,333,Dense (20+)
2334,Debon,Sector 28,28.5711287,77.3332434,24,198,333,Dense (20+)
3153,Hot & Sour,Sector 29,28.5670876,77.3350897,30,110,347,Dense (20+)
18361198,Open Kitchen,Sector 29,28.5672923,77.3353589,36,109,344,Dense (20+)
309215,Truffle Muffle,Sector 29,28.5673735,77.3352692,30,112,344,Dense (20+)
18219552,Go! Biryani,Sector 29,28.5684579,77.3353589,29,135,351,Dense (20+)
18478962,Tastee Chauka,Sector 29,28.56859852,77.33557262,27,121,352,Dense (20+)
18472682,Maharba Chicken Point,Sector 29,28.569734,77.332751,25,204,323,Dense (20+)
18396192,Sweet Spells,Sector 29,28.5672838,77.3352692,31,110,344,Dense (20+)
18138415,Foodie,Sector 3,28.5818551,77.319038,21,55,349,Dense (20+)
18429379,Lapaalap,Sector 3,28.5821309,77.3187567,24,52,351,Dense (20+)
3443,Fresh Food Factory,Sector 3,28.5810955,77.3173193,33,50,340,Dense (20+)
18180048,The Kitchen Factory,Sector 3,28.5810132,77.3173563,32,50,340,Dense (20+)
302535,Caffí© La Poya,Sector 30,28.5722363,77.3409391,3,74,317,Dense (20+)
18311928,Elixir Health Cafí©,Sector 30,28.5724711,77.3408326,3,74,315,Dense (20+)
18446503,Radhey Foodz,Sector 31,28.576754,77.346491,3,45,246,Dense (20+)
18157374,The Kitchen,Sector 31,28.5791986,77.3394417,7,46,315,Dense (20+)
309059,Uncle's Treat,Sector 31,28.5793226,77.34303586,3,44,231,Dense (20+)
18291234,Wow! Momo,Sector 31,28.5743086,77.3536634,36,86,241,Dense (20+)
18323684,The Big Chefs,Sector 31,28.5773502,77.3469342,3,44,251,Dense (20+)
18244230,The Big Scoop,Sector 31,28.5744592,77.347652,2,49,252,Dense (20+)
18204467,Govinda's Restaurant,Sector 33,28.5866196,77.3499908,2,20,207,Moderate (6-20)
18306542,Not Just Dilli,Sector 33,28.5743086,77.3536634,36,86,241,Dense (20+)
18337925,RollsKing,Sector 33,28.5743086,77.3536634,36,86,241,Dense (20+)
18433854,Bunz & Dogz,Sector 33,28.58791339,77.35415488,2,21,177,Dense (20+)
313151,Radha Rani Bakery,Sector 33,28.5865079,77.3502339,2,21,203,Dense (20+)
9735,Chauhan Vatika,Sector 34,28.5818244,77.36111,8,39,179,Dense (20+)
18440192,Frozen Stone,Sector 34,28.5743086,77.3536634,36,86,241,Dense (20+)
302501,Kavita's Restaurant,Sector 34,28.5835424,77.3636829,18,41,172,Dense (20+)
303025,Mudrika Food Factory,Sector 34,28.5838901,77.3573419,5,28,206,Dense (20+)
18424204,Pind Balluchi,Sector 34,28.5743086,77.3536634,36,86,241,Dense (20+)
18393700,Zaffran- Ikshita's Kitchen,Sector 34,28.5840221,77.3577905,5,30,203,Dense (20+)
18430590,Chaayos,Sector 34,28.5743086,77.3536634,36,86,241,Dense (20+)
18439524,Punjabi Tadka,Sector 34,28.583684,77.360356,12,35,185,Dense (20+)
18417576,Cafe Krisa,Sector 34,28.5839882,77.3574316,5,28,205,Dense (20+)
18440395,Chill Grill,Sector 34,28.5743086,77.3536634,36,86,241,Dense (20+)
18423885,Dolce Gelato,Sector 34,28.5743086,77.3536634,36,86,241,Dense (20+)
18421515,Maa Ka Khaana,Sector 34,28.5820375,77.3614689,9,39,175,Dense (20+)
18440171,The Beer Cafe,Sector 34,28.5743086,77.3536634,36,86,241,Dense (20+)
18359322,Heaven's Point,Sector 37,28.5691352,77.3425375,22,65,366,Dense (20+)
457,Kamboj's,Sector 37,28.5661407,77.3402775,29,65,348,Dense (20+)
18398459,Mexican Pizza,Sector 37,28.5653946,77.3404288,27,66,352,Dense (20+)
18255715,Shahenshah,Sector 37,28.5644063,77.3376836,42,69,343,Dense (20+)
18427249,Snack Chat,Sector 37,28.5660756,77.3405146,27,65,350,Dense (20+)
18391164,The Amazing Buger's,Sector 37,28.5651685,77.3397535,30,64,349,Dense (20+)
18472655,The Black Box,Sector 37,28.565446,77.340435,27,66,352,Dense (20+)
18279437,Al Bake,Sector 37,28.5654172,77.3403587,27,66,352,Dense (20+)
18204489,Asian Fun,Sector 37,28.565491,77.340025,28,66,347,Dense (20+)
18275704,Burnout,Sector 37,28.52998373,77.37565689,2,5,77,Light (1-5)
18332077,Cafe Fusion,Sector 37,28.56619633,77.34083544,27,65,353,Dense (20+)
18458632,Fit Bites,Sector 37,28.566297,77.340721,27,65,352,Dense (20+)
18391158,Go Krazy,Sector 37,28.565437,77.3403537,27,66,351,Dense (20+)
18303845,Green Restaurant,Sector 37,28.5661948,77.3408326,27,65,353,Dense (20+)
18352262,Hunger Strike,Sector 37,28.5653946,77.3404288,27,66,352,Dense (20+)
18427229,The Munchkart Cafe,Sector 37,28.56528114,77.34018199,26,66,350,Dense (20+)
18345747,Thee Pot,Sector 37,28.5653929,77.3399353,28,66,347,Dense (20+)
18368024,Waffles and Crepes,Sector 37,28.5655401,77.3400699,28,66,347,Dense (20+)
18284048,Chinese Chilly Sizzler,Sector 37,28.5699307,77.3457285,3,73,287,Dense (20+)
18438321,Moonlight Cafe,Sector 37,28.56573444,77.34016448,28,66,350,Dense (20+)
18319512,Sugar Ruffles,Sector 37,28.5686715,77.3404737,28,66,366,Dense (20+)
309278,Bistro 37,Sector 37,28.5652948,77.3397409,32,64,350,Dense (20+)
18419879,Desi Swag,Sector 37,28.5653117,77.340025,27,66,348,Dense (20+)
9836,Teasta,Sector 37,28.565491,77.340025,28,66,347,Dense (20+)
307407,Appu Ghar Express,Sector 38,28.5641453,77.323737,91,169,303,Dense (20+)
305317,Barista,Sector 38,28.5640131,77.334633,23,103,308,Dense (20+)
18430593,Burger King,Sector 38,28.5640131,77.334633,23,103,308,Dense (20+)
18349929,Keventers,Sector 38,28.5643934,77.3221651,82,167,302,Dense (20+)
18408048,Kenny Rogers Roasters,Sector 38,28.5645948,77.3220403,84,168,306,Dense (20+)
305222,McDonald's,Sector 38,28.5664384,77.3254169,138,215,309,Dense (20+)
18356801,Baskin Robbins,Sector 38,28.5648303,77.3216286,82,168,302,Dense (20+)
18432198,Cafe Buddy's,Sector 38,28.5643808,77.3349102,25,103,308,Dense (20+)
18265399,Kwality Walls - Happiness Station,Sector 38,28.5677206,77.3263626,112,219,318,Dense (20+)
18432194,Shakti Food & Restaurant,Sector 38,28.5693451,77.3281989,103,224,328,Dense (20+)
8385,Domino's Pizza,Sector 38,28.564222,77.334211,22,108,308,Dense (20+)
309799,Mr. Brown,Sector 38,28.56437507,77.33417619,23,109,307,Dense (20+)
6800,Chef's Bar-Be-Que,Sector 39,28.5672202,77.3498054,3,64,215,Dense (20+)
18438249,Shanghai Dreams,Sector 39,28.56699945,77.34990894,2,64,216,Dense (20+)
18155147,Antaryami Paratha Corner,Sector 4,28.5810716,77.3219012,4,72,364,Dense (20+)
18388032,F-all (Food for All),Sector 40,28.5651898,77.3568036,10,72,179,Dense (20+)
313410,2 Bros Kitchen,Sector 41,28.56952163,77.36176707,49,110,187,Dense (20+)
311974,Baskin Robbins,Sector 41,28.561368,77.3607699,20,68,148,Dense (20+)
5686,Big Bone - The Meat Shop,Sector 41,28.5692496,77.3618278,49,108,186,Dense (20+)
18396157,Biryani House,Sector 41,28.56920834,77.36170672,49,108,186,Dense (20+)
5681,China Hot,Sector 41,28.5697922,77.3618487,49,110,187,Dense (20+)
307424,City Hut,Sector 41,28.5615185,77.3591531,21,59,168,Dense (20+)
8084,Defence Bakery,Sector 41,28.5689914,77.361986,49,79,186,Dense (20+)
18412870,Dhabha 27,Sector 41,28.5662049,77.3629392,46,75,181,Dense (20+)
18412876,Faasos,Sector 41,28.569412,77.3616483,49,110,185,Dense (20+)
306551,Green Chick Chop,Sector 41,28.5692859,77.3618197,49,108,186,Dense (20+)
8095,JSB Evergreen Cool Point,Sector 41,28.569218,77.3620195,49,108,187,Dense (20+)
308648,JSB Evergreen Snack & Sweets,Sector 41,28.5693477,77.3619175,49,109,187,Dense (20+)
18352184,Keventers,Sector 41,28.5614537,77.3609306,20,72,148,Dense (20+)
17977758,More Than Cafe,Sector 41,28.569207,77.3618306,49,108,186,Dense (20+)
18370702,Mutfi,Sector 41,28.5613668,77.3603093,20,62,155,Dense (20+)
18322612,Nawabi Mughlai Zaika,Sector 41,28.561485,77.360265,20,68,159,Dense (20+)
18412866,Ovenstory Pizza,Sector 41,28.565118,77.366334,3,86,181,Dense (20+)
18396425,ProFit Kitchen,Sector 41,28.5614308,77.3592512,21,59,167,Dense (20+)
18287405,Public Cafe,Sector 41,28.56145334,77.35881027,19,55,171,Dense (20+)
18466390,The Chickmunks Express,Sector 41,28.565447,77.360571,39,71,171,Dense (20+)
18219556,Time to Tea,Sector 41,28.5689975,77.3620072,49,76,187,Dense (20+)
311332,Twenty Four Seven,Sector 41,28.5614837,77.3583449,18,50,175,Dense (20+)
18439546,Virundu,Sector 41,28.5656,77.361169,41,74,172,Dense (20+)
18441667,Be Bhukkad,Sector 41,28.563578,77.363015,20,85,170,Dense (20+)
18363088,Behrouz Biryani,Sector 41,28.569307,77.361455,49,109,183,Dense (20+)
18454463,Bistro 365,Sector 41,28.56136235,77.36045983,20,63,151,Dense (20+)
18450749,Engineers Da Dhaba,Sector 41,28.56132431,77.36013662,20,62,159,Dense (20+)
18381230,Hungry Minister,Sector 41,28.5615785,77.3522612,0,24,199,Dense (20+)
18332051,Kake Da Hotel,Sector 41,28.5612185,77.3612895,20,64,148,Dense (20+)
18339370,Biryani,Sector 41,28.57,77.36,46,108,182,Dense (20+)
18439534,C Cube,Sector 41,28.5692496,77.3618278,49,108,186,Dense (20+)
18432190,Chicago Pizza,Sector 41,28.5614537,77.3609306,20,72,148,Dense (20+)
18412897,Kettle & Kegs,Sector 41,28.569307,77.361455,49,109,183,Dense (20+)
18383529,Keventers,Sector 41,28.5692053,77.3617807,49,108,186,Dense (20+)
18383549,Keventers,Sector 41,28.5612563,77.358773,19,53,173,Dense (20+)
18439535,Pitstop,Sector 41,28.5615028,77.3609755,20,74,148,Dense (20+)
307974,Royal Spice Restaurant,Sector 41,28.5616434,77.3591363,20,60,168,Dense (20+)
1337,Peshawari Delux Restaurant,Sector 41,28.5689197,77.361974,49,74,186,Dense (20+)
311342,WTF - World's Tastiest Food,Sector 41,28.56337153,77.35858697,20,72,178,Dense (20+)
18438435,Salato Salad Studio,Sector 41,28.569279,77.362094,49,99,189,Dense (20+)
18425976,AB Fast N Food,Sector 44,28.5546617,77.3374886,6,27,159,Dense (20+)
18370372,Cafe Onion Rings,Sector 44,28.56470841,77.3382907,43,68,345,Dense (20+)
18433903,Club 44,Sector 44,28.5580118,77.3321849,5,29,280,Dense (20+)
18391172,Indian Curry House,Sector 44,28.56198634,77.35743094,18,50,180,Dense (20+)
310539,Krunchies,Sector 44,28.5543914,77.3373827,6,27,152,Dense (20+)
18383527,Platefull,Sector 44,28.5579734,77.3323268,5,28,282,Dense (20+)
310695,Sanghai Food,Sector 44,28.5599265,77.3361665,12,58,297,Dense (20+)
308763,Shadev Saini Dhaba,Sector 44,28.560602,77.3400334,9,61,269,Dense (20+)
309135,Wasim Biryani Center,Sector 44,28.5607636,77.3400007,10,61,271,Dense (20+)
3740,Hungry - I,Sector 44,28.5579975,77.3323527,5,28,282,Dense (20+)
18400723,Smoking Tikka,Sector 44,28.5545389,77.3385357,6,27,136,Dense (20+)
18383486,The Fusion Food Stand,Sector 44,28.5579718,77.3322975,5,28,282,Dense (20+)
18454484,44 Grills,Sector 44,28.554041,77.339363,7,27,116,Dense (20+)
18398614,Ammi's Kitchen,Sector 44,28.5584685,77.3305135,4,25,281,Dense (20+)
18373560,Bangali Restaurant,Sector 44,28.5541271,77.3374228,6,27,148,Dense (20+)
18381258,Hot Chilli Food Plaza,Sector 44,28.5585244,77.3431656,3,39,153,Dense (20+)
18420881,Kanak Kitchen,Sector 44,28.5568248,77.33950197,10,43,173,Dense (20+)
18433905,The Golden Spoon,Sector 44,28.5538698,77.3367172,6,27,150,Dense (20+)
18317511,#Urban Cafí©,Sector 45,28.5485744,77.3441526,5,11,62,Moderate (6-20)
18244257,Quick Grabs,Sector 45,28.5489246,77.3440629,5,12,64,Moderate (6-20)
18228857,The Roll Van,Sector 45,28.5503712,77.3451396,5,13,80,Moderate (6-20)
18317512,Baskin Robbins,Sector 45,28.5498552,77.3444218,5,13,70,Moderate (6-20)
18432231,Baskin Robbins,Sector 45,28.5486331,77.3442694,5,11,63,Moderate (6-20)
18432236,Foodies Park,Sector 45,28.5509007,77.3425046,6,13,76,Moderate (6-20)
311706,Noida Cakes Online,Sector 47,28.5593943,77.3636066,21,39,159,Dense (20+)
18410380,The Epicureans,Sector 47,28.5480976,77.3728126,2,10,57,Moderate (6-20)
18426112,Bhojanam4u,Sector 47,28.55065,77.3740358,3,16,83,Moderate (6-20)
18352161,Chocolate Therapy by Nishi,Sector 47,28.55276,77.3724136,7,24,91,Dense (20+)
18234101,Cookie House,Sector 47,28.5528331,77.3717413,6,24,91,Dense (20+)
312313,Adhikari Fast Food Corner,Sector 48,28.5572741,77.3678917,15,38,126,Dense (20+)
18339329,Amrit's Agni Multi Cuisine Restaurant,Sector 48,28.5574096,77.3676875,15,39,123,Dense (20+)
304818,Punjabi Chaska,Sector 48,28.5571046,77.3681581,15,35,133,Dense (20+)
18303838,The Choco Shop,Sector 48,28.5571526,77.3682751,17,34,132,Dense (20+)
310724,The Taste,Sector 48,28.5574263,77.3678243,15,39,123,Dense (20+)
310753,Tibb's Frankie,Sector 48,28.5551493,77.3727931,8,23,129,Dense (20+)
18435295,Amazing Burgers,Sector 48,28.5555893,77.3728518,9,24,140,Dense (20+)
18281160,Kitchen Express,Sector 48,28.56072076,77.36971536,14,36,141,Dense (20+)
309155,Domino's Pizza,Sector 48,28.5555542,77.3729825,8,23,139,Dense (20+)
18289230,Public Cafe,Sector 48,28.5556159,77.373221,7,23,138,Dense (20+)
18277218,Chocopur,Sector 49,28.5573976,77.3719832,19,23,129,Dense (20+)
18133492,Sweta Restaurant,Sector 49,28.5596943,77.3706065,14,29,135,Dense (20+)
18332086,Flames of Tandoor,Sector 49,28.56042768,77.37059221,14,31,139,Dense (20+)
18419113,Shaivi's Kitchen,Sector 49,28.5562369,77.375287,6,23,111,Dense (20+)
18203626,Kuppies,Sector 5,28.5887703,77.3234175,2,19,255,Moderate (6-20)
312978,The Urban Chulha,Sector 5,28.5878734,77.3245004,2,18,271,Moderate (6-20)
18451091,Goyal Chhole Kulche Wala,Sector 5,28.59,77.32,3,22,206,Dense (20+)
304727,Cafe Coffee Day,Sector 50,28.5705134,77.3619175,47,95,187,Dense (20+)
3679,Choco House,Sector 50,28.5695102,77.361738,49,110,186,Dense (20+)
306023,DCK- Dana Choga's Kitchen,Sector 50,28.5702613,77.3620969,47,100,189,Dense (20+)
18378765,Fresh and Fit Ghar Ka Khana,Sector 50,28.5702807,77.3619772,47,101,189,Dense (20+)
18014129,Hungry Ullu,Sector 50,28.56872955,77.3640969,48,72,192,Dense (20+)
301081,Khidmat,Sector 50,28.5699073,77.3621286,48,107,189,Dense (20+)
2971,Lahori Restaurant,Sector 50,28.5705071,77.361983,47,95,189,Dense (20+)
302406,New Chinese Chilli Sizzler,Sector 50,28.5699059,77.3621117,48,107,189,Dense (20+)
18254253,Nirmala's,Sector 50,28.5694331,77.3704026,2,56,198,Dense (20+)
18138435,Prime Bakery,Sector 50,28.5709428,77.3864967,13,41,54,Dense (20+)
5684,Royal Empire Meat Shop,Sector 50,28.5702866,77.362366,47,98,192,Dense (20+)
1745,Southern Treat,Sector 50,28.5703509,77.3620969,47,98,189,Dense (20+)
3707,Subway,Sector 50,28.5705134,77.3619175,47,95,187,Dense (20+)
18371395,The Chickmunks Cafí©,Sector 50,28.5706018,77.3623092,47,97,191,Dense (20+)
310766,The FLIP Cafe,Sector 50,28.5697892,77.3623212,48,107,189,Dense (20+)
2939,Yo! China,Sector 50,28.5703164,77.3620447,47,99,189,Dense (20+)
1919,Gopala,Sector 50,28.570872,77.3619175,46,97,185,Dense (20+)
9313,R.I.P Cafe & Lounge,Sector 50,28.5699968,77.362497,47,104,191,Dense (20+)
18273432,Cupcakes & More,Sector 50,28.57683772,77.37630514,0,13,141,Moderate (6-20)
18163927,Heavens Food Xprs,Sector 50,28.5699364,77.3624558,48,105,190,Dense (20+)
18373828,Parul's Cooking Hub,Sector 50,28.5708889,77.3620969,46,97,188,Dense (20+)
18252364,Republic of Chicken,Sector 50,28.5694797,77.3852409,18,41,59,Dense (20+)
18376068,Somethings Sweet,Sector 50,28.57,77.37,2,60,208,Dense (20+)
308725,Chawla's_,Sector 50,28.5702613,77.3620969,47,100,189,Dense (20+)
385,Domino's Pizza,Sector 50,28.5699792,77.3621039,48,107,189,Dense (20+)
18432227,Nazeer Foods,Sector 50,28.5704704,77.361896,47,95,186,Dense (20+)
308441,Night Food Xprs,Sector 50,28.5702697,77.3621866,47,100,190,Dense (20+)
2327,Pizza Hut Delivery,Sector 50,28.5703849,77.3620973,47,98,190,Dense (20+)
313045,The Caspian,Sector 50,28.5708499,77.3624456,46,97,192,Dense (20+)
309818,The Noodle Box Co.,Sector 50,28.5704635,77.3617899,47,96,186,Dense (20+)
311341,WTF - World's Tastiest Food,Sector 50,28.5728,77.37062,2,59,206,Dense (20+)
18398605,Biryani By Kilo,Sector 50,28.5704559,77.3617829,47,96,186,Dense (20+)
18383531,Kalpak Restaurant & Cafe,Sector 50,28.5704437,77.3625098,47,96,193,Dense (20+)
306167,Theos,Sector 50,28.570603,77.3619175,47,96,187,Dense (20+)
308059,Aamantran Bangla,Sector 51,28.5780783,77.3670311,11,48,188,Dense (20+)
18388008,Paco Meals,Sector 51,28.5582143,77.3674796,15,40,125,Dense (20+)
18255153,Reena Restaurant,Sector 51,28.5782751,77.3624558,6,99,175,Dense (20+)
313164,Sanskriti Foods,Sector 51,28.5832481,77.3676591,11,35,170,Dense (20+)
18432195,Biryani Vice,Sector 51,28.578194,77.369257,7,29,178,Dense (20+)
18261811,Dietwholic,Sector 51,28.5782979,77.3693635,7,29,179,Dense (20+)
18377891,Goldenplates,Sector 51,28.5822417,77.3664928,15,36,174,Dense (20+)
18273047,Mishti's Kitchen,Sector 51,28.5781101,77.3692738,7,29,178,Dense (20+)
18261720,Shahenshah,Sector 51,28.5825191,77.3665825,14,37,173,Dense (20+)
18435293,Ayush Chicken Point,Sector 51,28.5834992,77.3681633,13,34,170,Dense (20+)
18357573,Choco N Lush,Sector 51,28.5783055,77.3672447,11,35,189,Dense (20+)
18435297,Friend's Restaurant,Sector 51,28.583972,77.3688983,12,34,169,Dense (20+)
18322688,Ghar Ka Khana,Sector 51,28.58601,77.3722342,5,31,99,Dense (20+)
18383521,Ghar Ka Swad,Sector 51,28.5862117,77.3722935,4,30,92,Dense (20+)
18351422,Knight Kitchens,Sector 51,28.5784302,77.3669408,11,36,183,Dense (20+)
18353796,Lucknow Heritage,Sector 51,28.58,77.37,16,29,202,Dense (20+)
18495875,Momos Box,Sector 51,28.58168431,77.37454668,1,21,159,Dense (20+)
18332475,Second Home,Sector 51,28.5796721,77.3658648,16,38,180,Dense (20+)
18439522,The Big Buddha Grill,Sector 51,28.581868,77.366121,15,36,176,Dense (20+)
18481291,Whatslife.in,Sector 51,28.573306,77.3614962,45,99,181,Dense (20+)
1498,Slice of Italy,Sector 51,28.585893,77.3720794,5,32,109,Dense (20+)
18258491,Bebbe Da Degh,Sector 52,28.5867115,77.3625455,14,43,171,Dense (20+)
304484,Chauhan Hotel,Sector 52,28.5833075,77.367691,11,35,170,Dense (20+)
18477658,52 Food Express,Sector 52,28.5864134,77.3681073,13,40,157,Dense (20+)
18368602,Delicious Treasure,Sector 52,28.5879739,77.3655244,9,45,147,Dense (20+)
18435807,Shiv Murti Hotel,Sector 52,28.5832178,77.3675487,11,37,170,Dense (20+)
18287399,Kaka Ji Restaurant,Sector 53,28.5906666,77.3607512,11,52,154,Dense (20+)
309873,Lazzez's,Sector 53,28.5953748,77.3625937,29,43,141,Dense (20+)
310170,Mithaas Sweets,Sector 53,28.5955626,77.362305,29,42,143,Dense (20+)
8497,Mithaas,Sector 53,28.5863139,77.3630838,11,40,171,Dense (20+)
312184,Tandoori Corner,Sector 53,28.5900318,77.3596121,9,53,156,Dense (20+)
18082207,Culinate,Sector 53,28.5913835,77.365506,7,56,99,Dense (20+)
18144457,Haaochi,Sector 53,28.5878465,77.3631735,14,44,155,Dense (20+)
18346998,Bake Walkers,Sector 53,28.5906666,77.3607512,11,52,154,Dense (20+)
18435308,Chacha Food Street,Sector 53,28.59562,77.3623636,29,42,142,Dense (20+)
18291227,DudeFood,Sector 53,28.5895874,77.3597643,11,53,156,Dense (20+)
18435795,Indian Special Hot Momos,Sector 53,28.5866387,77.3627249,14,40,171,Dense (20+)
18383031,Kesarwa Bakez,Sector 53,28.5957812,77.3626452,29,40,144,Dense (20+)
304750,Om Bikaner Sweets,Sector 53,28.5866387,77.3627249,14,40,171,Dense (20+)
18435790,Sadda Adda 2 Cafe & Lounge,Sector 53,28.586412,77.3631735,11,40,171,Dense (20+)
18244407,The Backyard Chef,Sector 53,28.5906666,77.3607512,11,52,154,Dense (20+)
18428215,Veer Jee,Sector 53,28.59569369,77.36209564,29,40,142,Dense (20+)
18382356,VP ki Kitchen,Sector 53,28.5869987,77.3624115,14,44,167,Dense (20+)
307841,Flying Cakes,Sector 53,28.5955703,77.362366,29,42,143,Dense (20+)
18157407,Taste In Box,Sector 53,28.5956935,77.3623312,29,40,142,Dense (20+)
8068,Snacks Point,Sector 55,28.6070243,77.3469342,3,25,126,Dense (20+)
18435313,Sector 55 China Town,Sector 55,28.606606,77.3470476,4,27,128,Dense (20+)
18249124,B Tamang Chineese,Sector 56,28.6033018,77.3428293,4,49,124,Dense (20+)
302502,Foodelicious,Sector 56,28.6033255,77.3427967,4,49,125,Dense (20+)
313329,The Cake Masters,Sector 56,28.6032453,77.3429861,6,49,125,Dense (20+)
18126119,Food Hut,Sector 56,28.603325,77.3427604,4,49,125,Dense (20+)
18435805,South Indian Snacks Stall,Sector 56,28.6033137,77.3427275,4,49,125,Dense (20+)
18409196,Twenty Four Seven,Sector 57,28.6005354,77.3545409,0,20,155,Moderate (6-20)
501,Barista,Sector 58,28.6045901,77.3576192,4,22,144,Dense (20+)
510,Barista,Sector 58,28.6048659,77.358741,7,29,152,Dense (20+)
18418274,The Gourmet Shack,Sector 58,28.60756944,77.35685091,11,37,148,Dense (20+)
5746,"Vanshika Indian, Chinese, & Parantha Corner",Sector 58,28.6086827,77.3597643,8,42,138,Dense (20+)
18215963,Yes Bosz Food Plaza,Sector 58,28.6072953,77.362444,8,45,142,Dense (20+)
18432232,A1 Restaurant,Sector 58,28.6101016,77.3533487,8,31,158,Dense (20+)
304487,Aggarwal Sweets India,Sector 58,28.61007,77.35318667,8,31,156,Dense (20+)
18433909,Chaska Food Hut,Sector 58,28.6085274,77.3597207,9,42,145,Dense (20+)
8096,Hasty Tasty Fast Food,Sector 58,28.6057844,77.3625711,8,55,142,Dense (20+)
5702,Sanjay Pandit Bhojnalaya,Sector 58,28.6099807,77.3532162,8,31,155,Dense (20+)
304502,Sharma Hotel,Sector 58,28.6097471,77.3528544,8,27,155,Dense (20+)
18432196,Shri G,Sector 58,28.6100951,77.3533213,8,31,158,Dense (20+)
18414468,Nite Bites,Sector 59,28.6080732,77.3723239,8,34,128,Dense (20+)
8090,Shankar Fast Food,Sector 59,28.6088161,77.3626026,17,46,135,Dense (20+)
8092,Shivam Fast Food,Sector 59,28.6088444,77.3626134,17,46,135,Dense (20+)
18391140,Yumbo Bites,Sector 59,28.6086461,77.3724933,8,34,128,Dense (20+)
312935,Essen Foods,Sector 59,28.6095755,77.3781674,7,21,105,Dense (20+)
18313786,L'amore,Sector 59,28.6081042,77.3724239,8,34,128,Dense (20+)
18432223,SPL Food Corner,Sector 59,28.6084226,77.36256,14,46,137,Dense (20+)
8077,Shree Ganesh M Cafe,Sector 6,28.5920932,77.3178507,2,43,162,Dense (20+)
8089,Chauhan Fast Food,Sector 60,28.6047247,77.3624842,7,51,148,Dense (20+)
18481296,Whatslife.in,Sector 60,28.6055225,77.3719027,3,32,126,Dense (20+)
18451823,Mirchievous,Sector 61,28.59345268,77.36473083,33,44,104,Dense (20+)
310755,Green Vally Chiiness Food,Sector 61,28.59566,77.362366,29,40,142,Dense (20+)
312186,221 B Baker Street,Sector 62,28.6142808,77.3716062,17,58,106,Dense (20+)
4469,Binge Restaurant,Sector 62,28.6127995,77.3625455,23,58,135,Dense (20+)
18423860,Boxmeal,Sector 62,28.6181042,77.3698446,24,58,121,Dense (20+)
307335,Brown Town,Sector 62,28.6191966,77.370818,20,53,120,Dense (20+)
5698,Cafe Coffee Day,Sector 62,28.6127995,77.3625455,23,58,135,Dense (20+)
8130,Cafe Coffee Day,Sector 62,28.6127402,77.3666722,24,63,136,Dense (20+)
311533,Cafe Green Apple,Sector 62,28.6274956,77.374165,9,40,90,Dense (20+)
18268502,Cake Mandi,Sector 62,28.61083103,77.35402454,9,35,153,Dense (20+)
18285723,Chai Thela,Sector 62,28.6127402,77.3666722,24,63,136,Dense (20+)
308751,Chinese Chilli Sizzler,Sector 62,28.6139194,77.371174,23,58,125,Dense (20+)
18273567,Delhi Biryani Hut,Sector 62,28.6181215,77.3704181,24,58,121,Dense (20+)
3753,Dev's Restaurant & Bar,Sector 62,28.6142808,77.3716062,17,58,106,Dense (20+)
18258503,Doggy Style,Sector 62,28.58167444,77.33747028,11,47,329,Dense (20+)
1844,Domino's Pizza,Sector 62,28.62443114,77.37043262,9,35,104,Dense (20+)
18281981,Food Brigade,Sector 62,28.62840758,77.37389041,6,33,80,Dense (20+)
308718,Frequent Bakes,Sector 62,28.6181067,77.3702942,24,58,121,Dense (20+)
18423098,GreeNox,Sector 62,28.62667926,77.37371799,12,46,94,Dense (20+)
18435329,GVP Creations,Sector 62,28.61183236,77.37029448,18,61,133,Dense (20+)
18367978,Health Buzzz,Sector 62,28.6184991,77.3707092,23,53,122,Dense (20+)
5777,Hot & Spicy,Sector 62,28.612911,77.3665825,24,63,136,Dense (20+)
18396437,Malabar Junction,Sector 62,28.6181511,77.369864,24,58,121,Dense (20+)
18224549,Masters Caterer,Sector 62,28.6127402,77.3666722,24,63,136,Dense (20+)
8138,Meeting Point Corner,Sector 62,28.6280874,77.3738681,7,36,81,Dense (20+)
18281973,Mithaas Sweets,Sector 62,28.6180976,77.3706652,24,60,121,Dense (20+)
313049,MS Foods,Sector 62,28.61263059,77.3545194,9,33,133,Dense (20+)
313250,Oh Buoy,Sector 62,28.62392171,77.37002995,11,35,108,Dense (20+)
313358,Old Tehrii Cafe & Lounge,Sector 62,28.61451253,77.35519834,5,30,118,Dense (20+)
18358191,Pichli Gali,Sector 62,28.6193448,77.3701709,20,54,122,Dense (20+)
5696,Pizza Hut,Sector 62,28.6127995,77.3625455,23,58,135,Dense (20+)
18252359,Rasoi99,Sector 62,28.6197372,77.3705298,22,52,118,Dense (20+)
4483,Republic of Chicken,Sector 62,28.6196711,77.3704489,22,54,120,Dense (20+)
5776,Republic's @ Dhaba,Sector 62,28.6127995,77.3625455,23,58,135,Dense (20+)
8767,Rolling Beans,Sector 62,28.6239066,77.3700887,11,35,108,Dense (20+)
311622,Rollmaal,Sector 62,28.612791,77.3624558,23,57,135,Dense (20+)
308758,Subway,Sector 62,28.62453856,77.37041719,9,35,103,Dense (20+)
303996,Swad,Sector 62,28.613167,77.3684034,17,63,126,Dense (20+)
18160567,The Hunger Cure,Sector 62,28.6187885,77.3707797,21,53,121,Dense (20+)
18128892,World Bites,Sector 62,28.6185042,77.3698121,21,59,123,Dense (20+)
18380262,BunkYard Cafe,Sector 62,28.6145003,77.3624828,20,62,126,Dense (20+)
307703,Chaayos,Sector 62,28.62453797,77.37017244,8,35,103,Dense (20+)
302308,RollsKing,Sector 62,28.6182239,77.3702457,24,59,121,Dense (20+)
3939,Sandwich King,Sector 62,28.613038,77.3631735,22,56,136,Dense (20+)
311656,Speedy Chow,Sector 62,28.612791,77.3624558,23,57,135,Dense (20+)
304441,Aggarwal Bikaneri Sweets & Restaurant,Sector 62,28.61550833,77.35487667,4,28,116,Dense (20+)
18344518,Al-Aayat Mughlai Biryani,Sector 62,28.61044692,77.35400308,9,36,154,Dense (20+)
304439,Baba Chinese Fast Food,Sector 62,28.61997007,77.35509105,4,8,96,Moderate (6-20)
18312485,Cafe Coffee Day,Sector 62,28.618099,77.3723946,25,49,117,Dense (20+)
312188,Cafe Rap,Sector 62,28.6252228,77.37004437,10,49,101,Dense (20+)
18424577,Chinese Fast Food Corner,Sector 62,28.6238525,77.368349,7,35,106,Dense (20+)
18424631,Chinese Hot,Sector 62,28.6139563,77.3672105,26,60,127,Dense (20+)
18268694,Doon Dhaba,Sector 62,28.6181335,77.370496,24,58,121,Dense (20+)
18381667,Food Weavers,Sector 62,28.6129491,77.3656117,22,59,138,Dense (20+)
18424598,Green Chick Chop,Sector 62,28.6143366,77.3712474,25,58,106,Dense (20+)
18423900,Hookie Dookie,Sector 62,28.6193211,77.3706875,20,53,121,Dense (20+)
18347548,Hotel Green View Palace,Sector 62,28.61750372,77.35475075,4,25,110,Dense (20+)
18281813,Hurry Curry Express,Sector 62,28.62565716,77.20952498,4,58,228,Dense (20+)
18423896,Kesarwa Bakez,Sector 62,28.6182302,77.3707092,24,57,121,Dense (20+)
18423139,Let's Noodle,Sector 62,28.6207119,77.3629871,0,56,115,Dense (20+)
308717,New Dragon Chinese Fast Food  & Paranthey Wala,Sector 62,28.6132102,77.3660074,22,58,137,Dense (20+)
310775,New Shahi Chinese Fast Food,Sector 62,28.6132289,77.3633138,23,60,137,Dense (20+)
18274402,Night Food Delivery,Sector 62,28.619656,77.3706195,22,52,118,Dense (20+)
18382349,Rajwana Foods,Sector 62,28.6131696,77.3634824,23,60,137,Dense (20+)
18423877,Shama Chicken Corner,Sector 62,28.6182302,77.3707092,24,57,121,Dense (20+)
18424206,Shiva Shudh Shakahari Bhojnalaya,Sector 62,28.6220057,77.3550388,2,6,102,Moderate (6-20)
18424195,Shri Balaji Shudh Vaishno Dhaba,Sector 62,28.6218907,77.3551543,3,6,102,Moderate (6-20)
310770,Southern Santushti Cafe,Sector 62,28.62503592,77.37101935,11,42,102,Dense (20+)
18424588,Tiffin Man House,Sector 62,28.6188035,77.369567,20,59,123,Dense (20+)
304480,Grand Eatery,Sector 62,28.6191953,77.3707194,20,53,121,Dense (20+)
4758,Nathu's Sweets,Sector 62,28.612791,77.3624558,23,57,135,Dense (20+)
7909,Subway,Sector 62,28.6129026,77.3664928,24,63,136,Dense (20+)
18391137,Chick Chicken Barbeque,Sector 63,28.625608,77.38531,0,2,64,Light (1-5)
312428,Tiwari Hot Pot,Sector 63,28.616674,77.3770285,2,35,88,Dense (20+)
18462716,Delhi Mughlai Biryani,Sector 63,28.6177586,77.3784944,1,32,96,Dense (20+)
18492089,Dumpty's,Sector 63,28.6249999,77.3771889,5,29,98,Dense (20+)
18415381,Hungry Buddies,Sector 63,28.6125969,77.3846785,0,10,63,Moderate (6-20)
18492086,Maa Durga Food Corner,Sector 63,28.6292246,77.3760306,5,35,65,Dense (20+)
18258764,South King Restaurant,Sector 65,28.6075466,77.3772233,10,19,113,Moderate (6-20)
18382564,Twomato Foods,Sector 65,28.607233,77.380365,5,14,96,Moderate (6-20)
18378040,Lazeez Foods,Sector 65,28.6095834,77.3760035,10,30,108,Dense (20+)
18382348,Spicy Punjabi Tadka,Sector 65,28.6095596,77.3757327,9,30,108,Dense (20+)
18216323,SPL Foods Plaza,Sector 65,28.6072612,77.3799187,7,14,98,Moderate (6-20)
312240,Super Cake Shop,Sector 65,28.6094124,77.3755981,9,30,109,Dense (20+)
18224558,Bats On Delivery,Sector 7,28.597085,77.317172,14,31,149,Dense (20+)
6170,Legacy of Awadh,Sector 7,28.5976222,77.3201607,15,30,156,Dense (20+)
18421059,Thaaliwaalaa.com,Sector 71,28.5915785,77.3751945,0,9,90,Moderate (6-20)
18388148,Beyond Food,Sector 71,28.6008237,77.3771267,1,13,98,Moderate (6-20)
313103,Brown Town,Sector 71,28.6008229,77.3771316,1,13,98,Moderate (6-20)
18439544,Royal Spice,Sector 71,28.6076509,77.3798644,7,14,98,Moderate (6-20)
18439541,Bikaner's,Sector 72,28.5645097,77.3823794,21,37,76,Dense (20+)
18335834,Chilli Zone,Sector 72,28.5664689,77.3813429,23,37,126,Dense (20+)
18383468,Cold Rock Cafe,Sector 72,28.5663929,77.381327,23,37,126,Dense (20+)
18351053,Cup and Cones,Sector 72,28.5663773,77.3811864,23,37,126,Dense (20+)
18411585,Desi Spice,Sector 72,28.5646289,77.3851512,22,38,69,Dense (20+)
18382362,Food Destination,Sector 72,28.57108,77.3862918,13,41,54,Dense (20+)
18163938,Gangaur Sweets,Sector 72,28.5914755,77.3809101,3,4,84,Light (1-5)
312316,Handi,Sector 72,28.585038,77.3997654,9,9,18,Moderate (6-20)
18424201,Hungry Inn,Sector 72,28.5722375,77.3863299,13,41,59,Dense (20+)
18429391,Keventers,Sector 72,28.5723004,77.3864019,13,41,59,Dense (20+)
18126089,La-Cuisine,Sector 72,28.5868911,77.4013017,9,9,13,Moderate (6-20)
18337921,Melting Flavours,Sector 72,28.5663966,77.3810922,23,37,126,Dense (20+)
18462972,Mighty Mughlai,Sector 72,28.57605503,77.32181758,22,157,321,Dense (20+)
18014154,Mithaas,Sector 72,28.5879324,77.400309,9,9,16,Moderate (6-20)
18383462,Mood 4 Food,Sector 72,28.56920274,77.38469392,30,41,62,Dense (20+)
18435296,Northern Bytes,Sector 72,28.57173,77.3920718,2,18,52,Moderate (6-20)
18416867,Shahenshah,Sector 72,28.5905939,77.3833124,3,4,64,Light (1-5)
18383535,Sugar Daddy Bakers,Sector 72,28.566406,77.3819125,24,37,114,Dense (20+)
18418649,Swag Sadda Desi,Sector 72,28.5851413,77.3992328,9,9,19,Moderate (6-20)
18313143,The Chinese Hut,Sector 72,28.5645272,77.38271,22,37,73,Dense (20+)
18332053,Wild Chef House,Sector 72,28.5694254,77.3848705,27,41,62,Dense (20+)
18365588,Grub Patio,Sector 72,28.5664155,77.3810436,22,37,126,Dense (20+)
18423131,The Grill @ 76,Sector 72,28.5665424,77.3821963,24,37,97,Dense (20+)
18418250,Zooby's Kitchen,Sector 72,28.5663598,77.3814563,23,37,126,Dense (20+)
18439523,4U,Sector 72,28.5659688,77.3813897,22,37,126,Dense (20+)
18471723,Aadhya Bakery & Foods,Sector 72,28.5891989,77.3803972,3,7,86,Moderate (6-20)
18430582,Bake Walkers,Sector 72,28.5914573,77.3805766,3,5,84,Light (1-5)
18451827,Bean Machine & Co.,Sector 72,28.588073,77.400003,9,9,16,Moderate (6-20)
18439527,Big B Pastry Shop,Sector 72,28.5663512,77.3816692,24,37,123,Dense (20+)
18313605,Breadman Cake Shop,Sector 72,28.5706274,77.386365,13,41,54,Dense (20+)
18372662,Breaky2Dinner,Sector 72,28.5714727,77.3837255,14,41,65,Dense (20+)
18435336,Brijwasi Sweets,Sector 72,28.5853989,77.3991911,9,9,19,Moderate (6-20)
18418232,Cafe Hot Pot,Sector 72,28.58528,77.3992776,9,9,19,Moderate (6-20)
18433873,Chef's Curry,Sector 72,28.5722136,77.386199,13,41,59,Dense (20+)
18383464,Dilli Bakery,Sector 72,28.5664704,77.3812069,23,37,126,Dense (20+)
18354978,Domino's Pizza,Sector 72,28.5880007,77.3986498,9,9,16,Moderate (6-20)
18469970,Dove And Mouse,Sector 72,28.5639598,77.387573,5,40,57,Dense (20+)
18415977,Frozen Grillz,Sector 72,28.5645393,77.3851512,22,38,69,Dense (20+)
18439532,Ganesh Chinese Food Corner,Sector 72,28.5666463,77.3819508,24,37,115,Dense (20+)
18435288,Green Chick Chop,Sector 72,28.5704048,77.3864967,13,41,54,Dense (20+)
18383483,Handi Mitran Di,Sector 72,28.5665638,77.3822877,24,37,89,Dense (20+)
18442657,Hunger Tales,Sector 72,28.5419387,77.3346967,1,8,26,Moderate (6-20)
18435824,Hydrabad Biryani Express,Sector 72,28.5643503,77.3827156,22,37,73,Dense (20+)
18439529,Lucknow Wale Kwality Kabab,Sector 72,28.5664153,77.3807896,22,37,128,Dense (20+)
18435797,Mairu's,Sector 72,28.5646289,77.3851512,22,38,69,Dense (20+)
18435321,Meatwale.com,Sector 72,28.5707996,77.3863819,13,41,54,Dense (20+)
18383458,N E Great Foods,Sector 72,28.5711244,77.3846131,14,41,59,Dense (20+)
18352676,New Punjabi Tadka,Sector 72,28.5674429,77.3936272,2,19,42,Moderate (6-20)
18468948,Royal King,Sector 72,28.5717508,77.392176,3,18,52,Moderate (6-20)
18499472,The Dhaba,Sector 72,28.5665039,77.3812875,23,37,126,Dense (20+)
18396341,Tikka Express meets Chennai Express,Sector 72,28.585231,77.3992328,9,9,19,Moderate (6-20)
18431190,Vyanjan,Sector 72,28.5712706,77.3839456,14,41,63,Dense (20+)
18431976,Yolkers,Sector 72,28.58528,77.3992776,9,9,19,Moderate (6-20)
18466993,Zaika Kathi Rolls,Sector 72,28.5717732,77.3923332,3,18,52,Moderate (6-20)
18472450,Zaika of Dilli 6,Sector 72,28.5716155,77.3804176,5,38,130,Dense (20+)
18383503,Bikaner's,Sector 72,28.56639,77.3812288,23,37,126,Dense (20+)
311334,Chawla's 2,Sector 72,28.515425,77.37333611,12,16,35,Moderate (6-20)
18308083,Ginnis Oven,Sector 8,28.5963721,77.3246524,3,33,194,Dense (20+)
310240,Cream Bell,Sector 8,28.5960491,77.3227953,3,26,175,Dense (20+)
18206836,Whomely,Sector 83,28.52887237,77.39445644,0,24,45,Dense (20+)
18376500,Breaktym,Sector 93,28.5205286,77.3820287,11,23,59,Dense (20+)
308877,Chinese Chilli Seasonal,Sector 93,28.5136416,77.3851484,4,20,32,Moderate (6-20)
311768,Gopala,Sector 93,28.5146003,77.3853306,5,20,34,Moderate (6-20)
18423127,Hungry's Hut,Sector 93,28.5200041,77.3817427,11,26,59,Dense (20+)
300550,Kebabplus,Sector 93,28.5205903,77.3841646,10,22,59,Dense (20+)
18337891,Oh Buoy - Flying Fox,Sector 93,28.519906,77.381653,11,26,59,Dense (20+)
9724,Punjabi Pakwaan,Sector 93,28.5200799,77.38255,11,23,59,Dense (20+)
312558,The Dessert Table Company,Sector 93,28.5189985,77.3863173,11,17,59,Moderate (6-20)
312777,The Roll Van,Sector 93,28.5208059,77.3826397,11,22,59,Dense (20+)
1495,Kitchen Mantra,Sector 93,28.5205006,77.3841646,10,22,59,Dense (20+)
18258469,Wabi Sabi,Sector 93,28.5209491,77.3841646,10,20,59,Moderate (6-20)
18440423,Baskin Robbins,Sector 93,28.5143927,77.3854509,4,20,34,Moderate (6-20)
18385532,Choicest Cakes,Sector 93,28.5144055,77.3856446,4,20,34,Moderate (6-20)
18440409,Om Sweets Caterers & Bakery,Sector 93,28.5249223,77.3881327,1,29,59,Dense (20+)
18271099,Spicy Affair,Sector 93,28.519906,77.381653,11,26,59,Dense (20+)
311701,The Bakery Mart,Sector 93,28.5204779,77.3820118,11,23,59,Dense (20+)
302925,Southern Flavours,Sector 93,28.5143706,77.3854743,4,20,34,Moderate (6-20)
18385889,Cakebak,"Shopprix Mall, Sector 61, Noida",28.59579437,77.36500047,30,37,138,Dense (20+)
18371420,Fire n Ice,"Shopprix Mall, Sector 61, Noida",28.5971027,77.3648332,29,37,140,Dense (20+)
308737,Adarsh Kulfi,"Spice World Mall, Sector 25",28.5854737,77.3404494,21,39,183,Dense (20+)
309693,Andaaz E Paranthas,"Spice World Mall, Sector 25",28.5854737,77.3404494,21,39,183,Dense (20+)
312241,Hot Fries,"Spice World Mall, Sector 25",28.5854737,77.3404494,21,39,183,Dense (20+)
390,Pizza Hut,"Spice World Mall, Sector 25",28.5864102,77.3413131,20,40,177,Dense (20+)
447,Rasoi E Punjab,"Spice World Mall, Sector 25",28.5854737,77.3404494,21,39,183,Dense (20+)
4482,Subway,"Spice World Mall, Sector 25",28.5864047,77.3398007,22,45,180,Dense (20+)
550,Haldiram's,"Spice World Mall, Sector 25",28.5861409,77.341214,21,40,179,Dense (20+)
303152,Legends Barbeques,"Spice World Mall, Sector 25",28.5862391,77.341371,21,40,178,Dense (20+)
18486858,6 Packs Momos,"Spice World Mall, Sector 25",28.586,77.3406022,22,41,179,Dense (20+)
18466970,Baskin Robbins,"Spice World Mall, Sector 25",28.5855119,77.341593,21,37,184,Dense (20+)
18431193,KBC_,"Spice World Mall, Sector 25",28.5863196,77.3409734,21,41,177,Dense (20+)
18258397,Nukkad Bites,"Spice World Mall, Sector 25",28.5835794,77.3373249,23,52,258,Dense (20+)
18431981,Pan Asian Noodles,"Spice World Mall, Sector 25",28.5863106,77.3409762,21,41,177,Dense (20+)
3212,Chicane,"Spice World Mall, Sector 25",28.5854928,77.3410212,21,38,181,Dense (20+)
8012,US Pizza,"Spice World Mall, Sector 25",28.5854928,77.3410212,21,38,181,Dense (20+)
312187,Angeethi Se,"Supertech Shopprix Mall, Sector 61",28.5971027,77.3648332,29,37,140,Dense (20+)
523,Barista,"Supertech Shopprix Mall, Sector 61",28.5971027,77.3648332,29,37,140,Dense (20+)
2480,BK's The Juice Bar,"Supertech Shopprix Mall, Sector 61",28.5971027,77.3648332,29,37,140,Dense (20+)
1733,Eden Kitchen & Bar,"Supertech Shopprix Mall, Sector 61",28.5973057,77.3646089,29,37,141,Dense (20+)
307145,Moti Mahal Delux Tandoori Trail,"Supertech Shopprix Mall, Sector 61",28.5970621,77.364878,29,37,139,Dense (20+)
1727,New Woks,"Supertech Shopprix Mall, Sector 61",28.5970621,77.364878,29,37,139,Dense (20+)
828,Otik Hotshop,"Supertech Shopprix Mall, Sector 61",28.5971027,77.3648332,29,37,140,Dense (20+)
393,Pizza Hut,"Supertech Shopprix Mall, Sector 61",28.5973425,77.36484054,29,37,143,Dense (20+)
1722,Punjabi Dhaba 61,"Supertech Shopprix Mall, Sector 61",28.5971298,77.3649169,29,37,139,Dense (20+)
2483,Punjabi Pakwaan,"Supertech Shopprix Mall, Sector 61",28.5971518,77.364878,29,37,140,Dense (20+)
1726,Spice of India,"Supertech Shopprix Mall, Sector 61",28.5971433,77.3647883,29,37,140,Dense (20+)
304934,Swaad,"Supertech Shopprix Mall, Sector 61",28.5970621,77.364878,29,37,139,Dense (20+)
305961,Yumm Biryani,"Supertech Shopprix Mall, Sector 61",28.5971097,77.3649068,29,37,139,Dense (20+)
308578,Otik Cake Shop,"Supertech Shopprix Mall, Sector 61",28.5971027,77.3648332,29,37,140,Dense (20+)
308750,Adarsh Kulfi,"Supertech Shopprix Mall, Sector 61",28.5971027,77.3648332,29,37,140,Dense (20+)
309971,Pizza Junction,"Supertech Shopprix Mall, Sector 61",28.59716667,77.36474722,29,37,140,Dense (20+)
386,Domino's Pizza,"Supertech Shopprix Mall, Sector 61",28.5971137,77.3649083,29,37,139,Dense (20+)
428,Sagar Ratna,"Supertech Shopprix Mall, Sector 61",28.5971027,77.3648332,29,37,140,Dense (20+)
18070483,Subway,"Supertech Shopprix Mall, Sector 61",28.59689799,77.36498103,29,37,139,Dense (20+)
7869,Barista,"The Great India Place, Sector 38",28.5675107,77.3258017,134,218,318,Dense (20+)
5610,Bikano Chat Cafe,"The Great India Place, Sector 38",28.5674499,77.325869,131,218,318,Dense (20+)
304103,Cafe Coffee Day,"The Great India Place, Sector 38",28.5678712,77.3262953,113,219,318,Dense (20+)
5598,Cafe Coffee Day,"The Great India Place, Sector 38",28.5676664,77.3260261,116,219,318,Dense (20+)
18233617,Chaayos,"The Great India Place, Sector 38",28.566702,77.3253081,146,213,312,Dense (20+)
300955,Chopaal Marwari,"The Great India Place, Sector 38",28.5670755,77.325482,149,216,314,Dense (20+)
18017237,Dolce Gelato,"The Great India Place, Sector 38",28.5680759,77.3265645,110,219,318,Dense (20+)
5619,Domino's Pizza,"The Great India Place, Sector 38",28.5675098,77.3255549,149,218,317,Dense (20+)
2191,Gelato Vinto,"The Great India Place, Sector 38",28.5677476,77.3259363,119,219,317,Dense (20+)
307447,Kebab Xpress,"The Great India Place, Sector 38",28.5672542,77.3254017,152,215,316,Dense (20+)
7932,McDonald's,"The Great India Place, Sector 38",28.5671503,77.3253081,149,214,314,Dense (20+)
1226,Pind Balluchi,"The Great India Place, Sector 38",28.5671588,77.3253979,149,215,316,Dense (20+)
8888,Ristorante Prego,"The Great India Place, Sector 38",28.5671588,77.3253979,149,215,316,Dense (20+)
4530,The Coffee Bean & Tea Leaf,"The Great India Place, Sector 38",28.56721958,77.32540604,151,215,315,Dense (20+)
18400768,Turquoise Turkish Ice-cream,"The Great India Place, Sector 38",28.5680759,77.3265645,110,219,318,Dense (20+)
409,Yo! China,"The Great India Place, Sector 38",28.5678221,77.3262504,113,219,318,Dense (20+)
7939,Baskin Robbins,"The Great India Place, Sector 38",28.5672537,77.3254972,152,217,318,Dense (20+)
18133480,Burger King,"The Great India Place, Sector 38",28.5671503,77.3253081,149,214,314,Dense (20+)
791,Costa Coffee,"The Great India Place, Sector 38",28.5674465,77.3260709,115,219,317,Dense (20+)
486,Crazy Noodles,"The Great India Place, Sector 38",28.5678881,77.3264748,113,219,318,Dense (20+)
18208913,Jack Po!tato's,"The Great India Place, Sector 38",28.5671054,77.3253509,149,215,315,Dense (20+)
3251,Mandarin Trail,"The Great India Place, Sector 38",28.5672163,77.3255325,148,217,318,Dense (20+)
308774,Nazeer Foods,"The Great India Place, Sector 38",28.5674287,77.3256447,146,218,317,Dense (20+)
394,Pizza Hut,"The Great India Place, Sector 38",28.5672492,77.3255133,151,217,318,Dense (20+)
302421,Shree Rathnam,"The Great India Place, Sector 38",28.5680132,77.3261382,116,220,317,Dense (20+)
1244,TGI Friday's,"The Great India Place, Sector 38",28.5676834,77.3262056,113,219,318,Dense (20+)
5689,Thaal Vaadi,"The Great India Place, Sector 38",28.5680132,77.3261382,116,220,317,Dense (20+)
18431152,Cafe' Wow,"The Great India Place, Sector 38",28.5675141,77.3255998,146,218,317,Dense (20+)
18431158,Chocolate Fountain,"The Great India Place, Sector 38",28.5671588,77.3253979,149,215,316,Dense (20+)
18430892,McDonald's,"The Great India Place, Sector 38",28.5680759,77.3265645,110,219,318,Dense (20+)
18430870,Tea Trails,"The Great India Place, Sector 38",28.564185,77.324803,76,175,301,Dense (20+)
18428504,The Hangout-Deli,"The Great India Place, Sector 38",28.5677509,77.32321292,159,195,314,Dense (20+)
2979,Chopaal,"The Great India Place, Sector 38",28.5671503,77.3253081,149,214,314,Dense (20+)
3237,Club Ice Cube,"The Great India Place, Sector 38",28.5680674,77.3264748,113,220,317,Dense (20+)
2025,Moti Mahal Delux Tandoori Trail,"The Great India Place, Sector 38",28.5670397,77.325445,149,215,314,Dense (20+)
3149,The Punjabiis Restro Bar,"The Great India Place, Sector 38",28.5671588,77.3253979,149,215,316,Dense (20+)
18255134,Sky Grill,"Tulip Mall, Sector 48, Noida",28.5575368,77.3675243,15,40,122,Dense (20+)
18277023,Bread & Pasta,"Tulip Mall, Sector 48, Noida",28.5579292,77.3673027,15,39,125,Dense (20+)
18313203,Chillies Cafe,"Tulip Mall, Sector 48, Noida",28.5578418,77.367188,15,39,124,Dense (20+)
18254559,Platters,"Tulip Mall, Sector 48, Noida",28.5579297,77.3673216,15,39,125,Dense (20+)
18255132,The Grand,"Tulip Mall, Sector 48, Noida",28.5578518,77.367188,15,39,124,Dense (20+)
