Restaurant ID,Restaurant Name,Votes,Aggregate rating,Cred_Rating,shrinkage_weight,rank_raw,rank_cred,rank_change
3400025,Jahanpanah,140,3.9,3.7577382579381347,0.25925925925925924,807.0,994.0,-187.0
3400341,Rangrezz Restaurant,71,3.5,3.4392710895858953,0.4083333333333333,2195.0,2384.0,-189.0
3400005,Time2Eat - Mama Chicken,94,3.6,3.514772942309843,0.34265734265734266,1785.0,1929.0,-144.0
3400021,Chokho Jeeman Marwari Jain Bhojanalya,87,4.0,3.766268608458143,0.3602941176470588,614.0,961.0,-347.0
3400017,Pinch Of Spice,177,4.2,4.015984649337644,0.2168141592920354,289.0,419.0,-130.0
3400325,MoMo Cafe,45,4.0,3.661835433513909,0.5212765957446809,614.0,1321.0,-707.0
3400059,Peshawri - ITC Mughal,133,4.3,4.044574344781909,0.2692307692307692,190.0,386.0,-196.0
3400060,Taj Bano - ITC Mughal,41,4.0,3.6468058972256383,0.5444444444444444,614.0,1376.0,-762.0
3400348,G Thal,59,3.6,3.487153062502847,0.4537037037037037,1785.0,2047.0,-262.0
3400072,Dawat-e-Nawab - Radisson Blu,46,3.8,3.5685529552663944,0.5157894736842106,1087.0,1675.0,-588.0
3400019,Dasaprakash Restaurant,121,4.1,3.8841913573547497,0.28823529411764703,429.0,650.0,-221.0
3400033,The Charcoal Chimney,70,3.4,3.379937233195861,0.4117647058823529,2648.0,2828.0,-180.0
3400350,Bon Barbecue,57,3.8,3.5925710448142216,0.46226415094339623,1087.0,1560.0,-473.0
3400016,Pind Balluchi,175,3.7,3.623716655135301,0.21875,1422.0,1463.0,-41.0
3400105,Pizza Hut,134,4.4,4.119194157105506,0.2677595628415301,116.0,281.0,-165.0
3400326,Tea'se Me - Rooftop Tea Boutique,166,4.2,4.006569910466546,0.22790697674418606,289.0,433.0,-144.0
3400392,Thaaliwala,168,4.1,3.930933321429988,0.22580645161290322,429.0,568.0,-139.0
111895,650 - The Global Kitchen,1582,4.2,4.174501858216007,0.030042918454935622,289.0,227.0,62.0
110502,Patang - The Revolving Restaurant,1315,3.7,3.687472529875592,0.03592375366568915,1422.0,1209.0,213.0
18396250,Huber & Holly,217,4.5,4.288392972745517,0.18421052631578946,79.0,140.0,-61.0
113702,@Mango,769,4.1,4.055149793093285,0.05990220048899755,429.0,363.0,66.0
113433,Fozzie's Pizzaiolo,731,4.3,4.2404006804491114,0.06282051282051282,190.0,186.0,4.0
18438909,La Pino'z Pizza,113,4.4,4.082793399693256,0.30246913580246915,116.0,312.0,-196.0
18143128,Mocha,944,4.4,4.348250282729413,0.04934541792547835,116.0,109.0,7.0
18438944,Blue -  Rooftop Cafe Restaurant Bistro,63,3.8,3.603683310270602,0.4375,1087.0,1534.0,-447.0
110436,MoMo Cafí© - Courtyard By Marriott,375,3.6,3.5712559687507253,0.11556603773584906,1785.0,1658.0,127.0
18385201,Cryo Lab,166,4.6,4.315407119768872,0.22790697674418606,44.0,127.0,-83.0
110395,Swati Snacks,697,4.4,4.331115992962879,0.06568364611260054,116.0,117.0,-1.0
18335583,Brick Kitchen,325,4.3,4.1757019538778275,0.13101604278074866,190.0,224.0,-34.0
110237,Kabir Restaurant,432,3.8,3.754288005717895,0.10187110187110188,1087.0,1004.0,83.0
113537,Puffizza,744,4.3,4.241377718474537,0.0617906683480454,190.0,184.0,6.0
113703,Cafe Alfresco,404,4.0,3.9298289862037694,0.10816777041942605,614.0,570.0,44.0
18385186,The Cafe Baraco,317,4.4,4.259597078552753,0.13387978142076504,116.0,168.0,-52.0
113325,Nini's Kitchen,1138,4.5,4.452580059604303,0.041280539174389216,79.0,70.0,9.0
111826,Yanki Sizzlers,1041,4.1,4.066341771330557,0.044954128440366975,429.0,347.0,82.0
110516,The Garden Cafe - The Fern,192,4.1,3.947769837138205,0.2033195020746888,429.0,533.0,-104.0
18371341,Mazzo,166,3.9,3.774942003489802,0.22790697674418606,807.0,929.0,-122.0
113570,Turquoise Villa,535,4.0,3.9455694019697045,0.0839041095890411,614.0,537.0,77.0
2400020,Aryan Family's Delight,57,3.4,3.37747670519158,0.46226415094339623,2648.0,2876.0,-228.0
2400148,Bean Here,76,3.3,3.32010024600246,0.392,3125.0,3746.0,-621.0
2400019,Bikanerwala,51,3.2,3.274125307503075,0.49,3596.0,5026.0,-1430.0
2400193,Dewsis,99,3.4,3.383868451015591,0.3310810810810811,2648.0,2770.0,-122.0
2400027,Friends Forever,83,3.4,3.381913111744754,0.3712121212121212,2648.0,2799.0,-151.0
17960073,Hotel Ravisha Continental,18,3.4,3.364366130601604,0.7313432835820896,2648.0,3086.0,-438.0
2400119,KFC,58,3.4,3.377687203273902,0.45794392523364486,2648.0,2872.0,-224.0
2400014,McDonald's,53,3.3,3.3246326544147786,0.4803921568627451,3125.0,3618.0,-493.0
2400403,Pind Balluchi,6,3.2,3.334773286369227,0.8909090909090909,3596.0,3280.0,316.0
2400349,Pizza Hut,35,3.4,3.3715777470274695,0.5833333333333334,2648.0,2961.0,-313.0
2400279,Subway,32,3.4,3.3705250709914503,0.6049382716049383,2648.0,2987.0,-339.0
2400017,Tandoor Restaurant,151,3.2,3.2370626537515377,0.245,3596.0,5394.0,-1798.0
2400144,The Tamarind Tree,106,3.4,3.3845969725826284,0.3161290322580645,2648.0,2753.0,-105.0
2400195,Cafe El Chico,59,3.6,3.487153062502847,0.4537037037037037,1785.0,2047.0,-262.0
2400052,Eat On,105,3.7,3.589042407469529,0.3181818181818182,1422.0,1573.0,-151.0
2400016,Hot Stuff,105,3.5,3.4526787711058926,0.3181818181818182,2195.0,2300.0,-105.0
2400293,Paradise,57,3.6,3.485023875002901,0.46226415094339623,1785.0,2065.0,-280.0
2400009,Sagar Ratna,134,3.5,3.460177763662882,0.2677595628415301,2195.0,2242.0,-47.0
2400010,Moti Mahal Delux,58,3.3,3.323481595797266,0.45794392523364486,3125.0,3677.0,-552.0
2200011,Makhan Fish and Chicken Corner,345,3.4,3.393940433376415,0.12436548223350254,2648.0,2636.0,12.0
2200078,Charming Chicken,151,3.9,3.765562653751537,0.245,807.0,966.0,-159.0
18204507,Ahuja Milk Bhandar,52,4.0,3.6852725816862124,0.48514851485148514,614.0,1218.0,-604.0
2200030,Crystal Restaurant,122,3.4,3.386038191522266,0.28654970760233917,2648.0,2734.0,-86.0
2200201,Brijwasi Chat Bhandar,56,3.6,3.4839288642886426,0.4666666666666667,1785.0,2072.0,-287.0
2200067,Bubby Fish & Chicken Corner,91,3.5,3.447946648216482,0.35,2195.0,2330.0,-135.0
2200358,Bon Gateau,26,3.4,3.3681670766707663,0.6533333333333333,2648.0,3019.0,-371.0
2200001,The Yellow Chilli,98,3.4,3.383758712587126,0.3333333333333333,2648.0,2772.0,-124.0
2200033,La Roma Pizzeria,111,3.5,3.4544533171894214,0.30625,2195.0,2288.0,-93.0
2200283,Sakhis Watz Kukin,51,3.6,3.478125307503075,0.49,1785.0,2109.0,-324.0
2200045,The Kulcha Land,206,3.9,3.7945589441188528,0.19215686274509805,807.0,865.0,-58.0
2200149,Shudh Restaurant,44,3.4,3.3743282876377148,0.5268817204301075,2648.0,2920.0,-272.0
2200043,Bade Bhai Ka Brothers' Dhaba,94,3.7,3.5805072080441085,0.34265734265734266,1422.0,1605.0,-183.0
2200044,Bharawan Da Dhaba,461,3.5,3.485710844608446,0.09607843137254903,2195.0,2063.0,132.0
2200132,Brothers Dhaba,276,3.8,3.7323462484624845,0.15076923076923077,1087.0,1072.0,15.0
2200236,Brothers' Amritsari Dhaba,71,3.8,3.616771089585896,0.4083333333333333,1087.0,1488.0,-401.0
2200175,Gurdas Ram Jalebi Wala,104,4.1,3.8602126192830553,0.3202614379084967,429.0,716.0,-287.0
2200000,Kesar Da Dhabha,878,4.1,4.0604234420175915,0.05285868392664509,429.0,356.0,73.0
2200055,Beera Chicken Corner,192,3.8,3.7087656877606117,0.2033195020746888,1087.0,1140.0,-53.0
2200034,Surjit Food Plaza,96,3.5,3.449741591381431,0.33793103448275863,2195.0,2317.0,-122.0
2200153,Kanha Sweets,140,4.1,3.905886406086283,0.25925925925925924,429.0,614.0,-185.0
2500023,Kream N Krunch,240,3.6,3.5578288261256312,0.1695501730103806,1785.0,1734.0,51.0
2500076,Balbeer's Kitchen & Bar,65,3.3,3.3220397434237494,0.4298245614035088,3125.0,3697.0,-572.0
2500054,Angeethi Restaurant,63,3.3,3.322433310270602,0.4375,3125.0,3694.0,-569.0
2500134,Domino's Pizza,19,3.1,3.2810666286809926,0.7205882352941176,4106.0,4944.0,-838.0
2500069,Hotel Laadli,46,3.4,3.3748687447400787,0.5157894736842106,2648.0,2909.0,-261.0
2500256,Indiana Veg Restaurant,75,3.4,3.3807462157282857,0.3951612903225806,2648.0,2815.0,-167.0
2500024,Madhuban Restaurant - Welcome Hotel Rama International,94,3.4,3.383304410841311,0.34265734265734266,2648.0,2777.0,-129.0
2500075,Mauj Restaurant,47,3.3,3.326172195315703,0.5104166666666666,3125.0,3483.0,-358.0
2500029,Naivedya,71,3.4,3.380104422919229,0.4083333333333333,2648.0,2826.0,-178.0
2500079,d' Curry House,73,3.6,3.5001027110680942,0.4016393442622951,1785.0,1988.0,-203.0
2500343,Mokoholic Juice Bar,21,3.5,3.395893296432964,0.7,2195.0,2607.0,-412.0
2500052,Ashoka's Veg Restaurant,46,3.3,3.3264476921084998,0.5157894736842106,3125.0,3479.0,-354.0
2500062,Kareem's Fine Dining,45,3.3,3.3267290505351856,0.5212765957446809,3125.0,3477.0,-352.0
2500056,That Baat,34,3.4,3.371235310244668,0.5903614457831325,2648.0,2973.0,-325.0
2500030,Bhoj Restaurant,89,3.7,3.5761777590601995,0.35507246376811596,1422.0,1626.0,-204.0
2500390,Downside Up,8,3.2,3.330044399128201,0.8596491228070176,3596.0,3397.0,199.0
2500007,Kareem's Kabab & Biryani,39,3.4,3.3728696676171306,0.5568181818181818,2648.0,2939.0,-291.0
2500123,Great Sagar Restaurant,74,3.3,3.3204270792707926,0.3983739837398374,3125.0,3741.0,-616.0
2500122,Kailash Restaurant,76,3.3,3.32010024600246,0.392,3125.0,3746.0,-621.0
2500346,Yalla Yalla,71,3.3,3.320937756252562,0.4083333333333333,3125.0,3736.0,-611.0
50943,Sultans of Spice,2416,4.1,4.08511664533481,0.019878296146044624,429.0,310.0,119.0
58268,The Fatty Bao - Asian Gastro Bar,2369,4.7,4.6726685404261,0.020264681555004136,28.0,21.0,7.0
51705,Toit,10934,4.8,4.7935366048211145,0.004461440407903123,19.0,10.0,9.0
18162866,Three Dots & A Dash,1354,3.9,3.8808357311121218,0.03492516037063435,807.0,668.0,139.0
18407918,Bombay Brasserie,231,4.2,4.051473324108241,0.175,289.0,370.0,-81.0
56464,Glen's Bakehouse,3533,4.0,3.9911257763122023,0.013679508654383027,614.0,451.0,163.0
18221572,Onesta,1413,4.3,4.268202825410607,0.033515731874145006,190.0,156.0,34.0
18359919,Onesta,781,4.6,4.526280157530491,0.05903614457831325,44.0,49.0,-5.0
18439634,ECHOES Koramangala,276,4.7,4.496653940770177,0.15076923076923077,28.0,54.0,-26.0
51040,Truffles,9667,4.7,4.693198078504561,0.005043227665706052,28.0,20.0,8.0
54162,The Black Pearl,5385,4.1,4.0932485334468725,0.0090172984909827,429.0,296.0,133.0
18305628,Eat Street,753,4.3,4.242035574501631,0.06109725685785536,190.0,182.0,8.0
18385443,Koramangala Social,1288,4.5,4.457900172588113,0.03664921465968586,79.0,67.0,12.0
56618,AB's - Absolute Barbecues,6907,4.6,4.591203641568474,0.007044278320874065,44.0,33.0,11.0
18353121,Flechazo,983,4.4,4.3502059406495235,0.04748062015503876,116.0,107.0,9.0
18366652,Onesta,627,4.6,4.509485992234183,0.07248520710059171,44.0,50.0,-6.0
18430785,Communiti,334,4.2,4.091416529374171,0.1279373368146214,289.0,298.0,-9.0
58882,Big Brewsky,5705,4.5,4.4902176800052676,0.00851581508515815,79.0,56.0,23.0
18422898,Hoot,405,3.9,3.8407764994500164,0.10792951541850221,807.0,773.0,34.0
18339874,Farzi Cafe,754,4.4,4.336005642279337,0.06102117061021171,116.0,116.0,0.0
2600472,Black N White Cafe,51,3.3,3.3251253075030744,0.49,3125.0,3523.0,-398.0
2600514,Maybe There,63,3.4,3.3786833102706026,0.4375,2648.0,2855.0,-207.0
2600109,Sagar Gaire Fast Food,427,4.9,4.740572543593084,0.10294117647058823,1.0,15.0,-14.0
2600311,The Kasbah,126,3.9,3.7463573185731853,0.28,807.0,1028.0,-221.0
2600008,Bake N Shake,223,4.2,4.047104892464366,0.1801470588235294,289.0,380.0,-91.0
2600031,10 Downing Street,257,4.0,3.8961193815369524,0.16013071895424835,614.0,630.0,-16.0
2600250,Chi Kitchen,103,4.0,3.79087191283097,0.3223684210526316,614.0,874.0,-260.0
2600025,Pizza Hut,118,4.1,3.8803145553910623,0.2934131736526946,429.0,669.0,-240.0
2600494,Kafe Kulture,98,3.8,3.650425379253792,0.3333333333333333,1087.0,1360.0,-273.0
18108352,Violet Hour,33,3.8,3.5318601311013107,0.5975609756097561,1087.0,1842.0,-755.0
2600079,Bapu Ki Kutia,175,3.5,3.467466655135301,0.21875,2195.0,2195.0,0.0
2600340,Da pizzeria,111,3.6,3.523828317189422,0.30625,1785.0,1880.0,-95.0
18461339,Papa Mexicano,20,3.6,3.4233700108740215,0.7101449275362319,1785.0,2469.0,-684.0
2600010,Bake N Shake,103,4.1,3.8586350707257067,0.3223684210526316,429.0,723.0,-294.0
2600230,Manohar Dairy And Restaurant,243,4.4,4.224015516268176,0.1678082191780822,116.0,193.0,-77.0
2600003,Manohar Dairy And Restaurant,238,4.1,3.9721690966909664,0.17073170731707318,429.0,489.0,-60.0
2600303,Kebabsville - Sayaji Hotel,128,4.3,4.037358930792697,0.2768361581920904,190.0,397.0,-207.0
2600180,Indian Coffee House,161,3.9,3.771964432144321,0.23333333333333334,807.0,935.0,-128.0
2600393,The Urban Socialite,79,3.8,3.6282228964867773,0.3828125,1087.0,1446.0,-359.0
2600007,Bake N Shake,120,4.3,4.02492621745744,0.28994082840236685,190.0,412.0,-222.0
2900587,Tyre Patty,289,3.9,3.8204512744091934,0.14497041420118342,807.0,823.0,-16.0
2900354,Silver Streak,379,4.1,4.014281613902587,0.11448598130841121,429.0,423.0,6.0
2900633,Barbeque Nation,154,4.6,4.298583895321712,0.2413793103448276,44.0,132.0,-88.0
18408676,Central Perk 7,145,4.5,4.2098584059294195,0.25257731958762886,79.0,200.0,-121.0
2900234,The Chicken Dinesty,247,3.9,3.809163955237525,0.16554054054054054,807.0,844.0,-37.0
2900550,Taste Of China,145,4.0,3.8361470657232344,0.25257731958762886,614.0,785.0,-171.0
18362677,Michael's Kitchen,118,3.7,3.5976798248521407,0.2934131736526946,1422.0,1550.0,-128.0
2900044,Mamma Mia - Mayfair Lagoon,256,4.1,3.9797132155747783,0.16065573770491803,429.0,474.0,-45.0
2900469,99 North Restaurant,173,3.6,3.54510148986625,0.22072072072072071,1785.0,1782.0,3.0
2900219,Adda,424,3.8,3.7535148641655547,0.10359408033826638,1087.0,1007.0,80.0
2900473,Chill Ummm,338,3.7,3.6558463326881334,0.12661498708010335,1422.0,1343.0,79.0
2900020,Lal Qila,228,3.7,3.6383123853801713,0.17689530685920576,1422.0,1410.0,12.0
2900562,Richard's Kitchen & Coffee Bar,253,3.8,3.727193810431482,0.16225165562913907,1087.0,1084.0,3.0
18413814,Aangan Horizon,90,4.0,3.7713131708655214,0.35251798561151076,614.0,937.0,-323.0
18235390,Brewberrys The Coffee Bar,197,4.0,3.870782645326453,0.1991869918699187,614.0,689.0,-75.0
2900640,Chai Break,69,4.3,3.9060383961890466,0.4152542372881356,190.0,613.0,-423.0
18271459,JUGAAD JN.,199,4.1,3.9520666562512394,0.1975806451612903,429.0,528.0,-99.0
18377283,Cha cTea,56,3.8,3.590595530955309,0.4666666666666667,1087.0,1569.0,-482.0
18408600,Food Fever,49,4.2,3.775638068880689,0.5,289.0,925.0,-636.0
2900012,Mainland China,345,4.3,4.182011499366262,0.12436548223350254,190.0,213.0,-23.0
18436042,Eram Rooftop,89,3.5,3.447192251813822,0.35507246376811596,2195.0,2336.0,-141.0
122003,The Night Factory,665,3.7,3.6760679702385257,0.06862745098039216,1422.0,1249.0,173.0
121552,Brooklyn Central,676,4.2,4.1426379734487,0.06758620689655172,289.0,255.0,34.0
121214,Chili's,970,4.3,4.254379323601872,0.04808635917566242,190.0,174.0,16.0
121553,Kylin Experience,300,4.1,3.9948783116054654,0.14040114613180515,429.0,444.0,-15.0
121312,Mocha,428,4.0,3.9333596032501204,0.10272536687631027,614.0,561.0,53.0
121335,Pirates of Grill,1022,4.0,3.970319823296272,0.0457516339869281,614.0,492.0,122.0
120014,Barbeque Nation,1450,4.5,4.46244998715831,0.03268845897264843,79.0,63.0,16.0
123125,TGI Friday's,228,4.3,4.132175201264648,0.17689530685920576,190.0,268.0,-78.0
120221,Pal Dhaba,982,3.8,3.778673647672461,0.0475266731328807,1087.0,917.0,170.0
122064,Midnight Chef,502,3.4,3.395667024955186,0.08892921960072596,2648.0,2618.0,30.0
120203,Nik Baker's,698,4.1,4.050886922021831,0.06559571619812583,429.0,371.0,58.0
120219,OvenFresh,397,4.1,4.017741100337012,0.10986547085201794,429.0,416.0,13.0
121425,Super Donuts,265,4.0,3.8987660214977944,0.15605095541401273,614.0,625.0,-11.0
123010,Taco Bell,252,4.2,4.061835650333248,0.16279069767441862,289.0,353.0,-64.0
123294,Karim's,86,3.3,3.318611338891167,0.362962962962963,3125.0,3886.0,-761.0
121120,Virgin Courtyard,817,4.4,4.340661120958785,0.05658198614318707,116.0,114.0,2.0
122940,Burgrill,249,4.5,4.311115875001032,0.1644295302013423,79.0,129.0,-50.0
122830,Uncle Jack's,356,4.0,3.9215124216056974,0.12098765432098765,614.0,585.0,29.0
69024,That Madras Place,1810,4.2,4.17762911820888,0.026358257127487898,289.0,221.0,68.0
72475,Haunted,519,3.8,3.761289666813921,0.08626760563380281,1087.0,980.0,107.0
70431,Pantry d'or,1504,4.4,4.366910837572639,0.031551835157759174,116.0,100.0,16.0
71443,Palmshore,841,4.2,4.15327250646102,0.0550561797752809,289.0,245.0,44.0
73088,Chili's,1262,4.8,4.7458524262016075,0.03737604881769641,19.0,14.0,5.0
18423075,Writer's Cafe,191,4.2,4.026718878126281,0.20416666666666666,289.0,411.0,-122.0
70890,Fusilli Reasons,1510,4.6,4.560752104394039,0.03143040410519564,44.0,40.0,4.0
71492,Ciclo Cafe,1004,4.1,4.065159098528307,0.04653371320037987,429.0,349.0,80.0
70092,Kaidi Kitchen,1820,4.0,3.9829922582933692,0.026217228464419477,614.0,466.0,148.0
70393,Bombay Brasserie,1753,4.6,4.5660446896505595,0.02719200887902331,44.0,37.0,7.0
70894,Maplai,1714,4.2,4.176410964691042,0.027793533749290982,289.0,223.0,66.0
73279,Paradise,1317,3.8,3.783903756039756,0.03587115666178624,1087.0,897.0,190.0
69951,L'amandier,1607,4.3,4.271927856733277,0.029589371980676328,190.0,152.0,38.0
72497,Palmshore,645,4.4,4.325954655259809,0.07060518731988473,116.0,123.0,-7.0
65413,Palmshore,742,4.3,4.241229495259554,0.061946902654867256,190.0,185.0,5.0
70497,Basil With A Twist,1210,4.5,4.4552919227564,0.03891977760127085,79.0,69.0,10.0
65055,Barbeque Nation,3848,4.4,4.386813582435286,0.012573774698486015,116.0,86.0,30.0
18384227,AB's - Absolute Barbecues,859,4.9,4.816423492015757,0.053964757709251104,1.0,8.0,-7.0
72604,Coal Barbecues,1267,4.6,4.553504962576222,0.03723404255319149,44.0,43.0,1.0
66457,Pind,2272,4.0,3.986304407906208,0.02111158983196898,614.0,458.0,156.0
18260777,Kuchi n Kream,202,4.6,4.356225222112779,0.1952191235059761,44.0,104.0,-60.0
3000107,Haribhavanam Hotel,318,3.9,3.826737141009012,0.1335149863760218,807.0,803.0,4.0
3000132,Kites Cafe,124,3.8,3.672904802024899,0.2832369942196532,1087.0,1264.0,-177.0
3000122,Zucca Pizzeria,274,3.5,3.477438175697546,0.15170278637770898,2195.0,2116.0,79.0
3001032,Burger Ka Baap,147,4.3,4.062819034440344,0.25,190.0,351.0,-161.0
3000021,The Cascade Restaurant,243,4.1,3.974357982021601,0.1678082191780822,429.0,485.0,-56.0
18434000,24 Plus Cafe & Restaurant,24,3.8,3.498801791100102,0.6712328767123288,1087.0,1993.0,-906.0
3000195,Valarmathi Kongunaatu Samayal,380,4.5,4.368793777972745,0.11421911421911422,79.0,97.0,-18.0
3000126,Bird On Tree,221,3.8,3.718564928704842,0.1814814814814815,1087.0,1109.0,-22.0
18280306,Tim's Bistro,85,3.9,3.6993472444052795,0.3656716417910448,807.0,1172.0,-365.0
3001489,Batlivala & Khanabhoy,40,4.2,3.732725064610196,0.550561797752809,289.0,1071.0,-782.0
3000770,Cafe Totaram,132,4.0,3.8243786229298755,0.27071823204419887,614.0,809.0,-195.0
3000062,Cream Centre,203,4.0,3.8738592490091563,0.19444444444444445,614.0,683.0,-69.0
3000016,On The Go,215,4.0,3.8795929195087404,0.1856060606060606,614.0,673.0,-59.0
3000014,Sree Annapoorna,225,4.3,4.130337703468276,0.17883211678832117,190.0,270.0,-80.0
3000001,That's Y Food,299,4.2,4.080495778018125,0.14080459770114942,289.0,320.0,-31.0
3001321,CakeBee,200,4.9,4.595231047189991,0.19678714859437751,1.0,31.0,-30.0
3000996,Yari,221,4.2,4.04597233611225,0.1814814814814815,289.0,383.0,-94.0
3001065,Cream Stone,161,4.3,4.0786310988109875,0.23333333333333334,190.0,324.0,-134.0
3000048,Barbeque Nation,505,4.4,4.3072428352893635,0.08844765342960288,116.0,130.0,-14.0
3500012,The Punjabi Essence Restaurant,102,3.6,3.5192882831146193,0.32450331125827814,1785.0,1904.0,-119.0
3500007,Tirupati Restaurant,115,3.8,3.665930065550655,0.29878048780487804,1087.0,1302.0,-215.0
3500017,Anandam,141,3.9,3.7584870039489866,0.2578947368421053,807.0,991.0,-184.0
3500018,Town Table Restaurant,173,3.9,3.778885273650033,0.22072072072072071,807.0,913.0,-106.0
3500011,Kalsang Friends Corner,406,4.2,4.108598968681995,0.1076923076923077,289.0,287.0,2.0
18416632,The Great Indian Pub,50,4.9,4.1334599065687625,0.494949494949495,1.0,266.0,-265.0
18408585,Punjab Grill,98,4.0,3.7837587125871255,0.3333333333333333,614.0,899.0,-285.0
3500059,TBistro,230,3.8,3.721191866488557,0.17562724014336917,1087.0,1100.0,-13.0
3500081,Y Cafe & Restaurant,94,4.0,3.777710005246905,0.34265734265734266,614.0,919.0,-305.0
17971273,Eddie's Patisserie,64,4.1,3.775332130533694,0.4336283185840708,429.0,928.0,-499.0
3500365,First Gear Cafe,131,3.9,3.750625170835041,0.2722222222222222,807.0,1017.0,-210.0
3500013,Dunkin Donuts,101,3.9,3.7207502050020493,0.32666666666666666,807.0,1102.0,-295.0
3500024,Doon Darbar,121,3.9,3.741838416178279,0.28823529411764703,807.0,1041.0,-234.0
3500488,Razzmatazz,39,3.9,3.5944605767080393,0.5568181818181818,807.0,1557.0,-750.0
3500505,Barbeque Nation,66,4.4,3.9531524413070223,0.4260869565217391,116.0,524.0,-408.0
3500010,Black Pepper Restaurant,175,4.0,3.858091655135301,0.21875,614.0,725.0,-111.0
3500414,Cafe Marigold,104,4.1,3.8602126192830553,0.3202614379084967,429.0,716.0,-287.0
18440677,Jalapenos,68,4.2,3.844551544874423,0.4188034188034188,289.0,763.0,-474.0
3500484,Kalsang AMA Cafe,89,4.2,3.8986415271761414,0.35507246376811596,289.0,626.0,-337.0
301728,Desire Foods,4,2.9,3.317217561326556,0.9245283018867925,5082.0,3922.0,1160.0
5992,Knight Rock,16,2.8,3.2155773961585763,0.7538461538461538,5462.0,5534.0,-72.0
301730,Punjab Restaurant,8,2.8,3.2739040482510084,0.8596491228070176,5462.0,5033.0,429.0
301729,Raju Dhaba,8,2.9,3.2879391359703063,0.8596491228070176,5082.0,4805.0,277.0
301731,Rakheja Bakery,7,2.8,3.2823666205412048,0.875,5462.0,4890.0,572.0
311053,Snax Points,4,3.0,3.324764731137877,0.9245283018867925,4617.0,3529.0,1088.0
304046,Cafe And More,4,2.9,3.317217561326556,0.9245283018867925,5082.0,3922.0,1160.0
309936,Green Chick Chop,7,3.0,3.307366620541205,0.875,4617.0,4362.0,255.0
309927,Kolkata Hot Kathi Rolls,11,2.9,3.2685421791717912,0.8166666666666667,5082.0,5109.0,-27.0
18037826,Kebab Xpress,49,2.8,3.075638068880689,0.5,5462.0,5984.0,-522.0
301163,McDonald's,58,3.4,3.377687203273902,0.45794392523364486,2648.0,2872.0,-224.0
4931,Suruchi,233,3.4,3.3915337969869057,0.17375886524822695,2648.0,2658.0,-10.0
1804,Berco's,508,3.8,3.7605251898569256,0.08797127468581688,1087.0,983.0,104.0
312102,Dunkin' Donuts,98,3.6,3.5170920459204593,0.3333333333333333,1785.0,1917.0,-132.0
18217857,The Chocolate Room,59,3.6,3.487153062502847,0.4537037037037037,1785.0,2047.0,-262.0
311051,KFC,57,2.1,2.6784201014179954,0.46226415094339623,6480.0,6433.0,47.0
18133510,Barbeque Nation,299,4.0,3.9086566975583548,0.14080459770114942,614.0,610.0,4.0
308380,Yo! China,239,4.1,3.9726129539941226,0.1701388888888889,429.0,488.0,-59.0
6077,Giani's,16,3.2,3.314038934620115,0.7538461538461538,3596.0,4073.0,-477.0
308082,Momo-Cha,16,2.7,3.190962011543192,0.7538461538461538,5776.0,5653.0,123.0
309558,Shree Rathnam,48,3.4,3.3753869149516236,0.5051546391752577,2648.0,2906.0,-258.0
8128,Mirage Restro Bar,25,2.4,3.0298990641933443,0.6621621621621622,6325.0,6077.0,248.0
9785,Gelato Vinto,12,2.8,3.2428283729558602,0.8032786885245902,5462.0,5351.0,111.0
6025,Cakes 'n Bakes - Park Plaza,15,3.0,3.2689457929735544,0.765625,4617.0,5096.0,-479.0
6013,Cafe Bite,19,3.2,3.3090078051515808,0.7205882352941176,3596.0,4307.0,-711.0
8153,Cafe Light,8,2.8,3.2739040482510084,0.8596491228070176,5462.0,5033.0,429.0
18279477,Momo-Cha,20,2.8,3.191485952903007,0.7101449275362319,5462.0,5645.0,-183.0
18359331,Oregano India,11,3.1,3.305208845838458,0.8166666666666667,4106.0,4413.0,-307.0
301151,Sagar Bakery,11,3.0,3.2868755125051248,0.8166666666666667,4617.0,4833.0,-216.0
18204479,Smugglers,7,3.1,3.319866620541205,0.875,4106.0,3750.0,356.0
2198,Welcome,13,2.9,3.256653721779153,0.7903225806451613,5082.0,5242.0,-160.0
18258480,Chimney,25,3.3,3.3339531182473983,0.6621621621621622,3125.0,3294.0,-169.0
9698,Chopstick,22,3.0,3.242430010567711,0.6901408450704225,4617.0,5361.0,-744.0
8326,Hot & Tasty Chinese Food,26,2.6,3.090833743337433,0.6533333333333333,6026.0,5955.0,71.0
18270379,Sanjha Chulha,16,2.9,3.2401927807739614,0.7538461538461538,5082.0,5376.0,-294.0
304006,Frontier,7,2.9,3.2948666205412054,0.875,5082.0,4662.0,420.0
308957,Oxy Lounge,28,3.1,3.2599029967572397,0.6363636363636364,4106.0,5196.0,-1090.0
18383469,Al Bake,31,3.2,3.2926566343788437,0.6125,3596.0,4702.0,-1106.0
1367,Anupam Sweet,70,3.4,3.379937233195861,0.4117647058823529,2648.0,2828.0,-180.0
9650,Cafe Coffee Day,67,3.3,3.321659747847478,0.4224137931034483,3125.0,3701.0,-576.0
308335,Chicago Pizza,35,2.7,3.079911080360803,0.5833333333333334,5776.0,5977.0,-201.0
18391065,Crispy Crust,22,3.4,3.3663736725395417,0.6901408450704225,2648.0,3046.0,-398.0
301193,Frontier,17,3.3,3.3380686477319315,0.7424242424242424,3125.0,3217.0,-92.0
18107832,Gulab,39,2.6,3.018324213071676,0.5568181818181818,6026.0,6096.0,-70.0
18089254,Hunger Cure Express,35,3.3,3.329911080360803,0.5833333333333334,3125.0,3409.0,-284.0
312981,Maitre Patissier,35,3.4,3.3715777470274695,0.5833333333333334,2648.0,2961.0,-313.0
18082235,Momo-Cha,32,2.7,3.0939818611149073,0.6049382716049383,5776.0,5949.0,-173.0
18138421,Nirula's,14,2.6,3.184325884925516,0.7777777777777778,6026.0,5684.0,342.0
18421965,The Grub House,17,2.7,3.183523193186477,0.7424242424242424,5776.0,5688.0,88.0
303267,Twenty Four Seven,35,3.4,3.3715777470274695,0.5833333333333334,2648.0,2961.0,-313.0
7471,Cafe Parmesan,799,4.5,4.43362326739423,0.05778301886792453,79.0,75.0,4.0
18219542,Briosca,62,3.6,3.4902029797325,0.44144144144144143,1785.0,2033.0,-248.0
18355112,Burger Point,24,3.5,3.400171654113801,0.6712328767123288,2195.0,2585.0,-390.0
18270895,Cafe Grub Up,134,3.8,3.6798498948104235,0.2677595628415301,1087.0,1231.0,-144.0
18313839,Cakes At Bhawanas,26,3.5,3.402833743337433,0.6533333333333333,2195.0,2572.0,-377.0
5005,Chaudhary Bhojnalaya,93,3.6,3.514172751762729,0.34507042253521125,1785.0,1935.0,-150.0
1820,Chickenette,280,3.7,3.6480624034963753,0.14893617021276595,1422.0,1371.0,51.0
3863,Giani,70,3.6,3.4975842920193903,0.4117647058823529,1785.0,1998.0,-213.0
9814,Green Chick Chop,31,3.5,3.4089066343788432,0.6125,2195.0,2540.0,-345.0
18474912,Hash Stix,25,3.6,3.4353044695987496,0.6621621621621622,1785.0,2409.0,-624.0
18161568,Juice On Go,18,3.5,3.391231802243395,0.7313432835820896,2195.0,2663.0,-468.0
18416829,Keventers,27,3.6,3.439638562504046,0.6447368421052632,1785.0,2378.0,-593.0
18400756,MD's Kebabs & Curries,27,3.8,3.5106911940829932,0.6447368421052632,1087.0,1945.0,-858.0
301177,Perfect Bake,39,3.5,3.417187849435312,0.5568181818181818,2195.0,2503.0,-308.0
6161,Perfect Bake,126,3.6,3.5303573185731856,0.28,1785.0,1848.0,-63.0
2565,Sethi's Delicacy,75,3.8,3.6226816995992537,0.3951612903225806,1087.0,1467.0,-380.0
3866,Subway,143,3.5,3.4620444309911846,0.2552083333333333,2195.0,2233.0,-38.0
18250288,Cafí© Bogchi,153,4.1,3.918378865100532,0.24257425742574257,429.0,592.0,-163.0
1430,Ashoka Restaurant,43,2.9,3.140353595112038,0.532608695652174,5082.0,5846.0,-764.0
18393702,Baskin Robbins,4,2.9,3.317217561326556,0.9245283018867925,5082.0,3922.0,1160.0
6152,China Hot Pot,25,2.5,3.063682847977128,0.6621621621621622,6216.0,6014.0,202.0
306962,Handi Chhadeyan Di,26,3.1,3.264167076670766,0.6533333333333333,4106.0,5163.0,-1057.0
18445360,Hungrill,4,3.0,3.324764731137877,0.9245283018867925,4617.0,3529.0,1088.0
6150,Kant Khana Khazana,22,3.4,3.3663736725395417,0.6901408450704225,2648.0,3046.0,-398.0
18421024,Open Yard,14,3.3,3.339881440481071,0.7777777777777778,3125.0,3180.0,-55.0
18471260,Recipe Badshah,8,3.1,3.3160093114089033,0.8596491228070176,4106.0,4009.0,97.0
18367316,The Chai Cafe,8,3.1,3.3160093114089033,0.8596491228070176,4106.0,4009.0,97.0
304001,Eat N Treat,20,2.8,3.191485952903007,0.7101449275362319,5462.0,5645.0,-183.0
8319,Hotel Ekant,39,2.7,3.062642394889858,0.5568181818181818,5776.0,6016.0,-240.0
303871,Momo-Cha,56,2.7,3.003928864288643,0.4666666666666667,5776.0,6117.0,-341.0
8321,Paradise Inn,43,2.7,3.0468753342424724,0.532608695652174,5776.0,6048.0,-272.0
311047,Red Chilli,9,2.8,3.2657332887984047,0.8448275862068966,5462.0,5138.0,324.0
8320,Shiv Restaurant,20,2.7,3.1625004456566304,0.7101449275362319,5776.0,5771.0,5.0
8308,Sohan Sweets & Namkeen,41,3.2,3.2823614527811946,0.5444444444444444,3596.0,4909.0,-1313.0
18303717,The Binge Box Cafe,18,3.4,3.364366130601604,0.7313432835820896,2648.0,3086.0,-438.0
304004,Tmos Moving Feast,76,3.3,3.32010024600246,0.392,3125.0,3746.0,-621.0
18420432,Parkash Dhaba,6,3.0,3.3129551045510452,0.8909090909090909,4617.0,4096.0,521.0
9824,Sanjha Chulha,219,3.3,3.309375114739953,0.1828358208955224,3125.0,4306.0,-1181.0
8029,Hareram Bikanerzaika,11,2.8,3.2502088458384577,0.8166666666666667,5462.0,5291.0,171.0
312788,Kulcha Paaji,12,3.1,3.3018447663984833,0.8032786885245902,4106.0,4525.0,-419.0
309672,Shree Bikaner Misthan Bhandar,13,2.8,3.235685979843669,0.7903225806451613,5462.0,5401.0,61.0
18359861,"The Hub - Gourmet, Bakers & More",7,3.0,3.307366620541205,0.875,4617.0,4362.0,255.0
18369105,Funk House Cafe,15,2.6,3.1751957929735544,0.765625,6026.0,5721.0,305.0
18133473,Shiksha Fast Food,5,2.9,3.309491310190879,0.9074074074074074,5082.0,4258.0,824.0
8167,Lalit Kathi Rolls Momos,9,3.1,3.312285012936336,0.8448275862068966,4106.0,4179.0,-73.0
18420465,Butter & Grace,7,3.1,3.319866620541205,0.875,4106.0,3750.0,356.0
309656,Green Chick Chop,9,3.1,3.312285012936336,0.8448275862068966,4106.0,4179.0,-73.0
305235,Snacks Bar,4,2.9,3.317217561326556,0.9245283018867925,5082.0,3922.0,1160.0
1414,Anupama Sweets & Family Restaurant,28,2.7,3.1144484513026947,0.6363636363636364,5776.0,5899.0,-123.0
304112,Shree Rathnam,29,2.7,3.109135009619327,0.6282051282051282,5776.0,5914.0,-138.0
18204478,Desi Tadka,6,3.0,3.3129551045510452,0.8909090909090909,4617.0,4096.0,521.0
18444264,Destination Live,12,3.3,3.3411890286935653,0.8032786885245902,3125.0,3150.0,-25.0
9224,Kay's Bake Land,19,3.1,3.2810666286809926,0.7205882352941176,4106.0,4944.0,-838.0
8054,Kay's Food Land,14,3.1,3.2954369960366265,0.7777777777777778,4106.0,4638.0,-532.0
304114,Laziz Restaurant,11,2.8,3.2502088458384577,0.8166666666666667,5462.0,5291.0,171.0
1413,Le Chef Restro Bar,70,2.7,2.968172527313508,0.4117647058823529,5776.0,6183.0,-407.0
1715,Republic of Chicken,18,3.1,3.283769115676231,0.7313432835820896,4106.0,4877.0,-771.0
4464,Tanishka Restaurant & Caterers,14,2.9,3.2509925515921823,0.7777777777777778,5082.0,5276.0,-194.0
5010,The Tandoori Times,48,2.7,3.028995162374304,0.5051546391752577,5776.0,6079.0,-303.0
301127,Twist of Italy,52,3.6,3.4793319876268067,0.48514851485148514,1785.0,2103.0,-318.0
18433895,Cravings,4,3.0,3.324764731137877,0.9245283018867925,4617.0,3529.0,1088.0
309632,Domino's Pizza,10,2.9,3.2747886567848727,0.8305084745762712,5082.0,5007.0,75.0
312874,Green Chick Chop,5,3.1,3.3280098287093978,0.9074074074074074,4106.0,3436.0,670.0
18107870,Punjabi Culture,4,2.9,3.317217561326556,0.9245283018867925,5082.0,3922.0,1160.0
18237362,Three Olives,4,2.9,3.317217561326556,0.9245283018867925,5082.0,3922.0,1160.0
307084,Hunger Cure,47,3.2,3.2772138619823696,0.5104166666666666,3596.0,4980.0,-1384.0
305618,Sanjha Chulha,79,2.5,2.825879146486777,0.3828125,6216.0,6335.0,-119.0
307803,Queens Cakes,29,3.5,3.4065709070552237,0.6282051282051282,2195.0,2551.0,-356.0
313040,Invitation Restaurant,17,2.7,3.183523193186477,0.7424242424242424,5776.0,5688.0,88.0
17982346,Kaushik Bakery,9,3.0,3.2967677715570254,0.8448275862068966,4617.0,4614.0,3.0
18204501,Rama Vaishnav Bhojnalaya,7,3.0,3.307366620541205,0.875,4617.0,4362.0,255.0
1823,Shiv Saras Vyanjan,5,2.9,3.309491310190879,0.9074074074074074,5082.0,4258.0,824.0
6143,Shree Bikaner Misthan Bhandar,8,3.0,3.301974223689605,0.8596491228070176,4617.0,4498.0,119.0
8297,Shree Bikaner Misthan Bhandar,15,3.1,3.2923832929735544,0.765625,4106.0,4713.0,-607.0
8318,Standard Family Restaurant,16,2.9,3.2401927807739614,0.7538461538461538,5082.0,5376.0,-294.0
18458631,The Hunger End,4,3.0,3.324764731137877,0.9245283018867925,4617.0,3529.0,1088.0
312842,Anupam Sweets & Restaurant,10,3.0,3.2917378093272456,0.8305084745762712,4617.0,4730.0,-113.0
312084,Caramel,9,2.9,3.281250530177715,0.8448275862068966,5082.0,4929.0,153.0
18247033,Chaska Restaurant,24,3.2,3.3015415171274998,0.6712328767123288,3596.0,4544.0,-948.0
18126118,Club Pizzeria,19,3.4,3.364890158092757,0.7205882352941176,2648.0,3076.0,-428.0
18429393,Gupha,8,2.9,3.2879391359703063,0.8596491228070176,5082.0,4805.0,277.0
18241905,Indian Gourmet,8,3.0,3.301974223689605,0.8596491228070176,4617.0,4498.0,119.0
18425750,Tandoori Zaaika's,39,3.2,3.284233303980767,0.5568181818181818,3596.0,4871.0,-1275.0
18261694,TCD Cake & Bake,10,3.1,3.3086869618696184,0.8305084745762712,4106.0,4318.0,-212.0
18365998,The Grill Darbar,17,3.3,3.3380686477319315,0.7424242424242424,3125.0,3217.0,-92.0
18273572,Urban Cuisine,37,3.4,3.372238729654738,0.5697674418604651,2648.0,2950.0,-302.0
18363078,Mister Mughal,33,3.5,3.411128423784237,0.5975609756097561,2195.0,2529.0,-334.0
18356019,The Hub,9,3.1,3.312285012936336,0.8448275862068966,4106.0,4179.0,-73.0
8026,Aggarwal Sweets Centre,4,2.9,3.317217561326556,0.9245283018867925,5082.0,3922.0,1160.0
18265697,Bawarchi,14,3.0,3.2732147738144044,0.7777777777777778,4617.0,5065.0,-448.0
307151,D ART of Flavour,13,2.8,3.235685979843669,0.7903225806451613,5462.0,5401.0,61.0
18107844,Italia Cafe by Aura,5,2.8,3.30023205093162,0.9074074074074074,5462.0,4556.0,906.0
18337896,Pizza Street,12,2.6,3.2034841106607788,0.8032786885245902,6026.0,5595.0,431.0
18261699,Rock Cafe,8,3.0,3.301974223689605,0.8596491228070176,4617.0,4498.0,119.0
18306531,Sardaar Ji Chaap & Rolls,7,3.1,3.319866620541205,0.875,4106.0,3750.0,356.0
303571,Spice Wok,18,3.1,3.283769115676231,0.7313432835820896,4106.0,4877.0,-771.0
8099,Vrindavan Sweets & Restaurant,22,3.0,3.242430010567711,0.6901408450704225,4617.0,5361.0,-744.0
18477428,Yummy Cake,4,3.0,3.324764731137877,0.9245283018867925,4617.0,3529.0,1088.0
2680,Bakers Delight - The Atrium,10,3.0,3.2917378093272456,0.8305084745762712,4617.0,4730.0,-113.0
2679,On The Rocks - The  Atrium,18,3.1,3.283769115676231,0.7313432835820896,4106.0,4877.0,-771.0
8417,World Cafe - Vibe by The LaLiT Traveller,56,3.3,3.3239288642886424,0.4666666666666667,3125.0,3624.0,-499.0
309757,Chaudhary Ke Mashhoor Paranthe,14,2.8,3.2287703293699597,0.7777777777777778,5462.0,5460.0,2.0
307903,Thakur Bakers,6,3.0,3.3129551045510452,0.8909090909090909,4617.0,4096.0,521.0
313502,FoodByMom,161,3.6,3.5419644321443213,0.23333333333333334,1785.0,1795.0,-10.0
18409175,Mr. Brown,52,3.9,3.633787433171361,0.48514851485148514,807.0,1427.0,-620.0
300713,9 Mars Lounge,184,2.5,2.679023737125783,0.21030042918454936,6216.0,6432.0,-216.0
8623,Barista,33,3.4,3.3708845213452134,0.5975609756097561,2648.0,2976.0,-328.0
1318,Baskin Robbins,27,3.3,3.3330596151356247,0.6447368421052632,3125.0,3315.0,-190.0
311523,Burger King,327,3.4,3.3936503477401794,0.13031914893617022,2648.0,2637.0,11.0
8590,Cafe Coffee Day,63,3.2,3.2661833102706024,0.4375,3596.0,5135.0,-1539.0
8583,Chinese X'Press,16,2.9,3.2401927807739614,0.7538461538461538,5082.0,5376.0,-294.0
300756,Cinch,92,2.6,2.861081778370975,0.3475177304964539,6026.0,6307.0,-281.0
4239,Costa Coffee,60,3.3,3.3230507408285086,0.44954128440366975,3125.0,3683.0,-558.0
18168161,Domino's Pizza,17,3.2,3.312311071974356,0.7424242424242424,3596.0,4157.0,-561.0
18381223,Dosa X'press,6,3.0,3.3129551045510452,0.8909090909090909,4617.0,4096.0,521.0
18034077,Kebab Xpress,14,2.7,3.206548107147738,0.7777777777777778,5776.0,5580.0,196.0
3824,Let's Noodle,181,2.6,2.760054481523076,0.21304347826086956,6026.0,6394.0,-368.0
2572,McDonald's,150,3.3,3.3126257826648615,0.24623115577889448,3125.0,4153.0,-1028.0
8595,Mx Corn,7,3.1,3.319866620541205,0.875,4106.0,3750.0,356.0
309702,Dunkin' Donuts,252,3.6,3.5595100689378985,0.16279069767441862,1785.0,1726.0,59.0
8601,Haldiram's,187,3.6,3.5483581811453706,0.2076271186440678,1785.0,1768.0,17.0
1683,Pind Balluchi,322,1.8,2.0048855276288613,0.1320754716981132,6504.0,6504.0,0.0
301670,Maini Restaurant,114,3.3,3.315414299081641,0.3006134969325153,3125.0,4064.0,-939.0
17953902,The Dosa King,80,3.2,3.257461478684554,0.3798449612403101,3596.0,5231.0,-1635.0
130409,Baba Au Rhum,280,4.5,4.328913467326163,0.14893617021276595,79.0,120.0,-41.0
130275,Burger Factory,415,4.8,4.647009764548076,0.10560344827586207,19.0,26.0,-7.0
130332,Club Cubana,646,4.4,4.326061195324184,0.07050359712230216,116.0,122.0,-6.0
130230,Curlies,1681,3.5,3.4957875900290794,0.028323699421965318,2195.0,2011.0,184.0
16519268,La Plage,302,4.6,4.425676725784351,0.1396011396011396,44.0,78.0,-34.0
16512186,St. Anthony's,911,3.8,3.7770963861982367,0.051041666666666666,1087.0,921.0,166.0
16512333,Britto's Bar & Restaurant,2191,4.3,4.27924666551353,0.021875,190.0,149.0,41.0
16512336,Fat Fish,856,4.2,4.154046995304207,0.05414364640883978,289.0,243.0,46.0
16519168,Martin's Corner,1115,4.4,4.355852689648031,0.04209621993127148,116.0,105.0,11.0
130021,Infantaria,1221,3.7,3.6865452998033916,0.03858267716535433,1422.0,1214.0,208.0
130567,Souza Lobo,918,4.3,4.251926091779015,0.050672182006204755,190.0,176.0,14.0
130008,Fisherman's Cove,601,3.8,3.766173124231242,0.07538461538461538,1087.0,962.0,125.0
16519267,Calamari,414,4.2,4.110178252160492,0.10583153347732181,289.0,285.0,4.0
130535,The Fisherman's Wharf,555,4.6,4.498696242964085,0.08112582781456953,44.0,53.0,-9.0
130699,LPK Waterfront,516,3.7,3.669756691593465,0.08672566371681416,1422.0,1281.0,141.0
16512168,Ritz Classic,840,4.5,4.436684511530155,0.05511811023622047,79.0,73.0,6.0
130888,The Black Sheep Bistro,681,4.7,4.609469220205901,0.06712328767123288,28.0,30.0,-2.0
16519231,Cafe Al Fresco by Cantina Bodega,265,4.3,4.151950734873591,0.15605095541401273,190.0,246.0,-56.0
16541849,The Fisherman's Wharf,323,4.4,4.261861641801902,0.13172043010752688,116.0,165.0,-49.0
18022206,Antares,367,4.2,4.100030121995932,0.11778846153846154,289.0,293.0,-4.0
18396451,K Lab,16,3.4,3.3632697038508845,0.7538461538461538,2648.0,3105.0,-457.0
18237941,Pind Balluchi,80,2.7,2.947383959304709,0.3798449612403101,5776.0,6207.0,-431.0
2787,Punjab Grill,1887,4.3,4.275987877453671,0.0253099173553719,190.0,150.0,40.0
3431,Zambar,802,4.0,3.9626469221507725,0.057579318448883664,614.0,507.0,107.0
303699,Cakes & More,4,3.0,3.324764731137877,0.9245283018867925,4617.0,3529.0,1088.0
5915,Kwality Wall's Swirl's,5,3.0,3.3187505694501387,0.9074074074074074,4617.0,3823.0,794.0
7076,Yo! Dimsum,10,3.0,3.2917378093272456,0.8305084745762712,4617.0,4730.0,-113.0
300439,Red,57,3.0,3.1623823655689383,0.46226415094339623,4617.0,5776.0,-1159.0
18458334,Rocketchefs,4,3.1,3.3323119009491977,0.9245283018867925,4106.0,3343.0,763.0
18353710,The Fresh Chicken Store,4,2.9,3.317217561326556,0.9245283018867925,5082.0,3922.0,1160.0
5904,Club Tokyo - Best Western Skycity Hotel,13,2.8,3.235685979843669,0.7903225806451613,5462.0,5401.0,61.0
5876,Lattitude - Skycity Hotel,15,2.9,3.2455082929735544,0.765625,5082.0,5334.0,-252.0
872,Bisque Bakery,415,3.9,3.8420528679963524,0.10560344827586207,807.0,769.0,38.0
18365849,Behrouz Biryani,36,3.4,3.371912126474206,0.5764705882352941,2648.0,2955.0,-307.0
227,Domino's Pizza,104,3.4,3.384395625819003,0.3202614379084967,2648.0,2755.0,-107.0
3446,Giani,70,3.4,3.379937233195861,0.4117647058823529,2648.0,2828.0,-180.0
300100,PizzaVito,218,3.3,3.3094102275292414,0.18352059925093633,3125.0,4305.0,-1180.0
8597,Shawarma House,225,3.4,3.391286608577764,0.17883211678832117,2648.0,2661.0,-13.0
3449,Subway,150,2.5,2.709610707287977,0.24623115577889448,6216.0,6416.0,-200.0
303749,Asian Bistro,184,3.8,3.7056331791858685,0.21030042918454936,1087.0,1155.0,-68.0
18349898,BBQ Factory,146,3.9,3.7621155423092687,0.2512820512820513,807.0,977.0,-170.0
18349892,Faaso's,33,3.6,3.451372326223262,0.5975609756097561,1785.0,2307.0,-522.0
18425752,Chaayos,48,4.3,3.820747739693891,0.5051546391752577,190.0,821.0,-631.0
7507,Mosaic - Country Inn & Suites,91,3.8,3.642946648216482,0.35,1087.0,1392.0,-305.0
300490,60 ML - Country Inn & Suites by Carlson,7,3.0,3.307366620541205,0.875,4617.0,4362.0,255.0
300488,Mosaic - Country Inn & Suites by Carlson,37,3.5,3.415261985468691,0.5697674418604651,2195.0,2513.0,-318.0
18306521,Big Shot Bar - Country Inn & Suites,32,3.5,3.4100312438309563,0.6049382716049383,2195.0,2534.0,-339.0
309090,Mosaic - Country Inn & Suites By Carlson,19,3.4,3.364890158092757,0.7205882352941176,2648.0,3076.0,-428.0
18441709,Downtown Kitchen & Bar - Courtyard by Marriott,6,3.2,3.334773286369227,0.8909090909090909,3596.0,3280.0,316.0
304832,Di Ghent Boulangerie,231,3.9,3.803973324108241,0.175,807.0,853.0,-46.0
311297,Khyen Chyen,364,3.7,3.658625982446265,0.11864406779661017,1422.0,1333.0,89.0
303858,The Pint Room,127,3.7,3.6029121065358383,0.2784090909090909,1422.0,1539.0,-117.0
302288,Tughlaq,351,3.5,3.4817813268757685,0.1225,2195.0,2089.0,106.0
18233573,Big Wong XL,162,4.0,3.8493484869682817,0.23222748815165878,614.0,749.0,-135.0
309015,Bunker,248,4.2,4.059974851011137,0.16498316498316498,289.0,358.0,-69.0
18382344,Culture Cafe,144,4.2,3.9845208847166194,0.2538860103626943,289.0,463.0,-174.0
18254537,Nowhere Terrace Brewpub Cafe,214,4.1,3.96050391920269,0.18631178707224336,429.0,512.0,-83.0
4358,Cafe G - Crowne Plaza,181,3.9,3.7830979597839454,0.21304347826086956,807.0,900.0,-93.0
2443,Wildfire - Crowne Plaza,131,3.7,3.605069615279486,0.2722222222222222,1422.0,1527.0,-105.0
270,Isabella,191,2.8,2.912552211459614,0.20416666666666666,5462.0,6256.0,-794.0
309252,Fatburger,793,3.3,3.302984003266398,0.05819477434679335,3125.0,4440.0,-1315.0
18303709,Burma Burma,563,4.6,4.500020475082201,0.08006535947712418,44.0,52.0,-8.0
18409224,Pier 38,177,4.6,4.329258985620829,0.2168141592920354,44.0,118.0,-74.0
18277179,Yum Yum Cha,407,4.5,4.376562567434885,0.1074561403508772,79.0,93.0,-14.0
308570,Amici Cafe,647,3.7,3.67544903843435,0.07040229885057471,1422.0,1254.0,168.0
308263,Au Bon Pain,503,3.7,3.66904443976505,0.08876811594202899,1422.0,1283.0,139.0
306133,California Pizza Kitchen,980,3.7,3.683394101798161,0.047619047619047616,1422.0,1223.0,199.0
306142,Chai Point,544,3.7,3.671184706155662,0.08263069139966273,1422.0,1272.0,150.0
308609,Cherry Comet,455,3.6,3.5758185133934672,0.09722222222222222,1785.0,1633.0,152.0
18383453,Circus,230,3.9,3.8036291424742203,0.17562724014336917,807.0,854.0,-47.0
305478,Dunkin' Donuts,701,3.8,3.770683374333743,0.06533333333333333,1087.0,940.0,147.0
308357,Holy Smoke,313,3.6,3.5663329578737772,0.13535911602209943,1785.0,1689.0,96.0
306128,Italiano,625,3.6,3.5819177014099517,0.07270029673590504,1785.0,1601.0,184.0
308020,Krispy Kreme,425,3.9,3.8432753813297627,0.10337552742616034,807.0,766.0,41.0
309883,Not Just Paranthas,734,3.6,3.5844349051728064,0.06257982120051085,1785.0,1592.0,193.0
306132,Oh! Calcutta,706,3.8,3.7708775241725925,0.06490066225165562,1087.0,939.0,148.0
306956,Olive Bistro,1490,3.9,3.8825292597467884,0.03183885640025991,807.0,656.0,151.0
305862,Pita Pit,870,3.9,3.870742688520465,0.05331882480957562,807.0,690.0,117.0
307309,Raasta,1065,3.8,3.7802625949284625,0.04398563734290844,1087.0,910.0,177.0
306131,Red Mango,365,3.6,3.5705616684790034,0.11835748792270531,1785.0,1662.0,123.0
306127,Rred Hot Asian Bistro,384,3.5,3.483169816975306,0.11316397228637413,2195.0,2079.0,116.0
313149,Smaaash,622,3.9,3.8599292559617098,0.07302533532041729,807.0,718.0,89.0
306001,Starbucks,560,3.9,3.855849804187697,0.08045977011494253,807.0,728.0,79.0
308016,Sutra Gastropub,1046,3.8,3.7799201194066736,0.04474885844748858,1087.0,911.0,176.0
18336509,Taco Bell,176,3.8,3.7022779144458107,0.21777777777777776,1087.0,1163.0,-76.0
18336176,The People & Co.,173,3.7,3.6230294177941778,0.22072072072072071,1422.0,1465.0,-43.0
18383472,Theobroma,227,3.8,3.720335256341693,0.17753623188405798,1087.0,1104.0,-17.0
18292448,Wendy's,296,3.9,3.8220653065226298,0.14202898550724638,807.0,817.0,-10.0
306134,The Wine Company,2412,2.4,2.418940483848154,0.019910605444941082,6325.0,6497.0,-172.0
306946,Cafe Delhi Heights,1840,4.0,3.983172329671947,0.02593965060878772,614.0,465.0,149.0
18289242,Cyber Hub Social,716,4.3,4.2392320663402705,0.06405228758169934,190.0,188.0,2.0
18277030,Delifrance - The France Cafe Bakery,199,4.0,3.8718247207673686,0.1975806451612903,614.0,686.0,-72.0
306153,Dhaba By Claridges,1658,4.0,3.9813781668133026,0.02870533099004101,614.0,470.0,144.0
308022,Farzi Cafe,4385,4.3,4.289515681269803,0.011050969778980605,190.0,137.0,53.0
305905,Hard Rock Cafe,1949,4.1,4.081637903278432,0.024524524524524523,429.0,317.0,112.0
18245277,Instapizza,219,4.0,3.8813900401130876,0.1828358208955224,614.0,662.0,-48.0
305670,Made In Punjab,1595,4.0,3.980664556417462,0.029805352798053526,614.0,472.0,142.0
305815,Nando's,1730,4.0,3.982131832911921,0.027543563799887576,614.0,468.0,146.0
18208920,Quaff,353,4.1,4.008737638682357,0.12189054726368159,429.0,430.0,-1.0
306046,SodaBottleOpenerWala,2843,4.0,3.9890084822788063,0.0169432918395574,614.0,453.0,161.0
18381226,The Grill Mill,209,4.0,3.8767927548461527,0.18992248062015504,614.0,676.0,-62.0
4992,Knight Rider,185,3.1,3.1526176527790915,0.2094017094017094,4106.0,5803.0,-1697.0
300749,Chaayos,393,3.8,3.750254594457709,0.11085972850678733,1087.0,1019.0,68.0
278,Nooba,333,3.8,3.7424411799746267,0.12827225130890052,1087.0,1039.0,48.0
225,Domino's Pizza,125,2.4,2.6678881077603878,0.28160919540229884,6325.0,6438.0,-113.0
18337929,Indigo Delicatessen,205,4.2,4.036269806103572,0.19291338582677164,289.0,398.0,-109.0
5960,Escape Terrace Bar Kitchen,294,3.4,3.3930394482516255,0.14285714285714285,2648.0,2640.0,8.0
1664,Kwaliti,129,3.3,3.314115341293862,0.2752808988764045,3125.0,4071.0,-946.0
157,Subway,125,2.5,2.739727188220158,0.28160919540229884,6216.0,6405.0,-189.0
18235155,Burger Point,74,3.8,3.621240087400874,0.3983739837398374,1087.0,1472.0,-385.0
310211,Chaat Chowk,217,3.7,3.6357613937981488,0.18421052631578946,1422.0,1420.0,2.0
3346,Chef Style,239,3.8,3.72365462066079,0.1701388888888889,1087.0,1097.0,-10.0
310854,Delhicacy,317,3.8,3.7399249474052114,0.13387978142076504,1087.0,1045.0,42.0
18247015,Dimsum & Co.,136,3.9,3.75466232838004,0.2648648648648649,807.0,1003.0,-196.0
309387,Instapizza,426,3.6,3.5743421700006475,0.1031578947368421,1785.0,1642.0,143.0
7418,L'Opera,196,3.8,3.7102552275522753,0.2,1087.0,1135.0,-48.0
1455,Lazeez Food,173,3.5,3.467173561938322,0.22072072072072071,2195.0,2198.0,-3.0
18241867,Le Marche Sugar & Spice Cafe,52,3.5,3.4278468391119548,0.48514851485148514,2195.0,2458.0,-263.0
308889,The Breakfast Club,189,3.5,3.4693803813038127,0.20588235294117646,2195.0,2177.0,18.0
4620,Sugar & Spice - Le Marche,88,2.4,2.7402374507321716,0.35766423357664234,6325.0,6403.0,-78.0
18322666,Crudo Juicery,154,4.3,4.07099768842516,0.2413793103448276,190.0,340.0,-150.0
311718,Fork with Stick,169,4.0,3.85418592087297,0.22477064220183487,614.0,733.0,-119.0
18255106,Uptown Fresh Beer Cafe,230,4.1,3.9685036944455465,0.17562724014336917,429.0,496.0,-67.0
4876,Barista,18,3.2,3.310634787318022,0.7313432835820896,3596.0,4227.0,-631.0
631,Cafe Coffee Day,27,2.6,3.0843754046093093,0.6447368421052632,6026.0,5972.0,54.0
226,Domino's Pizza,30,2.8,3.141930768991234,0.620253164556962,5462.0,5839.0,-377.0
8805,Italiano,49,3.0,3.1756380688806884,0.5,4617.0,5720.0,-1103.0
3540,McDonald's,30,2.6,3.065981401902626,0.620253164556962,6026.0,6008.0,18.0
311579,Parantha Gurus,27,3.3,3.3330596151356247,0.6447368421052632,3125.0,3315.0,-190.0
303709,Pizza Hut Delivery,29,2.8,3.1463144967988135,0.6282051282051282,5462.0,5823.0,-361.0
18391156,Sibang Bakery,13,3.3,3.3405246895210885,0.7903225806451613,3125.0,3164.0,-39.0
301319,Sonya Bakery Cafe,20,3.3,3.336413489134891,0.7101449275362319,3125.0,3247.0,-122.0
158,Subway,46,3.1,3.229605586845342,0.5157894736842106,4106.0,5455.0,-1349.0
1360,Viva Hyderabad,69,2.5,2.8534960233076903,0.4152542372881356,6216.0,6312.0,-96.0
310737,7 Barrel Brew Pub,490,3.9,3.8501160125237615,0.09090909090909091,807.0,746.0,61.0
4762,Wai Yu Mun Ching,112,3.5,3.454736215840419,0.30434782608695654,2195.0,2286.0,-91.0
311116,KFC,73,2.2,2.662397793035307,0.4016393442622951,6454.0,6441.0,13.0
3483,Burmese Kitchen Plus,65,3.4,3.379057287283399,0.4298245614035088,2648.0,2850.0,-202.0
18308025,Drinks Come True,9,3.1,3.312285012936336,0.8448275862068966,4106.0,4179.0,-73.0
307272,Eat All Nite,184,3.2,3.2318134366965987,0.21030042918454936,3596.0,5447.0,-1851.0
18025115,Frontier,4,2.9,3.317217561326556,0.9245283018867925,5082.0,3922.0,1160.0
18454285,GenY Cuisines,4,3.0,3.324764731137877,0.9245283018867925,4617.0,3529.0,1088.0
1687,K Raga's,5,2.9,3.309491310190879,0.9074074074074074,5082.0,4258.0,824.0
308605,Kangri,84,3.4,3.3820491033857705,0.3684210526315789,2648.0,2796.0,-148.0
18422652,Makhmali Kebabs,10,3.2,3.3256361144119913,0.8305084745762712,3596.0,3496.0,100.0
18131568,Masala Ville,15,3.2,3.3158207929735544,0.765625,3596.0,4042.0,-446.0
18034048,Night Food Xprs,12,3.1,3.3018447663984833,0.8032786885245902,4106.0,4525.0,-419.0
18138457,Roti Boti,35,2.9,3.1632444136941364,0.5833333333333334,5082.0,5768.0,-686.0
313272,Sama Chicken Biryani,4,2.9,3.317217561326556,0.9245283018867925,5082.0,3922.0,1160.0
9778,Subway,54,2.8,3.0622575801000727,0.47572815533980584,5462.0,6020.0,-558.0
312523,The Rolling Pin Bakery,10,3.1,3.3086869618696184,0.8305084745762712,4106.0,4318.0,-212.0
18424575,Weird Time Food,7,3.1,3.319866620541205,0.875,4106.0,3750.0,356.0
18204463,Twigly,395,4.6,4.462190384572764,0.11036036036036036,44.0,64.0,-20.0
307627,Asian Haus,360,3.9,3.8342604663821698,0.1198044009779951,807.0,792.0,15.0
301302,Beyond Breads,326,3.8,3.7413667486674864,0.13066666666666665,1087.0,1044.0,43.0
312995,Biryani By Kilo,403,3.9,3.8405144485626272,0.1084070796460177,807.0,775.0,32.0
308577,Captain Grub,447,3.8,3.7556704248998134,0.09879032258064516,1087.0,1002.0,85.0
313376,Pita Pit,56,3.5,3.430595530955309,0.4666666666666667,2195.0,2439.0,-244.0
312536,Rawleaf,38,3.6,3.459914146555259,0.5632183908045977,1785.0,2246.0,-461.0
310385,Sushi Haus,124,3.8,3.672904802024899,0.2832369942196532,1087.0,1264.0,-177.0
311080,Angrezee Choupal,299,3.8,3.736817617098585,0.14080459770114942,1087.0,1059.0,28.0
3565,A 1 - Snacks and food corner,16,2.5,3.1417312423124226,0.7538461538461538,6216.0,5842.0,374.0
18367364,Anandum,13,3.2,3.3195569475856046,0.7903225806451613,3596.0,3802.0,-206.0
1028,Apni Rasoi,160,3.0,3.082356606460801,0.23444976076555024,4617.0,5976.0,-1359.0
308673,Banke Bihari Bhojanalay,36,2.6,3.033088597062441,0.5764705882352941,6026.0,6068.0,-42.0
18383473,Biryani 365,17,3.2,3.312311071974356,0.7424242424242424,3596.0,4157.0,-561.0
18444416,Bro's Kitchenette,11,3.3,3.3418755125051245,0.8166666666666667,3125.0,3142.0,-17.0
18161609,Cafe Coffee Day,9,3.1,3.312285012936336,0.8448275862068966,4106.0,4179.0,-73.0
611,Cafe Coffee Day,26,3.2,3.298833743337433,0.6533333333333333,3596.0,4579.0,-983.0
18322677,Cafe Du Rendezvous,21,3.2,3.305893296432964,0.7,3596.0,4404.0,-808.0
18204847,Cake 24x7,25,3.3,3.3339531182473983,0.6621621621621622,3125.0,3294.0,-169.0
308044,Cake On Wheels,18,2.8,3.203172100750858,0.7313432835820896,5462.0,5601.0,-139.0
18294819,Cake Point,7,2.9,3.2948666205412054,0.875,5082.0,4662.0,420.0
309697,Cake Point,35,3.0,3.204911080360803,0.5833333333333334,4617.0,5591.0,-974.0
18444353,Cakes Degree,18,3.4,3.364366130601604,0.7313432835820896,2648.0,3086.0,-438.0
304185,Chateau Garlic,14,3.0,3.2732147738144044,0.7777777777777778,4617.0,5065.0,-448.0
18383489,Chennai Express,15,3.2,3.3158207929735544,0.765625,3596.0,4042.0,-446.0
312022,Crust N Cakes,18,3.4,3.364366130601604,0.7313432835820896,2648.0,3086.0,-438.0
18425765,Dabba Meat,29,3.4,3.3693914198757366,0.6282051282051282,2648.0,3003.0,-355.0
2827,Deepak Rasoi,22,2.7,3.1494722640888377,0.6901408450704225,5776.0,5815.0,-39.0
18223957,Foodaucity - Bum Bum Bholey Ke Chole Bhature,14,3.3,3.339881440481071,0.7777777777777778,3125.0,3180.0,-55.0
18492107,Foodies Nation,19,3.4,3.364890158092757,0.7205882352941176,2648.0,3076.0,-428.0
300074,Goli Vada Pav No. 1,83,3.1,3.1932767481083904,0.3712121212121212,4106.0,5643.0,-1537.0
305096,Grandma's Kitchen,20,2.5,3.1045294311638765,0.7101449275362319,6216.0,5926.0,290.0
18336206,Gurgaon Hights,19,2.5,3.113419569857463,0.7205882352941176,6216.0,5903.0,313.0
303094,Idliss,359,3.4,3.394148359682126,0.12009803921568628,2648.0,2634.0,14.0
306858,Indian Home Food,51,2.6,2.9681253075030747,0.49,6026.0,6185.0,-159.0
312562,Jetha Lal Ka Dhabha,53,3.1,3.2207110857873285,0.4803921568627451,4106.0,5513.0,-1407.0
307935,Kusum Rolls,71,3.1,3.202604422919229,0.4083333333333333,4106.0,5606.0,-1500.0
302184,Megha Vaishno Dhaba,33,3.1,3.25015281402814,0.5975609756097561,4106.0,5308.0,-1202.0
1694,Nikhil Food Point,19,2.7,3.1693019227986396,0.7205882352941176,5776.0,5747.0,29.0
309541,Plan B,132,3.4,3.386809562156395,0.27071823204419887,2648.0,2727.0,-79.0
18161587,Punjabi Zaika,74,3.2,3.2602644776447764,0.3983739837398374,3596.0,5193.0,-1597.0
18258475,Rasoi,6,3.0,3.3129551045510452,0.8909090909090909,4617.0,4096.0,521.0
313209,Roll's Royce,42,3.2,3.281456381871511,0.5384615384615384,3596.0,4927.0,-1331.0
302229,Shree Bikaner Misthan Bhandar,29,3.1,3.2578529583372755,0.6282051282051282,4106.0,5217.0,-1111.0
18441196,Smokey Pan,14,3.2,3.317659218258849,0.7777777777777778,3596.0,3903.0,-307.0
18398610,Surprise O Meal,35,3.4,3.3715777470274695,0.5833333333333334,2648.0,2961.0,-313.0
18237322,Tandoor on The Way,45,3.2,3.2788567101096535,0.5212765957446809,3596.0,4961.0,-1365.0
309696,Tawa N Tandoor,51,2.7,3.019125307503075,0.49,5776.0,6095.0,-319.0
18357544,The Paradise Biryani,22,2.9,3.211444095074753,0.6901408450704225,5082.0,5562.0,-480.0
18431563,The Royal,15,3.3,3.3392582929735544,0.765625,3125.0,3195.0,-70.0
18337747,Theka Desi Khaana,12,3.0,3.282172635250942,0.8032786885245902,4617.0,4914.0,-297.0
18258477,Tobasco Kitchen,38,3.2,3.2852015028770976,0.5632183908045977,3596.0,4864.0,-1268.0
18396189,Tpot,15,3.2,3.3158207929735544,0.765625,3596.0,4042.0,-446.0
6915,Uncle's Cafe,23,2.7,3.1432295937542705,0.6805555555555556,5776.0,5833.0,-57.0
18233576,Welcome Cafeteria,23,3.3,3.3348962604209373,0.6805555555555556,3125.0,3272.0,-147.0
18256890,Yo Yo China Town,31,2.8,3.1376566343788435,0.6125,5462.0,5853.0,-391.0
18384115,Caterspoint,223,4.9,4.621001951287895,0.1801470588235294,1.0,29.0,-28.0
18352208,Bake-a-boo,55,3.7,3.5356974110606485,0.47115384615384615,1422.0,1829.0,-407.0
4171,Burger Hut,319,3.6,3.5668818770388793,0.1331521739130435,1785.0,1684.0,101.0
18238279,China Gatherings,46,3.5,3.423289797371657,0.5157894736842106,2195.0,2474.0,-279.0
18286517,Crazy Bhukkhad,54,3.9,3.638956609226286,0.47572815533980584,807.0,1406.0,-599.0
575,Deez Biryani & Kebabs,371,3.7,3.659315549405494,0.11666666666666667,1422.0,1330.0,92.0
18280305,Fomads,26,3.6,3.4375004100040996,0.6533333333333333,1785.0,2387.0,-602.0
18359286,Happy Beings,66,3.5,3.4366307021765867,0.4260869565217391,2195.0,2396.0,-201.0
18450609,InstaDozza,28,3.5,3.405357542211785,0.6363636363636364,2195.0,2556.0,-361.0
18237324,Mom's Kitchen,27,3.5,3.404112246714572,0.6447368421052632,2195.0,2561.0,-366.0
18461214,The Baker's Bar  ... Bakery & Cafe,29,3.6,3.443750394234711,0.6282051282051282,1785.0,2360.0,-575.0
18294226,Veg Ex,45,3.8,3.5660907526628454,0.5212765957446809,1087.0,1690.0,-603.0
18383513,Volt - By Plan B,19,3.5,3.392831334563345,0.7205882352941176,2195.0,2642.0,-447.0
18372311,ZASTY,52,3.5,3.4278468391119548,0.48514851485148514,2195.0,2458.0,-263.0
4172,Aahar,60,2.0,2.6074544105532795,0.44954128440366975,6495.0,6463.0,32.0
310525,Chicken Bytes,34,2.1,2.8387051897627407,0.5903614457831325,6480.0,6324.0,156.0
300054,Flying Cakes,136,2.2,2.504932598650311,0.2648648648648649,6454.0,6487.0,-33.0
301278,Punjabi Tadka,43,2.2,2.8131796820685593,0.532608695652174,6454.0,6348.0,106.0
18451182,Coldpress Company,34,4.0,3.6170184427747887,0.5903614457831325,614.0,1486.0,-872.0
18384142,Crudo Juicery,33,4.3,3.7330796432964326,0.5975609756097561,190.0,1069.0,-879.0
18241498,First Eat,162,4.0,3.8493484869682817,0.23222748815165878,614.0,749.0,-135.0
18265384,Zoe,217,4.3,4.125235078008674,0.18421052631578946,190.0,275.0,-85.0
311494,Dabba Meat,195,3.1,3.1504611915996206,0.20081967213114754,4106.0,5814.0,-1708.0
7078,Kashmiri Kitchen,210,3.4,3.390781972008909,0.1891891891891892,2648.0,2676.0,-28.0
307185,Rumi's Kitchen,165,3.4,3.3888436016369505,0.22897196261682243,2648.0,2701.0,-53.0
18371404,Baking Bad,98,3.7,3.5837587125871257,0.3333333333333333,1422.0,1595.0,-173.0
18281982,Bamboo Boat,115,3.8,3.665930065550655,0.29878048780487804,1087.0,1302.0,-215.0
311725,Big Jack's,129,3.5,3.459059161518581,0.2752808988764045,2195.0,2256.0,-61.0
18365994,Kebab Gali,164,3.9,3.7737677500014435,0.2300469483568075,807.0,930.0,-123.0
18254524,Lucknow Mail,86,3.8,3.6371298574096853,0.362962962962963,1087.0,1416.0,-329.0
18070480,Monster's Cafe,269,3.5,3.477083430032413,0.1540880503144654,2195.0,2119.0,76.0
312261,Monty's Chicken Wings,124,3.9,3.7445811026029334,0.2832369942196532,807.0,1032.0,-225.0
18433890,My Country Platter,61,3.8,3.6001139159118862,0.44545454545454544,1087.0,1545.0,-458.0
18138434,SARA World Cuisine,90,3.9,3.7065649694266725,0.35251798561151076,807.0,1151.0,-344.0
303100,Wah! Amritsar,213,3.6,3.553482941795067,0.18702290076335878,1785.0,1748.0,37.0
18025125,World In A Box,461,3.6,3.5761030014711914,0.09607843137254903,1785.0,1630.0,155.0
18425140,Bun Intended,93,4.2,3.9071304982416017,0.34507042253521125,289.0,611.0,-322.0
18241497,Cafe Gatherings,161,4.4,4.155297765477655,0.23333333333333334,116.0,241.0,-125.0
18153541,Cafe Soul Garden,255,4.1,3.9793175353628536,0.1611842105263158,429.0,478.0,-49.0
18339049,Food O Gram,88,4.0,3.7679746770095432,0.35766423357664234,614.0,950.0,-336.0
18232093,Happy Hakka,134,4.1,3.899522025957964,0.2677595628415301,429.0,624.0,-195.0
18361762,Kaiser,152,4.1,3.9174752773647135,0.24378109452736318,429.0,594.0,-165.0
18025098,Pizza Central,151,4.1,3.916562653751537,0.245,429.0,596.0,-167.0
18337913,Tasty Fare,42,3.4,3.3737640741792028,0.5384615384615384,2648.0,2929.0,-281.0
18138446,Burger Point,39,3.6,3.461506031253494,0.5568181818181818,1785.0,2236.0,-451.0
18383447,Drifters Cafe,40,3.9,3.597893603936039,0.550561797752809,807.0,1547.0,-740.0
18381262,Oh! Fudge,93,3.8,3.645158667255686,0.34507042253521125,1087.0,1386.0,-299.0
18349894,Anjlika,7,3.1,3.319866620541205,0.875,4106.0,3750.0,356.0
304552,IZU,129,3.4,3.3865872514062216,0.2752808988764045,2648.0,2729.0,-81.0
4618,Sugar & Spice - Le Marche,107,2.9,3.0417469919891507,0.3141025641025641,5082.0,6056.0,-974.0
307366,Bizibean,59,3.6,3.487153062502847,0.4537037037037037,1785.0,2047.0,-262.0
18366026,ChandChini,40,3.8,3.5529497837113198,0.550561797752809,1087.0,1749.0,-662.0
9895,Coffee & Chai Co.,296,3.6,3.5646740021748045,0.14202898550724638,1785.0,1702.0,83.0
18453035,Greek Food & Beyond,27,3.6,3.439638562504046,0.6447368421052632,1785.0,2378.0,-593.0
302455,Mediumwelldone,259,3.5,3.4763393855529463,0.1590909090909091,2195.0,2121.0,74.0
308248,Sonya Bakery Cafe,34,3.5,3.4121991656663546,0.5903614457831325,2195.0,2525.0,-330.0
313047,Soul & Spice Co.,120,3.8,3.669896631658624,0.28994082840236685,1087.0,1277.0,-190.0
8241,7 Degrees Brauhaus,1193,4.2,4.166515725241794,0.039452495974235106,289.0,234.0,55.0
18341926,Cafe Amaretto,147,4.1,3.9128190344403437,0.25,429.0,601.0,-172.0
308023,Sibang Bakery,227,4.1,3.9670743867764764,0.17753623188405798,429.0,499.0,-70.0
311486,The Hangout by 1861,192,4.0,3.8681017873456742,0.2033195020746888,614.0,698.0,-84.0
18138430,The Mad Teapot/The Wishing Chair,83,4.4,4.010700990532633,0.3712121212121212,116.0,429.0,-313.0
18361778,Ninkasi Imperial Brews & Cookery,77,4.2,3.8699407202405363,0.3888888888888889,289.0,693.0,-404.0
9742,Zaffran,229,4.1,3.9680306861521846,0.17625899280575538,429.0,497.0,-68.0
7518,Spiritual Bar & Lounge-DoubleTree by Hilton,52,3.4,3.3763616905971037,0.48514851485148514,2648.0,2888.0,-240.0
7516,The Food Store - DoubleTree by Hilton,58,3.6,3.486098418227173,0.45794392523364486,1785.0,2057.0,-272.0
3586,Barista,25,3.3,3.3339531182473983,0.6621621621621622,3125.0,3294.0,-169.0
313264,Burger King,452,3.4,3.395234592315983,0.09780439121756487,2648.0,2623.0,25.0
311805,Club Mojo,35,2.6,3.0382444136941364,0.5833333333333334,6026.0,6063.0,-37.0
308897,KFC,134,2.6,2.80116137022026,0.2677595628415301,6026.0,6358.0,-332.0
2825,Not Just Paranthas,426,2.7,2.7671842752638054,0.1031578947368421,5776.0,6389.0,-613.0
9674,Shree Rathnam,108,2.9,3.040844144906417,0.31210191082802546,5082.0,6061.0,-979.0
18276997,Mogli's Coffee,35,3.8,3.5382444136941364,0.5833333333333334,1087.0,1817.0,-730.0
18336180,Pind Balluchi,26,2.6,3.090833743337433,0.6533333333333333,6026.0,5955.0,71.0
311061,Sip n Bite,38,3.2,3.2852015028770976,0.5632183908045977,3596.0,4864.0,-1268.0
18312471,Abar Khabo,86,3.6,3.5097224500022777,0.362962962962963,1785.0,1953.0,-168.0
18378048,Moti Mahal Delux,29,3.6,3.443750394234711,0.6282051282051282,1785.0,2360.0,-575.0
18462584,The Lost Mughal,43,3.8,3.561005769025081,0.532608695652174,1087.0,1718.0,-631.0
5019,Fortune Deli - Fortune Select Excalibur,42,3.6,3.4660717664868956,0.5384615384615384,1785.0,2205.0,-420.0
4719,India on my Plate - Fortune Select Excalibur,111,4.0,3.8013283171894217,0.30625,614.0,857.0,-243.0
305400,Orchid - Fortune Select Global,20,2.6,3.1335149384102534,0.7101449275362319,6026.0,5864.0,162.0
309141,Hungry Buffoons,24,2.7,3.1371579554836644,0.6712328767123288,5776.0,5858.0,-82.0
302880,Karim's,261,2.8,2.8871371959687337,0.15806451612903225,5462.0,6283.0,-821.0
303960,Manhattan Brewery & Bar Exchange,2093,4.6,4.571434421452058,0.02287581699346405,44.0,36.0,8.0
9773,Di Miso,38,3.6,3.459914146555259,0.5632183908045977,1785.0,2246.0,-461.0
309125,Kuuraku,106,3.9,3.7265324564535964,0.3161290322580645,807.0,1085.0,-278.0
18463965,Vapour Bar Exchange,31,3.8,3.525156634378843,0.6125,1087.0,1875.0,-788.0
18408054,19 Flavours Biryani,84,4.1,3.824154366543665,0.3684210526315789,429.0,810.0,-381.0
2091,Bhai Ji Foods,165,3.3,3.311740797898633,0.22897196261682243,3125.0,4219.0,-1094.0
305790,Captain Bill$ Deliverz,185,2.7,2.836378336539776,0.2094017094017094,5776.0,6326.0,-550.0
3445,Curry n Phulka,48,2.8,3.0784796984567775,0.5051546391752577,5462.0,5981.0,-519.0
312111,Jaguar,14,2.8,3.2287703293699597,0.7777777777777778,5462.0,5460.0,2.0
2475,Jalsa Lounge,37,3.2,3.286192218026831,0.5697674418604651,3596.0,4860.0,-1264.0
18361772,Lord of Grillz,30,3.2,3.293829503168449,0.620253164556962,3596.0,4698.0,-1102.0
308553,Midnight Cravings Beyond Control,336,3.3,3.3065260538969024,0.12727272727272726,3125.0,4402.0,-1277.0
307043,Outback,106,3.4,3.3845969725826284,0.3161290322580645,2648.0,2753.0,-105.0
307304,The Cinnamon Kitchen,50,3.4,3.3758841489930047,0.494949494949495,2648.0,2895.0,-247.0
18427868,Dudleys,150,4.6,4.292525280152299,0.24623115577889448,44.0,135.0,-91.0
2148,56 Ristorante Italiano,416,3.7,3.6632527543017366,0.1053763440860215,1422.0,1317.0,105.0
18450874,All Time Cafe,32,3.6,3.449537416670463,0.6049382716049383,1785.0,2320.0,-535.0
18408063,Baba's,110,3.6,3.5233492500019334,0.3081761006289308,1785.0,1882.0,-97.0
18393697,Chilli Indiana,74,3.8,3.621240087400874,0.3983739837398374,1087.0,1472.0,-385.0
8931,Go Kylin,81,3.5,3.4439425442331344,0.3769230769230769,2195.0,2359.0,-164.0
306880,Just for Chai,116,3.5,3.455833519698833,0.296969696969697,2195.0,2276.0,-81.0
18408031,Kabab Mistri,36,3.6,3.4566180088271468,0.5764705882352941,1785.0,2267.0,-482.0
304897,Nashta,224,3.7,3.637408537546914,0.1794871794871795,1422.0,1412.0,10.0
309136,Nooba,148,3.6,3.538134673859429,0.24873096446700507,1785.0,1819.0,-34.0
307580,Side Wok,280,3.9,3.818275169453822,0.14893617021276595,807.0,827.0,-20.0
18430557,Takamaka,67,3.9,3.6682114719854098,0.4224137931034483,807.0,1287.0,-480.0
18441771,The Ark,45,3.7,3.5182184122373132,0.5212765957446809,1422.0,1905.0,-483.0
18460311,The Gathering Hut,27,3.5,3.404112246714572,0.6447368421052632,2195.0,2561.0,-366.0
18161583,Wangchuk's Ladakhi Kitchen,241,3.6,3.557974243966578,0.16896551724137931,1785.0,1733.0,52.0
18237346,Daawat-e-Kashmir,146,4.2,3.986730926924654,0.2512820512820513,289.0,455.0,-166.0
311662,La Pino'z Pizza,259,4.0,3.8967939310074917,0.1590909090909091,614.0,628.0,-14.0
18430602,The Diet Kitchen,20,4.0,3.539312039859529,0.7101449275362319,614.0,1810.0,-1196.0
5172,Om Sweets & Snacks,138,3.1,3.165842410429452,0.2620320855614973,4106.0,5761.0,-1655.0
6643,Subway,101,2.8,2.9800835383353825,0.32666666666666666,5462.0,6153.0,-691.0
300978,Taste of Tamil Nadu,94,3.1,3.186101613638514,0.34265734265734266,4106.0,5676.0,-1570.0
311640,The Bridge - Hotel Clark Inn Gurgaon,7,2.8,3.2823666205412048,0.875,5462.0,4890.0,572.0
303430,Gardenia - Hotel Grenville,15,2.8,3.2220707929735544,0.765625,5462.0,5505.0,-43.0
309423,Armory - Hotel Haut.Monde,6,2.9,3.3020460136419545,0.8909090909090909,5082.0,4458.0,624.0
309421,Citron - Hotel Haut.Monde,13,2.7,3.214718237908185,0.7903225806451613,5776.0,5547.0,229.0
308390,Gabbar Meals,260,3.4,3.3922735622987297,0.15857605177993528,2648.0,2652.0,-4.0
308473,McDonald's,90,2.7,2.929586552160486,0.35251798561151076,5776.0,6237.0,-461.0
308997,Crust Bistro,144,3.6,3.5368524909342356,0.2538860103626943,1785.0,1823.0,-38.0
308470,Dunkin' Donuts,243,3.6,3.5582620916106427,0.1678082191780822,1785.0,1732.0,53.0
308477,Kabab Roll Cafe,121,3.8,3.6706619455900436,0.28823529411764703,1087.0,1273.0,-186.0
307786,Starbucks,183,3.8,3.7052264256478766,0.21120689655172414,1087.0,1156.0,-69.0
308447,Eggers Madhouse,647,4.0,3.9543283487791774,0.07040229885057471,614.0,522.0,92.0
17977796,Gallery Cafí© - Hyatt Place,73,3.8,3.6197748422156346,0.4016393442622951,1087.0,1478.0,-391.0
4256,Spice It - Hotel IBIS,96,2.7,2.920086418967638,0.33793103448275863,5776.0,6247.0,-471.0
18306548,Nukkadwala,41,3.4,3.3734725638923053,0.5444444444444444,2648.0,2932.0,-284.0
5032,Power Play Resto Bar,91,2.8,2.9929466482164817,0.35,5462.0,6131.0,-669.0
7472,Daikichi,70,3.6,3.4975842920193903,0.4117647058823529,1785.0,1998.0,-213.0
302336,The Atrium - By Jukaso It Suites,21,2.8,3.1858932964329636,0.7,5462.0,5678.0,-216.0
8413,Delhi - Kingdom of Dreams,364,3.7,3.658625982446265,0.11864406779661017,1422.0,1333.0,89.0
8437,Lucknow - Kingdom of Dreams,179,3.7,3.625054959431173,0.2149122807017544,1422.0,1456.0,-34.0
8019,Longitude 77Á03' Bar - Le Meridien Gurgaon,23,3.4,3.366840704865382,0.6805555555555556,2648.0,3037.0,-389.0
307416,I-Kandy - Le Meridien Gurgaon,218,3.6,3.554354047753961,0.18352059925093633,1785.0,1742.0,43.0
18369743,Bella Cucina - Le Meridien Gurgaon,38,4.1,3.6783049511529593,0.5632183908045977,429.0,1240.0,-811.0
307533,Bar Code - Leisure Inn,6,3.0,3.3129551045510452,0.8909090909090909,4617.0,4096.0,521.0
307225,Bites - Leisure Inn,19,3.0,3.253125452210404,0.7205882352941176,4617.0,5265.0,-648.0
307426,Outback Bar and Grill - Leisure Inn,10,3.0,3.2917378093272456,0.8305084745762712,4617.0,4730.0,-113.0
6700,Citrus Cafe - Lemon Tree Premier,137,3.2,3.2398523158618686,0.26344086021505375,3596.0,5387.0,-1791.0
300538,Ammu's South Indian Restaurant,45,2.8,3.087367348407526,0.5212765957446809,5462.0,5968.0,-506.0
4879,Barista,22,3.3,3.335387757046584,0.6901408450704225,3125.0,3267.0,-142.0
18198441,Bengali By Nature,38,3.3,3.328879663796638,0.5632183908045977,3125.0,3422.0,-297.0
18334445,Burger Planet,21,3.2,3.305893296432964,0.7,3596.0,4404.0,-808.0
302920,Cafe Coffee Day,20,3.1,3.2784424746421372,0.7101449275362319,4106.0,4966.0,-860.0
18430882,Chini Bowl,15,2.8,3.2220707929735544,0.765625,5462.0,5505.0,-43.0
313204,E Yum,69,3.4,3.3797672097483686,0.4152542372881356,2648.0,2832.0,-184.0
303477,Handi X-Press,75,3.2,3.259778473792802,0.3951612903225806,3596.0,5208.0,-1612.0
5230,Ion Club & Dining Lounge,115,2.6,2.824466650916509,0.29878048780487804,6026.0,6338.0,-312.0
3582,Komachi,39,3.2,3.284233303980767,0.5568181818181818,3596.0,4871.0,-1275.0
303470,Mehfil-e-Handi,36,2.8,3.117794479415382,0.5764705882352941,5462.0,5898.0,-436.0
429,Mezbaan's,61,2.7,2.9901139159118864,0.44545454545454544,5776.0,6136.0,-360.0
18034040,Mini Mahal Delux,23,2.8,3.175174038198715,0.6805555555555556,5462.0,5726.0,-264.0
17953932,Pita Pan,82,3.1,3.1939887843534924,0.37404580152671757,4106.0,5639.0,-1533.0
312668,SBar Club & Lounge,13,3.1,3.2985892056501207,0.7903225806451613,4106.0,4589.0,-483.0
997,China Club,283,3.8,3.7337726829828535,0.14759036144578314,1087.0,1066.0,21.0
2144,Coriander Leaf,665,3.8,3.7692052251404866,0.06862745098039216,1087.0,944.0,143.0
305682,Doughlicious,69,3.6,3.4967163622907416,0.4152542372881356,1785.0,2002.0,-217.0
17953934,FreshMenu,198,3.7,3.6308199625518522,0.19838056680161945,1422.0,1436.0,-14.0
3855,L'Angoor,57,3.5,3.43125029009724,0.46226415094339623,2195.0,2432.0,-237.0
310445,The Cakelicious Factory,43,3.6,3.4675275081555164,0.532608695652174,1785.0,2190.0,-405.0
892,Green's,31,2.3,2.9439066343788434,0.6125,6408.0,6211.0,197.0
2056,New Zaika,35,2.4,2.9549110803608034,0.5833333333333334,6325.0,6197.0,128.0
307509,Love Is Cakes,246,4.1,3.975635697458669,0.16610169491525423,429.0,482.0,-53.0
797,Costa Coffee,31,3.3,3.331406634378843,0.6125,3125.0,3367.0,-242.0
308013,Uforia,240,3.5,3.4747838434266693,0.1695501730103806,2195.0,2132.0,63.0
2760,Vapour Pub & Brewery,1902,3.7,3.6912416866992865,0.025115325474115838,1422.0,1200.0,222.0
8913,Pirates of Grill,2806,4.1,4.087149748073663,0.017162872154115588,429.0,305.0,124.0
311759,Barista Creme Lavazza,13,3.2,3.3195569475856046,0.7903225806451613,3596.0,3802.0,-206.0
18446889,Frozen Adda,5,3.0,3.3187505694501387,0.9074074074074074,4617.0,3823.0,794.0
9957,McDonald's,68,3.2,3.2633549636778416,0.4188034188034188,3596.0,5174.0,-1578.0
308840,Mr Idli Xpress,120,2.6,2.817825625741464,0.28994082840236685,6026.0,6345.0,-319.0
18432226,buí©no,18,3.7,3.444963145526977,0.7313432835820896,1422.0,2350.0,-928.0
311777,Starbucks,66,3.5,3.4366307021765867,0.4260869565217391,2195.0,2396.0,-201.0
2064,Al Kabab,67,2.7,2.9751080237095473,0.4224137931034483,5776.0,6171.0,-395.0
311758,Bangkok 1,40,3.3,3.328230682587724,0.550561797752809,3125.0,3429.0,-304.0
514,Barista,39,3.4,3.3728696676171306,0.5568181818181818,2648.0,2939.0,-291.0
18408212,Cafe Cravings,19,3.4,3.364890158092757,0.7205882352941176,2648.0,3076.0,-428.0
2061,Hello Sichuan,42,2.9,3.142994843409972,0.5384615384615384,5082.0,5837.0,-755.0
2458,McDonald's,234,3.4,3.391563712898613,0.17314487632508835,2648.0,2657.0,-9.0
420,Rajasthali,501,2.9,2.940204601364195,0.0890909090909091,5082.0,6220.0,-1138.0
1599,Street Foods by Punjab Grill,61,2.6,2.9346593704573407,0.44545454545454544,6026.0,6230.0,-204.0
159,Subway,81,3.3,3.31932715961775,0.3769230769230769,3125.0,3819.0,-694.0
300119,Tibb's Frankie,118,3.4,3.385703776947949,0.2934131736526946,2648.0,2740.0,-92.0
18466924,Tunday Kababi Dastarkhwan-e-Awadh,13,3.1,3.2985892056501207,0.7903225806451613,4106.0,4589.0,-483.0
18354984,Dunkin' Donuts,26,3.7,3.4721670766707664,0.6533333333333333,1422.0,2153.0,-731.0
1096,Haldiram's,185,3.6,3.547916798078237,0.2094017094017094,1785.0,1770.0,15.0
18336208,Keventers,27,3.6,3.439638562504046,0.6447368421052632,1785.0,2378.0,-593.0
3213,Khaaja Chowk,496,3.6,3.5776376711014817,0.08990825688073395,1785.0,1623.0,162.0
18381642,Phantom,55,3.5,3.4299281802914177,0.47115384615384615,2195.0,2443.0,-248.0
338,Sage,205,3.5,3.471309176182313,0.19291338582677164,2195.0,2164.0,31.0
1245,TGI Friday's,730,3.7,3.6780648661749775,0.06290115532734275,1422.0,1241.0,181.0
18381233,The Belgian Fries Company,31,3.7,3.486406634378844,0.6125,1422.0,2054.0,-632.0
18153552,The Grills King,468,3.8,3.757471045938699,0.09477756286266925,1087.0,997.0,90.0
18082232,Chicago Pizza,29,2.3,2.960417060901378,0.6282051282051282,6408.0,6194.0,214.0
3585,Suburbia - The Empire,90,2.1,2.5410973435273916,0.35251798561151076,6480.0,6476.0,4.0
305698,Viva Hyderabad,34,2.3,2.920632900606114,0.5903614457831325,6408.0,6246.0,162.0
18337917,Queens Cafí©,62,4.0,3.713626403155923,0.44144144144144143,614.0,1121.0,-507.0
6847,Cafe Coffee Day,34,3.3,3.3302714548229817,0.5903614457831325,3125.0,3389.0,-264.0
8147,FOA - The Flavours of Arabia,165,3.4,3.3888436016369505,0.22897196261682243,2648.0,2701.0,-53.0
18198825,A1,4,3.0,3.324764731137877,0.9245283018867925,4617.0,3529.0,1088.0
302044,Apni Rasoi,4,2.9,3.317217561326556,0.9245283018867925,5082.0,3922.0,1160.0
18399220,DBDN Deena Meat Vala,5,3.2,3.337269087968657,0.9074074074074074,3596.0,3233.0,363.0
5084,Deep Chicken Corner,18,3.2,3.310634787318022,0.7313432835820896,3596.0,4227.0,-631.0
302024,Dilli Rasoi,31,3.2,3.2926566343788437,0.6125,3596.0,4702.0,-1106.0
18396399,French Omelette,7,3.2,3.332366620541205,0.875,3596.0,3334.0,262.0
309987,Green Chick Chop,5,2.9,3.309491310190879,0.9074074074074074,5082.0,4258.0,824.0
18358183,Hangout Cafe,27,3.4,3.3685859309250983,0.6447368421052632,2648.0,3014.0,-366.0
304713,Hari Om Rasoi,28,3.2,3.2962666331208763,0.6363636363636364,3596.0,4631.0,-1035.0
18396200,Harish Phulwari,4,3.1,3.3323119009491977,0.9245283018867925,4106.0,3343.0,763.0
301358,Hotel Rajvanshi Restaurant,25,3.3,3.3339531182473983,0.6621621621621622,3125.0,3294.0,-169.0
6834,Jagdish Vaishno Dhaba,12,3.1,3.3018447663984833,0.8032786885245902,4106.0,4525.0,-419.0
6835,JVR Jayka,5,2.9,3.309491310190879,0.9074074074074074,5082.0,4258.0,824.0
302041,Kaza,25,3.1,3.2663855506798307,0.6621621621621622,4106.0,5126.0,-1020.0
310412,Knight Delight Kafe,12,2.6,3.2034841106607788,0.8032786885245902,6026.0,5595.0,431.0
18350120,Ko Jitters,6,3.0,3.3129551045510452,0.8909090909090909,4617.0,4096.0,521.0
301989,Laajawab Chaap Express,17,3.1,3.28655349621678,0.7424242424242424,4106.0,4849.0,-743.0
2107,Laddu Gopal,13,3.0,3.277621463714637,0.7903225806451613,4617.0,4975.0,-358.0
1029,Mini's Royal Cafe,21,3.3,3.335893296432964,0.7,3125.0,3255.0,-130.0
18144475,Pakwan,60,3.4,3.3780966123881417,0.44954128440366975,2648.0,2860.0,-212.0
18331053,Patiala,33,3.4,3.3708845213452134,0.5975609756097561,2648.0,2976.0,-328.0
18383525,Pind Balluchi,11,2.7,3.231875512505125,0.8166666666666667,5776.0,5429.0,347.0
1019,Pizza Man,8,2.9,3.2879391359703063,0.8596491228070176,5082.0,4805.0,277.0
18311926,Punjabi Dhani,25,3.2,3.3001693344636145,0.6621621621621622,3596.0,4574.0,-978.0
302037,Raju Halwai,7,3.1,3.319866620541205,0.875,4106.0,3750.0,356.0
18396397,Rupa Tikki Wala And Caterers,4,2.8,3.3096703915152355,0.9245283018867925,5462.0,4247.0,1215.0
302027,Samrat The Cake Shoppe,11,3.0,3.2868755125051248,0.8166666666666667,4617.0,4833.0,-216.0
306938,Samrat,10,2.9,3.2747886567848727,0.8305084745762712,5082.0,5007.0,75.0
17977759,Sanjha Chula,6,3.0,3.3129551045510452,0.8909090909090909,4617.0,4096.0,521.0
309986,Silver Crown,12,2.5,3.1838119795132376,0.8032786885245902,6216.0,5686.0,530.0
301800,Super Bakery,26,3.3,3.3335004100040995,0.6533333333333333,3125.0,3304.0,-179.0
2177,The Chic,15,3.0,3.2689457929735544,0.765625,4617.0,5096.0,-479.0
304718,Unique Bus Wales,16,2.8,3.2155773961585763,0.7538461538461538,5462.0,5534.0,-72.0
310493,Dilli 6 Express,31,3.5,3.4089066343788432,0.6125,2195.0,2540.0,-345.0
18017239,Mangle Di Kulfi,18,3.6,3.418097473885186,0.7313432835820896,1785.0,2498.0,-713.0
18372397,The Oven Artist,25,3.5,3.401520685814966,0.6621621621621622,2195.0,2583.0,-388.0
3603,Pizza Hut Delivery,93,2.2,2.5972713433120242,0.34507042253521125,6454.0,6467.0,-13.0
313043,Hot Cherries,84,3.6,3.508364892859455,0.3684210526315789,1785.0,1957.0,-172.0
230,Domino's Pizza,112,2.4,2.6895188245360715,0.30434782608695654,6325.0,6428.0,-103.0
18322641,Coldpress Company,74,4.1,3.8017278922789224,0.3983739837398374,429.0,856.0,-427.0
18391155,Hahn's Kitchen,12,3.2,3.3215168975460245,0.8032786885245902,3596.0,3704.0,-108.0
18285742,Shree Rathnam,36,3.4,3.371912126474206,0.5764705882352941,2648.0,2955.0,-307.0
18285725,Caffe Tonino,101,3.8,3.653416871668716,0.32666666666666666,1087.0,1351.0,-264.0
18383488,Carl's Jr.,45,3.5,3.4224737313862494,0.5212765957446809,2195.0,2476.0,-281.0
18285745,Delhi Club House,81,3.9,3.693173313463903,0.3769230769230769,807.0,1192.0,-385.0
18391159,GoGourmet,33,3.7,3.491616228662286,0.5975609756097561,1422.0,2027.0,-605.0
18391132,Shophouse by Kylin,37,3.5,3.415261985468691,0.5697674418604651,2195.0,2513.0,-318.0
18272387,Starbucks,16,3.5,3.387885088466269,0.7538461538461538,2195.0,2712.0,-517.0
8651,Baskin Robbins,14,3.1,3.2954369960366265,0.7777777777777778,4106.0,4638.0,-532.0
18291436,Bikaner Sweets & Restaurant,9,3.1,3.312285012936336,0.8448275862068966,4106.0,4179.0,-73.0
301936,Burger Bites & More,19,2.9,3.225184275739816,0.7205882352941176,5082.0,5489.0,-407.0
18264717,Cafí© Gramophone,15,3.2,3.3158207929735544,0.765625,3596.0,4042.0,-446.0
7083,Chawla Bakers,18,3.2,3.310634787318022,0.7313432835820896,3596.0,4227.0,-631.0
312105,Crust N Cakes,6,3.2,3.334773286369227,0.8909090909090909,3596.0,3280.0,316.0
18311942,Darjeeling Kanchanjanga Momos,4,2.9,3.317217561326556,0.9245283018867925,5082.0,3922.0,1160.0
18430874,Desserts 83,10,3.2,3.3256361144119913,0.8305084745762712,3596.0,3496.0,100.0
18144481,Express Kitchen,4,2.9,3.317217561326556,0.9245283018867925,5082.0,3922.0,1160.0
18264977,Giani's,24,3.1,3.268664804798733,0.6712328767123288,4106.0,5103.0,-997.0
303859,Hangover,11,2.7,3.231875512505125,0.8166666666666667,5776.0,5429.0,347.0
5106,Sangam Sweets,9,2.5,3.219181564660474,0.8448275862068966,6216.0,5522.0,694.0
308726,Shree Bikaner Misthan Bhandar,4,3.0,3.324764731137877,0.9245283018867925,4617.0,3529.0,1088.0
303209,Shree Shyam Rasoi,12,3.1,3.3018447663984833,0.8032786885245902,4106.0,4525.0,-419.0
18375401,Swad On Grill,17,3.1,3.28655349621678,0.7424242424242424,4106.0,4849.0,-743.0
18396428,The Pepper's,5,3.0,3.3187505694501387,0.9074074074074074,4617.0,3823.0,794.0
306037,Cafe 55 - Park Inn,13,3.2,3.3195569475856046,0.7903225806451613,3596.0,3802.0,-206.0
5720,New Town Lounge & Bar - Park Plaza,20,3.4,3.3653989963812676,0.7101449275362319,2648.0,3067.0,-419.0
5721,New Town Pastry Shop - Park Plaza,26,3.2,3.298833743337433,0.6533333333333333,3596.0,4579.0,-983.0
1670,New Town Cafe - Park Plaza,176,3.7,3.624055692223589,0.21777777777777776,1422.0,1462.0,-40.0
7573,The Great Kabab Factory - Park Plaza,340,3.7,3.6560733438311246,0.12596401028277635,1422.0,1342.0,80.0
3243,K2 Restaurant,21,3.0,3.245893296432964,0.7,4617.0,5330.0,-713.0
305171,Angels in my Kitchen,84,3.1,3.1925754191752445,0.3684210526315789,4106.0,5644.0,-1538.0
3536,Barista,41,3.3,3.3279170083367497,0.5444444444444444,3125.0,3461.0,-336.0
6743,Cafe Coffee Day,18,2.8,3.203172100750858,0.7313432835820896,5462.0,5601.0,-139.0
18458663,Cafe Naklee,10,3.2,3.3256361144119913,0.8305084745762712,3596.0,3496.0,100.0
312269,Chacha's Take Away,16,2.8,3.2155773961585763,0.7538461538461538,5462.0,5534.0,-72.0
308732,Colonel's Kababz,61,3.0,3.1564775522755224,0.44545454545454544,4617.0,5793.0,-1176.0
6747,Domino's Pizza,70,2.8,3.0269960567252725,0.4117647058823529,5462.0,6084.0,-622.0
6804,Green Chick Chop,16,2.8,3.2155773961585763,0.7538461538461538,5462.0,5534.0,-72.0
301506,Naushi's Kitchenette,57,3.4,3.37747670519158,0.46226415094339623,2648.0,2876.0,-228.0
1284,Sapra Pastry Treat,33,3.0,3.2099089115891153,0.5975609756097561,4617.0,5569.0,-952.0
1313,Subway,92,3.2,3.252571140073103,0.3475177304964539,3596.0,5269.0,-1673.0
301737,Sunny Sweets,22,3.3,3.335387757046584,0.6901408450704225,3125.0,3267.0,-142.0
18455518,The Healthy Rasoi,25,3.7,3.469088253382533,0.6621621621621622,1422.0,2180.0,-758.0
18398606,Burger King,71,3.0,3.143437756252562,0.4083333333333333,4617.0,5830.0,-1213.0
309030,Hong Kong Express,100,3.2,3.2497485285255534,0.3288590604026846,3596.0,5311.0,-1715.0
3909,Viva Hyderabad,32,2.3,2.9359571697568825,0.6049382716049383,6408.0,6225.0,183.0
4290,Cafe Rouge - Ramada,194,3.5,3.470010414610319,0.20164609053497942,2195.0,2173.0,22.0
1452,Shamji Sweets,15,3.2,3.3158207929735544,0.765625,3596.0,4042.0,-446.0
303779,Sialkoti Vaishno Dhaba,16,3.1,3.2894235500047304,0.7538461538461538,4106.0,4784.0,-678.0
554,Haldiram's,315,3.6,3.566517941621724,0.1346153846153846,1785.0,1685.0,100.0
3953,Club Prison,53,2.4,2.85698559559125,0.4803921568627451,6325.0,6310.0,15.0
18368009,Maa Bhagwati Tiffins,4,3.0,3.324764731137877,0.9245283018867925,4617.0,3529.0,1088.0
305242,Spices & Sauces,8,3.0,3.301974223689605,0.8596491228070176,4617.0,4498.0,119.0
303730,Assam Tea Corner,6,2.8,3.291136922732863,0.8909090909090909,5462.0,4762.0,700.0
18462214,Bakingo,4,3.0,3.324764731137877,0.9245283018867925,4617.0,3529.0,1088.0
309272,Balaji Sweets & Snacks,6,2.9,3.3020460136419545,0.8909090909090909,5082.0,4458.0,624.0
18311957,Baxman Delivers,4,2.9,3.317217561326556,0.9245283018867925,5082.0,3922.0,1160.0
18218304,Burger Point,20,3.2,3.307427981888514,0.7101449275362319,3596.0,4354.0,-758.0
18252419,Burger Xpress,20,3.1,3.2784424746421372,0.7101449275362319,4106.0,4966.0,-860.0
606,Cafe Coffee Day,34,2.8,3.125452177714548,0.5903614457831325,5462.0,5887.0,-425.0
18133490,Cake Factory,36,3.3,3.3295591852977346,0.5764705882352941,3125.0,3415.0,-290.0
18291476,Cake Maker,5,3.0,3.3187505694501387,0.9074074074074074,4617.0,3823.0,794.0
2071,Captain's Table,41,3.1,3.2368058972256386,0.5444444444444444,4106.0,5396.0,-1290.0
18445653,Carpedium,7,3.1,3.319866620541205,0.875,4106.0,3750.0,356.0
18466800,Chef Sack Kitchen,7,3.1,3.319866620541205,0.875,4106.0,3750.0,356.0
303743,Chinar Junction,8,2.8,3.2739040482510084,0.8596491228070176,5462.0,5033.0,429.0
300174,Frontier,10,2.9,3.2747886567848727,0.8305084745762712,5082.0,5007.0,75.0
18461280,Ganpati Rasoi,11,3.2,3.3235421791717914,0.8166666666666667,3596.0,3655.0,-59.0
6709,Indian & Chinese Corner,21,3.1,3.275893296432964,0.7,4106.0,4986.0,-880.0
18070491,Juice Lounge,25,3.4,3.367736902031182,0.6621621621621622,2648.0,3022.0,-374.0
302907,KB's Kulfi & Icecream,19,3.3,3.3369489816221685,0.7205882352941176,3125.0,3236.0,-111.0
889,KB's Kulfi & Icecream,43,3.3,3.3273101168511685,0.532608695652174,3125.0,3475.0,-350.0
18337904,Keventers,18,2.6,3.149440757467276,0.7313432835820896,6026.0,5818.0,208.0
18415355,KFC,17,2.7,3.183523193186477,0.7424242424242424,5776.0,5688.0,88.0
853,Madras Cafe,69,3.3,3.321292633477182,0.4152542372881356,3125.0,3730.0,-605.0
2620,Madurai Meenakshi Bhawan,25,3.4,3.367736902031182,0.6621621621621622,2648.0,3022.0,-374.0
310155,Masala Fusion,52,3.2,3.273391393567401,0.48514851485148514,3596.0,5062.0,-1466.0
5061,Moti Mahal Delux Tandoori Trail,16,2.9,3.2401927807739614,0.7538461538461538,5082.0,5376.0,-294.0
18460326,Mr. & Mrs. Idly,5,3.0,3.3187505694501387,0.9074074074074074,4617.0,3823.0,794.0
18471259,Pind Bawarchi,8,3.1,3.3160093114089033,0.8596491228070176,4106.0,4009.0,97.0
4122,Republic of Chicken,9,2.8,3.2657332887984047,0.8448275862068966,5462.0,5138.0,324.0
1140,Ridhi Sidhi,30,3.0,3.2178801360798417,0.620253164556962,4617.0,5526.0,-909.0
1145,Romi Da Dhaba,34,3.2,3.2893075994012952,0.5903614457831325,3596.0,4797.0,-1201.0
887,Shamji Sweets,26,2.9,3.194833743337433,0.6533333333333333,5082.0,5636.0,-554.0
18461599,Six Pack Kitchen,13,3.2,3.3195569475856046,0.7903225806451613,3596.0,3802.0,-206.0
18387990,Taste of Dilli 6,9,2.7,3.250216047419095,0.8448275862068966,5776.0,5284.0,492.0
9169,The Guls,21,3.0,3.245893296432964,0.7,4617.0,5330.0,-713.0
5129,The League Restaurant,17,3.1,3.28655349621678,0.7424242424242424,4106.0,4849.0,-743.0
1131,The Plaza Solitaire,32,3.3,3.331018898151944,0.6049382716049383,3125.0,3374.0,-249.0
303747,Uttarakhand Fast Food,6,2.9,3.3020460136419545,0.8909090909090909,5082.0,4458.0,624.0
329,Viva Hyderabad,70,2.5,2.8505254684899786,0.4117647058823529,6216.0,6315.0,-99.0
303765,Wahid Food Corner,6,2.8,3.291136922732863,0.8909090909090909,5462.0,4762.0,700.0
7225,Zync - Rosewood Hotel,5,3.0,3.3187505694501387,0.9074074074074074,4617.0,3823.0,794.0
18382626,Konetto Pizza,32,3.5,3.4100312438309563,0.6049382716049383,2195.0,2534.0,-339.0
5068,South Store,64,3.5,3.4355091216841367,0.4336283185840708,2195.0,2407.0,-212.0
18025110,Captain Bill$ Deliverz,23,2.4,3.0473962604209373,0.6805555555555556,6325.0,6046.0,279.0
308223,China Hut,18,2.4,3.0957094141836934,0.7313432835820896,6325.0,5948.0,377.0
6832,G Dot,26,2.4,3.0215004100040996,0.6533333333333333,6325.0,6090.0,235.0
18286626,Cake2you,4,3.0,3.324764731137877,0.9245283018867925,4617.0,3529.0,1088.0
311770,Delight Express,6,2.9,3.3020460136419545,0.8909090909090909,5082.0,4458.0,624.0
301221,Empress,5,2.9,3.309491310190879,0.9074074074074074,5082.0,4258.0,824.0
8833,Hotel DDR,10,2.8,3.2578395042424995,0.8305084745762712,5462.0,5222.0,240.0
312438,Khan Kabab Corner,4,3.0,3.324764731137877,0.9245283018867925,4617.0,3529.0,1088.0
18153548,Kwality Cakes and Bakes,12,3.2,3.3215168975460245,0.8032786885245902,3596.0,3704.0,-108.0
18449792,Nite Bites,4,2.9,3.317217561326556,0.9245283018867925,5082.0,3922.0,1160.0
18380639,Oriental Kitchen Express,14,3.3,3.339881440481071,0.7777777777777778,3125.0,3180.0,-55.0
17953920,Royal Mart,4,2.9,3.317217561326556,0.9245283018867925,5082.0,3922.0,1160.0
2154,Sikkim Fast Food,36,2.7,3.0754415382389118,0.5764705882352941,5776.0,5991.0,-215.0
18384112,ZASTY,28,3.5,3.405357542211785,0.6363636363636364,2195.0,2556.0,-361.0
9646,Maachh Bhaat,256,3.4,3.3921722319682215,0.16065573770491803,2648.0,2653.0,-5.0
302251,Domino's Pizza,32,3.3,3.331018898151944,0.6049382716049383,3125.0,3374.0,-249.0
18466943,GoGourmet,8,3.2,3.330044399128201,0.8596491228070176,3596.0,3397.0,199.0
18238248,Snack Shack,15,2.7,3.1986332929735544,0.765625,5776.0,5613.0,163.0
18420426,Westí©ross,40,3.5,3.4181183230371626,0.550561797752809,2195.0,2492.0,-297.0
18291458,Cake Desire,4,3.0,3.324764731137877,0.9245283018867925,4617.0,3529.0,1088.0
18365988,Behrouz Biryani,17,3.4,3.363826223489507,0.7424242424242424,2648.0,3098.0,-450.0
18463970,Biryani Art,8,3.3,3.3440794868475,0.8596491228070176,3125.0,3130.0,-5.0
309867,Daawat-e! Amritsar,27,2.9,3.1909543519777297,0.6447368421052632,5082.0,5665.0,-583.0
18412887,Faasos,13,3.0,3.277621463714637,0.7903225806451613,4617.0,4975.0,-358.0
18423107,Ovenstory Pizza,15,3.3,3.3392582929735544,0.765625,3125.0,3195.0,-70.0
4121,Pizza Hut Delivery,53,2.7,3.0128679485324263,0.4803921568627451,5776.0,6104.0,-328.0
305072,Game n Grillz,169,3.6,3.5440941777537036,0.22477064220183487,1785.0,1786.0,-1.0
18421938,Hamoni Red: Play Cafe,25,3.9,3.536655820950101,0.6621621621621622,807.0,1825.0,-1018.0
313105,Machan,88,3.3,3.318339640513193,0.35766423357664234,3125.0,3893.0,-768.0
300772,Mainland China,563,3.3,3.304105442402463,0.08006535947712418,3125.0,4436.0,-1311.0
836,Pind Balluchi,1022,3.4,3.3977708036884287,0.0457516339869281,2648.0,2598.0,50.0
3606,Sagar Ratna,235,2.7,2.8123680660222092,0.17253521126760563,5776.0,6350.0,-574.0
305996,Sasuraal,586,3.3,3.3039567413390674,0.07716535433070866,3125.0,4437.0,-1312.0
18418247,feel ALIVE,69,4.7,4.139936701273792,0.4152542372881356,28.0,259.0,-231.0
18365987,Matchbox,245,4.8,4.558546022960229,0.16666666666666666,19.0,41.0,-22.0
18337894,Prankster,1478,4.8,4.753511807956979,0.032089063523248196,19.0,12.0,7.0
4398,21 Gun Salute,1365,3.9,3.880984816655097,0.034653465346534656,807.0,666.0,141.0
18336483,Backyard Underground,134,3.5,3.460177763662882,0.2677595628415301,2195.0,2242.0,-47.0
496,Bikanervala,966,3.8,3.7783374687195144,0.04827586206896552,1087.0,918.0,169.0
4133,Chin Chin,429,3.5,3.4847542484316056,0.10251046025104603,2195.0,2069.0,126.0
5065,Domino's Pizza,146,3.6,3.5375001576938843,0.2512820512820513,1785.0,1821.0,-36.0
313393,Eggjactly,241,3.7,3.6410776922424395,0.16896551724137931,1422.0,1399.0,23.0
5052,Gola Sizzlers,853,3.5,3.491920765798567,0.05432372505543237,2195.0,2026.0,169.0
18128900,Hunter Valley,254,3.6,3.5597773292089356,0.1617161716171617,1785.0,1725.0,60.0
309339,Jungle Jamboree,1317,3.8,3.783903756039756,0.03587115666178624,1087.0,897.0,190.0
5104,McDonald's,187,3.5,3.4691208930097774,0.2076271186440678,2195.0,2178.0,17.0
18254529,My Bar Headquarters By Dockyard,401,3.9,3.8402500683340164,0.10888888888888888,807.0,777.0,30.0
17953909,Punjabi by Nature,302,3.6,3.5652778653854913,0.1396011396011396,1785.0,1698.0,87.0
310203,Sandys Cocktails & Kitchen,297,3.9,3.8222905513014664,0.1416184971098266,807.0,816.0,-9.0
18238250,Sense Of Spirits,280,3.9,3.818275169453822,0.14893617021276595,807.0,827.0,-20.0
305272,Starbucks,269,3.7,3.646265819969521,0.1540880503144654,1422.0,1381.0,41.0
1851,Swagath,289,3.6,3.563942398669549,0.14497041420118342,1785.0,1706.0,79.0
18446415,The Old School Brew House,96,3.9,3.714569177588327,0.33793103448275863,807.0,1118.0,-311.0
18261703,Barcelos,322,4.0,3.914319489893012,0.1320754716981132,614.0,599.0,15.0
18241517,Boombox Brewstreet,391,4.4,4.28321029715979,0.11136363636363636,116.0,147.0,-31.0
18252386,BRONX Bar Exchange,569,4.1,4.040635163026387,0.07928802588996764,429.0,392.0,37.0
18281955,Djinggs,105,4.1,3.861769680196802,0.3181818181818182,429.0,714.0,-285.0
4959,Downtown - Diners & Living Beer Cafe,3569,4.4,4.38579671938925,0.013543394140409067,116.0,87.0,29.0
18037822,Drifters Cafe,208,4.1,3.9572472013630637,0.19066147859922178,429.0,518.0,-89.0
3575,Gung The Palace,327,4.2,4.089395028591244,0.13031914893617022,289.0,301.0,-12.0
18273972,Magadh and Awadh,226,4.0,3.8844092027283907,0.1781818181818182,614.0,649.0,-35.0
8430,Mamagoto,875,4.1,4.060294946699466,0.05303030303030303,429.0,357.0,72.0
18157413,Molecule Air Bar,1809,4.2,4.1776170779065165,0.0263724434876211,289.0,222.0,67.0
18422475,Nagai,56,4.3,3.8572621976219756,0.4666666666666667,190.0,727.0,-537.0
18435794,PitStop BrewPub,166,4.4,4.160988515117709,0.22790697674418606,116.0,237.0,-121.0
18429166,The Classroom,146,4.4,4.136474516668244,0.2512820512820513,116.0,262.0,-146.0
18264995,buí©no,99,3.8,3.651436018583159,0.3310810810810811,1087.0,1356.0,-269.0
18025114,Bottles and Barrels,242,4.0,3.890764710482156,0.16838487972508592,614.0,638.0,-24.0
310799,A One Rasoi,11,3.1,3.305208845838458,0.8166666666666667,4106.0,4413.0,-307.0
306719,Angeethi,73,2.7,2.96157812090416,0.4016393442622951,5776.0,6191.0,-415.0
18285721,Burger Point,7,2.7,3.269866620541205,0.875,5776.0,5086.0,690.0
598,Cafe Coffee Day,23,3.1,3.2710073715320482,0.6805555555555556,4106.0,5079.0,-973.0
300066,Cake Castle,23,3.2,3.302951815976493,0.6805555555555556,3596.0,4442.0,-846.0
18396412,CHA,7,3.2,3.332366620541205,0.875,3596.0,3334.0,262.0
18249121,Chai Point,10,2.9,3.2747886567848727,0.8305084745762712,5082.0,5007.0,75.0
18241877,Fees - The Cloud Kitchen,5,2.9,3.309491310190879,0.9074074074074074,5082.0,4258.0,824.0
310461,Food Ka Mood,34,3.1,3.2483437439796083,0.5903614457831325,4106.0,5319.0,-1213.0
18385781,Frozen Factory,7,3.1,3.319866620541205,0.875,4106.0,3750.0,356.0
18360098,Goli Vada Pav No. 1,5,3.1,3.3280098287093978,0.9074074074074074,4106.0,3436.0,670.0
300491,Green Chick Chop,14,3.1,3.2954369960366265,0.7777777777777778,4106.0,4638.0,-532.0
307678,Harichatni.com,7,2.9,3.2948666205412054,0.875,5082.0,4662.0,420.0
18352295,Kk Chaap Express,8,3.3,3.3440794868475,0.8596491228070176,3125.0,3130.0,-5.0
18451594,Latenight.in,8,3.0,3.301974223689605,0.8596491228070176,4617.0,4498.0,119.0
18391176,Mitran Da Junction,7,2.7,3.269866620541205,0.875,5776.0,5086.0,690.0
313456,Mogambo Kitchen,9,3.1,3.312285012936336,0.8448275862068966,4106.0,4179.0,-73.0
304518,Mother Ringlet,52,2.5,2.91299535396344,0.48514851485148514,6216.0,6254.0,-38.0
6896,Sna-X Point,39,3.2,3.284233303980767,0.5568181818181818,3596.0,4871.0,-1275.0
18441701,Wow! Momo,9,2.9,3.281250530177715,0.8448275862068966,5082.0,4929.0,153.0
4154,Yashna,73,2.8,3.0214141864779296,0.4016393442622951,5462.0,6092.0,-630.0
18376925,Twigly,76,4.5,4.04970024600246,0.392,79.0,375.0,-296.0
2180,Bakers Oven,183,3.6,3.547467804958222,0.21120689655172414,1785.0,1773.0,12.0
18224532,Dilli 6 On Wheels,142,3.8,3.684882359949254,0.25654450261780104,1087.0,1219.0,-132.0
18356357,La Pino'z Pizza,22,3.5,3.3973595880325,0.6901408450704225,2195.0,2599.0,-404.0
18175268,LeanBodyMeals,144,3.9,3.7606866878254275,0.2538860103626943,807.0,982.0,-175.0
5004,Om Sweets & Snacks,486,3.5,3.4863785621501076,0.09158878504672897,2195.0,2056.0,139.0
308617,Tasty Tweets,104,3.9,3.7242649068647546,0.3202614379084967,807.0,1093.0,-286.0
304351,The Kathi Rolls,136,3.5,3.460608274325986,0.2648648648648649,2195.0,2241.0,-46.0
18354665,Flying Cakes,13,2.4,3.1518150121017334,0.7903225806451613,6325.0,5806.0,519.0
309543,Bikkgane Biryani,530,4.0,3.945099362263053,0.0846286701208981,614.0,540.0,74.0
18419875,Cafeast,6,3.0,3.3129551045510452,0.8909090909090909,4617.0,4096.0,521.0
18358189,Yomo-Your Only Momo Outlet,5,3.0,3.3187505694501387,0.9074074074074074,4617.0,3823.0,794.0
304142,Midnight Sutra,174,3.0,3.077186236548464,0.21973094170403587,4617.0,5983.0,-1366.0
18433016,Paddy's - The Grub Grill,11,3.2,3.3235421791717914,0.8166666666666667,3596.0,3655.0,-59.0
312683,Sugar Rush By Saiba,176,4.1,3.9369445811124772,0.21777777777777776,429.0,555.0,-126.0
18037824,Bamboo House,64,3.4,3.378871953542544,0.4336283185840708,2648.0,2852.0,-204.0
303848,Burger Unlimited Kitchen,41,3.2,3.2823614527811946,0.5444444444444444,3596.0,4909.0,-1313.0
18273536,Cafeteria Point,24,3.2,3.3015415171274998,0.6712328767123288,3596.0,4544.0,-948.0
18291450,Choudhary Gohana Famous Jalebi,10,3.2,3.3256361144119913,0.8305084745762712,3596.0,3496.0,100.0
18345780,Curry N' Tandoor,18,3.2,3.310634787318022,0.7313432835820896,3596.0,4227.0,-631.0
18303712,Dawat-e-Ishq,59,3.3,3.3232641736139583,0.4537037037037037,3125.0,3680.0,-555.0
309021,Delish Bake N Choc,28,2.9,3.1871757240299674,0.6363636363636364,5082.0,5672.0,-590.0
306477,Flavours,74,3.3,3.3204270792707926,0.3983739837398374,3125.0,3741.0,-616.0
18303698,Om Sweets & Snacks,14,2.8,3.2287703293699597,0.7777777777777778,5462.0,5460.0,2.0
18381664,Om Sweets,50,3.2,3.2748740479829035,0.494949494949495,3596.0,5002.0,-1406.0
18161601,Raj Restaurant,11,3.1,3.305208845838458,0.8166666666666667,4106.0,4413.0,-307.0
18279913,Tasha's Artisan Foods,10,3.2,3.3256361144119913,0.8305084745762712,3596.0,3496.0,100.0
18268733,Urban Kitchen,88,3.2,3.2541060638708577,0.35766423357664234,3596.0,5260.0,-1664.0
18204811,Nite Bites,427,3.7,3.664101955357789,0.10294117647058823,1422.0,1310.0,112.0
894,Raj Restaurant,92,2.4,2.730585324470266,0.3475177304964539,6325.0,6409.0,-84.0
5079,Burger Hut,16,2.8,3.2155773961585763,0.7538461538461538,5462.0,5534.0,-72.0
18289241,Dancing Turkeys,17,3.3,3.3380686477319315,0.7424242424242424,3125.0,3217.0,-92.0
18241896,Zizo,233,3.9,3.8046543643627926,0.17375886524822695,807.0,850.0,-43.0
18363062,Grill King Kabab & Curries,20,2.4,3.0755439239174995,0.7101449275362319,6325.0,5987.0,338.0
18380197,Aarush - A Mediterranean Kitchen,6,3.2,3.334773286369227,0.8909090909090909,3596.0,3280.0,316.0
18472639,Blossoms 4 U,6,3.0,3.3129551045510452,0.8909090909090909,4617.0,4096.0,521.0
18351822,Breakfast@60,6,3.1,3.323864195460136,0.8909090909090909,4106.0,3626.0,480.0
18388168,Bunny Burgers,15,3.3,3.3392582929735544,0.765625,3125.0,3195.0,-70.0
18472449,Curry Haus,4,3.1,3.3323119009491977,0.9245283018867925,4106.0,3343.0,763.0
18314053,Droolfi,4,3.0,3.324764731137877,0.9245283018867925,4617.0,3529.0,1088.0
300654,Earthen Spices,20,2.7,3.1625004456566304,0.7101449275362319,5776.0,5771.0,5.0
18144467,FatPlates,18,3.0,3.25690344403444,0.7313432835820896,4617.0,5237.0,-620.0
18332527,Food4U!,18,3.2,3.310634787318022,0.7313432835820896,3596.0,4227.0,-631.0
18423797,Ghar Ki Handi,6,3.0,3.3129551045510452,0.8909090909090909,4617.0,4096.0,521.0
18265424,Giani,7,3.2,3.332366620541205,0.875,3596.0,3334.0,262.0
311534,Great Desserts Company,14,3.3,3.339881440481071,0.7777777777777778,3125.0,3180.0,-55.0
18124345,Green Chick Chop,4,2.9,3.317217561326556,0.9245283018867925,5082.0,3922.0,1160.0
5190,Mughlai Treat,48,3.2,3.276417842786675,0.5051546391752577,3596.0,4982.0,-1386.0
310235,Munch,9,3.1,3.312285012936336,0.8448275862068966,4106.0,4179.0,-73.0
18251519,New Spice World,5,2.9,3.309491310190879,0.9074074074074074,5082.0,4258.0,824.0
6764,Pure Bliss,33,3.0,3.2099089115891153,0.5975609756097561,4617.0,5569.0,-952.0
18345767,Puskar Raj Momos & Chinese Corner,4,3.0,3.324764731137877,0.9245283018867925,4617.0,3529.0,1088.0
313401,Sai-Yo!,37,3.1,3.2431689622128776,0.5697674418604651,4106.0,5348.0,-1242.0
307398,Shanghai Cafe,17,2.6,3.1577656174289013,0.7424242424242424,6026.0,5787.0,239.0
309763,The Blaze,8,2.9,3.2879391359703063,0.8596491228070176,5082.0,4805.0,277.0
18439540,Ullu Delivers,5,2.8,3.30023205093162,0.9074074074074074,5462.0,4556.0,906.0
5011,Yomo-Your Only Momo Outlet,6,3.0,3.3129551045510452,0.8909090909090909,4617.0,4096.0,521.0
18265720,Dimsum Democracy,47,3.6,3.473047195315703,0.5104166666666666,1785.0,2139.0,-354.0
18444356,Midnight Hunger,46,3.8,3.5685529552663944,0.5157894736842106,1087.0,1675.0,-588.0
18419894,The Punjab Kitchen,37,3.9,3.587355008724505,0.5697674418604651,807.0,1582.0,-775.0
18254541,Too Maach,46,3.5,3.423289797371657,0.5157894736842106,2195.0,2474.0,-279.0
306540,Chawla's_,66,2.2,2.690543745654848,0.4260869565217391,6454.0,6427.0,27.0
304524,Chy - Na Express,46,2.2,2.7938161131611317,0.5157894736842106,6454.0,6366.0,88.0
2087,Kwality,52,2.4,2.861510205448589,0.48514851485148514,6325.0,6303.0,22.0
18439516,Brother's Snacks and Shakes,12,3.2,3.3215168975460245,0.8032786885245902,3596.0,3704.0,-108.0
5588,Ginger Garlic,106,2.8,2.9742743919374672,0.3161290322580645,5462.0,6172.0,-710.0
311975,Arabicaa 9,22,3.3,3.335387757046584,0.6901408450704225,3125.0,3267.0,-142.0
6897,Burger Xpress,94,3.4,3.383304410841311,0.34265734265734266,2648.0,2777.0,-129.0
313122,Dilli Light,16,2.6,3.1663466269278073,0.7538461538461538,6026.0,5756.0,270.0
306976,KB's Kulfi & Icecream,11,2.8,3.2502088458384577,0.8166666666666667,5462.0,5291.0,171.0
308191,MyLoveBiryani.Com,16,3.2,3.314038934620115,0.7538461538461538,3596.0,4073.0,-477.0
18336484,Tandoori Adda,32,3.2,3.291512725312438,0.6049382716049383,3596.0,4756.0,-1160.0
312665,Tiffins 4 U,27,3.1,3.2620069835566774,0.6447368421052632,4106.0,5183.0,-1077.0
18357570,Cafe Cup of Life,45,3.7,3.5182184122373132,0.5212765957446809,1422.0,1905.0,-483.0
310829,DCK- Dana Choga's Kitchen,148,3.5,3.4630077703061293,0.24873096446700507,2195.0,2225.0,-30.0
9852,Kishu Di Hatti Sweets,20,3.6,3.4233700108740215,0.7101449275362319,1785.0,2469.0,-684.0
18357912,KC Bakers,13,3.2,3.3195569475856046,0.7903225806451613,3596.0,3802.0,-206.0
311455,Sham Sweets,7,2.8,3.2823666205412048,0.875,5462.0,4890.0,572.0
1920,Gopala,37,3.4,3.372238729654738,0.5697674418604651,2648.0,2950.0,-302.0
358,Halki Aanch,64,3.3,3.3222347854009513,0.4336283185840708,3125.0,3695.0,-570.0
5080,New Sukh Sagar,16,3.2,3.314038934620115,0.7538461538461538,3596.0,4073.0,-477.0
1655,Sweets Corner,28,2.7,3.1144484513026947,0.6363636363636364,5776.0,5899.0,-123.0
18397469,Minus5degree,28,3.6,3.4417211785754214,0.6363636363636364,1785.0,2371.0,-586.0
1654,Qureshi's Kabab Corner,398,4.0,3.9288870934011353,0.10961968680089486,614.0,572.0,42.0
313085,Burger Singh,190,3.4,3.3900105889134204,0.20502092050209206,2648.0,2684.0,-36.0
307502,Captain Bill$ Deliverz,65,2.5,2.865899392546557,0.4298245614035088,6216.0,6301.0,-85.0
18237318,Chaayos,39,3.3,3.3285514857989487,0.5568181818181818,3125.0,3425.0,-300.0
18336504,Chai Point,20,3.4,3.3653989963812676,0.7101449275362319,2648.0,3067.0,-419.0
18277212,Cyber Adda 24,17,3.3,3.3380686477319315,0.7424242424242424,3125.0,3217.0,-92.0
18411846,Desi Thaat,21,3.2,3.305893296432964,0.7,3596.0,4404.0,-808.0
300938,Doughlicious,175,3.3,3.311216655135301,0.21875,3125.0,4224.0,-1099.0
309466,Dunkin' Donuts,138,3.4,3.387232784761003,0.2620320855614973,2648.0,2721.0,-73.0
303606,Gulshan Dhaba,20,3.4,3.3653989963812676,0.7101449275362319,2648.0,3067.0,-419.0
18441175,Karari Kurry,51,3.4,3.376125307503075,0.49,2648.0,2890.0,-242.0
18292438,Moti Mahal Delux,32,3.2,3.291512725312438,0.6049382716049383,3596.0,4756.0,-1160.0
301383,Needs Gourmet,57,3.1,3.216155950474599,0.46226415094339623,4106.0,5530.0,-1424.0
310500,Rao's Meeting Point,54,3.4,3.376820686896189,0.47572815533980584,2648.0,2882.0,-234.0
6867,Sadabahar Hotel,41,2.9,3.1456947861145275,0.5444444444444444,5082.0,5825.0,-743.0
301310,Sagar Ratna,188,2.5,2.676002239452774,0.20675105485232068,6216.0,6434.0,-218.0
18232128,Shri Ram Restaurant,68,3.1,3.205235305558184,0.4188034188034188,4106.0,5588.0,-1482.0
4820,Shri Ram Restaurant,30,2.6,3.065981401902626,0.620253164556962,6026.0,6008.0,18.0
306883,Subway,58,2.9,3.1066591658907243,0.45794392523364486,5082.0,5924.0,-842.0
4817,Subway,101,2.9,3.047416871668716,0.32666666666666666,5082.0,6045.0,-963.0
18423106,Sugarcraft Patisserie,16,3.3,3.3386543192354994,0.7538461538461538,3125.0,3209.0,-84.0
18161567,Tea Halt,22,2.8,3.1804581795817954,0.6901408450704225,5462.0,5703.0,-241.0
303003,The Golden Dragon,83,2.6,2.878882808714451,0.3712121212121212,6026.0,6287.0,-261.0
309033,The Spice Room,155,3.4,3.388296719364252,0.24019607843137256,2648.0,2706.0,-58.0
18258571,The Tongue Twister,40,3.4,3.3731745028124434,0.550561797752809,2648.0,2936.0,-288.0
18322684,56 Fresca,30,3.7,3.483702920889968,0.620253164556962,1422.0,2076.0,-654.0
18261309,BreakfastBay,30,3.5,3.4077535538013604,0.620253164556962,2195.0,2547.0,-352.0
304192,Cafe Maple Street,84,3.5,3.4452069981226123,0.3684210526315789,2195.0,2348.0,-153.0
18381235,Fat Lulu's,21,3.7,3.455893296432964,0.7,1422.0,2272.0,-850.0
18365865,Fat Monk,22,3.9,3.5213032500043306,0.6901408450704225,807.0,1896.0,-1089.0
18282037,First Eat,57,3.6,3.485023875002901,0.46226415094339623,1785.0,2065.0,-280.0
18415385,Flying Tuk Tuk,28,3.9,3.550812087666331,0.6363636363636364,807.0,1757.0,-950.0
18180062,FreshMenu,101,3.9,3.7207502050020493,0.32666666666666666,807.0,1102.0,-295.0
18368007,Little Skillet,26,3.5,3.402833743337433,0.6533333333333333,2195.0,2572.0,-377.0
18383504,PKay,28,3.7,3.478084814939058,0.6363636363636364,1422.0,2110.0,-688.0
17977749,Shama Chicken Corner,35,3.6,3.454911080360803,0.5833333333333334,1785.0,2283.0,-498.0
312684,Starbucks,51,3.7,3.529125307503075,0.49,1422.0,1853.0,-431.0
18303696,Tandoori Nation,39,3.5,3.417187849435312,0.5568181818181818,2195.0,2503.0,-308.0
303174,Truffle Tangles,37,3.5,3.415261985468691,0.5697674418604651,2195.0,2513.0,-318.0
6877,Domino's Pizza,70,2.3,2.732878409666449,0.4117647058823529,6408.0,6407.0,1.0
306975,KB's Icecream & Kulfis,26,2.3,2.986833743337433,0.6533333333333333,6408.0,6145.0,263.0
18014135,Wah Ji Wah,42,2.4,2.9122256126407415,0.5384615384615384,6325.0,6257.0,68.0
18306533,The Brewhouse,56,4.1,3.750595530955309,0.4666666666666667,429.0,1018.0,-589.0
18246068,Cake Point,7,2.8,3.2823666205412048,0.875,5462.0,4890.0,572.0
304564,Shyam Sweets,9,2.8,3.2657332887984047,0.8448275862068966,5462.0,5138.0,324.0
312265,Uma Foodies' Hut,33,3.1,3.25015281402814,0.5975609756097561,4106.0,5308.0,-1202.0
313316,Bikanervala,178,3.4,3.3894825143185345,0.21585903083700442,2648.0,2692.0,-44.0
7528,Indian Grill Room,1262,4.5,4.457065240846917,0.03737604881769641,79.0,68.0,11.0
1216,Oriental Fusion,199,3.3,3.3101311723802715,0.1975806451612903,3125.0,4243.0,-1118.0
305662,Purani Dilli's Al Karam Kebab House,483,3.4,3.3955122758464427,0.09210526315789473,2648.0,2622.0,26.0
305792,Rollmaal,346,3.4,3.393955774051411,0.1240506329113924,2648.0,2635.0,13.0
305776,Speedy Chow,241,3.2,3.2255604508631293,0.16896551724137931,3596.0,5486.0,-1890.0
18355106,Arabian Nites,158,3.8,3.6937803417889246,0.23671497584541062,1087.0,1188.0,-101.0
308274,Giani's,92,3.7,3.5788122748248763,0.3475177304964539,1422.0,1615.0,-193.0
3538,Giani,115,3.6,3.5256861631116307,0.29878048780487804,1785.0,1867.0,-82.0
18420450,Juste Miam,94,3.9,3.71197573951264,0.34265734265734266,807.0,1127.0,-320.0
306401,Patiala Shahi,118,3.5,3.4563624595826794,0.2934131736526946,2195.0,2270.0,-75.0
18257542,The Kathis,48,3.8,3.5733250592815198,0.5051546391752577,1087.0,1648.0,-561.0
9290,Wai Yu Mun Ching,321,3.6,3.5670608939197503,0.13243243243243244,1785.0,1683.0,102.0
301499,Bernardo's,429,4.0,3.9334990183060827,0.10251046025104603,614.0,559.0,55.0
18025103,Biryani Art,344,4.1,4.006647660942257,0.12468193384223919,429.0,432.0,-3.0
18424627,Nosh,103,4.1,3.8586350707257067,0.3223684210526316,429.0,723.0,-294.0
18403465,Tandoor Express,67,4.2,3.841487334054375,0.4224137931034483,289.0,770.0,-481.0
18372668,Tandoori KnockOuts,112,4.2,3.94169273757955,0.30434782608695654,289.0,546.0,-257.0
18224536,Udaipuri,157,4.0,3.845691896846153,0.23786407766990292,614.0,760.0,-146.0
18128902,Begonia,8,3.0,3.301974223689605,0.8596491228070176,4617.0,4498.0,119.0
18138454,Cakes & Muffins,21,3.3,3.335893296432964,0.7,3125.0,3255.0,-130.0
4602,Halki Aanch,39,2.7,3.062642394889858,0.5568181818181818,5776.0,6016.0,-240.0
18341082,Hungry Gopal,27,3.2,3.297533299346151,0.6447368421052632,3596.0,4607.0,-1011.0
18382055,Kuzo,10,3.2,3.3256361144119913,0.8305084745762712,3596.0,3496.0,100.0
18391189,Lovecrumbs Bakery,16,3.4,3.3632697038508845,0.7538461538461538,2648.0,3105.0,-457.0
311837,Organic Express,20,3.4,3.3653989963812676,0.7101449275362319,2648.0,3067.0,-419.0
254,Pizza Hut,80,2.8,3.009399463180678,0.3798449612403101,5462.0,6107.0,-645.0
308113,Roti Te Boti,42,2.8,3.096840997256126,0.5384615384615384,5462.0,5946.0,-484.0
18365890,Behrouz Biryani,49,3.7,3.525638068880689,0.5,1422.0,1868.0,-446.0
18354631,Cafí© Burger BC,65,3.7,3.550109918862346,0.4298245614035088,1422.0,1760.0,-338.0
18336214,Dilli Darbar,52,3.7,3.5308171361416583,0.48514851485148514,1422.0,1844.0,-422.0
18265365,Fu.D,58,3.7,3.5403040257038083,0.45794392523364486,1422.0,1806.0,-384.0
18363405,Jarfull,25,3.7,3.469088253382533,0.6621621621621622,1422.0,2180.0,-758.0
18322661,Mochamania,50,3.7,3.527399300508156,0.494949494949495,1422.0,1861.0,-439.0
18261725,Mukhtalif Biryanis,125,3.7,3.601796153737399,0.28160919540229884,1422.0,1541.0,-119.0
18157408,Mummy's Kitchen,26,3.5,3.402833743337433,0.6533333333333333,2195.0,2572.0,-377.0
18429378,Ovenstory Pizza,23,3.7,3.462674038198715,0.6805555555555556,1422.0,2229.0,-807.0
18439519,The Godinho's,23,3.8,3.4946184826431597,0.6805555555555556,1087.0,2015.0,-928.0
313275,Chin Chow,38,2.4,2.9357762155207756,0.5632183908045977,6325.0,6229.0,96.0
18343001,Cafe Sante,62,4.3,3.8811939707234906,0.44144144144144143,190.0,664.0,-474.0
18377905,Mughal Dine-Esty,32,4.0,3.607562108028487,0.6049382716049383,614.0,1522.0,-908.0
18406140,Nuterro,101,4.0,3.788083538335383,0.32666666666666666,614.0,883.0,-269.0
18472606,Sandburg Shakes,34,4.0,3.6170184427747887,0.5903614457831325,614.0,1486.0,-872.0
18451577,The Millionaire Express,53,4.0,3.6883581446108575,0.4803921568627451,614.0,1206.0,-592.0
312540,Ammu's South Indian Restaurant,10,3.1,3.3086869618696184,0.8305084745762712,4106.0,4318.0,-212.0
18386419,Elma's Delivers,5,3.1,3.3280098287093978,0.9074074074074074,4106.0,3436.0,670.0
18412886,Faasos,12,3.2,3.3215168975460245,0.8032786885245902,3596.0,3704.0,-108.0
18421029,Foodrath,4,3.0,3.324764731137877,0.9245283018867925,4617.0,3529.0,1088.0
18332044,Hyderabad House,7,2.7,3.269866620541205,0.875,5776.0,5086.0,690.0
18306553,Kake Da Hotel,35,3.1,3.2465777470274695,0.5833333333333334,4106.0,5325.0,-1219.0
309451,Mitraao,117,3.4,3.3856176551223345,0.29518072289156627,2648.0,2741.0,-93.0
18203171,PomoDoro Bistro,67,3.4,3.3794183685371335,0.4224137931034483,2648.0,2841.0,-193.0
312570,Shri Shyam Ji Ke Mashhoor Chhole Bhature,26,3.3,3.3335004100040995,0.6533333333333333,3125.0,3304.0,-179.0
18273621,Spice Aangan Express,33,3.0,3.2099089115891153,0.5975609756097561,4617.0,5569.0,-952.0
305919,Subway,59,3.3,3.3232641736139583,0.4537037037037037,3125.0,3680.0,-555.0
304520,Swaad Ka Khazana,11,2.6,3.213542179171791,0.8166666666666667,6026.0,5553.0,473.0
18292458,The Toddy Shop,21,3.4,3.365893296432964,0.7,2648.0,3055.0,-407.0
4215,Truffles,15,3.2,3.3158207929735544,0.765625,3596.0,4042.0,-446.0
18360143,Cafe Bonkerz,41,3.6,3.4645836750034165,0.5444444444444444,1785.0,2216.0,-431.0
18423890,Wrapchick,67,3.9,3.6682114719854098,0.4224137931034483,807.0,1287.0,-480.0
312555,WoW - Vada Pav & More,41,2.2,2.826805897225639,0.5444444444444444,6454.0,6333.0,121.0
18420454,Me Kong Bowl,27,4.0,3.58174382566194,0.6447368421052632,614.0,1603.0,-989.0
3961,Palmyra - The Bristol Hotel,57,3.3,3.3237031202859195,0.46226415094339623,3125.0,3649.0,-524.0
3288,Shanghai Bar & Lounge - The Bristol Hotel,17,3.0,3.2607959204592043,0.7424242424242424,4617.0,5188.0,-571.0
7231,Zaffran - The Bristol Hotel,52,3.2,3.273391393567401,0.48514851485148514,3596.0,5062.0,-1466.0
18291211,Zaffran - The Claremont,4,3.0,3.324764731137877,0.9245283018867925,4617.0,3529.0,1088.0
5768,Clove - The Galgotias,19,2.7,3.1693019227986396,0.7205882352941176,5776.0,5747.0,29.0
304276,Green Leaf,6,3.0,3.3129551045510452,0.8909090909090909,4617.0,4096.0,521.0
304279,Tokyo,10,3.0,3.2917378093272456,0.8305084745762712,4617.0,4730.0,-113.0
5717,Cigar Lounge - The Oberoi,17,3.2,3.312311071974356,0.7424242424242424,3596.0,4157.0,-561.0
7496,Melange - The Pllazio Hotel,94,3.6,3.514772942309843,0.34265734265734266,1785.0,1929.0,-144.0
309377,Qureshi's Kabab Corner,96,3.3,3.317327798277982,0.33793103448275863,3125.0,3919.0,-794.0
5042,EEST - The Westin Gurgaon,272,3.9,3.8162384135523597,0.1526479750778816,807.0,831.0,-24.0
5044,Prego - The Westin Gurgaon,390,3.8,3.7499146486339576,0.11161731207289294,1087.0,1021.0,66.0
5046,Seasonal Tastes - The Westin Gurgaon,394,3.9,3.8393059384882786,0.11060948081264109,807.0,780.0,27.0
310700,Xiao Chi - The Westin Sohna Resort & Spa,22,3.4,3.3663736725395417,0.6901408450704225,2648.0,3046.0,-398.0
310699,The Living Room - The Westin Sohna Resort & Spa,45,3.7,3.5182184122373132,0.5212765957446809,1422.0,1905.0,-483.0
2711,The Bar - Trident Gurgaon,36,3.3,3.3295591852977346,0.5764705882352941,3125.0,3415.0,-290.0
2710,Konomi - Trident Gurgaon,27,3.5,3.404112246714572,0.6447368421052632,2195.0,2561.0,-366.0
18285736,L'Opera,16,3.7,3.437115857697038,0.7538461538461538,1422.0,2395.0,-973.0
18291200,Town Hall,13,3.5,3.3824601733920563,0.7903225806451613,2195.0,2786.0,-591.0
18291198,Whisky Samba,127,3.8,3.675071197444929,0.2784090909090909,1087.0,1255.0,-168.0
18446404,Chokola,6,3.1,3.323864195460136,0.8909090909090909,4106.0,3626.0,480.0
6690,Citrus Cafe - Lemon Tree Hotel,27,2.7,3.119901720398783,0.6447368421052632,5776.0,5892.0,-116.0
306032,Green Hut,23,2.8,3.175174038198715,0.6805555555555556,5462.0,5726.0,-264.0
18216898,My Plate,6,3.1,3.323864195460136,0.8909090909090909,4106.0,3626.0,480.0
310487,PiccoLicko,12,3.3,3.3411890286935653,0.8032786885245902,3125.0,3150.0,-25.0
18352277,Pind Balluchi,7,2.7,3.269866620541205,0.875,5776.0,5086.0,690.0
4185,Raj Xpresso,13,2.9,3.256653721779153,0.7903225806451613,5082.0,5242.0,-160.0
18374686,Riders Hub,11,3.1,3.305208845838458,0.8166666666666667,4106.0,4413.0,-307.0
310870,Shivani Catering Services,17,3.1,3.28655349621678,0.7424242424242424,4106.0,4849.0,-743.0
18435802,The Diet Kitchen,7,3.3,3.3448666205412048,0.875,3125.0,3128.0,-3.0
311788,The Gr8 Taste of India,10,3.0,3.2917378093272456,0.8305084745762712,4617.0,4730.0,-113.0
312301,World Art Cafe,10,3.3,3.342585266954364,0.8305084745762712,3125.0,3134.0,-9.0
18175242,XLNC Bakers,4,2.9,3.317217561326556,0.9245283018867925,5082.0,3922.0,1160.0
312592,Tea Halt,82,3.1,3.1939887843534924,0.37404580152671757,4106.0,5639.0,-1533.0
9273,Dunkin' Donuts,302,3.5,3.4792379793456054,0.1396011396011396,2195.0,2106.0,89.0
309134,Indian Bistro Company,276,3.7,3.647423171539408,0.15076923076923077,1422.0,1374.0,48.0
18237342,Anaaj,7,2.9,3.2948666205412054,0.875,5082.0,4662.0,420.0
18383550,Au Bon Pain,8,2.8,3.2739040482510084,0.8596491228070176,5462.0,5033.0,429.0
302243,Cafe Coffee Day,10,3.1,3.3086869618696184,0.8305084745762712,4106.0,4318.0,-212.0
18294576,Cafe Friends,31,3.2,3.2926566343788437,0.6125,3596.0,4702.0,-1106.0
18233603,Chinese Bistro,5,2.9,3.309491310190879,0.9074074074074074,5082.0,4258.0,824.0
304182,Dunkin' Donuts,87,3.4,3.382445079046379,0.3602941176470588,2648.0,2789.0,-141.0
18396424,Madras Coffee House,4,3.0,3.324764731137877,0.9245283018867925,4617.0,3529.0,1088.0
9967,McDonald's,35,3.3,3.329911080360803,0.5833333333333334,3125.0,3409.0,-284.0
18350125,Nukkadwala,25,3.2,3.3001693344636145,0.6621621621621622,3596.0,4574.0,-978.0
302248,Salad Chef,44,3.2,3.2797046317237366,0.5268817204301075,3596.0,4955.0,-1359.0
310531,Subway,27,3.3,3.3330596151356247,0.6447368421052632,3125.0,3315.0,-190.0
312708,Tea Halt,14,2.7,3.206548107147738,0.7777777777777778,5776.0,5580.0,196.0
18175288,The Kachori Co.,11,2.5,3.195208845838458,0.8166666666666667,6216.0,5635.0,581.0
18124368,Urban Dhaba,11,3.2,3.3235421791717914,0.8166666666666667,3596.0,3655.0,-59.0
18371415,A Piece of Paris,43,3.9,3.607744899459864,0.532608695652174,807.0,1520.0,-713.0
305687,Chaayos,127,3.8,3.675071197444929,0.2784090909090909,1087.0,1255.0,-168.0
309642,Doughlicious,60,3.6,3.488188355507408,0.44954128440366975,1785.0,2043.0,-258.0
18273546,Eggers Madhouse,51,3.7,3.529125307503075,0.49,1422.0,1853.0,-431.0
18349911,Live Wok,45,3.6,3.4703460718117816,0.5212765957446809,1785.0,2170.0,-385.0
300652,Orange Chopsticks,200,3.5,3.470733055222118,0.19678714859437751,2195.0,2168.0,27.0
302239,Pizzoccheri,76,3.6,3.5025002460024597,0.392,1785.0,1979.0,-194.0
309308,Chai Point,49,2.4,2.8756380688806886,0.5,6325.0,6291.0,34.0
301559,Latitude - Vivanta By Taj,305,3.8,3.7378885049443715,0.1384180790960452,1087.0,1052.0,35.0
301562,Thai Pavilion - Vivanta By Taj,219,4.0,3.8813900401130876,0.1828358208955224,614.0,662.0,-48.0
311480,3H Kitchen,15,2.9,3.2455082929735544,0.765625,5082.0,5334.0,-252.0
303866,Manish Sweets & Bakers,5,2.8,3.30023205093162,0.9074074074074074,5462.0,4556.0,906.0
4188,Oasis Kitchen,6,2.9,3.3020460136419545,0.8909090909090909,5082.0,4458.0,624.0
311844,Ramchandra Chinese Food,10,2.7,3.2408903517001266,0.8305084745762712,5776.0,5369.0,407.0
308681,Sona Chinese,14,2.8,3.2287703293699597,0.7777777777777778,5462.0,5460.0,2.0
2817,The Pastry Hut,13,2.9,3.256653721779153,0.7903225806451613,5082.0,5242.0,-160.0
301734,Bhoomika,6,2.9,3.3020460136419545,0.8909090909090909,5082.0,4458.0,624.0
309851,FoodZilla,153,3.3,3.3124382710411258,0.24257425742574257,3125.0,4156.0,-1031.0
300097,Goli Vada Pav No. 1,151,3.4,3.388062653751537,0.245,2648.0,2711.0,-63.0
18466966,Indo Chinese,12,3.2,3.3215168975460245,0.8032786885245902,3596.0,3704.0,-108.0
306524,Kathi Junction,89,3.0,3.12472848369788,0.35507246376811596,4617.0,5889.0,-1272.0
1453,Romi da Dhaba,122,3.1,3.1720031038029677,0.28654970760233917,4106.0,5738.0,-1632.0
1451,Shamji Snacks,83,2.7,2.9417615965932384,0.3712121212121212,5776.0,6216.0,-440.0
300082,The Lunch Break,7,2.9,3.2948666205412054,0.875,5082.0,4662.0,420.0
313479,Veg O Non,21,3.1,3.275893296432964,0.7,4106.0,4986.0,-880.0
9122,Alwar Sweets,66,3.5,3.4366307021765867,0.4260869565217391,2195.0,2396.0,-201.0
3559,Bakers Oven,69,3.6,3.4967163622907416,0.4152542372881356,1785.0,2002.0,-217.0
18265678,Burgzz Bee,60,3.6,3.488188355507408,0.44954128440366975,1785.0,2043.0,-258.0
2165,Chinese Corner,369,3.6,3.570843375000736,0.11722488038277512,1785.0,1661.0,124.0
6769,Iroha,63,3.7,3.5474333102706024,0.4375,1422.0,1774.0,-352.0
1454,Curry 'n' Phulka,83,2.4,2.753125232956875,0.3712121212121212,6325.0,6396.0,-71.0
6775,Wah Ji Wah,142,2.2,2.495353564137736,0.25654450261780104,6454.0,6489.0,-35.0
306043,Woods Spice,36,3.2,3.287206244121265,0.5764705882352941,3596.0,4826.0,-1230.0
2100712,Mocha,394,4.6,4.46187930191943,0.11060948081264109,44.0,66.0,-22.0
2100478,Terra Mayaa Restaurant and Lounge,360,3.9,3.8342604663821698,0.1198044009779951,807.0,792.0,15.0
18384506,The Basement Cafí©,126,4.7,4.322357318573186,0.28,28.0,125.0,-97.0
2100108,Strawberry Fields,290,4.1,3.991777376844565,0.14454277286135694,429.0,449.0,-20.0
2100921,Brooklyn Blues,110,4.2,3.9384435896245753,0.3081761006289308,289.0,552.0,-263.0
2100565,Confucius,304,4.1,3.9960694922105024,0.1388101983002833,429.0,443.0,-14.0
2100870,The Woking Mama,129,4.4,4.111306352529818,0.2752808988764045,116.0,284.0,-168.0
2100861,Underdoggs Sports Bar & Grill,222,4.4,4.210378342252057,0.18081180811808117,116.0,199.0,-83.0
18381932,The Zouq : Resto-Cafe,124,4.1,3.8879337037590025,0.2832369942196532,429.0,644.0,-215.0
18397909,BrewBakes,28,4.0,3.587175724029967,0.6363636363636364,614.0,1583.0,-969.0
2100702,Barbeque Nation,774,4.9,4.807791653402561,0.05953827460510328,1.0,9.0,-8.0
2100101,Yo! China,327,3.6,3.5675865179529453,0.13031914893617022,1785.0,1680.0,105.0
2100322,4 Seasons,142,3.6,3.536191260472814,0.25654450261780104,1785.0,1826.0,-41.0
2100784,11th Avenue Cafe Bistro,377,4.1,4.01387918016504,0.11502347417840375,429.0,424.0,5.0
2100849,Cafí© Riverrun,99,4.2,3.9190035861507266,0.3310810810810811,289.0,590.0,-301.0
18480196,Fat Belly,25,4.1,3.6042233885176684,0.6621621621621622,429.0,1533.0,-1104.0
2100719,The Corner Cafe,179,4.1,3.9390900471504713,0.2149122807017544,429.0,551.0,-122.0
2100676,Chung Fa,369,4.3,4.188785958732793,0.11722488038277512,190.0,207.0,-17.0
2100074,Shanghai Salsa,256,4.0,3.8957787893452704,0.16065573770491803,614.0,631.0,-17.0
18224282,Three Guys,233,4.3,4.135150818263502,0.17375886524822695,190.0,263.0,-73.0
2100776,Ziya,96,4.3,3.9793967637952234,0.33793103448275863,190.0,475.0,-285.0
90744,Exotica,3374,4.3,4.286419085816625,0.014314928425357873,190.0,143.0,47.0
18452864,AB's - Absolute Barbecues,200,4.9,4.595231047189991,0.19678714859437751,1.0,31.0,-30.0
97824,Chili's,1932,4.7,4.666639339096571,0.024734982332155476,28.0,23.0,5.0
18443506,The Fisherman's Wharf,144,3.8,3.686075288861696,0.2538860103626943,1087.0,1217.0,-130.0
90847,Chili's,2553,4.6,4.576484446867912,0.018831667947732514,44.0,34.0,10.0
18280329,Pine & Dine,682,4.0,3.956515089945701,0.06703146374829001,614.0,519.0,95.0
96626,Jonathan's Kitchen - Holiday Inn Express & Suites,860,4.3,4.248858669692307,0.0539053905390539,190.0,179.0,11.0
94286,AB's - Absolute Barbecues,5434,4.9,4.886159498586597,0.00893671347802298,1.0,2.0,-1.0
96776,Coní_u,1023,4.8,4.733780345849167,0.0457089552238806,19.0,17.0,2.0
18418733,Dock Forty Five,79,4.2,3.8750978964867775,0.3828125,289.0,681.0,-392.0
18418730,Mocha Bar,221,4.2,4.04597233611225,0.1814814814814815,289.0,383.0,-94.0
93766,Olive Bistro,2218,4.4,4.377332391155849,0.021614468460520512,116.0,92.0,24.0
18356469,Prost Brew Pub,594,4.1,4.042943282659887,0.07620528771384137,429.0,389.0,40.0
97503,United Kitchens of India,1431,4.1,4.0752111694258835,0.03310810810810811,429.0,330.0,99.0
92577,Heart Cup Coffee,1859,4.2,4.178203632468715,0.025681341719077568,289.0,219.0,70.0
18307251,Churrolto,344,4.7,4.531838500636915,0.12468193384223919,28.0,48.0,-20.0
18313013,The Grand Trunk Road,616,3.9,3.8595677154139962,0.07368421052631578,807.0,719.0,88.0
18312984,Sahibäó»s Barbeque by Ohriäó»s,571,4.1,4.040826662500495,0.07903225806451612,429.0,391.0,38.0
1401756,KYRO,238,3.7,3.6404617796177963,0.17073170731707318,1422.0,1403.0,19.0
1400544,JAL - A Jungle Restaurant,100,4.1,3.853775374163137,0.3288590604026846,429.0,739.0,-310.0
18254231,Oye24,152,4.1,3.9174752773647135,0.24378109452736318,429.0,594.0,-165.0
1402314,Hobnob Gourmet Cafí©bar,37,4.1,3.673401520352413,0.5697674418604651,429.0,1262.0,-833.0
1400466,Mangosteen Cafe,430,3.9,3.843867496347197,0.1022964509394572,807.0,764.0,43.0
1401934,Mama Loca,304,4.2,4.082188472380475,0.1388101983002833,289.0,314.0,-25.0
1401548,Vidorra,404,4.0,3.9298289862037694,0.10816777041942605,614.0,570.0,44.0
1400460,Cafe Palette,214,3.8,3.716397455324363,0.18631178707224336,1087.0,1112.0,-25.0
1400056,Nafees Restaurant,496,4.0,3.941674368349188,0.08990825688073395,614.0,547.0,67.0
1400169,The Creative Kitchen - Radisson Blu Hotel,209,3.8,3.7147772509701835,0.18992248062015504,1087.0,1117.0,-30.0
1400186,Square - Sayaji Hotel,334,4.3,4.178622795692709,0.1279373368146214,190.0,217.0,-27.0
1402335,Freito,26,3.1,3.264167076670766,0.6533333333333333,4106.0,5163.0,-1057.0
1400555,Cafe Terazza,502,3.9,3.851202415154823,0.08892921960072596,807.0,743.0,64.0
1401948,Cafe Yolo,69,3.8,3.6136655148331145,0.4152542372881356,1087.0,1497.0,-410.0
18395137,Just My Bakes,69,3.9,3.6721400911043007,0.4152542372881356,807.0,1269.0,-462.0
1400121,10 Downing Street,413,4.0,3.9311959540049943,0.10606060606060606,614.0,566.0,48.0
1402028,Cakesmith's Alley,87,4.3,3.9581803731640255,0.3602941176470588,190.0,516.0,-326.0
1401857,The Yellow Chilli,181,4.1,3.940489264131771,0.21304347826086956,429.0,549.0,-120.0
1402089,Waffle House,171,4.3,4.088693321592307,0.22272727272727272,190.0,303.0,-113.0
1402050,Mocha,341,4.0,3.918493668590532,0.12564102564102564,614.0,591.0,23.0
101212,Tapri Central,1469,4.7,4.656464117753826,0.032279314888010543,28.0,25.0,3.0
101834,Blackout,676,3.9,3.8629138355176655,0.06758620689655172,807.0,713.0,94.0
101884,Mamu's Infusion,582,4.0,3.949623662044861,0.07765451664025357,614.0,531.0,83.0
102813,Nibs Cafe,389,4.4,4.282677010845451,0.11187214611872145,116.0,148.0,-32.0
101259,On The House,843,4.4,4.342390729540703,0.05493273542600897,116.0,111.0,5.0
103065,WTF,212,4.0,3.878208930077806,0.18773946360153257,614.0,674.0,-60.0
100080,Chokhi Dhani,1478,4.3,4.269556339718603,0.032089063523248196,190.0,154.0,36.0
103147,Meraaki Kitchen,67,3.9,3.6682114719854098,0.4224137931034483,807.0,1287.0,-480.0
101311,Taruveda Bistro,633,4.2,4.139021306085494,0.0718475073313783,289.0,260.0,29.0
100305,The Forresta Kitchen & Bar,916,4.0,3.9670596173578314,0.05077720207253886,614.0,500.0,114.0
102215,Monarch Restaurant - Holiday Inn Jaipur City Centre,420,4.5,4.379984074094472,0.1044776119402985,79.0,90.0,-11.0
102216,Chao Chinese Bistro - Holiday Inn Jaipur City Centre,308,4.3,4.169782999300581,0.13725490196078433,190.0,233.0,-43.0
18209498,Zolocrust - Hotel Clarks Amer,322,4.9,4.695451565364711,0.1320754716981132,1.0,19.0,-18.0
103019,Mutual's,198,4.2,4.031629679151043,0.19838056680161945,289.0,406.0,-117.0
103090,O2- The Plant Cafe,148,4.1,3.913769191625926,0.24873096446700507,429.0,600.0,-171.0
102531,Cafe LazyMojo,798,4.3,4.245115148465533,0.05785123966942149,190.0,181.0,9.0
100306,Replay,1121,4.3,4.2602671202994085,0.04188034188034188,190.0,167.0,23.0
18454586,Sky Beach,46,2.6,2.987500323687447,0.5157894736842106,6026.0,6141.0,-115.0
102504,Decked Up By Garden Cafe,310,3.9,3.825104542479965,0.13649025069637882,807.0,807.0,0.0
102867,Calzone- Dine & Rooftop Lounge,112,3.7,3.593866650623028,0.30434782608695654,1422.0,1558.0,-136.0
2300061,Hucka,148,3.3,3.31275396319953,0.24873096446700507,3125.0,4150.0,-1025.0
2300483,The Zaffran,51,3.3,3.3251253075030744,0.49,3125.0,3523.0,-398.0
2300065,Gyan Vaishnav,97,3.9,3.715839251714435,0.3356164383561644,807.0,1113.0,-306.0
18377936,Liquid,24,4.0,3.564555215757636,0.6712328767123288,614.0,1703.0,-1089.0
2300188,Royal Dine - Hotel Royal Cliff,54,4.0,3.6913837936923053,0.47572815533980584,614.0,1199.0,-585.0
18407105,Urban Crave Express,43,3.5,3.4207883777207333,0.532608695652174,2195.0,2482.0,-287.0
2300183,Mr Brown,97,3.9,3.715839251714435,0.3356164383561644,807.0,1113.0,-306.0
2300476,Dunkin Donuts,87,4.1,3.8302391966934373,0.3602941176470588,429.0,798.0,-369.0
2300018,Little Chef,158,4.1,3.9227658490353017,0.23671497584541062,429.0,582.0,-153.0
2300042,Chin Mi,86,3.9,3.7008335611133885,0.362962962962963,807.0,1168.0,-361.0
2300048,Tadka,97,3.8,3.649400895550051,0.3356164383561644,1087.0,1363.0,-276.0
2300058,Dhuaan,155,4.3,4.072120248776017,0.24019607843137256,190.0,338.0,-148.0
2300162,Upper Crust,49,3.4,3.3756380688806886,0.5,2648.0,2901.0,-253.0
2300003,Anaicha's Food Joint,106,3.6,3.521371166131016,0.3161290322580645,1785.0,1894.0,-109.0
2300176,Aromas,171,4.1,3.9332387761377605,0.22272727272727272,429.0,562.0,-133.0
2300187,Waterside - The Landmark Hotel,113,3.9,3.7340279675944905,0.30246913580246915,807.0,1064.0,-257.0
2300009,Verandah,160,3.7,3.618241773924916,0.23444976076555024,1422.0,1484.0,-62.0
18391601,Barbeque Nation,41,4.0,3.6468058972256383,0.5444444444444444,614.0,1376.0,-762.0
900682,Nawras Seafood Restaurant,289,4.6,4.418971984468365,0.14497041420118342,44.0,80.0,-36.0
95361,Ifthar,281,3.8,3.7333713053039617,0.1484848484848485,1087.0,1067.0,20.0
95421,Dhe Puttu,662,4.4,4.327725078411122,0.06891701828410689,116.0,121.0,-5.0
95256,Kashi Art Cafe,659,4.2,4.1412606366529765,0.0692090395480226,289.0,257.0,32.0
95286,Grand Hotel Restaurant,394,4.2,4.106123094244487,0.11060948081264109,289.0,288.0,1.0
900969,Barbeque Nation,213,4.5,4.285162331108044,0.18702290076335878,79.0,145.0,-66.0
95333,Chiyang,277,3.7,3.6475844501543175,0.15030674846625766,1422.0,1372.0,50.0
900547,Slice of Spice,246,4.0,3.8922458669501947,0.16610169491525423,614.0,633.0,-19.0
901089,Mustake Multicuisine Restaurant,145,3.7,3.611920261599523,0.25257731958762886,1422.0,1505.0,-83.0
901035,Palaaram,105,3.7,3.589042407469529,0.3181818181818182,1422.0,1573.0,-151.0
900561,Tonico Cafe,406,4.0,3.930137430220456,0.1076923076923077,614.0,569.0,45.0
900524,Cafe 17,333,4.4,4.265477829189287,0.12827225130890052,116.0,159.0,-43.0
900800,ChaiCofi,160,4.0,3.8479068456952508,0.23444976076555024,614.0,751.0,-137.0
95304,Bloomsbury's Boutique Cafe and Artisan Bakery,482,4.2,4.121680848870636,0.09227871939736347,289.0,279.0,10.0
900533,Paragon,722,4.3,4.2397049685477395,0.06355382619974059,190.0,187.0,3.0
901004,Aangan - Downtown Multicuisine Restaurant,146,4.2,3.986730926924654,0.2512820512820513,289.0,455.0,-166.0
900111,Ali Baba & 41 Dishes,348,3.5,3.48164365428289,0.12342569269521411,2195.0,2091.0,104.0
95331,Cocoa Tree,658,4.3,4.234246861032966,0.06930693069306931,190.0,190.0,0.0
900032,French Toast,312,4.3,4.17122584695376,0.13573407202216067,190.0,232.0,-42.0
900282,Thakkaaram,361,3.6,3.5702744652446525,0.11951219512195121,1785.0,1667.0,118.0
18217475,Asia Kitchen by Mainland China,945,4.6,4.538443189889645,0.04929577464788732,44.0,47.0,-3.0
18249144,Hoppipola,1103,4.2,4.163899766276309,0.042534722222222224,289.0,236.0,53.0
18017612,Spice Kraft,1424,4.8,4.75180755651752,0.03326544467073999,19.0,13.0,6.0
18377112,Nawwarah,326,3.9,3.8283000820008195,0.13066666666666665,807.0,800.0,7.0
20002,6 Ballygunge Place,1778,4.4,4.3718733063767425,0.02681992337164751,116.0,95.0,21.0
18343731,Mumbai Local,704,4.2,4.1447709571717235,0.0650730411686587,289.0,253.0,36.0
25664,Gabbar's Bar & Kitchen,1484,4.4,4.366479145955843,0.0319634703196347,116.0,101.0,15.0
25587,TGI Friday's,911,4.0,3.9668880528649035,0.051041666666666666,614.0,501.0,113.0
24530,Santa's Fantasea,2584,4.2,4.1842052908280705,0.0186099506266616,289.0,211.0,78.0
20747,India Restaurant,1219,4.6,4.5517448980680655,0.038643533123028394,44.0,44.0,0.0
21220,Flame & Grill,1064,3.9,3.8758423456876074,0.0440251572327044,807.0,680.0,127.0
25570,Barbeque Nation,1753,4.9,4.857887086986853,0.02719200887902331,1.0,6.0,-5.0
20350,Mocambo,4464,3.5,3.4983852272879035,0.010857522712164856,2195.0,1997.0,198.0
20870,BarBQ,5288,4.2,4.192207706717315,0.00918118793329586,289.0,205.0,84.0
20404,Peter Cat,7574,4.3,4.2939016831628365,0.006427915518824609,190.0,134.0,56.0
24286,The Irish House,2224,4.4,4.37739222646296,0.02155741311042675,116.0,91.0,25.0
20842,Barbeque Nation,5966,4.9,4.887383629384923,0.008146300914380716,1.0,1.0,0.0
18259462,Ocean Grill,1040,3.6,3.5888085681821007,0.04499540863177227,1785.0,1577.0,208.0
24452,Sigree Global Grill,1616,4.1,4.077965483934118,0.02942942942942943,429.0,327.0,102.0
18017615,What's Up,1126,4.0,3.9729468346811125,0.04170212765957447,614.0,487.0,127.0
800468,Grandson of Tunday Kababi,1057,4.9,4.8313856516729725,0.04430379746835443,1.0,7.0,-6.0
801675,Frozen Factory,144,4.5,4.20835508160781,0.2538860103626943,79.0,201.0,-122.0
801690,Mocha,567,4.6,4.500669692776473,0.07954545454545454,44.0,51.0,-7.0
801684,Chemistry Cafí©,147,3.5,3.462819034440344,0.25,2195.0,2227.0,-32.0
18296995,Homeys Cafe,217,3.9,3.7989192885349903,0.18421052631578946,807.0,861.0,-54.0
800237,Percussion,514,3.7,3.6696492553291433,0.08703374777975133,1422.0,1282.0,140.0
800273,The Urban Terrace,268,3.9,3.8151814850167427,0.15457413249211358,807.0,834.0,-27.0
18375866,Free Spirit,106,4.3,4.0000808435503705,0.3161290322580645,190.0,441.0,-251.0
801170,Spice Caves,691,4.2,4.143800717230145,0.06621621621621622,289.0,254.0,35.0
801636,The Chocolate Heaven,165,4.1,3.9285632278051743,0.22897196261682243,429.0,574.0,-145.0
18385021,The Pebbles Bistro,80,4.1,3.815601013568275,0.3798449612403101,429.0,833.0,-404.0
801640,Underdoggs Sports Bar & Grill,124,4.3,4.031286304915072,0.2832369942196532,190.0,407.0,-217.0
801269,Vintage Machine,887,4.3,4.25033390037426,0.05235042735042735,190.0,177.0,13.0
801693,Bar Bar,79,4.0,3.751660396486777,0.3828125,614.0,1011.0,-397.0
800483,Dastarkhwan,818,4.4,4.3407295625724425,0.05651672433679354,116.0,113.0,3.0
800891,The Cherry Tree Cafe,288,4.1,3.9911351060839984,0.14540059347181009,429.0,450.0,-21.0
800326,Royal Sky,762,4.2,4.148720753082993,0.06041923551171394,289.0,247.0,42.0
801384,L 14 - Renaissance Lucknow Hotel,149,4.2,3.9899622765167044,0.2474747474747475,289.0,452.0,-163.0
800089,Barbeque Nation,1069,4.7,4.640887773479703,0.04382826475849732,28.0,27.0,1.0
801247,Colours by Royal Cafe - Royal Inn,411,4.2,4.109592458152842,0.10652173913043478,289.0,286.0,3.0
800576,Cappuccino Blast,587,4.0,3.9500197024375905,0.0770440251572327,614.0,530.0,84.0
15239,Basant Restaurant,93,3.6,3.514172751762729,0.34507042253521125,1785.0,1935.0,-150.0
18444271,Hawai Adda,17,3.5,3.389583799247083,0.7424242424242424,2195.0,2687.0,-492.0
15005,Indian Summer,191,4.1,3.9471355447929475,0.20416666666666666,429.0,534.0,-105.0
15221,Basant,109,3.9,3.7298261439892877,0.310126582278481,807.0,1078.0,-271.0
15292,Bistro 226,217,4.2,4.043656130640254,0.18421052631578946,289.0,388.0,-99.0
15309,Mocha,153,3.7,3.615408568070829,0.24257425742574257,1422.0,1492.0,-70.0
18400368,Pirates Of Grill,41,3.9,3.601250341670083,0.5444444444444444,807.0,1542.0,-735.0
15132,Bistro Flamme Bois,178,4.1,3.9383811927326318,0.21585903083700442,429.0,553.0,-124.0
15705,Kitchen At 95 - Hyatt Regency,87,4.3,3.9581803731640255,0.3602941176470588,190.0,516.0,-326.0
15078,Domino's Pizza,86,3.6,3.5097224500022777,0.362962962962963,1785.0,1953.0,-168.0
15104,Nando's,156,3.8,3.6927440524405237,0.23902439024390243,1087.0,1193.0,-106.0
15774,Belfrance Luxury Chocolates,138,4.4,4.125200699199505,0.2620320855614973,116.0,276.0,-160.0
15008,Hot Breads,261,4.2,4.065846873388089,0.15806451612903225,289.0,348.0,-59.0
15321,The Yellow Chilli,325,4.4,4.2626003495997535,0.13101604278074866,116.0,163.0,-47.0
15368,Spice Cube,116,3.5,3.455833519698833,0.296969696969697,2195.0,2276.0,-81.0
15853,Barbeque Nation,80,3.9,3.6915700058163368,0.3798449612403101,807.0,1198.0,-391.0
15497,Nik Bakers,210,4.2,4.039430620657558,0.1891891891891892,289.0,396.0,-107.0
15091,Aman Chicken,196,4.6,4.350255227552275,0.2,44.0,106.0,-62.0
15777,District 6,53,3.8,3.584436575983406,0.4803921568627451,1087.0,1591.0,-504.0
15717,The BrewMaster - The Mix Fine Dine,154,3.9,3.767549412563091,0.2413793103448276,807.0,953.0,-146.0
3100446,#45,209,3.6,3.5527617470942148,0.18992248062015504,1785.0,1754.0,31.0
3100159,Crave Desserts & Bakes,196,3.9,3.7902552275522754,0.2,807.0,877.0,-70.0
3100010,Diesel Cafe,196,3.8,3.7102552275522753,0.2,1087.0,1135.0,-48.0
3100145,Froth On Top,355,3.7,3.6577042840354146,0.12128712871287128,1422.0,1338.0,84.0
3100013,Hao Ming,280,3.5,3.4778496375389283,0.14893617021276595,2195.0,2113.0,82.0
3100143,Kobe Sizzlers,104,3.7,3.5883171944464545,0.3202614379084967,1422.0,1579.0,-157.0
3100033,Liquid Lounge,290,3.8,3.7351402087029717,0.14454277286135694,1087.0,1061.0,26.0
3100153,Maharaja Restaurant,275,3.6,3.5623843541676155,0.15123456790123457,1785.0,1712.0,73.0
3100142,Giri Manja's,281,4.2,4.0739773659100225,0.1484848484848485,289.0,332.0,-43.0
3100030,Kabab Studio,183,3.5,3.4685884946133942,0.21120689655172414,2195.0,2185.0,10.0
18237384,Brio Cafe and Grill,84,3.6,3.508364892859455,0.3684210526315789,1785.0,1957.0,-172.0
3100008,Gajalee Sea Food,257,3.9,3.812132453432377,0.16013071895424835,807.0,839.0,-32.0
3100148,Smoke N Oven,127,3.5,3.458593924717656,0.2784090909090909,2195.0,2257.0,-62.0
3100044,Village Restaurant,260,3.7,3.644700746764749,0.15857605177993528,1422.0,1389.0,33.0
3100441,Barbeque Nation,193,3.7,3.629390622935155,0.2024793388429752,1422.0,1442.0,-20.0
3100302,Machali,245,4.1,3.975212689626896,0.16666666666666666,429.0,483.0,-54.0
3100422,Punjab Da Pind,173,3.7,3.6230294177941778,0.22072072072072071,1422.0,1465.0,-43.0
3100014,Sizzler's Ranch,328,3.8,3.7416778003986932,0.129973474801061,1087.0,1042.0,45.0
3100448,Spindrift,156,3.9,3.768841613416134,0.23902439024390243,807.0,946.0,-139.0
3100017,Sagar Ratna,175,3.7,3.623716655135301,0.21875,1422.0,1463.0,-41.0
18424018,The Shooters Cafe,99,4.3,3.985895478042618,0.3310810810810811,190.0,460.0,-270.0
35217,Joey's Pizza,5145,4.0,3.9938799635637867,0.009433962264150943,614.0,445.0,169.0
18447068,Cafe Hydro,156,4.0,3.844939174391744,0.23902439024390243,614.0,762.0,-148.0
18458563,The American Joint,170,3.4,3.3890983139283444,0.2237442922374429,2648.0,2697.0,-49.0
18075122,The Fusion Kitchen,2083,4.7,4.669002125117405,0.02298311444652908,28.0,22.0,6.0
18233317,145 Kala Ghoda,1606,4.2,4.174871619788706,0.029607250755287008,289.0,226.0,63.0
18237753,Tea Villa Cafe,2040,4.1,4.082437783987701,0.023456199138343705,429.0,313.0,116.0
18388642,Grandmama's Cafe,617,3.8,3.766985781907368,0.07357357357357357,1087.0,955.0,132.0
18463285,Mumbai Vibe,146,3.8,3.6872437474374737,0.2512820512820513,1087.0,1210.0,-123.0
16527711,The Rolling Pin,2076,3.9,3.8873470732942628,0.023058823529411764,807.0,645.0,162.0
18313566,Farzi Cafe,1240,4.3,4.26393524495757,0.03801396431342126,190.0,161.0,29.0
49003,SpiceKlub,3370,4.2,4.1878363646534975,0.014331675928634104,289.0,208.0,81.0
18441580,Tea Villa Cafe,317,3.9,3.826536969263135,0.13387978142076504,807.0,804.0,3.0
34757,Joey's Pizza,2662,4.5,4.479237377628295,0.018074511250461084,79.0,59.0,20.0
18408295,Stacks And Racks,413,4.6,4.467559590368631,0.10606060606060606,44.0,62.0,-18.0
18216876,The English Department Bar & Diner,885,3.9,3.8712125596898366,0.05246252676659529,807.0,688.0,119.0
17806994,Mirchi And Mime,3244,4.9,4.8769549136806285,0.014880048587913756,1.0,3.0,-2.0
18435740,38 Degree East,181,3.8,3.704402307610032,0.21304347826086956,1087.0,1159.0,-72.0
18318116,R' ADDA,536,4.0,3.945662445727021,0.08376068376068375,614.0,536.0,78.0
18270976,Tea Villa Cafe,1295,4.1,4.072702775855883,0.036458333333333336,429.0,337.0,92.0
49486,Tea Villa Cafe,1515,3.6,3.592207500479736,0.03132992327365729,1785.0,1563.0,222.0
3600252,Hotel RRR Mysore,139,3.4,3.387300695480359,0.26063829787234044,2648.0,2720.0,-72.0
3600265,Jalpaan Dining Saga,172,3.7,3.6226811346167755,0.22171945701357465,1422.0,1470.0,-48.0
3600375,The Old House,264,3.9,3.81409754233325,0.15654952076677317,807.0,836.0,-29.0
3600015,Vinayaka Mylari,392,4.2,4.105697348640153,0.1111111111111111,289.0,289.0,0.0
3600012,Empire Restaurant,393,3.7,3.6613405673083883,0.11085972850678733,1422.0,1323.0,99.0
3600013,Green Leaf,214,3.5,3.472290991446036,0.18631178707224336,2195.0,2150.0,45.0
3600071,Pakva Lounge,262,3.7,3.64505636897205,0.15755627009646303,1422.0,1387.0,35.0
3600192,Spring - Radisson Blu Plaza,162,3.8,3.6957939845986134,0.23222748815165878,1087.0,1179.0,-92.0
3600119,Big Chicken,160,3.5,3.465131726078026,0.23444976076555024,2195.0,2212.0,-17.0
3600352,Barbeque Nation,286,4.0,3.90511203209047,0.14626865671641792,614.0,616.0,-2.0
3600009,Pizza Hut,304,4.0,3.909950512040531,0.1388101983002833,614.0,608.0,6.0
3600361,Tandooriwala,127,3.5,3.458593924717656,0.2784090909090909,2195.0,2257.0,-62.0
3600148,Jungle The Restaurant,132,3.7,3.605594092543136,0.27071823204419887,1422.0,1525.0,-103.0
3600436,The Barge Restaurant,11,3.3,3.3418755125051245,0.8166666666666667,3125.0,3142.0,-17.0
3600008,By The Way,190,3.6,3.5490064048130017,0.20502092050209206,1785.0,1766.0,19.0
3600354,Cafe Cornucopia,140,3.6,3.5355160357159123,0.25925925925925924,1785.0,1833.0,-48.0
3600285,Mezzaluna,249,3.8,3.7262165461419716,0.1644295302013423,1087.0,1087.0,0.0
3600072,Nanking,208,3.7,3.6335117928027527,0.19066147859922178,1422.0,1429.0,-7.0
3600022,Oyster Bay,270,3.6,3.561794767242343,0.1536050156739812,1785.0,1714.0,71.0
3600014,Purple Haze,183,3.7,3.6263471153030493,0.21120689655172414,1422.0,1454.0,-32.0
3301308,House of Caffeine,27,3.3,3.3330596151356247,0.6447368421052632,3125.0,3315.0,-190.0
3300780,Hide Out The Street Cafe,73,3.8,3.6197748422156346,0.4016393442622951,1087.0,1478.0,-391.0
3301236,Tapri The Chai Books Cafe,26,3.9,3.5415004100040997,0.6533333333333333,807.0,1803.0,-996.0
3300369,Eat Street Express,103,4.0,3.79087191283097,0.3223684210526316,614.0,874.0,-260.0
3301013,Zaikart,88,4.3,3.9606754069365504,0.35766423357664234,190.0,510.0,-320.0
3300741,Cafe Zinea,201,3.7,3.63165012300123,0.196,1422.0,1433.0,-11.0
3300138,Checker's,185,4.0,3.864156114317553,0.2094017094017094,614.0,708.0,-94.0
3300949,The B.A.W.A,164,4.2,4.004753665494402,0.2300469483568075,289.0,434.0,-145.0
3300065,FSB,270,4.3,4.154271256270556,0.1536050156739812,190.0,242.0,-52.0
3300416,NESCAFí Illusions,140,3.9,3.7577382579381347,0.25925925925925924,807.0,994.0,-187.0
3301169,Nineties,19,3.9,3.504596040445698,0.7205882352941176,807.0,1974.0,-1167.0
3300061,Mocha,284,4.0,3.9045421343853075,0.14714714714714713,614.0,618.0,-4.0
3300107,The Zuree Urban Kitchen,257,4.4,4.232067093955254,0.16013071895424835,116.0,192.0,-76.0
3300058,The Breakfast Story,520,4.5,4.4010765039548465,0.08611599297012303,79.0,84.0,-5.0
3300057,Ten Downing Street Restaurant & Bar,306,4.0,3.9104578330994575,0.13802816901408452,614.0,607.0,7.0
3300041,Ashoka Restaurant,275,4.2,4.0716436134268745,0.15123456790123457,289.0,339.0,-50.0
3300958,Barbeque Nation,226,4.9,4.624045566364755,0.1781818181818182,1.0,28.0,-27.0
3300707,KFC,147,2.2,2.487819034440345,0.25,6454.0,6490.0,-36.0
3300070,Moksh The Restro Lounge,100,4.0,3.786661280203406,0.3288590604026846,614.0,888.0,-274.0
3301035,Mainland China,45,3.8,3.5660907526628454,0.5212765957446809,1087.0,1690.0,-603.0
1600227,Divtya Budhlya Wada Restaurant,76,3.8,3.62410024600246,0.392,1087.0,1460.0,-373.0
1600280,Spice Route,91,3.6,3.512946648216482,0.35,1785.0,1939.0,-154.0
1600169,Veg Aroma,125,3.6,3.529957073277629,0.28160919540229884,1785.0,1850.0,-65.0
1600109,Eastern Spice,140,3.5,3.4614419616418384,0.25925925925925924,2195.0,2237.0,-42.0
1600108,The Bake Studio,86,3.6,3.5097224500022777,0.362962962962963,1785.0,1953.0,-168.0
1600258,Barbeque Nation,117,3.8,3.6675453659657076,0.29518072289156627,1087.0,1293.0,-206.0
1600252,Chai Tapri,86,3.4,3.38231504259487,0.362962962962963,2648.0,2790.0,-142.0
1600007,Curry Leaves,162,3.4,3.388684979859277,0.23222748815165878,2648.0,2703.0,-55.0
1600053,Enter The Dragon,177,3.4,3.3894359767712716,0.2168141592920354,2648.0,2694.0,-46.0
1600326,The Cafe Katta,15,3.3,3.3392582929735544,0.765625,3125.0,3195.0,-70.0
1600307,White X Sky Lounge,24,3.4,3.3672949417850337,0.6712328767123288,2648.0,3032.0,-384.0
1600219,12212,80,3.5,3.443507990312461,0.3798449612403101,2195.0,2365.0,-170.0
1600067,Al Arabian Express,162,3.7,3.6190167334137793,0.23222748815165878,1422.0,1480.0,-58.0
1600039,RiverDine Restaurant & Bar,166,3.5,3.4661047941874763,0.22790697674418606,2195.0,2204.0,-9.0
1600029,Barbeque Ville,164,3.8,3.6967724448371238,0.2300469483568075,1087.0,1177.0,-90.0
1600292,Little Italy,25,3.0,3.232601766896047,0.6621621621621622,4617.0,5422.0,-805.0
1600298,Soma at Sula,33,3.3,3.330640618906189,0.5975609756097561,3125.0,3384.0,-259.0
1600095,Hotel Radhakrishna,77,3.5,3.4421629424627573,0.3888888888888889,2195.0,2370.0,-175.0
1600205,Sadhana Restaurant,218,3.9,3.7992978679786793,0.18352059925093633,807.0,860.0,-53.0
1600212,House Of Flavours,71,3.4,3.380104422919229,0.4083333333333333,2648.0,2826.0,-178.0
18216944,Burger.in,46,3.2,3.278026639476921,0.5157894736842106,3596.0,4972.0,-1376.0
313333,Days of the Raj,45,3.4,3.3746013909607178,0.5212765957446809,2648.0,2914.0,-266.0
18384127,Dilli Ka Dhaba,11,2.6,3.213542179171791,0.8166666666666667,6026.0,5553.0,473.0
582,Govardhan,238,3.4,3.3916812918129176,0.17073170731707318,2648.0,2656.0,-8.0
18414465,Mezbaan Grills,8,3.1,3.3160093114089033,0.8596491228070176,4106.0,4009.0,97.0
304243,Say Cheese,64,2.7,2.982411776551394,0.4336283185840708,5776.0,6151.0,-375.0
3554,Southy,113,2.6,2.827237844137701,0.30246913580246915,6026.0,6331.0,-305.0
18369872,Monosoz,66,3.7,3.551413310872239,0.4260869565217391,1422.0,1756.0,-334.0
948,Waves,141,3.5,3.4616448986858286,0.2578947368421053,2195.0,2235.0,-40.0
2853,Delhi Darbar,77,2.2,2.6477184980183135,0.3888888888888889,6454.0,6447.0,7.0
18433900,Chateau,40,4.0,3.6428374241607577,0.550561797752809,614.0,1393.0,-779.0
18425159,Nariyal Cafe,46,4.2,3.7622371657927105,0.5157894736842106,289.0,976.0,-687.0
310958,Rustom's Parsi Bhonu,665,4.2,4.14175424474833,0.06862745098039216,289.0,256.0,33.0
18334443,BarShala,31,3.2,3.2926566343788437,0.6125,3596.0,4702.0,-1106.0
18255141,Chawla's_,32,3.4,3.3705250709914503,0.6049382716049383,2648.0,2987.0,-339.0
197,Domino's Pizza,83,2.8,3.004640384472026,0.3712121212121212,5462.0,6114.0,-652.0
308235,Sultanat,288,3.7,3.6492953434727227,0.14540059347181009,1422.0,1365.0,57.0
18258757,Bella Italia,33,3.2,3.290396716467164,0.5975609756097561,3596.0,4779.0,-1183.0
307383,Clever Fox Cafe,26,3.2,3.298833743337433,0.6533333333333333,3596.0,4579.0,-983.0
310491,4 on 44 Restaurant & Bar,49,2.6,2.9756380688806887,0.5,6026.0,6165.0,-139.0
18337789,Rambhog,13,3.3,3.3405246895210885,0.7903225806451613,3125.0,3164.0,-39.0
18222573,Selfie Lounge Restro & Bar,64,3.2,3.2655976172593584,0.4336283185840708,3596.0,5154.0,-1558.0
3370,BTW,167,3.4,3.3889469016217935,0.22685185185185186,2648.0,2699.0,-51.0
307439,Chilli Pepper,99,3.3,3.3169765591236993,0.3310810810810811,3125.0,4005.0,-880.0
1078,Pizza Hut,125,2.6,2.811566268679928,0.28160919540229884,6026.0,6351.0,-325.0
9340,Puri Bakers,124,3.7,3.6012285014468643,0.2832369942196532,1422.0,1543.0,-121.0
306761,Jaiveer Naan & Chaap,79,2.2,2.6407228964867775,0.3828125,6454.0,6449.0,5.0
7580,Aggarwal's Sweets Paradise,8,2.9,3.2879391359703063,0.8596491228070176,5082.0,4805.0,277.0
7584,Bikaner Sweets,20,3.3,3.336413489134891,0.7101449275362319,3125.0,3247.0,-122.0
7582,Cafe Coffee Day,23,3.2,3.302951815976493,0.6805555555555556,3596.0,4442.0,-846.0
18351495,Cakeophony By Sonali,19,3.4,3.364890158092757,0.7205882352941176,2648.0,3076.0,-428.0
7594,Chandra Sweets,7,3.0,3.307366620541205,0.875,4617.0,4362.0,255.0
7583,Chhotu Mashhoor Kathi Roll,11,2.7,3.231875512505125,0.8166666666666667,5776.0,5429.0,347.0
7610,Green Chick Chop,35,3.2,3.2882444136941364,0.5833333333333334,3596.0,4800.0,-1204.0
18412603,Lazeez Restaurant,11,3.0,3.2868755125051248,0.8166666666666667,4617.0,4833.0,-216.0
7639,Madhuvan Chinese Fast Food,32,2.5,3.0149695154358946,0.6049382716049383,6216.0,6102.0,114.0
18441545,Mr Wong,10,3.2,3.3256361144119913,0.8305084745762712,3596.0,3496.0,100.0
9971,Mughlai Shahi Rasoi,23,3.2,3.302951815976493,0.6805555555555556,3596.0,4442.0,-846.0
18451572,Mumbai Central Street Food,7,3.1,3.319866620541205,0.875,4106.0,3750.0,356.0
7593,Neha's Treat,42,2.9,3.142994843409972,0.5384615384615384,5082.0,5837.0,-755.0
301440,New Bakers Shoppee,21,3.2,3.305893296432964,0.7,3596.0,4404.0,-808.0
7585,Pant  Ice Cream Parlour,16,3.3,3.3386543192354994,0.7538461538461538,3125.0,3209.0,-84.0
306531,PM 2 AM Food Bank,37,2.5,2.9850294273291564,0.5697674418604651,6216.0,6147.0,69.0
18354658,Punjabi Chaap Corner,4,2.9,3.317217561326556,0.9245283018867925,5082.0,3922.0,1160.0
18337782,Sartaj Food Corner,7,2.8,3.2823666205412048,0.875,5462.0,4890.0,572.0
18258759,The Sugar Therapy,22,3.4,3.3663736725395417,0.6901408450704225,2648.0,3046.0,-398.0
18057805,Biryani Binge,97,3.9,3.715839251714435,0.3356164383561644,807.0,1113.0,-306.0
3428,City of Joy,452,3.9,3.8463323967072003,0.09780439121756487,807.0,758.0,49.0
18425771,Letz Roll,14,3.6,3.4065481071477377,0.7777777777777778,1785.0,2555.0,-770.0
18304836,Nukkad,82,3.6,3.5069658835901336,0.37404580152671757,1785.0,1966.0,-181.0
306795,Shree Rathnam,31,2.4,2.9826566343788437,0.6125,6325.0,6150.0,175.0
7249,Alaturka,100,2.5,2.7799498708074326,0.3288590604026846,6216.0,6379.0,-163.0
7246,Amici Gourmet Pizza,230,3.1,3.1441309345889157,0.17562724014336917,4106.0,5829.0,-1723.0
310723,Burger King,458,3.2,3.2146203762333485,0.09664694280078895,3596.0,5551.0,-1955.0
7253,Kylin Express,176,2.6,2.7636112477791444,0.21777777777777776,6026.0,6392.0,-366.0
18180041,Big Fat Sandwich,232,3.5,3.4740659457306315,0.17437722419928825,2195.0,2136.0,59.0
18434414,Fashion Tv Cafe,27,3.6,3.439638562504046,0.6447368421052632,1785.0,2378.0,-593.0
4905,Kylin Skybar,210,3.6,3.5529441341710712,0.1891891891891892,1785.0,1752.0,33.0
18421232,Lemon Drops,44,3.9,3.6108874274226612,0.5268817204301075,807.0,1508.0,-701.0
7228,Punjabi By Nature Express,206,3.5,3.471421689216892,0.19215686274509805,2195.0,2163.0,32.0
7068,Red Mango,185,3.7,3.626976627138066,0.2094017094017094,1422.0,1452.0,-30.0
302152,Starbucks,256,3.7,3.643975510656746,0.16065573770491803,1422.0,1391.0,31.0
312300,Peninsular Kitchen,336,4.2,4.091980599351448,0.12727272727272726,289.0,297.0,-8.0
5565,Mithapur,280,3.4,3.392743254560205,0.14893617021276595,2648.0,2647.0,1.0
307113,Diggin,2131,4.2,4.180923179243261,0.022477064220183487,289.0,214.0,75.0
6258,Aggarwal Sweet India,13,2.8,3.235685979843669,0.7903225806451613,5462.0,5401.0,61.0
6094,Banzara's,38,3.1,3.241523341957557,0.5632183908045977,4106.0,5368.0,-1262.0
304592,Bobby Tikki Wala,69,2.8,3.02891975212125,0.4152542372881356,5462.0,6080.0,-618.0
18421481,Chennai Junction,11,3.3,3.3418755125051245,0.8166666666666667,3125.0,3142.0,-17.0
310874,Chicken Bite,6,3.1,3.323864195460136,0.8909090909090909,4106.0,3626.0,480.0
18313972,Chocolate Dreams,4,3.0,3.324764731137877,0.9245283018867925,4617.0,3529.0,1088.0
18128860,Dial n Dine,80,3.4,3.3814924864364917,0.3798449612403101,2648.0,2801.0,-153.0
310877,Fresh n Refresh,24,3.4,3.3672949417850337,0.6712328767123288,2648.0,3032.0,-384.0
304687,Garden Hut,13,3.1,3.2985892056501207,0.7903225806451613,4106.0,4589.0,-483.0
312444,Giani,12,3.3,3.3411890286935653,0.8032786885245902,3125.0,3150.0,-25.0
18337975,Jugnu Gaming Zone and Cafe,4,2.9,3.317217561326556,0.9245283018867925,5082.0,3922.0,1160.0
18124373,Keventer's South Indian & Chinese Food,9,2.8,3.2657332887984047,0.8448275862068966,5462.0,5138.0,324.0
305913,KTS,18,3.3,3.337500458959813,0.7313432835820896,3125.0,3226.0,-101.0
310447,Mandarin,14,2.8,3.2287703293699597,0.7777777777777778,5462.0,5460.0,2.0
310858,Penguin Bakers & Shakers,9,2.8,3.2657332887984047,0.8448275862068966,5462.0,5138.0,324.0
18332083,Rollmates,16,3.2,3.314038934620115,0.7538461538461538,3596.0,4073.0,-477.0
18361241,Tandoori Nights,5,3.0,3.3187505694501387,0.9074074074074074,4617.0,3823.0,794.0
305630,Burger Dominion,251,3.6,3.559375102501025,0.16333333333333333,1785.0,1727.0,58.0
18034049,Cafe Gainz,42,3.5,3.4199179203330488,0.5384615384615384,2195.0,2485.0,-290.0
6092,Chaskaa,220,3.5,3.472909036246496,0.1821561338289963,2195.0,2142.0,53.0
18124361,Fabulous Cake Bites,34,3.6,3.453163021088042,0.5903614457831325,1785.0,2294.0,-509.0
6088,Hangout - A House Of Kathis,103,3.7,3.5875824391467597,0.3223684210526316,1422.0,1581.0,-159.0
18394366,Malais By Anands,46,3.7,3.520131902634816,0.5157894736842106,1422.0,1898.0,-476.0
18354639,Panchwati Rasoi,62,3.8,3.6019146914442115,0.44144144144144143,1087.0,1540.0,-453.0
311657,Sprinkles Cup & Cake,42,3.6,3.4660717664868956,0.5384615384615384,1785.0,2205.0,-420.0
18350112,Target Ice Cream & Bakers,58,3.6,3.486098418227173,0.45794392523364486,1785.0,2057.0,-272.0
18377924,The Sweeet Jar,106,3.9,3.7265324564535964,0.3161290322580645,807.0,1085.0,-278.0
18429396,Juniper Bar - Andaz Delhi,4,3.0,3.324764731137877,0.9245283018867925,4617.0,3529.0,1088.0
179,McDonald's,48,3.4,3.3753869149516236,0.5051546391752577,2648.0,2906.0,-258.0
307843,Pizza Hut Delivery,51,3.2,3.274125307503075,0.49,3596.0,5026.0,-1430.0
18421042,The Arena,19,3.4,3.364890158092757,0.7205882352941176,2648.0,3076.0,-428.0
3295,Restaurant De Seoul,59,3.6,3.487153062502847,0.4537037037037037,1785.0,2047.0,-262.0
18414499,Taksim,188,3.9,3.786550762659525,0.20675105485232068,807.0,889.0,-82.0
18441775,Jom Jom Malay,77,4.4,3.992162942462758,0.3888888888888889,116.0,448.0,-332.0
18427565,Kofuku,46,4.0,3.665395060529552,0.5157894736842106,614.0,1305.0,-691.0
18395381,The Sky High,387,4.1,4.015854428326393,0.11238532110091744,429.0,420.0,9.0
310281,Haldiram's,117,3.1,3.174171871989804,0.29518072289156627,4106.0,5733.0,-1627.0
18207831,Jux Pux - The Dreamer's Cafe,7,3.1,3.319866620541205,0.875,4106.0,3750.0,356.0
5452,Pizzaon,10,3.0,3.2917378093272456,0.8305084745762712,4617.0,4730.0,-113.0
18258778,"34, Chowringhee Lane",7,2.8,3.2823666205412048,0.875,5462.0,4890.0,572.0
6560,Aapni Dhani,23,2.8,3.175174038198715,0.6805555555555556,5462.0,5726.0,-264.0
3322,Bengal Sweet Corner,102,2.8,2.9788909321212413,0.32450331125827814,5462.0,6158.0,-696.0
18249102,Chicken Vicken,19,3.4,3.364890158092757,0.7205882352941176,2648.0,3076.0,-428.0
18241609,Cup-a-licious,15,3.2,3.3158207929735544,0.765625,3596.0,4042.0,-446.0
8743,Frontier,10,3.0,3.2917378093272456,0.8305084745762712,4617.0,4730.0,-113.0
5294,Metro Fast Food,17,2.7,3.183523193186477,0.7424242424242424,5776.0,5688.0,88.0
4651,Nagpal's,135,3.4,3.3870246236429753,0.266304347826087,2648.0,2723.0,-75.0
5315,Nile Restro & Bar,35,2.7,3.079911080360803,0.5833333333333334,5776.0,5977.0,-201.0
6577,Popular Chicken,5,3.0,3.3187505694501387,0.9074074074074074,4617.0,3823.0,794.0
309395,Sardar A Pure Meat Shop,22,3.4,3.3663736725395417,0.6901408450704225,2648.0,3046.0,-398.0
300784,Shankar Fast Food,74,3.2,3.2602644776447764,0.3983739837398374,3596.0,5193.0,-1597.0
18430692,Singh's Zaika ,4,3.0,3.324764731137877,0.9245283018867925,4617.0,3529.0,1088.0
309503,The Mirch Masala,7,3.0,3.307366620541205,0.875,4617.0,4362.0,255.0
3326,The Mirch Masala,22,3.2,3.3044018415536267,0.6901408450704225,3596.0,4429.0,-833.0
309384,Uncle Cake Shop,9,3.1,3.312285012936336,0.8448275862068966,4106.0,4179.0,-73.0
3079,Kays Bar-Be-Que,191,3.5,3.469635544792948,0.20416666666666666,2195.0,2176.0,19.0
303093,Master Bakers,199,3.7,3.631098914315756,0.1975806451612903,1422.0,1435.0,-13.0
309375,The Master's Fast Food Centre,60,3.5,3.433142483947775,0.44954128440366975,2195.0,2423.0,-228.0
5296,Chhabra Sweets,15,2.4,3.1283207929735544,0.765625,6325.0,5876.0,449.0
310802,Kanwarji's,29,2.9,3.183493983978301,0.6282051282051282,5082.0,5697.0,-615.0
310777,Pizza Hut,35,3.4,3.3715777470274695,0.5833333333333334,2648.0,2961.0,-313.0
309,Sagar Ratna,278,2.7,2.7975918371569035,0.14984709480122324,5776.0,6361.0,-585.0
18390678,Smelling Salts,53,3.3,3.3246326544147786,0.4803921568627451,3125.0,3618.0,-493.0
3329,Wah Ji Wah,142,2.6,2.792735763090615,0.25654450261780104,6026.0,6368.0,-342.0
18216896,Wheelyz,41,2.5,2.963472563892305,0.5444444444444444,6216.0,6189.0,27.0
307767,Bell Pepperz,492,3.9,3.8503004265255223,0.09057301293900184,807.0,745.0,62.0
3332,Bharat Sweets,28,3.5,3.405357542211785,0.6363636363636364,2195.0,2556.0,-361.0
980,Invitation,457,3.6,3.575914092391912,0.09683794466403162,1785.0,1632.0,153.0
18232098,Mystique Melange,173,3.9,3.778885273650033,0.22072072072072071,807.0,913.0,-106.0
6574,Pandit Ji Paranthe Wale,131,3.7,3.605069615279486,0.2722222222222222,1422.0,1527.0,-105.0
2379,Raju Chat Palace,123,3.9,3.7436775043622528,0.28488372093023256,807.0,1034.0,-227.0
309390,Seasonings - The Spice Mysteries,274,3.9,3.8167570611464625,0.15170278637770898,807.0,830.0,-23.0
300809,SGF - Spice Grill Flame,87,3.5,3.4464156672816726,0.3602941176470588,2195.0,2339.0,-144.0
1192,Apni Rasoi,78,3.0,3.135531738191397,0.3858267716535433,4617.0,5862.0,-1245.0
310803,Bablu Kabab Shop,10,3.1,3.3086869618696184,0.8305084745762712,4106.0,4318.0,-212.0
18250797,Cake o' Cuisine,26,3.3,3.3335004100040995,0.6533333333333333,3125.0,3304.0,-179.0
198,Domino's Pizza,101,3.2,3.249416871668717,0.32666666666666666,3596.0,5316.0,-1720.0
18449782,Hunger Flames,17,3.4,3.363826223489507,0.7424242424242424,2648.0,3098.0,-450.0
18057820,Puran Chand Ambala Wale Di Hatti,34,3.3,3.3302714548229817,0.5903614457831325,3125.0,3389.0,-264.0
310215,The Cake Gallery,12,3.3,3.3411890286935653,0.8032786885245902,3125.0,3150.0,-25.0
306841,Bablu Chic Inn,34,3.6,3.453163021088042,0.5903614457831325,1785.0,2294.0,-509.0
18412952,Masala Basket,46,3.6,3.4717108500032365,0.5157894736842106,1785.0,2158.0,-373.0
18432191,Udta Punjab,31,3.5,3.4089066343788432,0.6125,2195.0,2540.0,-345.0
18375420,Munch Nation,96,4.0,3.7807760741400513,0.33793103448275863,614.0,907.0,-293.0
6286,Bengali Pastry Shop & Snack Bar,70,3.2,3.2622901743723314,0.4117647058823529,3596.0,5182.0,-1586.0
1914,Bhimsain's Bengali Sweet House,560,3.4,3.3960796892451683,0.08045977011494253,2648.0,2606.0,42.0
18163907,Cafe Coffee Day,4,2.9,3.317217561326556,0.9245283018867925,5082.0,3922.0,1160.0
18344490,Colonel's Kababz,38,3.4,3.372557824716178,0.5632183908045977,2648.0,2946.0,-298.0
18412878,Faasos,11,2.8,3.2502088458384577,0.8166666666666667,5462.0,5291.0,171.0
18294263,Karachi Bakery,4,3.0,3.324764731137877,0.9245283018867925,4617.0,3529.0,1088.0
588,Nathu's Sweets,421,3.3,3.305345810107037,0.10425531914893617,3125.0,4412.0,-1287.0
7150,Sachdeva Confectioners,68,3.1,3.205235305558184,0.4188034188034188,4106.0,5588.0,-1482.0
18264634,Bengali Sweet House,85,3.6,3.509048736942593,0.3656716417910448,1785.0,1956.0,-171.0
301534,Bijoli Grill,343,3.7,3.6564095172201725,0.125,1422.0,1341.0,81.0
8340,Nathu's Pastry Shop,120,3.8,3.669896631658624,0.28994082840236685,1087.0,1277.0,-190.0
18249122,Habibi Express,55,2.3,2.795312795676033,0.47115384615384615,6408.0,6364.0,44.0
7354,Cafe Coffee Day,49,3.2,3.275638068880689,0.5,3596.0,4996.0,-1400.0
9267,China Town,7,2.9,3.2948666205412054,0.875,5082.0,4662.0,420.0
7352,Domino's Pizza,90,3.3,3.3180757607935787,0.35251798561151076,3125.0,3898.0,-773.0
304211,High Street Kitchen & Bar,11,2.9,3.2685421791717912,0.8166666666666667,5082.0,5109.0,-27.0
262,Pizza Hut,161,3.1,3.158631098810988,0.23333333333333334,4106.0,5786.0,-1680.0
4621,Sugar & Spice - Le Marche,67,3.0,3.1483838857785127,0.4224137931034483,4617.0,5820.0,-1203.0
2134,The Kathis,23,2.8,3.175174038198715,0.6805555555555556,5462.0,5726.0,-264.0
303472,The Kylin Experience,60,3.3,3.3230507408285086,0.44954128440366975,3125.0,3683.0,-558.0
758,Arabian Nites,239,3.5,3.4746962873274563,0.1701388888888889,2195.0,2133.0,62.0
7217,Asia Kitchen,137,3.7,3.6081318857543416,0.26344086021505375,1422.0,1517.0,-95.0
307054,Dunkin' Donuts,212,3.7,3.6345307691582662,0.18773946360153257,1422.0,1425.0,-3.0
771,Krips Restaurant,193,3.5,3.46988649070375,0.2024793388429752,2195.0,2175.0,20.0
171,McDonald's,202,3.5,3.4709662579693523,0.1952191235059761,2195.0,2166.0,29.0
304675,Yo! China,332,3.5,3.4808727841215417,0.12860892388451445,2195.0,2096.0,99.0
3269,RPM,92,2.4,2.730585324470266,0.3475177304964539,6325.0,6409.0,-84.0
3935,By The Way - Bellagio,120,2.9,3.030843377220754,0.28994082840236685,5082.0,6076.0,-994.0
4166,Red - Bellagio,137,3.4,3.3871641438188576,0.26344086021505375,2648.0,2722.0,-74.0
3936,Soul Curry - Bellagio,158,3.6,3.5411233369580075,0.23671497584541062,1785.0,1805.0,-20.0
5227,Alpha 63,9,2.7,3.250216047419095,0.8448275862068966,5776.0,5284.0,492.0
1862,Bite-N-Sip,38,2.6,3.023132537359856,0.5632183908045977,6026.0,6087.0,-61.0
819,Lotus Garden,59,3.2,3.2686345439843287,0.4537037037037037,3596.0,5108.0,-1512.0
2236,Meethas Sweets,4,2.8,3.3096703915152355,0.9245283018867925,5462.0,4247.0,1215.0
4150,Nirula's,98,2.5,2.7837587125871255,0.3333333333333333,6216.0,6376.0,-160.0
6394,Punjabi Tadka,11,2.8,3.2502088458384577,0.8166666666666667,5462.0,5291.0,171.0
1867,Snack Bar,11,3.0,3.2868755125051248,0.8166666666666667,4617.0,4833.0,-216.0
2608,South Indian Food,14,3.1,3.2954369960366265,0.7777777777777778,4106.0,4638.0,-532.0
8388,Domino's Pizza,71,2.4,2.7884377562525624,0.4083333333333333,6325.0,6373.0,-48.0
3465,Southy,33,2.4,2.9684454969549696,0.5975609756097561,6325.0,6182.0,143.0
823,Al Kuresh,85,3.3,3.3187502294799063,0.3656716417910448,3125.0,3880.0,-755.0
18421499,Angan Bakery & Cafe,10,2.9,3.2747886567848727,0.8305084745762712,5082.0,5007.0,75.0
846,Bamboo Chopstix,8,2.7,3.25986896053171,0.8596491228070176,5776.0,5200.0,576.0
816,Bawarchis,16,2.9,3.2401927807739614,0.7538461538461538,5082.0,5376.0,-294.0
4055,Bikanervala,113,3.4,3.385262535495725,0.30246913580246915,2648.0,2746.0,-98.0
18312487,Cafe Coffee Day,4,3.0,3.324764731137877,0.9245283018867925,4617.0,3529.0,1088.0
1630,Chanakya Bar-Be-Que,17,3.2,3.312311071974356,0.7424242424242424,3596.0,4157.0,-561.0
308261,Chattisgarh Bhawan,33,2.7,3.0891772042720422,0.5975609756097561,5776.0,5963.0,-187.0
2587,Chimney,66,2.9,3.09228287608963,0.4260869565217391,5082.0,5951.0,-869.0
849,China Town Sizzlers,34,3.4,3.371235310244668,0.5903614457831325,2648.0,2973.0,-325.0
848,Chinese Bite,31,2.8,3.1376566343788435,0.6125,5462.0,5853.0,-391.0
852,Chinese Garden,17,3.2,3.312311071974356,0.7424242424242424,3596.0,4157.0,-561.0
312194,Costa Coffee,4,3.0,3.324764731137877,0.9245283018867925,4617.0,3529.0,1088.0
7643,Food Point,5,2.8,3.30023205093162,0.9074074074074074,5462.0,4556.0,906.0
3238,Ikko,10,2.9,3.2747886567848727,0.8305084745762712,5082.0,5007.0,75.0
18396184,Jammu And Kashmir House,4,2.9,3.317217561326556,0.9245283018867925,5082.0,3922.0,1160.0
847,Laguna,60,3.4,3.3780966123881417,0.44954128440366975,2648.0,2860.0,-212.0
7575,Momo Point,14,3.2,3.317659218258849,0.7777777777777778,3596.0,3903.0,-307.0
850,New Zaika,10,3.1,3.3086869618696184,0.8305084745762712,4106.0,4318.0,-212.0
311856,Organic Express,7,3.0,3.307366620541205,0.875,4617.0,4362.0,255.0
851,Tamil Nadu House Canteen,161,3.4,3.3886310988109876,0.23333333333333334,2648.0,2704.0,-56.0
18228885,The Chocolate Avenue,28,3.4,3.3689939058481495,0.6363636363636364,2648.0,3011.0,-363.0
824,Chimney Sizzlers,137,3.7,3.6081318857543416,0.26344086021505375,1422.0,1517.0,-95.0
301102,Gujarat Bhawan Restaurant,203,3.7,3.63219258234249,0.19444444444444445,1422.0,1431.0,-9.0
18238246,Itäó»s Sinful,20,3.5,3.3943845036276445,0.7101449275362319,2195.0,2630.0,-435.0
6003,Jakoi,218,3.5,3.472706107679054,0.18352059925093633,2195.0,2143.0,52.0
815,Moti Mahal Delux,164,2.4,2.618838172536655,0.2300469483568075,6325.0,6458.0,-133.0
305296,The Treat,138,2.1,2.4278744959909493,0.2620320855614973,6480.0,6495.0,-15.0
6079,Break Fast Point,21,3.3,3.335893296432964,0.7,3125.0,3255.0,-130.0
6117,Breakfast Corner,6,3.1,3.323864195460136,0.8909090909090909,4106.0,3626.0,480.0
18082202,Domino's Pizza,10,3.0,3.2917378093272456,0.8305084745762712,4617.0,4730.0,-113.0
308574,Frontier,10,3.2,3.3256361144119913,0.8305084745762712,3596.0,3496.0,100.0
6123,Prince Cafe,6,2.9,3.3020460136419545,0.8909090909090909,5082.0,4458.0,624.0
312157,Spicy Eleven,15,3.1,3.2923832929735544,0.765625,4106.0,4713.0,-607.0
302490,Vaishno Punjabi Dhaba,12,3.0,3.282172635250942,0.8032786885245902,4617.0,4914.0,-297.0
304697,Adarsh Bhojnalaya,29,3.4,3.3693914198757366,0.6282051282051282,2648.0,3003.0,-355.0
307713,Al Haj Bakery,9,3.0,3.2967677715570254,0.8448275862068966,4617.0,4614.0,3.0
18384137,Anmol Chicken,4,3.1,3.3323119009491977,0.9245283018867925,4106.0,3343.0,763.0
5459,Babu Ram Paranthe Wale,225,3.2,3.2270530319354287,0.17883211678832117,3596.0,5479.0,-1883.0
311703,Bhaijaan Kababs,8,3.2,3.330044399128201,0.8596491228070176,3596.0,3397.0,199.0
308006,Bhikharam's,5,3.0,3.3187505694501387,0.9074074074074074,4617.0,3823.0,794.0
4053,Bikanervala,42,2.8,3.096840997256126,0.5384615384615384,5462.0,5946.0,-484.0
5468,Brijwasi Bhoj,16,3.1,3.2894235500047304,0.7538461538461538,4106.0,4784.0,-678.0
5453,Brijwasi Restaurant,39,3.2,3.284233303980767,0.5568181818181818,3596.0,4871.0,-1275.0
681,Comesum,49,2.5,2.9256380688806884,0.5,6216.0,6243.0,-27.0
308008,Inderpuri Restaurant,20,3.0,3.2494569673957607,0.7101449275362319,4617.0,5313.0,-696.0
18272386,Kamdhenu Family Corner,4,2.8,3.3096703915152355,0.9245283018867925,5462.0,4247.0,1215.0
306380,Khalsa Hindu Hotel,5,2.9,3.309491310190879,0.9074074074074074,5082.0,4258.0,824.0
312936,Mahalaxmi Mishthan Bhandar,16,3.3,3.3386543192354994,0.7538461538461538,3125.0,3209.0,-84.0
6698,McDonald's,57,3.0,3.1623823655689383,0.46226415094339623,4617.0,5776.0,-1159.0
9961,McDonald's,42,3.0,3.1891486895638184,0.5384615384615384,4617.0,5667.0,-1050.0
312925,Natraj Cafe,21,3.4,3.365893296432964,0.7,2648.0,3055.0,-407.0
18342132,Padam Chaat Corner,4,3.0,3.324764731137877,0.9245283018867925,4617.0,3529.0,1088.0
18323461,Pandit Ved Prakash Lemon Wale,11,3.2,3.3235421791717914,0.8166666666666667,3596.0,3655.0,-59.0
5466,Pt. Babu Ram Devi Dayal Paranthe Wale,53,3.0,3.1687503014736023,0.4803921568627451,4617.0,5753.0,-1136.0
18232088,Rabri Bhandar,7,3.2,3.332366620541205,0.875,3596.0,3334.0,262.0
304743,Ram Parshad Makhan Lal,23,3.4,3.366840704865382,0.6805555555555556,2648.0,3037.0,-389.0
18128897,Rambhoj,4,2.9,3.317217561326556,0.9245283018867925,5082.0,3922.0,1160.0
18211151,Rehmatullah's Hotel,5,3.0,3.3187505694501387,0.9074074074074074,4617.0,3823.0,794.0
5460,Sharma Bhojnalay,9,3.0,3.2967677715570254,0.8448275862068966,4617.0,4614.0,3.0
311492,Shree Balaji Chaat Bhandar,16,3.2,3.314038934620115,0.7538461538461538,3596.0,4073.0,-477.0
303643,Shri Duli Chand Naresh Gupta,18,3.4,3.364366130601604,0.7313432835820896,2648.0,3086.0,-438.0
9156,Shri Hari Sharnam,14,3.1,3.2954369960366265,0.7777777777777778,4106.0,4638.0,-532.0
9160,Sindhi Chicken,7,2.9,3.2948666205412054,0.875,5082.0,4662.0,420.0
18235302,Soni Bhojnalaya,4,3.0,3.324764731137877,0.9245283018867925,4617.0,3529.0,1088.0
9157,Super Restaurant,5,2.9,3.309491310190879,0.9074074074074074,5082.0,4258.0,824.0
9159,Tiwari Ji Confectioner,5,3.1,3.3280098287093978,0.9074074074074074,4106.0,3436.0,670.0
6706,Wah Ji Wah,59,2.8,3.05011602546581,0.4537037037037037,5462.0,6039.0,-577.0
18082089,Zaika Mughlai Foods,10,3.3,3.342585266954364,0.8305084745762712,3125.0,3134.0,-9.0
312693,Al Yousuf,30,3.7,3.483702920889968,0.620253164556962,1422.0,2076.0,-654.0
308209,Amritsari Lassi Wala,112,3.8,3.663431868014332,0.30434782608695654,1087.0,1314.0,-227.0
306017,Annapurna Bhandar,59,3.8,3.5964123217621062,0.4537037037037037,1087.0,1554.0,-467.0
304737,Bishan Swaroop Chaat Bhandar,40,3.7,3.5080059634866005,0.550561797752809,1422.0,1961.0,-539.0
308318,Gole Hatti,116,3.8,3.6667426106079235,0.296969696969697,1087.0,1295.0,-208.0
552,Haldiram's,444,3.9,3.845461522820096,0.09939148073022312,807.0,761.0,46.0
6704,Kanwarji's,163,3.9,3.7731723148599405,0.23113207547169812,807.0,932.0,-125.0
309722,Kedarnath Prem Chand Halwai,19,3.7,3.4487136875045215,0.7205882352941176,1422.0,2328.0,-906.0
18286206,Keventers,63,3.7,3.5474333102706024,0.4375,1422.0,1774.0,-352.0
308894,Khan Omelette Corner,43,3.6,3.4675275081555164,0.532608695652174,1785.0,2190.0,-405.0
7545,Natraj Dahi Bhalle Wala,1487,3.9,3.8824951372072314,0.031901041666666664,807.0,657.0,150.0
9165,Old Famous Jalebi Wala,752,3.9,3.8664326226595596,0.06117353308364544,807.0,703.0,104.0
5458,Pt. Gaya Prasad Shiv Charan Paranthe Wale,437,3.6,3.5749229027784106,0.10082304526748971,1785.0,1639.0,146.0
5467,Pt.Kanhaiyalal & Durga Prasad Dixit Paranthe Wale,297,3.6,3.5647761004344147,0.1416184971098266,1785.0,1701.0,84.0
9161,Shiv Misthan Bhandar,76,3.8,3.62410024600246,0.392,1087.0,1460.0,-373.0
302869,Special Jalebi Wala,21,3.5,3.395893296432964,0.7,2195.0,2607.0,-412.0
1889,Tewari Bros Confectioners,51,3.5,3.4271253075030743,0.49,2195.0,2461.0,-266.0
300178,Chaina Ram Sindhi Confectioners,382,4.2,4.103509352088881,0.1136890951276102,289.0,291.0,-2.0
1155,Giani's di Hatti,521,4.3,4.2184430364040475,0.08596491228070176,190.0,195.0,-5.0
9166,Jung Bahadur Kachori Wala,405,4.1,4.0191905963663155,0.10792951541850221,429.0,414.0,15.0
18264992,Lakhori - Haveli Dharampura,305,4.4,4.254837657486744,0.1384180790960452,116.0,173.0,-57.0
18282012,Milk n More,6,3.1,3.323864195460136,0.8909090909090909,4106.0,3626.0,480.0
303642,Kuremal Mohan Lal Kulfi Wale,545,4.5,4.4052399507580935,0.08249158249158249,79.0,82.0,-3.0
18281967,Hira Chaat Corner,18,3.6,3.418097473885186,0.7313432835820896,1785.0,2498.0,-713.0
18082228,Kuremal Mahavir Prasad Kulfi Wale,36,3.9,3.5836768323565584,0.5764705882352941,807.0,1596.0,-789.0
301287,Shakahari Restaurant,185,3.6,3.547916798078237,0.2094017094017094,1785.0,1770.0,15.0
308192,Shri Gujrat Namkeen Bhandar,27,3.6,3.439638562504046,0.6447368421052632,1785.0,2378.0,-593.0
306015,Standard Sweets,31,3.6,3.4476566343788435,0.6125,1785.0,2332.0,-547.0
311002,Sudarshan,54,3.7,3.534102240294248,0.47572815533980584,1422.0,1837.0,-415.0
313511,Ustad Moinuddin Kebab,21,3.7,3.455893296432964,0.7,1422.0,2272.0,-850.0
311022,Ashok Chaat Corner,118,4.1,3.8803145553910623,0.2934131736526946,429.0,669.0,-240.0
303644,Jain Coffee House,169,4.1,3.9317088566527865,0.22477064220183487,429.0,564.0,-135.0
307218,Shyam Sweets,200,4.1,3.9526607660654913,0.19678714859437751,429.0,525.0,-96.0
304018,Spicy Food Court,23,2.7,3.1432295937542705,0.6805555555555556,5776.0,5833.0,-57.0
18239781,Aristocrat Sweet Shop,7,3.1,3.319866620541205,0.875,4106.0,3750.0,356.0
18364354,Balluchi's - The Royal Cuisine,4,3.0,3.324764731137877,0.9245283018867925,4617.0,3529.0,1088.0
18175256,Bunty Dhaba,26,3.2,3.298833743337433,0.6533333333333333,3596.0,4579.0,-983.0
7623,Gopal's Restaurant & Caterer's,22,2.7,3.1494722640888377,0.6901408450704225,5776.0,5815.0,-39.0
17953899,Horn Please,70,3.0,3.144643115548802,0.4117647058823529,4617.0,5826.0,-1209.0
309756,Khatey Raho,26,3.3,3.3335004100040995,0.6533333333333333,3125.0,3304.0,-179.0
2595,Kolkata Biryani House,404,3.4,3.394729648455425,0.10816777041942605,2648.0,2627.0,21.0
7620,Kolkata Hot Kathi Roll,35,3.2,3.2882444136941364,0.5833333333333334,3596.0,4800.0,-1204.0
309161,Madly Bangalee,135,2.7,2.873437667121236,0.266304347826087,5776.0,6295.0,-519.0
18249081,Oh! China,16,2.9,3.2401927807739614,0.7538461538461538,5082.0,5376.0,-294.0
3632,Punjabi Zaika,39,2.9,3.1512787585262214,0.5568181818181818,5082.0,5808.0,-726.0
7602,Rabi Snacks Corner,18,3.4,3.364366130601604,0.7313432835820896,2648.0,3086.0,-438.0
1712,Republic of Chicken,29,2.7,3.109135009619327,0.6282051282051282,5776.0,5914.0,-138.0
300984,Roll n Roast,27,3.3,3.3330596151356247,0.6447368421052632,3125.0,3315.0,-190.0
18429374,Roller's High,13,3.2,3.3195569475856046,0.7903225806451613,3596.0,3802.0,-206.0
18354627,Royal Chick 'N',18,3.3,3.337500458959813,0.7313432835820896,3125.0,3226.0,-101.0
301522,Royal Kolkata Biryani,14,2.7,3.206548107147738,0.7777777777777778,5776.0,5580.0,196.0
4973,Sameer's Restaurant,59,2.5,2.8862271365769208,0.4537037037037037,6216.0,6284.0,-68.0
3504,Sanjha Chulha,70,2.7,2.968172527313508,0.4117647058823529,5776.0,6183.0,-407.0
18459885,Shepherd's,9,3.1,3.312285012936336,0.8448275862068966,4106.0,4179.0,-73.0
301405,Soya King,71,2.6,2.9067710895858956,0.4083333333333333,6026.0,6263.0,-237.0
18457499,Tasty Tonight,5,3.1,3.3280098287093978,0.9074074074074074,4106.0,3436.0,670.0
18445801,The Mustard,7,2.9,3.2948666205412054,0.875,5082.0,4662.0,420.0
18355107,Tibb's Frankie,16,3.2,3.314038934620115,0.7538461538461538,3596.0,4073.0,-477.0
18175328,Wazwaan Restaurant,14,3.2,3.317659218258849,0.7777777777777778,3596.0,3903.0,-307.0
7613,Yummi Kolkataa,17,3.2,3.312311071974356,0.7424242424242424,3596.0,4157.0,-561.0
7599,Annapurna Sweet House,55,3.7,3.5356974110606485,0.47115384615384615,1422.0,1829.0,-407.0
302936,Ashirbad,46,3.6,3.4717108500032365,0.5157894736842106,1785.0,2158.0,-373.0
4608,Chocolatiers - The Chocolate Boutique,112,3.8,3.663431868014332,0.30434782608695654,1087.0,1314.0,-227.0
7636,Dadu Cutlet Shop,99,3.7,3.584544126691267,0.3310810810810811,1422.0,1589.0,-167.0
18373691,Dogs & Wiches,109,3.9,3.7298261439892877,0.310126582278481,807.0,1078.0,-271.0
7634,Maa Tara,458,3.6,3.5759615991130325,0.09664694280078895,1785.0,1631.0,154.0
306028,My Spice Kitchen,443,3.5,3.485188070630706,0.09959349593495935,2195.0,2064.0,131.0
311637,The Singing Tree,33,3.7,3.491616228662286,0.5975609756097561,1422.0,2027.0,-605.0
309080,Chulha Punjabi Da,41,2.4,2.91791700833675,0.5444444444444444,6325.0,6248.0,77.0
1358,Viva Hyderabad,38,2.3,2.8920980546012354,0.5632183908045977,6408.0,6278.0,130.0
5890,Metro Grill,134,3.4,3.3869537199470354,0.2677595628415301,2648.0,2726.0,-78.0
306513,Cafe Cruise,153,2.8,2.9337253997539974,0.24257425742574257,5462.0,6235.0,-773.0
3089,Etal The Lounge Bar,455,3.2,3.214707402282356,0.09722222222222222,3596.0,5550.0,-1954.0
7061,"Game of Legends - Sports Bar, Grill, & Lounge",609,3.5,3.488924818769464,0.07446808510638298,2195.0,2042.0,153.0
18466981,Al-raaya,6,3.1,3.323864195460136,0.8909090909090909,4106.0,3626.0,480.0
311093,Authentique Bites,17,3.2,3.312311071974356,0.7424242424242424,3596.0,4157.0,-561.0
1055,Embassy,126,3.0,3.0983573185731856,0.28,4617.0,5940.0,-1323.0
18144470,Narang's Bake 'n' Cake,4,3.0,3.324764731137877,0.9245283018867925,4617.0,3529.0,1088.0
4089,New Darvesh,14,3.0,3.2732147738144044,0.7777777777777778,4617.0,5065.0,-448.0
311030,1UP,282,3.5,3.4779834765870317,0.14803625377643503,2195.0,2112.0,83.0
9927,Gujarati Samaj Santushti,95,3.6,3.515364796877135,0.3402777777777778,1785.0,1925.0,-140.0
18245298,Boa Village,225,4.0,3.8839873385047716,0.17883211678832117,614.0,651.0,-37.0
2578,Anand Ji Restaurant,28,3.1,3.2599029967572397,0.6363636363636364,4106.0,5196.0,-1090.0
709,Baskin Robbins,38,3.3,3.328879663796638,0.5632183908045977,3125.0,3422.0,-297.0
1530,Bhoj Restaurant,54,2.8,3.0622575801000727,0.47572815533980584,5462.0,6020.0,-558.0
1401,Brijwasi Restaurant,32,2.8,3.1334880339544133,0.6049382716049383,5462.0,5866.0,-404.0
602,Cafe Coffee Day - The Lounge,42,3.2,3.281456381871511,0.5384615384615384,3596.0,4927.0,-1331.0
18175255,Cafe Coffee Day,10,2.9,3.2747886567848727,0.8305084745762712,5082.0,5007.0,75.0
2245,Chaat Tadka,27,2.8,3.155428036188256,0.6447368421052632,5462.0,5795.0,-333.0
2585,Chawla's Unique Chicken Corner,35,3.2,3.2882444136941364,0.5833333333333334,3596.0,4800.0,-1204.0
908,Dawat Khana,82,2.5,2.8184162652695224,0.37404580152671757,6216.0,6344.0,-128.0
924,Eat n Joy,24,3.2,3.3015415171274998,0.6712328767123288,3596.0,4544.0,-948.0
7715,Khan Chicken Biryani,14,2.9,3.2509925515921823,0.7777777777777778,5082.0,5276.0,-194.0
9476,Kolkata Roll,16,2.8,3.2155773961585763,0.7538461538461538,5462.0,5534.0,-72.0
7686,R. Ahmad Food,11,3.0,3.2868755125051248,0.8166666666666667,4617.0,4833.0,-216.0
305621,Sab Ke Khatir,14,3.1,3.2954369960366265,0.7777777777777778,4106.0,4638.0,-532.0
1324,Bon Bon Pastry Shop,91,3.5,3.447946648216482,0.35,2195.0,2330.0,-135.0
927,Moksha,110,3.7,3.5925316399390406,0.3081761006289308,1422.0,1561.0,-139.0
929,Pebble Street,886,3.9,3.871243348396051,0.052406417112299465,807.0,687.0,120.0
53,Amber,152,2.6,2.7831469191557585,0.24378109452736318,6026.0,6377.0,-351.0
307271,Attitude Kitchen & Bar,140,2.9,3.0169975171973937,0.25925925925925924,5082.0,6098.0,-1016.0
596,Cafe Coffee Day,277,3.4,3.3926764746941944,0.15030674846625766,2648.0,2648.0,0.0
1127,Castle 9,1099,3.1,3.11072520100201,0.042682926829268296,4106.0,5911.0,-1805.0
4237,Costa Coffee,76,3.4,3.3809002460024593,0.392,2648.0,2811.0,-163.0
6357,Delhi Darbar Dhaba,89,3.2,3.253713990944257,0.35507246376811596,3596.0,5264.0,-1668.0
18124357,Garam Dharam,1523,3.4,3.3984812536579563,0.031170483460559797,2648.0,2597.0,51.0
2913,Gola Sizzlers,671,3.0,3.0239062927087605,0.06805555555555555,4617.0,6086.0,-1469.0
3506,Indian Coffee House,1300,3.3,3.3018625135287674,0.0363232023721275,3125.0,4524.0,-1399.0
6957,My Bar Lounge & Restaurant,2460,2.7,2.7127192230969737,0.019529693104822637,5776.0,6414.0,-638.0
304154,My Bar Square,1096,2.5,2.5364301578605306,0.04279475982532751,6216.0,6478.0,-262.0
320,Sagar Ratna,499,3.4,3.395643304288882,0.08941605839416059,2648.0,2619.0,29.0
310097,The Immigrant Cafe,563,3.2,3.2121119783501757,0.08006535947712418,3596.0,5561.0,-1965.0
18418277,MOB Brewpub,52,4.7,4.045668621290173,0.48514851485148514,28.0,385.0,-357.0
310143,Naturals Ice Cream,2620,4.9,4.871567077838258,0.018358935931060322,1.0,4.0,-3.0
18357940,Zabardast Indian Kitchen,242,4.7,4.472895294674596,0.16838487972508592,28.0,61.0,-33.0
300595,Anand Restaurant,485,3.6,3.57717702387698,0.09176029962546817,1785.0,1624.0,161.0
55,Berco's,2639,3.9,3.8899972212612757,0.018229166666666668,807.0,641.0,166.0
3168,Blues,706,3.7,3.6773675903977585,0.06490066225165562,1422.0,1244.0,178.0
310448,Burger King,2093,3.8,3.7897350750468286,0.02287581699346405,1087.0,878.0,209.0
18237356,Burger Singh,548,3.6,3.5795854786437316,0.08207705192629816,1785.0,1613.0,172.0
303034,Cafe Coffee Day The Square,361,3.6,3.5702744652446525,0.11951219512195121,1785.0,1667.0,118.0
18070476,Cafe Dalal Street,873,3.7,3.6814669530914403,0.05314533622559653,1422.0,1226.0,196.0
18208892,Cafe Hawkers,673,3.7,3.6763331450835284,0.06786703601108034,1422.0,1248.0,174.0
18157403,Cafe Public Connection,834,3.7,3.680648392695705,0.05549263873159683,1422.0,1228.0,194.0
18306523,Cafí© MRP,877,3.6,3.5868385861234424,0.052915766738660906,1785.0,1584.0,201.0
309664,Caffe Tonino,1503,3.9,3.8826755997102493,0.03157216494845361,807.0,655.0,152.0
302878,Cha Bar,3206,3.9,3.8917396407835048,0.015053763440860216,807.0,635.0,172.0
18237315,Chaayos,487,3.9,3.84983681110132,0.0914179104477612,807.0,747.0,60.0
305453,Chew - Pan Asian Cafe,2003,3.9,3.886896944810091,0.02387914230019493,807.0,646.0,161.0
308804,China Garden,496,3.9,3.8506651940372616,0.08990825688073395,807.0,744.0,63.0
311373,Desi Vibes,841,3.9,3.8697893603936038,0.0550561797752809,807.0,694.0,113.0
143,Domino's Pizza,336,3.7,3.6556169629878115,0.12727272727272726,1422.0,1345.0,77.0
308772,Dunkin' Donuts,271,3.8,3.7312891585947106,0.153125,1087.0,1074.0,13.0
7855,Dunkin' Donuts,1607,3.9,3.883763605525548,0.029589371980676328,807.0,652.0,155.0
66,Embassy,706,3.5,3.4903477228480893,0.06490066225165562,2195.0,2031.0,164.0
18235515,FLYP@MTV,1379,3.9,3.8811712400212235,0.03431372549019608,807.0,665.0,142.0
18247029,GoGourmet,55,3.7,3.5356974110606485,0.47115384615384615,1422.0,1829.0,-407.0
2298,Haldiram's,1151,3.9,3.877593775625256,0.04083333333333333,807.0,675.0,132.0
310490,Indian Grill Company,626,3.7,3.6746852307411966,0.0725925925925926,1422.0,1258.0,164.0
1896,Jain Chawal Wale,301,3.8,3.7371786592865925,0.14,1087.0,1056.0,31.0
18157384,Jungle Jamboree,1174,3.8,3.7820216931727777,0.04006541291905151,1087.0,903.0,184.0
2903,Kake Da Hotel,2185,3.5,3.4967379278201913,0.021933751119068933,2195.0,2001.0,194.0
301653,Kebab Xpress,321,3.5,3.4803041371629932,0.13243243243243244,2195.0,2101.0,94.0
2195,KFC,427,3.7,3.664101955357789,0.10294117647058823,1422.0,1310.0,112.0
7367,Khan Chacha,1189,3.7,3.6861975207999254,0.0395799676898223,1422.0,1215.0,207.0
309586,Kinbuck 2,1286,3.9,3.8798595735957355,0.03670411985018727,807.0,672.0,135.0
18398577,La Americana,41,3.7,3.510139230558972,0.5444444444444444,1422.0,1951.0,-529.0
18435302,Lady Baga,277,3.7,3.6475844501543175,0.15030674846625766,1422.0,1372.0,50.0
9747,Life Caffe,391,3.6,3.572301206250699,0.11136363636363636,1785.0,1654.0,131.0
312603,Lord of the Drinks,2589,3.9,3.889807631065318,0.018574677786201668,807.0,642.0,165.0
177,McDonald's,388,3.8,3.7496854250579115,0.11212814645308924,1087.0,1022.0,65.0
9959,McDonald's,108,3.7,3.5911626162439965,0.31210191082802546,1422.0,1566.0,-144.0
17953940,Moets Arabica,95,3.5,3.449392574654913,0.3402777777777778,2195.0,2324.0,-129.0
18441674,Mother India,66,3.9,3.666195919567891,0.4260869565217391,807.0,1298.0,-491.0
307485,Mughlai Junction,310,3.9,3.825104542479965,0.13649025069637882,807.0,807.0,0.0
311057,My Bar Headquarters,3010,3.7,3.6944140342433176,0.016018306636155607,1422.0,1183.0,239.0
309955,Nando's,1891,3.7,3.6911920261599525,0.025257731958762887,1422.0,1201.0,221.0
870,Nizam's Kathi Kabab,1761,3.8,3.7878522269338712,0.02707182320441989,1087.0,886.0,201.0
18265711,Oh My God,367,3.8,3.7471455066113157,0.11778846153846154,1087.0,1027.0,60.0
312601,Open House Cafe,1158,3.8,3.7817833726183157,0.04059652029826015,1087.0,904.0,183.0
3393,Parikrama - The Revolving Restaurant,2689,3.8,3.7919695145180086,0.01789627465303141,1087.0,871.0,216.0
2504,Pind Balluchi,1434,3.6,3.591781881827585,0.033041132838840186,1785.0,1564.0,221.0
249,Pizza Hut,541,3.5,3.487648357203911,0.08305084745762711,2195.0,2045.0,150.0
18423119,Playboy Cafe,140,3.7,3.6095901097899867,0.25925925925925924,1422.0,1515.0,-93.0
18255131,Privee',61,3.6,3.4892048250027954,0.44545454545454544,1785.0,2038.0,-253.0
306497,Punjabi By Nature,1256,3.7,3.686906153831653,0.037547892720306515,1422.0,1211.0,211.0
308244,Quote - The Eclectic Bar and Lounge,422,3.5,3.484527666136534,0.1040339702760085,2195.0,2070.0,125.0
1286,Rajdhani Thali Restaurant,1134,3.6,3.5896978281913,0.04142011834319527,1785.0,1572.0,213.0
4815,Route 04,1863,3.5,3.496188562107901,0.025627615062761507,2195.0,2007.0,188.0
310463,Sbarro,1311,3.5,3.494641566728167,0.03602941176470588,2195.0,2014.0,181.0
5738,Shake Square,1333,3.7,3.687635695188356,0.03545586107091172,1422.0,1208.0,214.0
302310,South Indian Snacks,50,3.6,3.4768942500031055,0.494949494949495,1785.0,2120.0,-335.0
5608,SSKY Bar & Lounge,92,3.5,3.4483158209241664,0.3475177304964539,2195.0,2329.0,-134.0
307535,Starbucks,552,3.8,3.7634151925961854,0.08153078202995008,1087.0,973.0,114.0
302156,Subway,276,3.5,3.4775770176932537,0.15076923076923077,2195.0,2115.0,80.0
18238278,Tamasha,1801,3.7,3.690763530135302,0.026486486486486487,1422.0,1202.0,220.0
905,Taste of China,327,3.5,3.4806184328465624,0.13031914893617022,2195.0,2098.0,97.0
18281985,Teddy Boy,1020,3.9,3.8748480175400446,0.04583723105706267,807.0,682.0,125.0
307060,The Beer Cafe - BIGGIE,645,3.8,3.7683177676517396,0.07060518731988473,1087.0,947.0,140.0
18425735,The Flying Saucer Cafe,143,3.9,3.759961097657851,0.2552083333333333,807.0,984.0,-177.0
313256,The Junkyard Cafe,1545,3.9,3.883132077007721,0.030740276035131745,807.0,654.0,153.0
18337893,The Luggage Room Kitchen And Bar,63,3.5,3.434933310270602,0.4375,2195.0,2413.0,-218.0
307190,The Rolling Joint,783,3.9,3.8676833302287346,0.05889423076923077,807.0,699.0,108.0
309790,The Vault Cafe,3413,3.9,3.892233544410834,0.01415366839976892,807.0,634.0,173.0
1800,Veda,1087,3.9,3.8763314531252706,0.043133802816901406,807.0,678.0,129.0
301605,Warehouse Cafe,4914,3.7,3.696557028158434,0.009873060648801129,1422.0,1178.0,244.0
3394,Zaffran,908,3.9,3.871904420846716,0.051201671891327065,807.0,685.0,122.0
930,Zen,1027,3.5,3.4932272590616242,0.04553903345724907,2195.0,2022.0,173.0
309073,Zizo,1071,3.9,3.87599333102706,0.04375,807.0,679.0,128.0
18241537,38 Barracks,840,4.4,4.342196322553777,0.05511811023622047,116.0,112.0,4.0
309478,Ambrosia Bliss,2333,4.0,3.986655134655881,0.020570948782535684,614.0,457.0,157.0
7713,Ardor 2.1,1821,4.1,4.0803810324867955,0.026203208556149733,429.0,322.0,107.0
301489,Barbeque Nation,3164,4.1,4.088581553299194,0.015250544662309368,429.0,304.0,125.0
18219558,Bikkgane Biryani,740,4.1,4.0535013064008965,0.062103929024081114,429.0,368.0,61.0
18216915,Biryani Blues,510,4.0,3.9431351176213014,0.08765652951699464,614.0,544.0,70.0
306913,Caffe 9,961,4.2,4.158824287871592,0.048514851485148516,289.0,239.0,50.0
307036,Excuse Me Boss,799,4.1,4.0567364749414,0.05778301886792453,429.0,360.0,69.0
67,Fa Yian,412,4.0,3.9310467044475215,0.10629067245119306,614.0,567.0,47.0
18233593,Farzi Cafe,1942,4.4,4.374190120919292,0.024610748367654443,116.0,94.0,22.0
310123,Fuji Japanese Restaurant,312,4.0,3.9119460685604084,0.13573407202216067,614.0,603.0,11.0
18198427,Healthy Routes,361,4.0,3.922469587195872,0.11951219512195121,614.0,584.0,30.0
18279449,HotMess,1129,4.3,4.2605369530987325,0.04159592529711375,190.0,166.0,24.0
18237357,House of Commons,510,4.0,3.9431351176213014,0.08765652951699464,614.0,544.0,70.0
18254558,Johnny Rockets,608,4.0,3.9516172461952928,0.0745814307458143,614.0,529.0,85.0
18246991,Odeon Social,1959,4.1,4.081729347983221,0.02440239043824701,429.0,316.0,113.0
309859,Pebble Street,817,4.0,3.9632939154160596,0.05658198614318707,614.0,506.0,108.0
18294220,Piali - The Curry Bistro,400,4.1,4.01829071436594,0.1091314031180401,429.0,415.0,14.0
900,Saravana Bhavan,5172,4.3,4.291096060285445,0.0093851752537828,190.0,136.0,54.0
18294269,Smoke On Water,467,4.1,4.028900253392068,0.09496124031007752,429.0,409.0,20.0
301011,Starbucks,2417,4.1,4.085122680758437,0.019870235198702353,429.0,309.0,120.0
18423151,The Darzi Bar & Kitchen,90,4.1,3.83606137230437,0.35251798561151076,429.0,788.0,-359.0
18454488,The G.T. Road,104,4.3,3.9961603317013563,0.3202614379084967,190.0,442.0,-252.0
308579,The Town House Cafe,2252,4.0,3.9861853675577175,0.021295089091699262,614.0,459.0,155.0
910,United Coffee House,1838,4.1,4.080557779941869,0.025967143614202437,429.0,319.0,110.0
18216901,Unplugged Courtyard,1758,4.0,3.982408705451194,0.027116768123962368,614.0,467.0,147.0
301114,Wenger's Deli,1457,4.3,4.2691318265274285,0.03253652058432935,190.0,155.0,35.0
4249,Wenger's,3591,4.3,4.2872287172390955,0.013461538461538462,190.0,141.0,49.0
18222559,{Niche} - Cafe & Bar,492,4.1,4.032185823937722,0.09057301293900184,429.0,404.0,25.0
303204,Chicken Minar,77,2.6,2.892162942462758,0.3888888888888889,6026.0,6277.0,-251.0
8881,G Lounge,113,3.2,3.245756362656219,0.30246913580246915,3596.0,5333.0,-1737.0
310435,Gyms Kook,140,3.3,3.31329381349369,0.25925925925925924,3125.0,4092.0,-967.0
309051,Burger Joint,164,3.5,3.4657865293441663,0.2300469483568075,2195.0,2210.0,-15.0
1258,Eleven to Eleven,106,3.1,3.1794356822600482,0.3161290322580645,4106.0,5708.0,-1602.0
2308,Le Chef,134,3.3,3.3137296762311883,0.2677595628415301,3125.0,4091.0,-966.0
195,McDonald's,77,3.4,3.381051831351647,0.3888888888888889,2648.0,2809.0,-161.0
307940,The Buffet Wagon,102,3.3,3.3166392764921024,0.32450331125827814,3125.0,4007.0,-882.0
2299,Haldiram's,217,3.5,3.4726034990613064,0.18421052631578946,2195.0,2146.0,49.0
5997,Connexions Bar - Crowne Plaza,59,3.5,3.432523432873217,0.4537037037037037,2195.0,2431.0,-236.0
6030,Deli - Crowne Plaza,60,3.7,3.5432342270670407,0.44954128440366975,1422.0,1789.0,-367.0
307362,Lobby Lounge - Crowne Plaza,12,3.2,3.3215168975460245,0.8032786885245902,3596.0,3704.0,-108.0
307361,Infinity - Crowne Plaza,115,3.5,3.455564211892119,0.29878048780487804,2195.0,2280.0,-85.0
3105,Fiery Grills,165,3.3,3.311740797898633,0.22897196261682243,3125.0,4219.0,-1094.0
9960,McDonald's,41,3.4,3.3734725638923053,0.5444444444444444,2648.0,2932.0,-284.0
18014114,Cafe Desire,116,3.5,3.455833519698833,0.296969696969697,2195.0,2276.0,-81.0
3894,Haldiram's,262,3.7,3.64505636897205,0.15755627009646303,1422.0,1387.0,35.0
306479,Kake Di Hatti,364,3.5,3.482354796005587,0.11864406779661017,2195.0,2085.0,110.0
3183,Akash Deep,28,2.8,3.150812087666331,0.6363636363636364,5462.0,5811.0,-349.0
5451,Al Saad Foods,12,3.2,3.3215168975460245,0.8032786885245902,3596.0,3704.0,-108.0
5464,Cafe Coffee Day,22,2.8,3.1804581795817954,0.6901408450704225,5462.0,5703.0,-241.0
3182,Chandrika,6,2.9,3.3020460136419545,0.8909090909090909,5082.0,4458.0,624.0
18057826,Dawat-E-Chaman,45,3.4,3.3746013909607178,0.5212765957446809,2648.0,2914.0,-266.0
18275791,Kallu Nihari,6,3.0,3.3129551045510452,0.8909090909090909,4617.0,4096.0,521.0
18261700,King Bikaneri,6,2.9,3.3020460136419545,0.8909090909090909,5082.0,4458.0,624.0
18228864,Manchanda Bakery,8,3.1,3.3160093114089033,0.8596491228070176,4106.0,4009.0,97.0
310792,McDonald's,23,2.8,3.175174038198715,0.6805555555555556,5462.0,5726.0,-264.0
18222587,Mehta Restaurant,6,3.2,3.334773286369227,0.8909090909090909,3596.0,3280.0,316.0
309530,Shree Jee Rasoi,33,3.0,3.2099089115891153,0.5975609756097561,4617.0,5569.0,-952.0
5462,Taj Snacks,5,3.0,3.3187505694501387,0.9074074074074074,4617.0,3823.0,794.0
3181,Zaika,159,3.4,3.3885217824534015,0.23557692307692307,2648.0,2705.0,-57.0
9912,Bagli's Kitchen,85,3.7,3.5724815727634884,0.3656716417910448,1422.0,1650.0,-228.0
3180,Bhaja Govindam,189,3.8,3.7076156754214598,0.20588235294117646,1087.0,1148.0,-61.0
4092,Changezi Chicken,519,3.7,3.669916427377302,0.08626760563380281,1422.0,1276.0,146.0
18261683,Dilli Gate,26,3.5,3.402833743337433,0.6533333333333333,2195.0,2572.0,-377.0
4715,Jahangeer Foods,124,3.8,3.672904802024899,0.2832369942196532,1087.0,1264.0,-177.0
481,Moti Mahal,711,3.6,3.5839638562504046,0.06447368421052632,1785.0,1593.0,192.0
302232,Nandlal Ka Dhaba,109,3.6,3.5228641186728327,0.310126582278481,1785.0,1884.0,-99.0
1044,Sugandh,57,3.7,3.538797459908561,0.46226415094339623,1422.0,1812.0,-390.0
3185,Suvidha Vegetarian,88,3.6,3.5110403704402007,0.35766423357664234,1785.0,1944.0,-159.0
303637,Domino's Pizza,32,2.3,2.9359571697568825,0.6049382716049383,6408.0,6225.0,183.0
304181,Delhi 6 - Royal Cuisine Of The Walled City,271,4.1,3.9853516585947104,0.153125,429.0,461.0,-32.0
308183,Food Hub,4,3.0,3.324764731137877,0.9245283018867925,4617.0,3529.0,1088.0
763,Aka Saka,176,3.3,3.3111668033346997,0.21777777777777776,3125.0,4225.0,-1100.0
7557,Anil Mishtan Wala,10,3.1,3.3086869618696184,0.8305084745762712,4106.0,4318.0,-212.0
525,Barista,73,3.3,3.3205945143467823,0.4016393442622951,3125.0,3738.0,-613.0
7561,Cafe 1 Fast Food,12,3.0,3.282172635250942,0.8032786885245902,4617.0,4914.0,-297.0
18387105,Cake Central - Premier Cake Design Studio,13,3.4,3.361492431456572,0.7903225806451613,2648.0,3116.0,-468.0
18451576,Chawla's Tandoori Junction,33,3.3,3.330640618906189,0.5975609756097561,3125.0,3384.0,-259.0
580,Chawnsan Chef,104,3.4,3.384395625819003,0.3202614379084967,2648.0,2755.0,-107.0
308703,Choco Kraft,12,3.2,3.3215168975460245,0.8032786885245902,3596.0,3704.0,-108.0
60,Colonel's Kababz,600,3.2,3.2114214649465445,0.07550077041602465,3596.0,5566.0,-1970.0
305123,Confectionately Seerat's,13,3.2,3.3195569475856046,0.7903225806451613,3596.0,3802.0,-206.0
18265689,Country Curries,8,2.7,3.25986896053171,0.8596491228070176,5776.0,5200.0,576.0
199,Domino's Pizza,78,2.5,2.828445124018169,0.3858267716535433,6216.0,6328.0,-112.0
756,Duggal's Rasoi,35,3.4,3.3715777470274695,0.5833333333333334,2648.0,2961.0,-313.0
309801,Firefly India,16,3.4,3.3632697038508845,0.7538461538461538,2648.0,3105.0,-457.0
18433907,Fluffles - The Fluffy Waffle Co.,7,2.5,3.244866620541205,0.875,6216.0,5341.0,875.0
311511,Giani's,26,2.8,3.160167076670766,0.6533333333333333,5462.0,5781.0,-319.0
308279,Giani,29,3.3,3.33221193269625,0.6282051282051282,3125.0,3357.0,-232.0
7621,Green Chick Chop,16,2.7,3.190962011543192,0.7538461538461538,5776.0,5653.0,123.0
306779,Gulshan Fish & Chicken Fry,14,3.2,3.317659218258849,0.7777777777777778,3596.0,3903.0,-307.0
312980,Kitchen22,9,3.1,3.312285012936336,0.8448275862068966,4106.0,4179.0,-73.0
18222580,La Chocoallure,7,2.9,3.2948666205412054,0.875,5082.0,4662.0,420.0
2878,Little Dragon,102,2.9,3.046440600995414,0.32450331125827814,5082.0,6050.0,-968.0
8902,Maddi Sweet Centre,22,3.2,3.3044018415536267,0.6901408450704225,3596.0,4429.0,-833.0
18374707,Man Vs Food The Kitchen,9,3.1,3.312285012936336,0.8448275862068966,4106.0,4179.0,-73.0
678,MB's,128,3.1,3.169562320623206,0.2768361581920904,4106.0,5746.0,-1640.0
3568,Moet's Sizzlers,496,3.0,3.031582625229922,0.08990825688073395,4617.0,6074.0,-1457.0
18354969,Oberoi's,8,3.2,3.330044399128201,0.8596491228070176,3596.0,3397.0,199.0
313242,Punjabee's Darbar,19,3.3,3.3369489816221685,0.7205882352941176,3125.0,3236.0,-111.0
309838,Qureshi's Kabab Corner,35,3.4,3.3715777470274695,0.5833333333333334,2648.0,2961.0,-313.0
437,Saleem's Restaurant,53,3.2,3.2726718701010538,0.4803921568627451,3596.0,5076.0,-1480.0
18303851,Suri Saab Restaurant,39,3.0,3.195596940344403,0.5568181818181818,4617.0,5631.0,-1014.0
307500,The Sweet Boutique,25,3.3,3.3339531182473983,0.6621621621621622,3125.0,3294.0,-169.0
736,Tibb's Frankie,28,3.2,3.2962666331208763,0.6363636363636364,3596.0,4631.0,-1035.0
18294230,Veg Ex,44,3.4,3.3743282876377148,0.5268817204301075,2648.0,2920.0,-272.0
7851,Zaaika Junction,56,2.6,2.9505955309553094,0.4666666666666667,6026.0,6204.0,-178.0
2437,28 Capri Italy,245,3.9,3.8085460229602295,0.16666666666666666,807.0,845.0,-38.0
573,4S Chinese Restaurant,215,3.5,3.4723959498117707,0.1856060606060606,2195.0,2148.0,47.0
9706,Amici Cafe,386,3.6,3.571982829311052,0.11264367816091954,1785.0,1655.0,130.0
1507,Angels in my Kitchen,460,3.8,3.7568026144406828,0.0962671905697446,1087.0,998.0,89.0
302655,Arabian Delites,146,3.6,3.5375001576938843,0.2512820512820513,1785.0,1821.0,-36.0
705,Baskin Robbins,55,3.7,3.5356974110606485,0.47115384615384615,1422.0,1829.0,-407.0
1395,Cafe Brown Sugar,390,3.7,3.661076379841247,0.11161731207289294,1422.0,1326.0,96.0
18418273,Chakhnaa Wala,15,3.5,3.3861332929735544,0.765625,2195.0,2732.0,-537.0
2067,Cocoberry,130,3.6,3.531913579610656,0.2737430167597765,1785.0,1841.0,-56.0
3492,Concept,301,3.9,3.8231786592865924,0.14,807.0,814.0,-7.0
576,Deez Biryani & Kebabs,338,3.7,3.6558463326881334,0.12661498708010335,1422.0,1343.0,79.0
311211,Def Col Social,798,3.9,3.8682556443333027,0.05785123966942149,807.0,697.0,110.0
311661,Dí_ner Grill,192,3.8,3.7087656877606117,0.2033195020746888,1087.0,1140.0,-53.0
566,Hong Kong Express,196,3.8,3.7102552275522753,0.2,1087.0,1135.0,-48.0
556,Kent's Fast Food,766,3.7,3.679033780061727,0.06012269938650307,1422.0,1237.0,185.0
18322644,Koyla Kebab,42,3.6,3.4660717664868956,0.5384615384615384,1785.0,2205.0,-420.0
17953931,Meraki Cafe & Bar,139,3.6,3.535173035905891,0.26063829787234044,1785.0,1834.0,-49.0
18396187,Milk Patisserie,24,3.8,3.498801791100102,0.6712328767123288,1087.0,1993.0,-906.0
730,Moets Curry Leaf,208,3.5,3.471644088522597,0.19066147859922178,2195.0,2162.0,33.0
18247032,Moets Oh! Bao,99,3.6,3.5176522347993755,0.3310810810810811,1785.0,1912.0,-127.0
570,Moets Shack,601,3.7,3.6737115857697042,0.07538461538461538,1422.0,1261.0,161.0
760,Moets Stone,354,3.8,3.7454405229536167,0.12158808933002481,1087.0,1031.0,56.0
134,Moti Mahal Delux,130,3.8,3.677164976258701,0.2737430167597765,1087.0,1245.0,-158.0
3039,Nizam's Kathi Kabab,303,3.8,3.737535598722464,0.13920454545454544,1087.0,1054.0,33.0
310816,NYC.PIE,306,3.8,3.7380634669022745,0.13802816901408452,1087.0,1049.0,38.0
304735,Raro,304,3.7,3.651593571530616,0.1388101983002833,1422.0,1354.0,68.0
306,Sagar Ratna,308,3.7,3.652135940477052,0.13725490196078433,1422.0,1353.0,69.0
312586,Subway,84,3.6,3.508364892859455,0.3684210526315789,1785.0,1957.0,-172.0
451,Swagath,749,3.9,3.8663064295116634,0.06140350877192982,807.0,704.0,103.0
18254518,The Jugaad Cafe Bar,238,3.8,3.723388608886089,0.17073170731707318,1087.0,1098.0,-11.0
9569,Mehfil,35,2.4,2.9549110803608034,0.5833333333333334,6325.0,6197.0,128.0
305269,Bonne Bouche,711,4.1,4.051727014145142,0.06447368421052632,429.0,369.0,60.0
18415346,Cafe Yell,50,4.4,3.8809346540435103,0.494949494949495,116.0,667.0,-551.0
4268,Defence Bakery,561,4.1,4.039856607787389,0.08032786885245902,429.0,395.0,34.0
18350143,Desi Vibes,183,4.0,3.862985046337532,0.21120689655172414,614.0,711.0,-97.0
18161723,Ek Bar,242,4.1,3.9739262225096477,0.16838487972508592,429.0,486.0,-57.0
18232097,Hwealthcafe,223,4.1,3.9651195983467185,0.1801470588235294,429.0,503.0,-74.0
309882,Kathputli,769,4.1,4.055149793093285,0.05990220048899755,429.0,363.0,66.0
303215,Kulfiano,169,4.0,3.85418592087297,0.22477064220183487,614.0,733.0,-119.0
18400744,Number 31,63,4.2,3.8286833102706024,0.4375,289.0,799.0,-510.0
312567,RoadRomeo,460,4.0,3.937549176326734,0.0962671905697446,614.0,554.0,60.0
305,Sagar Ratna,782,4.0,3.9617479311074697,0.05896510228640193,614.0,508.0,106.0
18363787,The Culinary Pitaara,95,4.2,3.9111981302104684,0.3402777777777778,289.0,605.0,-316.0
305646,Whipped,372,4.2,4.101217412708569,0.1163895486935867,289.0,292.0,-3.0
6953,A Vaishno Bhojnalaya,29,3.1,3.2578529583372755,0.6282051282051282,4106.0,5217.0,-1111.0
7691,Aim Delhi Cafe,69,3.4,3.3797672097483686,0.4152542372881356,2648.0,2832.0,-184.0
3252,Apni Rasoi,109,2.8,2.970965384495617,0.310126582278481,5462.0,6178.0,-716.0
18400732,Blue Bull Cafe,15,2.8,3.2220707929735544,0.765625,5462.0,5505.0,-43.0
18337757,Cafe Bethak,76,3.4,3.3809002460024593,0.392,2648.0,2811.0,-163.0
9014,Cafe Coffee Day,46,3.4,3.3748687447400787,0.5157894736842106,2648.0,2909.0,-261.0
9453,Cafe Coffee Day,87,3.2,3.2545039025757907,0.3602941176470588,3596.0,5257.0,-1661.0
18273614,Chakhlo Food Court,45,2.6,2.991622667556462,0.5212765957446809,6026.0,6133.0,-107.0
6625,Domino's Pizza,109,2.5,2.7640033591791613,0.310126582278481,6216.0,6391.0,-175.0
300869,Frontier,8,3.0,3.301974223689605,0.8596491228070176,4617.0,4498.0,119.0
18256980,Good Foods,35,3.3,3.329911080360803,0.5833333333333334,3125.0,3409.0,-284.0
2279,Grain Bell Restaurant,81,2.8,3.0077886980792883,0.3769230769230769,5462.0,6110.0,-648.0
307894,Green Chick Chop,72,3.1,3.20175645248188,0.4049586776859504,4106.0,5608.0,-1502.0
6949,Grover's - The Baker Shop,18,3.0,3.25690344403444,0.7313432835820896,4617.0,5237.0,-620.0
311962,Hookups Cafe & Lounge,113,3.3,3.3155094490759716,0.30246913580246915,3125.0,4062.0,-937.0
9433,Jai Hind Dairy,5,2.8,3.30023205093162,0.9074074074074074,5462.0,4556.0,906.0
4065,Kaveri,51,3.3,3.3251253075030744,0.49,3125.0,3523.0,-398.0
5767,Khushboo Vaishno Dhaba,5,2.9,3.309491310190879,0.9074074074074074,5082.0,4258.0,824.0
7681,Korea Restaurant,82,3.0,3.1313933645061636,0.37404580152671757,4617.0,5870.0,-1253.0
18395106,Kukkad Nukkad,12,3.0,3.282172635250942,0.8032786885245902,4617.0,4914.0,-297.0
5436,Metro Fast Food,26,2.6,3.090833743337433,0.6533333333333333,6026.0,5955.0,71.0
18370586,Mughlai Flavours,17,3.2,3.312311071974356,0.7424242424242424,3596.0,4157.0,-561.0
306847,Pitstop,85,3.3,3.3187502294799063,0.3656716417910448,3125.0,3880.0,-755.0
4857,Pizza Hut,143,3.4,3.387565264324518,0.2552083333333333,2648.0,2717.0,-69.0
4088,Prince Snacks & Momo's Point,39,3.4,3.3728696676171306,0.5568181818181818,2648.0,2939.0,-291.0
9969,Qash Retro Bar,81,2.7,2.945481005771596,0.3769230769230769,5776.0,6208.0,-432.0
307106,Red Chillies,69,3.3,3.321292633477182,0.4152542372881356,3125.0,3730.0,-605.0
5909,Samrat Bakers,16,2.6,3.1663466269278073,0.7538461538461538,6026.0,5756.0,270.0
2287,Samrat Restaurant,173,3.4,3.389245634010394,0.22072072072072071,2648.0,2696.0,-48.0
2288,Shammi Bhai Lassi Wala,45,3.2,3.2788567101096535,0.5212765957446809,3596.0,4961.0,-1365.0
312391,Shooters Lounge and Bar,50,2.7,3.022348795457651,0.494949494949495,5776.0,6089.0,-313.0
302370,Singh Ching,427,3.4,3.394984308298965,0.10294117647058823,2648.0,2626.0,22.0
9779,Southy,138,2.6,2.7968584532102008,0.2620320855614973,6026.0,6362.0,-336.0
307387,Take n Taste Shawarma Zone,14,3.0,3.2732147738144044,0.7777777777777778,4617.0,5065.0,-448.0
18350499,The Night Owl,51,2.8,3.0701253075030746,0.49,5462.0,6003.0,-541.0
2290,Tilak's The Diners,130,3.1,3.1687850879905444,0.2737430167597765,4106.0,5752.0,-1646.0
18161577,Spezia Bistro,1071,4.6,4.54536833102706,0.04375,44.0,46.0,-2.0
6647,Cent Percent The Pastry Shop,258,3.6,3.5603014030954645,0.15960912052117263,1785.0,1724.0,61.0
313267,For God's Cake,533,3.9,3.853801599227332,0.08419243986254296,807.0,738.0,69.0
5455,Laxmi Ice Cream,93,3.7,3.5796657095092077,0.34507042253521125,1422.0,1611.0,-189.0
3401,Mirch Masala MM Cafe,484,3.7,3.6679409582557367,0.09193245778611632,1422.0,1291.0,131.0
18456762,Moh Maya Cafe,49,3.7,3.525638068880689,0.5,1422.0,1868.0,-446.0
4825,QD's Restaurant,2724,3.9,3.8903038336640132,0.017670393076090876,807.0,640.0,167.0
311674,SuperHero Cafe,541,3.8,3.7627331029666222,0.08305084745762711,1087.0,974.0,113.0
6646,Suresh Fast Food,91,3.7,3.577946648216482,0.35,1422.0,1621.0,-199.0
304307,Wood Box Cafe,1970,3.8,3.7891097230065913,0.02426944031698861,1087.0,880.0,207.0
300883,Sagar Ratna,147,2.4,2.6378190344403443,0.25,6325.0,6453.0,-128.0
3036,Slice of Italy,148,2.4,2.636611831219835,0.24873096446700507,6325.0,6454.0,-129.0
18342940,Bakar The Cafe,111,4.1,3.8707033171894216,0.30625,429.0,691.0,-262.0
6144,Indus Flavour,1384,4.1,4.074398137299586,0.034193998604326585,429.0,331.0,98.0
18365861,Raw Creams,156,4.3,4.073231857318572,0.23902439024390243,190.0,334.0,-144.0
304262,Ricos,4085,4.3,4.288754845367757,0.01185292694726657,190.0,138.0,52.0
312345,The Hudson Cafe,1537,4.4,4.367599325819866,0.0308953341740227,116.0,98.0,18.0
306407,YOLO 21,1526,4.2,4.173595257619243,0.03111111111111111,289.0,231.0,58.0
7777,Assam Food Stall,45,2.8,3.087367348407526,0.5212765957446809,5462.0,5968.0,-506.0
3167,Darbar E Awadh,26,3.2,3.298833743337433,0.6533333333333333,3596.0,4579.0,-983.0
302555,Hotel Tamil Nadu,13,3.1,3.2985892056501207,0.7903225806451613,4106.0,4589.0,-483.0
309841,Incrivel Goa,29,2.5,3.0347760352603523,0.6282051282051282,6216.0,6067.0,149.0
3158,Lakshadweep,11,2.8,3.2502088458384577,0.8166666666666667,5462.0,5291.0,171.0
7814,Odisha,52,3.1,3.2219062450525495,0.48514851485148514,4106.0,5512.0,-1406.0
7770,Rajasthan Food Stall No. 1,69,3.4,3.3797672097483686,0.4152542372881356,2648.0,2832.0,-184.0
7789,Shillong View,36,3.0,3.202500361768323,0.5764705882352941,4617.0,5607.0,-990.0
302537,Wazwan,44,3.1,3.2323928037667473,0.5268817204301075,4106.0,5425.0,-1319.0
7790,Zayaka,8,2.8,3.2739040482510084,0.8596491228070176,5462.0,5033.0,429.0
18025092,Bihar ki Rasoi,28,3.5,3.405357542211785,0.6363636363636364,2195.0,2556.0,-361.0
7768,Bijoli Grill,182,3.7,3.6260282716463523,0.21212121212121213,1422.0,1455.0,-33.0
302264,Maharashtra Food Stall,93,3.6,3.514172751762729,0.34507042253521125,1785.0,1935.0,-150.0
300975,Manipur Food Stall,72,3.6,3.499277113638905,0.4049586776859504,1785.0,1989.0,-204.0
7772,Momo Mia,152,3.8,3.6906096057229227,0.24378109452736318,1087.0,1203.0,-116.0
7834,Mother Dairy Ice Cream,19,3.5,3.392831334563345,0.7205882352941176,2195.0,2642.0,-447.0
302542,Nagaland,143,3.7,3.611002764324518,0.2552083333333333,1422.0,1507.0,-85.0
7774,Navdanya Organic Food Cafe,24,3.5,3.400171654113801,0.6712328767123288,2195.0,2585.0,-390.0
7769,Tashi Delek Food Stall,30,3.5,3.4077535538013604,0.620253164556962,2195.0,2547.0,-352.0
7788,Punjabi Rasoi,30,2.3,2.952057351269715,0.620253164556962,6408.0,6202.0,206.0
309037,Aggarwal Bikaner Sweets,9,3.0,3.2967677715570254,0.8448275862068966,4617.0,4614.0,3.0
18454058,Angels Kitchen,10,3.2,3.3256361144119913,0.8305084745762712,3596.0,3496.0,100.0
312579,Bedi's Kabab Corner,15,3.2,3.3158207929735544,0.765625,3596.0,4042.0,-446.0
18398753,Bravo Diet Food and Nutrition,7,3.0,3.307366620541205,0.875,4617.0,4362.0,255.0
301313,Chacha Chicken,9,2.8,3.2657332887984047,0.8448275862068966,5462.0,5138.0,324.0
301305,Chao Cart,32,3.3,3.331018898151944,0.6049382716049383,3125.0,3374.0,-249.0
18124346,Chimney,4,2.9,3.317217561326556,0.9245283018867925,5082.0,3922.0,1160.0
310664,Chutneez Ishtyle Bar and Dining,56,3.3,3.3239288642886424,0.4666666666666667,3125.0,3624.0,-499.0
6266,Deep Chicken Point,16,3.0,3.2648081653893457,0.7538461538461538,4617.0,5156.0,-539.0
5060,Domino's Pizza,87,3.3,3.3184744908110844,0.3602941176470588,3125.0,3890.0,-765.0
312566,Govind Dhaba,39,3.4,3.3728696676171306,0.5568181818181818,2648.0,2939.0,-291.0
18368621,Huddle Cafe,23,3.4,3.366840704865382,0.6805555555555556,2648.0,3037.0,-389.0
310319,Kovilakam,11,3.2,3.3235421791717914,0.8166666666666667,3596.0,3655.0,-59.0
302497,Mathur's Kitchen,15,2.6,3.1751957929735544,0.765625,6026.0,5721.0,305.0
302528,McDonald's,65,3.3,3.3220397434237494,0.4298245614035088,3125.0,3697.0,-572.0
305209,New South Indian Hut,7,3.1,3.319866620541205,0.875,4106.0,3750.0,356.0
313046,Night Bite,14,2.6,3.184325884925516,0.7777777777777778,6026.0,5684.0,342.0
313473,Pizza Station,7,3.0,3.307366620541205,0.875,4617.0,4362.0,255.0
9817,Pummy Restaurant,14,2.7,3.206548107147738,0.7777777777777778,5776.0,5580.0,196.0
18255138,Republic of Chicken,4,3.0,3.324764731137877,0.9245283018867925,4617.0,3529.0,1088.0
309727,Salt N' Pepper,177,2.7,2.841205888275697,0.2168141592920354,5776.0,6322.0,-546.0
18204499,Shahi Zaikaa,6,3.0,3.3129551045510452,0.8909090909090909,4617.0,4096.0,521.0
311187,Shubham,39,2.7,3.062642394889858,0.5568181818181818,5776.0,6016.0,-240.0
301498,South Indian Corner,27,3.3,3.3330596151356247,0.6447368421052632,3125.0,3315.0,-190.0
18378033,Sultan Food,14,3.1,3.2954369960366265,0.7777777777777778,4106.0,4638.0,-532.0
309043,Uncle Bakery,15,3.1,3.2923832929735544,0.765625,4106.0,4713.0,-607.0
308509,Urban Chopstick,50,2.6,2.9718437449526007,0.494949494949495,6026.0,6176.0,-150.0
6242,Urban Kabab,97,3.1,3.184332402399366,0.3356164383561644,4106.0,5683.0,-1577.0
303994,Urban Punjab,103,3.2,3.2487666496730756,0.3223684210526316,3596.0,5318.0,-1722.0
9002,Haldiram's,88,3.5,3.446806793797865,0.35766423357664234,2195.0,2337.0,-142.0
307364,Pizza Hut Delivery,107,3.6,3.521875197117356,0.3141025641025641,1785.0,1891.0,-106.0
18153563,Slice of Italy,57,2.3,2.7859672712293158,0.46226415094339623,6408.0,6375.0,33.0
357,Bemisaal,122,3.4,3.386038191522266,0.28654970760233917,2648.0,2734.0,-86.0
8453,Grillz,85,2.5,2.811287542912742,0.3656716417910448,6216.0,6352.0,-136.0
306856,Tandoor Ka Zaika,55,2.6,2.9539666418298793,0.47115384615384615,6026.0,6199.0,-173.0
18332009,The Barley House,35,3.4,3.3715777470274695,0.5833333333333334,2648.0,2961.0,-313.0
6875,Muffins,56,3.5,3.430595530955309,0.4666666666666667,2195.0,2439.0,-244.0
2530,Dilli Darbar,118,2.3,2.6084582679659127,0.2934131736526946,6408.0,6462.0,-54.0
5260,Cafe Coffee Day,29,3.0,3.220673471157788,0.6282051282051282,4617.0,5516.0,-899.0
3224,Domino's Pizza,63,3.0,3.153683310270602,0.4375,4617.0,5801.0,-1184.0
5293,Kings Kulfi,14,3.3,3.339881440481071,0.7777777777777778,3125.0,3180.0,-55.0
307578,McDonald's,62,3.6,3.4902029797325,0.44144144144144143,1785.0,2033.0,-248.0
4919,Cafe E,83,3.5,3.4447918996235414,0.3712121212121212,2195.0,2353.0,-158.0
4921,Cha-Shi,118,3.8,3.6683385074868706,0.2934131736526946,1087.0,1285.0,-198.0
307321,Habibi,134,3.1,3.167281588799495,0.2677595628415301,4106.0,5754.0,-1648.0
2616,Tikka Town,138,2.8,2.9444520360979007,0.2620320855614973,5462.0,6209.0,-747.0
302212,4700BC Popcorn,152,3.8,3.6906096057229227,0.24378109452736318,1087.0,1203.0,-116.0
3814,Al Zaitoon,246,3.5,3.475296714407822,0.16610169491525423,2195.0,2130.0,65.0
8201,Dunkin' Donuts,426,3.8,3.7537105910532786,0.1031578947368421,1087.0,1006.0,81.0
306571,Foodhall,71,3.9,3.6759377562525617,0.4083333333333333,807.0,1251.0,-444.0
2300,Haldiram's,229,3.7,3.6385342832744874,0.17625899280575538,1422.0,1408.0,14.0
3719,TGI Friday's,984,3.7,3.6834584034368905,0.04743465634075508,1422.0,1222.0,200.0
9720,The Beer Cafe,295,3.5,3.4788154963671727,0.14244186046511628,2195.0,2108.0,87.0
3192,Big Chill,2777,4.4,4.381816182148022,0.017338995046001414,116.0,89.0,27.0
305781,Cinnabon,397,4.1,4.017741100337012,0.10986547085201794,429.0,416.0,13.0
18337927,RollsKing,71,4.1,3.7942710895858958,0.4083333333333333,429.0,866.0,-437.0
2615,Tikka Town,118,3.2,3.2443864116784877,0.2934131736526946,3596.0,5346.0,-1750.0
2893,Cafe Brown Sugar,161,3.6,3.5419644321443213,0.23333333333333334,1785.0,1795.0,-10.0
18237314,Chaayos,91,3.9,3.7079466482164816,0.35,807.0,1144.0,-337.0
2436,Cinnabon,360,3.9,3.8342604663821698,0.1198044009779951,807.0,792.0,15.0
306572,Foodhall,69,3.7,3.5551909385619282,0.4152542372881356,1422.0,1740.0,-318.0
2301,Haldiram's,134,3.7,3.606625851094577,0.2677595628415301,1422.0,1524.0,-102.0
312542,Keventers,154,3.8,3.6916873435975734,0.2413793103448276,1087.0,1195.0,-108.0
310887,Krispy Kreme,98,3.9,3.717092045920459,0.3333333333333333,807.0,1111.0,-304.0
7256,L'Opera,159,3.8,3.6942910132226316,0.23557692307692307,1087.0,1186.0,-99.0
8593,Mad Over Donuts,169,3.7,3.621617113533521,0.22477064220183487,1422.0,1471.0,-49.0
311353,Starbucks,109,3.9,3.7298261439892877,0.310126582278481,807.0,1078.0,-271.0
311423,The Beer Cafe,170,3.8,3.6996005970333674,0.2237442922374429,1087.0,1169.0,-82.0
7247,Ooh Lala !,154,4.0,3.8434114815286082,0.2413793103448276,614.0,765.0,-151.0
8396,Domino's Pizza,59,2.7,2.995486395836181,0.4537037037037037,5776.0,6128.0,-352.0
308544,Flaming Wok,112,2.7,2.8982144767099847,0.30434782608695654,5776.0,6269.0,-493.0
301237,Frontier,11,3.0,3.2868755125051248,0.8166666666666667,4617.0,4833.0,-216.0
300408,Haldiram's,195,3.6,3.550051355534047,0.20081967213114754,1785.0,1764.0,21.0
9657,McDonald's,100,3.5,3.451090810404748,0.3288590604026846,2195.0,2310.0,-115.0
307167,Subway,65,2.4,2.8088818486869074,0.4298245614035088,6325.0,6355.0,-30.0
303264,Twenty Four Seven,7,2.9,3.2948666205412054,0.875,5082.0,4662.0,420.0
311712,Wah Ji Wah,8,2.9,3.2879391359703063,0.8596491228070176,5082.0,4805.0,277.0
9886,Aggarwal Sweets,10,2.7,3.2408903517001266,0.8305084745762712,5776.0,5369.0,407.0
9891,Al-Malik,21,3.2,3.305893296432964,0.7,3596.0,4404.0,-808.0
9887,Bikaner Sweets,13,2.8,3.235685979843669,0.7903225806451613,5462.0,5401.0,61.0
7893,Cafe Coffee Day,24,2.7,3.1371579554836644,0.6712328767123288,5776.0,5858.0,-82.0
18266888,Delhi Rasoi,19,3.3,3.3369489816221685,0.7205882352941176,3125.0,3236.0,-111.0
7884,Food Land,16,3.2,3.314038934620115,0.7538461538461538,3596.0,4073.0,-477.0
18377458,Froshier Fruits,7,3.0,3.307366620541205,0.875,4617.0,4362.0,255.0
7897,Govinda's Confectionery,12,3.1,3.3018447663984833,0.8032786885245902,4106.0,4525.0,-419.0
18391937,Halka Fulka,11,3.1,3.305208845838458,0.8166666666666667,4106.0,4413.0,-307.0
7888,Hasty Tasty,12,2.8,3.2428283729558602,0.8032786885245902,5462.0,5351.0,111.0
18037834,Ikreate,9,3.1,3.312285012936336,0.8448275862068966,4106.0,4179.0,-73.0
312605,Khan's Dilli-6 Biryani,19,3.0,3.253125452210404,0.7205882352941176,4617.0,5265.0,-648.0
7876,Kolkata Hot Kathi Roll,21,2.7,3.1558932964329642,0.7,5776.0,5794.0,-18.0
18358157,Kowloon Express,17,3.4,3.363826223489507,0.7424242424242424,2648.0,3098.0,-450.0
18272344,LaDiDa,14,3.2,3.317659218258849,0.7777777777777778,3596.0,3903.0,-307.0
18458308,Litti.In,4,2.8,3.3096703915152355,0.9245283018867925,5462.0,4247.0,1215.0
4302,Mughals Rasoi,38,3.2,3.2852015028770976,0.5632183908045977,3596.0,4864.0,-1268.0
7886,Naagar Foods,17,3.1,3.28655349621678,0.7424242424242424,4106.0,4849.0,-743.0
7873,Novelty Chicken Corner,61,3.3,3.322841188639159,0.44545454545454544,3125.0,3686.0,-561.0
303625,Raju Vaishnav Dhaba,19,3.2,3.3090078051515808,0.7205882352941176,3596.0,4307.0,-711.0
310794,Republic of Chicken,4,2.9,3.317217561326556,0.9245283018867925,5082.0,3922.0,1160.0
920,Shiv Shakti Vaishno Bhojnalaya,22,3.1,3.273415926060669,0.6901408450704225,4106.0,5058.0,-952.0
18381237,Spice Tree,12,2.7,3.2231562418083195,0.8032786885245902,5776.0,5499.0,277.0
18371426,Vadapav Junction,14,3.2,3.317659218258849,0.7777777777777778,3596.0,3903.0,-307.0
312173,Zaaika Junction,25,3.1,3.2663855506798307,0.6621621621621622,4106.0,5126.0,-1020.0
8959,Asian Haus,686,4.1,4.050085075850759,0.06666666666666667,429.0,373.0,56.0
304176,Bake Club,44,3.2,3.2797046317237366,0.5268817204301075,3596.0,4955.0,-1359.0
8822,Barichi,11,2.9,3.2685421791717912,0.8166666666666667,5082.0,5109.0,-27.0
511,Barista,44,3.2,3.2797046317237366,0.5268817204301075,3596.0,4955.0,-1359.0
309166,Baskin Robbins,11,2.6,3.213542179171791,0.8166666666666667,6026.0,5553.0,473.0
18268708,Bite & More,24,3.3,3.3344182294562668,0.6712328767123288,3125.0,3290.0,-165.0
18265722,Blue Water Grille Express,27,2.6,3.0843754046093093,0.6447368421052632,6026.0,5972.0,54.0
18453878,Brainfreezzers,5,3.0,3.3187505694501387,0.9074074074074074,4617.0,3823.0,794.0
309013,Caboose X Cafe & Lounge,39,3.2,3.284233303980767,0.5568181818181818,3596.0,4871.0,-1275.0
305077,Cafe Buddy's,5,2.9,3.309491310190879,0.9074074074074074,5082.0,4258.0,824.0
5262,Cafe Coffee Day,38,2.9,3.154167020118477,0.5632183908045977,5082.0,5799.0,-717.0
7375,Chinese Food,13,3.1,3.2985892056501207,0.7903225806451613,4106.0,4589.0,-483.0
18337880,Chinese King,6,2.5,3.2584096500055906,0.8909090909090909,6216.0,5211.0,1005.0
306978,Cocoberry,28,3.3,3.332630269484513,0.6363636363636364,3125.0,3328.0,-203.0
18312478,Eggless Dukes,5,3.1,3.3280098287093978,0.9074074074074074,4106.0,3436.0,670.0
3979,Empire The Meat Shop,31,3.3,3.331406634378843,0.6125,3125.0,3367.0,-242.0
18336207,FOG Cafe and Lounge,4,3.0,3.324764731137877,0.9245283018867925,4617.0,3529.0,1088.0
7377,Forty 3 East,38,3.2,3.2852015028770976,0.5632183908045977,3596.0,4864.0,-1268.0
307506,Green Chick Chop,31,3.3,3.331406634378843,0.6125,3125.0,3367.0,-242.0
3125,Gyan's,93,3.4,3.383186836269771,0.34507042253521125,2648.0,2779.0,-131.0
305674,Indi-QUE,46,3.3,3.3264476921084998,0.5157894736842106,3125.0,3479.0,-354.0
18391167,Keventers,6,3.0,3.3129551045510452,0.8909090909090909,4617.0,4096.0,521.0
8727,Pick Fresh Fish,17,3.2,3.312311071974356,0.7424242424242424,3596.0,4157.0,-561.0
3980,Sat Guru Dhaba,43,2.6,3.0001362038076897,0.532608695652174,6026.0,6122.0,-96.0
312183,Sharazz,32,3.2,3.291512725312438,0.6049382716049383,3596.0,4756.0,-1160.0
311945,Spice Box,21,3.4,3.365893296432964,0.7,2648.0,3055.0,-407.0
3126,The Baithak's,87,3.2,3.2545039025757907,0.3602941176470588,3596.0,5257.0,-1661.0
18475269,The Taste of India,12,3.2,3.3215168975460245,0.8032786885245902,3596.0,3704.0,-108.0
303124,Twenty Four Seven,23,3.0,3.2390629270876037,0.6805555555555556,4617.0,5390.0,-773.0
18034042,Wrapss,50,3.1,3.224368997477853,0.494949494949495,4106.0,5492.0,-1386.0
201,Domino's Pizza,119,3.5,3.4566222068470682,0.2916666666666667,2195.0,2266.0,-71.0
303575,Dunkin' Donuts,177,3.6,3.546073144912865,0.2168141592920354,1785.0,1780.0,5.0
410,Naivedyam,359,3.6,3.5701287518389893,0.12009803921568628,1785.0,1670.0,115.0
308107,Punjabi Chaap Corner,53,3.5,3.42855422304223,0.4803921568627451,2195.0,2449.0,-254.0
4885,Rice Bowl,241,3.7,3.6410776922424395,0.16896551724137931,1422.0,1399.0,23.0
18273627,The Diet Kitchen,178,3.9,3.7815529989000325,0.21585903083700442,807.0,905.0,-98.0
311539,The Yellow Chef,146,3.7,3.6123719525656797,0.2512820512820513,1422.0,1501.0,-79.0
2635,Tsui Wong,145,3.8,3.6866625296407602,0.25257731958762886,1087.0,1212.0,-125.0
18237962,VC's Food Paradise,26,3.5,3.402833743337433,0.6533333333333333,2195.0,2572.0,-377.0
18261486,WeDesi Flavours,54,3.9,3.638956609226286,0.47572815533980584,807.0,1406.0,-599.0
311327,Stabbers,101,2.4,2.7107502050020496,0.32666666666666666,6325.0,6415.0,-90.0
7372,Duke's Pastry Shop,150,4.1,3.915640858041746,0.24623115577889448,429.0,597.0,-168.0
306016,Cafe Coffee Day,44,3.1,3.2323928037667473,0.5268817204301075,4106.0,5425.0,-1319.0
304906,Chicago Pizza,93,2.5,2.793750216551461,0.34507042253521125,6216.0,6367.0,-151.0
18447890,Drool Waffles,9,3.1,3.312285012936336,0.8448275862068966,4106.0,4179.0,-73.0
18375391,Gelato Vinto,9,3.3,3.3433194956949563,0.8448275862068966,3125.0,3133.0,-8.0
18355123,Joost Juice Bar,9,3.2,3.3278022543156465,0.8448275862068966,3596.0,3463.0,133.0
304915,Karim's,185,3.1,3.1526176527790915,0.2094017094017094,4106.0,5803.0,-1697.0
304913,Moti Mahal Delux,100,3.1,3.1826344345658217,0.3288590604026846,4106.0,5699.0,-1593.0
304923,Sagar Ratna,70,3.3,3.3211137037840963,0.4117647058823529,3125.0,3733.0,-608.0
309738,Yo! China,110,2.6,2.8315253506308644,0.3081761006289308,6026.0,6327.0,-301.0
18261188,Chaayos,106,3.6,3.521371166131016,0.3161290322580645,1785.0,1894.0,-109.0
18336192,Dimcha,145,3.9,3.761404797681997,0.25257731958762886,807.0,978.0,-171.0
18277187,Keventers,57,3.9,3.6463446297198816,0.46226415094339623,807.0,1380.0,-573.0
18381663,Khan Chacha,23,3.6,3.43072959375427,0.6805555555555556,1785.0,2436.0,-651.0
304917,Sona Pure Veg Paradise,158,3.8,3.6937803417889246,0.23671497584541062,1087.0,1188.0,-101.0
306031,Subway,97,3.8,3.649400895550051,0.3356164383561644,1087.0,1363.0,-276.0
18180083,The Crunch Box,21,3.7,3.455893296432964,0.7,1422.0,2272.0,-850.0
304239,FIO Cookhouse and Bar,752,4.0,3.960315269351195,0.06117353308364544,614.0,513.0,101.0
18294261,Lord of the Drinks Forum,756,4.2,4.14833854751591,0.06086956521739131,289.0,249.0,40.0
305240,The Chatter House,1700,4.0,3.981825346340942,0.02801600914808462,614.0,469.0,145.0
304299,The Flying Saucer Cafe,3002,4.3,4.2847632024747,0.016060308095706327,190.0,146.0,44.0
305547,Tea Lounge - Eros Hotel,21,3.3,3.335893296432964,0.7,3125.0,3255.0,-130.0
305545,Blooms - Eros Hotel,150,3.9,3.764887089197525,0.24623115577889448,807.0,967.0,-160.0
305549,Lounge & Bar - Eros Hotel,18,3.5,3.391231802243395,0.7313432835820896,2195.0,2663.0,-468.0
305546,Sweet & Crusty - Eros Hotel,44,3.7,3.516263771508683,0.5268817204301075,1422.0,1922.0,-500.0
305548,Empress of China - Eros Hotel,119,4.2,3.952455540180402,0.2916666666666667,289.0,526.0,-237.0
9640,Essex Collections Patisserie,50,3.4,3.3758841489930047,0.494949494949495,2648.0,2895.0,-247.0
6200,Essex Village Garden,218,3.4,3.3910581676041476,0.18352059925093633,2648.0,2671.0,-23.0
18128883,Yes Minister - Pub & Kitchen,234,3.7,3.6396202500010872,0.17314487632508835,1422.0,1404.0,18.0
4631,Andhra Bhavan,3010,4.2,4.18640488092524,0.016018306636155607,289.0,210.0,79.0
302682,Barista,15,3.2,3.3158207929735544,0.765625,3596.0,4042.0,-446.0
2004,Indian Accent - The Manor,1934,4.9,4.8617309786940535,0.024710035300050427,1.0,5.0,-4.0
4283,FIO Country Kitchen and Bar,1561,4.2,4.174169273757955,0.030434782608695653,289.0,228.0,61.0
18335816,Amul Ice-Cream Parlour,4,3.0,3.324764731137877,0.9245283018867925,4617.0,3529.0,1088.0
17977792,Bunty Dhaba,8,2.8,3.2739040482510084,0.8596491228070176,5462.0,5033.0,429.0
301214,Chawla's,50,3.3,3.325379098487954,0.494949494949495,3125.0,3520.0,-395.0
312227,China Town,8,3.0,3.301974223689605,0.8596491228070176,4617.0,4498.0,119.0
303860,Chinese Inn,28,2.8,3.150812087666331,0.6363636363636364,5462.0,5811.0,-349.0
18244236,Grub Street,31,3.4,3.3701566343788434,0.6125,2648.0,2992.0,-344.0
305577,Guru Kripa,4,3.0,3.324764731137877,0.9245283018867925,4617.0,3529.0,1088.0
18014118,Himcream,17,3.3,3.3380686477319315,0.7424242424242424,3125.0,3217.0,-92.0
5996,Kashish Restaurant & Caterers,8,2.8,3.2739040482510084,0.8596491228070176,5462.0,5033.0,429.0
313487,Punjabi's Veg Grill,8,3.2,3.330044399128201,0.8596491228070176,3596.0,3397.0,199.0
313004,Rahul Meat Corner,6,3.1,3.323864195460136,0.8909090909090909,4106.0,3626.0,480.0
312942,Ramesh Vaishno Dhaba,17,2.7,3.183523193186477,0.7424242424242424,5776.0,5688.0,88.0
309168,The Chinese Hut,50,2.8,3.0728538459627015,0.494949494949495,5462.0,5996.0,-534.0
308994,Nagpal Di Hatti,29,3.5,3.4065709070552237,0.6282051282051282,2195.0,2551.0,-356.0
312943,Ramesh Vaishno Dhaba,31,3.5,3.4089066343788432,0.6125,2195.0,2540.0,-345.0
9909,Barbeque Nation,756,4.0,3.960512460559388,0.06086956521739131,614.0,511.0,103.0
18423111,Burger King,33,3.4,3.3708845213452134,0.5975609756097561,2648.0,2976.0,-328.0
18469938,BED,9,3.0,3.2967677715570254,0.8448275862068966,4617.0,4614.0,3.0
651,Cafe Coffee Day - The Lounge,70,2.6,2.9093489979017435,0.4117647058823529,6026.0,6260.0,-234.0
17953916,Hunger Strike,70,3.3,3.3211137037840963,0.4117647058823529,3125.0,3733.0,-608.0
18168168,Karim's,75,3.3,3.320262344760544,0.3951612903225806,3125.0,3745.0,-620.0
7589,Nescafe,36,3.4,3.371912126474206,0.5764705882352941,2648.0,2955.0,-307.0
1934,New Bengal Sweets,26,3.1,3.264167076670766,0.6533333333333333,4106.0,5163.0,-1057.0
4385,Red Wok,146,3.3,3.3128847730784994,0.2512820512820513,3125.0,4149.0,-1024.0
309477,Room Service,246,3.4,3.391906883899347,0.16610169491525423,2648.0,2654.0,-6.0
9835,Samavar,89,3.3,3.3182067445674455,0.35507246376811596,3125.0,3894.0,-769.0
147,Subway,115,2.5,2.7543446996969965,0.29878048780487804,6216.0,6395.0,-179.0
18237320,The Cocktail House,58,3.4,3.377687203273902,0.45794392523364486,2648.0,2872.0,-224.0
9980,The Food Junction,78,2.8,3.0126970925221057,0.3858267716535433,5462.0,6106.0,-644.0
732,The Kathis,67,3.0,3.1483838857785127,0.4224137931034483,4617.0,5820.0,-1203.0
311515,The Munchbox,199,3.4,3.3903731078641433,0.1975806451612903,2648.0,2679.0,-31.0
309520,The Sugar Story,19,3.3,3.3369489816221685,0.7205882352941176,3125.0,3236.0,-111.0
18400736,Owl is Well,162,4.5,4.233234742892452,0.23222748815165878,79.0,191.0,-112.0
18255193,A Piece of Paris,38,3.6,3.459914146555259,0.5632183908045977,1785.0,2246.0,-461.0
311584,Baking Bad,697,3.8,3.770526180630439,0.06568364611260054,1087.0,941.0,146.0
702,Baskin Robbins,56,3.6,3.4839288642886426,0.4666666666666667,1785.0,2072.0,-287.0
18313122,Bliss Bakery,51,3.8,3.580125307503075,0.49,1087.0,1608.0,-521.0
309156,Bread & More,130,3.7,3.6045392779346783,0.2737430167597765,1422.0,1532.0,-110.0
18268706,Bun Intended,349,3.9,3.832443544598762,0.12311557788944724,807.0,796.0,11.0
18415352,Cafe Culture,50,3.8,3.5779043510132067,0.494949494949495,1087.0,1622.0,-535.0
3620,Cafe Diva,347,3.9,3.8321023503795644,0.12373737373737374,807.0,797.0,10.0
1902,Cafe Turtle,251,3.5,3.475708435834358,0.16333333333333333,2195.0,2124.0,71.0
18434596,Cafí© Healthilicious,24,3.5,3.400171654113801,0.6712328767123288,2195.0,2585.0,-390.0
311671,Captain Grub,263,3.7,3.64523247035355,0.15705128205128205,1422.0,1385.0,37.0
2653,Cocoberry,155,3.9,3.768198680148566,0.24019607843137256,807.0,948.0,-141.0
18377926,Ding Ding,93,3.9,3.7106516250021655,0.34507042253521125,807.0,1133.0,-326.0
309820,Dí_ner Grill,323,3.7,3.654065942877171,0.13172043010752688,1422.0,1350.0,72.0
18034050,Elation,227,3.8,3.720335256341693,0.17753623188405798,1087.0,1104.0,-17.0
18382372,Fluffles - The Fluffy Waffle Co.,27,3.5,3.404112246714572,0.6447368421052632,2195.0,2561.0,-366.0
302478,For the Love of Cake,116,3.8,3.6667426106079235,0.296969696969697,1087.0,1295.0,-208.0
18466978,Gatsby Kitchen & Bar by Club BW,22,3.5,3.3973595880325,0.6901408450704225,2195.0,2599.0,-404.0
9840,Grills & Platters,150,3.5,3.4633795515090826,0.24623115577889448,2195.0,2218.0,-23.0
18279463,Hungry Pistals,108,3.7,3.5911626162439965,0.31210191082802546,1422.0,1566.0,-144.0
18317517,Jon's head Grill,105,3.9,3.725406043833165,0.3181818181818182,807.0,1089.0,-282.0
1215,Kebabs & Curries,227,3.7,3.6380888795300996,0.17753623188405798,1422.0,1411.0,11.0
18241531,Londoners,244,3.8,3.724957442833814,0.16723549488054607,1087.0,1091.0,-4.0
3589,Mad Over Donuts,187,3.8,3.706832757416557,0.2076271186440678,1087.0,1150.0,-63.0
1056,New Minar,229,3.6,3.556160182555063,0.17625899280575538,1785.0,1738.0,47.0
5797,Prince Chaat Corner,84,3.7,3.571522787596297,0.3684210526315789,1422.0,1657.0,-235.0
300007,Side Wok,223,3.8,3.719163715993777,0.1801470588235294,1087.0,1107.0,-20.0
303288,Starbucks,187,3.5,3.4691208930097774,0.2076271186440678,2195.0,2178.0,17.0
18371438,Thai House by Kylin,54,3.8,3.586529424760267,0.47572815533980584,1087.0,1585.0,-498.0
308766,The Chocolate Haven,76,3.6,3.5025002460024597,0.392,1785.0,1979.0,-194.0
18203180,The Laidback Cafe,85,3.8,3.6359144085843838,0.3656716417910448,1087.0,1418.0,-331.0
305166,Tibb's Frankie,66,3.6,3.4940220065244127,0.4260869565217391,1785.0,2018.0,-233.0
18291475,Tirupati Vrindavan,53,3.7,3.532475791669681,0.4803921568627451,1422.0,1838.0,-416.0
311737,Wagh Bakri Tea Lounge,48,3.7,3.523840523199046,0.5051546391752577,1422.0,1878.0,-456.0
18363391,Depot48,107,4.2,3.9334136586558177,0.3141025641025641,289.0,560.0,-271.0
18271497,Dezertfox,160,4.1,3.924461869618696,0.23444976076555024,429.0,579.0,-150.0
18456728,Druk,22,4.1,3.583275080990246,0.6901408450704225,429.0,1597.0,-1168.0
310776,Gastronomica Kitchen & Bar,826,4.1,4.058071463714637,0.056,429.0,359.0,70.0
18456764,Karate Kitchen,42,4.4,3.835302535717665,0.5384615384615384,116.0,789.0,-673.0
18418209,Nimtho,62,4.0,3.713626403155923,0.44144144144144143,614.0,1121.0,-507.0
18382342,Noshi - Yum Asian Delivery,111,4.2,3.940078317189422,0.30625,289.0,550.0,-261.0
312302,Nutri Punch,158,4.0,3.846437346619843,0.23671497584541062,614.0,757.0,-143.0
18312632,Pho King Awesome,253,4.1,3.9785183137427396,0.16225165562913907,429.0,480.0,-51.0
18386761,Roadhouse Cafe,68,4.1,3.786431886754764,0.4188034188034188,429.0,891.0,-462.0
307065,Sakley's The Mountain Cafe,1327,4.3,4.2662155019987695,0.03561046511627907,190.0,157.0,33.0
9834,Shikhara,237,4.2,4.054589268357718,0.17132867132867133,289.0,365.0,-76.0
18025105,Sinyora's,51,4.0,3.6821253075030747,0.49,614.0,1225.0,-611.0
18396409,Stop My Starvation,83,4.3,3.9478222026538443,0.3712121212121212,190.0,532.0,-342.0
18365895,The Grill Kitchen - Gourmet,81,4.1,3.8177886980792883,0.3769230769230769,429.0,829.0,-400.0
308865,The Sugar Cube,173,4.1,3.9347411295058894,0.22072072072072071,429.0,557.0,-128.0
18278203,A Lot Like Cake,7,3.1,3.319866620541205,0.875,4106.0,3750.0,356.0
305652,A W Foods,44,3.4,3.3743282876377148,0.5268817204301075,2648.0,2920.0,-272.0
4299,Angels in my Kitchen,77,2.9,3.075496275796091,0.3888888888888889,5082.0,5989.0,-907.0
18423108,Brown Sugar,12,3.2,3.3215168975460245,0.8032786885245902,3596.0,3704.0,-108.0
17953926,Cakes and Bakes,9,3.2,3.3278022543156465,0.8448275862068966,3596.0,3463.0,133.0
310321,CDB Cafe,35,3.4,3.3715777470274695,0.5833333333333334,2648.0,2961.0,-313.0
69,Chungwa,489,3.3,3.3046701315061475,0.09107806691449814,3125.0,4428.0,-1303.0
202,Domino's Pizza,138,3.2,3.239639201873302,0.2620320855614973,3596.0,5389.0,-1793.0
309902,Fudged,17,3.0,3.2607959204592043,0.7424242424242424,4617.0,5188.0,-571.0
1916,Gopala,12,3.2,3.3215168975460245,0.8032786885245902,3596.0,3704.0,-108.0
5735,Gourmet Affaire's,66,3.4,3.3792393978287607,0.4260869565217391,2648.0,2846.0,-198.0
2591,Hot N Chilly,14,2.8,3.2287703293699597,0.7777777777777778,5462.0,5460.0,2.0
306264,Kabooze,148,3.3,3.31275396319953,0.24873096446700507,3125.0,4150.0,-1025.0
305817,Koyla Kebab,99,3.1,3.183192775339916,0.3310810810810811,4106.0,5698.0,-1592.0
18432940,LaBontí©,17,3.4,3.363826223489507,0.7424242424242424,2648.0,3098.0,-450.0
311690,MR.D - Deliciousness Delivered,148,3.3,3.31275396319953,0.24873096446700507,3125.0,4150.0,-1025.0
309072,Panda Wokk,77,3.4,3.381051831351647,0.3888888888888889,2648.0,2809.0,-161.0
18277002,Relax Xpress,25,3.2,3.3001693344636145,0.6621621621621622,3596.0,4574.0,-978.0
18433883,Rollplay,7,2.9,3.2948666205412054,0.875,5082.0,4662.0,420.0
301435,Sagar Ratna,134,2.7,2.8743854139361065,0.2677595628415301,5776.0,6294.0,-518.0
18352256,Spanish Delights,10,3.1,3.3086869618696184,0.8305084745762712,4106.0,4318.0,-212.0
308367,Subway,96,3.3,3.317327798277982,0.33793103448275863,3125.0,3919.0,-794.0
309741,The Beer Cafe,90,3.4,3.3828239622324277,0.35251798561151076,2648.0,2783.0,-135.0
18241869,Tashan,304,4.6,4.426664393060361,0.1388101983002833,44.0,77.0,-33.0
305125,Amalfi,484,3.9,3.849554466698513,0.09193245778611632,807.0,748.0,59.0
312270,Backkerei,67,3.6,3.494935609916444,0.4224137931034483,1785.0,2012.0,-227.0
18249082,Beeryani,136,3.8,3.6811488148665266,0.2648648648648649,1087.0,1227.0,-140.0
18279452,Beijing Street,120,3.6,3.527884797339097,0.28994082840236685,1785.0,1857.0,-72.0
305303,Bikanervala,272,3.5,3.477297603583512,0.1526479750778816,2195.0,2118.0,77.0
18354645,Chaayos,68,3.8,3.61207291239579,0.4188034188034188,1087.0,1502.0,-415.0
1218,China Garden,663,3.8,3.769118722963915,0.06882022471910113,1087.0,945.0,142.0
8429,Chocolateria San Churro,594,3.8,3.765804868974039,0.07620528771384137,1087.0,965.0,122.0
7819,Cocoberry,66,3.5,3.4366307021765867,0.4260869565217391,2195.0,2396.0,-201.0
785,Costa Coffee,103,3.5,3.452056123357286,0.3223684210526316,2195.0,2305.0,-110.0
312486,Country Curries,139,3.5,3.4612368656931247,0.26063829787234044,2195.0,2239.0,-44.0
1922,Culinaire,843,3.8,3.7753503707963083,0.05493273542600897,1087.0,927.0,160.0
7642,Defence Bakery,113,3.6,3.5247687083352317,0.30246913580246915,1785.0,1877.0,-92.0
64,Diva - The Italian Restaurant,372,3.8,3.7477732321860033,0.1163895486935867,1087.0,1025.0,62.0
18413250,Fig & Maple,42,3.8,3.5583794587945876,0.5384615384615384,1087.0,1731.0,-644.0
312787,Fitoor,140,3.5,3.4614419616418384,0.25925925925925924,2195.0,2237.0,-42.0
3611,Giani's,173,3.6,3.54510148986625,0.22072072072072071,1785.0,1782.0,3.0
309815,Happy Hakka,312,3.8,3.73909288296484,0.13573407202216067,1087.0,1047.0,40.0
1018,Mainland China,780,3.7,3.679387853739816,0.05910735826296743,1422.0,1234.0,188.0
8689,Mini Mughal,256,3.5,3.4761066581977293,0.16065573770491803,2195.0,2123.0,72.0
18383512,Movenpick,27,3.9,3.5462175098724664,0.6447368421052632,807.0,1779.0,-972.0
308238,New York Slice - Express,160,3.6,3.541686750001471,0.23444976076555024,1785.0,1801.0,-16.0
5944,Nirula's Ice Cream,36,3.6,3.4566180088271468,0.5764705882352941,1785.0,2267.0,-482.0
285,Not Just Paranthas,487,3.7,3.6681203931908724,0.0914179104477612,1422.0,1290.0,132.0
304635,Nutritious Nation,352,3.5,3.4818267599758292,0.12219451371571072,2195.0,2088.0,107.0
1021,Open Oven,290,3.7,3.6495944859891076,0.14454277286135694,1422.0,1362.0,60.0
307532,Starbucks,132,3.5,3.459737738951975,0.27071823204419887,2195.0,2252.0,-57.0
1913,Swagath,198,3.5,3.470496075912176,0.19838056680161945,2195.0,2169.0,26.0
311601,The Health Box,124,3.5,3.4578759002907944,0.2832369942196532,2195.0,2260.0,-65.0
18254553,Twisted Tacos,173,3.8,3.7009573457221054,0.22072072072072071,1087.0,1166.0,-79.0
4821,Uber Lounge,430,3.6,3.574556431629034,0.1022964509394572,1785.0,1640.0,145.0
308018,Yeti - The Himalayan Kitchen,807,3.7,3.6800380032129762,0.05724299065420561,1422.0,1230.0,192.0
310342,Zai,302,3.8,3.737357637465263,0.1396011396011396,1087.0,1055.0,32.0
307344,Al Bake,30,2.4,2.9900320348140186,0.620253164556962,6325.0,6137.0,188.0
307801,Artusi Ristorante e Bar,496,4.1,4.032683542661115,0.08990825688073395,429.0,403.0,26.0
18462002,Baris,43,4.3,3.7947014211989942,0.532608695652174,190.0,864.0,-674.0
18208886,Carnatic Cafe,400,4.4,4.2855512934305295,0.1091314031180401,116.0,144.0,-28.0
18435305,Chhalava - ö__Lava,80,4.4,4.001647525196182,0.3798449612403101,116.0,439.0,-323.0
18260641,Dilli BC,267,4.1,3.9839004137667953,0.1550632911392405,429.0,464.0,-35.0
18349921,Sumo Sushi,70,4.0,3.732878409666449,0.4117647058823529,614.0,1070.0,-456.0
18380149,The Heroes Bistro & Bar,47,4.0,3.668880528649036,0.5104166666666666,614.0,1284.0,-670.0
2649,Whipped,1125,4.2,4.164576261286463,0.041737649063032366,289.0,235.0,54.0
601,Cafe Coffee Day,33,3.2,3.290396716467164,0.5975609756097561,3596.0,4779.0,-1183.0
18462572,Paparazzi,7,3.2,3.332366620541205,0.875,3596.0,3334.0,262.0
309105,Chehel Pehel,159,3.5,3.464964090145709,0.23557692307692307,2195.0,2213.0,-18.0
18089222,Cress Bistro,131,3.6,3.5322918375017083,0.2722222222222222,1785.0,1840.0,-55.0
309688,Frosted Heaven,46,3.6,3.4717108500032365,0.5157894736842106,1785.0,2158.0,-373.0
18334422,Baskin Robbins,9,2.9,3.281250530177715,0.8448275862068966,5082.0,4929.0,153.0
18365388,Behrouz Biryani,51,3.2,3.274125307503075,0.49,3596.0,5026.0,-1430.0
18312607,Cafe Coffee Day,4,3.0,3.324764731137877,0.9245283018867925,4617.0,3529.0,1088.0
309322,Cakeatouille,15,3.3,3.3392582929735544,0.765625,3125.0,3195.0,-70.0
18429154,Chilli Singh,7,3.1,3.319866620541205,0.875,4106.0,3750.0,356.0
18336220,Da Pizza Corner,4,2.9,3.317217561326556,0.9245283018867925,5082.0,3922.0,1160.0
203,Domino's Pizza,238,2.5,2.6453398283982836,0.17073170731707318,6216.0,6448.0,-232.0
18414479,Faasos,13,2.8,3.235685979843669,0.7903225806451613,5462.0,5401.0,61.0
1625,Gupta Ji Ka Dhaba,49,2.6,2.9756380688806887,0.5,6026.0,6165.0,-139.0
2899,Karim's,235,3.3,3.3088469392616457,0.17253521126760563,3125.0,4316.0,-1191.0
18180081,Let's Tango,5,3.0,3.3187505694501387,0.9074074074074074,4617.0,3823.0,794.0
473,Madras Cafe,191,2.5,2.6738022114596145,0.20416666666666666,6216.0,6435.0,-219.0
18355419,Nachos And Company,14,3.4,3.3621036627032934,0.7777777777777778,2648.0,3115.0,-467.0
18432237,Ovenstory Pizza,6,3.3,3.3456823772783175,0.8909090909090909,3125.0,3125.0,0.0
259,Pizza Hut,276,3.3,3.3077308638471,0.15076923076923077,3125.0,4353.0,-1228.0
7316,Red Chilli,104,3.1,3.1804740571915526,0.3202614379084967,4106.0,5702.0,-1596.0
18222566,The Groghead,267,3.4,3.392444717564264,0.1550632911392405,2648.0,2650.0,-2.0
443,The Tandoor,121,3.4,3.3859560632371024,0.28823529411764703,2648.0,2737.0,-89.0
308315,Twenty Ten - Ashtan Sarovar Portico,23,3.3,3.3348962604209373,0.6805555555555556,3125.0,3272.0,-147.0
769,Adyar Ananda Bhavan,368,3.5,3.4825240545570924,0.11750599520383694,2195.0,2082.0,113.0
312011,Baked Love By Vatsala,38,3.6,3.459914146555259,0.5632183908045977,1785.0,2246.0,-461.0
65,Drums of Heaven,234,3.5,3.474249225266104,0.17314487632508835,2195.0,2135.0,60.0
9672,Dunkin' Donuts,431,3.7,3.6644011057298074,0.10208333333333333,1422.0,1307.0,115.0
472,Evergreen Sweet House,1198,3.5,3.4941559989978406,0.03929430633520449,2195.0,2017.0,178.0
3400,Gung The Palace,303,3.7,3.6514560532679194,0.13920454545454544,1422.0,1355.0,67.0
18337744,Keventers,16,3.5,3.387885088466269,0.7538461538461538,2195.0,2712.0,-517.0
18268360,La Seine -The Chocolate Emporium,25,3.8,3.502872037166317,0.6621621621621622,1087.0,1976.0,-889.0
4096,Nagaland's Kitchen,556,3.8,3.7636570756203422,0.08099173553719008,1087.0,971.0,116.0
18358700,Pasta La Vista,95,3.8,3.6473092413215795,0.3402777777777778,1087.0,1375.0,-288.0
2217,Tamura,163,3.5,3.46562514504862,0.23113207547169812,2195.0,2211.0,-16.0
18398571,The Chai Story,42,3.6,3.4660717664868956,0.5384615384615384,1785.0,2205.0,-420.0
1621,The Clay Oven,181,3.5,3.468315351088293,0.21304347826086956,2195.0,2187.0,8.0
3468,Hot n Hot,23,2.4,3.0473962604209373,0.6805555555555556,6325.0,6046.0,279.0
18463949,Feng Shuii,31,4.3,3.7189066343788433,0.6125,190.0,1108.0,-918.0
310949,Bikaner Sweets,10,2.8,3.2578395042424995,0.8305084745762712,5462.0,5222.0,240.0
18356808,Coalition Cafe,34,3.4,3.371235310244668,0.5903614457831325,2648.0,2973.0,-325.0
18361758,Keventers,5,3.0,3.3187505694501387,0.9074074074074074,4617.0,3823.0,794.0
312755,Mid Night Khana,30,3.3,3.3318041867127524,0.620253164556962,3125.0,3362.0,-237.0
18241525,Ministry of Cafe,79,3.3,3.3196291464867773,0.3828125,3125.0,3799.0,-674.0
313492,Officer's Kitchen,27,3.3,3.3330596151356247,0.6447368421052632,3125.0,3315.0,-190.0
18472658,Oh Boy Lounge,5,3.1,3.3280098287093978,0.9074074074074074,4106.0,3436.0,670.0
18418248,Sahni's Fish Corner,6,3.0,3.3129551045510452,0.8909090909090909,4617.0,4096.0,521.0
18427869,Sardar A Pure Meat Shop,5,2.9,3.309491310190879,0.9074074074074074,5082.0,4258.0,824.0
310948,Singh Mutton & Chicken Shop,4,3.0,3.324764731137877,0.9245283018867925,4617.0,3529.0,1088.0
18463997,The Mashup,12,3.2,3.3215168975460245,0.8032786885245902,3596.0,3704.0,-108.0
18337898,Vaishnu Bhojanalaya,13,3.1,3.2985892056501207,0.7903225806451613,4106.0,4589.0,-483.0
18427234,Central Perk,82,3.8,3.63215672328479,0.37404580152671757,1087.0,1432.0,-345.0
18382697,Diet Dabba,37,3.7,3.501308497096599,0.5697674418604651,1422.0,1986.0,-564.0
18400720,Mama's Buoi,373,3.9,3.8362856178917237,0.11611374407582939,807.0,784.0,23.0
3363,New Vikrant Restaurant,90,3.5,3.4475721636712766,0.35251798561151076,2195.0,2334.0,-139.0
310592,The Vintage Avenue,1439,3.9,3.881930464213916,0.03293010752688172,807.0,659.0,148.0
18375397,Big Yellow Door,214,4.3,4.123241561788242,0.18631178707224336,190.0,277.0,-87.0
6628,Amritsar Juction,13,3.1,3.2985892056501207,0.7903225806451613,4106.0,4589.0,-483.0
4079,Bawarchi,32,3.3,3.331018898151944,0.6049382716049383,3125.0,3374.0,-249.0
9392,Bawarchi,35,3.3,3.329911080360803,0.5833333333333334,3125.0,3409.0,-284.0
9386,Bhogalji Bikaner Sweets,6,2.9,3.3020460136419545,0.8909090909090909,5082.0,4458.0,624.0
312400,Bikanervala,63,3.2,3.2661833102706024,0.4375,3596.0,5135.0,-1539.0
310982,Changezi Chicken,42,3.1,3.235302535717665,0.5384615384615384,4106.0,5414.0,-1308.0
9421,Giani's,30,3.4,3.3697788702570564,0.620253164556962,2648.0,2999.0,-351.0
1147,Gola Northend,155,3.1,3.160355542893664,0.24019607843137256,4106.0,5780.0,-1674.0
18057825,Kay's Chik-In,7,2.6,3.257366620541205,0.875,6026.0,5233.0,793.0
18444811,Mr. Lobo,4,3.0,3.324764731137877,0.9245283018867925,4617.0,3529.0,1088.0
9366,Nut Khut Rasoi,30,3.4,3.3697788702570564,0.620253164556962,2648.0,2999.0,-351.0
18361754,Purani Delhi 6,4,3.0,3.324764731137877,0.9245283018867925,4617.0,3529.0,1088.0
18245254,Raahgiri,10,3.2,3.3256361144119913,0.8305084745762712,3596.0,3496.0,100.0
18219524,Singh Dhaba,4,3.0,3.324764731137877,0.9245283018867925,4617.0,3529.0,1088.0
305276,Sugar Boutique,11,3.1,3.305208845838458,0.8166666666666667,4106.0,4413.0,-307.0
312355,Zaika Amritsari,11,3.0,3.2868755125051248,0.8166666666666667,4617.0,4833.0,-216.0
6599,Ashok Meat Wala,106,3.5,3.4529840693568223,0.3161290322580645,2195.0,2299.0,-104.0
300022,Baker's Stop,170,3.8,3.6996005970333674,0.2237442922374429,1087.0,1169.0,-82.0
6605,Nut Khat Caterers,71,3.6,3.4984377562525624,0.4083333333333333,1785.0,1996.0,-211.0
18034044,Penta Cafe,24,3.6,3.433048366442568,0.6712328767123288,1785.0,2428.0,-643.0
300946,Penta Cafeteria,95,3.6,3.515364796877135,0.3402777777777778,1785.0,1925.0,-140.0
18457090,Railway Yard,35,3.8,3.5382444136941364,0.5833333333333334,1087.0,1817.0,-730.0
310409,Roti Aur Boti,18,3.5,3.391231802243395,0.7313432835820896,2195.0,2663.0,-468.0
307228,Sahni Fish Corner,32,3.5,3.4100312438309563,0.6049382716049383,2195.0,2534.0,-339.0
5897,34 Parkstreet Lane,27,3.2,3.297533299346151,0.6447368421052632,3596.0,4607.0,-1011.0
18381236,Al Forno by Aishwarya,17,3.4,3.363826223489507,0.7424242424242424,2648.0,3098.0,-450.0
18416840,Bakingo,11,2.7,3.231875512505125,0.8166666666666667,5776.0,5429.0,347.0
18222563,Bandstand,339,3.3,3.3064755947172872,0.12628865979381443,3125.0,4403.0,-1278.0
18449796,Big Fat Sandwich,21,2.9,3.2158932964329643,0.7,5082.0,5532.0,-450.0
18471243,Blue Tokai Coffee Roasters,10,3.3,3.342585266954364,0.8305084745762712,3125.0,3134.0,-9.0
652,Cafe Coffee Day - The Lounge,76,2.6,2.8945002460024596,0.392,6026.0,6274.0,-248.0
9841,Cakes & Bakes,6,2.9,3.3020460136419545,0.8909090909090909,5082.0,4458.0,624.0
313482,Captain Grub,61,3.3,3.322841188639159,0.44545454545454544,3125.0,3686.0,-561.0
308599,Chaat Corner,12,3.2,3.3215168975460245,0.8032786885245902,3596.0,3704.0,-108.0
807,Cosy Restaurant,195,3.4,3.3902152899602767,0.20081967213114754,2648.0,2682.0,-34.0
18423871,Food Refill,23,3.1,3.2710073715320482,0.6805555555555556,4106.0,5079.0,-973.0
308188,Ganesh Anna South Indian Food Corner,8,3.0,3.301974223689605,0.8596491228070176,4617.0,4498.0,119.0
3156,Giani,65,3.3,3.3220397434237494,0.4298245614035088,3125.0,3697.0,-572.0
306319,Gravies,157,3.3,3.312196751215085,0.23786407766990292,3125.0,4215.0,-1090.0
311033,Green Chick Chop,12,3.1,3.3018447663984833,0.8032786885245902,4106.0,4525.0,-419.0
4250,Grub Pub,180,3.4,3.389574370088679,0.21397379912663755,2648.0,2690.0,-42.0
300607,Handi Masala Restaurant,16,2.6,3.1663466269278073,0.7538461538461538,6026.0,5756.0,270.0
301325,Himalaya Dhaba,21,2.6,3.125893296432964,0.7,6026.0,5879.0,147.0
308277,Hot & Hot,10,2.9,3.2747886567848727,0.8305084745762712,5082.0,5007.0,75.0
301328,Hot Box,114,2.6,2.825843746934402,0.3006134969325153,6026.0,6337.0,-311.0
18313482,Indrani's Kitchen,13,3.3,3.3405246895210885,0.7903225806451613,3125.0,3164.0,-39.0
18287406,Kallu Hot Zaika,8,2.9,3.2879391359703063,0.8596491228070176,5082.0,4805.0,277.0
18354624,Kathi Roll Corner 44,4,3.1,3.3323119009491977,0.9245283018867925,4106.0,3343.0,763.0
307025,Mama Dhaba,8,2.8,3.2739040482510084,0.8596491228070176,5462.0,5033.0,429.0
18469980,Miam,8,3.2,3.330044399128201,0.8596491228070176,3596.0,3397.0,199.0
309593,Momos House,32,3.3,3.331018898151944,0.6049382716049383,3125.0,3374.0,-249.0
18252376,Nirula's Ice Cream,9,2.9,3.281250530177715,0.8448275862068966,5082.0,4929.0,153.0
312809,Overdose,10,2.7,3.2408903517001266,0.8305084745762712,5776.0,5369.0,407.0
304546,Punjabi Chaap Corner,21,2.8,3.1858932964329636,0.7,5462.0,5678.0,-216.0
301327,Punjabi Tadka,21,3.1,3.275893296432964,0.7,4106.0,4986.0,-880.0
303170,Rapti Chinese Food,35,3.2,3.2882444136941364,0.5833333333333334,3596.0,4800.0,-1204.0
306658,Riyaz Chicken Corner,74,3.4,3.380589680896809,0.3983739837398374,2648.0,2819.0,-171.0
300564,Sharda Pastry Shop,25,2.8,3.1650341993284794,0.6621621621621622,5462.0,5764.0,-302.0
5630,Southy,175,3.1,3.154966655135301,0.21875,4106.0,5797.0,-1691.0
306511,Spicy,13,2.9,3.256653721779153,0.7903225806451613,5082.0,5242.0,-160.0
306247,Subway,87,2.8,2.998621549634614,0.3602941176470588,5462.0,6124.0,-662.0
18245263,The Foodie Cafe,19,3.4,3.364890158092757,0.7205882352941176,2648.0,3076.0,-428.0
305040,Uncle's Kabab Point,59,3.4,3.377893803243588,0.4537037037037037,2648.0,2866.0,-218.0
673,Wimpy,220,2.6,2.7368495566925928,0.1821561338289963,6026.0,6406.0,-380.0
304542,Zaika,26,2.7,3.1255004100041,0.6533333333333333,5776.0,5883.0,-107.0
18349919,Natural Ice Cream,67,4.5,4.01476319612334,0.4224137931034483,79.0,422.0,-343.0
4251,Cafe 6,406,3.9,3.8409066609896865,0.1076923076923077,807.0,772.0,35.0
305736,Cafe Coffee Day,35,3.5,3.4132444136941364,0.5833333333333334,2195.0,2522.0,-327.0
308257,Dzukou Tribal Kitchen,145,3.8,3.6866625296407602,0.25257731958762886,1087.0,1212.0,-125.0
18359259,Havmor Ice Cream,30,3.6,3.445728237345664,0.620253164556962,1785.0,2342.0,-557.0
18335682,Lost in Frost,18,3.7,3.444963145526977,0.7313432835820896,1422.0,2350.0,-928.0
303716,Pink Box,243,3.8,3.724700447775026,0.1678082191780822,1087.0,1092.0,-5.0
18430873,Potet,23,3.7,3.462674038198715,0.6805555555555556,1422.0,2229.0,-807.0
18440414,Root'd,18,3.7,3.444963145526977,0.7313432835820896,1422.0,2350.0,-928.0
5267,South Cafe,95,3.5,3.449392574654913,0.3402777777777778,2195.0,2324.0,-129.0
310259,Sri Balaji,65,3.5,3.436074831143048,0.4298245614035088,2195.0,2402.0,-207.0
18402768,Thalaivar,49,3.8,3.575638068880689,0.5,1087.0,1635.0,-548.0
18418258,The Junction,93,3.9,3.7106516250021655,0.34507042253521125,807.0,1133.0,-326.0
18436439,Cravity ,55,4.0,3.6943512572144948,0.47115384615384615,614.0,1184.0,-570.0
18365575,Little Saigon,83,4.0,3.759185839017481,0.3712121212121212,614.0,990.0,-376.0
307490,Summer House Cafe,1823,4.1,4.080401992922172,0.026175213675213676,429.0,321.0,108.0
301001,Elf Cafe & Bar,704,3.3,3.303336694223516,0.0650730411686587,3125.0,4438.0,-1313.0
8369,Garage Inc.,763,3.4,3.397059766933876,0.0603448275862069,2648.0,2604.0,44.0
304296,My Bar Grill,1363,3.3,3.301779412712682,0.034702549575070823,3125.0,4543.0,-1418.0
18082196,Wow! Momo,491,3.4,3.3955787606487173,0.09074074074074075,2648.0,2620.0,28.0
307931,Coast Cafe,1033,4.5,4.44797830938106,0.04528650646950092,79.0,72.0,7.0
313304,Chaayos,454,3.9,3.8465457867799353,0.09741550695825049,807.0,755.0,52.0
5732,"Elma's Bakery, Bar, and Kitchen",1756,3.9,3.8851038951525245,0.027146814404432132,807.0,648.0,159.0
301131,Fork You,1845,3.8,3.788390987724555,0.02587117212249208,1087.0,882.0,205.0
312437,High5 Cafe & Bar,379,3.7,3.660076006425952,0.11448598130841121,1422.0,1328.0,94.0
301442,Imperfecto,2247,3.7,3.6925577224522246,0.021341463414634148,1422.0,1194.0,228.0
301574,Maison Des Desserts,552,3.9,3.8552621143931898,0.08153078202995008,807.0,731.0,76.0
308463,Maquina,567,3.8,3.7643060564128366,0.07954545454545454,1087.0,969.0,118.0
304027,Masha,384,3.5,3.483169816975306,0.11316397228637413,2195.0,2079.0,116.0
307330,Moonshine Cafe & Bar,884,3.5,3.4921892076637806,0.05251875669882101,2195.0,2023.0,172.0
306334,New York Slice,489,3.7,3.668238904740349,0.09107806691449814,1422.0,1286.0,136.0
5030,Out Of The Box,3697,3.7,3.6954384759077175,0.013080619327282435,1422.0,1180.0,242.0
8893,Raasta,1878,3.9,3.8860469801506525,0.02542812662169175,807.0,647.0,160.0
308322,Hauz Khas Social,7931,4.3,4.294174502600288,0.0061403508771929825,190.0,133.0,57.0
3392,Kunzum Travel Cafe,542,4.2,4.129632031726409,0.0829103214890017,289.0,271.0,18.0
18408040,Lord of the Drinks Meadow,278,4.2,4.072821194955069,0.14984709480122324,289.0,335.0,-46.0
307360,Matchbox,969,4.0,3.9687745881633667,0.0481335952848723,614.0,495.0,119.0
89,Naivedyam,1627,4.2,4.175186474194694,0.029236276849642005,289.0,225.0,64.0
18208924,Rang De Basanti Urban Dhaba,541,4.4,4.312902594492047,0.08305084745762711,116.0,128.0,-12.0
303092,Smoke House Deli,1199,4.1,4.070602989383259,0.03926282051282051,429.0,341.0,88.0
307436,Viva Deli - Holiday Inn,30,3.3,3.3318041867127524,0.620253164556962,3125.0,3362.0,-237.0
306510,Cafe on 3 - Holiday Inn,174,3.4,3.3892938598668496,0.21973094170403587,2648.0,2695.0,-47.0
312801,The Kylin Experience - Holiday Inn,128,3.7,3.603460625707952,0.2768361581920904,1422.0,1537.0,-115.0
3293,Thugs - Hotel Broadway,72,3.4,3.380268849176095,0.4049586776859504,2648.0,2825.0,-177.0
422,Chor Bizarre - Hotel Broadway,295,3.9,3.8218387521811263,0.14244186046511628,807.0,818.0,-11.0
3260,Opium Bar - Hotel City Park,19,2.8,3.1972430992692273,0.7205882352941176,5462.0,5626.0,-164.0
1267,Yellow Mirchi - Hotel City Park,259,3.9,3.812703021916583,0.1590909090909091,807.0,838.0,-31.0
308069,Cafe Regent,7,3.0,3.307366620541205,0.875,4617.0,4362.0,255.0
4367,Lutyen's - Hotel The Royal Plaza,95,3.3,3.3174481302104684,0.3402777777777778,3125.0,3918.0,-793.0
4364,Onyx Bar - Hotel The Royal Plaza,19,3.0,3.253125452210404,0.7205882352941176,4617.0,5265.0,-648.0
310365,SKY Lounge Bar & Grill - Hotel The Royal Plaza,265,3.4,3.3923965947462023,0.15605095541401273,2648.0,2651.0,-3.0
4366,Jasmine - Hotel The Royal Plaza,44,3.7,3.516263771508683,0.5268817204301075,1422.0,1922.0,-500.0
4365,Lord William Tea Lounge - Hotel The Royal Plaza,38,3.6,3.459914146555259,0.5632183908045977,1785.0,2246.0,-461.0
18419892,Royal Brewery Bistro,14,3.5,3.3843258849255156,0.7777777777777778,2195.0,2758.0,-563.0
4357,Cafe - Hyatt Regency,261,3.6,3.560685583065508,0.15806451612903225,1785.0,1721.0,64.0
3379,La Piazza - Hyatt Regency,410,3.9,3.8414216356215847,0.10675381263616558,807.0,771.0,36.0
3264,Polo Lounge - Hyatt Regency,49,3.6,3.4756380688806887,0.5,1785.0,2125.0,-340.0
4368,Sidewalk - Hyatt Regency,79,3.8,3.6282228964867773,0.3828125,1087.0,1446.0,-359.0
4356,T.K'S Oriental Grill - Hyatt Regency,290,3.9,3.820685931416836,0.14454277286135694,807.0,822.0,-15.0
3378,China Kitchen - Hyatt Regency,424,4.0,3.9327960480979014,0.10359408033826638,614.0,563.0,51.0
310032,The Hub -  ibis New Delhi,9,3.1,3.312285012936336,0.8448275862068966,4106.0,4179.0,-73.0
18436483,Baked and Wrapped,5,3.1,3.3280098287093978,0.9074074074074074,4106.0,3436.0,670.0
18245249,M.D. Kitchen,30,2.6,3.065981401902626,0.620253164556962,6026.0,6008.0,18.0
301448,Kerala Hotel,108,3.9,3.728742234078392,0.31210191082802546,807.0,1082.0,-275.0
312231,M.P. Canteen,13,3.1,3.2985892056501207,0.7903225806451613,4106.0,4589.0,-483.0
18057802,Mysore Cafe,12,3.2,3.3215168975460245,0.8032786885245902,3596.0,3704.0,-108.0
307622,Maharashtra Sadan,266,3.8,3.730198510318436,0.15555555555555556,1087.0,1077.0,10.0
1546,Abhishek Restaurant,36,2.9,3.1601474205918527,0.5764705882352941,5082.0,5784.0,-702.0
4673,AL Maroosh,20,2.8,3.191485952903007,0.7101449275362319,5462.0,5645.0,-183.0
18440187,Ambarsari Kababs & Curries,4,3.0,3.324764731137877,0.9245283018867925,4617.0,3529.0,1088.0
304304,Ambrosia - The Golden Palms Hotel,68,2.8,3.0308763311992086,0.4188034188034188,5462.0,6075.0,-613.0
18107859,Bala's Kitchen,4,2.9,3.317217561326556,0.9245283018867925,5082.0,3922.0,1160.0
303582,Cafe Meadows,26,3.1,3.264167076670766,0.6533333333333333,4106.0,5163.0,-1057.0
306595,Dee The Baker,11,3.4,3.360208845838458,0.8166666666666667,2648.0,3123.0,-475.0
305348,Dilli Darbaar,18,3.1,3.283769115676231,0.7313432835820896,4106.0,4877.0,-771.0
303586,Finger Licious,137,3.2,3.2398523158618686,0.26344086021505375,3596.0,5387.0,-1791.0
18289231,Garden Hut,8,2.7,3.25986896053171,0.8596491228070176,5776.0,5200.0,576.0
9803,Hari Mirch Masala,101,2.8,2.9800835383353825,0.32666666666666666,5462.0,6153.0,-691.0
3700,Kamal's,103,2.8,2.9777140180941277,0.3223684210526316,5462.0,6162.0,-700.0
3093,Kocktails & Kurries,94,3.1,3.186101613638514,0.34265734265734266,4106.0,5676.0,-1570.0
308849,Madras Cafe,22,3.2,3.3044018415536267,0.6901408450704225,3596.0,4429.0,-833.0
301149,Mahalaxmi Dairy & Sweets,16,2.6,3.1663466269278073,0.7538461538461538,6026.0,5756.0,270.0
305159,Meet n Eat,56,2.7,3.003928864288643,0.4666666666666667,5776.0,6117.0,-341.0
6256,Punjabi Mirchi,49,3.3,3.325638068880689,0.5,3125.0,3490.0,-365.0
18258483,The Garam Masala,60,3.4,3.3780966123881417,0.44954128440366975,2648.0,2860.0,-212.0
9806,Unique Pastry Shop,86,3.4,3.38231504259487,0.362962962962963,2648.0,2790.0,-142.0
303590,Vaishno Amritsari Dhaba,51,3.2,3.274125307503075,0.49,3596.0,5026.0,-1430.0
311263,Zara Restaurant,24,3.3,3.3344182294562668,0.6712328767123288,3125.0,3290.0,-165.0
303592,Bhatia Sweets,97,3.5,3.4500858270569004,0.3356164383561644,2195.0,2315.0,-120.0
18228856,De Cafepedia,60,3.5,3.433142483947775,0.44954128440366975,2195.0,2423.0,-228.0
18308458,Icy Curls,25,3.7,3.469088253382533,0.6621621621621622,1422.0,2180.0,-758.0
6777,Chutneez Restaurant Lounge & Bar,124,2.4,2.669436593932413,0.2832369942196532,6325.0,6436.0,-111.0
8376,Domino's Pizza,113,2.4,2.6877316712981942,0.30246913580246915,6325.0,6429.0,-104.0
8619,Mangal Sweets,166,2.4,2.616802468606081,0.22790697674418606,6325.0,6459.0,-134.0
18228125,Sweet Tickles,71,4.1,3.7942710895858958,0.4083333333333333,429.0,866.0,-437.0
306026,Ira - The Waterside Bar - ITC Maurya,17,3.2,3.312311071974356,0.7424242424242424,3596.0,4157.0,-561.0
302636,Nutmeg The Gourmet Shop - ITC Maurya,25,3.4,3.367736902031182,0.6621621621621622,2648.0,3022.0,-374.0
18376494,Fabelle Chocolate Boutique - ITC Maurya,20,3.8,3.481341025366775,0.7101449275362319,1087.0,2093.0,-1006.0
2745,Golf Bar - ITC Maurya,45,3.5,3.4224737313862494,0.5212765957446809,2195.0,2476.0,-281.0
2742,Bukhara - ITC Maurya,2826,4.4,4.382126097652281,0.017043478260869566,116.0,88.0,28.0
309548,Tian - Asian Cuisine Studio - ITC Maurya,188,4.1,3.945200551689061,0.20675105485232068,429.0,539.0,-110.0
311078,Ashish Lal Dhaba,26,3.2,3.298833743337433,0.6533333333333333,3596.0,4579.0,-983.0
18144464,Lal Dhaba,10,3.1,3.3086869618696184,0.8305084745762712,4106.0,4318.0,-212.0
311117,McDonald's,25,3.2,3.3001693344636145,0.6621621621621622,3596.0,4574.0,-978.0
303261,Udupi Cafe,117,3.5,3.4560995828331773,0.29518072289156627,2195.0,2271.0,-76.0
18037812,"34, Chowringhee Lane",11,2.7,3.231875512505125,0.8166666666666667,5776.0,5429.0,347.0
18037793,Amritsar Express,6,3.1,3.323864195460136,0.8909090909090909,4106.0,3626.0,480.0
301818,Anand Chicken & Fast Food,9,2.8,3.2657332887984047,0.8448275862068966,5462.0,5138.0,324.0
18427235,Baba Chicken Ludhiana Wale,7,3.1,3.319866620541205,0.875,4106.0,3750.0,356.0
307002,Bombay Vada Pav,41,2.8,3.100139230558972,0.5444444444444444,5462.0,5937.0,-475.0
18037806,Cafe Coffee Day,5,3.1,3.3280098287093978,0.9074074074074074,4106.0,3436.0,670.0
309087,Chin Pokli,13,3.1,3.2985892056501207,0.7903225806451613,4106.0,4589.0,-483.0
18367977,Curries,6,2.7,3.2802278318237725,0.8909090909090909,5776.0,4949.0,827.0
1106,Deepak Vaishno Dhaba,59,3.4,3.377893803243588,0.4537037037037037,2648.0,2866.0,-218.0
301857,Delhi Dhaba,15,3.1,3.2923832929735544,0.765625,4106.0,4713.0,-607.0
302836,Dewan Sweets,18,3.3,3.337500458959813,0.7313432835820896,3125.0,3226.0,-101.0
18279090,Flirty Momo's,37,3.1,3.2431689622128776,0.5697674418604651,4106.0,5348.0,-1242.0
300502,Frontier,14,3.2,3.317659218258849,0.7777777777777778,3596.0,3903.0,-307.0
18203169,Giani,6,3.0,3.3129551045510452,0.8909090909090909,4617.0,4096.0,521.0
306891,Green Chick Chop,60,3.3,3.3230507408285086,0.44954128440366975,3125.0,3683.0,-558.0
6959,Khalsa Veg Corner,22,3.4,3.3663736725395417,0.6901408450704225,2648.0,3046.0,-398.0
18282019,Kings Kulfi,10,3.3,3.342585266954364,0.8305084745762712,3125.0,3134.0,-9.0
2399,Kohli Dhaba,74,3.4,3.380589680896809,0.3983739837398374,2648.0,2819.0,-171.0
5420,Laxmi Ice Cream,25,3.4,3.367736902031182,0.6621621621621622,2648.0,3022.0,-374.0
8521,Mosaic - SK Premium Park,14,2.9,3.2509925515921823,0.7777777777777778,5082.0,5276.0,-194.0
18292455,Moti Mahal Delux,12,2.7,3.2231562418083195,0.8032786885245902,5776.0,5499.0,277.0
4000,Mukesh Chic-Inn Hot & Spice,9,3.0,3.2967677715570254,0.8448275862068966,4617.0,4614.0,3.0
18241858,Muradabadi Biryani,18,2.6,3.149440757467276,0.7313432835820896,6026.0,5818.0,208.0
310732,Muradabadi Shahi Biryani & Chicken Corner,68,3.3,3.3214746217974995,0.4188034188034188,3125.0,3729.0,-604.0
300522,Nagi Fish Corner,7,3.1,3.319866620541205,0.875,4106.0,3750.0,356.0
18408034,Nirula's Ice Cream,4,3.0,3.324764731137877,0.9245283018867925,4617.0,3529.0,1088.0
301803,Papa Veg Chinese Food,33,2.9,3.1696650091500915,0.5975609756097561,5082.0,5743.0,-661.0
18282017,Pindi's Kitchen,11,3.3,3.3418755125051245,0.8166666666666667,3125.0,3142.0,-17.0
18455615,Rewari Sweets,5,3.2,3.337269087968657,0.9074074074074074,3596.0,3233.0,363.0
5400,Roti Aur Boti,38,3.2,3.2852015028770976,0.5632183908045977,3596.0,4864.0,-1268.0
300561,Sahni Chicken Corner,23,3.2,3.302951815976493,0.6805555555555556,3596.0,4442.0,-846.0
301823,Sarpal Restaurant,14,3.1,3.2954369960366265,0.7777777777777778,4106.0,4638.0,-532.0
18282009,SGF - Spice Grill Flame,8,2.9,3.2879391359703063,0.8596491228070176,5082.0,4805.0,277.0
6978,Shanta Fresh Fish Corner,9,3.1,3.312285012936336,0.8448275862068966,4106.0,4179.0,-73.0
18281946,Shree Meenakshi Dosai,8,2.9,3.2879391359703063,0.8596491228070176,5082.0,4805.0,277.0
6052,Singz,57,2.9,3.108608780663278,0.46226415094339623,5082.0,5921.0,-839.0
5965,Sona Bakers,17,3.4,3.363826223489507,0.7424242424242424,2648.0,3098.0,-450.0
18381639,Tak - a - Tak,14,3.3,3.339881440481071,0.7777777777777778,3125.0,3180.0,-55.0
18289278,The Great Indian Food Truck,6,3.0,3.3129551045510452,0.8909090909090909,4617.0,4096.0,521.0
308716,Tihar Food Court,14,2.9,3.2509925515921823,0.7777777777777778,5082.0,5276.0,-194.0
306985,Uncle Da Dhabha,6,3.0,3.3129551045510452,0.8909090909090909,4617.0,4096.0,521.0
307861,Variety Chicken Corner,16,2.9,3.2401927807739614,0.7538461538461538,5082.0,5376.0,-294.0
18429381,Wah Ji Wah,9,2.5,3.219181564660474,0.8448275862068966,6216.0,5522.0,694.0
18366009,9 Scoops,33,3.6,3.451372326223262,0.5975609756097561,1785.0,2307.0,-522.0
18415357,Kati Roll Cottage,14,3.5,3.3843258849255156,0.7777777777777778,2195.0,2758.0,-563.0
300501,Pul Bangash Wale,89,3.7,3.5761777590601995,0.35507246376811596,1422.0,1626.0,-204.0
307006,Sunny Chicken Soup,75,3.6,3.5017139576637697,0.3951612903225806,1785.0,1982.0,-197.0
18424895,Yo Momos,29,3.7,3.480929881414199,0.6282051282051282,1422.0,2095.0,-673.0
18245258,Grillz,19,2.2,3.0295960404456985,0.7205882352941176,6454.0,6078.0,376.0
17977777,The Barbeque Company,621,4.2,4.137929150373593,0.07313432835820896,289.0,261.0,28.0
18349901,Anmol Chicken Corner,7,3.1,3.319866620541205,0.875,4106.0,3750.0,356.0
18349910,Babu Bhai Kabab Wale,12,3.4,3.360861159841106,0.8032786885245902,2648.0,3122.0,-474.0
304091,Chicken Mughlai,6,3.0,3.3129551045510452,0.8909090909090909,4617.0,4096.0,521.0
18420675,Cool Point Shahi Tukda,5,3.1,3.3280098287093978,0.9074074074074074,4106.0,3436.0,670.0
308014,Jawahar Hotel,40,3.4,3.3731745028124434,0.550561797752809,2648.0,2936.0,-288.0
18291241,Lalu Kababe,13,3.2,3.3195569475856046,0.7903225806451613,3596.0,3802.0,-206.0
18336178,Phelwan Biryani Wala,5,3.0,3.3187505694501387,0.9074074074074074,4617.0,3823.0,794.0
18454466,Qureshi Kabab Corner,5,3.0,3.3187505694501387,0.9074074074074074,4617.0,3823.0,794.0
993,Al Jawahar,1585,3.8,3.786543776468976,0.029987760097919217,1087.0,890.0,197.0
305598,Aslam Chicken,635,3.9,3.860690834430274,0.07163742690058479,807.0,715.0,92.0
18336494,Dil Pasand Biryani Point,12,3.5,3.380533290988647,0.8032786885245902,2195.0,2822.0,-627.0
18340727,Haji Mohd. Hussain,22,3.6,3.4283455035254575,0.6901408450704225,1785.0,2452.0,-667.0
308001,Kallan Sweets,75,3.8,3.6226816995992537,0.3951612903225806,1087.0,1467.0,-380.0
18396855,The Walled City - Cafí© & Lounge,40,3.8,3.5529497837113198,0.550561797752809,1087.0,1749.0,-662.0
18079620,Cool Point,69,4.2,3.8475638199178603,0.4152542372881356,289.0,753.0,-464.0
304617,Haji Shabrati Nihari Wale,115,4.0,3.8061739679896798,0.29878048780487804,614.0,848.0,-234.0
463,Karim's,4689,4.0,3.9932909520367894,0.010341916420430562,614.0,447.0,167.0
18291442,Qureshi Kabab Corner,76,4.3,3.9281002460024603,0.392,190.0,576.0,-386.0
300430,Bake Bikaner,86,3.3,3.318611338891167,0.362962962962963,3125.0,3886.0,-761.0
533,Barista,74,3.3,3.3204270792707926,0.3983739837398374,3125.0,3741.0,-616.0
18365984,Behrouz Biryani,49,3.4,3.3756380688806886,0.5,2648.0,2901.0,-253.0
18057812,Brunchilli,84,3.2,3.2557333139120868,0.3684210526315789,3596.0,5254.0,-1658.0
7012,Cafe Coffee Day,50,3.4,3.3758841489930047,0.494949494949495,2648.0,2895.0,-247.0
313194,Chawla Dillivala,91,2.7,2.927946648216482,0.35,5776.0,6240.0,-464.0
18466975,Dhaba Ambarsariya,23,3.3,3.3348962604209373,0.6805555555555556,3125.0,3272.0,-147.0
8365,Domino's Pizza,88,3.4,3.3825732171555294,0.35766423357664234,2648.0,2785.0,-137.0
307699,GPW - The Food Hub,70,3.0,3.144643115548802,0.4117647058823529,4617.0,5826.0,-1209.0
305723,Green Bhojanalya,96,3.2,3.251120901726259,0.33793103448275863,3596.0,5275.0,-1679.0
18175283,Hira Sweets,85,2.5,2.811287542912742,0.3656716417910448,6216.0,6352.0,-136.0
4018,Hot Curries,60,3.4,3.3780966123881417,0.44954128440366975,2648.0,2860.0,-212.0
4019,Meenu Caterers,82,2.7,2.943607104964179,0.37404580152671757,5776.0,6214.0,-438.0
482,Moti Mahal Delux,105,2.6,2.839042407469529,0.3181818181818182,6026.0,6323.0,-297.0
355,New Kadimi,162,2.5,2.69768971919577,0.23222748815165878,6216.0,6419.0,-203.0
1104,Polka Pastry & Snack Bar,62,3.2,3.2667795563090762,0.44144144144144143,3596.0,5124.0,-1528.0
300994,Pudding & Pie,66,3.4,3.3792393978287607,0.4260869565217391,2648.0,2846.0,-198.0
310691,Singz,46,2.5,2.939079271055868,0.5157894736842106,6216.0,6224.0,-8.0
303247,Slice of Italy,198,3.4,3.3903341325923377,0.19838056680161945,2648.0,2680.0,-32.0
311616,Subway,69,3.1,3.204343480934809,0.4152542372881356,4106.0,5592.0,-1486.0
7025,Suruchee,52,3.4,3.3763616905971037,0.48514851485148514,2648.0,2888.0,-240.0
301335,The Bubble Tea Cafe,182,3.0,3.074513120131201,0.21212121212121213,4617.0,5994.0,-1377.0
4016,The Destination,85,3.3,3.3187502294799063,0.3656716417910448,3125.0,3880.0,-755.0
18238968,The Night Delights,102,3.4,3.384188945366275,0.32450331125827814,2648.0,2766.0,-118.0
18175340,Tingling Pepper,69,3.4,3.3797672097483686,0.4152542372881356,2648.0,2832.0,-184.0
313498,Wah G Wah,37,2.7,3.0710759389570637,0.5697674418604651,5776.0,6001.0,-225.0
18421049,Midnight Hunger Hub,50,4.5,3.93143970454856,0.494949494949495,79.0,565.0,-486.0
18345739,BarShala,40,3.5,3.4181183230371626,0.550561797752809,2195.0,2492.0,-297.0
18261158,Bemisaal Reloaded,128,3.8,3.6757770098887423,0.2768361581920904,1087.0,1252.0,-165.0
4010,Bon Appí©tit,212,3.8,3.7157568227981126,0.18773946360153257,1087.0,1116.0,-29.0
309283,Burger Point,164,3.6,3.5427818345084856,0.2300469483568075,1785.0,1793.0,-8.0
17977755,Cakes 'n' Crumbs,70,3.6,3.4975842920193903,0.4117647058823529,1785.0,1998.0,-213.0
5388,China Fort,74,3.5,3.440752282522825,0.3983739837398374,2195.0,2376.0,-181.0
4723,Giani,33,3.5,3.411128423784237,0.5975609756097561,2195.0,2529.0,-334.0
311889,Hot Cherries,116,3.6,3.5261365500018633,0.296969696969697,1785.0,1865.0,-80.0
311922,KFC,62,3.5,3.434347123876644,0.44144144144144143,2195.0,2417.0,-222.0
185,McDonald's,179,3.6,3.5465461875013484,0.2149122807017544,1785.0,1776.0,9.0
18268370,Pasta Xpress,56,3.6,3.4839288642886426,0.4666666666666667,1785.0,2072.0,-287.0
4021,Tandoor Bar-Be-Que,131,3.5,3.4595140597239302,0.2722222222222222,2195.0,2254.0,-59.0
300527,TBK Kulcha's,155,3.6,3.5402575036779775,0.24019607843137256,1785.0,1808.0,-23.0
18219547,The Pindi,100,3.5,3.451090810404748,0.3288590604026846,2195.0,2310.0,-115.0
18412874,The Tangy Tomatoes,32,3.7,3.489043589509969,0.6049382716049383,1422.0,2040.0,-618.0
18244719,Thela,87,3.5,3.4464156672816726,0.3602941176470588,2195.0,2339.0,-144.0
18322665,Wah Ji Wah,61,3.7,3.544659370457341,0.44545454545454544,1422.0,1784.0,-362.0
7018,Muffins,66,1.9,2.5183698326113695,0.4260869565217391,6502.0,6485.0,17.0
18446409,Food Scouts,22,4.3,3.6452469119761615,0.6901408450704225,190.0,1384.0,-1194.0
7891,Aggarwal Sweet India,15,2.8,3.2220707929735544,0.765625,5462.0,5505.0,-43.0
304445,Bhola Dhaba,30,2.8,3.141930768991234,0.620253164556962,5462.0,5839.0,-377.0
18337922,Cake Me Up,7,3.1,3.319866620541205,0.875,4106.0,3750.0,356.0
18357562,Chawla Snacks,4,2.9,3.317217561326556,0.9245283018867925,5082.0,3922.0,1160.0
9602,Chef Joint,45,3.2,3.2788567101096535,0.5212765957446809,3596.0,4961.0,-1365.0
310305,China Hut,16,3.0,3.2648081653893457,0.7538461538461538,4617.0,5156.0,-539.0
18025100,Chinese Hut,5,2.8,3.30023205093162,0.9074074074074074,5462.0,4556.0,906.0
18355110,Curries & Kebabs,7,2.7,3.269866620541205,0.875,5776.0,5086.0,690.0
18322676,Giani's,9,3.1,3.312285012936336,0.8448275862068966,4106.0,4179.0,-73.0
308488,Green Chick Chop,15,3.1,3.2923832929735544,0.765625,4106.0,4713.0,-607.0
7874,Kabul Restaurant,25,2.8,3.1650341993284794,0.6621621621621622,5462.0,5764.0,-302.0
18313115,Kadimi Dukan,10,3.2,3.3256361144119913,0.8305084745762712,3596.0,3496.0,100.0
302514,Kadimi Sweets,42,3.1,3.235302535717665,0.5384615384615384,4106.0,5414.0,-1308.0
9573,McDonald's,62,3.4,3.378491268020788,0.44144144144144143,2648.0,2857.0,-209.0
7892,Modi Pastry Corner,17,2.6,3.1577656174289013,0.7424242424242424,6026.0,5787.0,239.0
9568,New Evergreen Hotel,7,2.9,3.2948666205412054,0.875,5082.0,4662.0,420.0
3681,Nikku Hotel,9,2.6,3.234698806039784,0.8448275862068966,6026.0,5418.0,608.0
3337,Om Hotel,140,3.3,3.31329381349369,0.25925925925925924,3125.0,4092.0,-967.0
310101,Pakeeza Burger,15,2.6,3.1751957929735544,0.765625,6026.0,5721.0,305.0
7889,Paljees Fresh Baked,16,3.1,3.2894235500047304,0.7538461538461538,4106.0,4784.0,-678.0
7879,Pinka's Rasoi,21,3.1,3.275893296432964,0.7,4106.0,4986.0,-880.0
310469,Republic of Chicken,5,2.8,3.30023205093162,0.9074074074074074,5462.0,4556.0,906.0
18449787,Sandwich & Sons,24,3.2,3.3015415171274998,0.6712328767123288,3596.0,4544.0,-948.0
303608,Simple Restaurant,15,3.0,3.2689457929735544,0.765625,4617.0,5096.0,-479.0
307785,Subway,78,3.3,3.319783706695334,0.3858267716535433,3125.0,3796.0,-671.0
310100,Tempting Bar-B-Que,29,3.3,3.33221193269625,0.6282051282051282,3125.0,3357.0,-232.0
310468,The Biryani Hut,5,2.9,3.309491310190879,0.9074074074074074,5082.0,4258.0,824.0
3339,Beliram Degchiwala,107,3.5,3.453285453527612,0.3141025641025641,2195.0,2291.0,-96.0
18369763,Instapizza,55,3.9,3.6414666418298793,0.47115384615384615,807.0,1396.0,-589.0
312949,Janta Bakery,32,3.6,3.449537416670463,0.6049382716049383,1785.0,2320.0,-535.0
3684,Pal Refreshment Corner,32,3.5,3.4100312438309563,0.6049382716049383,2195.0,2534.0,-339.0
18463963,Transform Nutrition,19,3.5,3.392831334563345,0.7205882352941176,2195.0,2642.0,-447.0
300744,Chawla's_,126,2.3,2.594357318573185,0.28,6408.0,6468.0,-60.0
8509,Barbeque Nation,744,4.0,3.95991491897895,0.0617906683480454,614.0,514.0,100.0
3338,Novelty Dairy & Stores,352,4.1,4.008510051746402,0.12219451371571072,429.0,431.0,-2.0
18133513,Caara Cafe,59,3.3,3.3232641736139583,0.4537037037037037,3125.0,3680.0,-555.0
619,Cafe Coffee Day - The Lounge,81,3.3,3.31932715961775,0.3769230769230769,3125.0,3819.0,-694.0
300581,Cafe Coffee Day,34,3.1,3.2483437439796083,0.5903614457831325,4106.0,5319.0,-1213.0
300577,Costa Coffee,31,3.4,3.3701566343788434,0.6125,2648.0,2992.0,-344.0
6174,Gulnar - Hotel Janpath,40,3.2,3.283286862363005,0.550561797752809,3596.0,4887.0,-1291.0
300593,Kalpana Restaurant,40,3.2,3.283286862363005,0.550561797752809,3596.0,4887.0,-1291.0
300589,Meenas,7,2.9,3.2948666205412054,0.875,5082.0,4662.0,420.0
261,Pizza Hut,116,3.4,3.3855304893958027,0.296969696969697,2648.0,2744.0,-96.0
18400724,Prince Chaat Corner,12,3.2,3.3215168975460245,0.8032786885245902,3596.0,3704.0,-108.0
300591,Rajeev Restaurant,5,3.0,3.3187505694501387,0.9074074074074074,4617.0,3823.0,794.0
18372578,RSVP,16,2.7,3.190962011543192,0.7538461538461538,5776.0,5653.0,123.0
307371,Samridhi,85,3.2,3.255317393659011,0.3656716417910448,3596.0,5255.0,-1659.0
300584,Shan E Dilli,7,3.0,3.307366620541205,0.875,4617.0,4362.0,255.0
18462606,Svasti Cafe,6,3.1,3.323864195460136,0.8909090909090909,4106.0,3626.0,480.0
18357558,The Zest,11,3.2,3.3235421791717914,0.8166666666666667,3596.0,3655.0,-59.0
18345728,Masala Library,408,4.9,4.7339442686002355,0.10722100656455143,1.0,16.0,-15.0
301301,Bhogal Chole Bhature Wala,47,3.8,3.5709638619823694,0.5104166666666666,1087.0,1660.0,-573.0
18249111,Bunta Bar,450,3.9,3.8461172960928005,0.09819639278557114,807.0,759.0,48.0
308280,Cafe Coffee Day The Square,49,3.7,3.525638068880689,0.5,1422.0,1868.0,-446.0
309807,Cottage Cafí© by Smoothie factory,223,3.7,3.6371784218761305,0.1801470588235294,1422.0,1413.0,9.0
8451,Depaul's,475,3.7,3.6673903258593654,0.09351145038167939,1422.0,1294.0,128.0
3782,Fresc Co,1347,3.8,3.7842496638612513,0.03510028653295129,1087.0,895.0,192.0
18168125,Informal,555,3.9,3.855484322434284,0.08112582781456953,807.0,729.0,78.0
311982,Lutyens Cocktail House,299,3.9,3.8227371573284694,0.14080459770114942,807.0,815.0,-8.0
182,McDonald's,158,3.8,3.6937803417889246,0.23671497584541062,1087.0,1188.0,-101.0
18349923,Office Office,291,3.9,3.820919208089139,0.14411764705882352,807.0,820.0,-13.0
311871,Pappu Chat Bhandar,19,3.5,3.392831334563345,0.7205882352941176,2195.0,2642.0,-447.0
8911,The Beer Cafe,1058,3.6,3.588990542683205,0.044263775971093045,1785.0,1576.0,209.0
18398618,The Masala Trail,303,3.9,3.82361514417701,0.13920454545454544,807.0,813.0,-6.0
18306547,52 Janpath,361,4.2,4.098567148171481,0.11951219512195121,289.0,294.0,-5.0
18424189,Cafe Southall,162,4.2,4.00290298933795,0.23222748815165878,289.0,438.0,-149.0
899,Saravana Bhavan,1869,4.2,4.178317273592444,0.025547445255474453,289.0,218.0,71.0
18357911,Tourist Janpath,501,4.1,4.033295510455105,0.0890909090909091,429.0,402.0,27.0
7901,Cafe Coffee Day,23,3.1,3.2710073715320482,0.6805555555555556,4106.0,5079.0,-973.0
309778,Cafe Punjabi,33,3.3,3.330640618906189,0.5975609756097561,3125.0,3384.0,-259.0
18359262,Chai Garam,6,2.9,3.3020460136419545,0.8909090909090909,5082.0,4458.0,624.0
18358682,Chai Shots,15,3.0,3.2689457929735544,0.765625,4617.0,5096.0,-479.0
18413811,Chao Cart,4,3.1,3.3323119009491977,0.9245283018867925,4106.0,3343.0,763.0
8160,Deli Belly,49,2.6,2.9756380688806887,0.5,6026.0,6165.0,-139.0
18240023,Ego,14,3.3,3.339881440481071,0.7777777777777778,3125.0,3180.0,-55.0
306038,Fresh n Refresh,22,2.8,3.1804581795817954,0.6901408450704225,5462.0,5703.0,-241.0
18337775,Jack Po!tato's,15,3.3,3.3392582929735544,0.765625,3125.0,3195.0,-70.0
18241514,Moti Mahal Delux,26,2.8,3.160167076670766,0.6533333333333333,5462.0,5781.0,-319.0
7912,Pizza Hut Delivery,47,2.5,2.934505528649036,0.5104166666666666,6216.0,6233.0,-17.0
18387753,Riviera,8,3.2,3.330044399128201,0.8596491228070176,3596.0,3397.0,199.0
9700,Subway,67,2.8,3.0328666443992023,0.4224137931034483,5462.0,6070.0,-608.0
307342,Tamura,19,3.3,3.3369489816221685,0.7205882352941176,3125.0,3236.0,-111.0
301898,ANF Kitchen Express,49,3.5,3.4256380688806884,0.5,2195.0,2465.0,-270.0
18322937,Mumu Dahlin,92,3.8,3.6440605017752303,0.3475177304964539,1087.0,1390.0,-303.0
18303834,Startup Cafe,78,3.7,3.565452998033917,0.3858267716535433,1422.0,1696.0,-274.0
18241883,Starvin' Marvin,170,3.8,3.6996005970333674,0.2237442922374429,1087.0,1169.0,-82.0
18285180,Wok On Wheels,80,3.8,3.6295545019403677,0.3798449612403101,1087.0,1439.0,-352.0
7908,Sagar Ratna,76,2.4,2.77290024600246,0.392,6325.0,6382.0,-57.0
4503,Paatra - Jaypee Siddharth,120,3.4,3.3858729630195707,0.28994082840236685,2648.0,2738.0,-90.0
4502,Eggspectation - Jaypee Siddharth,202,3.5,3.4709662579693523,0.1952191235059761,2195.0,2166.0,29.0
4499,Ano Tai - Jaypee Vasant Continental,64,3.4,3.378871953542544,0.4336283185840708,2648.0,2852.0,-204.0
4235,Tapas - Jaypee Vasant Continental,24,3.2,3.3015415171274998,0.6712328767123288,3596.0,4544.0,-948.0
4500,The Old Baker - Jaypee Vasant Continental,17,3.3,3.3380686477319315,0.7424242424242424,3125.0,3217.0,-92.0
4234,Eggspectation - Jaypee Vasant Continental,162,3.6,3.5422394822289456,0.23222748815165878,1785.0,1794.0,-9.0
4501,Paatra - Jaypee Vasant Continental,79,3.5,3.443066646486777,0.3828125,2195.0,2367.0,-172.0
308243,Ambarsaria by Gourmet Affaire's,43,3.1,3.2338318559816033,0.532608695652174,4106.0,5420.0,-1314.0
703,August Moon,142,2.8,2.941426862567055,0.25654450261780104,5462.0,6217.0,-755.0
18334427,Keventers,10,3.3,3.342585266954364,0.8305084745762712,3125.0,3134.0,-9.0
310529,Moets Curry Leaf Express,23,3.2,3.302951815976493,0.6805555555555556,3596.0,4442.0,-846.0
309844,Natural Ice Cream,665,4.5,4.421166009454212,0.06862745098039216,79.0,79.0,0.0
306034,"34, Chowringhee Lane",15,3.2,3.3158207929735544,0.765625,3596.0,4042.0,-446.0
303604,Qureshi,27,3.0,3.2264806677672038,0.6447368421052632,4617.0,5480.0,-863.0
1505,Shree Ram Sweet Centre,13,2.7,3.214718237908185,0.7903225806451613,5776.0,5547.0,229.0
303583,Teflas,53,3.4,3.376593438728505,0.4803921568627451,2648.0,2883.0,-235.0
18175324,The Viraj Food Zone,29,3.2,3.295032445516763,0.6282051282051282,3596.0,4659.0,-1063.0
18391147,RollsKing,14,3.5,3.3843258849255156,0.7777777777777778,2195.0,2758.0,-563.0
301130,Secular House Canteen,414,3.8,3.7525108655514194,0.10583153347732181,1087.0,1009.0,78.0
7807,Kerala Cafe,44,2.3,2.8538981801108334,0.5268817204301075,6408.0,6311.0,97.0
300887,Veer Jee Restaurant,35,3.1,3.2465777470274695,0.5833333333333334,4106.0,5325.0,-1219.0
306251,Oval Bar - JW Marriott New Delhi,15,3.3,3.3392582929735544,0.765625,3125.0,3195.0,-70.0
18144453,Bakey Wish,6,3.0,3.3129551045510452,0.8909090909090909,4617.0,4096.0,521.0
7862,Bikaner Namkeen Bhandar,9,3.1,3.312285012936336,0.8448275862068966,4106.0,4179.0,-73.0
7857,Chhole Bhature Corner,21,3.3,3.335893296432964,0.7,3125.0,3255.0,-130.0
2874,Fresh n Frozen,9,3.1,3.312285012936336,0.8448275862068966,4106.0,4179.0,-73.0
18458625,Pind Punjabi,4,3.0,3.324764731137877,0.9245283018867925,4617.0,3529.0,1088.0
18252369,Sanjha Chulha,13,3.1,3.2985892056501207,0.7903225806451613,4106.0,4589.0,-483.0
18228895,Shaan e Punjab,21,3.1,3.275893296432964,0.7,4106.0,4986.0,-880.0
2583,Cafe 27,455,3.6,3.5758185133934672,0.09722222222222222,1785.0,1633.0,152.0
304876,MR.D - Deliciousness Delivered,367,3.5,3.4824820450728544,0.11778846153846154,2195.0,2083.0,112.0
308407,Pita Pit,540,3.8,3.7626698314945797,0.0831918505942275,1087.0,975.0,112.0
3190,Big Chill,1521,4.4,4.367269127866439,0.031210191082802548,116.0,99.0,17.0
3041,Maxims Pastry Shop,729,4.2,4.146545669344868,0.06298200514138817,289.0,251.0,38.0
18441798,Uncultured Cafe & Bar,90,4.3,3.965557775182068,0.35251798561151076,190.0,502.0,-312.0
306505,2 Nice 2 Slice,17,3.2,3.312311071974356,0.7424242424242424,3596.0,4157.0,-561.0
302868,Aggarwal Bikaneri Sweets,11,2.9,3.2685421791717912,0.8166666666666667,5082.0,5109.0,-27.0
7383,Aggarwal Sweet Corner & Restaurant,38,2.6,3.023132537359856,0.5632183908045977,6026.0,6087.0,-61.0
302793,Aggarwal Sweets India,9,2.8,3.2657332887984047,0.8448275862068966,5462.0,5138.0,324.0
9993,Aggarwal's Sweets Paradise,16,2.7,3.190962011543192,0.7538461538461538,5776.0,5653.0,123.0
9985,Aggarwal's Sweets,7,2.9,3.2948666205412054,0.875,5082.0,4662.0,420.0
18138461,Anna Ka Dosa,41,3.4,3.3734725638923053,0.5444444444444444,2648.0,2932.0,-284.0
306957,Big Chow Xpress,58,2.6,2.944042343460818,0.45794392523364486,6026.0,6210.0,-184.0
7590,Bikaner Sweets & Namkeen,4,2.9,3.317217561326556,0.9245283018867925,5082.0,3922.0,1160.0
9620,Cafe Coffee Day,33,2.9,3.1696650091500915,0.5975609756097561,5082.0,5743.0,-661.0
302884,Cake Plaza,28,3.1,3.2599029967572397,0.6363636363636364,4106.0,5196.0,-1090.0
309238,Crispy Tokri,100,3.1,3.1826344345658217,0.3288590604026846,4106.0,5699.0,-1593.0
309609,De Royale Food's,22,3.2,3.3044018415536267,0.6901408450704225,3596.0,4429.0,-833.0
18414477,Faasos,4,3.0,3.324764731137877,0.9245283018867925,4617.0,3529.0,1088.0
9992,Fouji Da Vaishno Dhaba,14,2.9,3.2509925515921823,0.7777777777777778,5082.0,5276.0,-194.0
18224572,Fun Bytes,13,2.5,3.1727827540372173,0.7903225806451613,6216.0,5736.0,480.0
312594,G's Patisserie,8,2.8,3.2739040482510084,0.8596491228070176,5462.0,5033.0,429.0
312728,Giani,17,3.2,3.312311071974356,0.7424242424242424,3596.0,4157.0,-561.0
18025133,Gopals 56,8,3.2,3.330044399128201,0.8596491228070176,3596.0,3397.0,199.0
7329,Green Chick Chop,26,3.2,3.298833743337433,0.6533333333333333,3596.0,4579.0,-983.0
302892,Heaven's Kitchen,85,3.3,3.3187502294799063,0.3656716417910448,3125.0,3880.0,-755.0
302893,Heavens Food Corner,14,2.8,3.2287703293699597,0.7777777777777778,5462.0,5460.0,2.0
309533,Just Kababs,25,3.4,3.367736902031182,0.6621621621621622,2648.0,3022.0,-374.0
18376487,Keventers,10,3.2,3.3256361144119913,0.8305084745762712,3596.0,3496.0,100.0
302895,Komal Kitchen,7,2.8,3.2823666205412048,0.875,5462.0,4890.0,572.0
302896,Kwality Sweets & Restaurant,10,2.9,3.2747886567848727,0.8305084745762712,5082.0,5007.0,75.0
9776,Mehak Food Corner,87,3.2,3.2545039025757907,0.3602941176470588,3596.0,5257.0,-1661.0
18245255,Mr. Sub,57,3.2,3.269929535380259,0.46226415094339623,3596.0,5085.0,-1489.0
309648,Muradabadi Shahi Biryani & Chicken Corner,24,2.6,3.104281243154897,0.6712328767123288,6026.0,5930.0,96.0
18285214,Muradabadi,5,3.0,3.3187505694501387,0.9074074074074074,4617.0,3823.0,794.0
302938,New Radhe Radhe Snacks Corner,9,3.1,3.312285012936336,0.8448275862068966,4106.0,4179.0,-73.0
18396545,Nirula's Ice Cream,14,3.2,3.317659218258849,0.7777777777777778,3596.0,3903.0,-307.0
18414495,Noor Restaurant,20,3.4,3.3653989963812676,0.7101449275362319,2648.0,3067.0,-419.0
311891,Paul's Homemade,11,3.1,3.305208845838458,0.8166666666666667,4106.0,4413.0,-307.0
312372,Pinkom's Bar-Be-Que,12,3.2,3.3215168975460245,0.8032786885245902,3596.0,3704.0,-108.0
8949,Prince of China,70,3.1,3.203466644960567,0.4117647058823529,4106.0,5600.0,-1494.0
302898,Punjabi Corner,55,3.3,3.324158949522187,0.47115384615384615,3125.0,3621.0,-496.0
302710,Punjabi Snacks,4,2.9,3.317217561326556,0.9245283018867925,5082.0,3922.0,1160.0
9998,Quality Food Point,10,3.0,3.2917378093272456,0.8305084745762712,4617.0,4730.0,-113.0
18317229,Radhe Shyam,10,2.8,3.2578395042424995,0.8305084745762712,5462.0,5222.0,240.0
9623,Raj South Indian Food,8,3.0,3.301974223689605,0.8596491228070176,4617.0,4498.0,119.0
3634,Roll Club,91,3.3,3.3179466482164823,0.35,3125.0,3900.0,-775.0
7382,Shameem Kabab Corner,67,3.3,3.321659747847478,0.4224137931034483,3125.0,3701.0,-576.0
1866,Shiv Dhaba,92,3.1,3.187322913122748,0.3475177304964539,4106.0,5671.0,-1565.0
304783,Silver Spoons,6,2.7,3.2802278318237725,0.8909090909090909,5776.0,4949.0,827.0
302811,Takkar Dhaba,24,2.6,3.104281243154897,0.6712328767123288,6026.0,5930.0,96.0
308664,The Biryani Wallas,26,3.2,3.298833743337433,0.6533333333333333,3596.0,4579.0,-983.0
18133506,The Tuck Shop,17,3.3,3.3380686477319315,0.7424242424242424,3125.0,3217.0,-92.0
305293,Uncle Xpress,80,3.4,3.3814924864364917,0.3798449612403101,2648.0,2801.0,-153.0
2211,Vaishno Rasoi,23,2.6,3.1112851493098264,0.6805555555555556,6026.0,5907.0,119.0
9622,Vatika,52,2.7,3.0159656509931434,0.48514851485148514,5776.0,6099.0,-323.0
18281989,Walk To Italy,11,3.1,3.305208845838458,0.8166666666666667,4106.0,4413.0,-307.0
18365855,Behrouz Biryani,30,3.6,3.445728237345664,0.620253164556962,1785.0,2342.0,-557.0
309737,Big Dragon,108,3.6,3.5223728073267995,0.31210191082802546,1785.0,1886.0,-101.0
18386707,Cafe Filter,22,3.6,3.4283455035254575,0.6901408450704225,1785.0,2452.0,-667.0
309338,Chowki,89,3.7,3.5761777590601995,0.35507246376811596,1422.0,1626.0,-204.0
18380155,Circle Cafe and Bar,30,3.5,3.4077535538013604,0.620253164556962,2195.0,2547.0,-352.0
18372686,FreshMenu,36,3.6,3.4566180088271468,0.5764705882352941,1785.0,2267.0,-482.0
3610,Giani's,80,3.5,3.443507990312461,0.3798449612403101,2195.0,2365.0,-170.0
3054,Gopal's 56,71,3.8,3.616771089585896,0.4083333333333333,1087.0,1488.0,-401.0
311267,Instapizza,492,3.8,3.759357727819422,0.09057301293900184,1087.0,987.0,100.0
307951,Just Vada Pav,94,3.6,3.514772942309843,0.34265734265734266,1785.0,1929.0,-144.0
1876,Khidmat,372,3.6,3.571051141924721,0.1163895486935867,1785.0,1659.0,126.0
412,Naivedyam,495,3.8,3.7595818579968885,0.0900735294117647,1087.0,985.0,102.0
3635,New Shere Punjab Dhaba,91,3.6,3.512946648216482,0.35,1785.0,1939.0,-154.0
9654,Sant Sweets,60,3.5,3.433142483947775,0.44954128440366975,2195.0,2423.0,-228.0
18354973,Tikka- Way,23,3.5,3.398785149309826,0.6805555555555556,2195.0,2592.0,-397.0
4325,Punjabi Rasoi,11,2.4,3.176875512505125,0.8166666666666667,6325.0,5710.0,615.0
18322653,Punjabi Xpress,9,2.3,3.1881470819018527,0.8448275862068966,6408.0,5670.0,738.0
9557,The Cake Factory,19,2.3,3.057537216916286,0.7205882352941176,6408.0,6028.0,380.0
9470,"34, Chowringhee Lane",86,3.3,3.318611338891167,0.362962962962963,3125.0,3886.0,-761.0
306491,Annapurna Restaurant,56,2.5,2.8972621976219757,0.4666666666666667,6216.0,6270.0,-54.0
18416860,BTW,10,3.1,3.3086869618696184,0.8305084745762712,4106.0,4318.0,-212.0
640,Cafe Coffee Day,82,3.3,3.319179624048149,0.37404580152671757,3125.0,3821.0,-696.0
305161,Chawla's Chic Inn,26,3.3,3.3335004100040995,0.6533333333333333,3125.0,3304.0,-179.0
306149,Chennai Hot Cafe,75,3.4,3.3807462157282857,0.3951612903225806,2648.0,2815.0,-167.0
1197,Daawat E Mezbaan,77,3.1,3.1977184980183133,0.3888888888888889,4106.0,5624.0,-1518.0
18198467,Dessert in Desert,38,3.4,3.372557824716178,0.5632183908045977,2648.0,2946.0,-298.0
311903,Domino's Pizza,36,3.4,3.371912126474206,0.5764705882352941,2648.0,2955.0,-307.0
18458665,Filmy Cafe & Bar,4,2.9,3.317217561326556,0.9245283018867925,5082.0,3922.0,1160.0
6651,Firenze,25,2.8,3.1650341993284794,0.6621621621621622,5462.0,5764.0,-302.0
311076,Giani,41,3.4,3.3734725638923053,0.5444444444444444,2648.0,2932.0,-284.0
9001,Gullu's,69,3.1,3.204343480934809,0.4152542372881356,4106.0,5592.0,-1486.0
8995,Manwhar,69,3.2,3.2628180572059957,0.4152542372881356,3596.0,5176.0,-1580.0
18489508,Midnight Hunger Hub,6,3.3,3.3456823772783175,0.8909090909090909,3125.0,3125.0,0.0
7689,Mini Shop,49,3.3,3.325638068880689,0.5,3125.0,3490.0,-365.0
307959,Nine 75 Lounge & Bar,145,3.2,3.2382089213933374,0.25257731958762886,3596.0,5393.0,-1797.0
18222571,Pradhan Ji Multi Cuisine Restaurant,41,3.3,3.3279170083367497,0.5444444444444444,3125.0,3461.0,-336.0
310202,Punjabi Chaap Corner,15,2.9,3.2455082929735544,0.765625,5082.0,5334.0,-252.0
301470,Sagar Ratna,109,2.7,2.9019780427234654,0.310126582278481,5776.0,6267.0,-491.0
5433,Shiva Coffee & South Indian Fast Food,41,2.7,3.0545836750034168,0.5444444444444444,5776.0,6030.0,-254.0
18349733,The Ice Cafe,28,3.2,3.2962666331208763,0.6363636363636364,3596.0,4631.0,-1035.0
18421019,Tikka Junction,21,3.4,3.365893296432964,0.7,2648.0,3055.0,-407.0
18317510,Trending Eats,21,3.4,3.365893296432964,0.7,2648.0,3055.0,-407.0
303104,Twenty Four Seven,53,3.3,3.3246326544147786,0.4803921568627451,3125.0,3618.0,-493.0
8991,Vikrant Cafe,145,3.3,3.3129511894345747,0.25257731958762886,3125.0,4147.0,-1022.0
6662,Vishal Restaurant,24,3.1,3.268664804798733,0.6712328767123288,4106.0,5103.0,-997.0
18365889,Badri Prasad Ramesh Kumar Caterers,12,3.5,3.380533290988647,0.8032786885245902,2195.0,2822.0,-627.0
18245268,Bistro,55,3.9,3.6414666418298793,0.47115384615384615,807.0,1396.0,-589.0
309856,Chaudhary Sweets Corner,36,3.8,3.5413238911800877,0.5764705882352941,1087.0,1804.0,-717.0
309604,Chowringhee,108,3.6,3.5223728073267995,0.31210191082802546,1785.0,1886.0,-101.0
18332062,Cones & Curries,151,3.7,3.6145626537515376,0.245,1422.0,1494.0,-72.0
6658,Darvesh Corner,91,3.6,3.512946648216482,0.35,1785.0,1939.0,-154.0
9644,Deez Biryani & Kebabs,393,3.7,3.6613405673083883,0.11085972850678733,1422.0,1323.0,99.0
18349974,Frozen Pan,72,3.9,3.67778951033312,0.4049586776859504,807.0,1242.0,-435.0
2267,Giani's,167,3.8,3.6982061608810533,0.22685185185185186,1087.0,1175.0,-88.0
18377630,Havmor Ice Cream,20,3.7,3.4523555181203984,0.7101449275362319,1422.0,2304.0,-882.0
18289256,Keventers,61,3.5,3.4337502795482497,0.44545454545454544,2195.0,2421.0,-226.0
300849,Manohar Bikkaneri,83,3.8,3.633428263259905,0.3712121212121212,1087.0,1430.0,-343.0
6675,Manohar Bikkaneri,62,3.6,3.4902029797325,0.44144144144144143,1785.0,2033.0,-248.0
18430598,Nukkadwala,58,3.7,3.5403040257038083,0.45794392523364486,1422.0,1806.0,-384.0
303082,Om Di Hatti,116,3.7,3.596439580304894,0.296969696969697,1422.0,1552.0,-130.0
18445775,Orange Tree Cafe,21,3.5,3.395893296432964,0.7,2195.0,2607.0,-412.0
309805,Rigo Noodles,133,3.5,3.4599589601665244,0.2692307692307692,2195.0,2244.0,-49.0
302972,Sethi's The Cake Shop,150,3.9,3.764887089197525,0.24623115577889448,807.0,967.0,-160.0
7667,Shake Square,261,3.6,3.560685583065508,0.15806451612903225,1785.0,1721.0,64.0
307327,Sharma Kachoriwala,131,3.7,3.605069615279486,0.2722222222222222,1422.0,1527.0,-105.0
304461,Shawarma Wala,234,3.7,3.6396202500010872,0.17314487632508835,1422.0,1404.0,18.0
300854,Shree Rathnam,85,3.5,3.4456159011216974,0.3656716417910448,2195.0,2346.0,-151.0
306402,Shri Bankey Bihari Brajwasi Rasgulle Wala,36,3.5,3.414265067650676,0.5764705882352941,2195.0,2519.0,-324.0
18157402,Sid's Kitchen,115,3.8,3.665930065550655,0.29878048780487804,1087.0,1302.0,-215.0
2272,Subway,143,3.5,3.4620444309911846,0.2552083333333333,2195.0,2233.0,-38.0
18261675,Sweet Life By Henna,47,3.5,3.4240888619823693,0.5104166666666666,2195.0,2467.0,-272.0
18458347,The Midnight Heroes,41,3.8,3.555694786114527,0.5444444444444444,1087.0,1739.0,-652.0
307415,Urban Hub,346,3.6,3.569145647469133,0.1240506329113924,1785.0,1672.0,113.0
8985,Vaishno Chat Bhandar,223,3.9,3.8011490101114247,0.1801470588235294,807.0,858.0,-51.0
6667,Ved Dhaba,97,3.5,3.4500858270569004,0.3356164383561644,2195.0,2315.0,-120.0
18294234,Veg Ex,24,3.6,3.433048366442568,0.6712328767123288,1785.0,2428.0,-643.0
18458013,Wokin Street,25,3.6,3.4353044695987496,0.6621621621621622,1785.0,2409.0,-624.0
18218265,Yadav Namkeens & Bakers,15,3.5,3.3861332929735544,0.765625,2195.0,2732.0,-537.0
4227,Chill'm Bar & Cafe,300,4.2,4.080838196992285,0.14040114613180515,289.0,318.0,-29.0
18418240,Coffee & Cream,108,4.0,3.7975320429955888,0.31210191082802546,614.0,862.0,-248.0
5083,Chawla Di Hutti,59,3.1,3.214004914354699,0.4537037037037037,4106.0,5552.0,-1446.0
302254,Sher 'A' Punjab Bhojnalya,36,3.3,3.3295591852977346,0.5764705882352941,3125.0,3415.0,-290.0
300973,Guru Rakha,62,3.1,3.2109237004532205,0.44144144144144143,4106.0,5567.0,-1461.0
307069,Shudh Vaishno Hotel,44,3.4,3.3743282876377148,0.5268817204301075,2648.0,2920.0,-272.0
305289,Kumar Samose Wala,187,4.1,3.9445446218233364,0.2076271186440678,429.0,541.0,-112.0
18376493,Amigo's Deli,11,3.2,3.3235421791717914,0.8166666666666667,3596.0,3655.0,-59.0
307989,Ananda Food Express,27,3.2,3.297533299346151,0.6447368421052632,3596.0,4607.0,-1011.0
310899,Green Chick Chop,33,3.4,3.3708845213452134,0.5975609756097561,2648.0,2976.0,-328.0
18322591,Khana Vaana,32,3.4,3.3705250709914503,0.6049382716049383,2648.0,2987.0,-339.0
18486915,Momoholic,11,3.3,3.3418755125051245,0.8166666666666667,3125.0,3142.0,-17.0
302488,Nazeer Foods,87,3.3,3.3184744908110844,0.3602941176470588,3125.0,3890.0,-765.0
3173,Pind Balluchi,192,2.6,2.7527490902502385,0.2033195020746888,6026.0,6397.0,-371.0
313413,Rumours,232,3.4,3.3915036681505604,0.17437722419928825,2648.0,2659.0,-11.0
307818,Spice Grill,177,3.2,3.232798808629679,0.2168141592920354,3596.0,5421.0,-1825.0
310332,Utopia,286,3.2,3.2221269574636047,0.14626865671641792,3596.0,5504.0,-1908.0
2295,Aroma Rest O Bar,306,3.6,3.5656691007050916,0.13802816901408452,1785.0,1694.0,91.0
18361742,Cafe Shloka,63,3.5,3.434933310270602,0.4375,2195.0,2413.0,-218.0
303578,Chawla's Tandoori Junction,159,3.5,3.464964090145709,0.23557692307692307,2195.0,2213.0,-18.0
18429394,Desi Villa,28,3.7,3.478084814939058,0.6363636363636364,1422.0,2110.0,-688.0
6705,Kanwarji's,40,3.5,3.4181183230371626,0.550561797752809,2195.0,2492.0,-297.0
18250020,Palomino,213,3.7,3.6347806517187307,0.18702290076335878,1422.0,1424.0,-2.0
18235498,Raasa The Luxuriate Fine Dine,160,3.7,3.618241773924916,0.23444976076555024,1422.0,1484.0,-62.0
300910,Shiv Tikki Wala,300,3.8,3.736998655445007,0.14040114613180515,1087.0,1057.0,30.0
18317477,The Barbeque Company,248,3.8,3.7259681170044026,0.16498316498316498,1087.0,1088.0,-1.0
308638,The Wrap Factory,109,3.6,3.5228641186728327,0.310126582278481,1785.0,1884.0,-99.0
1270,Urban Punjab,132,3.5,3.459737738951975,0.27071823204419887,2195.0,2252.0,-57.0
18268715,Classic,95,4.0,3.779253685766024,0.3402777777777778,614.0,912.0,-298.0
312518,Goosebumps,292,4.0,3.906781615103541,0.1436950146627566,614.0,612.0,2.0
304028,Adyar Ananda Bhavan,39,2.8,3.10696057670804,0.5568181818181818,5462.0,5923.0,-461.0
7422,Amma Mess,68,3.4,3.379594279917158,0.4188034188034188,2648.0,2838.0,-190.0
306096,Amritsari Chaap Corner,92,2.9,3.056826459222039,0.3475177304964539,5082.0,6029.0,-947.0
7450,Aroma Spice,51,3.4,3.376125307503075,0.49,2648.0,2890.0,-242.0
306106,Boheme Cafe Bar,142,3.2,3.2388090615199348,0.25654450261780104,3596.0,5391.0,-1795.0
303963,Cafe Coffee Day,21,2.6,3.125893296432964,0.7,6026.0,5879.0,147.0
18124379,Chinese King,71,2.5,2.8476044229192286,0.4083333333333333,6216.0,6318.0,-102.0
310758,Chopsuey,71,3.2,3.261771089585896,0.4083333333333333,3596.0,5187.0,-1591.0
309606,Chowringhee,122,3.4,3.386038191522266,0.28654970760233917,2648.0,2734.0,-86.0
2408,Crossroad Bar and Restaurant,39,3.0,3.195596940344403,0.5568181818181818,4617.0,5631.0,-1014.0
309560,Domino's Pizza,43,3.4,3.374049247285951,0.532608695652174,2648.0,2926.0,-278.0
306405,Giani's,38,3.4,3.372557824716178,0.5632183908045977,2648.0,2946.0,-298.0
5529,Giani,39,2.7,3.062642394889858,0.5568181818181818,5776.0,6016.0,-240.0
9459,Gulnar Bar Be Que,73,3.1,3.200922383199242,0.4016393442622951,4106.0,5609.0,-1503.0
300359,Kwality Bengali Sweets,10,2.9,3.2747886567848727,0.8305084745762712,5082.0,5007.0,75.0
18128869,Little Chef,32,2.7,3.0939818611149073,0.6049382716049383,5776.0,5949.0,-173.0
9011,M J Dosa Corner,36,2.9,3.1601474205918527,0.5764705882352941,5082.0,5784.0,-702.0
5507,Moolchand's,36,3.3,3.3295591852977346,0.5764705882352941,3125.0,3415.0,-290.0
303704,New Angaar Hyderabadi,134,3.1,3.167281588799495,0.2677595628415301,4106.0,5754.0,-1648.0
1924,New Frontier Hotel,55,3.3,3.324158949522187,0.47115384615384615,3125.0,3621.0,-496.0
300257,Oberoi Biryani,90,2.9,3.0590829550381833,0.35251798561151076,5082.0,6027.0,-945.0
7534,Om Ji Om,60,3.2,3.268004869268876,0.44954128440366975,3596.0,5120.0,-1524.0
1925,Om Saravana Bhavan,47,2.7,3.032422195315703,0.5104166666666666,5776.0,6071.0,-295.0
311719,Pindi Meat,43,3.4,3.374049247285951,0.532608695652174,2648.0,2926.0,-278.0
1926,Punjab Sweet Corner,236,3.3,3.3088158973694997,0.17192982456140352,3125.0,4317.0,-1192.0
306392,R1 Lounge,31,2.6,3.0601566343788433,0.6125,6026.0,6023.0,3.0
306338,R1 Take Away,38,2.5,2.9794543764403154,0.5632183908045977,6216.0,6156.0,60.0
1905,Raffles,123,3.1,3.171584481106439,0.28488372093023256,4106.0,5739.0,-1633.0
300350,Raj Sweets,9,2.8,3.2657332887984047,0.8448275862068966,5462.0,5138.0,324.0
7424,Ramas Cafe,70,3.3,3.3211137037840963,0.4117647058823529,3125.0,3733.0,-608.0
1906,Sandoz,114,3.4,3.3853529493883894,0.3006134969325153,2648.0,2745.0,-97.0
1908,Sandoz,56,2.7,3.003928864288643,0.4666666666666667,5776.0,6117.0,-341.0
1618,Shudh,247,3.1,3.1415963876699577,0.16554054054054054,4106.0,5843.0,-1737.0
309064,Southy,90,3.1,3.1885793579158808,0.35251798561151076,4106.0,5669.0,-1563.0
1931,Spicy by Nature,84,2.7,2.939943840227876,0.3684210526315789,5776.0,6221.0,-445.0
18277018,Spicy N Karara,93,3.3,3.3176938785232917,0.34507042253521125,3125.0,3902.0,-777.0
18425764,Spooky Sky,44,3.4,3.3743282876377148,0.5268817204301075,2648.0,2920.0,-272.0
1933,Sri Krishna Udupi,27,3.0,3.2264806677672038,0.6447368421052632,4617.0,5480.0,-863.0
2411,Tempting Restaurant,68,2.7,2.972756673079551,0.4188034188034188,5776.0,6174.0,-398.0
18377922,The Smokin' Grill by The Flashback,23,3.3,3.3348962604209373,0.6805555555555556,3125.0,3272.0,-147.0
18138437,Three Tuns,30,3.2,3.293829503168449,0.620253164556962,3596.0,4698.0,-1102.0
4655,Wah Ji Wah,69,2.5,2.8534960233076903,0.4152542372881356,6216.0,6312.0,-96.0
18289258,Wow! Momo,41,2.6,3.0090281194478607,0.5444444444444444,6026.0,6108.0,-82.0
18198463,Wrap & Roll,36,3.4,3.371912126474206,0.5764705882352941,2648.0,2955.0,-307.0
300347,Anjlika Pastry Shop,179,3.6,3.5465461875013484,0.2149122807017544,1785.0,1776.0,9.0
18423807,Bakeology,22,3.5,3.3973595880325,0.6901408450704225,2195.0,2599.0,-404.0
300661,Changezi Chicken,456,3.7,3.666163427228332,0.09702970297029703,1422.0,1301.0,121.0
18349796,Chargrill Resto Bar,43,3.6,3.4675275081555164,0.532608695652174,1785.0,2190.0,-405.0
306643,Chowringhee,120,3.7,3.5988907144988604,0.28994082840236685,1422.0,1546.0,-124.0
305758,Glenz Cafe N Bakers,230,3.8,3.721191866488557,0.17562724014336917,1087.0,1100.0,-13.0
18240475,Happy2Bake,26,3.5,3.402833743337433,0.6533333333333333,2195.0,2572.0,-377.0
18238241,Nazeer Foods,27,3.5,3.404112246714572,0.6447368421052632,2195.0,2561.0,-366.0
306071,Pakode Ki Dukaan,35,3.6,3.454911080360803,0.5833333333333334,1785.0,2283.0,-498.0
8864,Peshawari Chicken Corner,76,3.6,3.5025002460024597,0.392,1785.0,1979.0,-194.0
9643,Prem Dhaba,177,3.7,3.624391728983661,0.2168141592920354,1422.0,1457.0,-35.0
9016,Ravi Raj Di Kulfi,99,3.6,3.5176522347993755,0.3310810810810811,1785.0,1912.0,-127.0
300594,Shawarma King's,136,3.7,3.6076353013530134,0.2648648648648649,1422.0,1521.0,-99.0
8872,Shri Rama Restaurant,72,3.5,3.4397729814074998,0.4049586776859504,2195.0,2377.0,-182.0
2407,Sri Balaji,88,3.5,3.446806793797865,0.35766423357664234,2195.0,2337.0,-142.0
7526,Standard Burfee,100,3.8,3.6524330922839425,0.3288590604026846,1087.0,1352.0,-265.0
306403,Subway,118,3.6,3.5270211422174103,0.2934131736526946,1785.0,1863.0,-78.0
1301,Suruchi,603,3.8,3.766276887653846,0.07515337423312883,1087.0,959.0,128.0
1904,Tera Hotel,149,3.5,3.4631945997490274,0.2474747474747475,2195.0,2221.0,-26.0
18322672,The Diet Kitchen,39,3.7,3.5058242130716764,0.5568181818181818,1422.0,1968.0,-546.0
5560,The Spot,109,3.5,3.45387677690068,0.310126582278481,2195.0,2290.0,-95.0
307332,Wrapss,214,3.5,3.472290991446036,0.18631178707224336,2195.0,2150.0,45.0
311755,Wrapss,64,3.5,3.4355091216841367,0.4336283185840708,2195.0,2407.0,-212.0
305360,Cafe Coffee Day,32,2.3,2.9359571697568825,0.6049382716049383,6408.0,6225.0,183.0
1923,Jade Garden,52,2.4,2.861510205448589,0.48514851485148514,6325.0,6303.0,22.0
8933,Art of Spices,841,4.0,3.9642837424160757,0.0550561797752809,614.0,504.0,110.0
312003,Sindhi Corner,74,4.0,3.741565290652906,0.3983739837398374,614.0,1043.0,-429.0
18446504,The Feast House,142,4.3,4.056610108640354,0.25654450261780104,190.0,361.0,-171.0
3541,Zaffran,524,4.5,4.401767069372264,0.08551483420593368,79.0,83.0,-4.0
189,McDonald's,132,3.3,3.3138813853608147,0.27071823204419887,3125.0,4089.0,-964.0
18322651,Captain Grub,18,3.1,3.283769115676231,0.7313432835820896,4106.0,4877.0,-771.0
5586,M:Eat by Blanco,29,3.3,3.33221193269625,0.6282051282051282,3125.0,3357.0,-232.0
303574,Omazoni,120,2.5,2.7468197085817008,0.28994082840236685,6216.0,6402.0,-186.0
304628,Prabhu Chaat Bhandar,242,3.2,3.2254726142622254,0.16838487972508592,3596.0,5487.0,-1891.0
4624,Sugar & Spice - Le Marche,89,3.3,3.3182067445674455,0.35507246376811596,3125.0,3894.0,-769.0
1614,Big Chill,4986,4.5,4.488820760824292,0.009731876861966237,79.0,57.0,22.0
8244,Big Chill,1569,4.6,4.562183269932205,0.030284301606922127,44.0,39.0,5.0
3406,Amici Cafe,863,3.8,3.775890932840249,0.0537280701754386,1087.0,924.0,163.0
309576,Azam's Mughlai,157,3.9,3.7694783046131426,0.23786407766990292,807.0,942.0,-135.0
4741,Boombox Cafe,1428,3.6,3.591748497461278,0.03317535545023697,1785.0,1565.0,220.0
310674,Cafe Illuminatii,300,3.6,3.565078884671368,0.14040114613180515,1785.0,1700.0,85.0
1901,Cafe Turtle,574,3.6,3.5804374490374116,0.07865168539325842,1785.0,1607.0,178.0
813,China Fare,243,3.7,3.641481269692834,0.1678082191780822,1422.0,1395.0,27.0
304989,Chokola,391,3.8,3.7500284789779714,0.11136363636363636,1087.0,1020.0,67.0
300642,Cravings By Arshi Dhupia,29,3.6,3.443750394234711,0.6282051282051282,1785.0,2360.0,-575.0
307284,Harry's Bar + Cafe,395,3.7,3.661514708897089,0.11036036036036036,1422.0,1322.0,100.0
844,Khan Chacha,2860,3.7,3.6941259988828836,0.01684427638363699,1422.0,1187.0,235.0
308337,La Bodega,505,3.6,3.578000958033046,0.08844765342960288,1785.0,1620.0,165.0
307822,La Vie,454,3.9,3.8465457867799353,0.09741550695825049,807.0,755.0,52.0
3425,Latitude 28,203,3.8,3.7127481378980454,0.19444444444444445,1087.0,1123.0,-36.0
6271,Laziz Kabab (Subhash Restaurant),79,3.7,3.5665041464867775,0.3828125,1422.0,1686.0,-264.0
312710,Mr. Choy,287,3.9,3.8199777700902007,0.14583333333333334,807.0,825.0,-18.0
18255125,Public Affair,199,3.8,3.7113408497996265,0.1975806451612903,1087.0,1129.0,-42.0
18285728,Qureshi Kabab,17,3.5,3.389583799247083,0.7424242424242424,2195.0,2687.0,-492.0
305686,Side Wok,372,3.9,3.8361342773166447,0.1163895486935867,807.0,787.0,20.0
154,Subway,188,3.7,3.6279009736299894,0.20675105485232068,1422.0,1451.0,-29.0
18361747,t Lounge by Dilmah,34,3.6,3.453163021088042,0.5903614457831325,1785.0,2294.0,-509.0
9618,The Blue Door Cafe,774,3.7,3.679237582928685,0.05953827460510328,1422.0,1235.0,187.0
307370,The Coffee Bean & Tea Leaf,256,3.8,3.727909936886254,0.16065573770491803,1087.0,1083.0,4.0
307802,Town Hall,1186,3.8,3.782196381174338,0.03967611336032389,1087.0,901.0,186.0
307799,Wok  In The Clouds,669,3.8,3.7693767837748013,0.06824512534818941,1087.0,943.0,144.0
18419910,Civil House,113,4.2,3.9432872268537498,0.30246913580246915,289.0,543.0,-254.0
4296,L'Opera,518,4.0,3.9439374440040695,0.08641975308641975,614.0,542.0,72.0
2632,Mamagoto,1330,4.1,4.073395598803703,0.03553299492385787,429.0,333.0,96.0
7227,Out Of The Box,1203,4.0,3.9746106475641434,0.03913738019169329,614.0,484.0,130.0
18221038,Parallel,79,4.0,3.751660396486777,0.3828125,614.0,1011.0,-397.0
313299,Perch Wine & Coffee Bar,551,4.2,4.130687551250513,0.08166666666666667,289.0,269.0,20.0
300656,Smoke House Deli,1093,4.0,3.972165088222686,0.042907180385288964,614.0,490.0,124.0
313207,Smokey's BBQ and Grill,578,4.2,4.13367229784738,0.07814992025518341,289.0,265.0,24.0
309788,SodaBottleOpenerWala,1914,4.2,4.178814330489204,0.024961793173713703,289.0,216.0,73.0
18082237,The Artful Baker,220,4.0,3.881830969331998,0.1821561338289963,614.0,660.0,-46.0
311531,The Big Chill Cakery,912,4.4,4.3465270871491235,0.05098855359001041,116.0,110.0,6.0
18273615,The Chatter House,436,4.2,4.114252640722284,0.10103092783505155,289.0,282.0,7.0
17953908,Amaze Dining,10,3.1,3.3086869618696184,0.8305084745762712,4106.0,4318.0,-212.0
305722,Amritsari Naan & Kulcha,12,3.1,3.3018447663984833,0.8032786885245902,4106.0,4525.0,-419.0
18430600,Bangla Sweets,13,3.3,3.3405246895210885,0.7903225806451613,3125.0,3164.0,-39.0
18441800,Bj's Lounge & Cafe,11,3.0,3.2868755125051248,0.8166666666666667,4617.0,4833.0,-216.0
18337965,BTW,19,3.2,3.3090078051515808,0.7205882352941176,3596.0,4307.0,-711.0
300452,Cabana's Kabab & Curry's,73,3.3,3.3205945143467823,0.4016393442622951,3125.0,3738.0,-613.0
5590,Cafe Coffee Day,23,3.2,3.302951815976493,0.6805555555555556,3596.0,4442.0,-846.0
18070502,Chaap Point,11,3.2,3.3235421791717914,0.8166666666666667,3596.0,3655.0,-59.0
312098,Chicken Chilli Corner,10,3.1,3.3086869618696184,0.8305084745762712,4106.0,4318.0,-212.0
303635,Chinese Dragon,49,2.6,2.9756380688806887,0.5,6026.0,6165.0,-139.0
302456,Copper Restro Bar,15,2.8,3.2220707929735544,0.765625,5462.0,5505.0,-43.0
9549,Corner Sweets,100,3.2,3.2497485285255534,0.3288590604026846,3596.0,5311.0,-1715.0
306488,D'Casa,63,2.7,2.9849333102706024,0.4375,5776.0,6148.0,-372.0
302142,Delhi 15,45,2.7,3.0394950079819947,0.5212765957446809,5776.0,6062.0,-286.0
18350118,Dialogue Lounge & Cafí©,4,3.0,3.324764731137877,0.9245283018867925,4617.0,3529.0,1088.0
7396,Domino's Pizza,57,3.3,3.3237031202859195,0.46226415094339623,3125.0,3649.0,-524.0
18435836,Flavours From Heaven,12,3.3,3.3411890286935653,0.8032786885245902,3125.0,3150.0,-25.0
18277180,Flavours Of Biryani,35,3.3,3.329911080360803,0.5833333333333334,3125.0,3409.0,-284.0
18366018,Flirty Momo's,6,3.0,3.3129551045510452,0.8909090909090909,4617.0,4096.0,521.0
308555,Gedi Grill,143,3.4,3.387565264324518,0.2552083333333333,2648.0,2717.0,-69.0
306662,Green Chick Chop,23,2.7,3.1432295937542705,0.6805555555555556,5776.0,5833.0,-57.0
310253,Indian Bites,41,2.7,3.0545836750034168,0.5444444444444444,5776.0,6030.0,-254.0
5664,Karan's Vaishno Dhaba,29,3.2,3.295032445516763,0.6282051282051282,3596.0,4659.0,-1063.0
18460329,Le Swaadik,13,3.3,3.3405246895210885,0.7903225806451613,3125.0,3164.0,-39.0
18360284,Let's Meet Up,16,3.2,3.314038934620115,0.7538461538461538,3596.0,4073.0,-477.0
9552,Madan's Kabab Centre,31,3.2,3.2926566343788437,0.6125,3596.0,4702.0,-1106.0
308156,Midnight Fries,46,2.7,3.0359213763190263,0.5157894736842106,5776.0,6065.0,-289.0
308189,Moradabadi Biryani,9,3.1,3.312285012936336,0.8448275862068966,4106.0,4179.0,-73.0
300448,Namdhari's Icecream & Bakers,23,2.8,3.175174038198715,0.6805555555555556,5462.0,5726.0,-264.0
311944,Pahariya Chicken Corner,7,3.1,3.319866620541205,0.875,4106.0,3750.0,356.0
9550,Pahariya Chicken,15,2.7,3.1986332929735544,0.765625,5776.0,5613.0,163.0
18198179,Pappi Machhi Wala,9,3.2,3.3278022543156465,0.8448275862068966,3596.0,3463.0,133.0
7400,Pizza Hut Delivery,67,2.6,2.9173494030198923,0.4224137931034483,6026.0,6250.0,-224.0
309289,Polka Cakes & Coffee,17,3.3,3.3380686477319315,0.7424242424242424,3125.0,3217.0,-92.0
18365872,Punjabi Joint,4,2.8,3.3096703915152355,0.9245283018867925,5462.0,4247.0,1215.0
9050,Rain Tree Grill,74,3.2,3.2602644776447764,0.3983739837398374,3596.0,5193.0,-1597.0
18366011,Resunga Food Corner,5,3.0,3.3187505694501387,0.9074074074074074,4617.0,3823.0,794.0
305720,Shri Ram Poori Wale,8,2.8,3.2739040482510084,0.8596491228070176,5462.0,5033.0,429.0
4036,Supa's Restaurant,50,3.2,3.2748740479829035,0.494949494949495,3596.0,5002.0,-1406.0
5658,Swad Fast Food,16,2.9,3.2401927807739614,0.7538461538461538,5082.0,5376.0,-294.0
5659,Syall Kotian Da Dhaba,20,3.0,3.2494569673957607,0.7101449275362319,4617.0,5313.0,-696.0
18265677,The Krib,14,3.2,3.317659218258849,0.7777777777777778,3596.0,3903.0,-307.0
309998,Turtle Bay,74,3.4,3.380589680896809,0.3983739837398374,2648.0,2819.0,-171.0
18201995,Yakooz,20,3.1,3.2784424746421372,0.7101449275362319,4106.0,4966.0,-860.0
306245,Above & Beyond,133,3.5,3.4599589601665244,0.2692307692307692,2195.0,2244.0,-49.0
306168,Bawa Chicken,98,3.5,3.450425379253792,0.3333333333333333,2195.0,2313.0,-118.0
18365996,Chatore,26,3.6,3.4375004100040996,0.6533333333333333,1785.0,2387.0,-602.0
311448,Chocomore,68,3.7,3.553953254276132,0.4188034188034188,1422.0,1744.0,-322.0
303350,Clay 1 Grill,283,3.6,3.563290755272011,0.14759036144578314,1785.0,1709.0,76.0
18378056,Firangi Island,21,3.5,3.395893296432964,0.7,2195.0,2607.0,-412.0
9513,Jeet Chaat Bhandar,23,3.5,3.398785149309826,0.6805555555555556,2195.0,2592.0,-397.0
18303704,Mr. Grill,55,3.6,3.482812795676033,0.47115384615384615,1785.0,2081.0,-296.0
308111,Tikka Junction,102,3.5,3.4517386142404467,0.32450331125827814,2195.0,2306.0,-111.0
312922,Momos Hut & Chinese Food,20,2.4,3.0755439239174995,0.7101449275362319,6325.0,5987.0,338.0
3918,Wah Ji Wah,54,2.1,2.6952672888379365,0.47572815533980584,6480.0,6422.0,58.0
308784,Yo! China,39,2.4,2.9296878494353122,0.5568181818181818,6325.0,6236.0,89.0
2316,Aapki Apni Rasoi,6,2.9,3.3020460136419545,0.8909090909090909,5082.0,4458.0,624.0
2315,Aapki Rasoi,15,3.0,3.2689457929735544,0.765625,4617.0,5096.0,-479.0
313307,Advance Bakery,7,2.9,3.2948666205412054,0.875,5082.0,4662.0,420.0
301208,Apni Rasoi,16,2.9,3.2401927807739614,0.7538461538461538,5082.0,5376.0,-294.0
18386203,Bakeyard,6,3.0,3.3129551045510452,0.8909090909090909,4617.0,4096.0,521.0
18258507,Bharat Chicken Inn Foods,9,2.9,3.281250530177715,0.8448275862068966,5082.0,4929.0,153.0
313091,Bobby Veg Corner,5,2.9,3.309491310190879,0.9074074074074074,5082.0,4258.0,824.0
313381,Brunch Point,4,2.9,3.317217561326556,0.9245283018867925,5082.0,3922.0,1160.0
301201,Bunty Dhaba,50,2.5,2.92133869444755,0.494949494949495,6216.0,6245.0,-29.0
309496,Chandni Chowk Ka Sonu Parathe Wala,12,3.1,3.3018447663984833,0.8032786885245902,4106.0,4525.0,-419.0
2297,Chankya,79,3.2,3.2579103964867775,0.3828125,3596.0,5216.0,-1620.0
305003,Chaudhary Di Hatti,20,3.3,3.336413489134891,0.7101449275362319,3125.0,3247.0,-122.0
306310,Cook Du Kdu,52,3.2,3.273391393567401,0.48514851485148514,3596.0,5062.0,-1466.0
18332058,Daawat Restaurant,26,3.3,3.3335004100040995,0.6533333333333333,3125.0,3304.0,-179.0
18128895,Delhi Dairy,11,3.2,3.3235421791717914,0.8166666666666667,3596.0,3655.0,-59.0
312747,Domino's Pizza,13,2.9,3.256653721779153,0.7903225806451613,5082.0,5242.0,-160.0
6128,Domino's Pizza,75,3.1,3.19929460282506,0.3951612903225806,4106.0,5611.0,-1505.0
304994,F 2 Pastry Shop,26,3.3,3.3335004100040995,0.6533333333333333,3125.0,3304.0,-179.0
313132,Food Villa,10,2.9,3.2747886567848727,0.8305084745762712,5082.0,5007.0,75.0
18423095,Goosebumps,6,3.2,3.334773286369227,0.8909090909090909,3596.0,3280.0,316.0
18378024,Gulab,12,3.3,3.3411890286935653,0.8032786885245902,3125.0,3150.0,-25.0
313508,Health Buzzz,22,3.1,3.273415926060669,0.6901408450704225,4106.0,5058.0,-952.0
301213,Jain Dhaba,30,3.2,3.293829503168449,0.620253164556962,3596.0,4698.0,-1102.0
8293,Jeeta Kulfi Walle,12,3.3,3.3411890286935653,0.8032786885245902,3125.0,3150.0,-25.0
309495,Kamal Meat House,15,2.6,3.1751957929735544,0.765625,6026.0,5721.0,305.0
305565,Katyani Rasoi,10,3.2,3.3256361144119913,0.8305084745762712,3596.0,3496.0,100.0
309489,Magic Masala,11,3.0,3.2868755125051248,0.8166666666666667,4617.0,4833.0,-216.0
3772,Masala Magic,16,3.0,3.2648081653893457,0.7538461538461538,4617.0,5156.0,-539.0
301204,Mother Sweets,15,3.4,3.3626957929735544,0.765625,2648.0,3111.0,-463.0
18421495,Panj Taara,8,3.1,3.3160093114089033,0.8596491228070176,4106.0,4009.0,97.0
306656,Prince Fried N Grilled Chicken,18,2.7,3.176306429109067,0.7313432835820896,5776.0,5714.0,62.0
18126085,Punjabi's Veg Grill,10,3.1,3.3086869618696184,0.8305084745762712,4106.0,4318.0,-212.0
308942,Raja Chat Corner,20,3.3,3.336413489134891,0.7101449275362319,3125.0,3247.0,-122.0
309254,Rajshree,16,3.3,3.3386543192354994,0.7538461538461538,3125.0,3209.0,-84.0
301417,Sachdeva Chicken Corner,39,3.4,3.3728696676171306,0.5568181818181818,2648.0,2939.0,-291.0
301203,Shree Rathnam,66,2.9,3.09228287608963,0.4260869565217391,5082.0,5951.0,-869.0
18014143,Sialkot,7,3.1,3.319866620541205,0.875,4106.0,3750.0,356.0
309793,Singh-O-Singh Kebabs,54,3.1,3.219539133498131,0.47572815533980584,4106.0,5520.0,-1414.0
6131,Super Snacks,44,3.1,3.2323928037667473,0.5268817204301075,4106.0,5425.0,-1319.0
309498,Tandoori Night,15,3.1,3.2923832929735544,0.765625,4106.0,4713.0,-607.0
1274,The Chaupal Bar And Restaurant,14,2.9,3.2509925515921823,0.7777777777777778,5082.0,5276.0,-194.0
18431416,The Grill Point,4,3.0,3.324764731137877,0.9245283018867925,4617.0,3529.0,1088.0
309481,The Roll Hut,13,3.1,3.2985892056501207,0.7903225806451613,4106.0,4589.0,-483.0
301207,Triveni,31,3.2,3.2926566343788437,0.6125,3596.0,4702.0,-1106.0
18409201,Gokul Foods,22,3.6,3.4283455035254575,0.6901408450704225,1785.0,2452.0,-667.0
308938,Papa Pizza,21,3.5,3.395893296432964,0.7,2195.0,2607.0,-412.0
18382338,Rainbows,10,3.1,3.3086869618696184,0.8305084745762712,4106.0,4318.0,-212.0
17977751,The Nest,218,3.5,3.472706107679054,0.18352059925093633,2195.0,2143.0,52.0
9571,Ambersari Dhaba,44,3.4,3.3743282876377148,0.5268817204301075,2648.0,2920.0,-272.0
313491,Arabian Knites,7,3.0,3.307366620541205,0.875,4617.0,4362.0,255.0
18260714,Aryan's Rajasthani Pyaz Ki Kachori,4,3.1,3.3323119009491977,0.9245283018867925,4106.0,3343.0,763.0
310344,Aviram's Chinese Kitchen,4,2.7,3.3021232217039147,0.9245283018867925,5776.0,4454.0,1322.0
9875,Bhagwan Sweets,8,2.8,3.2739040482510084,0.8596491228070176,5462.0,5033.0,429.0
18396161,Chawla,7,2.7,3.269866620541205,0.875,5776.0,5086.0,690.0
9572,Chinese Hut,56,3.2,3.2705955309553096,0.4666666666666667,3596.0,5084.0,-1488.0
18371289,Flavourz,6,3.3,3.3456823772783175,0.8909090909090909,3125.0,3125.0,0.0
18356840,Lets Bake Love,4,3.0,3.324764731137877,0.9245283018867925,4617.0,3529.0,1088.0
303784,Mahadev Dhaba,10,2.6,3.223941199157754,0.8305084745762712,6026.0,5493.0,533.0
9906,Sethi's Food Corner,40,3.3,3.328230682587724,0.550561797752809,3125.0,3429.0,-304.0
305581,Sethi's Restaurant,49,3.4,3.3756380688806886,0.5,2648.0,2901.0,-253.0
9588,Sindhi Kulfi,4,3.0,3.324764731137877,0.9245283018867925,4617.0,3529.0,1088.0
312798,Sri Kamakshi Vilas,9,2.7,3.250216047419095,0.8448275862068966,5776.0,5284.0,492.0
18361738,The Midnight Hub - C,102,2.6,2.8437915943728975,0.32450331125827814,6026.0,6321.0,-295.0
9579,Anand Ji,183,3.8,3.7052264256478766,0.21120689655172414,1087.0,1156.0,-69.0
309816,Happy Hakka,270,3.7,3.646434265674945,0.1536050156739812,1422.0,1379.0,43.0
307283,Oberoi's,75,3.6,3.5017139576637697,0.3951612903225806,1785.0,1982.0,-197.0
311150,Relax Restaurant,116,3.5,3.455833519698833,0.296969696969697,2195.0,2276.0,-81.0
7856,Aggarwal Sweet Corner,22,3.4,3.3663736725395417,0.6901408450704225,2648.0,3046.0,-398.0
18365894,Behrouz Biryani,32,3.0,3.2125003796334255,0.6049382716049383,4617.0,5559.0,-942.0
18441523,Biryani Blues,8,3.1,3.3160093114089033,0.8596491228070176,4106.0,4009.0,97.0
18400728,Burger King,45,3.4,3.3746013909607178,0.5212765957446809,2648.0,2914.0,-266.0
310345,Domino's Pizza,47,2.5,2.934505528649036,0.5104166666666666,6216.0,6233.0,-17.0
9596,Gopal (Sindhi) Restaurant,59,3.4,3.377893803243588,0.4537037037037037,2648.0,2866.0,-218.0
302577,Kabul Delhi,39,2.9,3.1512787585262214,0.5568181818181818,5082.0,5808.0,-726.0
18334458,Khan Chacha,31,2.9,3.1764066343788437,0.6125,5082.0,5713.0,-631.0
4847,Pizza Hut Delivery,54,2.8,3.0622575801000727,0.47572815533980584,5462.0,6020.0,-558.0
2601,Punjabi Jaika,40,3.3,3.328230682587724,0.550561797752809,3125.0,3429.0,-304.0
3490,Rozy Restaurant,50,2.6,2.9718437449526007,0.494949494949495,6026.0,6176.0,-150.0
18349930,Taj Cafe,18,3.1,3.283769115676231,0.7313432835820896,4106.0,4877.0,-771.0
7735,Tewari Sweets,33,3.1,3.25015281402814,0.5975609756097561,4106.0,5308.0,-1202.0
301239,The Burger Hut & Cake Shop,41,3.0,3.1912503416700826,0.5444444444444444,4617.0,5651.0,-1034.0
7861,Angel's Basket,70,3.5,3.4387607626076258,0.4117647058823529,2195.0,2385.0,-190.0
491,Bikanervala,269,3.7,3.646265819969521,0.1540880503144654,1422.0,1381.0,41.0
553,Haldiram's,472,3.8,3.7577975638201675,0.09404990403071017,1087.0,993.0,94.0
18426285,Moon of Taj,21,3.8,3.485893296432964,0.7,1087.0,2062.0,-975.0
18345810,Tongue Thai'd,57,3.7,3.538797459908561,0.46226415094339623,1422.0,1812.0,-390.0
7906,Udupi Sai Sarover,63,3.8,3.603683310270602,0.4375,1087.0,1534.0,-447.0
311593,Wagh Bakri Tea Lounge,54,3.5,3.4292478713622083,0.47572815533980584,2195.0,2445.0,-250.0
1533,Tibet Kitchen,515,3.5,3.4870789552310417,0.08687943262411348,2195.0,2052.0,143.0
9529,Baba Nagpal Corner,577,4.1,4.041393819089948,0.07827476038338659,429.0,390.0,39.0
311466,Burger Street,32,3.4,3.3705250709914503,0.6049382716049383,2648.0,2987.0,-339.0
5358,Dilli Zaika,23,3.2,3.302951815976493,0.6805555555555556,3596.0,4442.0,-846.0
301532,Mughal Chic Inn,23,3.3,3.3348962604209373,0.6805555555555556,3125.0,3272.0,-147.0
18336529,Nutrition Theka,12,3.3,3.3411890286935653,0.8032786885245902,3125.0,3150.0,-25.0
301530,Punjabi Chaap Corner,20,3.1,3.2784424746421372,0.7101449275362319,4106.0,4966.0,-860.0
18317975,Samosa Street,7,3.3,3.3448666205412048,0.875,3125.0,3128.0,-3.0
18469935,Shanu's Chicken Planet,11,3.2,3.3235421791717914,0.8166666666666667,3596.0,3655.0,-59.0
300874,Shanu's Food Shop,13,2.8,3.235685979843669,0.7903225806451613,5462.0,5401.0,61.0
301677,Rahul Eggs,762,4.2,4.148720753082993,0.06041923551171394,289.0,247.0,42.0
8537,7 Stick,8,2.8,3.2739040482510084,0.8596491228070176,5462.0,5033.0,429.0
18268367,Aashirwad Restaurant,5,2.6,3.2817135324131015,0.9074074074074074,6026.0,4925.0,1101.0
18244534,Amar Bakery,13,3.3,3.3405246895210885,0.7903225806451613,3125.0,3164.0,-39.0
8517,Apni Rasoi,24,3.1,3.268664804798733,0.6712328767123288,4106.0,5103.0,-997.0
310653,Baked Buns,18,3.1,3.283769115676231,0.7313432835820896,4106.0,4877.0,-771.0
312479,Banspi,13,2.9,3.256653721779153,0.7903225806451613,5082.0,5242.0,-160.0
18222593,Benchmark,14,2.8,3.2287703293699597,0.7777777777777778,5462.0,5460.0,2.0
2012,Bobby Tikki Wala,74,3.0,3.1399392743927437,0.3983739837398374,4617.0,5849.0,-1232.0
6265,Cafe Coffee Day,18,2.7,3.176306429109067,0.7313432835820896,5776.0,5714.0,62.0
9829,Cafe Coffee Day,14,2.8,3.2287703293699597,0.7777777777777778,5462.0,5460.0,2.0
311949,Canteeno,7,3.0,3.307366620541205,0.875,4617.0,4362.0,255.0
18421027,Chai Mantra,15,3.2,3.3158207929735544,0.765625,3596.0,4042.0,-446.0
304957,Chandni Chowk ke Mashhoor Makkhan Wale Paranthe,9,2.8,3.2657332887984047,0.8448275862068966,5462.0,5138.0,324.0
305948,Chandni Chowk Parantha Corner,8,3.1,3.3160093114089033,0.8596491228070176,4106.0,4009.0,97.0
306113,Chauhan Laxmi Sweets,11,3.0,3.2868755125051248,0.8166666666666667,4617.0,4833.0,-216.0
305987,Chawla's The Cake Room,17,3.4,3.363826223489507,0.7424242424242424,2648.0,3098.0,-450.0
4935,China Town,11,2.9,3.2685421791717912,0.8166666666666667,5082.0,5109.0,-27.0
313265,Domino's Pizza,46,2.6,2.987500323687447,0.5157894736842106,6026.0,6141.0,-115.0
18414470,Faasos,10,2.6,3.223941199157754,0.8305084745762712,6026.0,5493.0,533.0
18377903,Fast Trax,4,3.2,3.339859070760519,0.9245283018867925,3596.0,3193.0,403.0
300729,Finger Licious,188,3.4,3.3899262900856852,0.20675105485232068,2648.0,2686.0,-38.0
9850,Gulshan Pastry Shop,9,3.0,3.2967677715570254,0.8448275862068966,4617.0,4614.0,3.0
4939,Handa's,8,2.6,3.2458338728124123,0.8596491228070176,6026.0,5332.0,694.0
18416369,Homely Delight,7,3.1,3.319866620541205,0.875,4106.0,3750.0,356.0
311194,Jahangeer Foods,64,2.7,2.982411776551394,0.4336283185840708,5776.0,6151.0,-375.0
1205,Kaleva,61,3.3,3.322841188639159,0.44545454545454544,3125.0,3686.0,-561.0
305949,Laxmi Vaishno Dhaba,13,3.0,3.277621463714637,0.7903225806451613,4617.0,4975.0,-358.0
18400760,Little Pleasure Restaurant & Cafe,7,2.9,3.2948666205412054,0.875,5082.0,4662.0,420.0
18372696,Mauryan Multi Cuisine Restaurant,31,3.4,3.3701566343788434,0.6125,2648.0,2992.0,-344.0
9849,Mehta Food Junction,8,3.0,3.301974223689605,0.8596491228070176,4617.0,4498.0,119.0
305298,Om Bikaner Wale,8,2.8,3.2739040482510084,0.8596491228070176,5462.0,5033.0,429.0
18451584,Ovenstory Pizza,17,2.9,3.2350383447016284,0.7424242424242424,5082.0,5417.0,-335.0
18291212,Prasadam,34,2.8,3.125452177714548,0.5903614457831325,5462.0,5887.0,-425.0
6072,Priyanshi Fast Food,29,3.3,3.33221193269625,0.6282051282051282,3125.0,3357.0,-232.0
308253,Punjabi Tadka,21,3.1,3.275893296432964,0.7,4106.0,4986.0,-880.0
18354257,Pyaali,7,2.8,3.2823666205412048,0.875,5462.0,4890.0,572.0
6095,Ruby Dhaba,25,2.7,3.1312504155446956,0.6621621621621622,5776.0,5871.0,-95.0
305942,Shree Manakamna Fast Food,31,3.4,3.3701566343788434,0.6125,2648.0,2992.0,-344.0
18208895,The Chinese Hut,10,3.0,3.2917378093272456,0.8305084745762712,4617.0,4730.0,-113.0
309190,The Chinese Hut,23,3.2,3.302951815976493,0.6805555555555556,3596.0,4442.0,-846.0
18472702,The Chinese Kitchen,7,3.1,3.319866620541205,0.875,4106.0,3750.0,356.0
311331,Twenty Four Seven,13,3.1,3.2985892056501207,0.7903225806451613,4106.0,4589.0,-483.0
18418242,Vegie Kitchen,10,3.1,3.3086869618696184,0.8305084745762712,4106.0,4318.0,-212.0
18365372,Behrouz Biryani,22,3.5,3.3973595880325,0.6901408450704225,2195.0,2599.0,-404.0
18415367,Burger King,66,3.5,3.4366307021765867,0.4260869565217391,2195.0,2396.0,-201.0
18382755,Mohit di Hatti,70,3.8,3.6152313508429197,0.4117647058823529,1087.0,1493.0,-406.0
312385,Play Pizza,270,3.8,3.731073764107547,0.1536050156739812,1087.0,1075.0,12.0
18345730,Sushiya Express,40,3.7,3.5080059634866005,0.550561797752809,1422.0,1961.0,-539.0
312639,Tantrum Coffee Bar,54,3.5,3.4292478713622083,0.47572815533980584,2195.0,2445.0,-250.0
6122,Bharat Chicken Inn,41,2.4,2.91791700833675,0.5444444444444444,6325.0,6248.0,77.0
584,Nathu's Sweets,121,2.1,2.460661945590044,0.28823529411764703,6480.0,6493.0,-13.0
4725,Wah Ji Wah,120,2.2,2.533801957102411,0.28994082840236685,6454.0,6480.0,-26.0
18070486,QD's Restaurant,675,4.1,4.049326699931363,0.06767955801104972,429.0,376.0,53.0
3943,Henri's Bar - Le Meridien,20,3.3,3.336413489134891,0.7101449275362319,3125.0,3247.0,-122.0
3246,Le Belvedere - Le Meridien,114,3.5,3.455291599695138,0.3006134969325153,2195.0,2282.0,-87.0
4380,Longitude - Le Meridien,90,3.9,3.7065649694266725,0.35251798561151076,807.0,1151.0,-344.0
6600,Nero - Le Meridien,39,3.5,3.417187849435312,0.5568181818181818,2195.0,2503.0,-308.0
3937,The One - Le Meridien,273,3.8,3.7317159340071657,0.15217391304347827,1087.0,1073.0,14.0
3235,Eau De Monsoon - Le Meridien,189,4.0,3.866439204833225,0.20588235294117646,614.0,702.0,-88.0
306815,Slounge - Lemon Tree Premier,26,3.5,3.402833743337433,0.6533333333333333,2195.0,2572.0,-377.0
5869,Al Bake,66,2.5,2.8627176586983256,0.4260869565217391,6216.0,6302.0,-86.0
18273623,Al-Bawarchi,15,3.1,3.2923832929735544,0.765625,4106.0,4713.0,-607.0
2997,Big Dragon,81,3.1,3.1947117750023653,0.3769230769230769,4106.0,5637.0,-1531.0
3371,BTW,205,3.3,3.309891853347667,0.19291338582677164,3125.0,4246.0,-1121.0
3003,Capital Curry,54,3.1,3.219539133498131,0.47572815533980584,4106.0,5520.0,-1414.0
3004,Domino's Pizza,81,2.5,2.8208656211562113,0.3769230769230769,6216.0,6340.0,-124.0
3744,Ekta's Kitchen,67,3.2,3.263901127157823,0.4224137931034483,3596.0,5172.0,-1576.0
9996,Gopal's,8,2.9,3.2879391359703063,0.8596491228070176,5082.0,4805.0,277.0
2999,Moti Mahal Delux,72,2.6,2.9042357913248553,0.4049586776859504,6026.0,6266.0,-240.0
9929,Open Oven,51,3.4,3.376125307503075,0.49,2648.0,2890.0,-242.0
3002,Relax Xpress,75,3.2,3.259778473792802,0.3951612903225806,3596.0,5208.0,-1612.0
5899,Roll Club,27,2.7,3.119901720398783,0.6447368421052632,5776.0,5892.0,-116.0
2995,SM Gopal Ice Cream & Cakes,15,3.2,3.3158207929735544,0.765625,3596.0,4042.0,-446.0
9316,Bangla Sweet Corner,32,2.6,3.054475688275401,0.6049382716049383,6026.0,6033.0,-7.0
311766,Chinois,7,3.0,3.307366620541205,0.875,4617.0,4362.0,255.0
3493,Dawat,49,2.9,3.1256380688806886,0.5,5082.0,5882.0,-800.0
18027962,Establishment Ristorante,12,3.1,3.3018447663984833,0.8032786885245902,4106.0,4525.0,-419.0
1407,Ganesha Sweets & Restaurant,26,2.6,3.090833743337433,0.6533333333333333,6026.0,5955.0,71.0
1917,Gopala,25,3.3,3.3339531182473983,0.6621621621621622,3125.0,3294.0,-169.0
3497,Green Chick Chop,12,2.9,3.262500504103401,0.8032786885245902,5082.0,5178.0,-96.0
3494,Hot Chimney,55,2.5,2.901082026445264,0.47115384615384615,6216.0,6268.0,-52.0
18222557,Icon,18,3.2,3.310634787318022,0.7313432835820896,3596.0,4227.0,-631.0
1397,Juneja's Eating Plaza,98,3.4,3.383758712587126,0.3333333333333333,2648.0,2772.0,-124.0
18346857,Lodhi Knights,8,3.1,3.3160093114089033,0.8596491228070176,4106.0,4009.0,97.0
6222,Ram Singh's Bhoj,6,2.9,3.3020460136419545,0.8909090909090909,5082.0,4458.0,624.0
5727,Republic of Chicken,10,2.7,3.2408903517001266,0.8305084745762712,5776.0,5369.0,407.0
776,Slice of Italy,171,3.3,3.311420594319579,0.22272727272727272,3125.0,4222.0,-1097.0
305604,Subway,66,3.2,3.2644567891331087,0.4260869565217391,3596.0,5162.0,-1566.0
18391309,The Altitude Cafe and Deli,11,3.1,3.305208845838458,0.8166666666666667,4106.0,4413.0,-307.0
18255171,Tokyo Mon Amour,10,3.1,3.3086869618696184,0.8305084745762712,4106.0,4318.0,-212.0
313280,Bhane,26,3.6,3.4375004100040996,0.6533333333333333,1785.0,2387.0,-602.0
18279453,Celeste,14,3.5,3.3843258849255156,0.7777777777777778,2195.0,2758.0,-563.0
9315,Chidambaram's New Madras Hotel,330,3.8,3.7419855692620247,0.12928759894459102,1087.0,1040.0,47.0
18438416,CJ's Fresh,25,3.8,3.502872037166317,0.6621621621621622,1087.0,1976.0,-889.0
303753,Elma's Brasserie,393,3.7,3.6613405673083883,0.11085972850678733,1422.0,1323.0,99.0
7515,Kunafa,200,3.9,3.792018195784367,0.19678714859437751,807.0,870.0,-63.0
308195,Lahori Gate,148,3.5,3.4630077703061293,0.24873096446700507,2195.0,2225.0,-30.0
306088,M I Food Center,202,3.8,3.712400520917559,0.1952191235059761,1087.0,1124.0,-37.0
307223,Sugar Blossoms,58,3.6,3.486098418227173,0.45794392523364486,1785.0,2057.0,-272.0
658,Cafe Coffee Day,52,2.3,2.8100250569337373,0.48514851485148514,6408.0,6354.0,54.0
304931,Guppy,665,4.1,4.048616989846368,0.06862745098039216,429.0,377.0,52.0
18277165,Ping's Cafí© Orient,278,4.1,3.987805904435191,0.14984709480122324,429.0,454.0,-25.0
1819,The All American Diner,3495,4.1,4.0896480052907185,0.013826185101580136,429.0,300.0,129.0
6203,Armaan's Restaurant,8,2.8,3.2739040482510084,0.8596491228070176,5462.0,5033.0,429.0
5840,Garden Chef,63,3.0,3.153683310270602,0.4375,4617.0,5801.0,-1184.0
307695,Golooji's Chat Waat,13,3.3,3.3405246895210885,0.7903225806451613,3125.0,3164.0,-39.0
307693,Oriental Lee,19,2.7,3.1693019227986396,0.7205882352941176,5776.0,5747.0,29.0
301654,Peshawari Restaurant,55,3.1,3.2183897187529564,0.47115384615384615,4106.0,5524.0,-1418.0
307696,Tikka Town,53,3.1,3.2207110857873285,0.4803921568627451,4106.0,5513.0,-1407.0
6202,Titu Restaurant,13,2.9,3.256653721779153,0.7903225806451613,5082.0,5242.0,-160.0
300888,Vijay Dhaba,7,2.9,3.2948666205412054,0.875,5082.0,4662.0,420.0
307694,Wild Willy,19,3.2,3.3090078051515808,0.7205882352941176,3596.0,4307.0,-711.0
311470,Diva Spiced,131,3.7,3.605069615279486,0.2722222222222222,1422.0,1527.0,-105.0
307692,Granma's Homemade,25,3.6,3.4353044695987496,0.6621621621621622,1785.0,2409.0,-624.0
4924,Karim's,194,3.8,3.7095165874498246,0.20164609053497942,1087.0,1138.0,-51.0
302742,Sab Ki Khatir,162,3.7,3.6190167334137793,0.23222748815165878,1422.0,1480.0,-58.0
1188,Lodi - The Garden Restaurant,2549,4.2,4.1839925060624745,0.018860662047729022,289.0,212.0,77.0
7353,Aggarwal Sweets & Restaurant,11,2.7,3.231875512505125,0.8166666666666667,5776.0,5429.0,347.0
7365,Ashirwad Dhaba,5,2.9,3.309491310190879,0.9074074074074074,5082.0,4258.0,824.0
303851,Barichi Restaurant,7,2.9,3.2948666205412054,0.875,5082.0,4662.0,420.0
9097,Bikaner Sweets,14,2.7,3.206548107147738,0.7777777777777778,5776.0,5580.0,196.0
7317,Bikaner,6,2.9,3.3020460136419545,0.8909090909090909,5082.0,4458.0,624.0
311067,Chatori Zubaan 2,5,3.0,3.3187505694501387,0.9074074074074074,4617.0,3823.0,794.0
305201,Chinese Mania,17,3.2,3.312311071974356,0.7424242424242424,3596.0,4157.0,-561.0
18312458,Da Pizza Corner,6,2.5,3.2584096500055906,0.8909090909090909,6216.0,5211.0,1005.0
7332,Dhaba Cash 'N' Carry Kitchen,16,3.1,3.2894235500047304,0.7538461538461538,4106.0,4784.0,-678.0
305180,Dom Dang Kins Restaurant,12,3.1,3.3018447663984833,0.8032786885245902,4106.0,4525.0,-419.0
4312,First Choice,11,2.9,3.2685421791717912,0.8166666666666667,5082.0,5109.0,-27.0
18356811,Hungry Hut,6,3.1,3.323864195460136,0.8909090909090909,4106.0,3626.0,480.0
7315,Le Seasons Restaurant,17,2.8,3.2092807689440526,0.7424242424242424,5462.0,5573.0,-111.0
9145,Moti Mahal Delux,22,3.0,3.242430010567711,0.6901408450704225,4617.0,5361.0,-744.0
18025111,Popsy's,5,3.0,3.3187505694501387,0.9074074074074074,4617.0,3823.0,794.0
303958,Prabhu,8,3.1,3.3160093114089033,0.8596491228070176,4106.0,4009.0,97.0
4311,Saptagiri,10,2.8,3.2578395042424995,0.8305084745762712,5462.0,5222.0,240.0
7309,Spice Hut,15,2.9,3.2455082929735544,0.765625,5082.0,5334.0,-252.0
7307,Taste of Vishal,6,2.9,3.3020460136419545,0.8909090909090909,5082.0,4458.0,624.0
4315,The Tandoori Night,5,2.8,3.30023205093162,0.9074074074074074,5462.0,4556.0,906.0
305151,Traffic Jaam,5,2.9,3.309491310190879,0.9074074074074074,5082.0,4258.0,824.0
7366,Tripti,16,3.1,3.2894235500047304,0.7538461538461538,4106.0,4784.0,-678.0
9141,Uttaranchal Dhaba & Restaurant,5,2.9,3.309491310190879,0.9074074074074074,5082.0,4258.0,824.0
18333396,Wah Ji Wah,6,2.9,3.3020460136419545,0.8909090909090909,5082.0,4458.0,624.0
7363,Resto 37,23,3.9,3.526562927087604,0.6805555555555556,807.0,1864.0,-1057.0
3286,The Cavalry Bar - Maidens Hotel,17,2.7,3.183523193186477,0.7424242424242424,5776.0,5688.0,88.0
4374,The Curzon Room - Maidens Hotel,39,3.4,3.3728696676171306,0.5568181818181818,2648.0,2939.0,-291.0
4373,The Garden Terrace - Maidens Hotel,57,3.3,3.3237031202859195,0.46226415094339623,3125.0,3649.0,-524.0
18232577,Ama Rabsel House,8,3.0,3.301974223689605,0.8596491228070176,4617.0,4498.0,119.0
18317502,Cafe Plus,13,3.2,3.3195569475856046,0.7903225806451613,3596.0,3802.0,-206.0
18410770,Hornbill,7,3.1,3.319866620541205,0.875,4106.0,3750.0,356.0
18303701,Orange Cafe & Restaurant,8,3.1,3.3160093114089033,0.8596491228070176,4106.0,4009.0,97.0
308286,33 Food,93,3.2,3.252200920776813,0.34507042253521125,3596.0,5271.0,-1675.0
18261723,Burger Point,78,3.3,3.319783706695334,0.3858267716535433,3125.0,3796.0,-671.0
18463424,Cafe Blur,7,3.1,3.319866620541205,0.875,4106.0,3750.0,356.0
650,Cafe Coffee Day,52,2.5,2.91299535396344,0.48514851485148514,6216.0,6254.0,-38.0
1037,Cafe Rendezvous,191,3.3,3.3104688781262808,0.20416666666666666,3125.0,4241.0,-1116.0
6377,Cakes & Bakes,75,3.4,3.3807462157282857,0.3951612903225806,2648.0,2815.0,-167.0
311609,Chatorey Chacha,51,3.3,3.3251253075030744,0.49,3125.0,3523.0,-398.0
18175252,Chilli Dragon,35,3.3,3.329911080360803,0.5833333333333334,3125.0,3409.0,-284.0
309448,DCK- Dana Choga's Kitchen,297,3.4,3.3930997998563797,0.1416184971098266,2648.0,2639.0,9.0
2863,Divya's Rimpy Restaurant,245,3.2,3.225212689626896,0.16666666666666666,3596.0,5488.0,-1892.0
5135,Express Dhaba,68,2.7,2.972756673079551,0.4188034188034188,5776.0,6174.0,-398.0
300828,Go Foodie,105,3.3,3.3163151347422564,0.3181818181818182,3125.0,4008.0,-883.0
18238307,Health Pan,45,3.4,3.3746013909607178,0.5212765957446809,2648.0,2914.0,-266.0
1040,Karim's,183,3.0,3.0741919428892563,0.21120689655172414,4617.0,5995.0,-1378.0
18285199,Karuna,15,3.0,3.2689457929735544,0.765625,4617.0,5096.0,-479.0
303423,Kathi,75,2.8,3.017842989921834,0.3951612903225806,5462.0,6097.0,-635.0
18354972,King Chilly Kitchen,17,3.2,3.312311071974356,0.7424242424242424,3596.0,4157.0,-561.0
18332076,Kolhapuri Veg Non-Veg Foods,20,3.3,3.336413489134891,0.7101449275362319,3125.0,3247.0,-122.0
1406,Mehfil Dhaba,214,3.4,3.39092217015326,0.18631178707224336,2648.0,2675.0,-27.0
308444,Moti Mahal Delux - Legendary Culinary,146,2.6,2.788782208975936,0.2512820512820513,6026.0,6372.0,-346.0
309452,Open Oven,103,3.4,3.3842929654625493,0.3223684210526316,2648.0,2765.0,-117.0
310312,Paapi Paet,250,3.3,3.3084031128772824,0.16387959866220736,3125.0,4351.0,-1226.0
305162,Pepper Corn Express,50,3.4,3.3758841489930047,0.494949494949495,2648.0,2895.0,-247.0
18471299,Pinch Of China,14,3.2,3.317659218258849,0.7777777777777778,3596.0,3903.0,-307.0
4855,Pizza Hut Delivery,120,2.8,2.959837460060991,0.28994082840236685,5462.0,6195.0,-733.0
18272382,Punjabee's Darbar,34,3.0,3.207379888557921,0.5903614457831325,4617.0,5578.0,-961.0
313398,Ramjee's,62,3.3,3.3226354121649324,0.44144144144144143,3125.0,3691.0,-566.0
307746,Rollmaal,218,3.4,3.3910581676041476,0.18352059925093633,2648.0,2671.0,-23.0
3043,Shaolin,217,3.4,3.391024551692885,0.18421052631578946,2648.0,2673.0,-25.0
301190,Subway,183,2.8,2.916433322199601,0.21120689655172414,5462.0,6253.0,-791.0
18233599,The Chocolate Room,155,3.4,3.388296719364252,0.24019607843137256,2648.0,2706.0,-58.0
1036,The Delhi Heights,198,2.8,2.9093624726733096,0.19838056680161945,5462.0,6259.0,-797.0
310665,Thok (The House of Kakori),485,3.4,3.395529083802074,0.09176029962546817,2648.0,2621.0,27.0
18322671,Uloo,134,3.2,3.2405056325153416,0.2677595628415301,3596.0,5374.0,-1778.0
18353692,Vadapav Junction & More,37,3.3,3.3292154738407844,0.5697674418604651,3125.0,3421.0,-296.0
18365877,Behrouz Biryani,61,3.6,3.4892048250027954,0.44545454545454544,1785.0,2038.0,-253.0
310848,Beliram Degchiwala,226,3.5,3.4735001118192996,0.1781818181818182,2195.0,2137.0,58.0
18398602,Bhukkhar,100,3.9,3.719547186243674,0.3288590604026846,807.0,1106.0,-299.0
18376472,Biryani Blues,113,3.9,3.7340279675944905,0.30246913580246915,807.0,1064.0,-257.0
18455531,Bun Intended,50,3.9,3.628409401518257,0.494949494949495,807.0,1444.0,-637.0
18208912,Casa Asia,306,3.8,3.7380634669022745,0.13802816901408452,1087.0,1049.0,38.0
2586,Chic Fish,361,3.5,3.4822256847568474,0.11951219512195121,2195.0,2086.0,109.0
301722,Dunkin' Donuts,290,3.6,3.564048763275243,0.14454277286135694,1785.0,1705.0,80.0
18285729,Farratta,93,3.7,3.5796657095092077,0.34507042253521125,1422.0,1611.0,-189.0
305526,Flavors of Chennai,370,3.7,3.6592184504780607,0.11694510739856802,1422.0,1331.0,91.0
18357542,Food For Thought,55,3.8,3.588582026445264,0.47115384615384615,1087.0,1578.0,-491.0
18291199,FreshMenu,132,3.7,3.605594092543136,0.27071823204419887,1422.0,1525.0,-103.0
5726,Giani's,145,3.7,3.611920261599523,0.25257731958762886,1422.0,1505.0,-83.0
302922,Gopala,45,3.8,3.5660907526628454,0.5212765957446809,1087.0,1690.0,-603.0
7658,Green Chick Chop,52,3.5,3.4278468391119548,0.48514851485148514,2195.0,2458.0,-263.0
18286490,Hunger Must Die,99,3.7,3.584544126691267,0.3310810810810811,1422.0,1589.0,-167.0
7654,Kolkata Kathi Roll,82,3.6,3.5069658835901336,0.37404580152671757,1785.0,1966.0,-181.0
18254534,Max Grille and Kitchen,99,3.5,3.4507603429074827,0.3310810810810811,2195.0,2312.0,-117.0
9100,Moti Sweets,114,3.6,3.525230250001887,0.3006134969325153,1785.0,1873.0,-88.0
6475,Nazeer Foods,427,3.6,3.5743960730048476,0.10294117647058823,1785.0,1641.0,144.0
300302,Nikashee,408,3.7,3.662609476477697,0.10722100656455143,1422.0,1319.0,103.0
304302,Noodle Box,60,3.5,3.433142483947775,0.44954128440366975,2195.0,2423.0,-228.0
306166,Pema's,412,3.6,3.573562973427999,0.10629067245119306,1785.0,1646.0,139.0
18345755,Plumber - The Lounge,38,3.9,3.5909486293138793,0.5632183908045977,807.0,1568.0,-761.0
9751,Pudding & Pie,137,3.7,3.6081318857543416,0.26344086021505375,1422.0,1517.0,-95.0
2867,RP's Restaurant,259,3.5,3.4763393855529463,0.1590909090909091,2195.0,2121.0,74.0
8346,Soi Thai,148,3.6,3.538134673859429,0.24873096446700507,1785.0,1819.0,-34.0
305871,Speedy Chow,268,3.6,3.5615537247643774,0.15457413249211358,1785.0,1715.0,70.0
18425151,Stoned Age Kitchen,91,3.9,3.7079466482164816,0.35,807.0,1144.0,-337.0
998,Suribachi,104,3.5,3.4523694820281534,0.3202614379084967,2195.0,2302.0,-107.0
452,Swagath,168,3.5,3.46641719239773,0.22580645161290322,2195.0,2203.0,-8.0
18163892,The Delhi Canteen,305,3.6,3.5655721207635804,0.1384180790960452,1785.0,1695.0,90.0
18432219,The Grill Kitchen,75,3.8,3.6226816995992537,0.3951612903225806,1087.0,1467.0,-380.0
18458339,The Midnight Heroes,41,3.7,3.510139230558972,0.5444444444444444,1422.0,1951.0,-529.0
18375421,The Salad Bowl,34,3.5,3.4121991656663546,0.5903614457831325,2195.0,2525.0,-330.0
209,Domino's Pizza,185,2.3,2.520139020300459,0.2094017094017094,6408.0,6484.0,-76.0
18428394,Food Army,18,2.3,3.068843742541903,0.7313432835820896,6408.0,6004.0,404.0
1030,Moti Restaurant,137,2.4,2.6506050040339115,0.26344086021505375,6325.0,6445.0,-120.0
7661,New Baba Da Dhaba,84,2.0,2.497838577069981,0.3684210526315789,6495.0,6488.0,7.0
6179,Tunday Kababi,182,2.2,2.444210089828171,0.21212121212121213,6454.0,6494.0,-40.0
18446475,Dilli BC,84,4.4,4.013628050754192,0.3684210526315789,116.0,426.0,-310.0
311161,Litti.In,308,4.0,3.9109594698888164,0.13725490196078433,614.0,606.0,8.0
313206,Nizam's Kathi Kabab,153,4.0,3.842636290843106,0.24257425742574257,614.0,767.0,-153.0
18334452,Pepper Kitchen,244,4.0,3.891510343857705,0.16723549488054607,614.0,636.0,-22.0
18253111,Rustom's Cafe & Bakery,84,4.1,3.824154366543665,0.3684210526315789,429.0,810.0,-381.0
18219545,Salad Days,255,4.0,3.895435956415485,0.1611842105263158,614.0,632.0,-18.0
18348970,Stop My Starvation,126,4.3,4.034357318573186,0.28,190.0,400.0,-210.0
18334465,Sushi Junction,53,4.0,3.6883581446108575,0.4803921568627451,614.0,1206.0,-592.0
18272370,Vero Gusto,135,4.1,3.9006115801647145,0.266304347826087,429.0,623.0,-194.0
311846,Snack Junction,10,3.2,3.3256361144119913,0.8305084745762712,3596.0,3496.0,100.0
311432,Turant,47,3.3,3.326172195315703,0.5104166666666666,3125.0,3483.0,-358.0
313175,Aromas of Pind,278,4.2,4.072821194955069,0.14984709480122324,289.0,335.0,-46.0
301842,Apna Dhaba and Caters,20,3.2,3.307427981888514,0.7101449275362319,3596.0,4354.0,-758.0
311378,Green Chick Chop,7,2.7,3.269866620541205,0.875,5776.0,5086.0,690.0
301830,Jai Shree Durga South Indian Corner,6,3.0,3.3129551045510452,0.8909090909090909,4617.0,4096.0,521.0
18323144,Malabar Catering House,13,3.2,3.3195569475856046,0.7903225806451613,3596.0,3802.0,-206.0
311377,Meenakshi Bhawan,14,3.1,3.2954369960366265,0.7777777777777778,4106.0,4638.0,-532.0
301848,New Raja Sweets,18,2.9,3.2300377723926488,0.7313432835820896,5082.0,5452.0,-370.0
307998,Pizza Treat,6,3.0,3.3129551045510452,0.8909090909090909,4617.0,4096.0,521.0
5940,Pudding & Pie,7,3.1,3.319866620541205,0.875,4106.0,3750.0,356.0
301826,Rita Chinese Food,10,3.1,3.3086869618696184,0.8305084745762712,4106.0,4318.0,-212.0
312923,Vibes of Punjab,21,3.2,3.305893296432964,0.7,3596.0,4404.0,-808.0
301817,Ramji Di Hatti & Caterers,25,3.5,3.401520685814966,0.6621621621621622,2195.0,2583.0,-388.0
301820,Spicy Tadka,24,3.5,3.400171654113801,0.6712328767123288,2195.0,2585.0,-390.0
18429423,9 is Mine,4,2.6,3.294576051892594,0.9245283018867925,6026.0,4695.0,1331.0
6180,Aashirwad,19,3.2,3.3090078051515808,0.7205882352941176,3596.0,4307.0,-711.0
301108,Aggarwal Sweet & Bakers,5,2.9,3.309491310190879,0.9074074074074074,5082.0,4258.0,824.0
8105,Amit Hotel,7,2.9,3.2948666205412054,0.875,5082.0,4662.0,420.0
313185,Angrezee Dhaba,7,2.8,3.2823666205412048,0.875,5462.0,4890.0,572.0
8109,Ankur Family Restaurant,4,2.9,3.317217561326556,0.9245283018867925,5082.0,3922.0,1160.0
304267,Bansal Sweet,20,2.7,3.1625004456566304,0.7101449275362319,5776.0,5771.0,5.0
313351,Baskin Robbins,13,3.1,3.2985892056501207,0.7903225806451613,4106.0,4589.0,-483.0
309227,Caravan Resto Bar,51,3.2,3.274125307503075,0.49,3596.0,5026.0,-1430.0
18285695,Celebration Multi Cuisine Restaurant,14,2.7,3.206548107147738,0.7777777777777778,5776.0,5580.0,196.0
18146358,Chatto Chapati,8,3.0,3.301974223689605,0.8596491228070176,4617.0,4498.0,119.0
312715,Chawla's_,29,2.7,3.109135009619327,0.6282051282051282,5776.0,5914.0,-138.0
311245,China Town,11,2.7,3.231875512505125,0.8166666666666667,5776.0,5429.0,347.0
6173,China Town,28,2.7,3.1144484513026947,0.6363636363636364,5776.0,5899.0,-123.0
301353,Dazzle Pastry Shop,25,2.6,3.097466631760912,0.6621621621621622,6026.0,5942.0,84.0
300957,Delicacy Foods,86,3.2,3.254907635187463,0.362962962962963,3596.0,5256.0,-1660.0
312703,Dolphin Rolls,6,2.9,3.3020460136419545,0.8909090909090909,5082.0,4458.0,624.0
6183,Durbar Restaurant,33,2.7,3.0891772042720422,0.5975609756097561,5776.0,5963.0,-187.0
301037,Ever Green Pastry Shop,34,3.1,3.2483437439796083,0.5903614457831325,4106.0,5319.0,-1213.0
8069,Evergreen Sweets Corner,8,3.0,3.301974223689605,0.8596491228070176,4617.0,4498.0,119.0
306107,Great Plates By AJ,77,3.1,3.1977184980183133,0.3888888888888889,4106.0,5624.0,-1518.0
308359,Green Chick Chop,24,3.2,3.3015415171274998,0.6712328767123288,3596.0,4544.0,-948.0
18260604,Haqeem's,14,2.7,3.206548107147738,0.7777777777777778,5776.0,5580.0,196.0
6185,Himalaya Food Corner,46,2.7,3.0359213763190263,0.5157894736842106,5776.0,6065.0,-289.0
304259,Hot Joint Fast Food,61,2.6,2.9346593704573407,0.44545454545454544,6026.0,6230.0,-204.0
300959,Hyderabadi Dum Biryani,60,2.7,2.9927755114707106,0.44954128440366975,5776.0,6132.0,-356.0
18238249,Kasturi Family Restaurant,20,3.0,3.2494569673957607,0.7101449275362319,4617.0,5313.0,-696.0
309346,Kerala Cafe,45,3.3,3.3267290505351856,0.5212765957446809,3125.0,3477.0,-352.0
307306,Keuchen Paradise,8,2.8,3.2739040482510084,0.8596491228070176,5462.0,5033.0,429.0
18203881,Kook For Health,21,3.3,3.335893296432964,0.7,3125.0,3255.0,-130.0
18138441,Lahorian's Sweets & Bakers,5,2.9,3.309491310190879,0.9074074074074074,5082.0,4258.0,824.0
8531,Mr. Baker's,22,3.0,3.242430010567711,0.6901408450704225,4617.0,5361.0,-744.0
18267785,Night Food Delivery,5,2.7,3.2909727916723606,0.9074074074074074,5776.0,4773.0,1003.0
8110,Nine 2 Nine Snacks & Restaurant,5,2.9,3.309491310190879,0.9074074074074074,5082.0,4258.0,824.0
18281964,Punjabi Mirch,4,3.0,3.324764731137877,0.9245283018867925,4617.0,3529.0,1088.0
2932,Rasoi The Food Express,53,2.6,2.960907164218701,0.4803921568627451,6026.0,6192.0,-166.0
6182,Republic of Chicken,11,2.8,3.2502088458384577,0.8166666666666667,5462.0,5291.0,171.0
18324529,Sandwichai,58,3.3,3.323481595797266,0.45794392523364486,3125.0,3677.0,-552.0
308237,SB's Raisins,15,2.8,3.2220707929735544,0.765625,5462.0,5505.0,-43.0
311894,Shanghai Kitchen,26,3.1,3.264167076670766,0.6533333333333333,4106.0,5163.0,-1057.0
300960,Shiv Shakti Restaurant,18,3.0,3.25690344403444,0.7313432835820896,4617.0,5237.0,-620.0
308222,Smoky Chettinad,49,2.8,3.075638068880689,0.5,5462.0,5984.0,-522.0
18258510,Spice Fusion,7,3.1,3.319866620541205,0.875,4106.0,3750.0,356.0
308526,Sweet Toof Designer Cakes,7,3.1,3.319866620541205,0.875,4106.0,3750.0,356.0
301118,The Chef,23,3.2,3.302951815976493,0.6805555555555556,3596.0,4442.0,-846.0
309551,The Edge Cafe,53,3.1,3.2207110857873285,0.4803921568627451,4106.0,5513.0,-1407.0
9736,The Epicure - Fraser Suites,80,3.1,3.195445974808585,0.3798449612403101,4106.0,5633.0,-1527.0
18022625,Udupidarshini Veg Restaurant,33,3.4,3.3708845213452134,0.5975609756097561,2648.0,2976.0,-328.0
18420679,36 lebzelter,39,3.7,3.5058242130716764,0.5568181818181818,1422.0,1968.0,-546.0
301361,Baked Buns,165,3.6,3.5430492091135863,0.22897196261682243,1785.0,1791.0,-6.0
312991,Freakin Beans,72,3.7,3.55878124587031,0.4049586776859504,1422.0,1728.0,-306.0
18277153,Nutri Cafe,49,3.7,3.525638068880689,0.5,1422.0,1868.0,-446.0
18273548,Senorita's,57,3.7,3.538797459908561,0.46226415094339623,1422.0,1812.0,-390.0
18399818,Village - The House of Food,65,3.7,3.550109918862346,0.4298245614035088,1422.0,1760.0,-338.0
6190,Cafe Coffee Day,49,2.4,2.8756380688806886,0.5,6325.0,6291.0,34.0
2017,Food Fantasy,76,2.4,2.77290024600246,0.392,6325.0,6382.0,-57.0
308812,Just Chinese,36,2.4,2.9483827147094996,0.5764705882352941,6325.0,6206.0,119.0
308848,Agarwal Bikaneri Sweets,12,3.1,3.3018447663984833,0.8032786885245902,4106.0,4525.0,-419.0
301056,Bikaner Sweets,14,2.8,3.2287703293699597,0.7777777777777778,5462.0,5460.0,2.0
301692,Breadz,48,3.3,3.3259023788691486,0.5051546391752577,3125.0,3488.0,-363.0
18265707,Desi Jugaad,12,3.2,3.3215168975460245,0.8032786885245902,3596.0,3704.0,-108.0
18368006,Food Trax,4,2.9,3.317217561326556,0.9245283018867925,5082.0,3922.0,1160.0
18225277,Hub Tub,7,3.0,3.307366620541205,0.875,4617.0,4362.0,255.0
2936,Malabar Foods,49,2.7,3.025638068880689,0.5,5776.0,6085.0,-309.0
18291201,Mitra Di Chaap,5,3.0,3.3187505694501387,0.9074074074074074,4617.0,3823.0,794.0
3854,New Hyderabadi Biryani House,25,2.5,3.063682847977128,0.6621621621621622,6216.0,6014.0,202.0
308831,New Madras Cafe,11,2.8,3.2502088458384577,0.8166666666666667,5462.0,5291.0,171.0
301062,Roll Club,44,3.2,3.2797046317237366,0.5268817204301075,3596.0,4955.0,-1359.0
5186,Sanju Cool & Hot Hut,8,2.8,3.2739040482510084,0.8596491228070176,5462.0,5033.0,429.0
3851,Sethi's Kabab & Curries,22,3.1,3.273415926060669,0.6901408450704225,4106.0,5058.0,-952.0
305357,South Indian Fast Food,23,3.3,3.3348962604209373,0.6805555555555556,3125.0,3272.0,-147.0
2019,Sweets and Spices,69,2.8,3.02891975212125,0.4152542372881356,5462.0,6080.0,-618.0
305370,Urban Degchi Kitchen & Bar,94,2.6,2.8574302849671853,0.34265734265734266,6026.0,6308.0,-282.0
301053,Wah Ji Wah,81,3.1,3.1947117750023653,0.3769230769230769,4106.0,5637.0,-1531.0
308844,Zaiqa Kathi Roll & Momos,16,3.3,3.3386543192354994,0.7538461538461538,3125.0,3209.0,-84.0
308839,Duggal Snacks,32,3.6,3.449537416670463,0.6049382716049383,1785.0,2320.0,-535.0
18440191,Granny's Flavour,16,3.5,3.387885088466269,0.7538461538461538,2195.0,2712.0,-517.0
18203185,Moustache Coffee,79,3.7,3.5665041464867775,0.3828125,1422.0,1686.0,-264.0
301047,Pradeep Pav Bhaji,94,3.8,3.646241473778374,0.34265734265734266,1087.0,1383.0,-296.0
312492,Sandwich Factory,254,3.9,3.8112624777237873,0.1617161716171617,807.0,841.0,-34.0
4672,Scorpio Cafe,410,3.7,3.662772398148818,0.10675381263616558,1422.0,1318.0,104.0
311336,Veggie-Licious,100,3.6,3.5182049043644796,0.3288590604026846,1785.0,1908.0,-123.0
2942,Slice Of Italy,119,2.2,2.5357888735137353,0.2916666666666667,6454.0,6479.0,-25.0
301103,Anokha Chinese Hut,27,2.6,3.0843754046093093,0.6447368421052632,6026.0,5972.0,54.0
18292451,Bobby Dhaba & Caterers,5,3.1,3.3280098287093978,0.9074074074074074,4106.0,3436.0,670.0
9740,Clever Fox Cafe,25,3.0,3.232601766896047,0.6621621621621622,4617.0,5422.0,-805.0
301106,Dana Pani,4,2.8,3.3096703915152355,0.9245283018867925,5462.0,4247.0,1215.0
6225,Hotel Malabar,24,3.0,3.2357880924699653,0.6712328767123288,4617.0,5399.0,-782.0
301120,Lumbini Fast Point,30,3.0,3.2178801360798417,0.620253164556962,4617.0,5526.0,-909.0
307850,Mayur Restaurant,19,2.8,3.1972430992692273,0.7205882352941176,5462.0,5626.0,-164.0
18292449,MOC - The American Restaurant,35,2.6,3.0382444136941364,0.5833333333333334,6026.0,6063.0,-37.0
301116,Muradabadi Chicken Biryani,28,3.3,3.332630269484513,0.6363636363636364,3125.0,3328.0,-203.0
8462,New Aggarwal Sweet Corner,11,2.7,3.231875512505125,0.8166666666666667,5776.0,5429.0,347.0
309599,Pizza Castle,29,2.7,3.109135009619327,0.6282051282051282,5776.0,5914.0,-138.0
309499,Punjabi Dhaba,6,3.0,3.3129551045510452,0.8909090909090909,4617.0,4096.0,521.0
300958,Qureshi Chicken Corner,6,3.0,3.3129551045510452,0.8909090909090909,4617.0,4096.0,521.0
301105,Samarpan Fast Food,9,2.9,3.281250530177715,0.8448275862068966,5082.0,4929.0,153.0
311228,Shaan-E-Tandoorz,5,2.9,3.309491310190879,0.9074074074074074,5082.0,4258.0,824.0
6226,Sonu Sudh Bhojnalaya,10,2.8,3.2578395042424995,0.8305084745762712,5462.0,5222.0,240.0
311229,The Test,4,2.9,3.317217561326556,0.9245283018867925,5082.0,3922.0,1160.0
306555,True Blue,26,3.3,3.3335004100040995,0.6533333333333333,3125.0,3304.0,-179.0
301110,Zaika Kathi Rolls,13,3.0,3.277621463714637,0.7903225806451613,4617.0,4975.0,-358.0
304986,Baked Buns,90,3.5,3.4475721636712766,0.35251798561151076,2195.0,2334.0,-139.0
309979,Green Chick Chop,7,3.0,3.307366620541205,0.875,4617.0,4362.0,255.0
18025093,Mahara Hotel,4,2.9,3.317217561326556,0.9245283018867925,5082.0,3922.0,1160.0
307990,Malik Vegetarian Rasoi,9,2.9,3.281250530177715,0.8448275862068966,5082.0,4929.0,153.0
309517,Yash Aadi Food Corner,6,2.9,3.3020460136419545,0.8909090909090909,5082.0,4458.0,624.0
6341,McDonald's,91,3.4,3.382946648216482,0.35,2648.0,2781.0,-133.0
1951,Moti Mahal Delux Tandoori Trail,151,3.2,3.2370626537515377,0.245,3596.0,5394.0,-1798.0
250,Pizza Hut,83,2.8,3.004640384472026,0.3712121212121212,5462.0,6114.0,-652.0
312753,Dill's Chawla Chik-Inn,4,2.9,3.317217561326556,0.9245283018867925,5082.0,3922.0,1160.0
312983,Tandoori Zaaika,4,3.0,3.324764731137877,0.9245283018867925,4617.0,3529.0,1088.0
3207,Buzz,220,3.4,3.3911246496293956,0.1821561338289963,2648.0,2670.0,-22.0
4752,Lighthouse 13,570,3.4,3.3961430222137436,0.0791599353796446,2648.0,2605.0,43.0
4830,Berco's,565,3.8,3.7641897894956147,0.07980456026058631,1087.0,970.0,117.0
4341,The Great Kabab Factory,498,3.5,3.4866773871120795,0.08957952468007313,2195.0,2053.0,142.0
307237,The Tea Place by Manjushree,92,4.1,3.8398051826262942,0.3475177304964539,429.0,778.0,-349.0
18260028,Victoria,20,3.2,3.307427981888514,0.7101449275362319,3596.0,4354.0,-758.0
312576,Munch Nation,727,3.8,3.77166563241019,0.06314432989690721,1087.0,936.0,151.0
5347,"34, Chowringhee Lane",62,3.2,3.2667795563090762,0.44144144144144143,3596.0,5124.0,-1528.0
300945,Any Time Food,52,2.6,2.964480502478292,0.48514851485148514,6026.0,6187.0,-161.0
300934,Bikaner Sweet House,16,3.2,3.314038934620115,0.7538461538461538,3596.0,4073.0,-477.0
3223,Domino's Pizza,94,2.8,2.9888988164357166,0.34265734265734266,5462.0,6139.0,-677.0
307554,Giani,39,2.9,3.1512787585262214,0.5568181818181818,5082.0,5808.0,-726.0
967,Grand Plaza,255,3.3,3.3082649037839063,0.1611842105263158,3125.0,4352.0,-1227.0
6196,Great Wall,47,2.7,3.032422195315703,0.5104166666666666,5776.0,6071.0,-295.0
18381220,Healthy Food Station,25,3.1,3.2663855506798307,0.6621621621621622,4106.0,5126.0,-1020.0
2491,Hostess Tasty Bites,16,3.1,3.2894235500047304,0.7538461538461538,4106.0,4784.0,-678.0
1041,Hot Pot,105,3.1,3.1799514983786197,0.3181818181818182,4106.0,5707.0,-1601.0
982,Kabab Factory,12,3.0,3.282172635250942,0.8032786885245902,4617.0,4914.0,-297.0
18352186,Keventers,17,3.1,3.28655349621678,0.7424242424242424,4106.0,4849.0,-743.0
9380,Krishna Sweet House,32,3.3,3.331018898151944,0.6049382716049383,3125.0,3374.0,-249.0
1303,Mitraz,101,3.4,3.384083538335383,0.32666666666666666,2648.0,2769.0,-121.0
18168462,Nut Khut Chaats & Snacks,8,3.2,3.330044399128201,0.8596491228070176,3596.0,3397.0,199.0
311734,Subway,68,3.4,3.379594279917158,0.4188034188034188,2648.0,2838.0,-190.0
2291,The Host,20,2.7,3.1625004456566304,0.7101449275362319,5776.0,5771.0,5.0
9427,Chacha Di Hatti,78,3.7,3.565452998033917,0.3858267716535433,1422.0,1696.0,-274.0
5874,Cocoberry,62,3.5,3.434347123876644,0.44144144144144143,2195.0,2417.0,-222.0
3375,Eating Corner,142,3.7,3.6105368102110336,0.25654450261780104,1422.0,1510.0,-88.0
312353,El Posto,41,3.5,3.4190281194478604,0.5444444444444444,2195.0,2490.0,-295.0
180,McDonald's,122,3.6,3.528728250001798,0.28654970760233917,1785.0,1856.0,-71.0
18057822,Pizza Station,20,3.5,3.3943845036276445,0.7101449275362319,2195.0,2630.0,-435.0
6607,Puri Bakers,128,3.7,3.603460625707952,0.2768361581920904,1422.0,1537.0,-115.0
18247031,JAIL - Behind The Bar,155,4.1,3.9201594644622912,0.24019607843137256,429.0,588.0,-159.0
18264447,Curry Shurry,28,3.3,3.332630269484513,0.6363636363636364,3125.0,3328.0,-203.0
300911,Frontier,15,3.2,3.3158207929735544,0.765625,3596.0,4042.0,-446.0
4090,Hari Om Bhojnalaya,21,3.2,3.305893296432964,0.7,3596.0,4404.0,-808.0
5729,Nirmal's,9,2.7,3.250216047419095,0.8448275862068966,5776.0,5284.0,492.0
309704,Sardar A Pure Meat Shop,13,2.8,3.235685979843669,0.7903225806451613,5462.0,5401.0,61.0
964,The Dragon Hucks,97,3.3,3.3172091147281333,0.3356164383561644,3125.0,4003.0,-878.0
307333,Green Chick Chop,38,3.5,3.416235985635718,0.5632183908045977,2195.0,2510.0,-315.0
5765,New Arjun Bombay Pav Bhaji,234,3.8,3.7223057623685776,0.17314487632508835,1087.0,1099.0,-12.0
18400738,Madaari,113,4.3,4.013040313273502,0.30246913580246915,190.0,427.0,-237.0
307730,Amritsari Express,33,3.4,3.3708845213452134,0.5975609756097561,2648.0,2976.0,-328.0
305251,Barista,18,3.1,3.283769115676231,0.7313432835820896,4106.0,4877.0,-771.0
312087,Baskin Robbins,6,3.1,3.323864195460136,0.8909090909090909,4106.0,3626.0,480.0
18070503,Bikano's Chat Cafe,31,2.7,3.0989066343788436,0.6125,5776.0,5938.0,-162.0
18454460,Burger Singh,19,3.3,3.3369489816221685,0.7205882352941176,3125.0,3236.0,-111.0
18419902,Cafe Grub,13,3.2,3.3195569475856046,0.7903225806451613,3596.0,3802.0,-206.0
307356,Chicago Pizza,48,2.9,3.1279642345392524,0.5051546391752577,5082.0,5877.0,-795.0
8580,Cocoberry,25,3.1,3.2663855506798307,0.6621621621621622,4106.0,5126.0,-1020.0
18324914,Dosa Plaza,13,3.2,3.3195569475856046,0.7903225806451613,3596.0,3802.0,-206.0
300473,Karim's,79,3.3,3.3196291464867773,0.3828125,3125.0,3799.0,-674.0
306250,Kebab Xpress,32,3.2,3.291512725312438,0.6049382716049383,3596.0,4756.0,-1160.0
18356784,Keventers,11,3.3,3.3418755125051245,0.8166666666666667,3125.0,3142.0,-17.0
8373,KFC,87,2.6,2.8706803731640256,0.3602941176470588,6026.0,6297.0,-271.0
308101,Paranthas 21,28,3.3,3.332630269484513,0.6363636363636364,3125.0,3328.0,-203.0
8840,Subway,69,2.6,2.911970599578877,0.4152542372881356,6026.0,6258.0,-232.0
18228870,Wow! Momo,41,3.2,3.2823614527811946,0.5444444444444444,3596.0,4909.0,-1313.0
7066,Berco's,120,3.5,3.456878880179334,0.28994082840236685,2195.0,2265.0,-70.0
305479,Dunkin' Donuts,107,3.5,3.453285453527612,0.3141025641025641,2195.0,2291.0,-96.0
8845,Giani's,33,3.5,3.411128423784237,0.5975609756097561,2195.0,2529.0,-334.0
7509,The Beer Cafe,371,3.8,3.7476488827388272,0.11666666666666667,1087.0,1026.0,61.0
302715,Basil Tree,96,2.4,2.721465729312465,0.33793103448275863,6325.0,6411.0,-86.0
18241509,Chaayos,60,4.1,3.763417713305573,0.44954128440366975,429.0,972.0,-543.0
18277003,QD's Restaurant,137,4.1,3.902755541668319,0.26344086021505375,429.0,621.0,-192.0
7547,Ada e Handi Restaurant,34,2.6,3.0435244668711747,0.5903614457831325,6026.0,6052.0,-26.0
301236,Darjeeling Momos,22,2.9,3.211444095074753,0.6901408450704225,5082.0,5562.0,-480.0
18082630,Ingredients,27,3.3,3.3330596151356247,0.6447368421052632,3125.0,3315.0,-190.0
7548,Al Quresh,62,3.6,3.4902029797325,0.44144144144144143,1785.0,2033.0,-248.0
310419,Angels in my Kitchen,57,3.5,3.43125029009724,0.46226415094339623,2195.0,2432.0,-237.0
4634,Aapki Rasoi,15,3.1,3.2923832929735544,0.765625,4106.0,4713.0,-607.0
18228874,Bats On Delivery,17,3.1,3.28655349621678,0.7424242424242424,4106.0,4849.0,-743.0
18433904,Bimbo Cakes,10,3.2,3.3256361144119913,0.8305084745762712,3596.0,3496.0,100.0
312145,Burger Bros,21,3.1,3.275893296432964,0.7,4106.0,4986.0,-880.0
304585,Chinese Food Corner,20,2.5,3.1045294311638765,0.7101449275362319,6216.0,5926.0,290.0
312916,CL Snacks,7,3.1,3.319866620541205,0.875,4106.0,3750.0,356.0
313006,Kapoor's Sanjha Chulha,5,3.0,3.3187505694501387,0.9074074074074074,4617.0,3823.0,794.0
305861,King's,7,3.2,3.332366620541205,0.875,3596.0,3334.0,262.0
9026,Kumar Hotel,57,3.4,3.37747670519158,0.46226415094339623,2648.0,2876.0,-228.0
309178,Kumar Pastry Shop,31,3.2,3.2926566343788437,0.6125,3596.0,4702.0,-1106.0
18249097,Midnight Adda,6,3.0,3.3129551045510452,0.8909090909090909,4617.0,4096.0,521.0
308880,Mughlaai Daawat,8,2.9,3.2879391359703063,0.8596491228070176,5082.0,4805.0,277.0
18382113,Pindiwala,4,3.0,3.324764731137877,0.9245283018867925,4617.0,3529.0,1088.0
18241861,Pipes & Hipes,8,3.0,3.301974223689605,0.8596491228070176,4617.0,4498.0,119.0
310162,Sai Rasoi,9,3.1,3.312285012936336,0.8448275862068966,4106.0,4179.0,-73.0
303589,Snaxpress Tastes & Cakes,5,2.9,3.309491310190879,0.9074074074074074,5082.0,4258.0,824.0
311459,Veggie Adda,25,3.4,3.367736902031182,0.6621621621621622,2648.0,3022.0,-374.0
9053,C L Corner,85,3.8,3.6359144085843838,0.3656716417910448,1087.0,1418.0,-331.0
312893,Chin 10,53,3.5,3.42855422304223,0.4803921568627451,2195.0,2449.0,-254.0
18273640,Kati Roll Cottage,39,3.7,3.5058242130716764,0.5568181818181818,1422.0,1968.0,-546.0
308130,Kings Kulfi,39,3.7,3.5058242130716764,0.5568181818181818,1422.0,1968.0,-546.0
5663,Paramjeet Machi Wala,99,3.6,3.5176522347993755,0.3310810810810811,1785.0,1912.0,-127.0
18247005,Rajan Corner,20,3.6,3.4233700108740215,0.7101449275362319,1785.0,2469.0,-684.0
4084,34 Parkstreet Lane,4,2.9,3.317217561326556,0.9245283018867925,5082.0,3922.0,1160.0
310947,Bhikaram Bhujawala,5,3.0,3.3187505694501387,0.9074074074074074,4617.0,3823.0,794.0
310989,Chawla The Pastry Palace,5,2.9,3.309491310190879,0.9074074074074074,5082.0,4258.0,824.0
18358295,Food Box,4,3.0,3.324764731137877,0.9245283018867925,4617.0,3529.0,1088.0
18317756,Foody Box,8,3.1,3.3160093114089033,0.8596491228070176,4106.0,4009.0,97.0
310936,Giani,9,3.1,3.312285012936336,0.8448275862068966,4106.0,4179.0,-73.0
308796,Green Chick Chop,14,3.1,3.2954369960366265,0.7777777777777778,4106.0,4638.0,-532.0
18460320,Heaven's Shawarma,6,3.0,3.3129551045510452,0.8909090909090909,4617.0,4096.0,521.0
18241893,Hyderabad Spl. Chicken Biryani Point,4,3.0,3.324764731137877,0.9245283018867925,4617.0,3529.0,1088.0
18363053,Keshar,4,3.0,3.324764731137877,0.9245283018867925,4617.0,3529.0,1088.0
310997,Madras Cafe,11,2.7,3.231875512505125,0.8166666666666667,5776.0,5429.0,347.0
6629,Milan Chole Bhature,12,3.1,3.3018447663984833,0.8032786885245902,4106.0,4525.0,-419.0
302685,New Laxmi Sweets,11,2.8,3.2502088458384577,0.8166666666666667,5462.0,5291.0,171.0
18241860,Pasta Hub,7,3.1,3.319866620541205,0.875,4106.0,3750.0,356.0
2920,Patna Roll Center,10,3.1,3.3086869618696184,0.8305084745762712,4106.0,4318.0,-212.0
18238281,Refuel,6,3.1,3.323864195460136,0.8909090909090909,4106.0,3626.0,480.0
18204485,Saara Veg,4,3.0,3.324764731137877,0.9245283018867925,4617.0,3529.0,1088.0
18126086,SGF - Spice Grill Flame,8,3.1,3.3160093114089033,0.8596491228070176,4106.0,4009.0,97.0
9031,Shivam Corner,14,3.0,3.2732147738144044,0.7777777777777778,4617.0,5065.0,-448.0
18254532,Swad Mubarak,11,3.0,3.2868755125051248,0.8166666666666667,4617.0,4833.0,-216.0
18380219,The Little Fork,5,3.1,3.3280098287093978,0.9074074074074074,4106.0,3436.0,670.0
18258473,The Metro Fast Food,6,2.6,3.2693187409146813,0.8909090909090909,6026.0,5095.0,931.0
303602,Tibet Kujing,11,2.9,3.2685421791717912,0.8166666666666667,5082.0,5109.0,-27.0
18396163,Yummy Adda,14,3.5,3.3843258849255156,0.7777777777777778,2195.0,2758.0,-563.0
300264,Asli Alam Muradabadi Biryani Centre,22,2.8,3.1804581795817954,0.6901408450704225,5462.0,5703.0,-241.0
18425751,Cafe Rasoi,11,3.2,3.3235421791717914,0.8166666666666667,3596.0,3655.0,-59.0
7388,Chinese Food,8,2.9,3.2879391359703063,0.8596491228070176,5082.0,4805.0,277.0
311485,Green Chick Chop,10,2.9,3.2747886567848727,0.8305084745762712,5082.0,5007.0,75.0
2870,Hasty Tasty,86,3.3,3.318611338891167,0.362962962962963,3125.0,3886.0,-761.0
18397908,Hunter's Kitchen,6,3.0,3.3129551045510452,0.8909090909090909,4617.0,4096.0,521.0
312765,Manahang Restaurant,12,3.2,3.3215168975460245,0.8032786885245902,3596.0,3704.0,-108.0
5879,Mezbaan Restaurant,135,3.4,3.3870246236429753,0.266304347826087,2648.0,2723.0,-75.0
304621,Moon Light Sweets,16,3.3,3.3386543192354994,0.7538461538461538,3125.0,3209.0,-84.0
18472788,North East Castle,4,2.9,3.317217561326556,0.9245283018867925,5082.0,3922.0,1160.0
309510,Pizza Point,10,2.9,3.2747886567848727,0.8305084745762712,5082.0,5007.0,75.0
300259,Roll Point,7,2.8,3.2823666205412048,0.875,5462.0,4890.0,572.0
310430,Sanjha Tandoor,17,2.8,3.2092807689440526,0.7424242424242424,5462.0,5573.0,-111.0
300273,Sayyam,16,2.7,3.190962011543192,0.7538461538461538,5776.0,5653.0,123.0
7393,Shiv Bhojnalaya,12,2.8,3.2428283729558602,0.8032786885245902,5462.0,5351.0,111.0
311451,Subway,78,3.4,3.38120102952998,0.3858267716535433,2648.0,2807.0,-159.0
7240,Take Away,20,2.9,3.220471460149384,0.7101449275362319,5082.0,5517.0,-435.0
300268,Vedanta's,66,2.7,2.977500267393978,0.4260869565217391,5776.0,6163.0,-387.0
310328,Asian Chopstick,27,3.5,3.404112246714572,0.6447368421052632,2195.0,2561.0,-366.0
309471,Chinese Delights,21,3.5,3.395893296432964,0.7,2195.0,2607.0,-412.0
18383522,Dezertfox,21,3.7,3.455893296432964,0.7,1422.0,2272.0,-850.0
300275,Anupam Restaurant,32,2.3,2.9359571697568825,0.6049382716049383,6408.0,6225.0,183.0
9251,Bobby Di Punjabi Rasoi,4,2.9,3.317217561326556,0.9245283018867925,5082.0,3922.0,1160.0
302694,Agarwal Sweets,8,3.0,3.301974223689605,0.8596491228070176,4617.0,4498.0,119.0
18358184,Aurangzeb Rd,23,3.4,3.366840704865382,0.6805555555555556,2648.0,3037.0,-389.0
8715,Bengali Sweet Corner,7,3.0,3.307366620541205,0.875,4617.0,4362.0,255.0
641,Cafe Coffee Day,23,2.6,3.1112851493098264,0.6805555555555556,6026.0,5907.0,119.0
308033,Chinese K. Food,4,2.9,3.317217561326556,0.9245283018867925,5082.0,3922.0,1160.0
307099,Chocowell,15,3.2,3.3158207929735544,0.765625,3596.0,4042.0,-446.0
18312575,Choice,4,3.0,3.324764731137877,0.9245283018867925,4617.0,3529.0,1088.0
18312652,Desi Street,13,3.1,3.2985892056501207,0.7903225806451613,4106.0,4589.0,-483.0
310666,Enigma Lounge,8,2.8,3.2739040482510084,0.8596491228070176,5462.0,5033.0,429.0
7434,Flavors Of London,7,3.0,3.307366620541205,0.875,4617.0,4362.0,255.0
305859,Frontier,4,3.0,3.324764731137877,0.9245283018867925,4617.0,3529.0,1088.0
308037,Green Chick Chop,16,3.2,3.314038934620115,0.7538461538461538,3596.0,4073.0,-477.0
18435837,Hot House Grill,10,3.2,3.3256361144119913,0.8305084745762712,3596.0,3496.0,100.0
18441658,Kanshi Ram Chole Kulche Wala,13,3.4,3.361492431456572,0.7903225806451613,2648.0,3116.0,-468.0
558,Kents Fast Food,12,2.8,3.2428283729558602,0.8032786885245902,5462.0,5351.0,111.0
300485,Paharia Meat & Chicken Shop,12,2.8,3.2428283729558602,0.8032786885245902,5462.0,5351.0,111.0
7416,Palji Corner,30,3.3,3.3318041867127524,0.620253164556962,3125.0,3362.0,-237.0
301927,Paratha Hi Paratha,10,3.1,3.3086869618696184,0.8305084745762712,4106.0,4318.0,-212.0
18288199,Picasso Roof Top,15,3.1,3.2923832929735544,0.765625,4106.0,4713.0,-607.0
301931,RK Dosa,12,2.8,3.2428283729558602,0.8032786885245902,5462.0,5351.0,111.0
311385,Sandoz,32,2.6,3.054475688275401,0.6049382716049383,6026.0,6033.0,-7.0
18175322,Sardar Ji,7,3.0,3.307366620541205,0.875,4617.0,4362.0,255.0
7419,Satkar Fast Food,20,2.8,3.191485952903007,0.7101449275362319,5462.0,5645.0,-183.0
9280,Sweetheart Cupcakes,21,3.1,3.275893296432964,0.7,4106.0,4986.0,-880.0
18241874,The Earthen Grill,14,3.2,3.317659218258849,0.7777777777777778,3596.0,3903.0,-307.0
303250,Twenty Four Seven,14,2.8,3.2287703293699597,0.7777777777777778,5462.0,5460.0,2.0
310408,Al Bake,38,2.7,3.0668106982793963,0.5632183908045977,5776.0,6007.0,-231.0
1185,Americana Kitchen and Bar,105,2.8,2.975406043833165,0.3181818181818182,5462.0,6170.0,-708.0
5536,Bawa Snacks Corner,11,2.8,3.2502088458384577,0.8166666666666667,5462.0,5291.0,171.0
18393213,Bhimsain's Bengali Sweet House,4,2.9,3.317217561326556,0.9245283018867925,5082.0,3922.0,1160.0
308336,Cafe Coffee Day,13,3.1,3.2985892056501207,0.7903225806451613,4106.0,4589.0,-483.0
637,Cafe Coffee Day,38,3.0,3.1978451810380166,0.5632183908045977,4617.0,5621.0,-1004.0
313159,Dolce Gelato,9,3.2,3.3278022543156465,0.8448275862068966,3596.0,3463.0,133.0
3608,Domino's Pizza,71,3.0,3.143437756252562,0.4083333333333333,4617.0,5830.0,-1213.0
3636,Gopala,12,3.0,3.282172635250942,0.8032786885245902,4617.0,4914.0,-297.0
312790,New Punjabi Khana,8,3.1,3.3160093114089033,0.8596491228070176,4106.0,4009.0,97.0
5537,New Vishal Corner,14,3.1,3.2954369960366265,0.7777777777777778,4106.0,4638.0,-532.0
308347,Punjabi Khana,14,3.2,3.317659218258849,0.7777777777777778,3596.0,3903.0,-307.0
2602,Rajshree,11,3.1,3.305208845838458,0.8166666666666667,4106.0,4413.0,-307.0
3638,Snack Junction,27,3.0,3.2264806677672038,0.6447368421052632,4617.0,5480.0,-863.0
18017281,Sona,29,3.4,3.3693914198757366,0.6282051282051282,2648.0,3003.0,-355.0
3607,Southy,94,2.5,2.791696019232919,0.34265734265734266,6216.0,6370.0,-154.0
3069,The First Floor,14,3.1,3.2954369960366265,0.7777777777777778,4106.0,4638.0,-532.0
18268390,Hype,142,3.7,3.6105368102110336,0.25654450261780104,1422.0,1510.0,-88.0
196,McDonald's,177,3.7,3.624391728983661,0.2168141592920354,1422.0,1457.0,-35.0
5487,New Punjabi Khana,104,3.9,3.7242649068647546,0.3202614379084967,807.0,1093.0,-286.0
308331,Pizza Hut Delivery,103,3.6,3.519819281252023,0.3223684210526316,1785.0,1900.0,-115.0
18126080,Shree Rathnam,58,3.6,3.486098418227173,0.45794392523364486,1785.0,2057.0,-272.0
148,Subway,142,3.6,3.536191260472814,0.25654450261780104,1785.0,1826.0,-41.0
2232,Pind Balluchi,184,2.4,2.600053780044238,0.21030042918454936,6325.0,6465.0,-140.0
2775,Oh! Calcutta,1293,4.4,4.361708294150751,0.03651266766020864,116.0,102.0,14.0
311623,Alcoholic Lounge & Bar,21,2.8,3.1858932964329636,0.7,5462.0,5678.0,-216.0
311077,Baljeet's Amritsari Koolcha,110,3.1,3.177437300316399,0.3081761006289308,4106.0,5709.0,-1603.0
492,Bikanervala,89,3.4,3.3826994981906338,0.35507246376811596,2648.0,2784.0,-136.0
304030,Cafe Coffee Day,32,3.3,3.331018898151944,0.6049382716049383,3125.0,3374.0,-249.0
18366028,Chicago Pizza,42,3.4,3.3737640741792028,0.5384615384615384,2648.0,2929.0,-281.0
18168143,Cocoberry,32,3.3,3.331018898151944,0.6049382716049383,3125.0,3374.0,-249.0
18294246,Dilli Chaap Wale,24,3.4,3.3672949417850337,0.6712328767123288,2648.0,3032.0,-384.0
2370,Dips,23,2.8,3.175174038198715,0.6805555555555556,5462.0,5726.0,-264.0
3893,Domino's Pizza,85,3.4,3.382183065300802,0.3656716417910448,2648.0,2794.0,-146.0
5366,Gullu's,45,2.9,3.135239688833058,0.5212765957446809,5082.0,5863.0,-781.0
18037828,Hashtag Foods,80,3.4,3.3814924864364917,0.3798449612403101,2648.0,2801.0,-153.0
2377,Mini Meals,66,2.7,2.977500267393978,0.4260869565217391,5776.0,6163.0,-387.0
18384151,No Name - Taste Hi Kaafi Hai,31,3.2,3.2926566343788437,0.6125,3596.0,4702.0,-1106.0
2966,Pind Balluchi,261,2.7,2.802943647581637,0.15806451612903225,5776.0,6357.0,-581.0
257,Pizza Hut,211,3.3,3.3096635798088747,0.18846153846153846,3125.0,4257.0,-1132.0
2380,Raj Bhature wala,84,3.4,3.3820491033857705,0.3684210526315789,2648.0,2796.0,-148.0
18285222,Rolls Tiger,49,3.4,3.3756380688806886,0.5,2648.0,2901.0,-253.0
309463,SGF - Spice Grill Flame,80,3.4,3.3814924864364917,0.3798449612403101,2648.0,2801.0,-153.0
18219550,Smoksha Cafe and Lounge,60,3.4,3.3780966123881417,0.44954128440366975,2648.0,2860.0,-212.0
3230,Subway,131,3.4,3.386736281946152,0.2722222222222222,2648.0,2728.0,-80.0
309542,Sura Vie,391,3.4,3.3945739335234255,0.11136363636363636,2648.0,2629.0,19.0
2965,Billu's Hut,813,3.9,3.8688080403135814,0.0568445475638051,807.0,696.0,111.0
3372,BTW,459,3.7,3.6663632495084797,0.09645669291338582,1422.0,1297.0,125.0
312223,Burger King,426,3.6,3.5743421700006475,0.1031578947368421,1785.0,1642.0,143.0
8828,Cafe Coffee Day,50,3.5,3.426389199498055,0.494949494949495,2195.0,2464.0,-269.0
2524,Chills 'n' Grills,69,3.6,3.4967163622907416,0.4152542372881356,1785.0,2002.0,-217.0
18458640,Fusion N Food,22,3.8,3.490317334511373,0.6901408450704225,1087.0,2032.0,-945.0
2532,Giani,87,3.6,3.5103862555169667,0.3602941176470588,1785.0,1947.0,-162.0
5368,Hot Spot,201,3.8,3.7120501230012297,0.196,1087.0,1125.0,-38.0
18272383,La Americana,139,3.6,3.535173035905891,0.26063829787234044,1785.0,1834.0,-49.0
18332018,Mogambo Khush Hua,121,3.8,3.6706619455900436,0.28823529411764703,1087.0,1273.0,-186.0
18423901,Niti Shake & Ice Cream Hub,23,3.8,3.4946184826431597,0.6805555555555556,1087.0,2015.0,-928.0
1969,Pacific Asia,151,3.7,3.6145626537515376,0.245,1422.0,1494.0,-72.0
18455548,Papa Veg Chinese Food,29,3.8,3.5181093685936857,0.6282051282051282,1087.0,1911.0,-824.0
310126,Pasta Hut,82,3.5,3.4443704637428048,0.37404580152671757,2195.0,2357.0,-162.0
5291,Ram G Snacks & Food Corner,34,3.5,3.4121991656663546,0.5903614457831325,2195.0,2525.0,-330.0
3522,Sandwich King,99,3.8,3.651436018583159,0.3310810810810811,1087.0,1356.0,-269.0
18345519,Shake Eat Up,155,3.9,3.768198680148566,0.24019607843137256,807.0,948.0,-141.0
305967,Starbucks,294,3.7,3.650182305394482,0.14285714285714285,1422.0,1361.0,61.0
18432015,The Chai Story,22,3.6,3.4283455035254575,0.6901408450704225,1785.0,2452.0,-667.0
18204820,Themis Barbecue House,457,3.8,3.7565465034591052,0.09683794466403162,1087.0,1000.0,87.0
18361244,Utsav,13,3.5,3.3824601733920563,0.7903225806451613,2195.0,2786.0,-591.0
9561,Barbeque Nation,937,4.1,4.062791613337025,0.04969574036511156,429.0,352.0,77.0
18466059,Bistro 57,20,4.0,3.539312039859529,0.7101449275362319,614.0,1810.0,-1196.0
18361780,Calendar Khana Laao,42,4.2,3.7429948434099725,0.5384615384615384,289.0,1036.0,-747.0
18208880,Chaayos,156,4.1,3.9210367353673528,0.23902439024390243,429.0,587.0,-158.0
307620,Eleven Course,537,4.0,3.945755171928852,0.08361774744027303,614.0,535.0,79.0
302242,Sinciti,277,4.0,3.90249242561444,0.15030674846625766,614.0,622.0,-8.0
310348,Admission Lounge,24,2.7,3.1371579554836644,0.6712328767123288,5776.0,5858.0,-82.0
309680,Al Zaika,8,2.9,3.2879391359703063,0.8596491228070176,5082.0,4805.0,277.0
1508,Angels in my Kitchen,88,3.2,3.2541060638708577,0.35766423357664234,3596.0,5260.0,-1664.0
18312565,Asian Curry,5,3.0,3.3187505694501387,0.9074074074074074,4617.0,3823.0,794.0
311553,Chaska,47,3.3,3.326172195315703,0.5104166666666666,3125.0,3483.0,-358.0
7720,Chik Chow,62,3.3,3.3226354121649324,0.44144144144144143,3125.0,3691.0,-566.0
308332,Deep Sweet Corner,16,2.7,3.190962011543192,0.7538461538461538,5776.0,5653.0,123.0
306331,Deepika Khaitan's Cakes,4,2.9,3.317217561326556,0.9245283018867925,5082.0,3922.0,1160.0
18303863,Dhaba On Wheels,15,2.7,3.1986332929735544,0.765625,5776.0,5613.0,163.0
212,Domino's Pizza,95,2.8,2.987587019099357,0.3402777777777778,5462.0,6140.0,-678.0
304183,Evergreen Sweets,14,2.8,3.2287703293699597,0.7777777777777778,5462.0,5460.0,2.0
1915,Gopala,7,3.0,3.307366620541205,0.875,4617.0,4362.0,255.0
5901,Green Chick Chop,12,3.0,3.282172635250942,0.8032786885245902,4617.0,4914.0,-297.0
311824,Halal Pizza Fun,7,3.1,3.319866620541205,0.875,4106.0,3750.0,356.0
18376488,Keventers,13,3.3,3.3405246895210885,0.7903225806451613,3125.0,3164.0,-39.0
300013,Khan Chicken Biryani,9,2.9,3.281250530177715,0.8448275862068966,5082.0,4929.0,153.0
181,McDonald's,127,3.4,3.3864348338085652,0.2784090909090909,2648.0,2731.0,-83.0
18277019,Midnight Bites,10,3.1,3.3086869618696184,0.8305084745762712,4106.0,4318.0,-212.0
7721,Moti Mahal Delux,44,2.9,3.1377691478527687,0.5268817204301075,5082.0,5850.0,-768.0
308334,MT Everest Food Corner,28,2.9,3.1871757240299674,0.6363636363636364,5082.0,5672.0,-590.0
309675,Muradabad Ki Mashoor Sama Chicken Biryani,5,2.9,3.309491310190879,0.9074074074074074,5082.0,4258.0,824.0
300020,New Laziz,6,2.9,3.3020460136419545,0.8909090909090909,5082.0,4458.0,624.0
7717,Talab South Indian Restaurant,14,2.7,3.206548107147738,0.7777777777777778,5776.0,5580.0,196.0
303547,Tipu Sultan Chicken Point,27,3.2,3.297533299346151,0.6447368421052632,3596.0,4607.0,-1011.0
18228903,Yo Wok,4,2.8,3.3096703915152355,0.9245283018867925,5462.0,4247.0,1215.0
18428200,Zoet Desserts,8,3.0,3.301974223689605,0.8596491228070176,4617.0,4498.0,119.0
18144480,Zooby's Kitchen,21,2.8,3.1858932964329636,0.7,5462.0,5678.0,-216.0
302945,Hotel Malabar,129,3.6,3.5315310716309414,0.2752808988764045,1785.0,1843.0,-58.0
18471283,Hwealthcafe,29,3.5,3.4065709070552237,0.6282051282051282,2195.0,2551.0,-356.0
18337892,Noorjahan,17,3.8,3.4668565265198104,0.7424242424242424,1087.0,2200.0,-1113.0
267,Pizza Hut Delivery,189,3.9,3.7870274401273423,0.20588235294117646,807.0,887.0,-80.0
18424893,Sushiya Express,30,3.5,3.4077535538013604,0.620253164556962,2195.0,2547.0,-352.0
306526,Tuptakes,52,3.6,3.4793319876268067,0.48514851485148514,1785.0,2103.0,-318.0
112,Lotus Pond,391,4.2,4.105483024432517,0.11136363636363636,289.0,290.0,-1.0
1903,Cafe Turtle,36,3.2,3.287206244121265,0.5764705882352941,3596.0,4826.0,-1230.0
300710,Gulfam Kashmiri Wazwan,38,3.4,3.372557824716178,0.5632183908045977,2648.0,2946.0,-298.0
308065,Kit Care Kabab Corner,10,2.9,3.2747886567848727,0.8305084745762712,5082.0,5007.0,75.0
18441549,Liter Basar,7,3.1,3.319866620541205,0.875,4106.0,3750.0,356.0
3685,N. Iqbal Restaurant,40,3.2,3.283286862363005,0.550561797752809,3596.0,4887.0,-1291.0
303599,Ghalib Kabab Corner,251,3.9,3.810375102501025,0.16333333333333333,807.0,842.0,-35.0
462,Karim's,360,3.7,3.658221346577769,0.1198044009779951,1422.0,1336.0,86.0
680,Comesum,251,2.2,2.3880417691676916,0.16333333333333333,6454.0,6499.0,-45.0
18222581,Lunch Express,27,3.3,3.3330596151356247,0.6447368421052632,3125.0,3315.0,-190.0
310164,Chawla Dhaba,10,3.0,3.2917378093272456,0.8305084745762712,4617.0,4730.0,-113.0
7712,Shri Gupta'z,18,3.2,3.310634787318022,0.7313432835820896,3596.0,4227.0,-631.0
18311948,The Golden Leaf,6,3.0,3.3129551045510452,0.8909090909090909,4617.0,4096.0,521.0
7483,Red Moon Bakery,26,3.5,3.402833743337433,0.6533333333333333,2195.0,2572.0,-377.0
18472436,Berco's,5,3.1,3.3280098287093978,0.9074074074074074,4106.0,3436.0,670.0
9037,Bikano Chat Cafe,55,2.6,2.9539666418298793,0.47115384615384615,6026.0,6199.0,-173.0
18391581,BonJuz,8,3.1,3.3160093114089033,0.8596491228070176,4106.0,4009.0,97.0
7077,Cafe Coffee Day - The Lounge,29,2.6,3.0719555224398394,0.6282051282051282,6026.0,5998.0,28.0
306586,Chicago Pizza,69,3.2,3.2628180572059957,0.4152542372881356,3596.0,5176.0,-1580.0
306495,Domino's Pizza,69,3.3,3.321292633477182,0.4152542372881356,3125.0,3730.0,-605.0
9061,Dosa Village,36,3.2,3.287206244121265,0.5764705882352941,3596.0,4826.0,-1230.0
18357946,Dunkin' Donuts,36,3.4,3.371912126474206,0.5764705882352941,2648.0,2955.0,-307.0
308991,Gelato Italiano,18,3.3,3.337500458959813,0.7313432835820896,3125.0,3226.0,-101.0
7071,Gelato Vinto,17,2.7,3.183523193186477,0.7424242424242424,5776.0,5688.0,88.0
18282040,Keventers,19,3.2,3.3090078051515808,0.7205882352941176,3596.0,4307.0,-711.0
8379,KFC,47,2.6,2.98346386198237,0.5104166666666666,6026.0,6149.0,-123.0
9040,Kings Kulfi,18,3.3,3.337500458959813,0.7313432835820896,3125.0,3226.0,-101.0
18367984,Mr. Sub,6,2.8,3.291136922732863,0.8909090909090909,5462.0,4762.0,700.0
4455,Shanghai Moon,71,2.6,2.9067710895858956,0.4083333333333333,6026.0,6263.0,-237.0
4454,The Blue Tandoor,46,2.6,2.987500323687447,0.5157894736842106,6026.0,6141.0,-115.0
4560,Costa Coffee,53,3.6,3.480515007355956,0.4803921568627451,1785.0,2100.0,-315.0
4563,Giani's,51,3.9,3.631125307503075,0.49,807.0,1434.0,-627.0
5062,Hinglish - Cafe Beach Bar,792,3.7,3.6796819628422206,0.05826397146254459,1422.0,1233.0,189.0
4568,Spaghetti Kitchen,601,3.8,3.766173124231242,0.07538461538461538,1087.0,962.0,125.0
4566,Subway,65,3.5,3.436074831143048,0.4298245614035088,2195.0,2402.0,-207.0
18383434,Swiss Softy,31,3.9,3.5639066343788435,0.6125,807.0,1707.0,-900.0
308972,The Bubble Tea,35,3.5,3.4132444136941364,0.5833333333333334,2195.0,2522.0,-327.0
6283,Al-Sameer,5,2.9,3.309491310190879,0.9074074074074074,5082.0,4258.0,824.0
6356,Allure,6,2.8,3.291136922732863,0.8909090909090909,5462.0,4762.0,700.0
18356800,BarShala,14,3.1,3.2954369960366265,0.7777777777777778,4106.0,4638.0,-532.0
18253103,Bikaner House,4,3.0,3.324764731137877,0.9245283018867925,4617.0,3529.0,1088.0
304152,Cafe Coffee Day,16,2.7,3.190962011543192,0.7538461538461538,5776.0,5653.0,123.0
18287392,Cafe CoffeeCo,21,3.4,3.365893296432964,0.7,2648.0,3055.0,-407.0
3116,Cafe Festa,38,3.2,3.2852015028770976,0.5632183908045977,3596.0,4864.0,-1268.0
308620,Cheers Lounge Bar,8,2.8,3.2739040482510084,0.8596491228070176,5462.0,5033.0,429.0
300608,Chowmein Hut,4,2.9,3.317217561326556,0.9245283018867925,5082.0,3922.0,1160.0
302162,Club India Cafe & Restaurant,32,2.9,3.1729942067939194,0.6049382716049383,5082.0,5734.0,-652.0
308187,Domino's Pizza,29,3.1,3.2578529583372755,0.6282051282051282,4106.0,5217.0,-1111.0
8292,Everest Bakery Cafe,19,2.8,3.1972430992692273,0.7205882352941176,5462.0,5626.0,-164.0
307114,Everest Kitchen,18,3.2,3.310634787318022,0.7313432835820896,3596.0,4227.0,-631.0
18408059,Exotic Rooftop Restaurant,5,3.0,3.3187505694501387,0.9074074074074074,4617.0,3823.0,794.0
308614,Flavours,11,2.9,3.2685421791717912,0.8166666666666667,5082.0,5109.0,-27.0
304217,Gagan Assam Bengal Restaurant,7,2.9,3.2948666205412054,0.875,5082.0,4662.0,420.0
302724,Gold Resto Bar,8,2.9,3.2879391359703063,0.8596491228070176,5082.0,4805.0,277.0
5799,Grand Madras Cafe,4,2.9,3.317217561326556,0.9245283018867925,5082.0,3922.0,1160.0
3117,Green Chilli,17,2.8,3.2092807689440526,0.7424242424242424,5462.0,5573.0,-111.0
300639,Gurdev Punjabi Restaurant,8,3.0,3.301974223689605,0.8596491228070176,4617.0,4498.0,119.0
18384879,Haji Irshad Biryani Centre,6,3.0,3.3129551045510452,0.8909090909090909,4617.0,4096.0,521.0
18481280,Hungerzz Grill,4,3.0,3.324764731137877,0.9245283018867925,4617.0,3529.0,1088.0
300635,Janta Sweets,9,3.0,3.2967677715570254,0.8448275862068966,4617.0,4614.0,3.0
302159,Khosla Cafe,18,3.2,3.310634787318022,0.7313432835820896,3596.0,4227.0,-631.0
18204494,King Bar & Restaurant,10,3.0,3.2917378093272456,0.8305084745762712,4617.0,4730.0,-113.0
305135,Le Fairway Restaurant & Bar,17,3.1,3.28655349621678,0.7424242424242424,4106.0,4849.0,-743.0
302155,Madan Cafe & Restaurant,28,3.1,3.2599029967572397,0.6363636363636364,4106.0,5196.0,-1090.0
3119,Malhotra Restaurant,32,2.9,3.1729942067939194,0.6049382716049383,5082.0,5734.0,-652.0
3254,Metropolis Bar,22,3.0,3.242430010567711,0.6901408450704225,4617.0,5361.0,-744.0
302272,Mikky Restaurant,18,2.8,3.203172100750858,0.7313432835820896,5462.0,5601.0,-139.0
300616,Mourya Sweets Chat Bhandar,4,2.9,3.317217561326556,0.9245283018867925,5082.0,3922.0,1160.0
5796,My Bar & Restaurant,679,3.2,3.210182047733939,0.0673076923076923,3596.0,5568.0,-1972.0
310595,My Love Restaurant & Bar,19,2.7,3.1693019227986396,0.7205882352941176,5776.0,5747.0,29.0
303788,Organic German Bakeshop - Brown Bread Bakery,22,3.2,3.3044018415536267,0.6901408450704225,3596.0,4429.0,-833.0
305490,Paankhuri Restaurant,5,3.0,3.3187505694501387,0.9074074074074074,4617.0,3823.0,794.0
300620,Pardeep Corner,25,3.3,3.3339531182473983,0.6621621621621622,3125.0,3294.0,-169.0
18218076,Pehalwan Da Hotel,6,3.1,3.323864195460136,0.8909090909090909,4106.0,3626.0,480.0
308682,Pizza Hut Delivery,26,2.8,3.160167076670766,0.6533333333333333,5462.0,5781.0,-319.0
18198465,Re Cafe,14,3.1,3.2954369960366265,0.7777777777777778,4106.0,4638.0,-532.0
311879,Rumi Amritsari Naan,12,3.2,3.3215168975460245,0.8032786885245902,3596.0,3704.0,-108.0
1888,Sagar Bar-Be Que,37,2.7,3.0710759389570637,0.5697674418604651,5776.0,6001.0,-225.0
301191,Satyam Rooftop Restaurant,9,2.9,3.281250530177715,0.8448275862068966,5082.0,4929.0,153.0
6345,Sethi Restaurant,8,2.8,3.2739040482510084,0.8596491228070176,5462.0,5033.0,429.0
18272388,Shri Bankey Bihari Samosa Wala,5,3.1,3.3280098287093978,0.9074074074074074,4106.0,3436.0,670.0
6355,Sonu South Indian Restaurant,8,2.9,3.2879391359703063,0.8596491228070176,5082.0,4805.0,277.0
300571,Southern Welcome Restaurant,7,2.7,3.269866620541205,0.875,5776.0,5086.0,690.0
302173,Swagat Dhaba,12,2.7,3.2231562418083195,0.8032786885245902,5776.0,5499.0,277.0
5801,Tadka 4986,37,3.4,3.372238729654738,0.5697674418604651,2648.0,2950.0,-302.0
18261165,The Drunkyard Cafe,8,3.0,3.301974223689605,0.8596491228070176,4617.0,4498.0,119.0
302188,The Gem Bar & Restaurant,18,3.2,3.310634787318022,0.7313432835820896,3596.0,4227.0,-631.0
18017258,The Indian Grill Restaurant,10,2.8,3.2578395042424995,0.8305084745762712,5462.0,5222.0,240.0
3094,True Blue,11,3.0,3.2868755125051248,0.8166666666666667,4617.0,4833.0,-216.0
3118,U Like,16,3.0,3.2648081653893457,0.7538461538461538,4617.0,5156.0,-539.0
6359,Vaga Bond,7,2.9,3.2948666205412054,0.875,5082.0,4662.0,420.0
18252250,Vrinda Vaishno Dhaba,4,2.8,3.3096703915152355,0.9245283018867925,5462.0,4247.0,1215.0
5949,White Heart Restro Bar,13,2.7,3.214718237908185,0.7903225806451613,5776.0,5547.0,229.0
18409188,Haldiram Bhujiawala,27,3.5,3.404112246714572,0.6447368421052632,2195.0,2561.0,-366.0
5753,Maa Bhagwati,39,3.5,3.417187849435312,0.5568181818181818,2195.0,2503.0,-308.0
18273527,Bajaj Vaishno Dhaba,16,2.2,3.0678850884662694,0.7538461538461538,6454.0,6006.0,448.0
6075,Sita Ram Diwan Chand,1317,4.3,4.265968177708863,0.03587115666178624,190.0,158.0,32.0
306750,Aayush Food Plaza,5,2.9,3.309491310190879,0.9074074074074074,5082.0,4258.0,824.0
306739,Ankit Fast Food Corner,5,2.9,3.309491310190879,0.9074074074074074,5082.0,4258.0,824.0
18312564,Da Pizza Corner,7,3.0,3.307366620541205,0.875,4617.0,4362.0,255.0
306741,Mughal Zaika Chicken Point,4,2.9,3.317217561326556,0.9245283018867925,5082.0,3922.0,1160.0
9974,Nawab Restaurant,7,2.9,3.2948666205412054,0.875,5082.0,4662.0,420.0
300529,New Bikaner Sweets,10,3.0,3.2917378093272456,0.8305084745762712,4617.0,4730.0,-113.0
312169,Pizza Yum,8,2.7,3.25986896053171,0.8596491228070176,5776.0,5200.0,576.0
301783,Radhika Sweets,5,2.9,3.309491310190879,0.9074074074074074,5082.0,4258.0,824.0
9218,Satguru Di Hatti,6,2.8,3.291136922732863,0.8909090909090909,5462.0,4762.0,700.0
301994,Sher-E-Punjab,5,3.0,3.3187505694501387,0.9074074074074074,4617.0,3823.0,794.0
306729,Shudh Vaishno Amritsari Naan,6,3.0,3.3129551045510452,0.8909090909090909,4617.0,4096.0,521.0
9207,Sumit Sweets,6,2.8,3.291136922732863,0.8909090909090909,5462.0,4762.0,700.0
18433910,Burger King,10,3.2,3.3256361144119913,0.8305084745762712,3596.0,3496.0,100.0
18435287,Chaayos,4,3.2,3.339859070760519,0.9245283018867925,3596.0,3193.0,403.0
7618,Aalis Kathi Kabab,46,3.3,3.3264476921084998,0.5157894736842106,3125.0,3479.0,-354.0
3637,Dill's Chawla Chik Inn,66,3.4,3.3792393978287607,0.4260869565217391,2648.0,2846.0,-198.0
302277,Ipshita's Cakes Mamma Bakes,11,3.1,3.305208845838458,0.8166666666666667,4106.0,4413.0,-307.0
18216942,Big Wong,108,4.3,4.003901469747181,0.31210191082802546,190.0,435.0,-245.0
5784,Giani's,39,3.3,3.3285514857989487,0.5568181818181818,3125.0,3425.0,-300.0
5783,Baskin Robbins,39,3.5,3.417187849435312,0.5568181818181818,2195.0,2503.0,-308.0
800,Chicken Inn,447,3.6,3.5754284894159425,0.09879032258064516,1785.0,1636.0,149.0
73,Ichiban,768,3.9,3.8670900009183686,0.05997552019583843,807.0,701.0,106.0
308537,Krishna Di Kulfi,154,3.8,3.6916873435975734,0.2413793103448276,1087.0,1195.0,-108.0
803,Pindi,337,3.8,3.743037644430848,0.12694300518134716,1087.0,1035.0,52.0
103,Veg Gulati,600,3.8,3.76612100269693,0.07550077041602465,1087.0,964.0,123.0
18421051,Chor Bizarre,64,4.4,3.9452436349584734,0.4336283185840708,116.0,538.0,-422.0
799,Gulati,4373,4.4,4.388379134045751,0.011080958842152872,116.0,85.0,31.0
801,Havemore,1157,4.1,4.069579212894118,0.0406301824212272,429.0,343.0,86.0
308845,Aggarwal Sweets,5,2.9,3.309491310190879,0.9074074074074074,5082.0,4258.0,824.0
306826,Om Sai Dosa Corner,4,2.9,3.317217561326556,0.9245283018867925,5082.0,3922.0,1160.0
18303817,"34, Chowringhee Lane",30,2.7,3.10395608544693,0.620253164556962,5776.0,5934.0,-158.0
312913,A Pizza House,38,2.9,3.154167020118477,0.5632183908045977,5082.0,5799.0,-717.0
5645,Amrit Family Rasoi,53,2.8,3.064828732846151,0.4803921568627451,5462.0,6012.0,-550.0
312387,Bake Club,15,3.1,3.2923832929735544,0.765625,4106.0,4713.0,-607.0
5594,Cafe Coffee Day,40,3.3,3.328230682587724,0.550561797752809,3125.0,3429.0,-304.0
18175309,Cake O Frost,14,3.3,3.339881440481071,0.7777777777777778,3125.0,3180.0,-55.0
312990,Chawla Kitchen,49,3.3,3.325638068880689,0.5,3125.0,3490.0,-365.0
18233577,Cherry Fresh,21,3.3,3.335893296432964,0.7,3125.0,3255.0,-130.0
309836,Chocooze,9,3.2,3.3278022543156465,0.8448275862068966,3596.0,3463.0,133.0
7692,Chuk Chuk Mail,44,2.9,3.1377691478527687,0.5268817204301075,5082.0,5850.0,-768.0
18224548,Da Pizza Bakers,24,3.1,3.268664804798733,0.6712328767123288,4106.0,5103.0,-997.0
213,Domino's Pizza,111,3.2,3.246328317189422,0.30625,3596.0,5328.0,-1732.0
7488,Green Chick Chop,51,3.3,3.3251253075030744,0.49,3125.0,3523.0,-398.0
18356817,Grill Zone,23,3.4,3.366840704865382,0.6805555555555556,2648.0,3037.0,-389.0
1987,Grover Mithaivala,46,3.4,3.3748687447400787,0.5157894736842106,2648.0,2909.0,-261.0
18241871,Hong Kong Express,50,3.2,3.2748740479829035,0.494949494949495,3596.0,5002.0,-1406.0
300337,Hot Spot Roll Corner,34,3.2,3.2893075994012952,0.5903614457831325,3596.0,4797.0,-1201.0
18232113,Jaiveer Naan & Chaap,27,3.4,3.3685859309250983,0.6447368421052632,2648.0,3014.0,-366.0
303018,Jaiveer Naan & Chaap,27,3.1,3.2620069835566774,0.6447368421052632,4106.0,5183.0,-1077.0
300318,Kabab Hut,37,2.9,3.1571224505849704,0.5697674418604651,5082.0,5791.0,-709.0
18070479,Kabbaba,31,3.3,3.331406634378843,0.6125,3125.0,3367.0,-242.0
9956,McDonald's,94,3.3,3.3175701451070454,0.34265734265734266,3125.0,3917.0,-792.0
5652,New Durga Corner,37,3.2,3.286192218026831,0.5697674418604651,3596.0,4860.0,-1264.0
7330,New Durga Dosa Corner,43,3.0,3.18709272554682,0.532608695652174,4617.0,5674.0,-1057.0
4801,Pishori Chicken,46,3.4,3.3748687447400787,0.5157894736842106,2648.0,2909.0,-261.0
9853,Pizza Break,75,3.4,3.3807462157282857,0.3951612903225806,2648.0,2815.0,-167.0
308929,Pizza Hut Delivery,58,3.1,3.2150703808439953,0.45794392523364486,4106.0,5546.0,-1440.0
300344,PK Shoppe,36,2.7,3.0754415382389118,0.5764705882352941,5776.0,5991.0,-215.0
18372287,Pudding & Pie,16,2.7,3.190962011543192,0.7538461538461538,5776.0,5653.0,123.0
18198449,Punjabi Angithi,31,3.3,3.331406634378843,0.6125,3125.0,3367.0,-242.0
300343,Punjabi Handi,39,3.4,3.3728696676171306,0.5568181818181818,2648.0,2939.0,-291.0
300323,Quality Cake Shop,92,3.2,3.252571140073103,0.3475177304964539,3596.0,5269.0,-1673.0
2366,Rahul's Rasoi,78,2.5,2.828445124018169,0.3858267716535433,6216.0,6328.0,-112.0
300334,RTW,49,2.6,2.9756380688806887,0.5,6026.0,6165.0,-139.0
300321,Sahib e Aalam,49,3.2,3.275638068880689,0.5,3596.0,4996.0,-1400.0
5655,Shree Durga Dosa,35,3.4,3.3715777470274695,0.5833333333333334,2648.0,2961.0,-313.0
7274,Shree Durga Dosa,27,2.7,3.119901720398783,0.6447368421052632,5776.0,5892.0,-116.0
9670,Shree Rathnam,95,3.2,3.251475907988246,0.3402777777777778,3596.0,5274.0,-1678.0
311957,Sunil Momos.Com,65,3.4,3.379057287283399,0.4298245614035088,2648.0,2850.0,-202.0
1990,Temptation Food,29,2.8,3.1463144967988135,0.6282051282051282,5462.0,5823.0,-361.0
18279470,Wheelyz,32,3.2,3.291512725312438,0.6049382716049383,3596.0,4756.0,-1160.0
307965,Ashok Meat Wala,40,3.6,3.4630621432618813,0.550561797752809,1785.0,2222.0,-437.0
18336183,Biryani Sons & Co.,63,3.8,3.603683310270602,0.4375,1087.0,1534.0,-447.0
18472416,Curry Tree,18,3.5,3.391231802243395,0.7313432835820896,2195.0,2663.0,-468.0
306636,Deli 63,52,3.6,3.4793319876268067,0.48514851485148514,1785.0,2103.0,-318.0
300335,Friends Shawarma,107,3.5,3.453285453527612,0.3141025641025641,2195.0,2291.0,-96.0
311379,Ganesh Restaurant,105,3.8,3.657224225651347,0.3181818181818182,1087.0,1339.0,-252.0
18379474,Kake Da Hotel,29,3.6,3.443750394234711,0.6282051282051282,1785.0,2360.0,-575.0
309307,Nirmal Vada Pav,75,3.5,3.4412300866960277,0.3951612903225806,2195.0,2374.0,-179.0
312425,Oasis Baklawa,76,3.5,3.4417002460024597,0.392,2195.0,2372.0,-177.0
7291,Puri Bakers,108,3.6,3.5223728073267995,0.31210191082802546,1785.0,1886.0,-101.0
18163915,Wonder Taste of Spices,75,3.6,3.5017139576637697,0.3951612903225806,1785.0,1982.0,-197.0
18233583,Biryaniwala,68,2.1,2.624038724361603,0.4188034188034188,6480.0,6456.0,24.0
310630,Firangi N More,43,2.2,2.8131796820685593,0.532608695652174,6454.0,6348.0,106.0
7271,Pakwan,45,2.1,2.752260965428803,0.5212765957446809,6480.0,6399.0,81.0
18138442,Subway,31,2.3,2.9439066343788434,0.6125,6408.0,6211.0,197.0
308559,24x7,18,3.1,3.283769115676231,0.7313432835820896,4106.0,4877.0,-771.0
18358841,Cafe Cook,15,2.8,3.2220707929735544,0.765625,5462.0,5505.0,-43.0
18397140,La-Nawaab,5,3.0,3.3187505694501387,0.9074074074074074,4617.0,3823.0,794.0
18168171,Roadside Cafe,55,2.8,3.05973587259911,0.47115384615384615,5462.0,6025.0,-563.0
18458961,Royal India Food Plaza,12,3.2,3.3215168975460245,0.8032786885245902,3596.0,3704.0,-108.0
18208914,Sir John Bakery Cafe,27,3.4,3.3685859309250983,0.6447368421052632,2648.0,3014.0,-366.0
18231410,Bikku Bakes,59,3.7,3.541782692132477,0.4537037037037037,1422.0,1797.0,-375.0
18037850,Giani,65,3.5,3.436074831143048,0.4298245614035088,2195.0,2402.0,-207.0
307501,Zune - Piccadily Hotel,67,2.6,2.9173494030198923,0.4224137931034483,6026.0,6250.0,-224.0
3362,361 Restaurant & Banquet,67,3.4,3.3794183685371335,0.4224137931034483,2648.0,2841.0,-193.0
18424879,6 Pack Momos,7,2.8,3.2823666205412048,0.875,5462.0,4890.0,572.0
18363074,Amritsari Kulcha,4,3.1,3.3323119009491977,0.9245283018867925,4106.0,3343.0,763.0
18386078,Bake Houz,4,3.0,3.324764731137877,0.9245283018867925,4617.0,3529.0,1088.0
313146,Ben's Foods,9,3.2,3.3278022543156465,0.8448275862068966,3596.0,3463.0,133.0
3967,Bobby Punjabi Rasoi,113,2.6,2.827237844137701,0.30246913580246915,6026.0,6331.0,-305.0
18378050,Bromfy Public House,27,2.8,3.155428036188256,0.6447368421052632,5462.0,5795.0,-333.0
309685,BTW,63,2.8,3.041183310270602,0.4375,5462.0,6059.0,-597.0
8940,Chacha Shankar,29,3.2,3.295032445516763,0.6282051282051282,3596.0,4659.0,-1063.0
300672,Chaska,161,3.2,3.2352977654776547,0.23333333333333334,3596.0,5416.0,-1820.0
313355,Chatore.e.e,38,3.2,3.2852015028770976,0.5632183908045977,3596.0,4864.0,-1268.0
2958,Chawla's Tandoori Xpress,75,2.5,2.8363913770186087,0.3951612903225806,6216.0,6325.0,-109.0
304093,Chawla's Tandoori Xpress,45,3.2,3.2788567101096535,0.5212765957446809,3596.0,4961.0,-1365.0
6453,Chinese Hut,60,2.9,3.1028672545899765,0.44954128440366975,5082.0,5935.0,-853.0
18456456,Culinaria,10,3.3,3.342585266954364,0.8305084745762712,3125.0,3134.0,-9.0
18306511,Deli Cake Cafe,33,3.4,3.3708845213452134,0.5975609756097561,2648.0,2976.0,-328.0
214,Domino's Pizza,73,3.2,3.260758448773012,0.4016393442622951,3596.0,5191.0,-1595.0
3892,Domino's Pizza,65,2.6,2.9229169364062058,0.4298245614035088,6026.0,6244.0,-218.0
300873,Dragon Hut,72,3.3,3.32076471694469,0.4049586776859504,3125.0,3737.0,-612.0
307419,Frontier Restaurant,7,2.5,3.244866620541205,0.875,6216.0,5341.0,875.0
5862,Giani's,36,3.1,3.2448533029447937,0.5764705882352941,4106.0,5344.0,-1238.0
18477957,Giani,6,2.9,3.3020460136419545,0.8909090909090909,5082.0,4458.0,624.0
18398575,Grand Bikaner,5,3.0,3.3187505694501387,0.9074074074074074,4617.0,3823.0,794.0
1123,Hill Chillz 26,41,3.1,3.2368058972256386,0.5444444444444444,4106.0,5396.0,-1290.0
313443,K's Town,20,2.8,3.191485952903007,0.7101449275362319,5462.0,5645.0,-183.0
306816,Laxmi Ice Cream Parlour,12,3.1,3.3018447663984833,0.8032786885245902,4106.0,4525.0,-419.0
312471,Make My Day,25,3.1,3.2663855506798307,0.6621621621621622,4106.0,5126.0,-1020.0
194,McDonald's,58,3.3,3.323481595797266,0.45794392523364486,3125.0,3677.0,-552.0
1959,Mikky Peshawari,49,2.8,3.075638068880689,0.5,5462.0,5984.0,-522.0
17977763,Moroca,31,3.2,3.2926566343788437,0.6125,3596.0,4702.0,-1106.0
8941,New Punjabi Dhaba and Caterers,39,3.2,3.284233303980767,0.5568181818181818,3596.0,4871.0,-1275.0
308607,Pandey Chinese Hut,43,2.7,3.0468753342424724,0.532608695652174,5776.0,6048.0,-272.0
313442,Pandey Chinese Hut,7,2.7,3.269866620541205,0.875,5776.0,5086.0,690.0
18358201,Peppers & Pipes,15,3.1,3.2923832929735544,0.765625,4106.0,4713.0,-607.0
5392,Punjabi Zaika,110,3.3,3.315802080190613,0.3081761006289308,3125.0,4061.0,-936.0
312334,Punjabi's Eating Hub,31,3.3,3.331406634378843,0.6125,3125.0,3367.0,-242.0
18396440,Punjabian Di Shaan,4,2.6,3.294576051892594,0.9245283018867925,6026.0,4695.0,1331.0
3966,Puran Chand,48,2.6,2.9795106262918303,0.5051546391752577,6026.0,6155.0,-129.0
304389,Ram Chinese Food,9,2.9,3.281250530177715,0.8448275862068966,5082.0,4929.0,153.0
18175260,Rooftop,24,3.3,3.3344182294562668,0.6712328767123288,3125.0,3290.0,-165.0
18057827,Ruchi's Food Junction,8,2.7,3.25986896053171,0.8596491228070176,5776.0,5200.0,576.0
8961,Sahni Veg & Non Veg,26,3.1,3.264167076670766,0.6533333333333333,4106.0,5163.0,-1057.0
312327,Shiv Chinese Chat Bhandar,13,3.1,3.2985892056501207,0.7903225806451613,4106.0,4589.0,-483.0
306809,Shutup 'N' Eat,158,3.2,3.235809327296171,0.23671497584541062,3596.0,5398.0,-1802.0
9792,Sindhi Chicken Corner,80,3.0,3.1334304709326157,0.3798449612403101,4617.0,5867.0,-1250.0
18218787,Smokshh The Lounge,25,3.4,3.367736902031182,0.6621621621621622,2648.0,3022.0,-374.0
311512,Subway,77,3.3,3.3199407202405355,0.3888888888888889,3125.0,3749.0,-624.0
18421020,The Blessing Bliss,21,3.4,3.365893296432964,0.7,2648.0,3055.0,-407.0
308364,The Butter Cup,7,3.0,3.307366620541205,0.875,4617.0,4362.0,255.0
307276,The Cake Bucks,85,3.3,3.3187502294799063,0.3656716417910448,3125.0,3880.0,-755.0
18350101,The Taste of Delhi,128,3.3,3.3141950889847878,0.2768361581920904,3125.0,4070.0,-945.0
18361220,The Taste,4,3.0,3.324764731137877,0.9245283018867925,4617.0,3529.0,1088.0
311576,VadaPav 'n' Frankie,5,3.0,3.3187505694501387,0.9074074074074074,4617.0,3823.0,794.0
300836,Vaishnav Chat & Caterers,34,3.3,3.3302714548229817,0.5903614457831325,3125.0,3389.0,-264.0
18265418,Yellowtail,19,3.1,3.2810666286809926,0.7205882352941176,4106.0,4944.0,-838.0
18017253,Baker's Stop,71,3.7,3.557604422919229,0.4083333333333333,1422.0,1735.0,-313.0
300872,Bansal Sweets,91,3.9,3.7079466482164816,0.35,807.0,1144.0,-337.0
3333,Bharat Sweets,26,3.5,3.402833743337433,0.6533333333333333,2195.0,2572.0,-377.0
6451,Dosa Corner,93,3.6,3.514172751762729,0.34507042253521125,1785.0,1935.0,-150.0
6454,Green Chick Chop,68,3.6,3.4958335961564746,0.4188034188034188,1785.0,2008.0,-223.0
18476960,Greenvich,40,3.6,3.4630621432618813,0.550561797752809,1785.0,2222.0,-437.0
18398592,Hamburg To Hyderabad,63,3.9,3.6599333102706026,0.4375,807.0,1329.0,-522.0
18265676,I Food You,92,3.9,3.7093087287255853,0.3475177304964539,807.0,1139.0,-332.0
3080,Kay's Chicken Corner,103,3.6,3.519819281252023,0.3223684210526316,1785.0,1900.0,-115.0
313173,Lanche,105,3.7,3.589042407469529,0.3181818181818182,1422.0,1573.0,-151.0
18476896,Marshmallow Cakes & More,10,3.5,3.3764835720391098,0.8305084745762712,2195.0,2887.0,-692.0
306011,Om Corner,57,3.7,3.538797459908561,0.46226415094339623,1422.0,1812.0,-390.0
4683,Peshawari,79,3.6,3.5047853964867777,0.3828125,1785.0,1973.0,-188.0
18222572,Puri Bakers,72,3.9,3.67778951033312,0.4049586776859504,807.0,1242.0,-435.0
18464054,Republic Of Food Lovers,27,3.6,3.439638562504046,0.6447368421052632,1785.0,2378.0,-593.0
8964,Sharma Bakers,33,3.5,3.411128423784237,0.5975609756097561,2195.0,2529.0,-334.0
18322667,Street Hawkers,32,3.5,3.4100312438309563,0.6049382716049383,2195.0,2534.0,-339.0
311209,The Midnight Heroes,379,3.6,3.571524604556793,0.11448598130841121,1785.0,1656.0,129.0
6449,Tilak Munjal-R Panchkuian Samose Wale,98,3.5,3.450425379253792,0.3333333333333333,2195.0,2313.0,-118.0
312763,Giri Momos Centre & Chinese Fast Food,69,2.4,2.795021447036504,0.4152542372881356,6325.0,6365.0,-40.0
307444,Laalwala's,37,2.4,2.942006171515203,0.5697674418604651,6325.0,6215.0,110.0
305398,Sagar Ratna,131,2.3,2.5861807263905967,0.2722222222222222,6408.0,6470.0,-62.0
302815,Babu Shahi Bawarchi,100,3.3,3.316862622485285,0.3288590604026846,3125.0,4006.0,-881.0
305525,Cafe Lota,2213,4.5,4.475116061339659,0.021662245800176835,79.0,60.0,19.0
313481,Bombay's Royal China,17,3.2,3.312311071974356,0.7424242424242424,3596.0,4157.0,-561.0
18359287,Chin China,9,3.1,3.312285012936336,0.8448275862068966,4106.0,4179.0,-73.0
18199151,Cholkat,4,3.0,3.324764731137877,0.9245283018867925,4617.0,3529.0,1088.0
311162,Deluxe Butter Omlette,13,3.3,3.3405246895210885,0.7903225806451613,3125.0,3164.0,-39.0
18204823,Giani's,12,3.0,3.282172635250942,0.8032786885245902,4617.0,4914.0,-297.0
302465,Kanha Sweets,24,2.8,3.170034667812431,0.6712328767123288,5462.0,5740.0,-278.0
18359296,Liquid,11,3.2,3.3235421791717914,0.8166666666666667,3596.0,3655.0,-59.0
300925,Papa Chinese Veg Food,12,2.8,3.2428283729558602,0.8032786885245902,5462.0,5351.0,111.0
307026,Punjab To China,19,3.2,3.3090078051515808,0.7205882352941176,3596.0,4307.0,-711.0
18057816,Asia 21,48,2.9,3.1279642345392524,0.5051546391752577,5082.0,5877.0,-795.0
18303432,Barkat,67,3.4,3.3794183685371335,0.4224137931034483,2648.0,2841.0,-193.0
3790,Bikanervala,81,3.4,3.3816348519254418,0.3769230769230769,2648.0,2800.0,-152.0
2509,Chawla's,135,3.4,3.3870246236429753,0.266304347826087,2648.0,2723.0,-75.0
18238913,Cilantro Woodapple,8,3.0,3.301974223689605,0.8596491228070176,4617.0,4498.0,119.0
215,Domino's Pizza,102,2.8,2.9788909321212413,0.32450331125827814,5462.0,6158.0,-696.0
3793,Giani's,51,3.2,3.274125307503075,0.49,3596.0,5026.0,-1430.0
18244250,Gopala,6,2.9,3.3020460136419545,0.8909090909090909,5082.0,4458.0,624.0
18372294,Green Chick Chop,4,3.0,3.324764731137877,0.9245283018867925,4617.0,3529.0,1088.0
6261,Gupta Chat Corner,47,3.3,3.326172195315703,0.5104166666666666,3125.0,3483.0,-358.0
18376484,Kake Da Hotel,15,2.7,3.1986332929735544,0.765625,5776.0,5613.0,163.0
468,Karim's,84,2.5,2.8136280507541915,0.3684210526315789,6216.0,6347.0,-131.0
8276,Katyal Pure Vegetarian,10,3.0,3.2917378093272456,0.8305084745762712,4617.0,4730.0,-113.0
6120,Kunal Dhaba,18,3.2,3.310634787318022,0.7313432835820896,3596.0,4227.0,-631.0
18252395,Midnight Hunger,9,3.1,3.312285012936336,0.8448275862068966,4106.0,4179.0,-73.0
18180073,Moon Bite,177,3.1,3.1544802245588826,0.2168141592920354,4106.0,5798.0,-1692.0
18441678,Nirula's Ice Cream,5,3.0,3.3187505694501387,0.9074074074074074,4617.0,3823.0,794.0
18400762,Pash!,6,3.1,3.323864195460136,0.8909090909090909,4106.0,3626.0,480.0
306492,Rashi's De La Creme,7,3.1,3.319866620541205,0.875,4106.0,3750.0,356.0
8488,Rupa Dairy,6,2.9,3.3020460136419545,0.8909090909090909,5082.0,4458.0,624.0
310536,Sandy's Punjabi Rasoi,24,3.2,3.3015415171274998,0.6712328767123288,3596.0,4544.0,-948.0
308360,Shree Rathnam,121,3.3,3.314779592648867,0.28823529411764703,3125.0,4069.0,-944.0
18017248,Tandoori Planet,32,3.4,3.3705250709914503,0.6049382716049383,2648.0,2987.0,-339.0
312855,Tandoori Tadka,17,3.3,3.3380686477319315,0.7424242424242424,3125.0,3217.0,-92.0
18463971,Urban Owl,8,3.1,3.3160093114089033,0.8596491228070176,4106.0,4009.0,97.0
8600,4th Street Cafe,145,3.5,3.462435725517049,0.25257731958762886,2195.0,2231.0,-36.0
18380143,Late Lateefe,44,3.5,3.4216401155947036,0.5268817204301075,2195.0,2481.0,-286.0
18254520,Mr. Brown,50,3.7,3.527399300508156,0.494949494949495,1422.0,1861.0,-439.0
18222554,The Riding Guns Cafe,100,3.6,3.5182049043644796,0.3288590604026846,1785.0,1908.0,-123.0
310896,The Chinese Hut,62,2.4,2.8199327094622295,0.44144144144144143,6325.0,6342.0,-17.0
5446,Linx - Premier Inn,32,3.0,3.2125003796334255,0.6049382716049383,4617.0,5559.0,-942.0
5448,The 87 - Premier Inn,18,3.1,3.283769115676231,0.7313432835820896,4106.0,4877.0,-771.0
18408062,Stallion - Pride Plaza Hotel,7,3.1,3.319866620541205,0.875,4106.0,3750.0,356.0
18369301,Aditya's Kulcha Express,18,3.3,3.337500458959813,0.7313432835820896,3125.0,3226.0,-101.0
309383,Allterian By Chanson,140,3.4,3.3873678875677644,0.25925925925925924,2648.0,2719.0,-71.0
310801,Amuse Lounge,49,3.3,3.325638068880689,0.5,3125.0,3490.0,-365.0
495,Bikanervala,129,3.2,3.2416434311815028,0.2752808988764045,3596.0,5367.0,-1771.0
18241532,Cakes Dot Com,24,3.2,3.3015415171274998,0.6712328767123288,3596.0,4544.0,-948.0
18445783,Chez Papillons by Bonjour Chocolates,10,3.3,3.342585266954364,0.8305084745762712,3125.0,3134.0,-9.0
18352179,Chicago Pizza,10,2.6,3.223941199157754,0.8305084745762712,6026.0,5493.0,533.0
309309,Choco Doux,8,3.1,3.3160093114089033,0.8596491228070176,4106.0,4009.0,97.0
8272,Cocoberry,50,3.2,3.2748740479829035,0.494949494949495,3596.0,5002.0,-1406.0
1998,Curries N More,25,3.2,3.3001693344636145,0.6621621621621622,3596.0,4574.0,-978.0
1120,Dili's Chawla Chik Inn,45,3.1,3.230984369684122,0.5212765957446809,4106.0,5448.0,-1342.0
18369772,Dimsum Vs Sushi,24,3.4,3.3672949417850337,0.6712328767123288,2648.0,3032.0,-384.0
216,Domino's Pizza,112,3.2,3.2460405636665066,0.30434782608695654,3596.0,5329.0,-1733.0
303051,Everest Momos & Chinese Fast Food,17,3.2,3.312311071974356,0.7424242424242424,3596.0,4157.0,-561.0
6905,Food Plaza,23,3.2,3.302951815976493,0.6805555555555556,3596.0,4442.0,-846.0
307551,Giani,37,3.4,3.372238729654738,0.5697674418604651,2648.0,2950.0,-302.0
306267,Grillz & Gravy,57,3.3,3.3237031202859195,0.46226415094339623,3125.0,3649.0,-524.0
306170,Kabab,23,3.2,3.302951815976493,0.6805555555555556,3596.0,4442.0,-846.0
3972,Khalsa,55,2.7,3.0068512572144948,0.47115384615384615,5776.0,6111.0,-335.0
2951,Kumar Pastry Shop,48,3.3,3.3259023788691486,0.5051546391752577,3125.0,3488.0,-363.0
308242,Little Chef,128,3.4,3.386511473165579,0.2768361581920904,2648.0,2730.0,-82.0
18153553,Mafia 2.0,198,3.4,3.3903341325923377,0.19838056680161945,2648.0,2680.0,-32.0
311025,Makhni's,78,2.7,2.9512797696874604,0.3858267716535433,5776.0,6203.0,-427.0
309578,Moksha,54,3.2,3.2719663179641505,0.47572815533980584,3596.0,5078.0,-1482.0
476,Moti Mahal Delux,70,2.5,2.8505254684899786,0.4117647058823529,6216.0,6315.0,-99.0
310359,Pudding & Pie,27,3.0,3.2264806677672038,0.6447368421052632,4617.0,5480.0,-863.0
1308,Republic of Chicken,15,3.1,3.2923832929735544,0.765625,4106.0,4713.0,-607.0
301657,Shree Rathnam,111,3.4,3.3850783171894214,0.30625,2648.0,2748.0,-100.0
309188,Soo Yung by the backyard,84,3.4,3.3820491033857705,0.3684210526315789,2648.0,2796.0,-148.0
8801,Subway,167,2.6,2.7704283831032757,0.22685185185185186,6026.0,6385.0,-359.0
1986,The Cake Shop,42,3.3,3.3276102280253568,0.5384615384615384,3125.0,3473.0,-348.0
304212,The Night Shift,103,3.1,3.181003491778339,0.3223684210526316,4106.0,5701.0,-1595.0
18288046,The Night Walkers,18,3.4,3.364366130601604,0.7313432835820896,2648.0,3086.0,-438.0
18082238,The Submarine Lounge,148,3.4,3.38788086675283,0.24873096446700507,2648.0,2715.0,-67.0
18228854,Tikka Junction,27,3.4,3.3685859309250983,0.6447368421052632,2648.0,3014.0,-366.0
303105,Twenty Four Seven,24,3.2,3.3015415171274998,0.6712328767123288,3596.0,4544.0,-948.0
308067,WTF - Wraps Toast Fries,63,3.2,3.2661833102706024,0.4375,3596.0,5135.0,-1539.0
18420452,Food Scouts,61,4.6,4.04375027954825,0.44545454545454544,44.0,387.0,-343.0
1054,Alkakori,198,3.6,3.550658019232014,0.19838056680161945,1785.0,1759.0,26.0
312634,Arabian Delites,68,3.6,3.4958335961564746,0.4188034188034188,1785.0,2008.0,-223.0
3516,Blue Water Grille,180,3.5,3.468176990176015,0.21397379912663755,2195.0,2188.0,7.0
5595,Cafe Coffee Day,58,3.6,3.486098418227173,0.45794392523364486,1785.0,2057.0,-272.0
18232108,Dí_ner Grill,75,3.9,3.6831655705669957,0.3951612903225806,807.0,1224.0,-417.0
18358681,Drinks At Stake - Bar Exchange,96,3.8,3.648362281036603,0.33793103448275863,1087.0,1368.0,-281.0
18418237,Ghungroo Club & Bar - By Gautam Gambhir,140,3.8,3.6836641838640607,0.25925925925925924,1087.0,1221.0,-134.0
9230,Gupta Chat Corner,96,3.7,3.5821553844848792,0.33793103448275863,1422.0,1599.0,-177.0
6901,Gupta Sweets & Namkeen,36,3.5,3.414265067650676,0.5764705882352941,2195.0,2519.0,-324.0
18403003,hug!,19,3.5,3.392831334563345,0.7205882352941176,2195.0,2642.0,-447.0
311421,Lucky's Bakery and Patisserie,89,3.9,3.705163266306576,0.35507246376811596,807.0,1158.0,-351.0
176,McDonald's,141,3.7,3.610065951317408,0.2578947368421053,1422.0,1514.0,-92.0
1992,Mughal Darbar,150,3.5,3.4633795515090826,0.24623115577889448,2195.0,2218.0,-23.0
18287382,Nutritious Nation,64,3.6,3.49214628982573,0.4336283185840708,1785.0,2024.0,-239.0
18294251,Paapi Paet,68,3.6,3.4958335961564746,0.4188034188034188,1785.0,2008.0,-223.0
18291260,The Derby Cookhouse,47,3.6,3.473047195315703,0.5104166666666666,1785.0,2139.0,-354.0
311836,The Midnight Heroes,203,3.6,3.5516370267869344,0.19444444444444445,1785.0,1755.0,30.0
18198459,World Art Dining - Brew House,121,3.8,3.6706619455900436,0.28823529411764703,1087.0,1273.0,-186.0
18224547,Yo! China,127,3.6,3.5307530156267473,0.2784090909090909,1785.0,1845.0,-60.0
307911,Bake Me A Cake,147,4.0,3.837819034440344,0.25,614.0,781.0,-167.0
18287876,Bakerz Lodge,99,4.1,3.852111694258834,0.3310810810810811,429.0,741.0,-312.0
18375379,Hawalat Lounge & Bar,126,4.0,3.8183573185731854,0.28,614.0,826.0,-212.0
7167,Al Bake,159,3.2,3.235637167068786,0.23557692307692307,3596.0,5412.0,-1816.0
219,Domino's Pizza,253,2.5,2.6381209627493623,0.16225165562913907,6216.0,6452.0,-236.0
572,Madhuban,151,3.1,3.1615626537515373,0.245,4106.0,5778.0,-1672.0
302381,Pind Balluchi,249,2.8,2.8906460763433133,0.1644295302013423,5462.0,6280.0,-818.0
309232,Subway,115,3.2,3.245198358233582,0.29878048780487804,3596.0,5340.0,-1744.0
18303828,Burger King,116,3.6,3.5261365500018633,0.296969696969697,1785.0,1865.0,-80.0
2222,Lebanese Point,223,3.7,3.6371784218761305,0.1801470588235294,1422.0,1413.0,9.0
175,McDonald's,219,3.6,3.5545243684712964,0.1828358208955224,1785.0,1741.0,44.0
18400733,Nukkadwala,79,3.8,3.6282228964867773,0.3828125,1087.0,1446.0,-359.0
18303724,The Bunk House,96,3.9,3.714569177588327,0.33793103448275863,807.0,1118.0,-311.0
731,The Kathis,109,2.4,2.6950160174070095,0.310126582278481,6325.0,6423.0,-98.0
18219522,Locale,317,4.4,4.259597078552753,0.13387978142076504,116.0,168.0,-52.0
18219554,The Coffee Shop,326,4.4,4.262966748667487,0.13066666666666665,116.0,162.0,-46.0
7797,Chakhna Food Point,6,2.9,3.3020460136419545,0.8909090909090909,5082.0,4458.0,624.0
18352263,Da Pizza Corner,4,2.9,3.317217561326556,0.9245283018867925,5082.0,3922.0,1160.0
18312571,Parashar's,4,2.9,3.317217561326556,0.9245283018867925,5082.0,3922.0,1160.0
307171,Abdul Muradabadi Chicken,11,2.9,3.2685421791717912,0.8166666666666667,5082.0,5109.0,-27.0
300271,Anupam Sweets,17,2.5,3.1320080416713254,0.7424242424242424,6216.0,5868.0,348.0
345,Colonel's Kababz,67,3.2,3.263901127157823,0.4224137931034483,3596.0,5172.0,-1576.0
307865,Green Chick Chop,10,3.0,3.2917378093272456,0.8305084745762712,4617.0,4730.0,-113.0
307168,Jasmine Fast Food Centre,11,2.9,3.2685421791717912,0.8166666666666667,5082.0,5109.0,-27.0
1859,Khalsa Restaurant,102,2.9,3.046440600995414,0.32450331125827814,5082.0,6050.0,-968.0
301229,Kitchen King,53,2.6,2.960907164218701,0.4803921568627451,6026.0,6192.0,-166.0
307169,Laxmi Corner,5,3.0,3.3187505694501387,0.9074074074074074,4617.0,3823.0,794.0
306291,Nazeer Delicacies,163,3.3,3.3118515601429594,0.23113207547169812,3125.0,4218.0,-1093.0
18428880,Vdesi,5,3.1,3.3280098287093978,0.9074074074074074,4106.0,3436.0,670.0
3381,Alkakori Alkauser,629,3.7,3.674797242994554,0.07227138643067847,1422.0,1257.0,165.0
8853,Mathew's Cafe,148,3.7,3.6132615774127284,0.24873096446700507,1422.0,1498.0,-76.0
301154,Supreme Bakery,193,3.9,3.7888947551665595,0.2024793388429752,807.0,881.0,-74.0
309365,The Midnight Heroes,447,3.6,3.5754284894159425,0.09879032258064516,1785.0,1636.0,149.0
301227,"Ada ""e"" Haandi's",30,2.4,2.9900320348140186,0.620253164556962,6325.0,6137.0,188.0
7060,Karnataka Food Centre,881,4.1,4.060551108333664,0.05268817204301075,429.0,355.0,74.0
613,Cafe Coffee Day,9,2.9,3.281250530177715,0.8448275862068966,5082.0,4929.0,153.0
3549,Savannah Bar - Radisson Blu Plaza Delhi,24,3.3,3.3344182294562668,0.6712328767123288,3125.0,3290.0,-165.0
302282,Neung Roi - Radisson Blu Plaza Delhi,295,4.5,4.336373635902056,0.14244186046511628,79.0,115.0,-36.0
3546,R The Lounge - Radisson Blu Plaza Delhi,33,3.7,3.491616228662286,0.5975609756097561,1422.0,2027.0,-605.0
302283,The Pastry Shop - Radisson Blu Plaza Delhi,26,3.6,3.4375004100040996,0.6533333333333333,1785.0,2387.0,-602.0
3545,NYC - Radisson Blu Plaza Delhi,315,4.4,4.258825633929416,0.1346153846153846,116.0,171.0,-55.0
3547,The Great Kabab Factory - Radisson Blu Plaza Delhi,532,4.2,4.128420879088309,0.08433734939759036,289.0,273.0,16.0
4490,Cup Cakes - Radisson Blu,40,3.1,3.238343042138286,0.550561797752809,4106.0,5392.0,-1286.0
4488,Oro The Bar - Radisson Blu,36,3.3,3.3295591852977346,0.5764705882352941,3125.0,3415.0,-290.0
186,McDonald's,91,3.4,3.382946648216482,0.35,2648.0,2781.0,-133.0
3124,Mughal Mahal,221,3.2,3.2274538175937315,0.1814814814814815,3596.0,5478.0,-1882.0
18057792,Imly,1485,3.9,3.8824723147003306,0.031942633637548894,807.0,658.0,149.0
1641,Lanterns Kitchen & Bar,1082,3.8,3.780559266799564,0.04332449160035367,1087.0,908.0,179.0
7242,27 China Street,76,3.4,3.3809002460024593,0.392,2648.0,2811.0,-163.0
312920,Ada'e Handi,31,2.5,3.0214066343788435,0.6125,6216.0,6093.0,123.0
308051,Alkauser,58,3.4,3.377687203273902,0.45794392523364486,2648.0,2872.0,-224.0
3135,Barbeque Creation By Kadhai Tadka,78,2.5,2.828445124018169,0.3858267716535433,6216.0,6328.0,-112.0
693,Baskin Robbins,32,3.3,3.331018898151944,0.6049382716049383,3125.0,3374.0,-249.0
7399,Bikaner Sweets Corner,11,2.8,3.2502088458384577,0.8166666666666667,5462.0,5291.0,171.0
18375392,Biryaniwala,26,2.6,3.090833743337433,0.6533333333333333,6026.0,5955.0,71.0
5527,Cafe Coffee Day,37,2.9,3.1571224505849704,0.5697674418604651,5082.0,5791.0,-709.0
7407,Chinese Corner,29,2.6,3.0719555224398394,0.6282051282051282,6026.0,5998.0,28.0
18279476,Choice Corner,6,3.0,3.3129551045510452,0.8909090909090909,4617.0,4096.0,521.0
18294260,Chowringhee,5,2.7,3.2909727916723606,0.9074074074074074,5776.0,4773.0,1003.0
7409,Darshan Dhaba,16,2.7,3.190962011543192,0.7538461538461538,5776.0,5653.0,123.0
8912,Domino's Pizza,119,2.9,3.0316222068470684,0.2916666666666667,5082.0,6073.0,-991.0
18224550,Durga Dhaba,6,2.9,3.3020460136419545,0.8909090909090909,5082.0,4458.0,624.0
18363093,Flashback Midnight Hunger,50,3.4,3.3758841489930047,0.494949494949495,2648.0,2895.0,-247.0
307511,Flavours of Punjab,165,2.5,2.694918367992091,0.22897196261682243,6216.0,6424.0,-208.0
18369767,Flirty Momo's,12,3.1,3.3018447663984833,0.8032786885245902,4106.0,4525.0,-419.0
17977795,Food Factory,14,3.0,3.2732147738144044,0.7777777777777778,4617.0,5065.0,-448.0
18455210,Foodies Joint,20,3.4,3.3653989963812676,0.7101449275362319,2648.0,3067.0,-419.0
313258,Fresh Meat CO,4,2.9,3.317217561326556,0.9245283018867925,5082.0,3922.0,1160.0
7452,Friends Restaurant,117,2.8,2.962726088857274,0.29518072289156627,5462.0,6190.0,-728.0
7373,Giani,40,3.3,3.328230682587724,0.550561797752809,3125.0,3429.0,-304.0
309445,Green Chick Chop,17,3.2,3.312311071974356,0.7424242424242424,3596.0,4157.0,-561.0
18468651,Havmor Ice Cream,7,2.8,3.2823666205412048,0.875,5462.0,4890.0,572.0
8671,Hot Pot,111,2.5,2.7607033171894217,0.30625,6216.0,6393.0,-177.0
308049,Hyderabadi Biryani Parlour,66,2.9,3.09228287608963,0.4260869565217391,5082.0,5951.0,-869.0
307519,iGNiTE,110,3.0,3.108254910379292,0.3081761006289308,4617.0,5922.0,-1305.0
18034082,Just Cakez,6,3.2,3.334773286369227,0.8909090909090909,3596.0,3280.0,316.0
18237343,Kay's Bar-Be-Que,6,3.0,3.3129551045510452,0.8909090909090909,4617.0,4096.0,521.0
8658,Kolkata Kathi Roll,24,2.6,3.104281243154897,0.6712328767123288,6026.0,5930.0,96.0
307702,Madras Cafe,29,2.7,3.109135009619327,0.6282051282051282,5776.0,5914.0,-138.0
300300,Mama's Chinese Kitchen,58,3.0,3.160864773367359,0.45794392523364486,4617.0,5779.0,-1162.0
3131,Mama's Nu Khana Khazana,169,2.6,2.7688648199555392,0.22477064220183487,6026.0,6388.0,-362.0
18446480,Marathi Katta,11,2.7,3.231875512505125,0.8166666666666667,5776.0,5429.0,347.0
311383,Mitra Da Dhaba,55,2.8,3.05973587259911,0.47115384615384615,5462.0,6025.0,-563.0
2751,Moti Mahal Delux - Kebab Trail,102,3.2,3.2490896076179308,0.32450331125827814,3596.0,5317.0,-1721.0
18395392,Nirula's Ice Cream,10,2.9,3.2747886567848727,0.8305084745762712,5082.0,5007.0,75.0
306067,Oberoi Biryani,135,2.6,2.800068101903845,0.266304347826087,6026.0,6360.0,-334.0
8688,Pappu Ka Dhaba,25,3.1,3.2663855506798307,0.6621621621621622,4106.0,5126.0,-1020.0
7306,Peshawar Sweets Shop,79,3.4,3.381347896486777,0.3828125,2648.0,2805.0,-157.0
18277238,Piyu Kitchen,13,3.2,3.3195569475856046,0.7903225806451613,3596.0,3802.0,-206.0
18107869,Posh Spice,12,3.0,3.282172635250942,0.8032786885245902,4617.0,4914.0,-297.0
7442,Prince Chicken & Mutton Shop,22,2.6,3.11848634859588,0.6901408450704225,6026.0,5897.0,129.0
7448,Punjab Chicken & Bar-Be-Que,5,2.9,3.309491310190879,0.9074074074074074,5082.0,4258.0,824.0
307075,Republic of Chicken,33,2.8,3.129421106711067,0.5975609756097561,5462.0,5874.0,-412.0
305392,Sagar Ratna,120,2.7,2.8888315429012277,0.28994082840236685,5776.0,6282.0,-506.0
18248991,Sardar A Pure Meat Shop,7,3.0,3.307366620541205,0.875,4617.0,4362.0,255.0
18420444,Shama Chicken Corner,4,3.0,3.324764731137877,0.9245283018867925,4617.0,3529.0,1088.0
311787,Shawarma King's,7,3.1,3.319866620541205,0.875,4106.0,3750.0,356.0
8660,Sindh Sweet Corner,22,2.7,3.1494722640888377,0.6901408450704225,5776.0,5815.0,-39.0
18282048,Singh Tawa Corner,10,2.6,3.223941199157754,0.8305084745762712,6026.0,5493.0,533.0
8666,Singh's Kitchen,84,2.7,2.939943840227876,0.3684210526315789,5776.0,6221.0,-445.0
8667,South Indian Cafe,18,2.7,3.176306429109067,0.7313432835820896,5776.0,5714.0,62.0
7441,Subway,152,3.4,3.3881220435338677,0.24378109452736318,2648.0,2710.0,-62.0
3132,Swaad Bar-Be-Que,27,3.2,3.297533299346151,0.6447368421052632,3596.0,4607.0,-1011.0
7342,Tadak Punjabi,41,2.7,3.0545836750034168,0.5444444444444444,5776.0,6030.0,-254.0
301242,Tandoori Delights,40,2.5,2.9686801207899713,0.550561797752809,6216.0,6180.0,36.0
18429387,The Culinary Pitaara,7,2.8,3.2823666205412048,0.875,5462.0,4890.0,572.0
18453448,The Grill Cafe,21,3.4,3.365893296432964,0.7,2648.0,3055.0,-407.0
18369771,The Sunset,7,2.6,3.257366620541205,0.875,6026.0,5233.0,793.0
309255,Tomatoes Kitchen,135,2.9,3.0201767975560188,0.266304347826087,5082.0,6094.0,-1012.0
307278,Udupi Eating House,53,3.2,3.2726718701010538,0.4803921568627451,3596.0,5076.0,-1480.0
311760,Wrapss,140,3.1,3.165145665345542,0.25925925925925924,4106.0,5762.0,-1656.0
18443750,Burger Point,25,3.7,3.469088253382533,0.6621621621621622,1422.0,2180.0,-758.0
307700,Kings,83,3.6,3.50767068750233,0.3712121212121212,1785.0,1964.0,-179.0
18381646,Millionaire - Powered by Wrapss,27,3.5,3.404112246714572,0.6447368421052632,2195.0,2561.0,-366.0
308054,Punjabi Chaap Corner,107,3.6,3.521875197117356,0.3141025641025641,1785.0,1891.0,-106.0
18427200,Spooky Sky,38,3.5,3.416235985635718,0.5632183908045977,2195.0,2510.0,-315.0
7427,Standard Corner,87,3.6,3.5103862555169667,0.3602941176470588,1785.0,1947.0,-162.0
18261149,The Canteen,126,3.5,3.4583573185731855,0.28,2195.0,2259.0,-64.0
18322646,The Diet Kitchen,39,3.5,3.417187849435312,0.5568181818181818,2195.0,2503.0,-308.0
310912,The Flashback,617,3.7,3.674343139264726,0.07357357357357357,1422.0,1260.0,162.0
18334635,The Mashal,26,3.5,3.402833743337433,0.6533333333333333,2195.0,2572.0,-377.0
7401,Aggarwal Sweets India,52,2.4,2.861510205448589,0.48514851485148514,6325.0,6303.0,22.0
18237341,Dilli Treat,251,4.2,4.061375102501025,0.16333333333333333,289.0,354.0,-65.0
7428,Dukes Pastry Shop,474,4.2,4.120482850382998,0.09369024856596558,289.0,280.0,9.0
18420467,HotMess Bakes,101,4.1,3.8554168716687163,0.32666666666666666,429.0,730.0,-301.0
18332869,London Street Kitchen,163,4.2,4.003832692218431,0.23113207547169812,289.0,436.0,-147.0
18241878,Bablu Chic-Inn,25,2.6,3.097466631760912,0.6621621621621622,6026.0,5942.0,84.0
312959,Babu Jhatka,5,2.8,3.30023205093162,0.9074074074074074,5462.0,4556.0,906.0
978,Bal Gopal,49,3.4,3.3756380688806886,0.5,2648.0,2901.0,-253.0
306910,Bharat Sweets,11,3.0,3.2868755125051248,0.8166666666666667,4617.0,4833.0,-216.0
307135,Cafe Blue Tomato,411,3.2,3.216114197283277,0.10652173913043478,3596.0,5531.0,-1935.0
18363209,Cafe TAB,17,3.0,3.2607959204592043,0.7424242424242424,4617.0,5188.0,-571.0
18454700,Cake-O-Licious,11,3.3,3.3418755125051245,0.8166666666666667,3125.0,3142.0,-17.0
308791,Chaap Point,23,3.2,3.302951815976493,0.6805555555555556,3596.0,4442.0,-846.0
312589,Chawla Family Restaurant,8,2.9,3.2879391359703063,0.8596491228070176,5082.0,4805.0,277.0
977,Chawla Family Restaurant,93,3.2,3.252200920776813,0.34507042253521125,3596.0,5271.0,-1675.0
8649,Chawla Restaurant,25,3.1,3.2663855506798307,0.6621621621621622,4106.0,5126.0,-1020.0
309435,Chawlas 2,27,3.0,3.2264806677672038,0.6447368421052632,4617.0,5480.0,-863.0
18371401,Chicken Addiction,21,3.1,3.275893296432964,0.7,4106.0,4986.0,-880.0
307138,Crave Busters,224,3.4,3.3912546913930677,0.1794871794871795,2648.0,2662.0,-14.0
18420427,Garage,4,3.0,3.324764731137877,0.9245283018867925,4617.0,3529.0,1088.0
305082,Gola Sizzlers,246,3.4,3.391906883899347,0.16610169491525423,2648.0,2654.0,-6.0
305086,Golden Tandoor,41,3.2,3.2823614527811946,0.5444444444444444,3596.0,4909.0,-1313.0
307541,Green Chick Chop,14,3.1,3.2954369960366265,0.7777777777777778,4106.0,4638.0,-532.0
18281968,Indo Traditional Kulfi,5,3.1,3.3280098287093978,0.9074074074074074,4106.0,3436.0,670.0
18375382,Invitation Foodex,7,3.2,3.332366620541205,0.875,3596.0,3334.0,262.0
2537,King's Kabab,16,3.2,3.314038934620115,0.7538461538461538,3596.0,4073.0,-477.0
311977,New Kadimi,90,3.3,3.3180757607935787,0.35251798561151076,3125.0,3898.0,-773.0
974,Paramjeet Machi Wala,53,3.4,3.376593438728505,0.4803921568627451,2648.0,2883.0,-235.0
4163,Polka Pastry & Snack Bar,33,3.4,3.3708845213452134,0.5975609756097561,2648.0,2976.0,-328.0
305694,Punnu Biryani,41,2.6,3.0090281194478607,0.5444444444444444,6026.0,6108.0,-82.0
2364,Raju Chinese Food,49,3.2,3.275638068880689,0.5,3596.0,4996.0,-1400.0
305688,Sandoz,22,3.3,3.335387757046584,0.6901408450704225,3125.0,3267.0,-142.0
18255603,Scoop Junction,14,3.3,3.339881440481071,0.7777777777777778,3125.0,3180.0,-55.0
307548,Shri Durga Dosa Corner,14,3.0,3.2732147738144044,0.7777777777777778,4617.0,5065.0,-448.0
5932,Soni Bakers,179,3.4,3.3895286436416994,0.2149122807017544,2648.0,2691.0,-43.0
300397,Subway,114,2.7,2.8957823972411503,0.3006134969325153,5776.0,6272.0,-496.0
969,The Tandoor,45,2.6,2.991622667556462,0.5212765957446809,6026.0,6133.0,-107.0
303122,Twenty Four Seven,22,3.2,3.3044018415536267,0.6901408450704225,3596.0,4429.0,-833.0
8652,Unique Tasty Bites,10,3.0,3.2917378093272456,0.8305084745762712,4617.0,4730.0,-113.0
18420456,Band Baaja Baaraat,128,4.6,4.25430808333507,0.2768361581920904,44.0,175.0,-131.0
18445790,Kopper Kadai,83,4.8,4.262216142047784,0.3712121212121212,19.0,164.0,-145.0
313368,Naturals Ice Cream,474,4.7,4.5736377261000145,0.09369024856596558,28.0,35.0,-7.0
18037817,Qubitos - The Terrace Cafe,778,4.5,4.431937763906055,0.0592503022974607,79.0,76.0,3.0
304746,The California Boulevard,1691,4.6,4.564834787787532,0.028160919540229885,44.0,38.0,6.0
9458,Anjlika Pastry Shop,170,3.9,3.7772261678096233,0.2237442922374429,807.0,920.0,-113.0
5878,Atul Chaat Corner,413,3.8,3.7524080752171156,0.10606060606060606,1087.0,1010.0,77.0
18384134,Bake A Wish,43,3.7,3.5142666385902985,0.532608695652174,1422.0,1932.0,-510.0
3086,Berco's,364,3.6,3.570490389225926,0.11864406779661017,1785.0,1665.0,120.0
497,Bikanervala,334,3.8,3.7425914641000197,0.1279373368146214,1087.0,1038.0,49.0
18461723,Bintang Sweet Thrills,21,3.5,3.395893296432964,0.7,2195.0,2607.0,-412.0
18163908,Boombox Cafe Reloaded,605,3.9,3.8588876616977177,0.07492354740061162,807.0,722.0,85.0
18037816,Cafe Foto Club,280,3.8,3.7331687864750984,0.14893617021276595,1087.0,1068.0,19.0
312482,Capital Grill,316,3.8,3.7397603582200203,0.13424657534246576,1087.0,1046.0,41.0
18222577,CG's - Lounge Cafe Bar,88,3.9,3.703741100367208,0.35766423357664234,807.0,1160.0,-353.0
966,Dhaba,662,3.7,3.6759669912099966,0.06891701828410689,1422.0,1250.0,172.0
217,Domino's Pizza,194,3.5,3.470010414610319,0.20164609053497942,2195.0,2173.0,22.0
18245274,Garam Dharam,282,3.7,3.6483762258317447,0.14803625377643503,1422.0,1367.0,55.0
5931,Gayway Bakery,120,3.6,3.527884797339097,0.28994082840236685,1785.0,1857.0,-72.0
1158,Giani's,122,3.9,3.7427633377210965,0.28654970760233917,807.0,1037.0,-230.0
309845,Grub House,313,3.5,3.4798688694759874,0.13535911602209943,2195.0,2102.0,93.0
18273540,Habibi,196,3.7,3.6302552275522757,0.2,1422.0,1437.0,-15.0
310768,High Street Cafí©,374,3.8,3.74802016725841,0.11583924349881797,1087.0,1024.0,63.0
18322658,Hungry Heroes,96,3.8,3.648362281036603,0.33793103448275863,1087.0,1368.0,-281.0
18228867,IKKA - The Ace Bar,751,3.6,3.584765663437884,0.06125,1785.0,1587.0,198.0
18384149,Jungle Jamboree,168,3.9,3.7760946117525687,0.22580645161290322,807.0,923.0,-116.0
18294265,Lord of the Drinks Chamber,404,3.9,3.840645763245712,0.10816777041942605,807.0,774.0,33.0
18472653,Marine Drivve - Club & Courtyard,52,3.8,3.58230228465651,0.48514851485148514,1087.0,1598.0,-511.0
188,McDonald's,161,3.7,3.618631098810988,0.23333333333333334,1422.0,1482.0,-60.0
306014,Mister Gulati Bakers,160,3.8,3.694796797848361,0.23444976076555024,1087.0,1181.0,-94.0
18281954,My Fit Food,81,3.7,3.568557928848519,0.3769230769230769,1422.0,1673.0,-251.0
306410,Otik Cake Shop,166,3.8,3.6977327011642207,0.22790697674418606,1087.0,1176.0,-89.0
837,Pind Balluchi,622,3.6,3.581836856557836,0.07302533532041729,1785.0,1602.0,183.0
18438452,SardarBuksh Coffee & Co.,23,3.6,3.43072959375427,0.6805555555555556,1785.0,2436.0,-651.0
965,Sethi's Restaurant & Barbeque,422,3.7,3.6637208720813326,0.1040339702760085,1422.0,1312.0,110.0
310167,Sufiaana,300,3.8,3.736998655445007,0.14040114613180515,1087.0,1057.0,30.0
17953943,The Burger Club,606,3.9,3.858950428626424,0.07480916030534351,807.0,721.0,86.0
18241862,The Junkyard Cafí©,305,3.8,3.7378885049443715,0.1384180790960452,1087.0,1052.0,35.0
18412880,The Masterpiece Cafe,35,3.5,3.4132444136941364,0.5833333333333334,2195.0,2522.0,-327.0
313071,The Momoz Hub,74,3.6,3.500914884148842,0.3983739837398374,1785.0,1987.0,-202.0
310395,The Post Office Cafe,742,3.6,3.584592327117962,0.061946902654867256,1785.0,1588.0,197.0
6195,The Royal Turban,608,3.8,3.766533532344456,0.0745814307458143,1087.0,958.0,129.0
18311919,The Vintage Bakers,46,3.7,3.520131902634816,0.5157894736842106,1422.0,1898.0,-476.0
3083,Wok In The Clouds,699,3.7,3.6771557897731384,0.06550802139037433,1422.0,1247.0,175.0
7287,Crazy Cow,126,2.2,2.5223573185731856,0.28,6454.0,6483.0,-29.0
306476,AMPM Cafí© & Bar,1980,4.1,4.081918447880881,0.024149827501232134,429.0,315.0,114.0
18369780,Cafí© Foreground,91,4.2,3.9029466482164823,0.35,289.0,620.0,-331.0
18412888,Calendar's Kitchen by Satish Kaushik,115,4.0,3.8061739679896798,0.29878048780487804,614.0,848.0,-234.0
304233,Desee Dakshin Coastal Cafe,345,4.0,3.919321144036313,0.12436548223350254,614.0,589.0,25.0
18345778,Food Scouts,229,4.4,4.215152988310459,0.17625899280575538,116.0,196.0,-80.0
18430901,Ghar Bistro Cafe,153,4.4,4.145606587872809,0.24257425742574257,116.0,252.0,-136.0
18427236,Goosebumps,89,4.2,3.8986415271761414,0.35507246376811596,289.0,626.0,-337.0
18441764,Kalol- Bar Te Kitchen,60,4.0,3.7083718417459397,0.44954128440366975,614.0,1143.0,-529.0
312476,Lights Camera Action - Air Bar,1636,4.4,4.3695029856084915,0.029080118694362018,116.0,96.0,20.0
18421044,Midnight Hunger Hub,58,4.3,3.865537670563621,0.45794392523364486,190.0,706.0,-516.0
18252401,National Highway 44,676,4.4,4.32912073206939,0.06758620689655172,116.0,119.0,-3.0
3077,Pirates of Grill,2514,4.1,4.0856857318573185,0.01911822083495903,429.0,308.0,121.0
300416,Prem Di Hatti,220,4.0,3.881830969331998,0.1821561338289963,614.0,660.0,-46.0
18415387,Showstopper,163,4.1,3.926945899765601,0.23113207547169812,429.0,578.0,-149.0
18322621,Spotlight Bistro & Bar,129,4.0,3.821418712080379,0.2752808988764045,614.0,819.0,-205.0
18432011,The Diet Kitchen,31,4.1,3.6414066343788436,0.6125,429.0,1398.0,-969.0
18254514,The Drunk House,289,4.2,4.076960150148839,0.14497041420118342,289.0,328.0,-39.0
18381259,The Headquarter,153,4.1,3.918378865100532,0.24257425742574257,429.0,592.0,-163.0
18454951,Tippling Street,91,4.0,3.772946648216482,0.35,614.0,933.0,-319.0
300844,"34, Chowringhee Lane",85,3.3,3.3187502294799063,0.3656716417910448,3125.0,3880.0,-755.0
3247,Apni Rasoi,76,3.0,3.1377002460024594,0.392,4617.0,5852.0,-1235.0
6481,Apsara Restaurant,114,2.7,2.8957823972411503,0.3006134969325153,5776.0,6272.0,-496.0
8771,Ashu Bhature Wala,79,3.3,3.3196291464867773,0.3828125,3125.0,3799.0,-674.0
300862,Bakery Wala - The Cake Shop,59,3.4,3.377893803243588,0.4537037037037037,2648.0,2866.0,-218.0
4056,Bikanervala,110,3.4,3.3849844701277196,0.3081761006289308,2648.0,2750.0,-102.0
308212,Chalte Firte Momos & Special Foods,212,3.2,3.2284005009590326,0.18773946360153257,3596.0,5476.0,-1880.0
303595,Chicken Khurana,128,2.7,2.880296783900042,0.2768361581920904,5776.0,6285.0,-509.0
7679,Chit Chat,68,3.1,3.205235305558184,0.4188034188034188,4106.0,5588.0,-1482.0
8389,Domino's Pizza,82,3.3,3.319179624048149,0.37404580152671757,3125.0,3821.0,-696.0
9408,Gurdasman Punjabi Khana & Caterers,64,3.3,3.3222347854009513,0.4336283185840708,3125.0,3695.0,-570.0
313336,KFC,60,3.1,3.2129589977092428,0.44954128440366975,4106.0,5558.0,-1452.0
6477,Malika Bakers Pastry Shop,95,3.4,3.3834203524326907,0.3402777777777778,2648.0,2776.0,-128.0
191,McDonald's,108,3.4,3.3847931894924046,0.31210191082802546,2648.0,2752.0,-104.0
2000,Nakshatra Punjabi Rasoi,116,3.3,3.315227459092772,0.296969696969697,3125.0,4067.0,-942.0
7137,New Eleven to Eleven,126,3.0,3.0983573185731856,0.28,4617.0,5940.0,-1323.0
311711,Pasta Hut,34,3.3,3.3302714548229817,0.5903614457831325,3125.0,3389.0,-264.0
6308,Patiala Shahi,78,3.4,3.38120102952998,0.3858267716535433,2648.0,2807.0,-159.0
5283,Pavitra Bakers,73,3.2,3.260758448773012,0.4016393442622951,3596.0,5191.0,-1595.0
5313,Punjabi Rasoi,164,2.8,2.9268193931939317,0.2300469483568075,5462.0,6242.0,-780.0
8915,Puratan - Family Restaurant & Bar,156,3.3,3.312256247562475,0.23902439024390243,3125.0,4214.0,-1089.0
309429,Sardar A Pure Meat Shop,59,3.4,3.377893803243588,0.4537037037037037,2648.0,2866.0,-218.0
3114,Spice Court,59,2.6,2.940856766206551,0.4537037037037037,6026.0,6218.0,-192.0
3229,Subway,132,3.3,3.3138813853608147,0.27071823204419887,3125.0,4089.0,-964.0
18254676,Urban Garden Cafe,20,3.1,3.2784424746421372,0.7101449275362319,4106.0,4966.0,-860.0
18365897,Behrouz Biryani,45,3.6,3.4703460718117816,0.5212765957446809,1785.0,2170.0,-385.0
9253,BTW,75,3.5,3.4412300866960277,0.3951612903225806,2195.0,2374.0,-179.0
310459,Chalte Firte Momos & Special Foods,55,3.5,3.4299281802914177,0.47115384615384615,2195.0,2443.0,-248.0
218,Domino's Pizza,123,3.5,3.457630992734346,0.28488372093023256,2195.0,2262.0,-67.0
300841,Gaurav Pastry Palace,95,3.6,3.515364796877135,0.3402777777777778,1785.0,1925.0,-140.0
302466,Jhakkas,175,3.5,3.467466655135301,0.21875,2195.0,2195.0,0.0
309629,Kebab Xpress,62,3.5,3.434347123876644,0.44144144144144143,2195.0,2417.0,-222.0
18312438,Keventers,43,3.8,3.561005769025081,0.532608695652174,1087.0,1718.0,-631.0
9348,McDonald's,67,3.5,3.4371769892267885,0.4224137931034483,2195.0,2392.0,-197.0
304928,Moti Mahal Delux,159,3.5,3.464964090145709,0.23557692307692307,2195.0,2213.0,-18.0
18273634,Mr. Sub,42,3.5,3.4199179203330488,0.5384615384615384,2195.0,2485.0,-290.0
18246132,Nik's Kitchen,56,3.8,3.590595530955309,0.4666666666666667,1087.0,1569.0,-482.0
302302,Punjabi Dhaba,98,3.6,3.5170920459204593,0.3333333333333333,1785.0,1917.0,-132.0
18355152,Satvik Rasoi,31,3.8,3.525156634378843,0.6125,1087.0,1875.0,-788.0
308969,Shree Gopal Ji Chole Bhature,129,3.9,3.7489468019680197,0.2752808988764045,807.0,1023.0,-216.0
302344,South Indian Corner,62,3.5,3.434347123876644,0.44144144144144143,2195.0,2417.0,-222.0
307466,The Chocolate Villa,257,3.9,3.812132453432377,0.16013071895424835,807.0,839.0,-32.0
3108,Vaishno Punjabi Dhaba,70,3.5,3.4387607626076258,0.4117647058823529,2195.0,2385.0,-190.0
309783,WTF - What's the Food?,83,3.5,3.4447918996235414,0.3712121212121212,2195.0,2353.0,-158.0
8883,Handi Chhareyan Di,128,2.3,2.591031247176878,0.2768361581920904,6408.0,6469.0,-61.0
300966,Svaruchi Bhoj,62,2.4,2.8199327094622295,0.44144144144144143,6325.0,6342.0,-17.0
18408058,Caffe 9,69,4.2,3.8475638199178603,0.4152542372881356,289.0,753.0,-464.0
301763,Jai Vaishno Rasoi,171,4.2,4.0109660488650345,0.22272727272727272,289.0,428.0,-139.0
18425766,Chidya Ghar - Roseate House,4,2.9,3.317217561326556,0.9245283018867925,5082.0,3922.0,1160.0
18382353,DEL - Roseate House,30,3.6,3.445728237345664,0.620253164556962,1785.0,2342.0,-557.0
7310,Adish,45,3.1,3.230984369684122,0.5212765957446809,4106.0,5448.0,-1342.0
4336,Amritsari Dhaba,18,3.2,3.310634787318022,0.7313432835820896,3596.0,4227.0,-631.0
305517,Amritsari Xpress,6,3.0,3.3129551045510452,0.8909090909090909,4617.0,4096.0,521.0
303289,Anupam Sweets,12,2.6,3.2034841106607788,0.8032786885245902,6026.0,5595.0,431.0
18334429,B Two,7,3.0,3.307366620541205,0.875,4617.0,4362.0,255.0
309531,Babbu Da Punjabi Dhaba,27,3.3,3.3330596151356247,0.6447368421052632,3125.0,3315.0,-190.0
8216,Baker's Byte,34,3.3,3.3302714548229817,0.5903614457831325,3125.0,3389.0,-264.0
18384121,Bamboo Hut,15,3.4,3.3626957929735544,0.765625,2648.0,3111.0,-463.0
1775,Bengal Sweet Corner,90,2.8,2.9943347535993343,0.35251798561151076,5462.0,6129.0,-667.0
300258,Cafe Coffee Day - The Lounge,32,2.5,3.0149695154358946,0.6049382716049383,6216.0,6102.0,114.0
304107,Cafe Coffee Day,16,2.8,3.2155773961585763,0.7538461538461538,5462.0,5534.0,-72.0
18247034,Cake Away,5,3.0,3.3187505694501387,0.9074074074074074,4617.0,3823.0,794.0
18357109,Chanky Restruoo,12,3.0,3.282172635250942,0.8032786885245902,4617.0,4914.0,-297.0
309026,Chawla Fast Food,4,2.9,3.317217561326556,0.9245283018867925,5082.0,3922.0,1160.0
18358685,Chawnsan Chef,13,3.4,3.361492431456572,0.7903225806451613,2648.0,3116.0,-468.0
18219516,China King,8,3.1,3.3160093114089033,0.8596491228070176,4106.0,4009.0,97.0
18461946,Dec,15,3.3,3.3392582929735544,0.765625,3125.0,3195.0,-70.0
304194,Desi Zaika,83,2.6,2.878882808714451,0.3712121212121212,6026.0,6287.0,-261.0
300280,Druk,53,2.8,3.064828732846151,0.4803921568627451,5462.0,6012.0,-550.0
9565,Flavours of Tibet,141,3.3,3.3132238460542496,0.2578947368421053,3125.0,4094.0,-969.0
18126972,Get Lost in Flavours,70,2.6,2.9093489979017435,0.4117647058823529,6026.0,6260.0,-234.0
18285198,Giani,9,2.9,3.281250530177715,0.8448275862068966,5082.0,4929.0,153.0
7318,Green Chick Chop,30,3.3,3.3318041867127524,0.620253164556962,3125.0,3362.0,-237.0
305514,Grover Dhaba,16,3.1,3.2894235500047304,0.7538461538461538,4106.0,4784.0,-678.0
4330,Gupta's Rasoi,60,2.8,3.047821383030344,0.44954128440366975,5462.0,6044.0,-582.0
304186,Hangchuaa's Chinese Food Corner,35,3.1,3.2465777470274695,0.5833333333333334,4106.0,5325.0,-1219.0
18219526,High On Burgers,37,3.2,3.286192218026831,0.5697674418604651,3596.0,4860.0,-1264.0
18254549,Hot Paprika,26,2.7,3.1255004100041,0.6533333333333333,5776.0,5883.0,-107.0
311570,Jalsa,6,2.7,3.2802278318237725,0.8909090909090909,5776.0,4949.0,827.0
309804,KPG Express,33,3.3,3.330640618906189,0.5975609756097561,3125.0,3384.0,-259.0
18144483,Le Himalaya,34,3.1,3.2483437439796083,0.5903614457831325,4106.0,5319.0,-1213.0
309806,Lunia Italian,25,3.4,3.367736902031182,0.6621621621621622,2648.0,3022.0,-374.0
305516,Mahipal Dhaba,8,2.8,3.2739040482510084,0.8596491228070176,5462.0,5033.0,429.0
18361271,Morong Ki,7,3.0,3.307366620541205,0.875,4617.0,4362.0,255.0
311828,Moti Mahal Delux - Tandooori Trail,90,2.7,2.929586552160486,0.35251798561151076,5776.0,6237.0,-461.0
310436,Pooja Take Away Kitchen,11,2.7,3.231875512505125,0.8166666666666667,5776.0,5429.0,347.0
5846,Red Chilli,64,3.0,3.152323280976172,0.4336283185840708,4617.0,5805.0,-1188.0
309808,Saturn,9,2.8,3.2657332887984047,0.8448275862068966,5462.0,5138.0,324.0
18432849,Smokey Flavours,13,3.3,3.3405246895210885,0.7903225806451613,3125.0,3164.0,-39.0
7322,Subway,188,2.9,2.9933018175118455,0.20675105485232068,5082.0,6130.0,-1048.0
308219,Sugar Loft,26,3.4,3.3681670766707663,0.6533333333333333,2648.0,3019.0,-371.0
18138427,Sugary Affairs,6,3.0,3.3129551045510452,0.8909090909090909,4617.0,4096.0,521.0
18424971,The Baking Fusion,8,3.1,3.3160093114089033,0.8596491228070176,4106.0,4009.0,97.0
18456724,The Belly Giggles,4,3.0,3.324764731137877,0.9245283018867925,4617.0,3529.0,1088.0
300281,The Chef Restaurant,63,3.4,3.3786833102706026,0.4375,2648.0,2855.0,-207.0
304187,Yo Tibet,150,3.3,3.3126257826648615,0.24623115577889448,3125.0,4153.0,-1028.0
310942,Cafe Rock 'n' Rolla,103,3.6,3.519819281252023,0.3223684210526316,1785.0,1900.0,-115.0
309475,Charcoal,210,3.7,3.6340252152521524,0.1891891891891892,1422.0,1426.0,-4.0
306870,Chawla Chicken,40,3.5,3.4181183230371626,0.550561797752809,2195.0,2492.0,-297.0
300283,Freedom Corner,123,3.5,3.457630992734346,0.28488372093023256,2195.0,2262.0,-67.0
18337779,Kori's,110,3.6,3.5233492500019334,0.3081761006289308,1785.0,1882.0,-97.0
307464,Mizo Diner,154,3.7,3.6158252746320567,0.2413793103448276,1422.0,1491.0,-69.0
1774,Rainbows,51,3.5,3.4271253075030743,0.49,2195.0,2461.0,-266.0
7319,Rajinder Xpress,310,3.8,3.738753567549603,0.13649025069637882,1087.0,1048.0,39.0
3164,RDX,223,3.9,3.8011490101114247,0.1801470588235294,807.0,858.0,-51.0
18458306,Sumo Sushi,21,3.9,3.515893296432964,0.7,807.0,1924.0,-1117.0
312130,The Categorical Eat Pham,94,3.7,3.5805072080441085,0.34265734265734266,1422.0,1605.0,-183.0
306581,The Hungry Monkey,622,3.7,3.6745343230257936,0.07302533532041729,1422.0,1259.0,163.0
18357527,Treat Up Cafe and Restaurant,31,3.6,3.4476566343788435,0.6125,1785.0,2332.0,-547.0
18337920,Weird Time Food,49,3.6,3.4756380688806887,0.5,1785.0,2125.0,-340.0
628,Cafe Coffee Day,28,2.4,3.0053575422117857,0.6363636363636364,6325.0,6113.0,212.0
305606,Zustt Yummy,54,2.3,2.8001216577699757,0.47572815533980584,6408.0,6359.0,49.0
18396054,Cafe Hashtag LoL,49,4.2,3.775638068880689,0.5,289.0,925.0,-636.0
18237319,Dirty Apron,96,4.3,3.9793967637952234,0.33793103448275863,190.0,475.0,-285.0
17953911,Hornbill,149,4.0,3.8394572260116537,0.2474747474747475,614.0,779.0,-165.0
18456770,Napoli Pizza,41,4.0,3.6468058972256383,0.5444444444444444,614.0,1376.0,-762.0
1777,Rajinder Da Dhaba,3530,4.3,4.287011045194275,0.013690975132718636,190.0,142.0,48.0
18138443,The Piano Man Jazz Club,420,4.2,4.111327357676561,0.1044776119402985,289.0,283.0,6.0
313269,Tossin Pizza,647,4.1,4.047288118894119,0.07040229885057471,429.0,379.0,50.0
18428536,Big Belly Burger,6,2.7,3.2802278318237725,0.8909090909090909,5776.0,4949.0,827.0
300231,Bikaner Choice,14,2.8,3.2287703293699597,0.7777777777777778,5462.0,5460.0,2.0
300236,Bikaner Misthan,16,2.7,3.190962011543192,0.7538461538461538,5776.0,5653.0,123.0
18303837,Da Yummy Pizza,4,2.7,3.3021232217039147,0.9245283018867925,5776.0,4454.0,1322.0
312827,Food Nursary,5,2.8,3.30023205093162,0.9074074074074074,5462.0,4556.0,906.0
302326,Puja Sandwich House,16,2.7,3.190962011543192,0.7538461538461538,5776.0,5653.0,123.0
300235,PVR Bhojanalay,17,2.7,3.183523193186477,0.7424242424242424,5776.0,5688.0,88.0
309192,The Bake Studio,12,3.1,3.3018447663984833,0.8032786885245902,4106.0,4525.0,-419.0
2201,The Blue Tandoor,13,2.9,3.256653721779153,0.7903225806451613,5082.0,5242.0,-160.0
18203159,Pandit Ji Ki Apni Rasoi,4,2.4,3.2794817122699524,0.9245283018867925,6325.0,4959.0,1366.0
309152,Alam Muradabadi Chicken Biryani,5,3.0,3.3187505694501387,0.9074074074074074,4617.0,3823.0,794.0
309113,Boheme Bar & Grill,118,3.3,3.315045094313218,0.2934131736526946,3125.0,4068.0,-943.0
18398598,Budapest Kitchen & Bar,4,3.0,3.324764731137877,0.9245283018867925,4617.0,3529.0,1088.0
18303720,Dark House,24,2.8,3.170034667812431,0.6712328767123288,5462.0,5740.0,-278.0
18303716,Henry's Cafe,42,3.4,3.3737640741792028,0.5384615384615384,2648.0,2929.0,-281.0
300221,Kathi Zone,20,3.3,3.336413489134891,0.7101449275362319,3125.0,3247.0,-122.0
18203177,Kehar Cafe & Restaurant,16,2.8,3.2155773961585763,0.7538461538461538,5462.0,5534.0,-72.0
308992,Kumaon Dhaba & Service,8,3.0,3.301974223689605,0.8596491228070176,4617.0,4498.0,119.0
18368005,Let'z Eat,11,2.7,3.231875512505125,0.8166666666666667,5776.0,5429.0,347.0
311517,Lite Eat Cafe,4,3.0,3.324764731137877,0.9245283018867925,4617.0,3529.0,1088.0
18282049,Malabar Dosa Hut,15,3.2,3.3158207929735544,0.765625,3596.0,4042.0,-446.0
308166,New Red Onion,20,2.5,3.1045294311638765,0.7101449275362319,6216.0,5926.0,290.0
256,Pizza Hut,237,3.1,3.143050806819257,0.17132867132867133,4106.0,5836.0,-1730.0
18348790,The Tiffin Hut,10,3.2,3.3256361144119913,0.8305084745762712,3596.0,3496.0,100.0
309874,The Upper Crust,15,3.0,3.2689457929735544,0.765625,4617.0,5096.0,-479.0
7131,Touch of Punjab,33,2.9,3.1696650091500915,0.5975609756097561,5082.0,5743.0,-661.0
312032,Tulicakes,31,3.4,3.3701566343788434,0.6125,2648.0,2992.0,-344.0
311370,Wanchai By Kylin,121,3.2,3.2436031220606325,0.28823529411764703,3596.0,5347.0,-1751.0
18233797,Wow! India,4,2.7,3.3021232217039147,0.9245283018867925,5776.0,4454.0,1322.0
313311,All About Food,305,3.9,3.824046697034767,0.1384180790960452,807.0,812.0,-5.0
3797,Costa Coffee,118,3.7,3.5976798248521407,0.2934131736526946,1422.0,1550.0,-128.0
309893,Hey' Sugar Delhi,60,3.7,3.5432342270670407,0.44954128440366975,1422.0,1789.0,-367.0
4889,India Grill - Hilton Garden Inn,184,3.6,3.5476932650227786,0.21030042918454936,1785.0,1772.0,13.0
18373071,Jugmug Thela,25,3.8,3.502872037166317,0.6621621621621622,1087.0,1976.0,-889.0
18238757,Mucchad Di Chai,36,3.7,3.4989709500036175,0.5764705882352941,1422.0,1991.0,-569.0
311326,SS ONN THE GO,66,3.6,3.4940220065244127,0.4260869565217391,1785.0,2018.0,-233.0
18255154,The Junkyard Cafe,220,3.8,3.7182621960977973,0.1821561338289963,1087.0,1110.0,-23.0
311174,The Pizza Corner,39,2.1,2.796733303980767,0.5568181818181818,6480.0,6363.0,117.0
4726,Wah Ji Wah,112,2.1,2.4808231723621583,0.30434782608695654,6480.0,6492.0,-12.0
18217023,Blue Tokai Coffee Roasters,269,4.4,4.2384041847493945,0.1540880503144654,116.0,189.0,-73.0
18279172,Ice Pan Creamery,92,4.2,3.905053409576649,0.3475177304964539,289.0,617.0,-328.0
8621,Rose Cafe,1653,4.1,4.078444495152942,0.028789659224441832,429.0,325.0,104.0
18463567,Nueva,14,3.3,3.339881440481071,0.7777777777777778,3125.0,3180.0,-55.0
18124378,Cafe Diva,109,3.8,3.660838802217136,0.310126582278481,1087.0,1327.0,-240.0
313061,Starbucks,74,3.7,3.5610774857748577,0.3983739837398374,1422.0,1716.0,-294.0
18126111,Cafe Delhi Heights,304,4.0,3.909950512040531,0.1388101983002833,614.0,608.0,6.0
18053052,Delhi Club House,416,4.1,4.021102216667328,0.1053763440860215,429.0,413.0,16.0
18034053,The Fatty Bao,695,4.1,4.050688885417079,0.06586021505376344,429.0,372.0,57.0
18144458,Ziu,259,4.1,3.9808848400984003,0.1590909090909091,429.0,471.0,-42.0
306801,Al-Arabi Restaurant,7,2.9,3.2948666205412054,0.875,5082.0,4662.0,420.0
7815,Bikaner Sweets,9,3.0,3.2967677715570254,0.8448275862068966,4617.0,4614.0,3.0
1461,Chawla's_,19,3.0,3.253125452210404,0.7205882352941176,4617.0,5265.0,-648.0
18339800,DELI2NITE,15,2.6,3.1751957929735544,0.765625,6026.0,5721.0,305.0
309728,Green Chick Chop,14,3.3,3.339881440481071,0.7777777777777778,3125.0,3180.0,-55.0
308536,Laziz Fast Food & Laziz Khana,7,2.8,3.2823666205412048,0.875,5462.0,4890.0,572.0
18357533,New Zaika Kathi Rolls,8,3.1,3.3160093114089033,0.8596491228070176,4106.0,4009.0,97.0
18424619,Sardar Ji Chaap & Rolls,7,3.2,3.332366620541205,0.875,3596.0,3334.0,262.0
7824,Shri Bala Ji,14,3.0,3.2732147738144044,0.7777777777777778,4617.0,5065.0,-448.0
18219530,The Kitchen Exotica,9,3.0,3.2967677715570254,0.8448275862068966,4617.0,4614.0,3.0
303057,Wake And Bake,16,3.2,3.314038934620115,0.7538461538461538,3596.0,4073.0,-477.0
307409,Neha's Biscotte,40,3.5,3.4181183230371626,0.550561797752809,2195.0,2492.0,-297.0
18372279,Midnight Delight,8,2.4,3.2177636973738153,0.8596491228070176,6325.0,5528.0,797.0
18384138,Ashok & Ashok Meat Dhaba,11,3.2,3.3235421791717914,0.8166666666666667,3596.0,3655.0,-59.0
18211312,Durga Sweets Corner,16,3.2,3.314038934620115,0.7538461538461538,3596.0,4073.0,-477.0
7591,Hot Pot,16,2.7,3.190962011543192,0.7538461538461538,5776.0,5653.0,123.0
1634,Kwic Bitte Restaurant,38,3.3,3.328879663796638,0.5632183908045977,3125.0,3422.0,-297.0
307618,Khandani Pakodewala,223,3.7,3.6371784218761305,0.1801470588235294,1422.0,1413.0,9.0
306535,Kulcha King,168,3.8,3.6986752569138592,0.22580645161290322,1087.0,1174.0,-87.0
3464,Alfa Kathi Rolls,23,2.6,3.1112851493098264,0.6805555555555556,6026.0,5907.0,119.0
18252361,Angeethi Express,11,3.2,3.3235421791717914,0.8166666666666667,3596.0,3655.0,-59.0
18252412,Backbenchers,178,3.4,3.3894825143185345,0.21585903083700442,2648.0,2692.0,-44.0
1637,Bake Day,82,3.2,3.256584204200821,0.37404580152671757,3596.0,5251.0,-1655.0
3463,Balaji Dhaba,11,2.7,3.231875512505125,0.8166666666666667,5776.0,5429.0,347.0
18454499,Bhukkad,8,3.2,3.330044399128201,0.8596491228070176,3596.0,3397.0,199.0
609,Cafe Coffee Day,78,3.3,3.319783706695334,0.3858267716535433,3125.0,3796.0,-671.0
18441687,Cafe Cones & Curries,6,3.1,3.323864195460136,0.8909090909090909,4106.0,3626.0,480.0
305472,Cafe Trance & Lounge,21,2.6,3.125893296432964,0.7,6026.0,5879.0,147.0
4649,Chinese Hut,33,3.2,3.290396716467164,0.5975609756097561,3596.0,4779.0,-1183.0
300267,Chocolate Square,76,3.4,3.3809002460024593,0.392,2648.0,2811.0,-163.0
304976,Chocolate Temptation,62,3.3,3.3226354121649324,0.44144144144144143,3125.0,3691.0,-566.0
18423129,Flirty Momo's,8,3.0,3.301974223689605,0.8596491228070176,4617.0,4498.0,119.0
18456150,Food Junkies,11,3.2,3.3235421791717914,0.8166666666666667,3596.0,3655.0,-59.0
18157391,Frozen Fantasy,31,3.3,3.331406634378843,0.6125,3125.0,3367.0,-242.0
18469968,Hooters,6,3.1,3.323864195460136,0.8909090909090909,4106.0,3626.0,480.0
18292083,Katwalk Lounge,22,3.3,3.335387757046584,0.6901408450704225,3125.0,3267.0,-142.0
18356773,Mom Hand Momos,8,3.3,3.3440794868475,0.8596491228070176,3125.0,3130.0,-5.0
309811,Muradabadi Biryani Centre,20,2.9,3.220471460149384,0.7101449275362319,5082.0,5517.0,-435.0
18453788,NCR Cafe ,4,3.0,3.324764731137877,0.9245283018867925,4617.0,3529.0,1088.0
18460981,Peri Peri Momos,9,3.2,3.3278022543156465,0.8448275862068966,3596.0,3463.0,133.0
18287389,Rosartí© Chocolate,15,3.4,3.3626957929735544,0.765625,2648.0,3111.0,-463.0
1629,Shanghai Restaurant,23,2.5,3.079340704865382,0.6805555555555556,6216.0,5979.0,237.0
18288761,SharpShooters Roof Top Cafe,18,3.0,3.25690344403444,0.7313432835820896,4617.0,5237.0,-620.0
7603,Stuti Restaurant,26,3.0,3.2295004100041,0.6533333333333333,4617.0,5456.0,-839.0
18204486,The Addictions,31,2.6,3.0601566343788433,0.6125,6026.0,6023.0,3.0
18341806,The Kahuna,27,3.1,3.2620069835566774,0.6447368421052632,4106.0,5183.0,-1077.0
18423125,Turn Up,6,3.0,3.3129551045510452,0.8909090909090909,4617.0,4096.0,521.0
18175323,Wow! Momo,154,3.4,3.3882390677355048,0.2413793103448276,2648.0,2709.0,-61.0
18237321,Echoes Satyaniketan,1563,4.7,4.659002810639149,0.030397022332506202,28.0,24.0,4.0
18336489,#OFF Campus,216,3.7,3.6355189839634243,0.18490566037735848,1422.0,1422.0,0.0
312772,2 Bandits Lounge & Bar,1316,3.9,3.880302220329895,0.035897435897435895,807.0,671.0,136.0
351,"34, Chowringhee Lane",345,3.5,3.4815038851530646,0.12436548223350254,2195.0,2092.0,103.0
309140,Amigo's Hub,193,3.7,3.629390622935155,0.2024793388429752,1422.0,1442.0,-20.0
311854,CAD M CAD B,60,3.5,3.433142483947775,0.44954128440366975,2195.0,2423.0,-228.0
18391128,Cafe 121,23,3.6,3.43072959375427,0.6805555555555556,1785.0,2436.0,-651.0
18228894,Cafe Hera Pheri,401,3.8,3.7511389572229055,0.10888888888888888,1087.0,1015.0,72.0
18429392,Cafe Tansen,20,3.5,3.3943845036276445,0.7101449275362319,2195.0,2630.0,-435.0
18364239,CafíÂ Befikre,80,3.8,3.6295545019403677,0.3798449612403101,1087.0,1439.0,-352.0
300815,Cafí© 101,365,3.6,3.5705616684790034,0.11835748792270531,1785.0,1662.0,123.0
18322638,Canteen Till I Die,91,3.9,3.7079466482164816,0.35,807.0,1144.0,-337.0
2215,China Bowl,363,3.9,3.8347391523065717,0.11893203883495146,807.0,791.0,16.0
304162,Chowringhee,364,3.6,3.570490389225926,0.11864406779661017,1785.0,1665.0,120.0
18157395,Crazy Kitchen Lounge & Terrace,176,3.9,3.780500136668033,0.21777777777777776,807.0,909.0,-102.0
309865,FrenZone,288,3.9,3.8202152247783605,0.14540059347181009,807.0,824.0,-17.0
18249109,Giani,27,3.5,3.404112246714572,0.6447368421052632,2195.0,2561.0,-366.0
18355138,Grill Master,26,3.7,3.4721670766707664,0.6533333333333333,1422.0,2153.0,-731.0
300185,High On Burgers,115,3.5,3.455564211892119,0.29878048780487804,2195.0,2280.0,-85.0
300269,Kev's,184,3.9,3.784603136267414,0.21030042918454936,807.0,894.0,-87.0
18398506,Madira,67,3.6,3.494935609916444,0.4224137931034483,1785.0,2012.0,-227.0
313296,Nature Hut Cafe,117,3.9,3.7380272936765513,0.29518072289156627,807.0,1051.0,-244.0
18445781,Papa Buns,25,3.6,3.4353044695987496,0.6621621621621622,1785.0,2409.0,-624.0
18372705,Pirates of Campus,43,3.7,3.5142666385902985,0.532608695652174,1422.0,1932.0,-510.0
4278,Subway,144,3.6,3.5368524909342356,0.2538860103626943,1785.0,1823.0,-38.0
18312446,Sushiya Express,74,3.7,3.5610774857748577,0.3983739837398374,1422.0,1716.0,-294.0
18261701,The Chai Story,142,3.9,3.7592279096874734,0.25654450261780104,807.0,988.0,-181.0
18424602,The Food Truck Cafe,35,3.9,3.579911080360803,0.5833333333333334,807.0,1609.0,-802.0
18358164,The Punter House,177,3.7,3.624391728983661,0.2168141592920354,1422.0,1457.0,-35.0
18336204,Thikaana,83,3.6,3.50767068750233,0.3712121212121212,1785.0,1964.0,-179.0
18368002,Tin Town Cafí©,142,3.9,3.7592279096874734,0.25654450261780104,807.0,988.0,-181.0
18245295,Uptown Cafe,244,3.6,3.5584045418099235,0.16723549488054607,1785.0,1730.0,55.0
18268693,Vadapav Junction,48,3.7,3.523840523199046,0.5051546391752577,1422.0,1878.0,-456.0
300183,Pizza Hut Delivery,114,2.3,2.6160277960141562,0.3006134969325153,6408.0,6460.0,-52.0
18216918,Wrapss,41,2.2,2.826805897225639,0.5444444444444444,6454.0,6333.0,121.0
306503,Big Yellow Door,3311,4.2,4.187622777009021,0.014583333333333334,289.0,209.0,80.0
18291230,Bombay Brunch,295,4.1,3.993350380088103,0.14244186046511628,429.0,446.0,-17.0
18418239,Burgrill,178,4.4,4.1736234834815304,0.21585903083700442,116.0,230.0,-114.0
18391458,Cafe Kazbaah,49,4.0,3.6756380688806884,0.5,614.0,1253.0,-639.0
18418358,Eat Golf Repeat,37,4.1,3.673401520352413,0.5697674418604651,429.0,1262.0,-833.0
18433610,Espress-o-Ville,48,4.0,3.6722941314464688,0.5051546391752577,614.0,1267.0,-653.0
18391320,Frosty Rollies,44,4.0,3.65819925537965,0.5268817204301075,614.0,1337.0,-723.0
18222586,Pipeline Cafe,355,4.0,3.921318145421553,0.12128712871287128,614.0,586.0,28.0
18303832,QRO Gourmeteriia BY DARK HOUSE KAFE,349,4.2,4.095508871231928,0.12311557788944724,289.0,295.0,-6.0
18349916,Superstar Cafí©,530,4.2,4.128173628238873,0.0846286701208981,289.0,274.0,15.0
18358675,TBH - The Big House Cafe,107,4.0,3.7962341714763297,0.3141025641025641,614.0,863.0,-249.0
312142,The Biryani Co.,295,4.2,4.079106194041591,0.14244186046511628,289.0,323.0,-34.0
307571,Wood Box Cafe,1479,4.1,4.075989876145489,0.03206806282722513,429.0,329.0,100.0
311340,Young Wild Free Cafe,658,4.1,4.04810824717158,0.06930693069306931,429.0,378.0,51.0
7849,A-One Green Sweet Corner,4,2.9,3.317217561326556,0.9245283018867925,5082.0,3922.0,1160.0
304950,Cake Symphony,15,3.1,3.2923832929735544,0.765625,4106.0,4713.0,-607.0
304633,Charu Nanda's Home Baked Cakes,7,3.1,3.319866620541205,0.875,4106.0,3750.0,356.0
5848,Costa Coffee,53,3.4,3.376593438728505,0.4803921568627451,2648.0,2883.0,-235.0
18133471,IndoCheen,49,3.2,3.275638068880689,0.5,3596.0,4996.0,-1400.0
18312609,The Staircase Cafe by Doggy Style,100,2.6,2.8470639647671643,0.3288590604026846,6026.0,6319.0,-293.0
18336481,Twisted Tacos,69,3.4,3.3797672097483686,0.4152542372881356,2648.0,2832.0,-184.0
18425760,Typsy Crow,15,2.9,3.2455082929735544,0.765625,5082.0,5334.0,-252.0
18216936,Urban Dhaba,40,2.5,2.9686801207899713,0.550561797752809,6216.0,6180.0,36.0
528,Barista,104,3.6,3.5203433382373044,0.3202614379084967,1785.0,1897.0,-112.0
18349937,Keventers,18,3.6,3.418097473885186,0.7313432835820896,1785.0,2498.0,-713.0
782,Little Punjab,85,3.7,3.5724815727634884,0.3656716417910448,1422.0,1650.0,-228.0
312937,Miam,47,3.9,3.6199221953157026,0.5104166666666666,807.0,1475.0,-668.0
18433987,Tippy Tippy Tap,9,3.1,3.312285012936336,0.8448275862068966,4106.0,4179.0,-73.0
2228,Alaturka,202,3.4,3.3904881703199496,0.1952191235059761,2648.0,2678.0,-30.0
1643,Chicago Pizza,271,3.4,3.392539158594711,0.153125,2648.0,2649.0,-1.0
2910,Fast Trax,203,3.4,3.390525915675823,0.19444444444444445,2648.0,2677.0,-29.0
7364,Khan Chacha,504,3.4,3.395682695751008,0.08860759493670886,2648.0,2617.0,31.0
18429148,Pa Pa Ya,268,4.7,4.491522179023052,0.15457413249211358,28.0,55.0,-27.0
506,Barista,99,3.6,3.5176522347993755,0.3310810810810811,1785.0,1912.0,-127.0
311103,Bings Cafe,179,3.9,3.7820725032908222,0.2149122807017544,807.0,902.0,-95.0
310916,Fat Lulu's,298,3.8,3.7366355353034795,0.14121037463976946,1087.0,1060.0,27.0
306545,Harry's Bar + Cafe,392,3.6,3.5723640153068197,0.1111111111111111,1785.0,1653.0,132.0
3921,Joy Luck Moon,385,3.5,3.4832085961988652,0.11290322580645161,2195.0,2078.0,117.0
311634,Keventers,383,3.9,3.837760487847934,0.11342592592592593,807.0,782.0,25.0
8877,L'Opera,157,3.8,3.693264712380133,0.23786407766990292,1087.0,1191.0,-104.0
311756,Pita Pit,217,3.7,3.6357613937981488,0.18421052631578946,1422.0,1420.0,2.0
311563,Saravana Bhavan,197,3.9,3.7907013445134448,0.1991869918699187,807.0,876.0,-69.0
9984,Starbucks,725,3.9,3.865261667636056,0.06330749354005168,807.0,707.0,100.0
1372,The Coffee Bean & Tea Leaf,417,3.7,3.663331611052162,0.10515021459227468,1422.0,1316.0,106.0
9467,The Coffee Bean & Tea Leaf,127,3.6,3.5307530156267473,0.2784090909090909,1785.0,1845.0,-60.0
311440,Habibi Express,122,2.2,2.529897840645073,0.28654970760233917,6454.0,6482.0,-28.0
18424903,Andrea's Eatery,130,4.3,4.040293467878812,0.2737430167597765,190.0,394.0,-204.0
311749,Drool Waffles,228,4.2,4.049864731950569,0.17689530685920576,289.0,374.0,-85.0
18268720,Elma's at Good Earth,61,4.0,3.7110230068209766,0.44545454545454544,614.0,1132.0,-518.0
4271,Hí_agen-Dazs,649,4.0,3.954459213109323,0.07020057306590258,614.0,521.0,93.0
305833,Krispy Kreme,734,4.0,3.959402976692602,0.06257982120051085,614.0,515.0,99.0
307296,Movenpick,135,4.0,3.827242014947323,0.266304347826087,614.0,801.0,-187.0
2786,Punjab Grill,1971,4.2,4.179412143935797,0.024257425742574258,289.0,215.0,74.0
302422,Aapka Bhojanalaya,5,2.8,3.30023205093162,0.9074074074074074,5462.0,4556.0,906.0
302418,Aayana Foods,14,3.1,3.2954369960366265,0.7777777777777778,4106.0,4638.0,-532.0
302416,Aggarwal Sweet India,4,2.9,3.317217561326556,0.9245283018867925,5082.0,3922.0,1160.0
18343904,Amchur,6,2.9,3.3020460136419545,0.8909090909090909,5082.0,4458.0,624.0
302369,Anand Ji de Choley Bhatoore,5,2.7,3.2909727916723606,0.9074074074074074,5776.0,4773.0,1003.0
302425,Annapoorna,19,3.1,3.2810666286809926,0.7205882352941176,4106.0,4944.0,-838.0
302399,Big Bite,22,3.0,3.242430010567711,0.6901408450704225,4617.0,5361.0,-744.0
302396,Ceaser Fast Food Centre,9,2.8,3.2657332887984047,0.8448275862068966,5462.0,5138.0,324.0
6224,Chanana Ice Cream Parlour,4,2.9,3.317217561326556,0.9245283018867925,5082.0,3922.0,1160.0
303906,Chaska,10,3.0,3.2917378093272456,0.8305084745762712,4617.0,4730.0,-113.0
18291454,Chowranghee,4,2.9,3.317217561326556,0.9245283018867925,5082.0,3922.0,1160.0
302433,Darbaar Chicken,14,3.0,3.2732147738144044,0.7777777777777778,4617.0,5065.0,-448.0
312810,Dilli Darbar,34,3.3,3.3302714548229817,0.5903614457831325,3125.0,3389.0,-264.0
310563,Domino's Pizza,31,2.8,3.1376566343788435,0.6125,5462.0,5853.0,-391.0
6228,Empire,5,2.9,3.309491310190879,0.9074074074074074,5082.0,4258.0,824.0
312671,Giani,8,3.1,3.3160093114089033,0.8596491228070176,4106.0,4009.0,97.0
18332676,Goldy Da Dhaba,6,3.0,3.3129551045510452,0.8909090909090909,4617.0,4096.0,521.0
18146396,Gufa Restaurant,14,3.2,3.317659218258849,0.7777777777777778,3596.0,3903.0,-307.0
18126077,Gulshan,25,3.3,3.3339531182473983,0.6621621621621622,3125.0,3294.0,-169.0
308906,Hira Sweets,19,3.3,3.3369489816221685,0.7205882352941176,3125.0,3236.0,-111.0
302358,Hot Shop,27,3.3,3.3330596151356247,0.6447368421052632,3125.0,3315.0,-190.0
302424,Janta Eating House,40,3.3,3.328230682587724,0.550561797752809,3125.0,3429.0,-304.0
302359,Madras Cafe,28,3.4,3.3689939058481495,0.6363636363636364,2648.0,3011.0,-363.0
6206,Mitra Da Dhaba & Caterers,14,3.0,3.2732147738144044,0.7777777777777778,4617.0,5065.0,-448.0
311371,Mr. Momo,18,2.7,3.176306429109067,0.7313432835820896,5776.0,5714.0,62.0
18128853,New Anand Sagar,5,2.8,3.30023205093162,0.9074074074074074,5462.0,4556.0,906.0
307976,New Tayal's Restaurant,11,2.8,3.2502088458384577,0.8166666666666667,5462.0,5291.0,171.0
6252,Paramjeet Fish & Chicken Point,15,3.1,3.2923832929735544,0.765625,4106.0,4713.0,-607.0
18128862,Pizza Diet,6,2.8,3.291136922732863,0.8909090909090909,5462.0,4762.0,700.0
307520,Pizza Diet,29,2.7,3.109135009619327,0.6282051282051282,5776.0,5914.0,-138.0
310689,Pizzalicious,9,3.0,3.2967677715570254,0.8448275862068966,4617.0,4614.0,3.0
308522,Prem Punjab,11,2.8,3.2502088458384577,0.8166666666666667,5462.0,5291.0,171.0
310807,Priya Panchvati,10,2.9,3.2747886567848727,0.8305084745762712,5082.0,5007.0,75.0
302442,Ram Singh Chaat Bhandaar,13,3.1,3.2985892056501207,0.7903225806451613,4106.0,4589.0,-483.0
307986,Ramchander Bhalushahi Wale,11,3.2,3.3235421791717914,0.8166666666666667,3596.0,3655.0,-59.0
6219,Shahi Food Corner,9,3.0,3.2967677715570254,0.8448275862068966,4617.0,4614.0,3.0
312773,Titu Chaat Corner,6,2.9,3.3020460136419545,0.8909090909090909,5082.0,4458.0,624.0
308513,Vinayak Restaurant,24,2.7,3.1371579554836644,0.6712328767123288,5776.0,5858.0,-82.0
18378019,Vrinda's Food,6,2.9,3.3020460136419545,0.8909090909090909,5082.0,4458.0,624.0
6218,Walia's Dawat Mahal,22,3.1,3.273415926060669,0.6901408450704225,4106.0,5058.0,-952.0
18428201,Crazy Delights,14,3.5,3.3843258849255156,0.7777777777777778,2195.0,2758.0,-563.0
312268,Anandini - The Tea Room,18,3.4,3.364366130601604,0.7313432835820896,2648.0,3086.0,-438.0
773,Slice of Italy,274,2.6,2.713970683437484,0.15170278637770898,6026.0,6413.0,-387.0
305147,The Coffee Garage,112,3.4,3.385170998449115,0.30434782608695654,2648.0,2747.0,-99.0
18337924,The Fashion Street Cafí©,18,3.2,3.310634787318022,0.7313432835820896,3596.0,4227.0,-631.0
18481305,Urban Village,13,3.4,3.361492431456572,0.7903225806451613,2648.0,3116.0,-468.0
18180080,Greenr Cafe,112,4.6,4.219953607144767,0.30434782608695654,44.0,194.0,-150.0
18306545,Boom Food,56,3.8,3.590595530955309,0.4666666666666667,1087.0,1569.0,-482.0
303723,Cafe Red,260,3.6,3.5605583519427424,0.15857605177993528,1785.0,1723.0,62.0
18222560,Hyderabad House,67,3.5,3.4371769892267885,0.4224137931034483,2195.0,2392.0,-197.0
311483,Le ROFL,177,3.8,3.7027103130544576,0.2168141592920354,1087.0,1162.0,-75.0
305640,Ma Cuisine,43,3.6,3.4675275081555164,0.532608695652174,1785.0,2190.0,-405.0
18282007,Mumbai Matinee,84,3.5,3.4452069981226123,0.3684210526315789,2195.0,2348.0,-153.0
301793,Old Town Cafe,119,3.6,3.527455540180402,0.2916666666666667,1785.0,1859.0,-74.0
18350234,Spanish Delights,23,3.5,3.398785149309826,0.6805555555555556,2195.0,2592.0,-397.0
300969,Sweet Nothings By Avanti Mathur,40,3.7,3.5080059634866005,0.550561797752809,1422.0,1961.0,-539.0
18161610,Threads,59,3.8,3.5964123217621062,0.4537037037037037,1087.0,1554.0,-467.0
310502,Bats On Delivery,82,2.3,2.693225425574866,0.37404580152671757,6408.0,6426.0,-18.0
18244555,Asia Central,264,4.2,4.067132686103219,0.15654952076677317,289.0,345.0,-56.0
18466435,Biryani By Kilo,24,4.0,3.564555215757636,0.6712328767123288,614.0,1703.0,-1089.0
18163906,Cafe 5H By The Kitchen Connect,88,4.0,3.7679746770095432,0.35766423357664234,614.0,950.0,-336.0
18421026,Hearken Cafí©,55,4.0,3.6943512572144948,0.47115384615384615,614.0,1184.0,-570.0
18291469,Puppychino,165,4.4,4.159871639020129,0.22897196261682243,116.0,238.0,-122.0
18322609,Remember Me Cafí©,134,4.0,3.8262979822421173,0.2677595628415301,614.0,805.0,-191.0
307391,Sugarama Patisserie,292,4.2,4.07804261217099,0.1436950146627566,289.0,326.0,-37.0
18400746,The Last Mughal (TLM),52,4.4,3.891213175745619,0.48514851485148514,116.0,637.0,-521.0
9417,The Mad Teapot/The Wishing Chair,251,4.1,3.9777084358343577,0.16333333333333333,429.0,481.0,-52.0
18303719,Fusion Dosa Cafe,13,3.3,3.3405246895210885,0.7903225806451613,3125.0,3164.0,-39.0
6107,Goyal Eating Point,11,2.8,3.2502088458384577,0.8166666666666667,5462.0,5291.0,171.0
313139,Haveliram,6,2.9,3.3020460136419545,0.8909090909090909,5082.0,4458.0,624.0
309044,Meet You There,94,2.6,2.8574302849671853,0.34265734265734266,6026.0,6308.0,-282.0
18157406,Shree Bhog Pure Veg Restaurant,7,3.0,3.307366620541205,0.875,4617.0,4362.0,255.0
311196,The Crust,16,3.1,3.2894235500047304,0.7538461538461538,4106.0,4784.0,-678.0
304965,Vijay Eating Point,4,2.9,3.317217561326556,0.9245283018867925,5082.0,3922.0,1160.0
2055,Aggarwal Restaurant,14,3.1,3.2954369960366265,0.7777777777777778,4106.0,4638.0,-532.0
2383,Ane China,11,2.7,3.231875512505125,0.8166666666666667,5776.0,5429.0,347.0
304092,Arora's Veg. Corner,18,3.4,3.364366130601604,0.7313432835820896,2648.0,3086.0,-438.0
302471,Ashu Thali Wala,11,3.0,3.2868755125051248,0.8166666666666667,4617.0,4833.0,-216.0
6555,Bangla Sweets & Pastry Shop,8,2.9,3.2879391359703063,0.8596491228070176,5082.0,4805.0,277.0
4716,Baskin Robbins,21,3.4,3.365893296432964,0.7,2648.0,3055.0,-407.0
311364,Believe in Taste,7,3.0,3.307366620541205,0.875,4617.0,4362.0,255.0
313494,Bharat Sweet House,8,3.2,3.330044399128201,0.8596491228070176,3596.0,3397.0,199.0
8628,Bikaner Kesarvala,24,3.2,3.3015415171274998,0.6712328767123288,3596.0,4544.0,-948.0
18312595,Cafe Coffee Day,5,3.1,3.3280098287093978,0.9074074074074074,4106.0,3436.0,670.0
1501,Chawla's Chic Inn,71,3.0,3.143437756252562,0.4083333333333333,4617.0,5830.0,-1213.0
18383610,Chhappan Bhog,9,3.2,3.3278022543156465,0.8448275862068966,3596.0,3463.0,133.0
2053,Chinese Hut Fast Food,13,3.0,3.277621463714637,0.7903225806451613,4617.0,4975.0,-358.0
311358,Domino's Pizza,28,3.0,3.2235393603936036,0.6363636363636364,4617.0,5498.0,-881.0
301487,Frontier,10,3.1,3.3086869618696184,0.8305084745762712,4106.0,4318.0,-212.0
18288186,Giani,13,3.3,3.3405246895210885,0.7903225806451613,3125.0,3164.0,-39.0
8670,Hot Pot Snacks,53,3.4,3.376593438728505,0.4803921568627451,2648.0,2883.0,-235.0
18376510,Keventers,4,3.1,3.3323119009491977,0.9245283018867925,4106.0,3343.0,763.0
302452,Kishan Dhaba,4,3.0,3.324764731137877,0.9245283018867925,4617.0,3529.0,1088.0
2049,Madras Dosa & Chinese,91,2.7,2.927946648216482,0.35,5776.0,6240.0,-464.0
304090,Mehfil Tawa Tandoor,9,3.1,3.312285012936336,0.8448275862068966,4106.0,4179.0,-73.0
6561,Mitthu Tikki Wala,21,3.2,3.305893296432964,0.7,3596.0,4404.0,-808.0
6562,Mitthu Tikki Wala,46,3.4,3.3748687447400787,0.5157894736842106,2648.0,2909.0,-261.0
8672,Pandit Ji Ka Dhaba,6,2.9,3.3020460136419545,0.8909090909090909,5082.0,4458.0,624.0
18380175,Punjabi Angeethi,28,3.2,3.2962666331208763,0.6363636363636364,3596.0,4631.0,-1035.0
301517,Ram Chinese Food,23,3.1,3.2710073715320482,0.6805555555555556,4106.0,5079.0,-973.0
312858,Sardar Ji Punjabi Jayeka,4,2.9,3.317217561326556,0.9245283018867925,5082.0,3922.0,1160.0
18222576,SFC,11,2.8,3.2502088458384577,0.8166666666666667,5462.0,5291.0,171.0
18455522,SGF - Spice Grill Flame,4,3.1,3.3323119009491977,0.9245283018867925,4106.0,3343.0,763.0
311168,Shalimar Vyanjan,9,3.0,3.2967677715570254,0.8448275862068966,4617.0,4614.0,3.0
18357957,Shri Rudram,5,3.1,3.3280098287093978,0.9074074074074074,4106.0,3436.0,670.0
306751,Smile Bakers,12,3.1,3.3018447663984833,0.8032786885245902,4106.0,4525.0,-419.0
18400759,Spice Sea,13,3.3,3.3405246895210885,0.7903225806451613,3125.0,3164.0,-39.0
8676,Street 5,10,2.8,3.2578395042424995,0.8305084745762712,5462.0,5222.0,240.0
18442666,Subs n Shakes,4,3.1,3.3323119009491977,0.9245283018867925,4106.0,3343.0,763.0
311115,Subway,46,2.6,2.987500323687447,0.5157894736842106,6026.0,6141.0,-115.0
303128,Twenty Four Seven,21,3.3,3.335893296432964,0.7,3125.0,3255.0,-130.0
18352278,Wah G Wah,7,2.6,3.257366620541205,0.875,6026.0,5233.0,793.0
2054,Aman-Deep Pure Veg,79,3.5,3.443066646486777,0.3828125,2195.0,2367.0,-172.0
5271,Kwality Pastry Parlour,51,3.5,3.4271253075030743,0.49,2195.0,2461.0,-266.0
9954,McDonald's,39,3.5,3.417187849435312,0.5568181818181818,2195.0,2503.0,-308.0
313171,Nagpal's,31,3.5,3.4089066343788432,0.6125,2195.0,2540.0,-345.0
2047,Peshawari's Deluxe,195,3.7,3.6299693883209323,0.20081967213114754,1422.0,1438.0,-16.0
301015,Slic Chic,178,3.8,3.703138901983733,0.21585903083700442,1087.0,1161.0,-74.0
300780,Standard Ice Cream,31,3.5,3.4089066343788432,0.6125,2195.0,2540.0,-345.0
301507,Ever Bake,371,4.0,3.924315549405494,0.11666666666666667,614.0,580.0,34.0
18261157,Grappa - Shangri-La's - Eros Hotel,27,3.4,3.3685859309250983,0.6447368421052632,2648.0,3014.0,-366.0
18277024,Shang Palace - Shangri-La's Eros Hotel,65,3.7,3.550109918862346,0.4298245614035088,1422.0,1760.0,-338.0
18261160,Sorrento - Shangri-La's - Eros Hotel,66,3.9,3.666195919567891,0.4260869565217391,807.0,1298.0,-491.0
18219539,Mister Chai - Shangri-La's - Eros Hotel,68,4.1,3.786431886754764,0.4188034188034188,429.0,891.0,-462.0
311369,Tamra - Shangri-La's - Eros Hotel,400,4.3,4.1964644337423325,0.1091314031180401,190.0,204.0,-14.0
308769,Cafe Coffee Day,29,3.4,3.3693914198757366,0.6282051282051282,2648.0,3003.0,-355.0
220,Domino's Pizza,85,2.8,3.001586050375429,0.3656716417910448,5462.0,6121.0,-659.0
18144466,Shivas Cafe,14,3.1,3.2954369960366265,0.7777777777777778,4106.0,4638.0,-532.0
2739,Dakshin - Sheraton New Delhi Hotel,315,4.0,3.91267178777557,0.1346153846153846,614.0,602.0,12.0
18133508,Delhi Pavilion - Sheraton New Delhi Hotel,160,4.0,3.8479068456952508,0.23444976076555024,614.0,751.0,-137.0
2741,Pan Asian - Sheraton New Delhi Hotel,327,4.2,4.089395028591244,0.13031914893617022,289.0,301.0,-12.0
308386,Domino's Pizza,58,2.5,2.889836735984182,0.45794392523364486,6216.0,6281.0,-65.0
3170,Kitchen of Awadh,64,3.4,3.378871953542544,0.4336283185840708,2648.0,2852.0,-204.0
7760,McDonald's,73,3.3,3.3205945143467823,0.4016393442622951,3125.0,3738.0,-613.0
18425186,ODT,12,3.3,3.3411890286935653,0.8032786885245902,3125.0,3150.0,-25.0
311272,Rainbows,24,2.6,3.104281243154897,0.6712328767123288,6026.0,5930.0,96.0
310891,Subway,167,3.4,3.3889469016217935,0.22685185185185186,2648.0,2699.0,-51.0
9095,Bombay Bhelpuri,357,3.9,3.8337747062815453,0.1206896551724138,807.0,795.0,12.0
305763,The Owl's Kitchen,174,3.5,3.4673207656964458,0.21973094170403587,2195.0,2197.0,-2.0
307418,Dare To Deliver,59,2.3,2.776967877317662,0.4537037037037037,6408.0,6380.0,28.0
3686,Aggarwal Sweet and Restaurant,18,2.9,3.2300377723926488,0.7313432835820896,5082.0,5452.0,-370.0
18449626,Burger Lust,13,2.9,3.256653721779153,0.7903225806451613,5082.0,5242.0,-160.0
7761,Cafe Coffee Day,31,3.4,3.3701566343788434,0.6125,2648.0,2992.0,-344.0
9842,Cakes & Bakes,11,3.2,3.3235421791717914,0.8166666666666667,3596.0,3655.0,-59.0
18254523,Chic Fillet,4,2.9,3.317217561326556,0.9245283018867925,5082.0,3922.0,1160.0
312378,Chinese Express,11,3.1,3.305208845838458,0.8166666666666667,4106.0,4413.0,-307.0
18358171,Costa Coffee,6,3.1,3.323864195460136,0.8909090909090909,4106.0,3626.0,480.0
307474,Domino's Pizza,63,2.9,3.0974333102706026,0.4375,5082.0,5945.0,-863.0
9083,Gupta Fast Food,29,3.4,3.3693914198757366,0.6282051282051282,2648.0,3003.0,-355.0
310705,Hangchuaa's Chinese Food Corner,20,3.1,3.2784424746421372,0.7101449275362319,4106.0,4966.0,-860.0
310701,Kathi's,7,3.0,3.307366620541205,0.875,4617.0,4362.0,255.0
306934,Kitchen & Chicken,50,3.2,3.2748740479829035,0.494949494949495,3596.0,5002.0,-1406.0
305651,Meal A Deal,13,2.8,3.235685979843669,0.7903225806451613,5462.0,5401.0,61.0
9094,Mohit Restaurant,17,2.8,3.2092807689440526,0.7424242424242424,5462.0,5573.0,-111.0
93,Princess Garden,31,2.7,3.0989066343788436,0.6125,5776.0,5938.0,-162.0
9099,Republic of Chicken,13,2.8,3.235685979843669,0.7903225806451613,5462.0,5401.0,61.0
18312618,Sai Juice Point,6,3.1,3.323864195460136,0.8909090909090909,4106.0,3626.0,480.0
18146398,The Pirates Of China Town,14,3.2,3.317659218258849,0.7777777777777778,3596.0,3903.0,-307.0
3298,Voda Bar,28,3.2,3.2962666331208763,0.6363636363636364,3596.0,4631.0,-1035.0
305684,All Things Yummy,68,3.8,3.61207291239579,0.4188034188034188,1087.0,1502.0,-415.0
7759,Cake Palace,160,3.8,3.694796797848361,0.23444976076555024,1087.0,1181.0,-94.0
302503,Charan Singh Kulfi & Kala Khatta,29,3.6,3.443750394234711,0.6282051282051282,1785.0,2360.0,-575.0
677,Chinese Hut,87,3.6,3.5103862555169667,0.3602941176470588,1785.0,1947.0,-162.0
305826,Costa Coffee,68,3.8,3.61207291239579,0.4188034188034188,1087.0,1502.0,-415.0
743,Daitchi,273,3.5,3.4773681079202095,0.15217391304347827,2195.0,2117.0,78.0
18345751,DomDom Biryani,89,3.7,3.5761777590601995,0.35507246376811596,1422.0,1626.0,-204.0
2250,Gupta's Restaurant,104,3.5,3.4523694820281534,0.3202614379084967,2195.0,2302.0,-107.0
18352214,Mama's,40,3.5,3.4181183230371626,0.550561797752809,2195.0,2492.0,-297.0
192,McDonald's,167,3.6,3.5435765312514236,0.22685185185185186,1785.0,1788.0,-3.0
483,Moti Mahal Delux- Legendary Culinary,177,3.6,3.546073144912865,0.2168141592920354,1785.0,1780.0,5.0
1675,Qureshi's Kabab Corner,215,3.6,3.5538353437511647,0.1856060606060606,1785.0,1747.0,38.0
18451269,TukTuk,24,3.8,3.498801791100102,0.6712328767123288,1087.0,1993.0,-906.0
18306530,Circus,489,4.0,3.940915484665999,0.09107806691449814,614.0,548.0,66.0
18332063,The Society Cafe,149,4.1,3.914709751264179,0.2474747474747475,429.0,598.0,-169.0
309852,Club London,179,3.3,3.3110198717118746,0.2149122807017544,3125.0,4226.0,-1101.0
18245284,3 Pegs Down,217,3.6,3.5541824464297274,0.18421052631578946,1785.0,1743.0,42.0
310413,Chicago Pizza,27,2.6,3.0843754046093093,0.6447368421052632,6026.0,5972.0,54.0
18261739,Maakhansingh,18,2.9,3.2300377723926488,0.7313432835820896,5082.0,5452.0,-370.0
311068,Mad Over Donuts,72,3.8,3.6182853781017146,0.4049586776859504,1087.0,1483.0,-396.0
308175,Starbucks,147,3.7,3.612819034440344,0.25,1422.0,1499.0,-77.0
18276343,World of Wok,22,3.6,3.4283455035254575,0.6901408450704225,1785.0,2452.0,-667.0
4682,Alvi's Food Spot,17,3.2,3.312311071974356,0.7424242424242424,3596.0,4157.0,-561.0
6191,Cafe Coffee Day,29,2.7,3.109135009619327,0.6282051282051282,5776.0,5914.0,-138.0
1275,Code,117,2.5,2.7512803057247437,0.29518072289156627,6216.0,6400.0,-184.0
2934,Haowin,88,3.2,3.2541060638708577,0.35766423357664234,3596.0,5260.0,-1664.0
308801,Mirror,131,3.3,3.3139585041683746,0.2722222222222222,3125.0,4088.0,-963.0
4854,Pizza Hut Delivery,87,2.7,2.9346509613993197,0.3602941176470588,5776.0,6232.0,-456.0
306178,Platinum Lounge,91,3.3,3.3179466482164823,0.35,3125.0,3900.0,-775.0
310538,Aap Ki Rasoi Ghar,6,3.0,3.3129551045510452,0.8909090909090909,4617.0,4096.0,521.0
305579,Aggarwal Sweet & Pastry,5,2.8,3.30023205093162,0.9074074074074074,5462.0,4556.0,906.0
17977785,Craving,10,3.1,3.3086869618696184,0.8305084745762712,4106.0,4318.0,-212.0
18037814,Dakshin South Indian Hut,4,3.0,3.324764731137877,0.9245283018867925,4617.0,3529.0,1088.0
18472638,Food & Travel Cafe,10,3.2,3.3256361144119913,0.8305084745762712,3596.0,3496.0,100.0
18168154,Jolly Tandoori Zaika,11,3.2,3.3235421791717914,0.8166666666666667,3596.0,3655.0,-59.0
18424579,Lababdar Rasoi,16,3.3,3.3386543192354994,0.7538461538461538,3125.0,3209.0,-84.0
305552,Madan Da Dhaba,5,3.0,3.3187505694501387,0.9074074074074074,4617.0,3823.0,794.0
302004,Nishtha,21,3.3,3.335893296432964,0.7,3125.0,3255.0,-130.0
18386266,P2 Tandoori Momos Station,10,3.1,3.3086869618696184,0.8305084745762712,4106.0,4318.0,-212.0
18272352,Punjabi's Veg Grill,7,2.9,3.2948666205412054,0.875,5082.0,4662.0,420.0
300560,Sethi's The Cake Shop,16,2.8,3.2155773961585763,0.7538461538461538,5462.0,5534.0,-72.0
304453,Soya Grill,4,3.0,3.324764731137877,0.9245283018867925,4617.0,3529.0,1088.0
18025106,Sunny Kebab Wala,15,3.3,3.3392582929735544,0.765625,3125.0,3195.0,-70.0
301836,Vaishno Bhojnalaya,10,3.1,3.3086869618696184,0.8305084745762712,4106.0,4318.0,-212.0
306012,Valentine Coffee Bar,8,2.9,3.2879391359703063,0.8596491228070176,5082.0,4805.0,277.0
312023,Zayka Delhi-6,11,3.1,3.305208845838458,0.8166666666666667,4106.0,4413.0,-307.0
18365385,Flirty Momo's,26,2.4,3.0215004100040996,0.6533333333333333,6325.0,6090.0,235.0
586,Nathu's Sweets,173,3.3,3.3113177060824657,0.22072072072072071,3125.0,4223.0,-1098.0
3403,Basil & Thyme,127,3.6,3.5307530156267473,0.2784090909090909,1785.0,1845.0,-60.0
2902,Kamal's,286,3.7,3.6489926291053956,0.14626865671641792,1422.0,1366.0,56.0
308628,Orange Peel by Rasleen Kochhar,44,3.6,3.4689519435516933,0.5268817204301075,1785.0,2184.0,-399.0
18157416,Masala House,169,4.0,3.85418592087297,0.22477064220183487,614.0,733.0,-119.0
18264963,Number 8,165,4.0,3.851460424066857,0.22897196261682243,614.0,742.0,-128.0
18384123,Keventers,6,3.2,3.334773286369227,0.8909090909090909,3596.0,3280.0,316.0
308595,4700BC Popcorn,24,3.2,3.3015415171274998,0.6712328767123288,3596.0,4544.0,-948.0
18251318,Chennai X-Press,6,2.9,3.3020460136419545,0.8909090909090909,5082.0,4458.0,624.0
18303675,Chinese Sigdi,5,3.0,3.3187505694501387,0.9074074074074074,4617.0,3823.0,794.0
18245286,Da Pizza Pind,36,3.2,3.287206244121265,0.5764705882352941,3596.0,4826.0,-1230.0
18414475,Faasos,4,3.0,3.324764731137877,0.9245283018867925,4617.0,3529.0,1088.0
308814,Frontier,5,2.9,3.309491310190879,0.9074074074074074,5082.0,4258.0,824.0
308996,Gyan Di Hatti,5,2.9,3.309491310190879,0.9074074074074074,5082.0,4258.0,824.0
304583,Hot Stuff,14,3.3,3.339881440481071,0.7777777777777778,3125.0,3180.0,-55.0
308080,KK Da Dhaba,55,3.4,3.3770435649068022,0.47115384615384615,2648.0,2879.0,-231.0
18372669,Last Bencher's,6,3.0,3.3129551045510452,0.8909090909090909,4617.0,4096.0,521.0
309305,Raj Bakers And Confectioners,6,3.0,3.3129551045510452,0.8909090909090909,4617.0,4096.0,521.0
18292457,Taste Drive,21,3.4,3.365893296432964,0.7,2648.0,3055.0,-407.0
973,The Kafilla,5,3.0,3.3187505694501387,0.9074074074074074,4617.0,3823.0,794.0
18292469,Tibb's Frankie,8,3.1,3.3160093114089033,0.8596491228070176,4106.0,4009.0,97.0
18381626,4 Barrels Cafí© & Lounge,24,3.5,3.400171654113801,0.6712328767123288,2195.0,2585.0,-390.0
18425157,Baadshah,26,3.5,3.402833743337433,0.6533333333333333,2195.0,2572.0,-377.0
18365991,Behrouz Biryani,54,3.5,3.4292478713622083,0.47572815533980584,2195.0,2445.0,-250.0
18355146,Galina Restaurant,38,3.5,3.416235985635718,0.5632183908045977,2195.0,2510.0,-315.0
18454473,Masala Factory,18,3.8,3.4718288171687686,0.7313432835820896,1087.0,2157.0,-1070.0
18432240,Ovenstory Pizza,12,3.5,3.380533290988647,0.8032786885245902,2195.0,2822.0,-627.0
301998,Punjab Grill,1252,4.3,4.264267894504464,0.03766333589546503,190.0,160.0,30.0
3239,Insomnia - Taj Vivanta,50,3.3,3.325379098487954,0.494949494949495,3125.0,3520.0,-395.0
301422,Larry's China - Taj Vivanta,147,3.7,3.612819034440344,0.25,1422.0,1499.0,-77.0
4404,Yellow Brick Road - Taj Vivanta,821,3.9,3.869094862931388,0.05632183908045977,807.0,695.0,112.0
300008,English Tadka,152,3.3,3.3125001529866043,0.24378109452736318,3125.0,4155.0,-1030.0
18216903,Burger King,186,3.6,3.548138428724713,0.20851063829787234,1785.0,1769.0,16.0
1079,Pizza Hut,141,3.6,3.535855425001618,0.2578947368421053,1785.0,1828.0,-43.0
4375,Cake Shop - The Ashok,26,3.1,3.264167076670766,0.6533333333333333,4106.0,5163.0,-1057.0
3955,Samavar - The Ashok,48,3.2,3.276417842786675,0.5051546391752577,3596.0,4982.0,-1386.0
4376,Tea Lounge - The Ashok,18,3.2,3.310634787318022,0.7313432835820896,3596.0,4227.0,-631.0
1898,Frontier - The Ashok,101,3.7,3.5860835383353833,0.32666666666666666,1422.0,1586.0,-164.0
1900,The Oudh - The Ashok,100,3.6,3.5182049043644796,0.3288590604026846,1785.0,1908.0,-123.0
306198,Zerruco - The Ashok,609,4.4,4.32190354217372,0.07446808510638298,116.0,126.0,-10.0
18312443,The Claridges Garden -The Claridges,5,3.1,3.3280098287093978,0.9074074074074074,4106.0,3436.0,670.0
2683,Aura - The Claridges,42,3.5,3.4199179203330488,0.5384615384615384,2195.0,2485.0,-290.0
2682,Dhaba - The Claridges,548,3.9,3.8549623630658414,0.08207705192629816,807.0,732.0,75.0
2681,Jade - The Claridges,134,3.8,3.6798498948104235,0.2677595628415301,1087.0,1231.0,-144.0
2674,Pickwicks - The Claridges,139,3.7,3.609109206118657,0.26063829787234044,1422.0,1516.0,-94.0
2684,Ye Old Bakery - The Claridges,65,3.7,3.550109918862346,0.4298245614035088,1422.0,1760.0,-338.0
2675,Sevilla - The Claridges,800,4.3,4.245244441402011,0.05771495877502945,190.0,180.0,10.0
3227,GBar - The Grand New Delhi,145,3.3,3.3129511894345747,0.25257731958762886,3125.0,4147.0,-1022.0
4840,Cascades - The Grand New Delhi,97,3.6,3.5165241832212843,0.3356164383561644,1785.0,1919.0,-134.0
2726,1911 Bar - The Imperial,10,3.2,3.3256361144119913,0.8305084745762712,3596.0,3496.0,100.0
301523,Nostalgia at 1911 Brasserie - The Imperial,12,3.2,3.3215168975460245,0.8032786885245902,3596.0,3704.0,-108.0
2729,Patiala Peg - The Imperial,25,3.3,3.3339531182473983,0.6621621621621622,3125.0,3294.0,-169.0
2724,1911 - The Imperial,272,3.9,3.8162384135523597,0.1526479750778816,807.0,831.0,-24.0
2728,Daniell's Tavern - The Imperial,59,3.7,3.541782692132477,0.4537037037037037,1422.0,1797.0,-375.0
2730,La Baguette - The Imperial,45,3.8,3.5660907526628454,0.5212765957446809,1087.0,1690.0,-603.0
2727,San Gimignano - The Imperial,104,3.7,3.5883171944464545,0.3202614379084967,1422.0,1579.0,-157.0
2731,The Atrium - The Imperial,57,3.6,3.485023875002901,0.46226415094339623,1785.0,2065.0,-280.0
2725,The Spice Route - The Imperial,259,4.0,3.8967939310074917,0.1590909090909091,614.0,628.0,-14.0
18237363,Bao Cha,90,3.0,3.123831156477032,0.35251798561151076,4617.0,5890.0,-1273.0
18322518,Nazeer Delicacies,21,3.3,3.335893296432964,0.7,3125.0,3255.0,-130.0
1023,Open Oven,109,3.4,3.384889435128528,0.310126582278481,2648.0,2751.0,-103.0
18277022,Slurp Pasta Express,5,2.9,3.309491310190879,0.9074074074074074,5082.0,4258.0,824.0
18354650,Urban Gala,19,2.8,3.1972430992692273,0.7205882352941176,5462.0,5626.0,-164.0
9671,Shree Rathnam,96,3.5,3.449741591381431,0.33793103448275863,2195.0,2317.0,-122.0
149,Subway,146,1.9,2.2646796448733713,0.2512820512820513,6502.0,6502.0,0.0
8842,24/7 Pastry Shop - The Lalit New Delhi,46,3.3,3.3264476921084998,0.5157894736842106,3125.0,3479.0,-354.0
8817,Le Petit Cafe - The Lalit New Delhi,31,3.2,3.2926566343788437,0.6125,3596.0,4702.0,-1106.0
309110,The Grill Room - The Lalit New Delhi,51,3.4,3.376125307503075,0.49,2648.0,2890.0,-242.0
301524,24/7 Bar- The Lalit New Delhi,45,3.5,3.4224737313862494,0.5212765957446809,2195.0,2476.0,-281.0
3910,24/7 Restaurant - The Lalit New Delhi,419,3.7,3.6634883135690335,0.1047008547008547,1422.0,1313.0,109.0
3027,Baluchi - The Lalit New Delhi,265,3.9,3.8143711170391956,0.15605095541401273,807.0,835.0,-28.0
4907,Kitty Su - The Lalit New Delhi,747,3.7,3.678533330088326,0.06155778894472362,1422.0,1238.0,184.0
104,Woks - The Lalit New Delhi,62,3.6,3.4902029797325,0.44144144144144143,1785.0,2033.0,-248.0
300688,Cafí© Knosh - The Leela Ambience Convention Hotel,186,3.9,3.7855852372353507,0.20851063829787234,807.0,893.0,-86.0
300697,Cherry Bar - The Leela Ambience Convention Hotel,48,3.6,3.4743559871165726,0.5051546391752577,1785.0,2134.0,-349.0
300696,Mei Kun - The Leela Ambience Convention Hotel,42,3.6,3.4660717664868956,0.5384615384615384,1785.0,2205.0,-420.0
300695,Dilli 32 - The Leela Ambience Convention Hotel,184,4.0,3.863573093348959,0.21030042918454936,614.0,710.0,-96.0
4917,Jamavar - The Leela Palace,241,3.9,3.8072845887941638,0.16896551724137931,807.0,847.0,-40.0
4910,Le Cirque - The Leela Palace,199,3.8,3.7113408497996265,0.1975806451612903,1087.0,1129.0,-42.0
6812,MEGU - The Leela Palace,178,3.9,3.7815529989000325,0.21585903083700442,807.0,905.0,-98.0
4911,The Library - The Leela Palace,59,3.7,3.541782692132477,0.4537037037037037,1422.0,1797.0,-375.0
4915,The Lobby Lounge - The Leela Palace,32,3.6,3.449537416670463,0.6049382716049383,1785.0,2320.0,-535.0
310878,The Lodhi Bakery - The Lodhi,4,2.9,3.317217561326556,0.9245283018867925,5082.0,3922.0,1160.0
3283,Elan - The Lodhi,185,3.8,3.706036456197895,0.2094017094017094,1087.0,1153.0,-66.0
2768,Agni - The Park,199,3.3,3.3101311723802715,0.1975806451612903,3125.0,4243.0,-1118.0
2770,Mist - The Park,169,3.3,3.311525370414254,0.22477064220183487,3125.0,4221.0,-1096.0
2769,Aqua - The Park,773,3.8,3.773251253954145,0.05961070559610705,1087.0,931.0,156.0
3202,Atrium Bar  & Lounge - The Suryaa New Delhi,26,3.1,3.264167076670766,0.6533333333333333,4106.0,5163.0,-1057.0
4101,French Crust - The Suryaa New Delhi,19,3.3,3.3369489816221685,0.7205882352941176,3125.0,3236.0,-111.0
312902,Club BW - The Suryaa New Delhi,90,3.6,3.5123203651101256,0.35251798561151076,1785.0,1942.0,-157.0
5325,Sampan - The Suryaa New Delhi,111,3.7,3.5932033171894218,0.30625,1422.0,1559.0,-137.0
4496,The Grill Room - The Taj Mahal Hotel,15,3.1,3.2923832929735544,0.765625,4106.0,4713.0,-607.0
2688,Emperor's Lounge - The Taj Mahal Hotel,79,3.8,3.6282228964867773,0.3828125,1087.0,1446.0,-359.0
2690,Machan - The Taj Mahal Hotel,696,3.9,3.863909437248735,0.06577181208053691,807.0,709.0,98.0
3948,Ricks Bar - The Taj Mahal Hotel,64,3.6,3.49214628982573,0.4336283185840708,1785.0,2024.0,-239.0
2694,Wasabi by Morimoto - The Taj Mahal Hotel,183,3.9,3.7841057359927044,0.21120689655172414,807.0,896.0,-89.0
2689,House of Ming - The Taj Mahal Hotel,398,4.0,3.9288870934011353,0.10961968680089486,614.0,572.0,42.0
2693,Varq - The Taj Mahal Hotel,541,4.2,4.1295127639835725,0.08305084745762711,289.0,272.0,17.0
18400770,Capital Kitchen - Taj Palace Hotel,42,3.7,3.5122256126407416,0.5384615384615384,1422.0,1943.0,-521.0
18376469,Spicy Duck - Taj Palace Hotel,24,3.5,3.400171654113801,0.6712328767123288,2195.0,2585.0,-390.0
2701,Orient Express - Taj Palace Hotel,145,4.0,3.8361470657232344,0.25257731958762886,614.0,785.0,-171.0
2702,The Tea Lounge - Taj Palace Hotel,76,4.0,3.7457002460024595,0.392,614.0,1029.0,-415.0
9709,Bonitos - The Uppal,28,3.2,3.2962666331208763,0.6363636363636364,3596.0,4631.0,-1035.0
312319,Bonitos Blu - The Uppal,5,3.0,3.3187505694501387,0.9074074074074074,4617.0,3823.0,794.0
311858,The Gourmet Shop - The Uppal,4,3.0,3.324764731137877,0.9245283018867925,4617.0,3529.0,1088.0
131,Chopsticks,350,3.6,3.569454964286485,0.12280701754385964,1785.0,1671.0,114.0
313200,TabulaBeach Cafe,637,3.8,3.7679482955543837,0.07142857142857142,1087.0,952.0,135.0
18282047,Arriba - Mexican Grill & Tequileria,146,4.1,3.911859132052858,0.2512820512820513,429.0,604.0,-175.0
302136,Aggarwal Sweet Center,6,2.9,3.3020460136419545,0.8909090909090909,5082.0,4458.0,624.0
301767,Aggarwal Sweets,11,2.7,3.231875512505125,0.8166666666666667,5776.0,5429.0,347.0
302103,Alag Khana Khazana,5,2.9,3.309491310190879,0.9074074074074074,5082.0,4258.0,824.0
310273,Bhape Di Hatti,7,3.1,3.319866620541205,0.875,4106.0,3750.0,356.0
308868,Bhappe Di Hatti,8,3.1,3.3160093114089033,0.8596491228070176,4106.0,4009.0,97.0
18372667,Bhatura King,7,2.9,3.2948666205412054,0.875,5082.0,4662.0,420.0
310728,Bhukkadzz Point,7,3.0,3.307366620541205,0.875,4617.0,4362.0,255.0
8564,Bimbos,16,3.1,3.2894235500047304,0.7538461538461538,4106.0,4784.0,-678.0
305486,Brothers' Bakery,21,2.9,3.2158932964329643,0.7,5082.0,5532.0,-450.0
18485858,Chaap Nation,4,3.0,3.324764731137877,0.9245283018867925,4617.0,3529.0,1088.0
18204802,Dev Burger,5,2.9,3.309491310190879,0.9074074074074074,5082.0,4258.0,824.0
310254,Green Chick Chop,6,3.0,3.3129551045510452,0.8909090909090909,4617.0,4096.0,521.0
310272,Green Chick Chop,16,3.2,3.314038934620115,0.7538461538461538,3596.0,4073.0,-477.0
302089,Hum Sabki Rasoi,26,3.3,3.3335004100040995,0.6533333333333333,3125.0,3304.0,-179.0
18034071,Janki Vaishno Dhaba,4,3.0,3.324764731137877,0.9245283018867925,4617.0,3529.0,1088.0
305785,Manmohan Food Plaza,10,2.6,3.223941199157754,0.8305084745762712,6026.0,5493.0,533.0
18268710,Mr.Hunger,5,3.0,3.3187505694501387,0.9074074074074074,4617.0,3823.0,794.0
308862,Neelma Punjabi Dhaba,8,2.9,3.2879391359703063,0.8596491228070176,5082.0,4805.0,277.0
308863,New Raj Kachori Bhandar,18,3.4,3.364366130601604,0.7313432835820896,2648.0,3086.0,-438.0
304319,Punjabi Ninja,7,3.0,3.307366620541205,0.875,4617.0,4362.0,255.0
18198440,Radha Swami Cool Hut,7,3.1,3.319866620541205,0.875,4106.0,3750.0,356.0
304161,Sagar Choley Bhatoorey,26,3.2,3.298833743337433,0.6533333333333333,3596.0,4579.0,-983.0
18037798,Sehyog Alpahar,10,3.2,3.3256361144119913,0.8305084745762712,3596.0,3496.0,100.0
310279,South Indian Hut,5,2.9,3.309491310190879,0.9074074074074074,5082.0,4258.0,824.0
5964,Vijay Corner,7,3.0,3.307366620541205,0.875,4617.0,4362.0,255.0
18241496,Mithlesh Ande Wala,17,3.5,3.389583799247083,0.7424242424242424,2195.0,2687.0,-492.0
309695,Roti N Boti,21,3.5,3.395893296432964,0.7,2195.0,2607.0,-412.0
5438,Khana Khazana,281,3.7,3.648219790152447,0.1484848484848485,1422.0,1370.0,52.0
3383,Ahad Sons Restaurant,104,3.4,3.384395625819003,0.3202614379084967,2648.0,2755.0,-107.0
4450,Jughead's Fast Food Corner,438,3.6,3.5749743957911857,0.10061601642710473,1785.0,1638.0,147.0
18254521,The Coffee Bond,73,4.2,3.859119104510717,0.4016393442622951,289.0,720.0,-431.0
18352678,Wow! Momo,77,2.9,3.075496275796091,0.3888888888888889,5082.0,5989.0,-907.0
18263236,Domino's Pizza,24,3.6,3.433048366442568,0.6712328767123288,1785.0,2428.0,-643.0
18277230,Haldiram's,59,3.7,3.541782692132477,0.4537037037037037,1422.0,1797.0,-375.0
18350231,Keventers,37,3.8,3.544331752910552,0.5697674418604651,1087.0,1785.0,-698.0
18380171,Pat 'N' Harry,42,2.3,2.866071766486895,0.5384615384615384,6408.0,6300.0,108.0
18306543,"34, Chowringhee Lane",5,3.1,3.3280098287093978,0.9074074074074074,4106.0,3436.0,670.0
7297,Aggarwal Sweets,5,2.8,3.30023205093162,0.9074074074074074,5462.0,4556.0,906.0
5774,Amritsari Dhaba,10,2.9,3.2747886567848727,0.8305084745762712,5082.0,5007.0,75.0
312172,Apna Swad,4,2.9,3.317217561326556,0.9245283018867925,5082.0,3922.0,1160.0
18168165,ATM Food Corner,4,3.0,3.324764731137877,0.9245283018867925,4617.0,3529.0,1088.0
18449824,Burger House,4,2.8,3.3096703915152355,0.9245283018867925,5462.0,4247.0,1215.0
5413,Cafe De Bienka,12,2.7,3.2231562418083195,0.8032786885245902,5776.0,5499.0,277.0
18285208,Chatkaara Point,7,2.9,3.2948666205412054,0.875,5082.0,4662.0,420.0
306185,Dharma Punjabi Dhaba,5,2.7,3.2909727916723606,0.9074074074074074,5776.0,4773.0,1003.0
312073,Domino's Pizza,6,2.5,3.2584096500055906,0.8909090909090909,6216.0,5211.0,1005.0
312054,Flavourz Factoree,14,3.1,3.2954369960366265,0.7777777777777778,4106.0,4638.0,-532.0
301912,Gabbar Chowmein,4,3.0,3.324764731137877,0.9245283018867925,4617.0,3529.0,1088.0
18372661,Gayatri's Break Point Restaurant,4,3.1,3.3323119009491977,0.9245283018867925,4106.0,3343.0,763.0
5499,Grover Sweets & Bakers,12,3.3,3.3411890286935653,0.8032786885245902,3125.0,3150.0,-25.0
302005,Khalsa Veg Corner,10,3.1,3.3086869618696184,0.8305084745762712,4106.0,4318.0,-212.0
306179,Lajawab Chinese Food,4,3.0,3.324764731137877,0.9245283018867925,4617.0,3529.0,1088.0
302057,Lajwab Bakery,7,3.1,3.319866620541205,0.875,4106.0,3750.0,356.0
302729,Maharani Rasoi,5,3.0,3.3187505694501387,0.9074074074074074,4617.0,3823.0,794.0
313067,Natkhat Bakers,4,3.1,3.3323119009491977,0.9245283018867925,4106.0,3343.0,763.0
18133491,Pastry Palace,11,3.2,3.3235421791717914,0.8166666666666667,3596.0,3655.0,-59.0
18204464,Punjabi Tadka,11,2.7,3.231875512505125,0.8166666666666667,5776.0,5429.0,347.0
5412,Radha Swami Vaishno Dhaba,6,3.0,3.3129551045510452,0.8909090909090909,4617.0,4096.0,521.0
18358654,Scoops,9,2.8,3.2657332887984047,0.8448275862068966,5462.0,5138.0,324.0
309167,Shah Bakery,10,3.0,3.2917378093272456,0.8305084745762712,4617.0,4730.0,-113.0
301903,Shahi Kachauri Wale,6,2.8,3.291136922732863,0.8909090909090909,5462.0,4762.0,700.0
302757,Shahi Kachauri,4,2.8,3.3096703915152355,0.9245283018867925,5462.0,4247.0,1215.0
310625,Shri Bikaner Sweets,4,2.9,3.317217561326556,0.9245283018867925,5082.0,3922.0,1160.0
312171,Shri Krishna Vaishno Dhaba,5,3.0,3.3187505694501387,0.9074074074074074,4617.0,3823.0,794.0
9209,Shri Murli Wala,7,2.8,3.2823666205412048,0.875,5462.0,4890.0,572.0
18291240,Shri Radha Ki Rasoi,6,2.8,3.291136922732863,0.8909090909090909,5462.0,4762.0,700.0
307946,Singh's Ice Cream Parlour,8,3.0,3.301974223689605,0.8596491228070176,4617.0,4498.0,119.0
18203182,Swastik Restaurant,6,2.7,3.2802278318237725,0.8909090909090909,5776.0,4949.0,827.0
302047,Tanatan Corner,7,2.9,3.2948666205412054,0.875,5082.0,4662.0,420.0
307140,Tasty Bite,12,2.8,3.2428283729558602,0.8032786885245902,5462.0,5351.0,111.0
18014109,Wah Ji Wah,4,2.4,3.2794817122699524,0.9245283018867925,6325.0,4959.0,1366.0
8257,Cafe Coffee Day,33,2.6,3.048933301833018,0.5975609756097561,6026.0,6040.0,-14.0
18291214,Chalte Firte Momos,23,2.6,3.1112851493098264,0.6805555555555556,6026.0,5907.0,119.0
1547,Chutneez Restaurant Lounge & Bar,132,2.7,2.8763123245873343,0.27071823204419887,5776.0,6290.0,-514.0
18219520,Domino's Pizza,25,3.4,3.367736902031182,0.6621621621621622,2648.0,3022.0,-374.0
18378036,Fattoush,5,2.9,3.309491310190879,0.9074074074074074,5082.0,4258.0,824.0
18311958,Keventers,25,3.3,3.3339531182473983,0.6621621621621622,3125.0,3294.0,-169.0
8979,Kutty's South Indian Cafe,99,3.4,3.383868451015591,0.3310810810810811,2648.0,2770.0,-122.0
8215,Mandrain,7,2.8,3.2823666205412048,0.875,5462.0,4890.0,572.0
2009,Nazeer Foods,193,3.4,3.390134424588047,0.2024793388429752,2648.0,2683.0,-35.0
6042,Nirula's Ice Cream,38,3.0,3.1978451810380166,0.5632183908045977,4617.0,5621.0,-1004.0
308816,Punjabi Tadka,5,2.8,3.30023205093162,0.9074074074074074,5462.0,4556.0,906.0
308785,Rocking Woods,86,2.6,2.8726854129652404,0.362962962962963,6026.0,6296.0,-270.0
309769,Shawarma Wala,18,2.5,3.122575085825485,0.7313432835820896,6216.0,5891.0,325.0
3779,Subway,163,2.5,2.6967572205203183,0.23113207547169812,6216.0,6420.0,-204.0
6127,The Yellow Chilli,307,2.7,2.7896419403098527,0.13764044943820225,5776.0,6371.0,-595.0
4982,The Yummy Chilli,9,2.9,3.281250530177715,0.8448275862068966,5082.0,4929.0,153.0
4677,United Punjab,88,2.5,2.804471027374507,0.35766423357664234,6216.0,6356.0,-140.0
8265,McDonald's,160,3.6,3.541686750001471,0.23444976076555024,1785.0,1801.0,-16.0
312352,Vintro,96,3.9,3.714569177588327,0.33793103448275863,807.0,1118.0,-311.0
18285699,Wow! Momo,54,3.5,3.4292478713622083,0.47572815533980584,2195.0,2445.0,-250.0
304987,"34, Chowringhee Lane",45,2.3,2.8480056462798666,0.5212765957446809,6408.0,6317.0,91.0
305386,Kebab Xpress,117,2.4,2.680798378013901,0.29518072289156627,6325.0,6431.0,-106.0
474,Moti Mahal Delux Tandoori Trail,79,2.2,2.6407228964867775,0.3828125,6454.0,6449.0,5.0
252,Pizza Hut,224,2.4,2.570741870880247,0.1794871794871795,6325.0,6472.0,-147.0
5851,The Golden Dragon,43,2.4,2.906657942938125,0.532608695652174,6325.0,6265.0,60.0
404,Yo! China,191,2.0,2.275885544792948,0.20416666666666666,6495.0,6501.0,-6.0
3072,Hawkers,398,3.4,3.394658905481672,0.10961968680089486,2648.0,2628.0,20.0
234,Nirula's,145,3.0,3.0887243853108632,0.25257731958762886,4617.0,5967.0,-1350.0
308,Sagar Ratna,133,2.8,2.948420498628063,0.2692307692307692,5462.0,6205.0,-743.0
311305,Tribe,89,3.3,3.3182067445674455,0.35507246376811596,3125.0,3894.0,-769.0
1509,Angels in my Kitchen,248,3.7,3.6424664335027193,0.16498316498316498,1422.0,1394.0,28.0
18089255,Beijing Street,122,3.8,3.6714183084813303,0.28654970760233917,1087.0,1270.0,-183.0
18369756,Bun Intended,123,3.8,3.6721658764552756,0.28488372093023256,1087.0,1268.0,-181.0
18416856,Captain Chang,40,3.9,3.597893603936039,0.550561797752809,807.0,1547.0,-740.0
306554,Captain Grub,619,3.8,3.7670846268717173,0.07335329341317365,1087.0,954.0,133.0
18287390,Clemency- The Restaurant & Cafe,43,3.8,3.561005769025081,0.532608695652174,1087.0,1718.0,-631.0
1060,Flaming Chilli Pepper,286,3.8,3.7343657634337535,0.14626865671641792,1087.0,1062.0,25.0
306859,Hong Kong Express,164,3.7,3.6197771396728053,0.2300469483568075,1422.0,1476.0,-54.0
308621,Majeed's,170,3.5,3.4667238847046002,0.2237442922374429,2195.0,2201.0,-6.0
18218321,Majlis-e-Mughal,95,3.5,3.449392574654913,0.3402777777777778,2195.0,2324.0,-129.0
18337788,Mickey's Kitchen,191,3.9,3.787968878126281,0.20416666666666666,807.0,884.0,-77.0
2778,Nanking,361,3.6,3.5702744652446525,0.11951219512195121,1785.0,1667.0,118.0
18292485,Nawab Dera,141,3.8,3.6842764776331967,0.2578947368421053,1087.0,1220.0,-133.0
18423898,The Cafe,20,3.8,3.481341025366775,0.7101449275362319,1087.0,2093.0,-1006.0
308246,The Village Cafí©,185,3.7,3.626976627138066,0.2094017094017094,1422.0,1452.0,-30.0
18264997,Cafe Connect,193,4.2,4.028150953513667,0.2024793388429752,289.0,410.0,-121.0
18144479,Happy Hakka,173,4.1,3.9347411295058894,0.22072072072072071,429.0,557.0,-128.0
18431179,Indian Saffron Co.,62,4.2,3.8253381148676353,0.44144144144144143,289.0,806.0,-517.0
307032,DCK- Dana Choga's Kitchen,252,2.9,2.9734635573099912,0.16279069767441862,5082.0,6173.0,-1091.0
305243,Domino's Pizza,145,2.8,2.939239849228389,0.25257731958762886,5462.0,6223.0,-761.0
9177,Sagar Ratna,87,3.3,3.3184744908110844,0.3602941176470588,3125.0,3890.0,-765.0
308697,Shree Bhagatram,199,3.3,3.3101311723802715,0.1975806451612903,3125.0,4243.0,-1118.0
3507,Subway,131,2.5,2.7317362819461524,0.2722222222222222,6216.0,6408.0,-192.0
18350121,Biryani Blues,105,3.9,3.725406043833165,0.3181818181818182,807.0,1089.0,-282.0
311345,Kebab Gali,380,3.9,3.8373252465042134,0.11421911421911422,807.0,783.0,24.0
1492,KFC,277,3.6,3.5626151250009435,0.15030674846625766,1785.0,1711.0,74.0
310169,Tipu Sultan,364,3.7,3.658625982446265,0.11864406779661017,1422.0,1333.0,89.0
312535,Angels in my Kitchen,22,3.2,3.3044018415536267,0.6901408450704225,3596.0,4429.0,-833.0
535,Barista,47,3.3,3.326172195315703,0.5104166666666666,3125.0,3483.0,-358.0
304281,Bengal Sweet Palace,28,3.3,3.332630269484513,0.6363636363636364,3125.0,3328.0,-203.0
7392,Bread'D Bites,14,3.1,3.2954369960366265,0.7777777777777778,4106.0,4638.0,-532.0
2122,Chinese Hut,20,3.4,3.3653989963812676,0.7101449275362319,2648.0,3067.0,-419.0
302438,Foodland by Orchid,6,2.9,3.3020460136419545,0.8909090909090909,5082.0,4458.0,624.0
309789,From The Kitchen of Mala Bindra,9,3.1,3.312285012936336,0.8448275862068966,4106.0,4179.0,-73.0
313412,Go Kylin,9,2.8,3.2657332887984047,0.8448275862068966,5462.0,5138.0,324.0
7360,Green Chick Chop,23,3.3,3.3348962604209373,0.6805555555555556,3125.0,3272.0,-147.0
4317,Hawkers,26,2.7,3.1255004100041,0.6533333333333333,5776.0,5883.0,-107.0
18458099,HotPlate,8,3.1,3.3160093114089033,0.8596491228070176,4106.0,4009.0,97.0
2124,New Janta Restaurant,31,3.1,3.2539066343788434,0.6125,4106.0,5263.0,-1157.0
2204,Rainbows,28,3.2,3.2962666331208763,0.6363636363636364,3596.0,4631.0,-1035.0
305403,Sinfully Yours,18,3.3,3.337500458959813,0.7313432835820896,3125.0,3226.0,-101.0
775,Slice of Italy,299,2.8,2.8776222147997337,0.14080459770114942,5462.0,6289.0,-827.0
18247024,Spice Deli,52,3.3,3.324876542082252,0.48514851485148514,3125.0,3528.0,-403.0
303244,Twenty Four Seven,9,3.1,3.312285012936336,0.8448275862068966,4106.0,4179.0,-73.0
300262,Uncle Tom's Steamed Hot Dogs,40,3.3,3.328230682587724,0.550561797752809,3125.0,3429.0,-304.0
18458332,AOWLS,37,3.5,3.415261985468691,0.5697674418604651,2195.0,2513.0,-318.0
7391,Costa Coffee,80,3.6,3.50552349418843,0.3798449612403101,1785.0,1972.0,-187.0
18198434,Georgia Dakota,34,3.6,3.453163021088042,0.5903614457831325,1785.0,2294.0,-509.0
18371408,Instapizza After Hours,21,3.5,3.395893296432964,0.7,2195.0,2607.0,-412.0
308007,The Pint Room,76,3.7,3.56330024600246,0.392,1422.0,1708.0,-286.0
18289247,Perch Wine & Coffee Bar,114,4.3,4.014800802149126,0.3006134969325153,190.0,421.0,-231.0
8530,Aggarwal Confectionary,7,2.8,3.2823666205412048,0.875,5462.0,4890.0,572.0
8501,Aggarwal Sweet Corner,16,2.9,3.2401927807739614,0.7538461538461538,5082.0,5376.0,-294.0
8520,Ananda's,31,3.0,3.215156634378843,0.6125,4617.0,5544.0,-927.0
311184,Ankur Family Restaurant,7,2.8,3.2823666205412048,0.875,5462.0,4890.0,572.0
18217007,Ayush Restaurant,13,3.2,3.3195569475856046,0.7903225806451613,3596.0,3802.0,-206.0
18342098,Chef's Paradise,36,3.1,3.2448533029447937,0.5764705882352941,4106.0,5344.0,-1238.0
311231,Domino's Pizza,17,2.6,3.1577656174289013,0.7424242424242424,6026.0,5787.0,239.0
310876,Fatafat Fast Food,32,3.3,3.331018898151944,0.6049382716049383,3125.0,3374.0,-249.0
18265408,Giani,5,3.0,3.3187505694501387,0.9074074074074074,4617.0,3823.0,794.0
312517,Green Tea Fanatics,31,3.4,3.3701566343788434,0.6125,2648.0,2992.0,-344.0
312783,Khansama,30,3.3,3.3318041867127524,0.620253164556962,3125.0,3362.0,-237.0
307920,Pauls Food,14,2.9,3.2509925515921823,0.7777777777777778,5082.0,5276.0,-194.0
311253,Punjabi Vaishno Rasoi,4,2.9,3.317217561326556,0.9245283018867925,5082.0,3922.0,1160.0
307290,Republic of Chicken,10,2.9,3.2747886567848727,0.8305084745762712,5082.0,5007.0,75.0
8532,Taj Sweets,16,3.1,3.2894235500047304,0.7538461538461538,4106.0,4784.0,-678.0
18323036,The Cake,4,3.0,3.324764731137877,0.9245283018867925,4617.0,3529.0,1088.0
18325165,The Food Court,32,3.7,3.489043589509969,0.6049382716049383,1422.0,2040.0,-618.0
18322647,366 Junction,43,3.3,3.3273101168511685,0.532608695652174,3125.0,3475.0,-350.0
6654,Black & Brew,25,3.1,3.2663855506798307,0.6621621621621622,4106.0,5126.0,-1020.0
300941,Hari Om Bhojanalaya,43,3.4,3.374049247285951,0.532608695652174,2648.0,2926.0,-278.0
18263693,Nalwa's Hotspot,10,3.1,3.3086869618696184,0.8305084745762712,4106.0,4318.0,-212.0
18245248,Pasta Hub,16,3.0,3.2648081653893457,0.7538461538461538,4617.0,5156.0,-539.0
305275,Rock n Wood Cafe,168,3.4,3.38899783755902,0.22580645161290322,2648.0,2698.0,-50.0
18337490,Roll Corner,12,3.3,3.3411890286935653,0.8032786885245902,3125.0,3150.0,-25.0
312364,Shree Nandhini Cafe,27,3.3,3.3330596151356247,0.6447368421052632,3125.0,3315.0,-190.0
312422,Sindhi Dhaba,19,2.9,3.225184275739816,0.7205882352941176,5082.0,5489.0,-407.0
18359295,Take N Taste,15,3.1,3.2923832929735544,0.765625,4106.0,4713.0,-607.0
307369,Taxi Bar & Cafe,732,3.3,3.3032170688224167,0.06274007682458387,3125.0,4439.0,-1314.0
308811,The Little Diner,430,3.4,3.3950157218169257,0.1022964509394572,2648.0,2625.0,23.0
18273624,Cafeteria & Co.,1136,4.6,4.54836500485258,0.04135021097046414,44.0,45.0,-1.0
18175303,Burger Point,114,3.8,3.6651075506153834,0.3006134969325153,1087.0,1306.0,-219.0
310532,Cafe All-Inn,429,3.8,3.7540011103562914,0.10251046025104603,1087.0,1005.0,82.0
312420,Chowringhee,65,3.5,3.436074831143048,0.4298245614035088,2195.0,2402.0,-207.0
308155,Flamess Restaurant & Cafe Village,349,3.5,3.4816897757545413,0.12311557788944724,2195.0,2090.0,105.0
305856,Jack 'n' Chill,480,3.6,3.5769613057661767,0.09262759924385633,1785.0,1625.0,160.0
308950,Kake Di Hatti,314,3.6,3.566425704546302,0.1349862258953168,1785.0,1688.0,97.0
17977767,Mad Monkey,344,3.7,3.6565204344791535,0.12468193384223919,1422.0,1340.0,82.0
18359288,Manohar Cakes & Bikaneri,18,3.5,3.391231802243395,0.7313432835820896,2195.0,2663.0,-468.0
1199,Shagun,419,3.9,3.842548142628862,0.1047008547008547,807.0,768.0,39.0
312365,Shyam Chaat Bhandar,27,3.5,3.404112246714572,0.6447368421052632,2195.0,2561.0,-366.0
17989097,Telegram,359,3.5,3.4821385557605575,0.12009803921568628,2195.0,2087.0,108.0
18233584,The University Bistro,555,3.6,3.5798220707786546,0.08112582781456953,1785.0,1610.0,175.0
18241524,736 A.D.,506,4.1,4.033896451802356,0.08828828828828829,429.0,401.0,28.0
301700,Big Yellow Door,3986,4.3,4.288478941945553,0.012143742255266418,190.0,139.0,51.0
303849,Mr. Crust Bakers,741,4.2,4.147357633861149,0.0620253164556962,289.0,250.0,39.0
18258484,Phonebooth Cafí©,636,4.1,4.046441650730376,0.07153284671532846,429.0,381.0,48.0
18157386,Tony's,163,4.4,4.157606277124092,0.23113207547169812,116.0,240.0,-124.0
18455949,Wake 'n' Bake Cafe,90,4.0,3.7713131708655214,0.35251798561151076,614.0,937.0,-323.0
18337907,Gabbar Di Hatti,19,3.4,3.364890158092757,0.7205882352941176,2648.0,3076.0,-428.0
18355037,1990's,15,3.3,3.3392582929735544,0.765625,3125.0,3195.0,-70.0
18124369,Amul Cafe,23,3.3,3.3348962604209373,0.6805555555555556,3125.0,3272.0,-147.0
18221405,Burger Point,28,3.4,3.3689939058481495,0.6363636363636364,2648.0,3011.0,-363.0
302166,Buta Singh Da Dhabba,14,2.8,3.2287703293699597,0.7777777777777778,5462.0,5460.0,2.0
8696,Cafe Amigo,41,3.0,3.1912503416700826,0.5444444444444444,4617.0,5651.0,-1034.0
6925,Cafe Coffee Day,16,3.0,3.2648081653893457,0.7538461538461538,4617.0,5156.0,-539.0
300459,Cake Palace,11,2.7,3.231875512505125,0.8166666666666667,5776.0,5429.0,347.0
2403,Carara,20,2.6,3.1335149384102534,0.7101449275362319,6026.0,5864.0,162.0
8695,Channi Pishori Chicken,55,3.3,3.324158949522187,0.47115384615384615,3125.0,3621.0,-496.0
311396,Chatkora Food N Snacks Corner,6,2.9,3.3020460136419545,0.8909090909090909,5082.0,4458.0,624.0
18333392,Chetana Bakes,6,3.0,3.3129551045510452,0.8909090909090909,4617.0,4096.0,521.0
18287378,Chily Hut,20,3.2,3.307427981888514,0.7101449275362319,3596.0,4354.0,-758.0
307195,De' Bistro,16,3.3,3.3386543192354994,0.7538461538461538,3125.0,3209.0,-84.0
300440,Deep Bakers,17,3.2,3.312311071974356,0.7424242424242424,3596.0,4157.0,-561.0
4793,Delhi 6,44,2.6,2.995833663981801,0.5268817204301075,6026.0,6126.0,-100.0
18478982,Finest Pizzeria,5,3.1,3.3280098287093978,0.9074074074074074,4106.0,3436.0,670.0
18322639,Food Lab,5,3.0,3.3187505694501387,0.9074074074074074,4617.0,3823.0,794.0
18285737,Goli Vada Pav No. 1,26,3.3,3.3335004100040995,0.6533333333333333,3125.0,3304.0,-179.0
18204810,Grover Sweets,8,3.1,3.3160093114089033,0.8596491228070176,4106.0,4009.0,97.0
301380,Hema Chinese Foods,21,3.3,3.335893296432964,0.7,3125.0,3255.0,-130.0
18277000,Hunger Stop,13,3.2,3.3195569475856046,0.7903225806451613,3596.0,3802.0,-206.0
300461,Ishwar Sweets,33,3.4,3.3708845213452134,0.5975609756097561,2648.0,2976.0,-328.0
3654,Kathi Express,33,2.6,3.048933301833018,0.5975609756097561,6026.0,6040.0,-14.0
18264996,Kream's,8,3.1,3.3160093114089033,0.8596491228070176,4106.0,4009.0,97.0
301377,Madras Cafe,33,3.3,3.330640618906189,0.5975609756097561,3125.0,3384.0,-259.0
8680,Mandeep Punjabi Rasoi,10,3.0,3.2917378093272456,0.8305084745762712,4617.0,4730.0,-113.0
18246995,Masti Curry,31,2.8,3.1376566343788435,0.6125,5462.0,5853.0,-391.0
4785,New Madras Cafe,34,3.1,3.2483437439796083,0.5903614457831325,4106.0,5319.0,-1213.0
2402,Pakwan,20,2.8,3.191485952903007,0.7101449275362319,5462.0,5645.0,-183.0
300406,Patiala Shahi Soups,12,3.1,3.3018447663984833,0.8032786885245902,4106.0,4525.0,-419.0
311390,Pizza Yum,24,3.1,3.268664804798733,0.6712328767123288,4106.0,5103.0,-997.0
4164,Polka Pastry & Snack Bar,44,2.7,3.0431454919387906,0.5268817204301075,5776.0,6055.0,-279.0
18365391,Red Hot,15,3.3,3.3392582929735544,0.765625,3125.0,3195.0,-70.0
8508,Republic of Chicken,17,3.1,3.28655349621678,0.7424242424242424,4106.0,4849.0,-743.0
1305,Sai Ann Kutir,37,2.8,3.114099194771017,0.5697674418604651,5462.0,5902.0,-440.0
18245289,Saravana South Indian Hut,10,3.2,3.3256361144119913,0.8305084745762712,3596.0,3496.0,100.0
18057797,Sardar Pure Meat Shop,9,3.2,3.3278022543156465,0.8448275862068966,3596.0,3463.0,133.0
300472,Shama Chicken Corner,23,3.1,3.2710073715320482,0.6805555555555556,4106.0,5079.0,-973.0
18247014,Shan E Punjab,23,3.4,3.366840704865382,0.6805555555555556,2648.0,3037.0,-389.0
4790,Shanghai Nights,11,2.8,3.2502088458384577,0.8166666666666667,5462.0,5291.0,171.0
8707,Shree Ram Sweets & Bakers,4,3.0,3.324764731137877,0.9245283018867925,4617.0,3529.0,1088.0
302183,Sindhi Kulfi Wala,4,3.0,3.324764731137877,0.9245283018867925,4617.0,3529.0,1088.0
4792,South Indian Cafe,42,3.3,3.3276102280253568,0.5384615384615384,3125.0,3473.0,-348.0
2362,South Indian Hut,35,3.4,3.3715777470274695,0.5833333333333334,2648.0,2961.0,-313.0
4338,Spinns Resto-Bar,43,2.6,3.0001362038076897,0.532608695652174,6026.0,6122.0,-96.0
309198,Subway,28,2.6,3.078084814939058,0.6363636363636364,6026.0,5982.0,44.0
300457,Taneja Bakery,17,3.2,3.312311071974356,0.7424242424242424,3596.0,4157.0,-561.0
312201,Tequila Express,40,3.4,3.3731745028124434,0.550561797752809,2648.0,2936.0,-288.0
3657,The China Town,26,3.4,3.3681670766707663,0.6533333333333333,2648.0,3019.0,-371.0
310640,THS - The Hunger Street,49,3.2,3.275638068880689,0.5,3596.0,4996.0,-1400.0
309323,True Blue,31,3.2,3.2926566343788437,0.6125,3596.0,4702.0,-1106.0
311333,Twenty Four Seven,7,3.1,3.319866620541205,0.875,4106.0,3750.0,356.0
5925,Your's Chole Bhature,42,2.6,3.004533304948434,0.5384615384615384,6026.0,6116.0,-90.0
312448,Baskin Robbins,36,3.5,3.414265067650676,0.5764705882352941,2195.0,2519.0,-324.0
311600,Pure Punjabi,56,3.5,3.430595530955309,0.4666666666666667,2195.0,2439.0,-244.0
3665,Welcome Food Point,26,2.3,2.986833743337433,0.6533333333333333,6408.0,6145.0,263.0
309473,Arora Snacks,14,2.8,3.2287703293699597,0.7777777777777778,5462.0,5460.0,2.0
8502,Bansal Mithai Wale,5,2.9,3.309491310190879,0.9074074074074074,5082.0,4258.0,824.0
18303857,Fabulous Cake Bites,33,3.4,3.3708845213452134,0.5975609756097561,2648.0,2976.0,-328.0
6264,Garam Masala Food Corner,114,3.3,3.315414299081641,0.3006134969325153,3125.0,4064.0,-939.0
18419896,Health Buzzz,7,3.1,3.319866620541205,0.875,4106.0,3750.0,356.0
18291215,Kumar Pav Bhaji Corner,12,3.2,3.3215168975460245,0.8032786885245902,3596.0,3704.0,-108.0
18264964,Le Chef,6,3.0,3.3129551045510452,0.8909090909090909,4617.0,4096.0,521.0
18420420,Nainy Fast Food,12,3.3,3.3411890286935653,0.8032786885245902,3125.0,3150.0,-25.0
310604,Platform Nine and Three Quarters,54,2.6,2.957403211168034,0.47572815533980584,6026.0,6196.0,-170.0
18225627,Pudding & Pie,5,3.1,3.3280098287093978,0.9074074074074074,4106.0,3436.0,670.0
6251,Rapture,51,2.5,2.9171253075030745,0.49,6216.0,6252.0,-36.0
6253,Sachdeva Chinese Fast Food,21,3.3,3.335893296432964,0.7,3125.0,3255.0,-130.0
18249080,Simply Cakes,10,3.2,3.3256361144119913,0.8305084745762712,3596.0,3496.0,100.0
18364535,The Dosa King,4,2.9,3.317217561326556,0.9245283018867925,5082.0,3922.0,1160.0
18128871,Bhappe Di Hatti,37,3.5,3.415261985468691,0.5697674418604651,2195.0,2513.0,-318.0
18124355,Cafetorium,122,3.8,3.6714183084813303,0.28654970760233917,1087.0,1270.0,-183.0
304598,Food Express,126,3.6,3.5303573185731856,0.28,1785.0,1848.0,-63.0
18380891,Sai Bajaj Restaurant,35,3.6,3.454911080360803,0.5833333333333334,1785.0,2283.0,-498.0
18458629,The Chimney Bar-Be-Que,26,3.6,3.4375004100040996,0.6533333333333333,1785.0,2387.0,-602.0
6240,Urban Punjab,168,3.6,3.5438365472364404,0.22580645161290322,1785.0,1787.0,-2.0
1613,Chintamani's Namkeen,29,2.4,2.997596548080865,0.6282051282051282,6325.0,6125.0,200.0
18216911,Deltasious,64,2.2,2.699225935843429,0.4336283185840708,6454.0,6418.0,36.0
310440,Tandoori Junction,10,2.4,3.190042894073008,0.8305084745762712,6325.0,5666.0,659.0
4740,Apni Rasoi,19,2.6,3.141360746328051,0.7205882352941176,6026.0,5844.0,182.0
2044,Haldiram Bhujiawala,35,3.4,3.3715777470274695,0.5833333333333334,2648.0,2961.0,-313.0
306064,Meghraj Food Court,24,3.0,3.2357880924699653,0.6712328767123288,4617.0,5399.0,-782.0
6553,Meghraj Sweets,8,3.2,3.330044399128201,0.8596491228070176,3596.0,3397.0,199.0
349,"34, Chowringhee Lane",86,3.4,3.38231504259487,0.362962962962963,2648.0,2790.0,-142.0
3455,Subway,152,2.1,2.4050374664194405,0.24378109452736318,6480.0,6498.0,-18.0
1115,The Golden Dragon,178,3.5,3.4678966112348344,0.21585903083700442,2195.0,2189.0,6.0
311506,KFC,86,3.4,3.38231504259487,0.362962962962963,2648.0,2790.0,-142.0
3974,Mitra Da Dhaba,216,3.5,3.472500116038896,0.18490566037735848,2195.0,2147.0,48.0
18163893,Mr. Sub,83,3.7,3.5705494753811173,0.3712121212121212,1422.0,1664.0,-242.0
313093,Kennedy's,491,4.1,4.032060242130199,0.09074074074074075,429.0,405.0,24.0
18384135,Keventers,5,3.1,3.3280098287093978,0.9074074074074074,4106.0,3436.0,670.0
18337772,Street Foods by Punjab Grill,17,3.2,3.312311071974356,0.7424242424242424,3596.0,4157.0,-561.0
18316173,Subway,25,3.1,3.2663855506798307,0.6621621621621622,4106.0,5126.0,-1020.0
18336491,Wow! Momo,8,3.1,3.3160093114089033,0.8596491228070176,4106.0,4009.0,97.0
18306524,Biryani Blues,22,3.6,3.4283455035254575,0.6901408450704225,1785.0,2452.0,-667.0
18279456,Eat Me,33,2.7,3.0891772042720422,0.5975609756097561,5776.0,5963.0,-187.0
304475,EDC Mania,39,3.3,3.3285514857989487,0.5568181818181818,3125.0,3425.0,-300.0
311971,Elegant China X-Press,9,3.1,3.312285012936336,0.8448275862068966,4106.0,4179.0,-73.0
1918,Gopala,28,3.3,3.332630269484513,0.6363636363636364,3125.0,3328.0,-203.0
3467,Green Chick Chop,30,3.1,3.255854819624145,0.620253164556962,4106.0,5252.0,-1146.0
18265698,Hangchuaa's Chinese Food Corner,5,2.7,3.2909727916723606,0.9074074074074074,5776.0,4773.0,1003.0
7457,Madhuvan Chinese Fast Food,52,2.7,3.0159656509931434,0.48514851485148514,5776.0,6099.0,-323.0
18175274,Momos House,5,2.9,3.309491310190879,0.9074074074074074,5082.0,4258.0,824.0
3469,Punjab Restaurant,46,3.2,3.278026639476921,0.5157894736842106,3596.0,4972.0,-1376.0
2605,Rhythm Restro-Bar,42,3.0,3.1891486895638184,0.5384615384615384,4617.0,5667.0,-1050.0
4640,Say Cheese,128,2.7,2.880296783900042,0.2768361581920904,5776.0,6285.0,-509.0
928,Sona Restaurant,30,3.2,3.293829503168449,0.620253164556962,3596.0,4698.0,-1102.0
312756,Uraki,8,2.7,3.25986896053171,0.8596491228070176,5776.0,5200.0,576.0
309505,Wah Ji Wah,25,3.0,3.232601766896047,0.6621621621621622,4617.0,5422.0,-805.0
9890,Annapurna Sweets,109,3.9,3.7298261439892877,0.310126582278481,807.0,1078.0,-271.0
954,Karnataka,334,3.7,3.6553851977814813,0.1279373368146214,1422.0,1346.0,76.0
310063,Ali Baba Caves,15,3.1,3.2923832929735544,0.765625,4106.0,4713.0,-607.0
312214,Cafí© Doo Ghoont,50,3.4,3.3758841489930047,0.494949494949495,2648.0,2895.0,-247.0
309641,Knights Chaska,6,2.9,3.3020460136419545,0.8909090909090909,5082.0,4458.0,624.0
306688,Thirsty Scholar Cafe,45,3.2,3.2788567101096535,0.5212765957446809,3596.0,4961.0,-1365.0
312573,JSB Evergreen Snack & Sweets,47,3.1,3.2282555286490364,0.5104166666666666,4106.0,5477.0,-1371.0
7983,221 B Baker Street,94,3.5,3.4490386765755767,0.34265734265734266,2195.0,2327.0,-132.0
302541,Kapoors Balle Balle,331,3.7,3.655032975658704,0.12894736842105264,1422.0,1347.0,75.0
7992,Lakshmi Coffee House,603,3.8,3.766276887653846,0.07515337423312883,1087.0,959.0,128.0
3695,Geoffrey's,579,3.0,3.0274084884559036,0.07802547770700637,4617.0,6083.0,-1466.0
4473,Haldiram's,169,3.5,3.466571241973887,0.22477064220183487,2195.0,2202.0,-7.0
3250,Maamouchee @ My Way,278,3.5,3.477714161315925,0.14984709480122324,2195.0,2114.0,81.0
718,Americana Kitchen and Bar,221,2.4,2.5726390027789163,0.1814814814814815,6325.0,6471.0,-146.0
18272361,Punjabi By Nature Quickie,120,3.4,3.3858729630195707,0.28994082840236685,2648.0,2738.0,-90.0
18372695,United Coffee House Rewind,215,3.4,3.3909565558723767,0.1856060606060606,2648.0,2674.0,-26.0
18265411,Wow! Momo,212,2.7,2.822270232759799,0.18773946360153257,5776.0,6339.0,-563.0
18303706,Oh So Stoned!,324,4.5,4.3490952567032375,0.13136729222520108,79.0,108.0,-29.0
18268698,The Big Chill Cakery,147,4.5,4.2128190344403444,0.25,79.0,197.0,-118.0
18264244,Barista,23,3.5,3.398785149309826,0.6805555555555556,2195.0,2592.0,-397.0
18277171,Big Wong XL,199,3.9,3.791582785283498,0.1975806451612903,807.0,873.0,-66.0
18265419,Carl's Jr.,458,3.8,3.7566322105528744,0.09664694280078895,1087.0,999.0,88.0
18233616,Chaayos,124,3.9,3.7445811026029334,0.2832369942196532,807.0,1032.0,-225.0
18366022,Chi Asian Cookhouse,173,3.9,3.778885273650033,0.22072072072072071,807.0,913.0,-106.0
18273551,Costa Coffee,64,3.7,3.548783457967323,0.4336283185840708,1422.0,1767.0,-345.0
18272346,Dunkin' Donuts,86,3.7,3.5734261537059813,0.362962962962963,1422.0,1647.0,-225.0
18268925,Instapizza,214,3.7,3.6350286340315874,0.18631178707224336,1422.0,1423.0,-1.0
18272379,Keventers,169,3.8,3.6991400493133364,0.22477064220183487,1087.0,1173.0,-86.0
18272355,Pirates of Grill,749,3.9,3.8663064295116634,0.06140350877192982,807.0,704.0,103.0
18268722,Pizza Hut,173,3.9,3.778885273650033,0.22072072072072071,807.0,913.0,-106.0
18273556,PizzaExpress,366,3.9,3.83521091747062,0.1180722891566265,807.0,790.0,17.0
18272367,RollsKing,232,3.9,3.8043150560509162,0.17437722419928825,807.0,851.0,-44.0
18258775,Taco Bell,397,3.6,3.5726738357630214,0.10986547085201794,1785.0,1649.0,136.0
18449092,The Frozen Factory,22,3.7,3.4593314190184152,0.6901408450704225,1422.0,2255.0,-833.0
18461590,Theos,13,3.5,3.3824601733920563,0.7903225806451613,2195.0,2786.0,-591.0
18254530,Wendy's,518,3.7,3.6698633699299963,0.08641975308641975,1422.0,1279.0,143.0
18336212,Zizo,67,3.8,3.610452851295754,0.4224137931034483,1087.0,1513.0,-426.0
18268727,Cafe Delhi Heights,567,4.1,4.0404424200492,0.07954545454545454,429.0,393.0,36.0
18268712,Chili's Grill & Bar,750,4.1,4.054083267522286,0.06132665832290363,429.0,366.0,63.0
18272353,Made In Punjab,322,4.1,4.0011119427232,0.1320754716981132,429.0,440.0,-11.0
18261140,Mamagoto,428,4.3,4.202541993187227,0.10272536687631027,190.0,202.0,-12.0
18272357,Movenpick,91,4.0,3.772946648216482,0.35,614.0,933.0,-319.0
18303688,Smaaash,121,4.0,3.8130148867665143,0.28823529411764703,614.0,837.0,-223.0
18268716,SodaBottleOpenerWala,617,4.0,3.9522710671926538,0.07357357357357357,614.0,527.0,87.0
18264533,The Bento Cafe,316,4.2,4.086061728083034,0.13424657534246576,289.0,307.0,-18.0
2799,Earthen Oven - Fortune Inn Grazia,67,3.4,3.3794183685371335,0.4224137931034483,2648.0,2841.0,-193.0
2655,Fortune Deli -  Fortune Inn Grazia,27,3.2,3.297533299346151,0.6447368421052632,3596.0,4607.0,-1011.0
301392,Cafe Pipa,96,3.4,3.3835346948297063,0.33793103448275863,2648.0,2774.0,-126.0
302727,Cook Du Kdu,112,3.1,3.176475346275202,0.30434782608695654,4106.0,5712.0,-1606.0
311698,Green Chick Chop,12,2.6,3.2034841106607788,0.8032786885245902,6026.0,5595.0,431.0
307297,New Vishal's Kitchen,24,2.5,3.07140453082613,0.6712328767123288,6216.0,6000.0,216.0
3154,Samarkand,129,3.3,3.314115341293862,0.2752808988764045,3125.0,4071.0,-946.0
18357543,Mirchievous,44,3.9,3.6108874274226612,0.5268817204301075,807.0,1508.0,-701.0
3155,Pearls Regency,330,3.7,3.654914329156484,0.12928759894459102,1422.0,1349.0,73.0
18421057,Imperfecto,299,3.4,3.393139456179045,0.14080459770114942,2648.0,2638.0,10.0
18233620,Chaayos,46,3.6,3.4717108500032365,0.5157894736842106,1785.0,2158.0,-373.0
300605,Dunkin' Donuts,481,3.7,3.6677594919817125,0.09245283018867924,1422.0,1292.0,130.0
18279442,The Smoke Factory,240,3.8,3.723918791523555,0.1695501730103806,1087.0,1095.0,-8.0
18279455,Turquoise Cottage - TC Original 1997,240,3.8,3.723918791523555,0.1695501730103806,1087.0,1095.0,-8.0
18419893,Laat Saab,111,4.1,3.8707033171894216,0.30625,429.0,691.0,-262.0
18289074,Starbucks,59,4.0,3.7056715810213654,0.4537037037037037,614.0,1154.0,-540.0
311614,Aim Cafe And Restaurant,19,3.3,3.3369489816221685,0.7205882352941176,3125.0,3236.0,-111.0
18429395,Al-Swad,6,2.5,3.2584096500055906,0.8909090909090909,6216.0,5211.0,1005.0
3735,Anands,36,2.6,3.033088597062441,0.5764705882352941,6026.0,6068.0,-42.0
9731,Bansiwala Restaurant,4,2.5,3.287028882081273,0.9245283018867925,6216.0,4831.0,1385.0
302132,Cafe Coffee Day,24,2.8,3.170034667812431,0.6712328767123288,5462.0,5740.0,-278.0
18258162,Food Tamasha & Co.,24,3.2,3.3015415171274998,0.6712328767123288,3596.0,4544.0,-948.0
302144,Grand Heritage Resort,17,3.1,3.28655349621678,0.7424242424242424,4106.0,4849.0,-743.0
4471,Green Chick Chop,20,3.2,3.307427981888514,0.7101449275362319,3596.0,4354.0,-758.0
18253392,Kafe Republic,37,3.1,3.2431689622128776,0.5697674418604651,4106.0,5348.0,-1242.0
310790,Kar C Lounge & Restaurant,16,2.8,3.2155773961585763,0.7538461538461538,5462.0,5534.0,-72.0
8152,Kolkata Roll Point,9,2.8,3.2657332887984047,0.8448275862068966,5462.0,5138.0,324.0
313035,Royal Awadh,9,3.0,3.2967677715570254,0.8448275862068966,4617.0,4614.0,3.0
301509,Royal Rasoi,21,2.8,3.1858932964329636,0.7,5462.0,5678.0,-216.0
312275,Royale Bakers,18,2.8,3.203172100750858,0.7313432835820896,5462.0,5601.0,-139.0
302127,Sahi Darbar,12,2.6,3.2034841106607788,0.8032786885245902,6026.0,5595.0,431.0
18322604,Taco Street,4,2.9,3.317217561326556,0.9245283018867925,5082.0,3922.0,1160.0
18433889,The Noodle Co,8,3.1,3.3160093114089033,0.8596491228070176,4106.0,4009.0,97.0
18232121,Veg Always,25,2.7,3.1312504155446956,0.6621621621621622,5776.0,5871.0,-95.0
307628,Yu Turn,43,2.9,3.140353595112038,0.532608695652174,5082.0,5846.0,-764.0
18281980,Zaika,10,2.5,3.206992046615381,0.8305084745762712,6216.0,5579.0,637.0
8151,Zaika,50,2.8,3.0728538459627015,0.494949494949495,5462.0,5996.0,-534.0
302139,Domino's Pizza,56,3.5,3.430595530955309,0.4666666666666667,2195.0,2439.0,-244.0
18377927,Night Food Service,80,3.8,3.6295545019403677,0.3798449612403101,1087.0,1439.0,-352.0
313120,Uncle's Patty,28,3.5,3.405357542211785,0.6363636363636364,2195.0,2556.0,-361.0
18128857,Desi Galli,55,2.9,3.1126204879837256,0.47115384615384615,5082.0,5906.0,-824.0
18279435,Mr. Flavour,10,2.7,3.2408903517001266,0.8305084745762712,5776.0,5369.0,407.0
18281983,Wah Ji Wah,16,3.1,3.2894235500047304,0.7538461538461538,4106.0,4784.0,-678.0
301402,Indian Diners,7,3.0,3.307366620541205,0.875,4617.0,4362.0,255.0
2342,Gravity,192,2.6,2.7527490902502385,0.2033195020746888,6026.0,6397.0,-371.0
309088,Kolkata Biryani House,109,2.8,2.970965384495617,0.310126582278481,5462.0,6178.0,-716.0
18334423,Rotees n More,49,3.2,3.275638068880689,0.5,3596.0,4996.0,-1400.0
439,Saleem's Takeaway,44,2.6,2.995833663981801,0.5268817204301075,6026.0,6126.0,-100.0
18431970,Sikandrabadi Biryani,29,3.4,3.3693914198757366,0.6282051282051282,2648.0,3003.0,-355.0
307718,Wok N Spice,21,3.1,3.275893296432964,0.7,4106.0,4986.0,-880.0
5685,Zaika Hindustani,33,2.7,3.0891772042720422,0.5975609756097561,5776.0,5963.0,-187.0
312243,Chanda Food,97,3.6,3.5165241832212843,0.3356164383561644,1785.0,1919.0,-134.0
18428614,Chhote Nawab,24,3.5,3.400171654113801,0.6712328767123288,2195.0,2585.0,-390.0
18424869,Delish BBQ,40,3.9,3.597893603936039,0.550561797752809,807.0,1547.0,-740.0
307232,Goli Vada Pav No. 1,280,3.6,3.562956020517652,0.14893617021276595,1785.0,1710.0,75.0
300907,Happy Hakka,582,3.6,3.5806854687009633,0.07765451664025357,1785.0,1604.0,181.0
8422,Baker's Studio - Jaypee Greens,29,3.4,3.3693914198757366,0.6282051282051282,2648.0,3003.0,-355.0
8344,Matrix - Jaypee Greens,20,3.2,3.307427981888514,0.7101449275362319,3596.0,4354.0,-758.0
8441,Tea Lounge - Jaypee Greens,14,2.9,3.2509925515921823,0.7777777777777778,5082.0,5276.0,-194.0
8351,Paatra - Jaypee Greens,79,3.5,3.443066646486777,0.3828125,2195.0,2367.0,-172.0
4505,Cooks Cafe - Jaypee Greens,29,3.3,3.33221193269625,0.6282051282051282,3125.0,3357.0,-232.0
18371434,Burger King,14,3.3,3.339881440481071,0.7777777777777778,3125.0,3180.0,-55.0
18425747,Cafe Pitacos,18,3.0,3.25690344403444,0.7313432835820896,4617.0,5237.0,-620.0
18371402,Cinnabon & Auntie Anne's,6,3.1,3.323864195460136,0.8909090909090909,4106.0,3626.0,480.0
18383509,Cocoberry,16,3.4,3.3632697038508845,0.7538461538461538,2648.0,3105.0,-457.0
18446433,Hakka Haus,6,3.2,3.334773286369227,0.8909090909090909,3596.0,3280.0,316.0
18349905,Kebab Xpress,7,2.9,3.2948666205412054,0.875,5082.0,4662.0,420.0
18352249,KFC,15,2.5,3.1517582929735544,0.765625,6216.0,5807.0,409.0
18383479,Mad Over Donuts,13,3.2,3.3195569475856046,0.7903225806451613,3596.0,3802.0,-206.0
18383470,Ni Hao,10,3.0,3.2917378093272456,0.8305084745762712,4617.0,4730.0,-113.0
18383460,Pizza Hut,7,2.6,3.257366620541205,0.875,6026.0,5233.0,793.0
18440424,Subway,5,2.6,3.2817135324131015,0.9074074074074074,6026.0,4925.0,1101.0
18383477,Time To Tea,5,2.8,3.30023205093162,0.9074074074074074,5462.0,4556.0,906.0
18383466,Vaango!,6,2.8,3.291136922732863,0.8909090909090909,5462.0,4762.0,700.0
18396179,Biryani Blues,18,3.5,3.391231802243395,0.7313432835820896,2195.0,2663.0,-468.0
18466951,Jungle Jamboree,46,3.8,3.5685529552663944,0.5157894736842106,1087.0,1675.0,-588.0
18337905,Keventers,34,3.5,3.4121991656663546,0.5903614457831325,2195.0,2525.0,-330.0
18361221,Pita Pit,20,3.6,3.4233700108740215,0.7101449275362319,1785.0,2469.0,-684.0
18383490,Chicago Pizza,8,2.3,3.2037286096545174,0.8596491228070176,6408.0,5594.0,814.0
18273632,Mr. Sub,27,2.3,2.977796457240888,0.6447368421052632,6408.0,6161.0,247.0
3226,Flluid - Mosaic Hotels,135,3.2,3.2402854932081926,0.266304347826087,3596.0,5375.0,-1779.0
4627,Latitude - Mosaic Hotels,61,3.3,3.322841188639159,0.44545454545454544,3125.0,3686.0,-561.0
312278,Baker's Zone,9,2.9,3.281250530177715,0.8448275862068966,5082.0,4929.0,153.0
18364351,Chakna,5,2.7,3.2909727916723606,0.9074074074074074,5776.0,4773.0,1003.0
18373737,Get Set Go,5,3.1,3.3280098287093978,0.9074074074074074,4106.0,3436.0,670.0
18124366,Sip & Snacks,6,3.2,3.334773286369227,0.8909090909090909,3596.0,3280.0,316.0
18254400,The Anna,19,2.8,3.1972430992692273,0.7205882352941176,5462.0,5626.0,-164.0
309545,Kathi Junction,83,3.5,3.4447918996235414,0.3712121212121212,2195.0,2353.0,-158.0
6033,Cakewalk - Park Plaza,25,3.4,3.367736902031182,0.6621621621621622,2648.0,3022.0,-374.0
6036,New Town Lounge - Park Plaza,32,3.2,3.291512725312438,0.6049382716049383,3596.0,4756.0,-1160.0
1669,New Town Cafe - Park Plaza,228,4.1,3.967554262636489,0.17689530685920576,429.0,498.0,-69.0
3924,S-18 - Radisson Blu,218,3.5,3.472706107679054,0.18352059925093633,2195.0,2143.0,52.0
304496,Chip Chap Shahi Corner,12,2.9,3.262500504103401,0.8032786885245902,5082.0,5178.0,-96.0
308670,Mother's Kitchen,6,2.9,3.3020460136419545,0.8909090909090909,5082.0,4458.0,624.0
18273622,TBH äóñ To Be Healthy,76,4.0,3.7457002460024595,0.392,614.0,1029.0,-415.0
5742,Mehfill,90,2.7,2.929586552160486,0.35251798561151076,5776.0,6237.0,-461.0
311186,Punjabi Pakwaan,34,3.3,3.3302714548229817,0.5903614457831325,3125.0,3389.0,-264.0
2331,Santushti,70,2.6,2.9093489979017435,0.4117647058823529,6026.0,6260.0,-234.0
2329,Uncle's,190,3.4,3.3900105889134204,0.20502092050209206,2648.0,2684.0,-36.0
18382363,Cafe Limelight,38,3.7,3.5035923074747983,0.5632183908045977,1422.0,1975.0,-553.0
18243997,Alley's Urbane Cafe,33,3.2,3.290396716467164,0.5975609756097561,3596.0,4779.0,-1183.0
18268352,Backstreet Kitchen,33,3.4,3.3708845213452134,0.5975609756097561,2648.0,2976.0,-328.0
18463699,Berco's,9,3.1,3.312285012936336,0.8448275862068966,4106.0,4179.0,-73.0
18376508,Breaktym,11,2.6,3.213542179171791,0.8166666666666667,6026.0,5553.0,473.0
18146402,Chawla's 2,12,2.5,3.1838119795132376,0.8032786885245902,6216.0,5686.0,530.0
18216904,Chicken Kraft,4,2.9,3.317217561326556,0.9245283018867925,5082.0,3922.0,1160.0
5634,Chinese By Nature,19,2.9,3.225184275739816,0.7205882352941176,5082.0,5489.0,-407.0
4541,DV's Chinese Kitchen,10,2.8,3.2578395042424995,0.8305084745762712,5462.0,5222.0,240.0
8226,Evergreen Sweets,16,2.6,3.1663466269278073,0.7538461538461538,6026.0,5756.0,270.0
18254527,Green Chick Chop,7,2.9,3.2948666205412054,0.875,5082.0,4662.0,420.0
18409725,Hyderabad Delights,13,3.3,3.3405246895210885,0.7903225806451613,3125.0,3164.0,-39.0
310208,Kabab And Tadka,36,2.5,2.9907356558859703,0.5764705882352941,6216.0,6135.0,81.0
8228,Kanha Bhog,26,2.6,3.090833743337433,0.6533333333333333,6026.0,5955.0,71.0
8236,Mezbaan Jaika Restaurant,18,2.7,3.176306429109067,0.7313432835820896,5776.0,5714.0,62.0
18415343,Pind Balluchi,26,2.6,3.090833743337433,0.6533333333333333,6026.0,5955.0,71.0
18133476,Red Capsicum,25,2.6,3.097466631760912,0.6621621621621622,6026.0,5942.0,84.0
18381224,Singh Foods,7,3.2,3.332366620541205,0.875,3596.0,3334.0,262.0
18440751,Sparrows At Home Bakery & Cafe,13,3.3,3.3405246895210885,0.7903225806451613,3125.0,3164.0,-39.0
306560,The New Koyla Kitchen,36,2.7,3.0754415382389118,0.5764705882352941,5776.0,5991.0,-215.0
18371428,Theyö_ö«ó,13,3.4,3.361492431456572,0.7903225806451613,2648.0,3116.0,-468.0
18372251,Your Spicy Kitchen,8,3.1,3.3160093114089033,0.8596491228070176,4106.0,4009.0,97.0
312369,Yumm Biryani,27,3.2,3.297533299346151,0.6447368421052632,3596.0,4607.0,-1011.0
307014,Aureo Dine & Bake House,367,3.5,3.4824820450728544,0.11778846153846154,2195.0,2083.0,112.0
18332064,Being Truckers,99,3.8,3.651436018583159,0.3310810810810811,1087.0,1356.0,-269.0
18216939,China Leaf,115,3.7,3.595808114331143,0.29878048780487804,1422.0,1556.0,-134.0
18378014,Mera Vala Dabba,18,3.6,3.418097473885186,0.7313432835820896,1785.0,2498.0,-713.0
18157400,Moti Mahal Delux- Legendary Culinary,72,3.6,3.499277113638905,0.4049586776859504,1785.0,1989.0,-204.0
18057810,Noshh,56,3.6,3.4839288642886426,0.4666666666666667,1785.0,2072.0,-287.0
18252385,Tadqa Tandoor Express,108,3.6,3.5223728073267995,0.31210191082802546,1785.0,1886.0,-101.0
18421504,The Kebab Company,21,3.5,3.395893296432964,0.7,2195.0,2607.0,-412.0
4480,Domino's Pizza,84,2.1,2.560996471806823,0.3684210526315789,6480.0,6473.0,7.0
3764,Kamboj's,76,2.4,2.77290024600246,0.392,6325.0,6382.0,-57.0
304636,Pizza Hut Delivery,94,2.3,2.660227487764388,0.34265734265734266,6408.0,6443.0,-35.0
307340,Subway,51,2.4,2.866125307503075,0.49,6325.0,6299.0,26.0
8237,The Cake Expert's,63,2.4,2.8161833102706026,0.4375,6325.0,6346.0,-21.0
18268724,The Saffron Boutique,175,4.0,3.858091655135301,0.21875,614.0,725.0,-111.0
312463,Aggarwal Kachori Wale,9,3.0,3.2967677715570254,0.8448275862068966,4617.0,4614.0,3.0
309318,Bakes & Cakes,5,3.0,3.3187505694501387,0.9074074074074074,4617.0,3823.0,794.0
302518,Burger's Kitchen,31,2.8,3.1376566343788435,0.6125,5462.0,5853.0,-391.0
8072,Jhatpat Khana,7,3.0,3.307366620541205,0.875,4617.0,4362.0,255.0
5755,Mahi Rasoi,34,2.6,3.0435244668711747,0.5903614457831325,6026.0,6052.0,-26.0
18486840,Night Safari Cafe,4,3.0,3.324764731137877,0.9245283018867925,4617.0,3529.0,1088.0
8074,Saheb's Restaurant,26,2.7,3.1255004100041,0.6533333333333333,5776.0,5883.0,-107.0
307888,Scrummy Bites,30,3.1,3.255854819624145,0.620253164556962,4106.0,5252.0,-1146.0
834,Berco's,1182,3.7,3.686119033915766,0.039805036555645816,1422.0,1216.0,206.0
8061,Aggarwal Sweet Shop,15,2.3,3.1048832929735544,0.765625,6408.0,5925.0,483.0
308623,Hungry - I,26,2.6,3.090833743337433,0.6533333333333333,6026.0,5955.0,71.0
311013,Oh Buoy,55,3.4,3.3770435649068022,0.47115384615384615,2648.0,2879.0,-231.0
18368015,Caffeinated,64,3.9,3.662057794250509,0.4336283185840708,807.0,1320.0,-513.0
18273942,Sam and Scrooge,132,3.9,3.751450446134295,0.27071823204419887,807.0,1013.0,-206.0
18034079,Tpot,20,3.6,3.4233700108740215,0.7101449275362319,1785.0,2469.0,-684.0
18340903,Aroma,4,3.0,3.324764731137877,0.9245283018867925,4617.0,3529.0,1088.0
18275760,Bawarchi,5,2.9,3.309491310190879,0.9074074074074074,5082.0,4258.0,824.0
18357548,Book Food Kitchen,19,3.1,3.2810666286809926,0.7205882352941176,4106.0,4944.0,-838.0
18381249,Breaktym,6,2.5,3.2584096500055906,0.8909090909090909,6216.0,5211.0,1005.0
18307266,Chaska By Taste,4,2.9,3.317217561326556,0.9245283018867925,5082.0,3922.0,1160.0
18112492,Domino's Pizza,27,2.5,3.048849088819835,0.6447368421052632,6216.0,6042.0,174.0
18445768,Grill King,4,3.0,3.324764731137877,0.9245283018867925,4617.0,3529.0,1088.0
18393840,Moti Mahal Deluxe Advant,7,2.8,3.2823666205412048,0.875,5462.0,4890.0,572.0
18276998,Rolling Beans,9,2.8,3.2657332887984047,0.8448275862068966,5462.0,5138.0,324.0
300988,RollsKing,19,3.2,3.3090078051515808,0.7205882352941176,3596.0,4307.0,-711.0
18292443,SnacksWale.com,8,2.8,3.2739040482510084,0.8596491228070176,5462.0,5033.0,429.0
18204456,Subway,13,2.6,3.1937504959727017,0.7903225806451613,6026.0,5641.0,385.0
18138418,Super Cake Shop,6,2.9,3.3020460136419545,0.8909090909090909,5082.0,4458.0,624.0
18372688,DIOS The Neighbourhood Bistro,108,4.2,3.935111660829984,0.31210191082802546,289.0,556.0,-267.0
18146472,Cake n Flower,7,2.9,3.2948666205412054,0.875,5082.0,4662.0,420.0
3145,Dilli 6,84,2.8,3.003101734964718,0.3684210526315789,5462.0,6120.0,-658.0
312175,Food Bell,6,2.8,3.291136922732863,0.8909090909090909,5462.0,4762.0,700.0
3143,Kalpana Hotel,4,2.9,3.317217561326556,0.9245283018867925,5082.0,3922.0,1160.0
4518,Sagar Dhaba,27,3.1,3.2620069835566774,0.6447368421052632,4106.0,5183.0,-1077.0
304510,Shree Balaji Shudh Vaishno Hotel,5,2.9,3.309491310190879,0.9074074074074074,5082.0,4258.0,824.0
310875,Shree Rathnam,57,3.3,3.3237031202859195,0.46226415094339623,3125.0,3649.0,-524.0
309317,Simran's Cake Studio,23,3.4,3.366840704865382,0.6805555555555556,2648.0,3037.0,-389.0
311085,Sweet Cake,10,3.0,3.2917378093272456,0.8305084745762712,4617.0,4730.0,-113.0
300914,The Cake Xpress,43,3.0,3.18709272554682,0.532608695652174,4617.0,5674.0,-1057.0
8115,The Chef,8,2.7,3.25986896053171,0.8596491228070176,5776.0,5200.0,576.0
18455665,The Flying Pan,12,3.2,3.3215168975460245,0.8032786885245902,3596.0,3704.0,-108.0
18146390,Wrapster,48,3.2,3.276417842786675,0.5051546391752577,3596.0,4982.0,-1386.0
18435298,Getafix Petit,14,3.5,3.3843258849255156,0.7777777777777778,2195.0,2758.0,-563.0
301415,Lawn Bistro,328,3.6,3.5676724953589054,0.129973474801061,1785.0,1679.0,106.0
4882,Barista,22,2.9,3.211444095074753,0.6901408450704225,5082.0,5562.0,-480.0
309535,Divine Curries,31,3.0,3.215156634378843,0.6125,4617.0,5544.0,-927.0
18415359,Moon Bite,13,3.3,3.3405246895210885,0.7903225806451613,3125.0,3164.0,-39.0
308451,Subway,55,3.4,3.3770435649068022,0.47115384615384615,2648.0,2879.0,-231.0
18156287,Hurry's Paratha,45,3.5,3.4224737313862494,0.5212765957446809,2195.0,2476.0,-281.0
399,McDonald's,135,3.7,3.607133319295149,0.266304347826087,1422.0,1523.0,-101.0
303371,Barbeque Nation,1670,4.3,4.272956678737817,0.028504944735311226,190.0,151.0,39.0
302558,Aggarwal,61,3.3,3.322841188639159,0.44545454545454544,3125.0,3686.0,-561.0
1698,Anchor Bar & Kitchen,106,2.5,2.7691131016148867,0.3161290322580645,6216.0,6387.0,-171.0
9252,Basil Tree,431,3.4,3.395026105729807,0.10208333333333333,2648.0,2624.0,24.0
1323,Bon Bon Pastry Shop,213,3.1,3.146994392176746,0.18702290076335878,4106.0,5822.0,-1716.0
1735,BSGulati's Punjabi Swad,357,2.5,2.602740223522925,0.1206896551724138,6216.0,6464.0,-248.0
5677,Cafe-18,103,2.5,2.7744245444099174,0.3223684210526316,6216.0,6381.0,-165.0
300953,Chandni Chowk Ke Mashhoor Paranthe,30,2.8,3.141930768991234,0.620253164556962,5462.0,5839.0,-377.0
4721,Cheenos,521,2.6,2.6645833872812412,0.08596491228070176,6026.0,6439.0,-413.0
18261722,Gola Sizzlers,198,3.3,3.3101721892724996,0.19838056680161945,3125.0,4242.0,-1117.0
18346730,Hira Sweets,36,3.3,3.3295591852977346,0.5764705882352941,3125.0,3415.0,-290.0
461,Karim's,446,3.3,3.3050758196975907,0.09898989898989899,3125.0,4427.0,-1302.0
937,KFC,608,2.7,2.7485731061648515,0.0745814307458143,5776.0,6401.0,-625.0
307720,Khan's Kathi Rolls,76,3.2,3.25930024600246,0.392,3596.0,5210.0,-1614.0
591,Nathu's Sweets,211,2.5,2.6604328105781057,0.18846153846153846,6216.0,6442.0,-226.0
18371433,Nawabi Mughlai Zaika,19,3.3,3.3369489816221685,0.7205882352941176,3125.0,3236.0,-111.0
18287364,Nite Bites,68,3.4,3.379594279917158,0.4188034188034188,2648.0,2838.0,-190.0
7913,Nizam's Kathi Kabab,139,3.0,3.091556014629295,0.26063829787234044,4617.0,5954.0,-1337.0
18180086,NSD Resto Bar & Kitchen,19,2.6,3.141360746328051,0.7205882352941176,6026.0,5844.0,182.0
5678,PS Wah Bhai Wah,89,2.6,2.8667574692051265,0.35507246376811596,6026.0,6298.0,-272.0
427,Sagar Ratna,277,3.2,3.2227378243874463,0.15030674846625766,3596.0,5503.0,-1907.0
18292482,Sbarro,97,3.3,3.3172091147281333,0.3356164383561644,3125.0,4003.0,-878.0
18446481,Swag & Swad,19,3.4,3.364890158092757,0.7205882352941176,2648.0,3076.0,-428.0
310694,The Fizz,80,3.2,3.257461478684554,0.3798449612403101,3596.0,5231.0,-1635.0
18252573,The Kitchen,47,3.2,3.2772138619823696,0.5104166666666666,3596.0,4980.0,-1384.0
303269,Twenty Four Seven,45,3.4,3.3746013909607178,0.5212765957446809,2648.0,2914.0,-266.0
5854,Vinny's Restro Bar,37,3.2,3.286192218026831,0.5697674418604651,3596.0,4860.0,-1264.0
18349895,Walk In The Woods,203,3.0,3.068303693453601,0.19444444444444445,4617.0,6005.0,-1388.0
4160,Xiian,286,3.4,3.392873226120321,0.14626865671641792,2648.0,2641.0,7.0
301514,Zest Bar and Lounge,223,3.4,3.3912225395231888,0.1801470588235294,2648.0,2669.0,-21.0
310417,Angels in my Kitchen,205,3.9,3.794143821851604,0.19291338582677164,807.0,868.0,-61.0
1701,Baby Dragon Bar & Restaurant,326,3.5,3.4805667486674867,0.13066666666666665,2195.0,2099.0,96.0
18208904,Baker Street,40,3.6,3.4630621432618813,0.550561797752809,1785.0,2222.0,-437.0
3306,Bamboo Shoots,515,3.9,3.852327182181396,0.08687943262411348,807.0,740.0,67.0
301005,Bikanervala Bliss,235,3.6,3.5570863758813642,0.17253521126760563,1785.0,1736.0,49.0
307566,Bikanervala,331,3.7,3.655032975658704,0.12894736842105264,1422.0,1347.0,75.0
18216913,Bikkgane Biryani,612,3.8,3.766736052572326,0.07413010590015129,1087.0,957.0,130.0
310399,Burbee's Cafe,833,3.7,3.680626452097855,0.05555555555555555,1422.0,1229.0,193.0
594,Cafe Coffee Day,125,3.6,3.529957073277629,0.28160919540229884,1785.0,1850.0,-65.0
3796,Deez Biryani & Kebabs,430,3.5,3.48478607672298,0.1022964509394572,2195.0,2068.0,127.0
490,Desi Vibes,2019,3.8,3.789367761484675,0.023694390715667313,1087.0,879.0,208.0
18336495,Dhaba at Atta,477,3.8,3.7581987276621813,0.09315589353612168,1087.0,992.0,95.0
18228862,DND,196,3.5,3.470255227552275,0.2,2195.0,2172.0,23.0
384,Domino's Pizza,547,3.6,3.5795512260911204,0.08221476510067115,1785.0,1614.0,171.0
7945,Donald's Pastry Shop,402,3.8,3.7512472965638746,0.10864745011086474,1087.0,1014.0,73.0
2985,Doosri Mehfil,285,3.8,3.7341692537434357,0.1467065868263473,1087.0,1063.0,24.0
18228855,Fit Bites,154,3.8,3.6916873435975734,0.2413793103448276,1087.0,1195.0,-108.0
18289257,Hungry Minister,147,3.5,3.462819034440344,0.25,2195.0,2227.0,-32.0
18380141,Hurry's Paratha,47,3.5,3.4240888619823693,0.5104166666666666,2195.0,2467.0,-272.0
18272377,Imly,204,3.9,3.793725417985405,0.19367588932806323,807.0,869.0,-62.0
18473005,Jambox,30,3.6,3.445728237345664,0.620253164556962,1785.0,2342.0,-557.0
300180,LIT Ultrabar,425,3.6,3.5742880395576107,0.10337552742616034,1785.0,1644.0,141.0
7784,Mainland China,743,3.7,3.6784249125635196,0.06186868686868687,1422.0,1239.0,183.0
396,McDonald's,403,3.9,3.8405144485626272,0.1084070796460177,807.0,775.0,32.0
18014141,Metro Dhaba,418,3.8,3.752917624732992,0.10492505353319058,1087.0,1008.0,79.0
1702,Nazeer Foods,703,3.6,3.5837932589764727,0.06515957446808511,1785.0,1594.0,191.0
18198836,Our Story Bistro & Tea Room,320,3.9,3.82713422967563,0.13279132791327913,807.0,802.0,5.0
309111,Paddy's Cafe,302,3.7,3.6513177514253776,0.1396011396011396,1422.0,1359.0,63.0
309098,Popular Cakery,250,3.9,3.810075353679958,0.16387959866220736,807.0,843.0,-36.0
166,Punjabi By Nature,770,3.7,3.6791361791823047,0.05982905982905983,1422.0,1236.0,186.0
18434638,Sadda Adda,22,3.5,3.3973595880325,0.6901408450704225,2195.0,2599.0,-404.0
1070,Subway,268,3.8,3.7306388982659544,0.15457413249211358,1087.0,1076.0,11.0
450,Swagath,415,3.6,3.573733902479111,0.10560344827586207,1785.0,1645.0,140.0
18175334,TFK - The Flaming Kick,214,3.5,3.472290991446036,0.18631178707224336,2195.0,2150.0,45.0
4248,The Great Kabab Factory,540,3.5,3.4876273866728478,0.0831918505942275,2195.0,2046.0,149.0
18237334,The Patiala Kkitchen,332,3.6,3.5680118917330907,0.12860892388451445,1785.0,1678.0,107.0
300952,The Tandoori Village,247,3.5,3.4753801714537413,0.16554054054054054,2195.0,2129.0,66.0
311649,The Yellow Chilli,222,3.7,3.636946607934714,0.18081180811808117,1422.0,1417.0,5.0
2336,Top Breads,420,3.5,3.484461686034771,0.1044776119402985,2195.0,2071.0,124.0
18273566,Wat-a-Burger!,324,3.6,3.5673258197059186,0.13136729222520108,1785.0,1682.0,103.0
311338,Chawla's 2,81,2.2,2.633942544233135,0.3769230769230769,6454.0,6455.0,-1.0
310609,Himalaya,31,2.3,2.9439066343788434,0.6125,6408.0,6211.0,197.0
307555,Public Cafe,74,2.1,2.5984758597585973,0.3983739837398374,6480.0,6466.0,14.0
4717,RPM - Zanzi Bar,103,2.4,2.7066613865151807,0.3223684210526316,6325.0,6417.0,-92.0
7956,Mad Over Donuts,235,4.2,4.053565249120801,0.17253521126760563,289.0,367.0,-78.0
304612,RollsKing,1055,4.0,3.9712070024912207,0.044384057971014496,614.0,491.0,123.0
304691,Lumbini Food Point,18,2.8,3.203172100750858,0.7313432835820896,5462.0,5601.0,-139.0
309519,Owlcity,165,3.6,3.5430492091135863,0.22897196261682243,1785.0,1791.0,-6.0
18427226,Anand Food Factory,4,2.9,3.317217561326556,0.9245283018867925,5082.0,3922.0,1160.0
387,Nirula's,221,2.5,2.6544908546307684,0.1814814814814815,6216.0,6444.0,-228.0
301420,Snacks India,103,3.6,3.519819281252023,0.3223684210526316,1785.0,1900.0,-115.0
308770,Olive Kitchen,17,2.6,3.1577656174289013,0.7424242424242424,6026.0,5787.0,239.0
18472688,R Cafe,5,3.0,3.3187505694501387,0.9074074074074074,4617.0,3823.0,794.0
308951,New Gee Pee,27,3.3,3.3330596151356247,0.6447368421052632,3125.0,3315.0,-190.0
308563,Uncle's JVCC Restaurant,26,3.0,3.2295004100041,0.6533333333333333,4617.0,5456.0,-839.0
8065,Hari Om Restaurant,10,3.0,3.2917378093272456,0.8305084745762712,4617.0,4730.0,-113.0
18216929,Jain Restaurant,7,3.0,3.307366620541205,0.875,4617.0,4362.0,255.0
18224208,Lajawab Family Restaurant,17,2.5,3.1320080416713254,0.7424242424242424,6216.0,5868.0,348.0
5239,221 B Baker Street,102,3.4,3.384188945366275,0.32450331125827814,2648.0,2766.0,-118.0
18312466,Hunger's Hub,16,3.1,3.2894235500047304,0.7538461538461538,4106.0,4784.0,-678.0
8022,Lajwaab Restaurant,59,2.6,2.940856766206551,0.4537037037037037,6026.0,6218.0,-192.0
8017,Republic of Chicken,37,3.0,3.200145706398924,0.5697674418604651,4617.0,5610.0,-993.0
311375,Super Cake Shop,4,2.5,3.287028882081273,0.9245283018867925,6216.0,4831.0,1385.0
18345461,Wakhra Swaad,112,4.1,3.872127520188245,0.30434782608695654,429.0,684.0,-255.0
311688,27 Grills,159,3.3,3.3120794747610933,0.23557692307692307,3125.0,4216.0,-1091.0
18265723,China Hot Pot,6,3.0,3.3129551045510452,0.8909090909090909,4617.0,4096.0,521.0
7986,Himalaya Momos & Roll,15,2.7,3.1986332929735544,0.765625,5776.0,5613.0,163.0
18244520,Hungry House Pizzas & More,79,3.4,3.381347896486777,0.3828125,2648.0,2805.0,-157.0
5760,Khana Khajana Da Dhaba,5,2.9,3.309491310190879,0.9074074074074074,5082.0,4258.0,824.0
18265705,M.P. Chole Tikki Wala,10,3.0,3.2917378093272456,0.8305084745762712,4617.0,4730.0,-113.0
5761,Maa Vaishno Shudh Bhojnalaya,8,3.1,3.3160093114089033,0.8596491228070176,4106.0,4009.0,97.0
18255160,More Than Cafí©,5,3.0,3.3187505694501387,0.9074074074074074,4617.0,3823.0,794.0
18265709,Public Cafe,13,2.6,3.1937504959727017,0.7903225806451613,6026.0,5641.0,385.0
18236270,Sadda Taste,12,3.1,3.3018447663984833,0.8032786885245902,4106.0,4525.0,-419.0
5757,Sati Restaurant,12,3.2,3.3215168975460245,0.8032786885245902,3596.0,3704.0,-108.0
312237,Super Cake Shop,8,2.8,3.2739040482510084,0.8596491228070176,5462.0,5033.0,429.0
5700,Uncle's Punjabi Rasoi,7,2.9,3.2948666205412054,0.875,5082.0,4662.0,420.0
302575,Yours Deliciously,4,2.9,3.317217561326556,0.9245283018867925,5082.0,3922.0,1160.0
18463961,Captain Curry,19,3.6,3.4207725110339338,0.7205882352941176,1785.0,2483.0,-698.0
18336506,Oh My Scoop!,23,3.5,3.398785149309826,0.6805555555555556,2195.0,2592.0,-397.0
5744,Reena Restaurant,57,3.5,3.43125029009724,0.46226415094339623,2195.0,2432.0,-237.0
395,Pizza Hut Delivery,62,2.3,2.764076853606374,0.44144144144144143,6408.0,6390.0,18.0
307724,Wah Ji Wah,74,2.0,2.5383132581325807,0.3983739837398374,6495.0,6477.0,18.0
1460,Chawla's Chic Inn,58,2.8,3.052453558414088,0.45794392523364486,5462.0,6037.0,-575.0
7991,Grill Point,20,3.2,3.307427981888514,0.7101449275362319,3596.0,4354.0,-758.0
7979,Hari Sweets,14,3.1,3.2954369960366265,0.7777777777777778,4106.0,4638.0,-532.0
18323760,Sultanate of Spice,43,2.9,3.140353595112038,0.532608695652174,5082.0,5846.0,-764.0
307491,Yamu's Panchayat,15,3.2,3.3158207929735544,0.765625,3596.0,4042.0,-446.0
2334,Debon,85,3.5,3.4456159011216974,0.3656716417910448,2195.0,2346.0,-151.0
3153,Hot & Sour,46,3.2,3.278026639476921,0.5157894736842106,3596.0,4972.0,-1376.0
18361198,Open Kitchen,12,3.0,3.282172635250942,0.8032786885245902,4617.0,4914.0,-297.0
309215,Truffle Muffle,37,3.4,3.372238729654738,0.5697674418604651,2648.0,2950.0,-302.0
18219552,Go! Biryani,144,3.5,3.462241091970505,0.2538860103626943,2195.0,2232.0,-37.0
18478962,Tastee Chauka,31,3.7,3.486406634378844,0.6125,1422.0,2054.0,-632.0
18138415,Foodie,8,2.8,3.2739040482510084,0.8596491228070176,5462.0,5033.0,429.0
18429379,Lapaalap,5,3.0,3.3187505694501387,0.9074074074074074,4617.0,3823.0,794.0
3443,Fresh Food Factory,140,3.9,3.7577382579381347,0.25925925925925924,807.0,994.0,-187.0
302535,Caffí© La Poya,164,3.7,3.6197771396728053,0.2300469483568075,1422.0,1476.0,-54.0
18311928,Elixir Health Cafí©,131,3.7,3.605069615279486,0.2722222222222222,1422.0,1527.0,-105.0
18446503,Radhey Foodz,4,3.0,3.324764731137877,0.9245283018867925,4617.0,3529.0,1088.0
18157374,The Kitchen,20,2.7,3.1625004456566304,0.7101449275362319,5776.0,5771.0,5.0
309059,Uncle's Treat,5,3.1,3.3280098287093978,0.9074074074074074,4106.0,3436.0,670.0
18291234,Wow! Momo,32,2.6,3.054475688275401,0.6049382716049383,6026.0,6033.0,-7.0
18458315,KD's Hunger Point,49,3.7,3.525638068880689,0.5,1422.0,1868.0,-446.0
18204467,Govinda's Restaurant,8,3.0,3.301974223689605,0.8596491228070176,4617.0,4498.0,119.0
18306542,Not Just Dilli,15,3.2,3.3158207929735544,0.765625,3596.0,4042.0,-446.0
18337925,RollsKing,22,3.4,3.3663736725395417,0.6901408450704225,2648.0,3046.0,-398.0
9735,Chauhan Vatika,28,2.8,3.150812087666331,0.6363636363636364,5462.0,5811.0,-349.0
18440192,Frozen Stone,4,3.1,3.3323119009491977,0.9245283018867925,4106.0,3343.0,763.0
302501,Kavita's Restaurant,37,2.6,3.0280526831431103,0.5697674418604651,6026.0,6082.0,-56.0
303025,Mudrika Food Factory,20,2.5,3.1045294311638765,0.7101449275362319,6216.0,5926.0,290.0
18424204,Pind Balluchi,7,2.9,3.2948666205412054,0.875,5082.0,4662.0,420.0
18393700,Zaffran- Ikshita's Kitchen,5,3.0,3.3187505694501387,0.9074074074074074,4617.0,3823.0,794.0
18430590,Chaayos,18,3.6,3.418097473885186,0.7313432835820896,1785.0,2498.0,-713.0
18439524,Punjabi Tadka,70,3.7,3.556407821431155,0.4117647058823529,1422.0,1737.0,-315.0
18359322,Heaven's Point,6,3.0,3.3129551045510452,0.8909090909090909,4617.0,4096.0,521.0
457,Kamboj's,239,2.8,2.8937935095496785,0.1701388888888889,5462.0,6276.0,-814.0
18398459,Mexican Pizza,15,3.4,3.3626957929735544,0.765625,2648.0,3111.0,-463.0
18255715,Shahenshah,7,2.9,3.2948666205412054,0.875,5082.0,4662.0,420.0
18427249,Snack Chat,23,3.4,3.366840704865382,0.6805555555555556,2648.0,3037.0,-389.0
18391164,The Amazing Buger's,8,2.9,3.2879391359703063,0.8596491228070176,5082.0,4805.0,277.0
18472655,The Black Box,6,3.1,3.323864195460136,0.8909090909090909,4106.0,3626.0,480.0
18279437,Al Bake,72,3.7,3.55878124587031,0.4049586776859504,1422.0,1728.0,-306.0
18204489,Asian Fun,113,3.8,3.6642748811747374,0.30246913580246915,1087.0,1309.0,-222.0
18275704,Burnout,111,3.6,3.523828317189422,0.30625,1785.0,1880.0,-95.0
18332077,Cafe Fusion,68,3.7,3.553953254276132,0.4188034188034188,1422.0,1744.0,-322.0
18458632,Fit Bites,26,3.7,3.4721670766707664,0.6533333333333333,1422.0,2153.0,-731.0
18391158,Go Krazy,27,3.5,3.404112246714572,0.6447368421052632,2195.0,2561.0,-366.0
18303845,Green Restaurant,47,3.6,3.473047195315703,0.5104166666666666,1785.0,2139.0,-354.0
18352262,Hunger Strike,92,3.7,3.5788122748248763,0.3475177304964539,1422.0,1615.0,-193.0
18427229,The Munchkart Cafe,34,3.8,3.5350907319314158,0.5903614457831325,1087.0,1836.0,-749.0
18345747,Thee Pot,80,3.7,3.567538998064399,0.3798449612403101,1422.0,1681.0,-259.0
18368024,Waffles and Crepes,66,3.9,3.666195919567891,0.4260869565217391,807.0,1298.0,-491.0
309278,Bistro 37,1005,4.3,4.255894241698584,0.046489563567362426,190.0,172.0,18.0
18419879,Desi Swag,96,4.3,3.9793967637952234,0.33793103448275863,190.0,475.0,-285.0
9836,Teasta,632,4.1,4.04612706424421,0.07195301027900147,429.0,382.0,47.0
307407,Appu Ghar Express,63,2.8,3.041183310270602,0.4375,5462.0,6059.0,-597.0
305317,Barista,26,3.0,3.2295004100041,0.6533333333333333,4617.0,5456.0,-839.0
18430593,Burger King,13,3.2,3.3195569475856046,0.7903225806451613,3596.0,3802.0,-206.0
18349929,Keventers,7,3.1,3.319866620541205,0.875,4106.0,3750.0,356.0
18408048,Kenny Rogers Roasters,53,3.7,3.532475791669681,0.4803921568627451,1422.0,1838.0,-416.0
305222,McDonald's,53,3.5,3.42855422304223,0.4803921568627451,2195.0,2449.0,-254.0
8385,Domino's Pizza,70,2.4,2.791701939078214,0.4117647058823529,6325.0,6369.0,-44.0
309799,Mr. Brown,183,4.0,3.862985046337532,0.21120689655172414,614.0,711.0,-97.0
6800,Chef's Bar-Be-Que,69,3.4,3.3797672097483686,0.4152542372881356,2648.0,2832.0,-184.0
18449659,Sen's Sational Xpress Kitchen,7,3.0,3.307366620541205,0.875,4617.0,4362.0,255.0
18438249,Shanghai Dreams,4,3.0,3.324764731137877,0.9245283018867925,4617.0,3529.0,1088.0
18489509,InnerChef,10,3.3,3.342585266954364,0.8305084745762712,3125.0,3134.0,-9.0
18388032,F-all (Food for All),24,3.4,3.3672949417850337,0.6712328767123288,2648.0,3032.0,-384.0
313410,2 Bros Kitchen,364,3.2,3.21794801634457,0.11864406779661017,3596.0,5525.0,-1929.0
311974,Baskin Robbins,12,3.3,3.3411890286935653,0.8032786885245902,3125.0,3150.0,-25.0
5686,Big Bone - The Meat Shop,16,3.1,3.2894235500047304,0.7538461538461538,4106.0,4784.0,-678.0
18396157,Biryani House,9,3.1,3.312285012936336,0.8448275862068966,4106.0,4179.0,-73.0
5681,China Hot,22,2.9,3.211444095074753,0.6901408450704225,5082.0,5562.0,-480.0
307424,City Hut,27,2.5,3.048849088819835,0.6447368421052632,6216.0,6042.0,174.0
8084,Defence Bakery,117,3.4,3.3856176551223345,0.29518072289156627,2648.0,2741.0,-93.0
18412870,Dhabha 27,5,3.2,3.337269087968657,0.9074074074074074,3596.0,3233.0,363.0
18412876,Faasos,10,3.1,3.3086869618696184,0.8305084745762712,4106.0,4318.0,-212.0
306551,Green Chick Chop,25,2.7,3.1312504155446956,0.6621621621621622,5776.0,5871.0,-95.0
8095,JSB Evergreen Cool Point,56,2.9,3.1105955309553095,0.4666666666666667,5082.0,5912.0,-830.0
308648,JSB Evergreen Snack & Sweets,41,3.2,3.2823614527811946,0.5444444444444444,3596.0,4909.0,-1313.0
18352184,Keventers,4,2.9,3.317217561326556,0.9245283018867925,5082.0,3922.0,1160.0
17977758,More Than Cafe,39,3.3,3.3285514857989487,0.5568181818181818,3125.0,3425.0,-300.0
18370702,Mutfi,15,3.3,3.3392582929735544,0.765625,3125.0,3195.0,-70.0
18322612,Nawabi Mughlai Zaika,34,3.2,3.2893075994012952,0.5903614457831325,3596.0,4797.0,-1201.0
18412866,Ovenstory Pizza,26,3.3,3.3335004100040995,0.6533333333333333,3125.0,3304.0,-179.0
18396425,ProFit Kitchen,21,3.4,3.365893296432964,0.7,2648.0,3055.0,-407.0
18287405,Public Cafe,13,2.5,3.1727827540372173,0.7903225806451613,6216.0,5736.0,480.0
18466390,The Chickmunks Express,6,3.0,3.3129551045510452,0.8909090909090909,4617.0,4096.0,521.0
18219556,Time to Tea,66,3.4,3.3792393978287607,0.4260869565217391,2648.0,2846.0,-198.0
311332,Twenty Four Seven,6,3.0,3.3129551045510452,0.8909090909090909,4617.0,4096.0,521.0
18439546,Virundu,10,2.8,3.2578395042424995,0.8305084745762712,5462.0,5222.0,240.0
18441667,Be Bhukkad,43,3.6,3.4675275081555164,0.532608695652174,1785.0,2190.0,-405.0
18363088,Behrouz Biryani,63,3.5,3.434933310270602,0.4375,2195.0,2413.0,-218.0
18454463,Bistro 365,27,3.7,3.4751648782935196,0.6447368421052632,1422.0,2131.0,-709.0
18450749,Engineers Da Dhaba,38,3.6,3.459914146555259,0.5632183908045977,1785.0,2246.0,-461.0
18381230,Hungry Minister,29,3.5,3.4065709070552237,0.6282051282051282,2195.0,2551.0,-356.0
18332051,Kake Da Hotel,63,3.5,3.434933310270602,0.4375,2195.0,2413.0,-218.0
1337,Peshawari Delux Restaurant,52,2.4,2.861510205448589,0.48514851485148514,6325.0,6303.0,22.0
311342,WTF - World's Tastiest Food,5,2.4,3.263195013894583,0.9074074074074074,6325.0,5175.0,1150.0
18438435,Salato Salad Studio,43,4.1,3.701223160329429,0.532608695652174,429.0,1165.0,-736.0
18425976,AB Fast N Food,6,2.7,3.2802278318237725,0.8909090909090909,5776.0,4949.0,827.0
18463984,Cafe 44,4,3.0,3.324764731137877,0.9245283018867925,4617.0,3529.0,1088.0
18370372,Cafe Onion Rings,52,2.9,3.118935948022846,0.48514851485148514,5082.0,5896.0,-814.0
18433903,Club 44,11,3.2,3.3235421791717914,0.8166666666666667,3596.0,3655.0,-59.0
18391172,Indian Curry House,9,3.1,3.312285012936336,0.8448275862068966,4106.0,4179.0,-73.0
310539,Krunchies,19,2.5,3.113419569857463,0.7205882352941176,6216.0,5903.0,313.0
18383527,Platefull,18,3.4,3.364366130601604,0.7313432835820896,2648.0,3086.0,-438.0
310695,Sanghai Food,15,2.9,3.2455082929735544,0.765625,5082.0,5334.0,-252.0
308763,Shadev Saini Dhaba,7,3.0,3.307366620541205,0.875,4617.0,4362.0,255.0
309135,Wasim Biryani Center,8,2.8,3.2739040482510084,0.8596491228070176,5462.0,5033.0,429.0
3740,Hungry - I,431,3.7,3.6644011057298074,0.10208333333333333,1422.0,1307.0,115.0
18400723,Smoking Tikka,47,3.7,3.522005528649036,0.5104166666666666,1422.0,1890.0,-468.0
18383486,The Fusion Food Stand,40,3.8,3.5529497837113198,0.550561797752809,1087.0,1749.0,-662.0
18317511,#Urban Cafí©,49,3.3,3.325638068880689,0.5,3125.0,3490.0,-365.0
18472676,Baked! Cakes & Desserts,11,3.3,3.3418755125051245,0.8166666666666667,3125.0,3142.0,-17.0
18244257,Quick Grabs,80,3.1,3.195445974808585,0.3798449612403101,4106.0,5633.0,-1527.0
18228857,The Roll Van,4,2.9,3.317217561326556,0.9245283018867925,5082.0,3922.0,1160.0
311706,Noida Cakes Online,9,3.0,3.2967677715570254,0.8448275862068966,4617.0,4614.0,3.0
18410380,The Epicureans,20,3.4,3.3653989963812676,0.7101449275362319,2648.0,3067.0,-419.0
312313,Adhikari Fast Food Corner,5,2.8,3.30023205093162,0.9074074074074074,5462.0,4556.0,906.0
18339329,Amrit's Agni Multi Cuisine Restaurant,4,2.9,3.317217561326556,0.9245283018867925,5082.0,3922.0,1160.0
304818,Punjabi Chaska,27,3.0,3.2264806677672038,0.6447368421052632,4617.0,5480.0,-863.0
18303838,The Choco Shop,5,3.0,3.3187505694501387,0.9074074074074074,4617.0,3823.0,794.0
310724,The Taste,7,3.1,3.319866620541205,0.875,4106.0,3750.0,356.0
310753,Tibb's Frankie,22,3.4,3.3663736725395417,0.6901408450704225,2648.0,3046.0,-398.0
309155,Domino's Pizza,38,2.3,2.8920980546012354,0.5632183908045977,6408.0,6278.0,130.0
18289230,Public Cafe,7,2.4,3.2323666205412054,0.875,6325.0,5428.0,897.0
18277218,Chocopur,11,3.0,3.2868755125051248,0.8166666666666667,4617.0,4833.0,-216.0
18133492,Sweta Restaurant,61,3.2,3.2673866431846137,0.44545454545454544,3596.0,5123.0,-1527.0
18332086,Flames of Tandoor,76,3.5,3.4417002460024597,0.392,2195.0,2372.0,-177.0
18203626,Kuppies,89,3.8,3.640670512683388,0.35507246376811596,1087.0,1402.0,-315.0
312978,The Urban Chulha,87,3.5,3.4464156672816726,0.3602941176470588,2195.0,2339.0,-144.0
304727,Cafe Coffee Day,42,2.7,3.05068715110228,0.5384615384615384,5776.0,6038.0,-262.0
3679,Choco House,18,3.4,3.364366130601604,0.7313432835820896,2648.0,3086.0,-438.0
306023,DCK- Dana Choga's Kitchen,340,2.7,2.7820373541139016,0.12596401028277635,5776.0,6378.0,-602.0
18378765,Fresh and Fit Ghar Ka Khana,10,3.1,3.3086869618696184,0.8305084745762712,4106.0,4318.0,-212.0
18014129,Hungry Ullu,141,3.3,3.3132238460542496,0.2578947368421053,3125.0,4094.0,-969.0
301081,Khidmat,369,3.4,3.3942883510772903,0.11722488038277512,2648.0,2633.0,15.0
2971,Lahori Restaurant,206,2.5,2.66357855196199,0.19215686274509805,6216.0,6440.0,-224.0
302406,New Chinese Chilli Sizzler,53,2.7,3.0128679485324263,0.4803921568627451,5776.0,6104.0,-328.0
18254253,Nirmala's,51,3.4,3.376125307503075,0.49,2648.0,2890.0,-242.0
18138435,Prime Bakery,11,3.0,3.2868755125051248,0.8166666666666667,4617.0,4833.0,-216.0
5684,Royal Empire Meat Shop,29,3.4,3.3693914198757366,0.6282051282051282,2648.0,3003.0,-355.0
1745,Southern Treat,113,2.8,2.966744016977206,0.30246913580246915,5462.0,6186.0,-724.0
3707,Subway,165,2.5,2.694918367992091,0.22897196261682243,6216.0,6424.0,-208.0
18371395,The Chickmunks Cafí©,48,3.2,3.276417842786675,0.5051546391752577,3596.0,4982.0,-1386.0
310766,The FLIP Cafe,147,2.6,2.787819034440344,0.25,6026.0,6374.0,-348.0
2939,Yo! China,252,2.5,2.638579836379759,0.16279069767441862,6216.0,6451.0,-235.0
1919,Gopala,69,3.6,3.4967163622907416,0.4152542372881356,1785.0,2002.0,-217.0
9313,R.I.P Cafe & Lounge,203,3.5,3.4710814712313787,0.19444444444444445,2195.0,2165.0,30.0
308725,Chawla's_,91,2.3,2.667946648216482,0.35,6408.0,6437.0,-29.0
385,Domino's Pizza,161,2.4,2.621964432144321,0.23333333333333334,6325.0,6457.0,-132.0
18432227,Nazeer Foods,12,2.3,3.144467717218155,0.8032786885245902,6408.0,5828.0,580.0
308441,Night Food Xprs,115,2.3,2.614100797257972,0.29878048780487804,6408.0,6461.0,-53.0
2327,Pizza Hut Delivery,173,2.3,2.5320384268031866,0.22072072072072071,6408.0,6481.0,-73.0
313045,The Caspian,56,2.4,2.843928864288643,0.4666666666666667,6325.0,6320.0,5.0
309818,The Noodle Box Co.,137,2.4,2.6506050040339115,0.26344086021505375,6325.0,6445.0,-120.0
311341,WTF - World's Tastiest Food,21,2.4,3.065893296432964,0.7,6325.0,6011.0,314.0
18398605,Biryani By Kilo,126,4.1,3.890357318573185,0.28,429.0,639.0,-210.0
18383531,Kalpak Restaurant & Cafe,150,4.3,4.066394626885967,0.24623115577889448,190.0,346.0,-156.0
306167,Theos,516,4.1,4.035066426106739,0.08672566371681416,429.0,399.0,30.0
308059,Aamantran Bangla,27,2.7,3.119901720398783,0.6447368421052632,5776.0,5892.0,-116.0
18489511,Chung-Fu,5,3.0,3.3187505694501387,0.9074074074074074,4617.0,3823.0,794.0
18388008,Paco Meals,11,2.8,3.2502088458384577,0.8166666666666667,5462.0,5291.0,171.0
18255153,Reena Restaurant,9,2.7,3.250216047419095,0.8448275862068966,5776.0,5284.0,492.0
313164,Sanskriti Foods,29,3.1,3.2578529583372755,0.6282051282051282,4106.0,5217.0,-1111.0
18432195,Biryani Vice,19,3.6,3.4207725110339338,0.7205882352941176,1785.0,2483.0,-698.0
18261811,Dietwholic,142,3.7,3.6105368102110336,0.25654450261780104,1422.0,1510.0,-88.0
18377891,Goldenplates,33,3.6,3.451372326223262,0.5975609756097561,1785.0,2307.0,-522.0
18273047,Mishti's Kitchen,49,3.6,3.4756380688806887,0.5,1785.0,2125.0,-340.0
18261720,Shahenshah,61,3.5,3.4337502795482497,0.44545454545454544,2195.0,2421.0,-226.0
1498,Slice of Italy,230,2.3,2.484632726703611,0.17562724014336917,6408.0,6491.0,-83.0
18258491,Bebbe Da Degh,65,3.2,3.2650221995641004,0.4298245614035088,3596.0,5155.0,-1559.0
304484,Chauhan Hotel,11,2.9,3.2685421791717912,0.8166666666666667,5082.0,5109.0,-27.0
18287399,Kaka Ji Restaurant,6,2.9,3.3020460136419545,0.8909090909090909,5082.0,4458.0,624.0
309873,Lazzez's,25,2.9,3.198817983112263,0.6621621621621622,5082.0,5612.0,-530.0
310170,Mithaas Sweets,39,3.1,3.2399151221625853,0.5568181818181818,4106.0,5386.0,-1280.0
8497,Mithaas,193,3.2,3.2306302923566426,0.2024793388429752,3596.0,5451.0,-1855.0
312184,Tandoori Corner,9,2.6,3.234698806039784,0.8448275862068966,6026.0,5418.0,608.0
18082207,Culinate,200,3.8,3.711696910643805,0.19678714859437751,1087.0,1128.0,-41.0
18144457,Haaochi,123,3.5,3.457630992734346,0.28488372093023256,2195.0,2262.0,-67.0
307841,Flying Cakes,56,2.1,2.6839288642886427,0.4666666666666667,6480.0,6430.0,50.0
18157407,Taste In Box,23,2.3,3.0154518159764927,0.6805555555555556,6408.0,6101.0,307.0
8068,Snacks Point,4,2.9,3.317217561326556,0.9245283018867925,5082.0,3922.0,1160.0
18249124,B Tamang Chineese,4,2.9,3.317217561326556,0.9245283018867925,5082.0,3922.0,1160.0
302502,Foodelicious,144,3.1,3.163795496115583,0.2538860103626943,4106.0,5767.0,-1661.0
313329,The Cake Masters,7,2.5,3.244866620541205,0.875,6216.0,5341.0,875.0
501,Barista,7,3.0,3.307366620541205,0.875,4617.0,4362.0,255.0
510,Barista,5,2.9,3.309491310190879,0.9074074074074074,5082.0,4258.0,824.0
18418274,The Gourmet Shack,15,3.3,3.3392582929735544,0.765625,3125.0,3195.0,-70.0
5746,"Vanshika Indian, Chinese, & Parantha Corner",29,3.1,3.2578529583372755,0.6282051282051282,4106.0,5217.0,-1111.0
18215963,Yes Bosz Food Plaza,15,2.7,3.1986332929735544,0.765625,5776.0,5613.0,163.0
18414468,Nite Bites,8,2.7,3.25986896053171,0.8596491228070176,5776.0,5200.0,576.0
8090,Shankar Fast Food,15,2.7,3.1986332929735544,0.765625,5776.0,5613.0,163.0
8092,Shivam Fast Food,12,2.9,3.262500504103401,0.8032786885245902,5082.0,5178.0,-96.0
18391140,Yumbo Bites,10,3.1,3.3086869618696184,0.8305084745762712,4106.0,4318.0,-212.0
8077,Shree Ganesh M Cafe,7,3.1,3.319866620541205,0.875,4106.0,3750.0,356.0
18128894,BakeAffair,30,3.4,3.3697788702570564,0.620253164556962,2648.0,2999.0,-351.0
18451823,Mirchievous,6,3.1,3.323864195460136,0.8909090909090909,4106.0,3626.0,480.0
312186,221 B Baker Street,19,3.2,3.3090078051515808,0.7205882352941176,3596.0,4307.0,-711.0
4469,Binge Restaurant,325,3.2,3.219819600936651,0.13101604278074866,3596.0,5519.0,-1923.0
18423860,Boxmeal,4,3.0,3.324764731137877,0.9245283018867925,4617.0,3529.0,1088.0
307335,Brown Town,11,2.7,3.231875512505125,0.8166666666666667,5776.0,5429.0,347.0
5698,Cafe Coffee Day,26,3.0,3.2295004100041,0.6533333333333333,4617.0,5456.0,-839.0
8130,Cafe Coffee Day,14,3.0,3.2732147738144044,0.7777777777777778,4617.0,5065.0,-448.0
311533,Cafe Green Apple,16,3.2,3.314038934620115,0.7538461538461538,3596.0,4073.0,-477.0
18268502,Cake Mandi,17,3.2,3.312311071974356,0.7424242424242424,3596.0,4157.0,-561.0
18285723,Chai Thela,10,3.1,3.3086869618696184,0.8305084745762712,4106.0,4318.0,-212.0
308751,Chinese Chilli Sizzler,5,2.9,3.309491310190879,0.9074074074074074,5082.0,4258.0,824.0
18273567,Delhi Biryani Hut,9,2.7,3.250216047419095,0.8448275862068966,5776.0,5284.0,492.0
3753,Dev's Restaurant & Bar,56,3.1,3.217262197621976,0.4666666666666667,4106.0,5529.0,-1423.0
18258503,Doggy Style,33,3.2,3.290396716467164,0.5975609756097561,3596.0,4779.0,-1183.0
1844,Domino's Pizza,118,2.6,2.820434315870105,0.2934131736526946,6026.0,6341.0,-315.0
313305,Floating Cakes,12,2.8,3.2428283729558602,0.8032786885245902,5462.0,5351.0,111.0
18281981,Food Brigade,15,3.2,3.3158207929735544,0.765625,3596.0,4042.0,-446.0
308718,Frequent Bakes,38,2.5,2.9794543764403154,0.5632183908045977,6216.0,6156.0,60.0
18423098,GreeNox,16,3.4,3.3632697038508845,0.7538461538461538,2648.0,3105.0,-457.0
18435329,GVP Creations,7,3.1,3.319866620541205,0.875,4106.0,3750.0,356.0
18367978,Health Buzzz,11,3.2,3.3235421791717914,0.8166666666666667,3596.0,3655.0,-59.0
5777,Hot & Spicy,4,2.9,3.317217561326556,0.9245283018867925,5082.0,3922.0,1160.0
18396437,Malabar Junction,15,3.3,3.3392582929735544,0.765625,3125.0,3195.0,-70.0
18224549,Masters Caterer,6,2.9,3.3020460136419545,0.8909090909090909,5082.0,4458.0,624.0
8138,Meeting Point Corner,14,2.8,3.2287703293699597,0.7777777777777778,5462.0,5460.0,2.0
18281973,Mithaas Sweets,17,2.7,3.183523193186477,0.7424242424242424,5776.0,5688.0,88.0
18391059,Mom's Canteen,5,3.0,3.3187505694501387,0.9074074074074074,4617.0,3823.0,794.0
313049,MS Foods,9,3.1,3.312285012936336,0.8448275862068966,4106.0,4179.0,-73.0
313250,Oh Buoy,50,3.3,3.325379098487954,0.494949494949495,3125.0,3520.0,-395.0
313358,Old Tehrii Cafe & Lounge,13,3.1,3.2985892056501207,0.7903225806451613,4106.0,4589.0,-483.0
18358191,Pichli Gali,5,3.0,3.3187505694501387,0.9074074074074074,4617.0,3823.0,794.0
5696,Pizza Hut,147,3.1,3.162819034440344,0.25,4106.0,5769.0,-1663.0
18252359,Rasoi99,10,3.2,3.3256361144119913,0.8305084745762712,3596.0,3496.0,100.0
4483,Republic of Chicken,17,3.1,3.28655349621678,0.7424242424242424,4106.0,4849.0,-743.0
5776,Republic's @ Dhaba,56,2.9,3.1105955309553095,0.4666666666666667,5082.0,5912.0,-830.0
8767,Rolling Beans,5,2.8,3.30023205093162,0.9074074074074074,5462.0,4556.0,906.0
311622,Rollmaal,155,3.4,3.388296719364252,0.24019607843137256,2648.0,2706.0,-58.0
308758,Subway,28,2.5,3.041721178575422,0.6363636363636364,6216.0,6057.0,159.0
303996,Swad,13,2.8,3.235685979843669,0.7903225806451613,5462.0,5401.0,61.0
18128867,The Chaiwalas,9,2.9,3.281250530177715,0.8448275862068966,5082.0,4929.0,153.0
18160567,The Hunger Cure,9,3.0,3.2967677715570254,0.8448275862068966,4617.0,4614.0,3.0
18128892,World Bites,30,3.4,3.3697788702570564,0.620253164556962,2648.0,2999.0,-351.0
18380262,BunkYard Cafe,33,3.5,3.411128423784237,0.5975609756097561,2195.0,2529.0,-334.0
307703,Chaayos,182,3.5,3.468452514070595,0.21212121212121213,2195.0,2186.0,9.0
302308,RollsKing,401,3.8,3.7511389572229055,0.10888888888888888,1087.0,1015.0,72.0
3939,Sandwich King,215,3.5,3.4723959498117707,0.1856060606060606,2195.0,2148.0,47.0
311656,Speedy Chow,114,3.6,3.525230250001887,0.3006134969325153,1785.0,1873.0,-88.0
304480,Grand Eatery,49,2.4,2.8756380688806886,0.5,6325.0,6291.0,34.0
4758,Nathu's Sweets,77,2.4,2.7699407202405353,0.3888888888888889,6325.0,6386.0,-61.0
7909,Subway,88,2.4,2.7402374507321716,0.35766423357664234,6325.0,6403.0,-78.0
18391137,Chick Chicken Barbeque,4,2.6,3.294576051892594,0.9245283018867925,6026.0,4695.0,1331.0
312428,Tiwari Hot Pot,11,2.6,3.213542179171791,0.8166666666666667,6026.0,5553.0,473.0
18258764,South King Restaurant,8,2.8,3.2739040482510084,0.8596491228070176,5462.0,5033.0,429.0
18382564,Twomato Foods,11,3.2,3.3235421791717914,0.8166666666666667,3596.0,3655.0,-59.0
18224558,Bats On Delivery,9,2.7,3.250216047419095,0.8448275862068966,5776.0,5284.0,492.0
6170,Legacy of Awadh,114,3.3,3.315414299081641,0.3006134969325153,3125.0,4064.0,-939.0
18439012,Hurry Curry,10,3.1,3.3086869618696184,0.8305084745762712,4106.0,4318.0,-212.0
18421059,Thaaliwaalaa.com,6,2.9,3.3020460136419545,0.8909090909090909,5082.0,4458.0,624.0
18439541,Bikaner's,4,2.9,3.317217561326556,0.9245283018867925,5082.0,3922.0,1160.0
18335834,Chilli Zone,20,3.4,3.3653989963812676,0.7101449275362319,2648.0,3067.0,-419.0
18383468,Cold Rock Cafe,12,3.3,3.3411890286935653,0.8032786885245902,3125.0,3150.0,-25.0
18351053,Cup and Cones,10,3.1,3.3086869618696184,0.8305084745762712,4106.0,4318.0,-212.0
18411585,Desi Spice,10,3.0,3.2917378093272456,0.8305084745762712,4617.0,4730.0,-113.0
18382362,Food Destination,5,3.0,3.3187505694501387,0.9074074074074074,4617.0,3823.0,794.0
18163938,Gangaur Sweets,34,2.7,3.0844883222928616,0.5903614457831325,5776.0,5970.0,-194.0
312316,Handi,8,2.9,3.2879391359703063,0.8596491228070176,5082.0,4805.0,277.0
18424201,Hungry Inn,5,3.0,3.3187505694501387,0.9074074074074074,4617.0,3823.0,794.0
18429391,Keventers,4,2.9,3.317217561326556,0.9245283018867925,5082.0,3922.0,1160.0
18126089,La-Cuisine,4,2.9,3.317217561326556,0.9245283018867925,5082.0,3922.0,1160.0
18337921,Melting Flavours,21,3.4,3.365893296432964,0.7,2648.0,3055.0,-407.0
18462972,Mighty Mughlai,12,3.2,3.3215168975460245,0.8032786885245902,3596.0,3704.0,-108.0
18014154,Mithaas,12,2.9,3.262500504103401,0.8032786885245902,5082.0,5178.0,-96.0
18383462,Mood 4 Food,8,3.1,3.3160093114089033,0.8596491228070176,4106.0,4009.0,97.0
18435296,Northern Bytes,6,3.1,3.323864195460136,0.8909090909090909,4106.0,3626.0,480.0
18416867,Shahenshah,4,3.0,3.324764731137877,0.9245283018867925,4617.0,3529.0,1088.0
18383535,Sugar Daddy Bakers,4,2.7,3.3021232217039147,0.9245283018867925,5776.0,4454.0,1322.0
18418649,Swag Sadda Desi,8,3.1,3.3160093114089033,0.8596491228070176,4106.0,4009.0,97.0
18313143,The Chinese Hut,10,2.9,3.2747886567848727,0.8305084745762712,5082.0,5007.0,75.0
18332053,Wild Chef House,11,3.1,3.305208845838458,0.8166666666666667,4106.0,4413.0,-307.0
18365588,Grub Patio,51,3.7,3.529125307503075,0.49,1422.0,1853.0,-431.0
18423131,The Grill @ 76,42,3.5,3.4199179203330488,0.5384615384615384,2195.0,2485.0,-290.0
18418250,Zooby's Kitchen,31,3.5,3.4089066343788432,0.6125,2195.0,2540.0,-345.0
18383503,Bikaner's,11,2.4,3.176875512505125,0.8166666666666667,6325.0,5710.0,615.0
311334,Chawla's 2,22,2.1,2.9635567711310915,0.6901408450704225,6480.0,6188.0,292.0
18308083,Ginnis Oven,9,3.2,3.3278022543156465,0.8448275862068966,3596.0,3463.0,133.0
18206836,Whomely,15,3.2,3.3158207929735544,0.765625,3596.0,4042.0,-446.0
18376500,Breaktym,20,3.2,3.307427981888514,0.7101449275362319,3596.0,4354.0,-758.0
308877,Chinese Chilli Seasonal,4,2.9,3.317217561326556,0.9245283018867925,5082.0,3922.0,1160.0
311768,Gopala,23,3.4,3.366840704865382,0.6805555555555556,2648.0,3037.0,-389.0
18423127,Hungry's Hut,10,3.1,3.3086869618696184,0.8305084745762712,4106.0,4318.0,-212.0
300550,Kebabplus,140,3.1,3.165145665345542,0.25925925925925924,4106.0,5762.0,-1656.0
18337891,Oh Buoy - Flying Fox,7,3.0,3.307366620541205,0.875,4617.0,4362.0,255.0
9724,Punjabi Pakwaan,45,3.1,3.230984369684122,0.5212765957446809,4106.0,5448.0,-1342.0
312558,The Dessert Table Company,9,3.1,3.312285012936336,0.8448275862068966,4106.0,4179.0,-73.0
312777,The Roll Van,5,3.0,3.3187505694501387,0.9074074074074074,4617.0,3823.0,794.0
1495,Kitchen Mantra,210,3.6,3.5529441341710712,0.1891891891891892,1785.0,1752.0,33.0
18258469,Wabi Sabi,34,3.6,3.453163021088042,0.5903614457831325,1785.0,2294.0,-509.0
302925,Southern Flavours,54,2.4,2.852548842235995,0.47572815533980584,6325.0,6314.0,11.0
18385889,Cakebak,8,3.1,3.3160093114089033,0.8596491228070176,4106.0,4009.0,97.0
308737,Adarsh Kulfi,7,3.0,3.307366620541205,0.875,4617.0,4362.0,255.0
309693,Andaaz E Paranthas,36,3.2,3.287206244121265,0.5764705882352941,3596.0,4826.0,-1230.0
312241,Hot Fries,8,3.0,3.301974223689605,0.8596491228070176,4617.0,4498.0,119.0
390,Pizza Hut,144,3.4,3.3876296930067746,0.2538860103626943,2648.0,2716.0,-68.0
447,Rasoi E Punjab,32,2.6,3.054475688275401,0.6049382716049383,6026.0,6033.0,-7.0
4482,Subway,93,3.4,3.383186836269771,0.34507042253521125,2648.0,2779.0,-131.0
550,Haldiram's,301,3.6,3.5651786592865933,0.14,1785.0,1699.0,86.0
303152,Legends Barbeques,1088,3.9,3.8763522697891886,0.04309586631486367,807.0,677.0,130.0
3212,Chicane,116,2.2,2.5418941257594394,0.296969696969697,6454.0,6475.0,-21.0
8012,US Pizza,134,2.2,2.5082651953568718,0.2677595628415301,6454.0,6486.0,-32.0
312187,Angeethi Se,35,3.2,3.2882444136941364,0.5833333333333334,3596.0,4800.0,-1204.0
523,Barista,23,2.5,3.079340704865382,0.6805555555555556,6216.0,5979.0,237.0
2480,BK's The Juice Bar,10,3.0,3.2917378093272456,0.8305084745762712,4617.0,4730.0,-113.0
1733,Eden Kitchen & Bar,129,3.1,3.1691715210691433,0.2752808988764045,4106.0,5751.0,-1645.0
307145,Moti Mahal Delux Tandoori Trail,28,2.5,3.041721178575422,0.6363636363636364,6216.0,6057.0,159.0
1727,New Woks,79,2.5,2.825879146486777,0.3828125,6216.0,6335.0,-119.0
828,Otik Hotshop,147,3.1,3.162819034440344,0.25,4106.0,5769.0,-1663.0
393,Pizza Hut,113,3.3,3.3155094490759716,0.30246913580246915,3125.0,4062.0,-937.0
1722,Punjabi Dhaba 61,75,2.6,2.89687524798635,0.3951612903225806,6026.0,6271.0,-245.0
2483,Punjabi Pakwaan,120,3.0,3.1018492943805174,0.28994082840236685,4617.0,5936.0,-1319.0
1726,Spice of India,76,2.6,2.8945002460024596,0.392,6026.0,6274.0,-248.0
304934,Swaad,15,2.7,3.1986332929735544,0.765625,5776.0,5613.0,163.0
305961,Yumm Biryani,160,3.2,3.2354666543076913,0.23444976076555024,3596.0,5413.0,-1817.0
308578,Otik Cake Shop,105,3.5,3.4526787711058926,0.3181818181818182,2195.0,2300.0,-105.0
386,Domino's Pizza,98,2.4,2.717092045920459,0.3333333333333333,6325.0,6412.0,-87.0
428,Sagar Ratna,155,2.3,2.552512405638762,0.24019607843137256,6408.0,6474.0,-66.0
18070483,Subway,24,2.3,3.0056511061685955,0.6712328767123288,6408.0,6112.0,296.0
7869,Barista,57,3.3,3.3237031202859195,0.46226415094339623,3125.0,3649.0,-524.0
5610,Bikano Chat Cafe,38,3.0,3.1978451810380166,0.5632183908045977,4617.0,5621.0,-1004.0
304103,Cafe Coffee Day,18,2.7,3.176306429109067,0.7313432835820896,5776.0,5714.0,62.0
5598,Cafe Coffee Day,34,2.7,3.0844883222928616,0.5903614457831325,5776.0,5970.0,-194.0
18233617,Chaayos,67,3.4,3.3794183685371335,0.4224137931034483,2648.0,2841.0,-193.0
300955,Chopaal Marwari,102,2.8,2.9788909321212413,0.32450331125827814,5462.0,6158.0,-696.0
18017237,Dolce Gelato,8,3.0,3.301974223689605,0.8596491228070176,4617.0,4498.0,119.0
5619,Domino's Pizza,60,3.2,3.268004869268876,0.44954128440366975,3596.0,5120.0,-1524.0
2191,Gelato Vinto,32,3.1,3.252006552472932,0.6049382716049383,4106.0,5273.0,-1167.0
307447,Kebab Xpress,106,3.2,3.2478227790342418,0.3161290322580645,3596.0,5324.0,-1728.0
7932,McDonald's,70,3.4,3.379937233195861,0.4117647058823529,2648.0,2828.0,-180.0
1226,Pind Balluchi,793,3.3,3.302984003266398,0.05819477434679335,3125.0,4440.0,-1315.0
8888,Ristorante Prego,372,3.1,3.1292459162715143,0.1163895486935867,4106.0,5875.0,-1769.0
4530,The Coffee Bean & Tea Leaf,55,2.6,2.9539666418298793,0.47115384615384615,6026.0,6199.0,-173.0
18400768,Turquoise Turkish Ice-cream,11,3.4,3.360208845838458,0.8166666666666667,2648.0,3123.0,-475.0
409,Yo! China,334,2.6,2.6961162682775655,0.1279373368146214,6026.0,6421.0,-395.0
7939,Baskin Robbins,41,3.5,3.4190281194478604,0.5444444444444444,2195.0,2490.0,-295.0
18133480,Burger King,211,3.5,3.471971272116567,0.18846153846153846,2195.0,2156.0,39.0
791,Costa Coffee,110,3.5,3.4541668600648268,0.3081761006289308,2195.0,2289.0,-94.0
486,Crazy Noodles,507,3.6,3.5780800912775317,0.08812949640287769,1785.0,1618.0,167.0
18208913,Jack Po!tato's,37,3.5,3.415261985468691,0.5697674418604651,2195.0,2513.0,-318.0
3251,Mandarin Trail,517,3.7,3.6698101250005433,0.08657243816254417,1422.0,1280.0,142.0
308774,Nazeer Foods,179,3.6,3.5465461875013484,0.2149122807017544,1785.0,1776.0,9.0
394,Pizza Hut,189,3.7,3.6282039107155777,0.20588235294117646,1422.0,1450.0,-28.0
302421,Shree Rathnam,139,3.5,3.4612368656931247,0.26063829787234044,2195.0,2239.0,-44.0
1244,TGI Friday's,1147,3.5,3.4939067982862104,0.04096989966555184,2195.0,2021.0,174.0
5689,Thaal Vaadi,249,3.5,3.475545405202374,0.1644295302013423,2195.0,2128.0,67.0
2979,Chopaal,161,2.0,2.3152977654776543,0.23333333333333334,6495.0,6500.0,-5.0
3237,Club Ice Cube,230,2.0,2.2373208987466215,0.17562724014336917,6495.0,6503.0,-8.0
2025,Moti Mahal Delux Tandoori Trail,108,2.0,2.42173586465164,0.31210191082802546,6495.0,6496.0,-1.0
3149,The Punjabiis Restro Bar,395,4.0,3.9284066007889806,0.11036036036036036,614.0,575.0,39.0
18255134,Sky Grill,34,2.6,3.0435244668711747,0.5903614457831325,6026.0,6052.0,-26.0
120519,Hops n Grains,843,4.2,4.153377276625906,0.05493273542600897,289.0,244.0,45.0
4000344,Genuine Broaster Chicken,42,3.5,3.4199179203330488,0.5384615384615384,2195.0,2485.0,-290.0
4000016,Bansi Vihar,111,3.4,3.3850783171894214,0.30625,2648.0,2748.0,-100.0
4000277,Mainland China,65,3.5,3.436074831143048,0.4298245614035088,2195.0,2402.0,-207.0
18369321,Pukhtaan-The Royal Taste of India,32,3.5,3.4100312438309563,0.6049382716049383,2195.0,2534.0,-339.0
4000033,The Yellow Chilli,150,3.5,3.4633795515090826,0.24623115577889448,2195.0,2218.0,-23.0
18279982,Indian Summer Cafe,16,3.4,3.3632697038508845,0.7538461538461538,2648.0,3105.0,-457.0
4000004,KFC,49,3.3,3.325638068880689,0.5,3125.0,3490.0,-365.0
4000269,McDonald's,60,3.4,3.3780966123881417,0.44954128440366975,2648.0,2860.0,-212.0
4000027,Biryani Mahal,99,3.6,3.5176522347993755,0.3310810810810811,1785.0,1912.0,-127.0
4000081,Spice Court - Hotel Maurya,43,3.7,3.5142666385902985,0.532608695652174,1422.0,1932.0,-510.0
4000069,Angeethi,45,3.4,3.3746013909607178,0.5212765957446809,2648.0,2914.0,-266.0
4000294,Red Chilli,69,3.6,3.4967163622907416,0.4152542372881356,1785.0,2002.0,-217.0
4000001,Pind Balluchi,162,3.3,3.311907728674443,0.23222748815165878,3125.0,4217.0,-1092.0
4000030,Raj Rasoi,74,3.3,3.3204270792707926,0.3983739837398374,3125.0,3741.0,-616.0
4000018,Kapil Dev's Eleven,107,3.6,3.521875197117356,0.3141025641025641,1785.0,1891.0,-106.0
4000222,Sri Basant Vihar,75,3.6,3.5017139576637697,0.3951612903225806,1785.0,1982.0,-197.0
4000031,17 Degrees,151,3.5,3.4635626537515374,0.245,2195.0,2217.0,-22.0
4000015,Nirvana,61,3.4,3.3782957340937045,0.44545454545454544,2648.0,2859.0,-211.0
4000007,Roti Restaurant,64,3.1,3.2089604491177655,0.4336283185840708,4106.0,5577.0,-1471.0
18343124,Swaaddesh,45,3.5,3.4224737313862494,0.5212765957446809,2195.0,2476.0,-281.0
3700010,Auroville Bakery,173,3.8,3.7009573457221054,0.22072072072072071,1087.0,1166.0,-79.0
3700009,Tanto Pizzeria,513,3.8,3.7608763892354227,0.08718861209964412,1087.0,981.0,106.0
18427467,The Smoothie Bar,36,3.7,3.4989709500036175,0.5764705882352941,1422.0,1991.0,-569.0
3700024,Le Club,328,3.5,3.4806698428390117,0.129973474801061,2195.0,2097.0,98.0
3700056,Cafe Ole,199,3.8,3.7113408497996265,0.1975806451612903,1087.0,1129.0,-42.0
3700408,Italize,97,3.6,3.5165241832212843,0.3356164383561644,1785.0,1919.0,-134.0
3700017,The Pasta Bar Veneto,275,3.6,3.5623843541676155,0.15123456790123457,1785.0,1712.0,73.0
3700050,Baker Street,791,4.1,4.056324441369414,0.058333333333333334,429.0,362.0,67.0
3700041,Zuka Choco-la,656,4.2,4.14101068191533,0.06950354609929078,289.0,258.0,31.0
3700387,Bay of Buddha -  The Promenade,189,3.8,3.7076156754214598,0.20588235294117646,1087.0,1148.0,-61.0
3700036,Blueline - The Promenade,192,3.8,3.7087656877606117,0.2033195020746888,1087.0,1140.0,-53.0
3700049,Villa Shanti,535,3.9,3.8539598129286086,0.0839041095890411,807.0,737.0,70.0
3700069,Le Cafe,875,3.1,3.11332524972977,0.05303030303030303,4106.0,5905.0,-1799.0
3700160,Spice Route,228,3.4,3.3913809774379327,0.17689530685920576,2648.0,2660.0,-12.0
18378803,#Dilliwaala6,124,3.7,3.6012285014468643,0.2832369942196532,1422.0,1543.0,-121.0
3700051,Cafe des Arts,298,3.5,3.4789986476954105,0.14121037463976946,2195.0,2107.0,88.0
3700037,Le Dupleix,456,3.8,3.756460456931302,0.09702970297029703,1087.0,1001.0,86.0
3700019,Rendezvous Cafe Restaurant,225,3.5,3.473403396898932,0.17883211678832117,2195.0,2138.0,57.0
3700021,The Indian Kaffe Express,495,3.8,3.7595818579968885,0.0900735294117647,1087.0,985.0,102.0
3700561,Gelateria Montecatini Terme,163,4.2,4.003832692218431,0.23113207547169812,289.0,436.0,-147.0
6508323,The Urban Foundry,1099,4.5,4.450969103441034,0.042682926829268296,79.0,71.0,8.0
18383095,Teddy Boy,507,3.6,3.5780800912775317,0.08812949640287769,1785.0,1618.0,167.0
18378852,Effingut Brewerkz,375,4.3,4.190359742335631,0.11556603773584906,190.0,206.0,-16.0
13231,Le Plaisir,2510,4.8,4.772259683763309,0.019148104728409537,19.0,11.0,8.0
18354483,Farzi Cafe,868,4.3,4.249304831788775,0.05343511450381679,190.0,178.0,12.0
18383076,Mineority By Saby,306,4.2,4.0828521992966404,0.13802816901408452,289.0,311.0,-22.0
6505309,The Little Next Door,1143,4.1,4.069221921770391,0.041107382550335574,429.0,344.0,85.0
6504409,Effingut Brewerkz,1531,4.3,4.27057755110779,0.0310126582278481,190.0,153.0,37.0
18350020,Kargo,635,4.4,4.324872120979982,0.07163742690058479,116.0,124.0,-8.0
6508117,Sautí©ed Stories,583,4.2,4.134197042326436,0.07753164556962025,289.0,264.0,25.0
18417624,The Sassy Spoon,140,4.1,3.905886406086283,0.25925925925925924,429.0,614.0,-185.0
6505564,German Bakery Wunderbar,1583,4.0,3.9805223840381787,0.03002450980392157,614.0,473.0,141.0
11371,Chili's,1439,4.5,4.462172399697788,0.03293010752688172,79.0,65.0,14.0
11807,Barbeque Nation,2847,4.5,4.4805637191817365,0.01691988950276243,79.0,58.0,21.0
18292672,Blue Water,487,4.2,4.122411437966992,0.0914179104477612,289.0,278.0,11.0
6507461,Agent Jack's Bar,1531,4.2,4.1736788169305745,0.0310126582278481,289.0,229.0,60.0
6507967,Tales & Spirits,997,4.1,4.064925937619797,0.04684512428298279,429.0,350.0,79.0
6506206,18 Degrees Resto Lounge,1566,3.6,3.592453579411955,0.030340557275541795,1785.0,1562.0,223.0
6507495,Apache,377,4.1,4.01387918016504,0.11502347417840375,429.0,424.0,5.0
18441490,Barbeque Ville,208,4.4,4.200048757783297,0.19066147859922178,116.0,203.0,-87.0
2700001,Hot Lips,65,3.3,3.3220397434237494,0.4298245614035088,3125.0,3697.0,-572.0
2700223,The Kav's,51,3.2,3.274125307503075,0.49,3596.0,5026.0,-1430.0
2700263,Prana,81,3.7,3.568557928848519,0.3769230769230769,1422.0,1673.0,-251.0
2700024,Kathi Kabab,89,3.3,3.3182067445674455,0.35507246376811596,3125.0,3894.0,-769.0
2700010,Yo China Restaurant,117,3.4,3.3856176551223345,0.29518072289156627,2648.0,2741.0,-93.0
2700007,Kaveri Restaurant And Caterers,370,4.0,3.92413491825849,0.11694510739856802,614.0,581.0,33.0
2700019,Yellow Sapphire,116,3.7,3.596439580304894,0.296969696969697,1422.0,1552.0,-130.0
2700002,Moti Mahal Delux Tandoori Trail,119,3.6,3.527455540180402,0.2916666666666667,1785.0,1859.0,-74.0
2700008,Jungli Moon Dance Restaurant,26,3.1,3.264167076670766,0.6533333333333333,4106.0,5163.0,-1057.0
2700044,KFC,125,3.2,3.2426007514385486,0.28160919540229884,3596.0,5360.0,-1764.0
2700059,Punjab Sweet House,112,3.5,3.454736215840419,0.30434782608695654,2195.0,2286.0,-91.0
2700242,Food Belle,20,3.3,3.336413489134891,0.7101449275362319,3125.0,3247.0,-122.0
2700085,Kaveri Restaurant And Caterers,102,3.4,3.384188945366275,0.32450331125827814,2648.0,2766.0,-118.0
2700241,OMG Cafe,19,3.3,3.3369489816221685,0.7205882352941176,3125.0,3236.0,-111.0
18388053,The Best,13,3.4,3.361492431456572,0.7903225806451613,2648.0,3116.0,-468.0
2700011,7th Heaven,92,3.7,3.5788122748248763,0.3475177304964539,1422.0,1615.0,-193.0
2700082,The Urban Brava,95,3.6,3.515364796877135,0.3402777777777778,1785.0,1925.0,-140.0
2700032,Waterfront - Radisson Blu,62,3.4,3.378491268020788,0.44144144144144143,2648.0,2857.0,-209.0
2700049,Pizza Hut,66,3.5,3.4366307021765867,0.4260869565217391,2195.0,2396.0,-201.0
2700036,Aroma - The Royal Retreat,67,3.5,3.4371769892267885,0.4224137931034483,2195.0,2392.0,-197.0
96814,Saffron Mantra,494,4.4,4.305363776704066,0.09023941068139964,116.0,131.0,-15.0
90499,Coffee Cup,1408,4.6,4.5580044823269095,0.033630748112560054,44.0,42.0,2.0
3800319,Level 5 - Terrace Restro & Cafe,201,3.8,3.7120501230012297,0.196,1087.0,1125.0,-38.0
3800021,Wok On Fire,226,3.9,3.802227384546573,0.1781818181818182,807.0,855.0,-48.0
18396610,Thalaivaa,70,4.1,3.791701939078214,0.4117647058823529,429.0,872.0,-443.0
3800053,World Platter,191,3.9,3.787968878126281,0.20416666666666666,807.0,884.0,-77.0
3800052,Golden Dragon,197,4.2,4.03094524695247,0.1991869918699187,289.0,408.0,-119.0
3800078,Mysore Cafe,279,4.0,3.90308698399484,0.14939024390243902,614.0,619.0,-5.0
3800022,Coffee Culture - The Ristorante Lounge,223,4.0,3.8831343042290714,0.1801470588235294,614.0,653.0,-39.0
3800238,Falafel Lovers,479,4.3,4.211955550663461,0.0928030303030303,190.0,198.0,-8.0
3800003,The Centre Court,164,4.1,3.9277583603300816,0.2300469483568075,429.0,577.0,-148.0
3800020,Wok On Fire,209,3.7,3.6337694990321996,0.18992248062015504,1422.0,1428.0,-6.0
3800000,Leonardo Italian Mediterranean Dining,319,4.2,4.086990572691053,0.1331521739130435,289.0,306.0,-17.0
3800002,Kansar Gujarati Thali,153,3.9,3.76689371658568,0.24257425742574257,807.0,956.0,-149.0
18362165,The Haus,28,3.9,3.550812087666331,0.6363636363636364,807.0,1757.0,-950.0
3800252,Black Pepper,221,4.1,3.9641204842603974,0.1814814814814815,429.0,505.0,-76.0
3800018,Pizza Hut,216,4.1,3.9615567198124806,0.18490566037735848,429.0,509.0,-80.0
3800016,The Sizzling Salsa,204,4.1,3.954990240119792,0.19367588932806323,429.0,520.0,-91.0
18439181,Global Local,47,3.4,3.375130528649036,0.5104166666666666,2648.0,2908.0,-260.0
3800477,The Creamery,87,3.6,3.5103862555169667,0.3602941176470588,1785.0,1947.0,-162.0
18367402,The Food Lab,66,3.6,3.4940220065244127,0.4260869565217391,1785.0,2018.0,-233.0
3800437,The Hog Spot,87,3.8,3.638327431987555,0.3602941176470588,1087.0,1409.0,-322.0
3200090,22nd Parallel,344,4.5,4.356774887405362,0.12468193384223919,79.0,103.0,-24.0
3200440,Kabir Kitchen,130,3.8,3.677164976258701,0.2737430167597765,1087.0,1245.0,-158.0
18295781,Kaphi Pibama,71,3.8,3.616771089585896,0.4083333333333333,1087.0,1488.0,-401.0
3200265,VarieTea,145,3.9,3.761404797681997,0.25257731958762886,807.0,978.0,-171.0
3200012,Barbeque Nation,332,4.3,4.17798564501393,0.12860892388451445,190.0,220.0,-30.0
3200005,Little Italy,202,4.1,3.9538347838657666,0.1952191235059761,429.0,523.0,-94.0
18275708,Meraki,93,4.0,3.776144582748644,0.34507042253521125,614.0,922.0,-308.0
3200021,That Place,276,4.4,4.241884710000947,0.15076923076923077,116.0,183.0,-67.0
3200584,Wok On Fire,107,3.8,3.659054684296843,0.3141025641025641,1087.0,1332.0,-245.0
3200015,Mandap - Hotel Express Towers,191,4.0,3.8675522114596146,0.20416666666666666,614.0,700.0,-86.0
3200032,Offside Lounge,149,3.8,3.688952175506603,0.2474747474747475,1087.0,1205.0,-118.0
3200002,Gazebo Garden Restaurant,82,3.5,3.4443704637428048,0.37404580152671757,2195.0,2357.0,-162.0
3200311,La Quello - Mediterranean Kitchen,321,4.6,4.434628461487317,0.13243243243243244,44.0,74.0,-30.0
3200497,El Amigos Kitchen,96,3.5,3.449741591381431,0.33793103448275863,2195.0,2317.0,-122.0
3200560,Mr Toasties,50,3.9,3.628409401518257,0.494949494949495,807.0,1444.0,-637.0
3200269,The Yellow Chilli,243,3.9,3.8079196258572177,0.1678082191780822,807.0,846.0,-39.0
3200590,Coffee Culture,92,4.3,3.970301636527003,0.3475177304964539,190.0,493.0,-303.0
3200537,Freshco - The Health Cafí©,132,4.2,3.9702349765210356,0.27071823204419887,289.0,494.0,-205.0
3200024,Pizza Hut,269,4.1,3.984630599843734,0.1540880503144654,429.0,462.0,-33.0
3200034,Tomato's,395,4.1,4.0173705647529445,0.11036036036036036,429.0,418.0,11.0
3900021,Open Hand Shop & Cafe,59,3.4,3.377893803243588,0.4537037037037037,2648.0,2866.0,-218.0
3900059,Pizzeria Vaatika Cafe,149,3.7,3.6136996502540786,0.2474747474747475,1422.0,1496.0,-74.0
3900158,Aman Restaurant,60,3.2,3.268004869268876,0.44954128440366975,3596.0,5120.0,-1524.0
3900007,Blue Lassi,96,3.7,3.5821553844848792,0.33793103448275863,1422.0,1599.0,-177.0
3900232,Kerala Cafe,125,3.6,3.529957073277629,0.28160919540229884,1785.0,1850.0,-65.0
3900250,Baati Chokha,68,3.7,3.553953254276132,0.4188034188034188,1422.0,1744.0,-322.0
3900004,Dosa Cafe,48,3.5,3.4248714510340976,0.5051546391752577,2195.0,2466.0,-271.0
3900032,Kashi Chat Bhandar,158,4.1,3.9227658490353017,0.23671497584541062,429.0,582.0,-153.0
3900058,Chrystal Bowl Restaurant,96,3.3,3.317327798277982,0.33793103448275863,3125.0,3919.0,-794.0
3900070,Flavours Cafe,85,3.4,3.382183065300802,0.3656716417910448,2648.0,2794.0,-146.0
3900057,Ming Garden,172,3.5,3.4670250260194906,0.22171945701357465,2195.0,2199.0,-4.0
3900067,Burger King,96,3.4,3.3835346948297063,0.33793103448275863,2648.0,2774.0,-126.0
3900050,Tandoor Villa,63,3.6,3.491183310270603,0.4375,1785.0,2030.0,-245.0
3900009,eastWEST - Radisson Hotel,34,3.3,3.3302714548229817,0.5903614457831325,3125.0,3389.0,-264.0
3900010,The Great Kabab Factory - Radisson Hotel,67,3.3,3.321659747847478,0.4224137931034483,3125.0,3701.0,-576.0
3900055,I:ba Cafe & Restaurant,83,3.5,3.4447918996235414,0.3712121212121212,2195.0,2353.0,-158.0
18346996,3Cherryz Sky Lounge & Cafe,26,3.2,3.298833743337433,0.6533333333333333,3596.0,4579.0,-983.0
3900238,Singh's Delight Restaurant,57,3.5,3.43125029009724,0.46226415094339623,2195.0,2432.0,-237.0
2800013,Pizza Hut,289,4.6,4.418971984468365,0.14497041420118342,44.0,80.0,-36.0
2800012,Pizza Hut,230,4.3,4.133378246416872,0.17562724014336917,190.0,267.0,-77.0
2800294,Sri Sairam Parlour,270,4.2,4.069631757837954,0.1536050156739812,289.0,342.0,-53.0
2800903,Mekong - Hotel GreenPark,73,4.4,3.978791235658258,0.4016393442622951,116.0,479.0,-363.0
2800052,The Square - Hotel Novotel,125,4.1,3.8891524755764797,0.28160919540229884,429.0,643.0,-214.0
2800095,Alpha Hotel,240,3.7,3.640873808824593,0.1695501730103806,1422.0,1401.0,21.0
2800856,Barbeque Nation,345,4.9,4.707392210026161,0.12436548223350254,1.0,18.0,-17.0
2800911,Double Roti,27,3.8,3.5106911940829932,0.6447368421052632,1087.0,1945.0,-858.0
2800757,Bake My Wish,175,3.8,3.701841655135301,0.21875,1087.0,1164.0,-77.0
2800096,Kamat Restaurant,154,3.6,3.539963205666539,0.2413793103448276,1785.0,1809.0,-24.0
2800083,My Restaurant,124,3.5,3.4578759002907944,0.2832369942196532,2195.0,2260.0,-65.0
18306045,Percolator Coffee House,84,3.6,3.508364892859455,0.3684210526315789,1785.0,1957.0,-172.0
2800897,Tea Trails,57,3.7,3.538797459908561,0.46226415094339623,1422.0,1812.0,-390.0
18285610,Six Degrees,75,4.1,3.8041333125024797,0.3951612903225806,429.0,852.0,-423.0
2800128,Sea Inn - Raju Gaari Dhaba,169,4.0,3.85418592087297,0.22477064220183487,614.0,733.0,-119.0
2800100,D Cabana,193,3.6,3.5496385568194526,0.2024793388429752,1785.0,1765.0,20.0
2800418,Kaloreez,85,3.7,3.5724815727634884,0.3656716417910448,1422.0,1650.0,-228.0
2800881,Plot 17,172,4.3,4.089649460408631,0.22171945701357465,190.0,299.0,-109.0
2800042,Vista - The Park,74,3.8,3.621240087400874,0.3983739837398374,1087.0,1472.0,-385.0
2800019,Flying Spaghetti Monster,316,4.4,4.2592124130145415,0.13424657534246576,116.0,170.0,-54.0
