Restaurant ID,Aggregate rating,Model_Predicted_Rating,Model_Residual
3400025,3.9,3.6554408,0.24455919265747061
3400341,3.5,3.8470457,-0.3470456600189209
3400005,3.6,3.852326,-0.2523259162902831
3400021,4.0,3.6204393,0.3795607089996338
3400017,4.2,3.6852784,0.5147215843200685
3400325,4.0,4.0195208,-0.01952075958251953
3400059,4.3,3.8865948,0.41340522766113263
3400060,4.0,3.9326744,0.06732559204101562
3400348,3.6,4.097382,-0.4973820686340331
3400072,3.8,4.0195208,-0.2195207595825197
3400019,4.1,3.8429823,0.2570177078247067
3400033,3.4,4.012378,-0.612378215789795
3400350,3.8,4.0362506,-0.23625059127807635
3400016,3.7,4.113666,-0.41366605758666974
3400105,4.4,3.7752235,0.6247765064239506
3400326,4.2,3.7484212,0.4515788078308107
3400392,4.1,3.8081536,0.29184637069702113
111895,4.2,3.985323,0.21467704772949237
110502,3.7,3.9325485,-0.23254852294921857
18396250,4.5,4.0771303,0.4228696823120117
113702,4.1,4.004466,0.09553394317626918
113433,4.3,4.061234,0.23876600265502912
18438909,4.4,4.1443253,0.2556747436523441
18143128,4.4,4.283114,0.11688604354858434
18438944,3.8,4.0084105,-0.2084104537963869
110436,3.6,3.8436618,-0.24366178512573233
18385201,4.6,4.11607,0.48393020629882777
110395,4.4,4.0657516,0.33424844741821325
18335583,4.3,3.8999124,0.40008764266967756
110237,3.8,4.224203,-0.4242031097412111
113537,4.3,4.171395,0.12860517501831037
113703,4.0,4.155154,-0.15515422821044922
18385186,4.4,4.131772,0.2682279586791996
113325,4.5,4.1366653,0.36333465576171875
111826,4.1,3.8275695,0.2724305152893063
110516,4.1,3.9072144,0.19278559684753382
18371341,3.9,4.108348,-0.20834789276123056
113570,4.0,4.130595,-0.13059520721435547
2400020,3.4,3.6811726,-0.2811726093292237
2400148,3.3,3.6672823,-0.3672823429107668
2400019,3.2,3.6811726,-0.48117260932922346
2400193,3.4,3.7011034,-0.30110344886779794
2400027,3.4,3.6534429,-0.2534428596496583
17960073,3.4,3.6767507,-0.27675065994262704
2400119,3.4,3.7911158,-0.39111576080322275
2400014,3.3,3.7574506,-0.457450580596924
2400403,3.2,3.6784246,-0.47842459678649885
2400349,3.4,3.6938074,-0.2938073635101319
2400279,3.4,3.7037733,-0.30377326011657724
2400017,3.2,3.6752226,-0.47522263526916486
2400144,3.4,3.6922462,-0.2922461986541749
2400195,3.6,3.7733364,-0.17333641052246085
2400052,3.7,3.5678866,0.13211340904235858
2400016,3.5,3.6784246,-0.17842459678649902
2400293,3.6,3.8311203,-0.23112025260925284
2400009,3.5,3.8848422,-0.3848421573638916
2400010,3.3,3.9656122,-0.6656121730804445
2200011,3.4,3.793142,-0.3931420803070069
2200078,3.9,3.536449,0.36355104446411124
18204507,4.0,4.0207043,-0.020704269409179688
2200030,3.4,3.6534429,-0.2534428596496583
2200201,3.6,3.6458395,-0.045839452743530185
2200067,3.5,3.5379136,-0.03791356086730957
2200358,3.4,3.6794198,-0.27941975593566903
2200001,3.4,3.7975664,-0.3975664138793946
2200033,3.5,3.6913412,-0.19134116172790527
2200283,3.6,3.6264799,-0.02647986412048331
2200045,3.9,3.5105033,0.3894967079162597
2200149,3.4,3.8641398,-0.4641397953033448
2200043,3.7,3.8663738,-0.1663737773895262
2200044,3.5,3.8663738,-0.36637377738952637
2200132,3.8,3.8874466,-0.08744664192199725
2200236,3.8,3.8530385,-0.05303854942321795
2200175,4.1,3.936983,0.16301689147949183
2200000,4.1,3.8530385,0.24696145057678187
2200055,3.8,3.6995454,0.10045461654663068
2200034,3.5,3.8303382,-0.3303382396697998
2200153,4.1,3.6763475,0.42365250587463343
2500023,3.6,3.9072144,-0.30721440315246573
2500076,3.3,3.916797,-0.616796922683716
2500054,3.3,3.3408632,-0.04086322784423846
2500134,3.1,3.9018881,-0.8018881320953368
2500069,3.4,3.7583663,-0.358366346359253
2500256,3.4,3.4879384,-0.08793840408325204
2500024,3.4,3.5557816,-0.15578160285949716
2500075,3.3,3.6415257,-0.3415257453918459
2500029,3.4,3.4860315,-0.08603153228759775
2500079,3.6,3.9907427,-0.39074268341064444
2500343,3.5,4.0490246,-0.5490245819091797
2500052,3.3,3.5774393,-0.2774393081665041
2500062,3.3,3.9056065,-0.6056065082550051
2500056,3.4,3.7455156,-0.3455155849456788
2500030,3.7,3.819427,-0.11942701339721662
2500390,3.2,3.9100325,-0.7100325107574461
2500007,3.4,3.9778035,-0.5778034687042237
2500123,3.3,3.786445,-0.4864449024200441
2500122,3.3,3.304174,-0.004173946380615412
2500346,3.3,3.6804402,-0.3804401874542238
50943,4.1,4.126251,-0.026251220703125355
58268,4.7,4.28185,0.41815013885498065
51705,4.8,4.1268296,0.6731703758239744
18162866,3.9,4.3072867,-0.4072867393493653
18407918,4.2,4.369201,-0.16920118331909162
56464,4.0,3.9512358,0.04876422882080078
18221572,4.3,4.332488,-0.03248805999755877
18359919,4.6,4.0020313,0.5979686737060543
18439634,4.7,4.038039,0.6619607925415041
51040,4.7,4.052039,0.6479608535766603
54162,4.1,4.0673656,0.03263435363769496
18305628,4.3,3.8292036,0.47079639434814435
18385443,4.5,3.9926226,0.5073773860931396
56618,4.6,4.4810634,0.11893663406372035
18353121,4.4,4.294584,0.10541620254516637
18366652,4.6,3.7900898,0.809910154342651
18430785,4.2,3.9073334,0.2926666259765627
58882,4.5,3.9121742,0.5878257751464844
18422898,3.9,4.100968,-0.2009678840637208
18339874,4.4,4.1874886,0.21251144409179723
2600472,3.3,3.7735472,-0.4735471725463869
2600514,3.4,3.8865304,-0.48653039932250985
2600109,4.9,3.642578,1.2574221134185795
2600311,3.9,3.5739434,0.3260566234588622
2600008,4.2,3.7179909,0.48200912475585955
2600031,4.0,4.0308175,-0.030817508697509766
2600250,4.0,4.005854,-0.005854129791259766
2600025,4.1,3.9974904,0.10250959396362269
2600494,3.8,3.9198644,-0.1198644161224367
18108352,3.8,3.9697084,-0.16970844268798846
2600079,3.5,3.9080453,-0.40804529190063477
2600340,3.6,3.9482093,-0.3482092857360839
18461339,3.6,3.9043925,-0.30439248085021964
2600010,4.1,3.8801305,0.21986947059631312
2600230,4.4,3.6935818,0.7064181804656986
2600003,4.1,3.828327,0.2716730594635006
2600303,4.3,3.919688,0.38031201362609846
2600180,3.9,3.9564476,-0.056447601318359464
2600393,3.8,4.089126,-0.2891261100769045
2600007,4.3,3.9552176,0.3447824001312254
2900587,3.9,3.9887164,-0.08871636390686044
2900354,4.1,3.8003664,0.29963359832763636
2900633,4.6,4.245584,0.3544159889221188
18408676,4.5,3.9849818,0.5150182247161865
2900234,3.9,4.0394144,-0.139414405822754
2900550,4.0,4.158093,-0.15809297561645508
18362677,3.7,3.8003588,-0.10035877227783185
2900044,4.1,3.9669878,0.1330121517181393
2900469,3.6,3.6813939,-0.0813938617706298
2900219,3.8,3.9182503,-0.11825032234191912
2900473,3.7,3.8625176,-0.16251759529113752
2900020,3.7,3.9995275,-0.2995274543762205
2900562,3.8,4.00247,-0.20247001647949237
18413814,4.0,3.90464,0.09536004066467285
18235390,4.0,3.9529116,0.0470883846282959
2900640,4.3,3.9971116,0.30288844108581525
18271459,4.1,3.6813939,0.41860613822936976
18377283,3.8,3.9595914,-0.15959138870239276
18408600,4.2,3.82561,0.37439007759094256
2900012,4.3,3.8957198,0.40428023338317853
18436042,3.5,4.0456433,-0.5456433296203613
122003,3.7,4.002738,-0.30273799896240217
121552,4.2,3.9528058,0.24719424247741717
121214,4.3,4.402206,-0.10220594406127947
121553,4.1,4.0626235,0.037376499176025035
121312,4.0,4.2942514,-0.2942514419555664
121335,4.0,4.1049366,-0.10493659973144531
120014,4.5,4.135298,0.3647022247314453
123125,4.3,3.8033993,0.49660067558288556
120221,3.8,3.5613968,0.23860316276550275
122064,3.4,4.127108,-0.7271080970764161
120203,4.1,3.9023583,0.19764170646667445
120219,4.1,3.7932394,0.30676064491271937
121425,4.0,4.0531325,-0.05313253402709961
123010,4.2,4.2822776,-0.08227758407592756
123294,3.3,3.8945467,-0.5945467472076418
121120,4.4,3.6608658,0.7391342163085941
122940,4.5,3.7737176,0.7262823581695557
122830,4.0,3.6734555,0.32654452323913574
69024,4.2,4.2399325,-0.039932537078857244
72475,3.8,4.0961976,-0.2961976051330568
70431,4.4,4.0353885,0.36461153030395543
71443,4.2,4.037016,0.162984085083008
73088,4.8,4.325799,0.47420101165771467
18423075,4.2,4.269501,-0.06950120925903303
70890,4.6,3.7599638,0.8400362491607662
71492,4.1,3.9170074,0.18299255371093714
70092,4.0,4.1346564,-0.13465642929077148
70393,4.6,4.1998615,0.40013847351074183
70894,4.2,3.9433227,0.2566773414611818
73279,3.8,4.1336923,-0.33369226455688494
69951,4.3,4.273223,0.02677707672119123
72497,4.4,4.067306,0.33269395828247106
65413,4.3,4.2022486,0.09775142669677717
70497,4.5,4.2027044,0.29729557037353516
65055,4.4,4.3952036,0.004796409606933949
18384227,4.9,4.0760565,0.8239435195922855
72604,4.6,3.9269412,0.6730588436126705
66457,4.0,4.1724877,-0.17248773574829102
18260777,4.6,4.147322,0.45267782211303675
3000107,3.9,3.9171026,-0.017102575302124112
3000132,3.8,4.1282873,-0.3282873153686525
3000122,3.5,4.0799265,-0.5799264907836914
3001032,4.3,3.9286182,0.37138180732727033
3000021,4.1,4.202229,-0.10222902297973668
18434000,3.8,3.8795464,-0.07954640388488787
3000195,4.5,3.9499476,0.5500524044036865
3000126,3.8,3.9890068,-0.18900675773620623
18280306,3.9,3.8579729,0.0420271396636962
3001489,4.2,4.261816,-0.06181602478027326
3000770,4.0,4.140716,-0.1407160758972168
3000062,4.0,3.9319794,0.06802058219909668
3000016,4.0,4.135344,-0.1353440284729004
3000014,4.3,3.9466012,0.3533988475799559
3000001,4.2,4.001828,0.1981718063354494
3001321,4.9,4.1930017,0.7069982528686527
3000996,4.2,3.850884,0.3491160392761232
3001065,4.3,3.9865928,0.3134072303771971
3000048,4.4,4.012074,0.387926006317139
3500012,3.6,3.956747,-0.35674705505371085
3500007,3.8,3.6894748,0.11052517890930158
3500017,3.9,4.1705503,-0.2705503463745118
3500018,3.9,4.234753,-0.33475313186645517
3500011,4.2,4.0111427,0.18885726928710955
18416632,4.9,4.0593414,0.8406585693359379
18408585,4.0,4.3965783,-0.396578311920166
3500059,3.8,3.9115777,-0.1115777015686037
3500081,4.0,3.9705129,0.029487133026123047
17971273,4.1,3.7116473,0.3883527278900143
3500365,3.9,3.957524,-0.05752406120300302
3500013,3.9,3.9926574,-0.09265742301940927
3500024,3.9,3.8404553,0.0595447063446044
3500488,3.9,3.9681833,-0.06818327903747567
3500505,4.4,4.3382745,0.06172552108764684
3500010,4.0,4.2215095,-0.22150945663452148
3500414,4.1,4.0485015,0.051498508453368785
18440677,4.2,4.0718803,0.1281196594238283
3500484,4.2,4.1431823,0.05681772232055682
301728,2.9,3.017823,-0.1178229808807374
5992,2.8,3.0136673,-0.21366734504699725
301730,2.8,2.8483753,-0.04837532043457049
301729,2.9,2.9837735,-0.08377346992492685
301731,2.8,3.0779307,-0.2779306888580324
311053,3.0,2.9618518,0.03814816474914551
304046,2.9,3.0728612,-0.1728611946105958
309936,3.0,2.927345,0.07265496253967285
309927,2.9,3.0081584,-0.10815844535827646
18037826,2.8,3.1455007,-0.34550065994262713
301163,3.4,3.3241022,0.07589783668518058
4931,3.4,3.1615202,0.23847975730895987
1804,3.8,3.3743148,0.4256852149963377
312102,3.6,3.381309,0.21869096755981454
18217857,3.6,3.4928455,0.10715446472167978
311051,2.1,3.3661182,-1.2661181926727294
18133510,4.0,3.4475605,0.5524394512176514
308380,4.1,3.328846,0.7711540222167965
6077,3.2,3.103418,0.09658188819885272
308082,2.7,3.0839295,-0.38392953872680646
309558,3.4,2.8577037,0.5422963142395019
8128,2.4,3.2157488,-0.8157487869262696
9785,2.8,3.359481,-0.5594810962677004
6025,3.0,3.310812,-0.31081199645996094
6013,3.2,3.2139819,-0.013981866836547674
8153,2.8,3.36855,-0.5685500621795656
18279477,2.8,2.9048824,-0.10488243103027362
18359331,3.1,3.148078,-0.048077964782714755
301151,3.0,3.1653805,-0.16538047790527344
18204479,3.1,3.0696607,0.03033933639526376
2198,2.9,3.0744479,-0.1744478702545167
18258480,3.3,3.0032132,0.29678683280944806
9698,3.0,2.9853196,0.01468038558959961
8326,2.6,3.0799425,-0.4799424648284911
18270379,2.9,2.969827,-0.06982693672180185
304006,2.9,3.033534,-0.13353404998779306
308957,3.1,2.9668937,0.13310632705688485
18383469,3.2,3.0677333,0.13226671218872088
1367,3.4,3.0209558,0.3790441989898681
9650,3.3,3.256675,0.04332499504089338
308335,2.7,3.03359,-0.33359007835388166
18391065,3.4,3.1518362,0.24816384315490714
301193,3.3,3.1673281,0.13267188072204572
18107832,2.6,3.1624408,-0.5624407768249511
18089254,3.3,3.218523,0.08147697448730451
312981,3.4,3.3433824,0.05661764144897452
18082235,2.7,3.0629194,-0.36291937828063947
18138421,2.6,3.2030098,-0.6030098438262939
18421965,2.7,3.4489431,-0.7489431381225584
303267,3.4,3.1771374,0.22286262512207022
7471,4.5,3.2816367,1.2183632850646973
18219542,3.6,3.3078134,0.2921865940093995
18355112,3.5,3.3340192,0.16598081588745117
18270895,3.8,3.3305824,0.4694176197052
18313839,3.5,3.218637,0.28136301040649414
5005,3.6,3.1080694,0.49193058013916025
1820,3.7,3.146135,0.553864908218384
3863,3.6,3.20542,0.39457998275756845
9814,3.5,3.1458592,0.3541407585144043
18474912,3.6,3.1551003,0.4448996543884278
18161568,3.5,3.341895,0.15810489654541016
18416829,3.6,3.2018898,0.3981102466583253
18400756,3.8,3.0900426,0.7099574089050291
301177,3.5,3.2026772,0.29732275009155273
6161,3.6,3.1770055,0.42299447059631357
2565,3.8,3.2256837,0.5743163108825682
3866,3.5,3.113752,0.3862481117248535
18250288,4.1,3.626022,0.47397789955139125
1430,2.9,2.9913723,-0.09137234687805185
18393702,2.9,3.2696722,-0.3696721553802491
6152,2.5,3.0355477,-0.5355477333068848
306962,3.1,3.0789409,0.021059131622314542
18445360,3.0,3.1269627,-0.12696266174316406
6150,3.4,3.0789409,0.32105913162231436
18421024,3.3,3.1484022,0.15159778594970685
18471260,3.1,3.2022457,-0.10224571228027335
18367316,3.1,3.188111,-0.08811106681823722
304001,2.8,3.0233018,-0.2233018398284914
8319,2.7,2.9906301,-0.2906301498413084
303871,2.7,2.9138043,-0.21380429267883283
8321,2.7,3.0513475,-0.35134749412536603
311047,2.8,2.9495854,-0.14958543777465838
8320,2.7,2.9834082,-0.283408212661743
8308,3.2,3.069217,0.13078303337097186
18303717,3.4,3.1554275,0.2445725440979003
304004,3.3,3.0758805,0.22411947250366193
18420432,3.0,3.1864672,-0.18646717071533203
9824,3.3,3.211252,0.08874802589416486
8029,2.8,3.144863,-0.34486289024353045
312788,3.1,3.1506908,-0.05069079399108878
309672,2.8,3.063131,-0.263131093978882
18359861,3.0,3.2651565,-0.26515650749206543
18369105,2.6,3.4973304,-0.8973304271697997
18133473,2.9,3.111301,-0.2113009452819825
8167,3.1,3.6366374,-0.5366374492645263
18420465,3.1,3.120973,-0.02097311019897452
309656,3.1,3.1328528,-0.032852792739868075
305235,2.9,3.1750705,-0.27507052421569833
1414,2.7,3.1127534,-0.41275339126586896
304112,2.7,2.8940604,-0.19406037330627424
18204478,3.0,3.171134,-0.17113399505615234
18444264,3.3,3.2223084,0.077691602706909
9224,3.1,3.3403099,-0.24030985832214347
8054,3.1,3.3009102,-0.20091023445129386
304114,2.8,3.1982594,-0.3982593536376955
1413,2.7,3.3937013,-0.6937013149261473
1715,3.1,3.3007827,-0.20078268051147452
4464,2.9,3.1834798,-0.28347978591918954
5010,2.7,3.1590068,-0.4590068340301512
301127,3.6,3.0426073,0.5573926925659181
18433895,3.0,3.0997477,-0.0997476577758789
309632,2.9,3.0024567,-0.10245666503906259
312874,3.1,3.141895,-0.041895055770873935
18107870,2.9,3.1201897,-0.22018966674804696
18237362,2.9,3.281688,-0.38168797492980966
307084,3.2,3.139111,0.0608889579772951
305618,2.5,3.2179964,-0.71799635887146
307803,3.5,3.0081122,0.49188780784606934
313040,2.7,3.213907,-0.5139070034027098
17982346,3.0,3.2044456,-0.20444560050964355
18204501,3.0,3.023279,-0.02327895164489746
1823,2.9,3.0563517,-0.156351661682129
6143,3.0,3.0262713,-0.026271343231201172
8297,3.1,3.047428,0.052572107315063565
8318,2.9,3.0321503,-0.1321502685546876
18458631,3.0,3.0790546,-0.07905459403991699
312842,3.0,3.0992925,-0.09929251670837402
312084,2.9,3.0424464,-0.14244637489318857
18247033,3.2,3.0799105,0.12008948326110858
18126118,3.4,3.207462,0.1925379276275634
18429393,2.9,3.0688653,-0.1688652992248536
18241905,3.0,3.051509,-0.05150890350341797
18425750,3.2,3.1036556,0.09634442329406756
18261694,3.1,3.22422,-0.12422003746032706
18365998,3.3,3.0365865,0.26341347694396955
18273572,3.4,3.1473465,0.25265350341796866
18363078,3.5,3.0659573,0.43404269218444824
18356019,3.1,3.1919618,-0.09196176528930655
8026,2.9,2.91146,-0.011459922790527433
18265697,3.0,2.8941662,0.10583376884460449
307151,2.8,2.993857,-0.19385690689086932
18107844,2.8,3.0503097,-0.2503096580505373
18337896,2.6,3.1299284,-0.5299283504486083
18261699,3.0,3.0732467,-0.07324671745300293
18306531,3.1,2.9795017,0.12049827575683603
303571,3.1,2.985519,0.11448106765747079
8099,3.0,2.9598796,0.04012036323547363
18477428,3.0,3.094336,-0.09433603286743164
2680,3.0,3.2938116,-0.293811559677124
2679,3.1,3.3826144,-0.2826143741607665
8417,3.3,3.3406289,-0.04062886238098162
309757,2.8,3.1106668,-0.31066675186157244
307903,3.0,3.3674781,-0.3674781322479248
313502,3.6,3.1649973,0.43500266075134286
18409175,3.9,2.9860663,0.9139336585998534
300713,2.5,3.2975612,-0.7975611686706543
8623,3.4,3.1398041,0.2601958751678466
1318,3.3,3.1467752,0.15322475433349592
311523,3.4,3.1176999,0.28230013847351065
8590,3.2,3.041846,0.15815396308898944
8583,2.9,3.0232096,-0.123209571838379
300756,2.6,3.137921,-0.5379210948944091
4239,3.3,3.0865486,0.21345143318176252
18168161,3.2,2.8737967,0.32620329856872576
18381223,3.0,2.9838748,0.016125202178955078
18034077,2.7,2.9258952,-0.22589521408081037
3824,2.6,2.9747403,-0.37474026679992667
2572,3.3,2.9706964,0.32930355072021467
8595,3.1,3.0327578,0.06724224090576181
309702,3.6,3.0906374,0.509362554550171
8601,3.6,3.5824013,0.017598724365234464
1683,1.8,3.0024304,-1.2024304389953613
301670,3.3,3.0749507,0.22504930496215803
17953902,3.2,3.0959432,0.1040567874908449
130409,4.5,4.082183,0.4178171157836914
130275,4.8,4.214422,0.5855777740478514
130332,4.4,4.2922206,0.10777940750122106
130230,3.5,3.903847,-0.40384697914123535
16519268,4.6,4.2566886,0.3433114051818844
16512186,3.8,4.2016177,-0.4016177177429201
16512333,4.3,4.2405496,0.05945043563842756
16512336,4.2,3.9707034,0.22929663658142108
16519168,4.4,3.914126,0.48587408065795934
130021,3.7,3.9603562,-0.2603562355041502
130567,4.3,3.9641163,0.3358836650848387
130008,3.8,4.1332617,-0.3332616806030275
16519267,4.2,3.9557707,0.24422926902771014
130535,4.6,4.11175,0.4882498741149899
130699,3.7,3.9360485,-0.2360485076904295
16512168,4.5,4.0860796,0.41392040252685547
130888,4.7,4.299534,0.40046615600585955
16519231,4.3,4.023501,0.2764990806579588
16541849,4.4,4.4026585,-0.0026584625244137072
18022206,4.2,4.2992496,-0.09924964904785138
18396451,3.4,3.1103535,0.2896465301513671
18237941,2.7,3.1710997,-0.47109966278076154
2787,4.3,3.5578537,0.7421463012695311
3431,4.0,3.8835592,0.1164407730102539
303699,3.0,3.052405,-0.05240511894226074
5915,3.0,3.0895798,-0.08957982063293457
7076,3.0,2.8679826,0.1320173740386963
300439,3.0,3.4562557,-0.4562556743621826
18458334,3.1,2.9926856,0.10731444358825692
18353710,2.9,3.1239007,-0.22390065193176278
5904,2.8,3.4488473,-0.6488472938537599
5876,2.9,3.3752818,-0.47528181076049814
872,3.9,3.4827328,0.4172672271728515
18365849,3.4,3.312456,0.0875441074371337
227,3.4,3.263978,0.1360219955444335
3446,3.4,3.450463,-0.050463056564331144
300100,3.3,3.6069038,-0.3069037914276125
8597,3.4,3.4422517,-0.04225168228149423
3449,2.5,3.4134243,-0.9134242534637451
303749,3.8,3.5271895,0.27281050682067853
18349898,3.9,3.4893973,0.4106027126312255
18349892,3.6,3.1772869,0.4227131366729737
18425752,4.3,3.3990483,0.9009516716003416
7507,3.8,3.362909,0.43709092140197736
300490,3.0,3.4128954,-0.41289544105529785
300488,3.5,3.1118226,0.38817739486694336
18306521,3.5,3.3733397,0.12666034698486328
309090,3.4,3.4801784,-0.08017835617065439
18441709,3.2,3.5207105,-0.32071046829223615
304832,3.9,3.6142325,0.2857674598693847
311297,3.7,3.7961195,-0.09611945152282697
303858,3.7,3.7988708,-0.098870801925659
302288,3.5,3.9021907,-0.4021906852722168
18233573,4.0,3.6828208,0.31717920303344727
309015,4.2,3.9357862,0.2642137527465822
18382344,4.2,3.8184984,0.38150162696838397
18254537,4.1,4.1469135,-0.04691352844238317
4358,3.9,3.80042,0.09957995414733878
2443,3.7,3.643274,0.05672593116760272
270,2.8,3.266947,-0.46694703102111834
309252,3.3,3.8184578,-0.5184578418731691
18303709,4.6,3.8017604,0.7982395648956295
18409224,4.6,3.8562703,0.7437296867370602
18277179,4.5,3.7454674,0.7545325756072998
308570,3.7,3.84349,-0.14348988533020002
308263,3.7,3.8567972,-0.15679721832275373
306133,3.7,3.8715057,-0.17150573730468732
306142,3.7,3.383637,0.316363048553467
308609,3.6,3.7469034,-0.14690341949462882
18383453,3.9,3.6899521,0.21004786491394034
305478,3.8,3.7688317,0.031168270111083807
308357,3.6,3.7982545,-0.19825448989868155
306128,3.6,3.8263726,-0.22637262344360343
308020,3.9,3.655965,0.24403491020202628
309883,3.6,3.7810397,-0.18103971481323233
306132,3.8,3.8583722,-0.058372211456299006
306956,3.9,4.017952,-0.11795196533203134
305862,3.9,3.759949,0.1400510311126708
307309,3.8,3.917715,-0.11771507263183612
306131,3.6,3.7538915,-0.15389146804809561
306127,3.5,3.7252376,-0.22523760795593262
313149,3.9,3.7708192,0.12918081283569327
306001,3.9,3.5733826,0.3266173839569091
308016,3.8,4.0058384,-0.20583839416503924
18336509,3.8,3.7262194,0.07378058433532697
18336176,3.7,3.7955468,-0.09554677009582502
18383472,3.8,3.7706823,0.02931766510009748
18292448,3.9,3.7242987,0.17570128440856925
306134,2.4,3.798399,-1.3983989715576173
306946,4.0,4.079822,-0.07982206344604492
18289242,4.3,3.9921622,0.3078377723693846
18277030,4.0,3.8160312,0.18396878242492676
306153,4.0,3.8784065,0.12159347534179688
308022,4.3,3.9983025,0.30169754028320295
305905,4.1,4.021251,0.07874879837036097
18245277,4.0,3.4557602,0.5442397594451904
305670,4.0,3.7694426,0.23055744171142578
305815,4.0,3.9113297,0.08867025375366211
18208920,4.1,3.7943184,0.3056815624237057
306046,4.0,3.9336102,0.06638979911804199
18381226,4.0,3.7657998,0.23420023918151855
4992,3.1,3.588382,-0.48838200569152823
300749,3.8,3.611953,0.18804697990417463
278,3.8,3.4651928,0.33480720520019513
225,2.4,3.2205827,-0.8205827236175538
18337929,4.2,3.7660797,0.4339203357696535
5960,3.4,3.6961632,-0.29616317749023446
1664,3.3,3.5478358,-0.24783582687377947
157,2.5,3.5121384,-1.0121383666992188
18235155,3.8,3.605241,0.19475893974304181
310211,3.7,3.5768743,0.12312574386596697
3346,3.8,3.411885,0.3881149768829344
310854,3.8,3.6588342,0.141165781021118
18247015,3.9,3.4304805,0.4695195198059081
309387,3.6,3.3821259,0.2178741455078126
7418,3.8,3.527397,0.2726030826568602
1455,3.5,3.4790182,0.020981788635253906
18241867,3.5,3.7154727,-0.21547269821166992
308889,3.5,3.5300515,-0.030051469802856445
4620,2.4,3.4620702,-1.0620702266693116
18322666,4.3,3.6631222,0.6368778228759764
311718,4.0,3.2645743,0.7354257106781006
18255106,4.1,3.5636187,0.5363813400268551
4876,3.2,3.2449627,-0.04496269226074201
631,2.6,3.0725799,-0.47257986068725577
226,2.8,2.9808288,-0.18082876205444354
8805,3.0,3.291999,-0.29199910163879395
3540,2.6,3.1794713,-0.5794712543487548
311579,3.3,3.0520482,0.24795179367065412
303709,2.8,3.3627224,-0.5627223968505861
18391156,3.3,3.134154,0.16584591865539533
301319,3.3,3.1306014,0.1693985939025877
158,3.1,2.972735,0.12726507186889657
1360,2.5,3.1748202,-0.6748201847076416
310737,3.9,3.3200774,0.579922580718994
4762,3.5,3.067747,0.4322528839111328
311116,2.2,2.9978538,-0.7978537559509276
3483,3.4,3.478465,-0.07846508026123056
18308025,3.1,3.388289,-0.2882889747619628
307272,3.2,3.3066998,-0.10669975280761701
18025115,2.9,3.3558354,-0.4558354377746583
18454285,3.0,3.2361417,-0.23614168167114258
1687,2.9,3.2290304,-0.32903037071228036
308605,3.4,3.4684703,-0.06847033500671396
18422652,3.2,3.3887718,-0.18877177238464338
18131568,3.2,3.1992626,0.0007373809814454901
18034048,3.1,3.2146783,-0.11467828750610343
18138457,2.9,3.2991407,-0.39914069175720224
313272,2.9,3.434086,-0.5340860843658448
9778,2.8,3.100414,-0.30041403770446795
312523,3.1,3.3970172,-0.2970172405242919
18424575,3.1,3.5723302,-0.47233023643493643
18204463,4.6,3.5148976,1.0851024150848385
307627,3.9,3.5209227,0.3790773391723632
301302,3.8,3.4541233,0.3458767414093016
312995,3.9,3.4005568,0.4994431972503661
308577,3.8,3.42034,0.3796599388122557
313376,3.5,3.3801095,0.11989045143127441
312536,3.6,3.5111022,0.08889780044555673
310385,3.8,3.500802,0.29919795989990217
311080,3.8,3.2865155,0.5134845256805418
3565,2.5,3.0989082,-0.5989081859588623
18367364,3.2,3.1284516,0.07154841423034686
1028,3.0,3.0365288,-0.036528825759887695
308673,2.6,3.027094,-0.4270938873291015
18383473,3.2,3.1958292,0.004170846939087092
18444416,3.3,3.17036,0.12963991165161115
18161609,3.1,3.0323048,0.06769523620605478
611,3.2,3.2062564,-0.006256389617919744
18322677,3.2,3.556092,-0.3560920238494871
18204847,3.3,3.244224,0.055775928497314275
308044,2.8,3.360279,-0.5602790832519533
18294819,2.9,3.4407587,-0.5407587051391602
309697,3.0,3.2800856,-0.28008556365966797
18444353,3.4,3.251925,0.1480750083923339
304185,3.0,3.1267087,-0.1267087459564209
18383489,3.2,2.8644881,0.33551187515258807
312022,3.4,3.406087,-0.00608692169189462
18425765,3.4,3.0135858,0.3864141941070556
2827,2.7,3.1543317,-0.45433168411254865
18223957,3.3,3.2922647,0.007735300064086736
18492107,3.4,3.1924016,0.2075983524322509
300074,3.1,3.3378372,-0.23783721923828116
305096,2.5,3.0178401,-0.5178401470184326
18336206,2.5,3.0422463,-0.5422463417053223
303094,3.4,3.0561986,0.3438014030456542
306858,2.6,3.1564183,-0.5564183235168456
312562,3.1,3.0616364,0.03836355209350595
307935,3.1,3.2027483,-0.10274829864501944
302184,3.1,3.0355005,0.06449947357177743
1694,2.7,3.0630164,-0.3630164146423338
309541,3.4,3.32501,0.07498993873596183
18161587,3.2,3.0164306,0.183569383621216
18258475,3.0,3.0879679,-0.0879678726196289
313209,3.2,3.2159984,-0.01599841117858869
302229,3.1,3.2931707,-0.19317069053649893
18441196,3.2,3.048955,0.15104503631591815
18398610,3.4,3.5730286,-0.1730285644531251
18237322,3.2,3.2611966,-0.0611966133117674
309696,2.7,3.129189,-0.4291890144348143
18357544,2.9,3.457745,-0.5577450752258302
18431563,3.3,3.1636977,0.1363022804260252
18337747,3.0,3.1676025,-0.1676025390625
18258477,3.2,3.3111126,-0.11111264228820783
18396189,3.2,3.1063948,0.09360523223876971
6915,2.7,3.1418798,-0.44187979698181135
18233576,3.3,3.1312265,0.16877346038818342
18256890,2.8,3.0991518,-0.2991518497467043
18384115,4.9,3.5667214,1.333278560638428
18352208,3.7,3.3920271,0.3079728603363039
4171,3.6,3.2612698,0.33873019218444833
18238279,3.5,3.170037,0.32996296882629395
18286517,3.9,3.075099,0.8249010086059569
575,3.7,3.1889634,0.5110365867614748
18280305,3.6,3.014249,0.5857509136199952
18359286,3.5,3.1578097,0.3421902656555176
18450609,3.5,2.9965053,0.5034947395324707
18237324,3.5,2.9705381,0.5294618606567383
18461214,3.6,3.4153605,0.18463954925537118
18294226,3.8,3.014477,0.7855229854583738
18383513,3.5,3.5985916,-0.09859156608581543
18372311,3.5,3.6148176,-0.11481761932373047
4172,2.0,3.053726,-1.0537259578704834
310525,2.1,3.1627834,-1.06278338432312
300054,2.2,3.2852888,-1.0852888107299803
301278,2.2,3.008449,-0.808449077606201
18451182,4.0,3.635494,0.3645060062408447
18384142,4.3,3.3911555,0.9088445186614988
18241498,4.0,3.3082812,0.6917188167572021
18265384,4.3,3.4974296,0.8025703907012938
311494,3.1,3.553466,-0.4534660816192626
7078,3.4,3.877289,-0.4772890567779542
307185,3.4,3.7030888,-0.30308876037597665
18371404,3.7,3.8819568,-0.18195681571960431
18281982,3.8,4.0695033,-0.2695033073425295
311725,3.5,3.7156591,-0.21565914154052734
18365994,3.9,3.557199,0.34280099868774405
18254524,3.8,3.7463837,0.05361633300781232
18070480,3.5,3.9924867,-0.49248671531677246
312261,3.9,3.7726703,0.12732973098754874
18433890,3.8,3.945617,-0.14561696052551287
18138434,3.9,3.8484447,0.051555299758911044
303100,3.6,3.6953,-0.09530010223388663
18025125,3.6,3.9501507,-0.3501507282257079
18425140,4.2,3.8364604,0.36353964805603045
18241497,4.4,3.9652443,0.43475570678710973
18153541,4.1,3.980119,0.11988101005554164
18339049,4.0,3.5663798,0.4336202144622803
18232093,4.1,3.6245687,0.47543129920959437
18361762,4.1,3.5267177,0.5732823371887203
18025098,4.1,3.9144897,0.18551025390624964
18337913,3.4,3.577235,-0.17723498344421396
18138446,3.6,3.6255662,-0.025566244125366122
18383447,3.9,3.2638905,0.6361094951629638
18381262,3.8,3.483984,0.3160160064697264
18349894,3.1,3.5987031,-0.49870314598083487
304552,3.4,3.8115106,-0.4115105628967286
4618,2.9,3.625513,-0.7255130767822267
307366,3.6,3.6039965,-0.003996515274047763
18366026,3.8,3.415207,0.3847930908203123
9895,3.6,3.7558138,-0.1558138370513915
18453035,3.6,3.8093367,-0.20933666229248038
302455,3.5,3.740245,-0.24024510383605957
308248,3.5,3.5539424,-0.05394244194030762
313047,3.8,3.7355356,0.06446437835693342
8241,4.2,3.819578,0.3804220676422121
18341926,4.1,3.954801,0.14519891738891566
308023,4.1,3.629664,0.4703360557556149
311486,4.0,3.87773,0.12227010726928711
18138430,4.4,3.7171667,0.6828333377838138
18361778,4.2,3.608138,0.5918619155883791
9742,4.1,3.5107794,0.5892206192016598
7518,3.4,3.5631714,-0.1631713867187501
7516,3.6,3.5011482,0.09885177612304696
3586,3.3,3.2974062,0.002593803405761541
313264,3.4,3.297205,0.10279502868652335
311805,2.6,3.263864,-0.6638640403747558
308897,2.6,3.1384418,-0.5384418010711669
2825,2.7,3.2202306,-0.5202305793762205
9674,2.9,3.0367675,-0.13676748275756845
18276997,3.8,3.1386516,0.6613483905792235
18336180,2.6,3.2642317,-0.6642316818237304
311061,3.2,3.2939787,-0.09397869110107404
18312471,3.6,3.5325158,0.0674842357635499
18378048,3.6,3.3220537,0.2779463291168214
18462584,3.8,3.1408882,0.6591117858886717
5019,3.6,3.5054505,0.09454951286315927
4719,4.0,3.5080786,0.49192142486572266
305400,2.6,3.4185688,-0.8185688495635985
309141,2.7,3.3965251,-0.6965251445770262
302880,2.8,3.7175884,-0.9175884246826174
303960,4.6,3.494368,1.1056319236755368
9773,3.6,3.7121968,-0.11219682693481436
309125,3.9,3.532553,0.36744704246520987
18463965,3.8,3.659778,0.1402218818664549
18408054,4.1,3.4488778,0.6511221885681149
2091,3.3,3.3122332,-0.01223320960998553
305790,2.7,3.4577155,-0.7577155113220213
3445,2.8,3.4553657,-0.6553656578063967
312111,2.8,3.3735886,-0.5735885620117189
2475,3.2,3.318893,-0.11889295578002912
18361772,3.2,3.435116,-0.2351160526275633
308553,3.3,3.3119493,-0.011949253082275568
307043,3.4,3.7508364,-0.35083637237548837
307304,3.4,3.2360685,0.1639315128326415
18427868,4.6,3.6233685,0.9766314983367916
2148,3.7,3.8806639,-0.18066387176513654
18450874,3.6,3.2592368,0.34076318740844735
18408063,3.6,3.4170198,0.1829801559448243
18393697,3.8,3.438203,0.3617969036102293
8931,3.5,3.9654548,-0.4654548168182373
306880,3.5,3.426201,0.07379889488220215
18408031,3.6,3.3387275,0.2612725257873536
304897,3.7,3.4973598,0.20264024734497088
309136,3.6,3.6167665,-0.016766452789306552
307580,3.9,3.9932446,-0.09324464797973642
18430557,3.9,3.5932455,0.3067544937133788
18441771,3.7,3.5025225,0.19747753143310565
18460311,3.5,3.4279926,0.07200741767883301
18161583,3.6,3.4989572,0.10104284286499032
18237346,4.2,3.6756108,0.5243892192840578
311662,4.0,3.5542567,0.4457433223724365
18430602,4.0,3.6363866,0.3636133670806885
5172,3.1,2.9367282,0.16327176094055185
6643,2.8,2.946418,-0.14641804695129412
300978,3.1,2.95299,0.14700994491577157
311640,2.8,3.2799697,-0.4799696922302248
303430,2.8,3.2697897,-0.46978969573974627
309423,2.9,3.303672,-0.40367207527160653
309421,2.7,3.334499,-0.634498882293701
308390,3.4,3.383186,0.016813898086547763
308473,2.7,3.4828143,-0.782814311981201
308997,3.6,3.5495963,0.050403690338134854
308470,3.6,3.476503,0.12349710464477548
308477,3.8,3.42516,0.3748400688171385
307786,3.8,3.491829,0.3081710815429686
308447,4.0,3.3690188,0.6309812068939209
17977796,3.8,3.4197905,0.3802094936370848
4256,2.7,3.3793945,-0.6793945312499998
18306548,3.4,3.29521,0.10479011535644522
5032,2.8,3.583206,-0.7832059383392336
7472,3.6,3.3001978,0.2998021602630616
302336,2.8,3.4806452,-0.6806451797485353
8413,3.7,3.6144462,0.08555383682250994
8437,3.7,3.8300962,-0.13009624481201154
8019,3.4,3.454281,-0.054281091690063565
307416,3.6,3.4395943,0.16040573120117196
18369743,4.1,3.446932,0.6530679225921627
307533,3.0,3.1343167,-0.13431668281555176
307225,3.0,3.0346503,-0.034650325775146484
307426,3.0,3.0870063,-0.0870063304901123
6700,3.2,3.4063563,-0.20635633468627912
300538,2.8,2.9751294,-0.17512936592102069
4879,3.3,3.2003353,0.0996647357940672
18198441,3.3,3.3154893,-0.015489292144775568
18334445,3.2,2.9939728,0.20602722167968768
302920,3.1,3.4421632,-0.34216322898864737
18430882,2.8,3.1729386,-0.37293858528137225
313204,3.4,3.5770948,-0.17709479331970224
303477,3.2,3.2391949,-0.03919486999511701
5230,2.6,3.645709,-1.0457090377807616
3582,3.2,3.51419,-0.3141899585723875
303470,2.8,3.1082144,-0.30821437835693377
429,2.7,3.0517297,-0.35172967910766584
18034040,2.8,3.4204671,-0.6204671382904055
17953932,3.1,3.3153086,-0.21530857086181632
312668,3.1,3.3298397,-0.22983970642089835
997,3.8,3.2631602,0.5368397712707518
2144,3.8,3.3397076,0.4602923870086668
305682,3.6,3.2903972,0.30960283279418954
17953934,3.7,3.5326302,0.16736979484558123
3855,3.5,3.3174953,0.18250465393066406
310445,3.6,3.388604,0.21139607429504403
892,2.3,3.1284907,-0.8284906864166262
2056,2.4,3.137232,-0.7372320652008058
307509,4.1,3.4242866,0.6757133960723873
797,3.3,3.622485,-0.3224849224090578
308013,3.5,3.8947444,-0.3947443962097168
2760,3.7,3.7914746,-0.09147458076477033
8913,4.1,3.8359778,0.2640222072601315
311759,3.2,3.36275,-0.16275005340576154
18446889,3.0,3.3642824,-0.36428236961364746
9957,3.2,3.1666567,0.033343267440796076
308840,2.6,3.1457412,-0.5457412242889403
18432226,3.7,3.3795788,0.32042117118835467
311777,3.5,3.3336067,0.16639328002929688
2064,2.7,3.3808134,-0.6808133602142332
311758,3.3,3.2993095,0.0006905078887937677
514,3.4,3.3392792,0.06072082519531241
18408212,3.4,3.277639,0.12236108779907218
2061,2.9,3.1803908,-0.2803908348083497
2458,3.4,3.4892137,-0.0892137050628663
420,2.9,3.3198328,-0.41983280181884775
1599,2.6,3.3330462,-0.7330461978912353
159,3.3,3.0875018,0.21249823570251447
300119,3.4,3.1384957,0.26150431632995597
18466924,3.1,3.1872284,-0.08722844123840323
18354984,3.7,3.321576,0.3784238815307619
1096,3.6,3.3985138,0.2014862060546876
18336208,3.6,3.2654436,0.3345564365386964
3213,3.6,3.4579985,0.14200148582458505
18381642,3.5,3.3224235,0.17757654190063477
338,3.5,3.1199977,0.3800022602081299
1245,3.7,3.3702142,0.32978577613830584
18381233,3.7,3.7687917,-0.06879167556762678
18153552,3.8,3.2649093,0.5350907325744627
18082232,2.3,3.2654824,-0.9654824256896974
3585,2.1,3.599576,-1.4995759963989257
305698,2.3,3.5185282,-1.21852822303772
18337917,4.0,3.4210715,0.5789284706115723
6847,3.3,3.3249161,-0.024916124343872248
8147,3.4,3.4433327,-0.043332672119140714
18198825,3.0,3.1768193,-0.1768193244934082
302044,2.9,2.9779086,-0.07790861129760751
18399220,3.2,3.0447826,0.1552173614501955
5084,3.2,3.0638354,0.13616461753845233
302024,3.2,3.0072486,0.19275135993957537
18396399,3.2,3.178708,0.021291923522949396
309987,2.9,2.9890058,-0.08900580406188974
18358183,3.4,3.117016,0.28298392295837393
304713,3.2,3.022333,0.17766709327697772
18396200,3.1,3.0075583,0.09244165420532235
301358,3.3,3.0529947,0.24700527191162092
6834,3.1,3.0144937,0.085506296157837
6835,2.9,3.0144937,-0.11449370384216317
302041,3.1,3.2245793,-0.12457933425903311
310412,2.6,3.268502,-0.6685019969940185
18350120,3.0,3.095134,-0.09513401985168457
301989,3.1,3.007517,0.09248290061950692
2107,3.0,3.037743,-0.03774309158325195
1029,3.3,3.0497942,0.2502058029174803
18144475,3.4,2.9385784,0.46142163276672354
18331053,3.4,3.1709733,0.22902669906616202
18383525,2.7,2.9694421,-0.26944212913513166
1019,2.9,3.0639095,-0.16390953063964853
18311926,3.2,3.0459263,0.1540736675262453
302037,3.1,3.022333,0.07766709327697763
18396397,2.8,3.2018085,-0.40180845260620135
302027,3.0,3.1718097,-0.17180967330932617
306938,2.9,3.1957045,-0.29570446014404306
17977759,3.0,2.994894,0.0051059722900390625
309986,2.5,3.1227133,-0.6227133274078369
301800,3.3,3.2115042,0.08849577903747541
2177,3.0,3.1526241,-0.15262413024902344
304718,2.8,3.0278397,-0.22783966064453143
310493,3.5,3.0526454,0.4473545551300049
18017239,3.6,3.140428,0.459571933746338
18372397,3.5,3.2112322,0.28876781463623047
3603,2.2,3.3238118,-1.1238117694854735
313043,3.6,3.3156905,0.284309482574463
230,2.4,3.3465497,-0.9465497493743897
18322641,4.1,3.403488,0.6965120792388912
18391155,3.2,3.6770327,-0.4770327091217039
18285742,3.4,3.4220102,-0.022010183334350675
18285725,3.8,3.635915,0.1640849590301512
18383488,3.5,3.4974065,0.002593517303466797
18285745,3.9,3.5888908,0.31110920906066886
18391159,3.7,3.636661,0.06333894729614276
18391132,3.5,3.6903684,-0.1903684139251709
18272387,3.5,3.456814,0.04318594932556152
8651,3.1,3.107106,-0.007105970382690341
18291436,3.1,3.1153693,-0.015369319915771396
301936,2.9,3.1052394,-0.20523939132690439
18264717,3.2,3.1863604,0.013639640808105646
7083,3.2,3.1017716,0.09822840690612811
312105,3.2,3.0686958,0.13130421638488787
18311942,2.9,2.9348369,-0.034836864471435636
18430874,3.2,3.155774,0.044225883483886896
18144481,2.9,3.1542957,-0.2542956829071046
18264977,3.1,3.08974,0.010259962081909269
303859,2.7,2.9540412,-0.2540412425994871
5106,2.5,3.2668903,-0.766890287399292
308726,3.0,2.9267883,0.073211669921875
303209,3.1,2.964449,0.13555107116699228
18375401,3.1,3.226809,-0.12680902481079093
18396428,3.0,2.9529517,0.047048330307006836
306037,3.2,3.4784417,-0.27844171524047834
5720,3.4,3.4690893,-0.06908926963806161
5721,3.2,3.576716,-0.3767159461975096
1670,3.7,3.8545344,-0.1545343875885008
7573,3.7,3.2742531,0.42574687004089373
3243,3.0,3.5565324,-0.5565323829650879
305171,3.1,3.2132185,-0.11321845054626456
3536,3.3,3.0505538,0.2494462013244627
6743,2.8,3.2230012,-0.42300124168396014
18458663,3.2,3.3123264,-0.11232643127441388
312269,2.8,3.1364174,-0.3364173889160158
308732,3.0,3.0784633,-0.07846331596374512
6747,2.8,2.9020357,-0.10203571319580096
6804,2.8,3.1502762,-0.3502761840820314
301506,3.4,3.2389014,0.16109862327575675
1284,3.0,3.3524761,-0.3524761199951172
1313,3.2,2.9978158,0.2021841526031496
301737,3.3,3.1500344,0.14996557235717756
18455518,3.7,3.1541457,0.5458542823791506
18398606,3.0,3.09966,-0.09965991973876953
309030,3.2,3.0106735,0.18932647705078143
3909,2.3,3.1738086,-0.8738085746765138
4290,3.5,3.368701,0.13129901885986328
1452,3.2,3.2479565,-0.04795651435852033
303779,3.1,3.1241803,-0.02418031692504874
554,3.6,3.3455727,0.25442728996276864
3953,2.4,3.651646,-1.2516458988189698
18368009,3.0,2.987847,0.012152910232543945
305242,3.0,3.0496511,-0.049651145935058594
303730,2.8,2.9757826,-0.17578263282775897
18462214,3.0,3.0954545,-0.09545445442199707
309272,2.9,3.0106726,-0.11067256927490243
18311957,2.9,3.1185021,-0.2185021400451661
18218304,3.2,3.0880885,0.11191148757934588
18252419,3.1,2.9791267,0.12087330818176278
606,2.8,3.0274978,-0.2274977684020998
18133490,3.3,3.1359184,0.16408162117004377
18291476,3.0,3.120939,-0.12093901634216309
2071,3.1,3.1089375,-0.008937501907348544
18445653,3.1,3.1469896,-0.04698958396911612
18466800,3.1,3.200521,-0.10052099227905265
303743,2.8,2.9873755,-0.18737549781799334
300174,2.9,3.0628774,-0.16287741661071786
18461280,3.2,3.023433,0.1765670299530031
6709,3.1,2.9381115,0.16188845634460458
18070491,3.4,3.1317003,0.2682997226715087
302907,3.3,3.1550753,0.14492468833923322
889,3.3,3.1332426,0.1667573928833006
18337904,2.6,3.107646,-0.5076459884643554
18415355,2.7,2.959674,-0.25967388153076154
853,3.3,2.9639935,0.336006450653076
2620,3.4,2.9796884,0.4203115940093993
310155,3.2,3.0933802,0.1066197872161867
5061,2.9,2.9302933,-0.03029332160949716
18460326,3.0,3.1226978,-0.12269783020019531
18471259,3.1,2.9966664,0.10333356857299814
4122,2.8,2.9303267,-0.13032670021057147
1140,3.0,2.9895213,0.010478734970092773
1145,3.2,2.982017,0.21798295974731463
887,2.9,2.8943357,0.005664253234863192
18461599,3.2,3.1225507,0.07744927406311053
18387990,2.7,2.9943554,-0.29435544013977033
9169,3.0,2.9631872,0.036812782287597656
5129,3.1,2.9636004,0.13639960289001474
1131,3.3,3.059189,0.24081091880798322
303747,2.9,2.9655068,-0.06550679206848153
329,2.5,3.0888865,-0.5888864994049072
303765,2.8,2.9749966,-0.17499656677246112
7225,3.0,3.0224614,-0.022461414337158203
18382626,3.5,2.8476593,0.6523406505584717
5068,3.5,2.9453678,0.5546321868896484
18025110,2.4,2.9745579,-0.5745578765869142
308223,2.4,2.8310282,-0.4310282230377198
6832,2.4,3.0090292,-0.6090291500091554
18286626,3.0,3.22584,-0.22584009170532227
311770,2.9,3.058002,-0.15800199508667
301221,2.9,3.434565,-0.5345650672912599
8833,2.8,3.1543636,-0.3543636322021486
312438,3.0,3.2690027,-0.26900267601013184
18153548,3.2,3.2172236,-0.01722364425659162
18449792,2.9,3.0937955,-0.1937955379486085
18380639,3.3,3.1069238,0.193076181411743
17953920,2.9,3.3028364,-0.40283641815185556
2154,2.7,3.1301656,-0.4301655769348143
18384112,3.5,3.3995442,0.10045576095581055
9646,3.4,2.9824998,0.4175001621246337
302251,3.3,2.9657779,0.3342221260070799
18466943,3.2,3.181204,0.01879591941833514
18238248,2.7,2.9934213,-0.2934213161468504
18420426,3.5,3.2691696,0.23083043098449707
18291458,3.0,3.04544,-0.045439958572387695
18365988,3.4,3.2877498,0.11225023269653311
18463970,3.3,3.3730247,-0.07302470207214373
309867,2.9,3.347547,-0.4475470542907716
18412887,3.0,3.121419,-0.12141895294189453
18423107,3.3,3.1290092,0.17099075317382795
4121,2.7,3.3608458,-0.6608458042144774
305072,3.6,3.0973449,0.5026551246643067
18421938,3.9,3.3182726,0.5817274093627929
313105,3.3,3.492886,-0.19288606643676776
300772,3.3,3.8593976,-0.5593976497650148
836,3.4,3.5464406,-0.14644060134887704
3606,2.7,3.5607429,-0.8607428550720213
305996,3.3,3.7841096,-0.4841095924377443
18418247,4.7,3.7660131,0.9339868545532228
18365987,4.8,3.8047512,0.9952488422393797
18337894,4.8,3.8232615,0.9767385005950926
4398,3.9,3.9946332,-0.09463319778442392
18336483,3.5,3.9186954,-0.41869544982910156
496,3.8,3.4939053,0.30609469413757306
4133,3.5,3.7247326,-0.2247326374053955
5065,3.6,3.478446,0.12155399322509775
313393,3.7,3.6001747,0.09982533454895037
5052,3.5,3.9738827,-0.47388267517089844
18128900,3.6,4.032957,-0.4329570770263671
309339,3.8,4.0193567,-0.21935672760009783
5104,3.5,3.5420296,-0.042029619216918945
18254529,3.9,3.88274,0.017259979248046786
17953909,3.6,3.8830311,-0.28303112983703604
310203,3.9,3.908964,-0.008963918685913175
18238250,3.9,3.7755296,0.1244703769683837
305272,3.7,3.6397648,0.060235214233398615
1851,3.6,3.9232178,-0.3232177734374999
18446415,3.9,3.9538178,-0.05381784439086923
18261703,4.0,3.8501067,0.14989328384399414
18241517,4.4,3.7660131,0.633986854553223
18252386,4.1,3.7784224,0.3215776443481442
18281955,4.1,3.939163,0.16083703041076625
4959,4.4,3.8381815,0.5618185043334964
18037822,4.1,3.3715487,0.7284513473510739
3575,4.2,3.7701445,0.42985553741455096
18273972,4.0,3.8292446,0.17075538635253906
8430,4.1,3.8931127,0.20688734054565394
18157413,4.2,3.9363437,0.26365633010864276
18422475,4.3,3.940227,0.35977296829223615
18435794,4.4,3.7841322,0.6158677577972416
18429166,4.4,3.8369439,0.5630561351776127
18264995,3.8,3.7143812,0.08561878204345685
18025114,4.0,3.6190727,0.38092732429504395
310799,3.1,3.077502,0.02249798774719247
306719,2.7,2.9801826,-0.28018264770507795
18285721,2.7,3.1919718,-0.49197177886962873
598,3.1,3.1769702,-0.0769702434539794
300066,3.2,3.2475777,-0.04757766723632795
18396412,3.2,3.1886497,0.011350345611572443
18249121,2.9,2.9886723,-0.08867225646972665
18241877,2.9,3.1148198,-0.21481976509094247
310461,3.1,3.0929942,0.007005786895752042
18385781,3.1,3.2027159,-0.10271587371826163
18360098,3.1,3.187873,-0.08787288665771475
300491,3.1,3.0094042,0.09059581756591806
307678,2.9,3.0486,-0.1485999584197999
18352295,3.3,3.1751888,0.1248112201690672
18451594,3.0,3.1416264,-0.14162635803222656
18391176,2.7,3.0362868,-0.33628683090209943
313456,3.1,3.0982099,0.0017901420593262607
304518,2.5,3.0944571,-0.5944571495056152
6896,3.2,3.1394722,0.06052775382995623
18441701,2.9,3.0291266,-0.12912664413452157
4154,2.8,3.1393292,-0.3393291950225832
18376925,4.5,3.55292,0.9470798969268799
2180,3.6,3.2305396,0.3694604396820069
18224532,3.8,3.068382,0.7316179752349852
18356357,3.5,3.0584428,0.4415571689605713
18175268,3.9,3.5160053,0.3839947223663329
5004,3.5,3.0024745,0.4975254535675049
308617,3.9,3.2473407,0.6526593208312987
304351,3.5,3.1349287,0.36507129669189453
18354665,2.4,3.2628775,-0.8628774642944337
309543,4.0,3.1454265,0.8545734882354736
18419875,3.0,3.0804722,-0.08047223091125488
18358189,3.0,3.0917141,-0.09171414375305176
304142,3.0,3.0962427,-0.09624266624450684
18433016,3.2,3.0268648,0.17313523292541522
312683,4.1,3.1505458,0.9494541645050045
18037824,3.4,3.089647,0.3103529453277587
303848,3.2,3.1467555,0.0532445430755617
18273536,3.2,3.5164506,-0.31645064353942853
18291450,3.2,3.227135,-0.027134943008422674
18345780,3.2,3.2651763,-0.06517629623413068
18303712,3.3,3.200145,0.09985499382019025
309021,2.9,3.2865613,-0.3865612506866456
306477,3.3,2.9963665,0.30363349914550763
18303698,2.8,3.0561092,-0.2561091899871828
18381664,3.2,3.21756,-0.017560052871703924
18161601,3.1,3.0269089,0.07309112548828134
18279913,3.2,3.2671924,-0.0671923637390135
18268733,3.2,3.1622791,0.037720870971679865
18204811,3.7,3.0150425,0.6849574565887453
894,2.4,3.075932,-0.6759320259094239
5079,2.8,3.4193835,-0.6193835258483888
18289241,3.3,3.1253915,0.17460851669311506
18241896,3.9,2.8528817,1.047118330001831
18363062,2.4,3.2704375,-0.8704374790191651
18380197,3.2,3.3895302,-0.18953018188476545
18472639,3.0,3.1978965,-0.19789648056030273
18351822,3.1,3.0388875,0.061112499237060636
18388168,3.3,3.1145244,0.18547563552856428
18472449,3.1,3.0599024,0.04009757041931161
18314053,3.0,3.1005604,-0.10056042671203613
300654,2.7,3.010376,-0.3103759765624998
18144467,3.0,3.0280104,-0.02801036834716797
18332527,3.2,3.021091,0.17890901565551776
18423797,3.0,3.0233696,-0.023369550704956055
18265424,3.2,3.1343708,0.06562919616699237
311534,3.3,3.0890224,0.2109776020050047
18124345,2.9,2.9985325,-0.09853253364562997
5190,3.2,3.041935,0.15806503295898455
310235,3.1,3.0140672,0.0859328269958497
18251519,2.9,3.0077121,-0.10771212577819833
6764,3.0,3.0215847,-0.021584749221801758
18345767,3.0,3.0603974,-0.06039738655090332
313401,3.1,3.0612407,0.03875932693481454
307398,2.6,3.0817075,-0.48170747756958
309763,2.9,3.0370235,-0.13702354431152353
18439540,2.8,3.0659277,-0.26592774391174334
5011,3.0,3.0199373,-0.01993727684020996
18265720,3.6,3.0842514,0.5157485961914063
18444356,3.8,3.247789,0.5522110939025877
18419894,3.9,3.0575545,0.8424455165863036
18254541,3.5,3.2978802,0.2021198272705078
306540,2.2,2.9887943,-0.7887943267822264
304524,2.2,3.0419312,-0.8419311523437498
2087,2.4,3.0006897,-0.6006897449493409
18439516,3.2,3.4126124,-0.21261243820190412
5588,2.8,3.2205834,-0.4205834388732912
311975,3.3,3.244017,0.05598311424255353
6897,3.4,3.1861205,0.21387948989868155
313122,2.6,3.0172343,-0.41723432540893546
306976,2.8,3.202071,-0.40207095146179217
308191,3.2,3.0388908,0.1611091613769533
18336484,3.2,3.0388143,0.1611856937408449
312665,3.1,3.0882008,0.011799192428588956
18357570,3.7,3.394592,0.3054079532623293
310829,3.5,3.0698664,0.430133581161499
9852,3.6,3.040292,0.5597079753875733
18357912,3.2,3.4050128,-0.20501284599304181
311455,2.8,3.364948,-0.5649480342864992
1920,3.4,3.1723714,0.22762861251831046
358,3.3,3.1859336,0.11406641006469709
5080,3.2,3.268695,-0.06869511604309064
1655,2.7,3.353675,-0.6536748886108397
18397469,3.6,3.338423,0.2615769863128663
1654,4.0,3.0205305,0.9794695377349854
313085,3.4,3.313595,0.08640494346618643
307502,2.5,3.1993232,-0.6993231773376465
18237318,3.3,3.3916545,-0.09165449142456072
18336504,3.4,3.077472,0.3225280284881591
18277212,3.3,3.1387877,0.16121225357055646
18411846,3.2,3.165205,0.03479499816894549
300938,3.3,3.2867794,0.013220596313476385
309466,3.4,3.2972698,0.10273017883300772
303606,3.4,2.9888155,0.4111844539642333
18441175,3.4,3.12873,0.27126994132995597
18292438,3.2,3.3037345,-0.10373454093933088
301383,3.1,3.0996997,0.00030026435852059663
310500,3.4,3.1434295,0.25657048225402823
6867,2.9,2.9843512,-0.08435115814208993
301310,2.5,2.9718225,-0.47182250022888184
18232128,3.1,3.0066125,0.09338746070861825
4820,2.6,2.921021,-0.3210209846496581
306883,2.9,3.0942404,-0.194240427017212
4817,2.9,3.0737796,-0.173779582977295
18423106,3.3,3.241986,0.05801396369934064
18161567,2.8,3.3271356,-0.5271355628967287
303003,2.6,3.2793846,-0.6793846130371093
309033,3.4,3.2271256,0.17287435531616202
18258571,3.4,3.2630057,0.13699426651000968
18322684,3.7,3.5088508,0.19114918708801287
18261309,3.5,3.412343,0.08765697479248047
304192,3.5,3.4923308,0.007669210433959961
18381235,3.7,3.1754212,0.5245787620544435
18365865,3.9,3.15598,0.7440198898315429
18282037,3.6,3.22965,0.37034997940063485
18415385,3.9,3.574017,0.32598295211791983
18180062,3.9,3.5748026,0.3251973628997802
18368007,3.5,3.0064864,0.4935135841369629
18383504,3.7,3.3383515,0.36164851188659686
17977749,3.6,3.2090862,0.3909138202667237
312684,3.7,3.25341,0.44658989906311053
18303696,3.5,3.12873,0.37126994132995605
303174,3.5,3.226246,0.2737538814544678
6877,2.3,2.955932,-0.6559319019317629
306975,2.3,3.3844411,-1.084441137313843
18014135,2.4,3.1007757,-0.7007757186889649
18306533,4.1,3.4508255,0.6491745471954342
18246068,2.8,3.2684424,-0.46844239234924334
304564,2.8,3.0699148,-0.26991481781005877
312265,3.1,2.9994407,0.10055932998657235
313316,3.4,3.3231483,0.07685174942016593
7528,4.5,3.3965476,1.103452444076538
1216,3.3,3.7527924,-0.4527923583984377
305662,3.4,3.7597544,-0.3597544193267823
305792,3.4,3.8309724,-0.43097243309021005
305776,3.2,3.7003782,-0.5003781795501707
18355106,3.8,3.7296536,0.07034640312194806
308274,3.7,3.9096231,-0.20962314605712873
3538,3.6,3.7982264,-0.19822635650634757
18420450,3.9,3.8619745,0.038025522232055575
306401,3.5,3.7465444,-0.24654436111450195
18257542,3.8,3.3716373,0.42836265563964826
9290,3.6,3.5353508,0.06464920043945321
301499,4.0,4.0018287,-0.0018286705017089844
18025103,4.1,3.8890808,0.21091923713684047
18424627,4.1,3.6601489,0.4398511409759518
18403465,4.2,3.6553824,0.5446176052093508
18372668,4.2,3.8060484,0.39395160675048846
18224536,4.0,3.6655853,0.3344147205352783
18128902,3.0,3.40683,-0.4068300724029541
18138454,3.3,3.4542458,-0.15424580574035662
4602,2.7,3.3025155,-0.6025155067443846
18341082,3.2,3.468396,-0.268395948410034
18382055,3.2,3.1978314,0.00216860771179217
18391189,3.4,3.5436065,-0.14360651969909677
311837,3.4,3.5917969,-0.1917968750000001
254,2.8,3.6019557,-0.8019556522369387
308113,2.8,3.3098974,-0.5098974227905275
18365890,3.7,3.5064166,0.19358344078063983
18354631,3.7,3.339069,0.36093111038208026
18336214,3.7,3.2269435,0.4730565071105959
18265365,3.7,3.8173368,-0.11733679771423322
18363405,3.7,3.3826423,0.3173577308654787
18322661,3.7,3.4544134,0.24558658599853533
18261725,3.7,3.6119027,0.08809728622436541
18157408,3.5,3.2177126,0.2822873592376709
18429378,3.7,3.2653778,0.4346222400665285
18439519,3.8,3.442457,0.35754303932189924
313275,2.4,3.263177,-0.8631769180297852
18343001,4.3,3.515908,0.7840919971466063
18377905,4.0,3.527343,0.4726569652557373
18406140,4.0,3.7980862,0.20191383361816406
18472606,4.0,3.7678761,0.23212385177612305
18451577,4.0,3.6483407,0.35165929794311523
312540,3.1,2.8620927,0.23790726661682138
18386419,3.1,3.309818,-0.20981802940368643
18412886,3.2,3.11833,0.08166999816894549
18421029,3.0,3.1105514,-0.11055135726928711
18332044,2.7,3.2645202,-0.5645201683044432
18306553,3.1,3.1699393,-0.06993927955627433
309451,3.4,3.2321446,0.16785540580749503
18203171,3.4,3.5091097,-0.10910973548889169
312570,3.3,3.260556,0.03944401741027814
18273621,3.0,3.1974733,-0.19747328758239746
305919,3.3,3.3871496,-0.0871495723724367
304520,2.6,3.2344224,-0.6344224452972411
18292458,3.4,3.313198,0.08680191040039054
4215,3.2,3.3978512,-0.19785122871398908
18360143,3.6,3.2553926,0.34460744857788095
18423890,3.9,3.256738,0.6432620525360107
312555,2.2,3.4469361,-1.2469361305236815
18420454,4.0,3.6392887,0.36071133613586426
3961,3.3,3.5157187,-0.2157186985015871
3288,3.0,3.4486735,-0.4486734867095947
7231,3.2,3.124872,0.07512803077697772
18291211,3.0,3.4272978,-0.42729783058166504
5768,2.7,3.377359,-0.6773589134216307
304276,3.0,2.9249697,0.07503032684326172
304279,3.0,3.1065376,-0.1065375804901123
5717,3.2,3.380858,-0.1808579444885252
7496,3.6,3.4191275,0.1808725357055665
309377,3.3,3.1285932,0.17140679359436017
5042,3.9,3.787268,0.11273207664489737
5044,3.8,3.8143404,-0.014340353012085139
5046,3.9,3.7874634,0.11253657341003409
310700,3.4,3.8155782,-0.41557822227478036
310699,3.7,3.6010287,0.09897131919860858
2711,3.3,3.57443,-0.27442998886108416
2710,3.5,3.4556549,0.04434514045715332
18285736,3.7,3.4606962,0.23930377960205096
18291200,3.5,4.202099,-0.7020988464355469
18291198,3.8,3.7338383,0.06616168022155744
18446404,3.1,3.1455903,-0.04559030532836905
6690,2.7,3.2443044,-0.5443044185638426
306032,2.8,3.0121458,-0.21214575767517108
18216898,3.1,2.9790187,0.12098131179809579
310487,3.3,3.3122568,-0.012256813049316584
18352277,2.7,3.0115438,-0.3115437507629393
4185,2.9,2.9953587,-0.09535870552062997
18374686,3.1,3.097567,0.002432918548584073
310870,3.1,2.945157,0.1548429489135743
18435802,3.3,3.3287108,-0.028710794448852717
311788,3.0,3.0335867,-0.033586740493774414
312301,3.3,3.1162317,0.183768320083618
18175242,2.9,3.090616,-0.19061598777771005
312592,3.1,3.4994543,-0.39945425987243643
9273,3.5,3.5411797,-0.041179656982421875
309134,3.7,3.1324108,0.5675892353057863
18237342,2.9,3.1423337,-0.242333745956421
18383550,2.8,3.3564038,-0.5564038276672365
302243,3.1,3.195773,-0.09577288627624503
18294576,3.2,3.3291068,-0.12910680770874006
18233603,2.9,2.9914725,-0.0914724826812745
304182,3.4,3.2470822,0.15291776657104483
18396424,3.0,3.102916,-0.10291600227355957
9967,3.3,3.2366886,0.06331138610839826
18350125,3.2,3.0649574,0.13504261970520037
302248,3.2,3.3307872,-0.13078718185424787
310531,3.3,3.1771436,0.1228564262390135
312708,2.7,3.414381,-0.7143810272216795
18175288,2.5,3.3563187,-0.8563187122344971
18124368,3.2,3.1042593,0.0957407474517824
18371415,3.9,3.2510989,0.6489011287689208
305687,3.8,3.1723228,0.6276772499084471
309642,3.6,3.2382371,0.3617628574371339
18273546,3.7,3.247541,0.4524590492248537
18349911,3.6,3.1070757,0.49292430877685556
300652,3.5,3.1692784,0.3307216167449951
302239,3.6,3.1435335,0.45646653175354013
309308,2.4,3.1689878,-0.7689877510070802
301559,3.8,3.754425,0.04557495117187482
301562,4.0,3.798383,0.20161700248718262
311480,2.9,2.9532862,-0.053286170959472745
303866,2.8,3.023649,-0.22364897727966326
4188,2.9,2.9630523,-0.06305227279663095
311844,2.7,2.939187,-0.23918704986572248
308681,2.8,3.0419676,-0.24196763038635272
2817,2.9,3.2636447,-0.3636446952819825
301734,2.9,3.2547486,-0.3547485828399659
309851,3.3,3.1525364,0.14746360778808576
300097,3.4,3.1597335,0.24026646614074698
18466966,3.2,3.1427667,0.05723328590393084
306524,3.0,3.0535982,-0.05359816551208496
1453,3.1,3.1607323,-0.060732269287109286
1451,2.7,2.9911664,-0.29116635322570783
300082,2.9,3.0126393,-0.11263928413391122
313479,3.1,3.11195,-0.011949920654296786
9122,3.5,2.9806888,0.5193111896514893
3559,3.6,3.3418243,0.2581757068634034
18265678,3.6,3.4738767,0.1261232852935792
2165,3.6,3.0896094,0.5103906154632569
6769,3.7,3.1928623,0.5071377277374269
1454,2.4,3.0109499,-0.6109498500823975
6775,2.2,3.0087395,-0.8087394714355467
306043,3.2,3.4005861,-0.2005861282348631
2100712,4.6,3.859031,0.7409690380096432
2100478,3.9,4.1777644,-0.2777644157409669
18384506,4.7,4.0444126,0.6555873870849611
2100108,4.1,4.0319185,0.06808147430419886
2100921,4.2,4.100641,0.09935922622680682
2100565,4.1,4.115164,-0.015163803100586293
2100870,4.4,4.017226,0.38277378082275426
2100861,4.4,4.3839316,0.01606836318969762
18381932,4.1,3.9100325,0.18996748924255336
18397909,4.0,3.8558738,0.14412617683410645
2100702,4.9,3.9038095,0.996190452575684
2100101,3.6,4.3323045,-0.7323044776916503
2100322,3.6,3.9231548,-0.3231548309326171
2100784,4.1,3.993471,0.10652909278869593
2100849,4.2,3.881534,0.31846590042114276
18480196,4.1,4.0534053,0.04659471511840785
2100719,4.1,3.8723094,0.22769055366516078
2100676,4.3,3.9485004,0.35149960517883283
2100074,4.0,4.1076603,-0.10766029357910156
18224282,4.3,3.9987803,0.3012197494506834
2100776,4.3,4.0525465,0.24745349884033185
90744,4.3,4.040499,0.2595007896423338
18452864,4.9,4.38855,0.5114501953125004
97824,4.7,4.3117733,0.38822669982910174
18443506,3.8,4.2259445,-0.4259445190429689
90847,4.6,4.320081,0.27991876602172816
18280329,4.0,4.0961976,-0.09619760513305664
96626,4.3,3.9254384,0.37456159591674787
94286,4.9,4.383776,0.5162238121032718
96776,4.8,3.9956925,0.8043075084686278
18418733,4.2,4.12124,0.07875986099243182
18418730,4.2,4.088709,0.11129112243652362
93766,4.4,4.477839,-0.07783899307250941
18356469,4.1,4.275607,-0.17560710906982457
97503,4.1,4.2925773,-0.1925772666931156
92577,4.2,4.242652,-0.042651939392089666
18307251,4.7,3.8245506,0.8754493713378908
18313013,3.9,4.376015,-0.47601518630981454
18312984,4.1,3.9533703,0.14662966728210414
1401756,3.7,3.8391597,-0.13915972709655744
1400544,4.1,3.7937381,0.3062618732452389
18254231,4.1,3.764873,0.335126972198486
1402314,4.1,3.9943988,0.10560116767883265
1400466,3.9,4.0773273,-0.17732725143432626
1401934,4.2,4.0301228,0.16987724304199237
1401548,4.0,4.0798078,-0.07980775833129883
1400460,3.8,3.9340262,-0.1340262413024904
1400056,4.0,3.9394114,0.06058859825134277
1400169,3.8,4.002164,-0.20216388702392596
1400186,4.3,3.9463108,0.3536892414093016
1402335,3.1,3.8154955,-0.7154954910278319
1400555,3.9,3.779425,0.12057509422302237
1401948,3.8,3.8199377,-0.01993770599365252
18395137,3.9,3.6953418,0.20465817451477042
1400121,4.0,3.9203627,0.07963728904724121
1402028,4.3,3.7071722,0.5928278446197508
1401857,4.1,3.756933,0.3430670261383053
1402089,4.3,3.8199377,0.4800622940063475
1402050,4.0,3.968582,0.0314180850982666
101212,4.7,4.1454864,0.5545136451721193
101834,3.9,4.004466,-0.10446605682373056
101884,4.0,4.208623,-0.20862293243408203
102813,4.4,4.2059655,0.19403448104858434
101259,4.4,4.1568446,0.24315538406372106
103065,4.0,4.135261,-0.13526105880737305
100080,4.3,4.1649055,0.1350944519042967
103147,3.9,4.1060853,-0.20608530044555673
101311,4.2,4.056497,0.14350290298461932
100305,4.0,4.040238,-0.0402379035949707
102215,4.5,4.002164,0.4978361129760742
102216,4.3,3.9959173,0.304082679748535
18209498,4.9,4.0800815,0.8199185371398929
103019,4.2,4.009348,0.19065208435058612
103090,4.1,4.1667547,-0.0667547225952152
102531,4.3,4.0049334,0.2950666427612303
100306,4.3,3.7986963,0.501303720474243
18454586,2.6,3.9533849,-1.3533848762512206
102504,3.9,4.010417,-0.11041698455810556
102867,3.7,4.199805,-0.49980478286743146
2300061,3.3,3.7090595,-0.40905947685241717
2300483,3.3,4.0375204,-0.7375204086303713
2300065,3.9,3.6772833,0.22271671295166007
18377936,4.0,3.8741002,0.1258997917175293
2300188,4.0,3.9993613,0.0006387233734130859
18407105,3.5,3.9420333,-0.4420332908630371
2300183,3.9,3.8742766,0.025723361968994052
2300476,4.1,4.034677,0.06532297134399379
2300018,4.1,3.9824762,0.11752376556396449
2300042,3.9,4.003893,-0.1038928985595704
2300048,3.8,3.944144,-0.14414401054382342
2300058,4.3,3.9641163,0.3358836650848387
2300162,3.4,3.9492424,-0.5492423534393311
2300003,3.6,3.977165,-0.37716498374938956
2300176,4.1,3.6324499,0.4675501346588131
2300187,3.9,3.9093025,-0.009302473068237394
2300009,3.7,3.9157631,-0.21576313972473127
18391601,4.0,3.9035616,0.09643840789794922
900682,4.6,4.1364946,0.4635053634643551
95361,3.8,3.8639276,-0.06392760276794451
95421,4.4,4.0341177,0.36588230133056676
95256,4.2,3.981213,0.2187869071960451
95286,4.2,3.8800507,0.3199493408203127
900969,4.5,4.20673,0.2932701110839844
95333,3.7,3.9086573,-0.2086573123931883
900547,4.0,3.943971,0.05602908134460449
901089,3.7,3.7524488,-0.05244879722595197
901035,3.7,3.9835415,-0.28354148864746076
900561,4.0,3.6172824,0.3827176094055176
900524,4.4,4.214803,0.18519678115844762
900800,4.0,4.0935917,-0.09359169006347656
95304,4.2,4.183895,0.016104888916015803
900533,4.3,4.1073036,0.1926963806152342
901004,4.2,3.8058085,0.39419145584106463
900111,3.5,3.9176273,-0.41762733459472656
95331,4.3,3.8607192,0.4392807960510252
900032,4.3,3.9587135,0.3412864685058592
900282,3.6,3.9526377,-0.3526376724243163
18217475,4.6,4.1601233,0.43987665176391566
18249144,4.2,4.080758,0.11924190521240252
18017612,4.8,3.9771118,0.8228881835937498
18377112,3.9,3.8715014,0.02849855422973624
20002,4.4,4.285329,0.11467113494873082
18343731,4.2,3.9254384,0.2745615959167482
25664,4.4,4.011194,0.3888057708740238
25587,4.0,4.234724,-0.2347240447998047
24530,4.2,4.208511,-0.00851087570190412
20747,4.6,4.238758,0.3612419128417965
21220,3.9,3.8473036,0.05269637107849112
25570,4.9,3.8853812,1.0146187782287601
20350,3.5,4.416759,-0.9167590141296387
20870,4.2,4.0649896,0.13501043319702166
20404,4.3,4.172676,0.12732391357421857
24286,4.4,4.2400947,0.15990533828735387
20842,4.9,3.658434,1.24156608581543
18259462,3.6,4.081902,-0.48190202713012686
24452,4.1,3.8758879,0.22411212921142543
18017615,4.0,3.993945,0.006055116653442383
800468,4.9,3.8342366,1.065763378143311
801675,4.5,3.9810865,0.5189135074615479
801690,4.6,4.1695857,0.43041429519653285
801684,3.5,4.036235,-0.5362348556518555
18296995,3.9,3.9669933,-0.06699333190917978
800237,3.7,4.093267,-0.39326696395874006
800273,3.9,4.0064144,-0.10641441345214853
18375866,4.3,3.9669933,0.33300666809082013
801170,4.2,3.932656,0.2673439502716066
801636,4.1,4.0199876,0.08001241683959925
18385021,4.1,4.242508,-0.14250793457031286
801640,4.3,4.425971,-0.12597103118896502
801269,4.3,4.089126,0.21087388992309553
801693,4.0,4.1353264,-0.13532638549804688
800483,4.4,3.9877582,0.4122418403625492
800891,4.1,4.1039066,-0.003906631469726918
800326,4.2,3.7550874,0.44491262435913104
801384,4.2,3.946336,0.25366396903991717
800089,4.7,4.1912656,0.5087344169616701
801247,4.2,3.8286762,0.37132377624511737
800576,4.0,3.9393802,0.06061983108520508
15239,3.6,3.7584422,-0.15844216346740714
18444271,3.5,3.8402622,-0.34026217460632324
15005,4.1,3.9045126,0.19548735618591273
15221,3.9,3.5157022,0.384297752380371
15292,4.2,3.8016677,0.39833230972290057
15309,3.7,3.9985628,-0.2985628128051756
18400368,3.9,3.8460295,0.05397047996520987
15132,4.1,4.0378175,0.062182521820068004
15705,4.3,4.215404,0.08459596633911115
15078,3.6,4.2154016,-0.6154016494750976
15104,3.8,4.4796157,-0.6796156883239748
15774,4.4,3.8377457,0.5622543334960941
15008,4.2,3.906045,0.2939550399780275
15321,4.4,4.00597,0.39402999877929723
15368,3.5,3.8999124,-0.39991235733032227
15853,3.9,3.9390473,-0.03904733657836923
15497,4.2,3.9306278,0.2693721771240236
15091,4.6,3.8112066,0.7887934207916256
15777,3.8,4.2400947,-0.44009466171264666
15717,3.9,3.830244,0.06975593566894522
3100446,3.6,3.9334884,-0.333488368988037
3100159,3.9,3.8013127,0.09868731498718253
3100010,3.8,3.7613268,0.03867321014404279
3100145,3.7,3.5149949,0.1850051403045656
3100013,3.5,3.7995615,-0.2995615005493164
3100143,3.7,3.7909496,-0.09094958305358869
3100033,3.8,3.7003133,0.09968667030334455
3100153,3.6,3.6411343,-0.04113426208496085
3100142,4.2,4.189612,0.010388088226318537
3100030,3.5,3.9783812,-0.4783811569213867
18237384,3.6,3.9420333,-0.342033290863037
3100008,3.9,3.984677,-0.08467707633972177
3100148,3.5,3.9545767,-0.4545767307281494
3100044,3.7,3.7295115,-0.02951149940490705
3100441,3.7,4.1638927,-0.4638927459716795
3100302,4.1,4.260964,-0.1609639167785648
3100422,3.7,3.8800507,-0.18005065917968732
3100014,3.8,3.905859,-0.10585899353027362
3100448,3.9,3.7896774,0.11032261848449698
3100017,3.7,3.9329011,-0.23290114402770978
18424018,4.3,4.2287474,0.0712526321411131
35217,4.0,3.8966959,0.10330414772033691
18447068,4.0,4.120483,-0.1204829216003418
18458563,3.4,4.0269303,-0.626930332183838
18075122,4.7,3.9672623,0.7327377319335939
18233317,4.2,3.877291,0.32270903587341326
18237753,4.1,4.222203,-0.12220277786254918
18388642,3.8,3.9923108,-0.19231076240539569
18463285,3.8,4.123307,-0.3233072280883791
16527711,3.9,4.1748667,-0.2748666763305665
18313566,4.3,4.1874886,0.1125114440917967
49003,4.2,4.12087,0.07912988662719744
18441580,3.9,4.022544,-0.12254390716552743
34757,4.5,4.103704,0.39629602432250977
18408295,4.6,3.9875207,0.6124793052673336
18216876,3.9,4.095839,-0.19583902359008798
17806994,4.9,3.8912227,1.0087772846221927
18435740,3.8,4.1349607,-0.33496065139770526
18318116,4.0,4.008294,-0.008294105529785156
18270976,4.1,4.1931005,-0.09310045242309606
49486,3.6,4.2332473,-0.6332472801208495
3600252,3.4,3.8013911,-0.4013911247253419
3600265,3.7,3.7256927,-0.025692749023437322
3600375,3.9,3.7884881,0.11151185035705558
3600015,4.2,3.8449585,0.35504145622253436
3600012,3.7,3.6120272,0.0879728317260744
3600013,3.5,3.7601197,-0.2601196765899658
3600071,3.7,3.7741296,-0.07412962913513166
3600192,3.8,4.0275044,-0.22750444412231463
3600119,3.5,3.9132133,-0.41321325302124023
3600352,4.0,4.0959835,-0.09598350524902344
3600009,4.0,4.00742,-0.007420063018798828
3600361,3.5,3.819774,-0.31977391242980957
3600148,3.7,3.8402622,-0.14026217460632306
3600436,3.3,3.9384167,-0.6384167194366457
3600008,3.6,3.6264257,-0.026425743103027255
3600354,3.6,3.6844966,-0.08449664115905753
3600285,3.8,3.738032,0.061967897415160955
3600072,3.7,3.7094178,-0.009417819976806463
3600022,3.6,3.6986625,-0.09866251945495597
3600014,3.7,3.725368,-0.025368022918700994
3301308,3.3,4.0158987,-0.7158987045288088
3300780,3.8,3.870242,-0.0702421188354494
3301236,3.9,3.8114753,0.08852472305297843
3300369,4.0,4.020573,-0.020573139190673828
3301013,4.3,3.9612598,0.3387401580810545
3300741,3.7,4.102868,-0.40286808013916
3300138,4.0,3.9598305,0.040169477462768555
3300949,4.2,3.9814394,0.21856064796447772
3300065,4.3,3.9907427,0.3092573165893553
3300416,3.9,3.8903015,0.009698534011840731
3301169,3.9,4.1589036,-0.2589035987854005
3300061,4.0,4.1954513,-0.1954512596130371
3300107,4.4,4.020777,0.3792227745056156
3300058,4.5,3.8546817,0.6453182697296143
3300057,4.0,3.8829126,0.11708736419677734
3300041,4.2,4.043167,0.15683288574218768
3300958,4.9,3.7789166,1.1210834026336673
3300707,2.2,3.8968413,-1.6968412876129149
3300070,4.0,4.194566,-0.1945657730102539
3301035,3.8,3.8957198,-0.09571976661682147
1600227,3.8,3.6040666,0.1959333896636961
1600280,3.6,3.9945807,-0.3945807456970214
1600169,3.6,3.8136919,-0.21369185447692862
1600109,3.5,3.7203846,-0.2203845977783203
1600108,3.6,3.6214895,-0.021489524841308505
1600258,3.8,4.170359,-0.37035913467407244
1600252,3.4,3.6462002,-0.24620018005371103
1600007,3.4,3.6287675,-0.22876749038696298
1600053,3.4,3.6150935,-0.21509346961975107
1600326,3.3,3.7623272,-0.46232719421386737
1600307,3.4,3.660553,-0.2605529785156251
1600219,3.5,3.6324499,-0.13244986534118652
1600067,3.7,3.688344,0.011655998229980646
1600039,3.5,3.6215756,-0.12157559394836426
1600029,3.8,4.2051516,-0.40515155792236346
1600292,3.0,3.794207,-0.7942070960998535
1600298,3.3,3.742519,-0.44251890182495135
1600095,3.5,3.6956167,-0.1956167221069336
1600205,3.9,3.5098076,0.39019241333007804
1600212,3.4,3.8286762,-0.4286762237548829
18216944,3.2,3.3049927,-0.10499267578124982
313333,3.4,3.408696,-0.008695936203003019
18384127,2.6,3.1508555,-0.550855541229248
582,3.4,3.1201766,0.2798234462738036
18414465,3.1,3.4077852,-0.30778517723083487
304243,2.7,3.2891715,-0.5891714572906492
3554,2.6,3.134802,-0.5348021030426025
18369872,3.7,3.1791618,0.5208382129669191
948,3.5,3.41972,0.08028006553649902
2853,2.2,3.1631591,-0.963159132003784
18433900,4.0,3.80911,0.19089007377624512
18425159,4.2,3.635285,0.564715099334717
310958,4.2,3.90524,0.2947599411010744
18334443,3.2,3.194599,0.005401086807251154
18255141,3.4,3.0618243,0.33817567825317374
197,2.8,3.068462,-0.26846189498901385
308235,3.7,3.3170009,0.3829991340637209
18258757,3.2,3.258329,-0.05832891464233381
307383,3.2,3.1556938,0.04430623054504412
310491,2.6,3.3519766,-0.7519766330718993
18337789,3.3,3.0410326,0.2589674472808836
18222573,3.2,3.02487,0.175130081176758
3370,3.4,2.9635139,0.4364861488342284
307439,3.3,3.0752728,0.22472720146179181
1078,2.6,3.36797,-0.7679699897766112
9340,3.7,3.052565,0.6474349021911623
306761,2.2,3.0853941,-0.8853941440582274
7580,2.9,2.9167798,-0.016779756546020597
7584,3.3,3.0432384,0.25676159858703596
7582,3.2,3.233557,-0.03355698585510236
18351495,3.4,3.251857,0.14814295768737784
7594,3.0,3.1729627,-0.17296266555786133
7583,2.7,3.1196778,-0.41967778205871564
7610,3.2,3.1936328,0.0063671588897706854
18412603,3.0,2.902134,0.09786605834960938
7639,2.5,2.962739,-0.4627389907836914
18441545,3.2,3.0207279,0.17927212715148944
9971,3.2,2.9901586,0.20984144210815447
18451572,3.1,3.2630477,-0.16304769515991202
7593,2.9,3.0231369,-0.12313685417175302
301440,3.2,3.1551733,0.044826698303222834
7585,3.3,3.24912,0.05088000297546369
306531,2.5,3.1995904,-0.6995904445648193
18354658,2.9,2.992408,-0.09240803718566903
18337782,2.8,3.1453161,-0.3453161239624025
18258759,3.4,3.2483976,0.1516024112701415
18057805,3.9,3.0384827,0.8615173339843749
3428,3.9,3.2976487,0.6023513317108153
18425771,3.6,3.21638,0.3836201190948487
18304836,3.6,3.0126271,0.5873728752136231
306795,2.4,3.1062622,-0.7062622070312501
7249,2.5,3.4591768,-0.959176778793335
7246,3.1,3.3425605,-0.24256052970886222
310723,3.2,3.4890754,-0.2890754222869871
7253,2.6,3.5566432,-0.95664324760437
18180041,3.5,3.266287,0.23371291160583496
18434414,3.6,3.5943756,0.005624389648437589
4905,3.6,3.8868098,-0.2868098258972167
18421232,3.9,3.0796773,0.8203226566314696
7228,3.5,3.072655,0.42734503746032715
7068,3.7,3.4564948,0.2435051918029787
302152,3.7,3.3933625,0.30663747787475604
312300,4.2,3.7540052,0.44599480628967303
5565,3.4,3.2276113,0.17238869667053214
307113,4.2,3.806544,0.3934559345245363
6258,2.8,3.1580637,-0.35806365013122576
6094,3.1,3.11877,-0.01876988410949698
304592,2.8,3.1132143,-0.31321425437927264
18421481,3.3,3.1111171,0.1888828754425047
310874,3.1,3.224466,-0.12446608543395987
18313972,3.0,3.2405539,-0.2405538558959961
18128860,3.4,3.0790806,0.32091941833496085
310877,3.4,3.1578999,0.2421001434326171
304687,3.1,3.0622804,0.03771958351135263
312444,3.3,3.3114922,-0.011492204666137873
18337975,2.9,3.498613,-0.5986131191253663
18124373,2.8,3.0361998,-0.23619980812072772
305913,3.3,3.190227,0.10977296829223615
310447,2.8,3.0475574,-0.24755735397338885
310858,2.8,3.224466,-0.42446608543396014
18332083,3.2,3.195469,0.004531097412109553
18361241,3.0,3.2894979,-0.28949785232543945
305630,3.6,3.277482,0.3225179672241212
18034049,3.5,3.3559973,0.14400267601013184
6092,3.5,3.071996,0.42800402641296387
18124361,3.6,3.4298587,0.17014131546020517
6088,3.7,3.2307034,0.46929664611816424
18394366,3.7,3.1079326,0.5920674324035646
18354639,3.8,3.1261287,0.673871326446533
311657,3.6,3.277949,0.3220509052276612
18350112,3.6,3.5602655,0.03973445892333993
18377924,3.9,3.6498344,0.25016560554504386
18429396,3.0,3.3553586,-0.3553586006164551
179,3.4,3.6796312,-0.2796312332153321
307843,3.2,3.7229044,-0.5229044437408445
18421042,3.4,3.9023786,-0.5023785591125489
3295,3.6,3.8080626,-0.20806255340576163
18414499,3.9,3.7806642,0.11933579444885245
18441775,4.4,3.6773043,0.7226957321166996
18427565,4.0,3.7560155,0.24398446083068848
18395381,4.1,3.8722165,0.2277835369110104
310281,3.1,3.2347362,-0.13473620414733878
18207831,3.1,3.1840994,-0.08409943580627433
5452,3.0,3.0444567,-0.04445672035217285
18258778,2.8,3.0886016,-0.28860158920288104
6560,2.8,3.022522,-0.22252197265625018
3322,2.8,2.939148,-0.13914794921875018
18249102,3.4,3.0090828,0.3909172058105468
18241609,3.2,3.1656237,0.034376335144043146
8743,3.0,3.1733096,-0.1733095645904541
5294,2.7,2.95953,-0.2595301151275633
4651,3.4,3.1440618,0.2559381961822509
5315,2.7,3.1340036,-0.43400363922119123
6577,3.0,3.0199242,-0.019924163818359375
309395,3.4,3.040078,0.35992207527160636
300784,3.2,2.8990102,0.3009898185729982
18430692,3.0,3.0308084,-0.030808448791503906
309503,3.0,2.9828963,0.01710367202758789
3326,3.2,3.0315824,0.1684176445007326
309384,3.1,3.121944,-0.021943950653076083
3079,3.5,3.0907176,0.4092824459075928
303093,3.7,3.2723868,0.42761321067810076
309375,3.5,3.1000457,0.39995431900024414
5296,2.4,3.0695107,-0.6695106983184815
310802,2.9,3.4433339,-0.5433338642120362
310777,3.4,3.376844,0.023156070709228427
309,2.7,3.2258036,-0.5258036136627195
18390678,3.3,3.317561,-0.017560911178589045
3329,2.6,3.1723988,-0.572398805618286
18216896,2.5,3.2294052,-0.7294051647186279
307767,3.9,3.4703448,0.42965521812438956
3332,3.5,3.187554,0.31244611740112305
980,3.6,3.4377887,0.1622112751007081
18232098,3.9,3.4830015,0.416998529434204
6574,3.7,3.1128502,0.5871498107910158
2379,3.9,3.2213354,0.6786645889282226
309390,3.9,3.527151,0.372848892211914
300809,3.5,3.2153869,0.28461313247680664
1192,3.0,3.1000824,-0.1000823974609375
310803,3.1,3.0858936,0.014106369018554776
18250797,3.3,3.3441525,-0.044152450561523615
198,3.2,3.1208267,0.07917327880859393
18449782,3.4,3.0371838,0.3628162384033202
18057820,3.3,3.2105868,0.08941321372985822
310215,3.3,3.2556136,0.04438643455505353
306841,3.6,3.2760415,0.3239584922790528
18412952,3.6,3.0699227,0.5300773143768311
18432191,3.5,3.1862562,0.31374382972717285
18375420,4.0,3.1546333,0.8453667163848877
6286,3.2,3.1366198,0.06338019371032733
1914,3.4,2.9750507,0.4249493122100829
18163907,2.9,3.262227,-0.3622270584106446
18344490,3.4,3.026766,0.373233938217163
18412878,2.8,3.106903,-0.3069030761718752
18294263,3.0,3.211524,-0.21152400970458984
588,3.3,3.0317867,0.2682133197784422
7150,3.1,3.191505,-0.09150495529174796
18264634,3.6,3.1020794,0.4979206085205079
301534,3.7,3.3394804,0.36051959991455096
8340,3.8,3.2187607,0.5812392711639403
18249122,2.3,3.3358772,-1.0358771800994875
7354,3.2,3.1414683,0.05853171348571795
9267,2.9,3.082216,-0.1822160243988038
7352,3.3,3.0290678,0.2709322452545164
304211,2.9,3.4237998,-0.523799753189087
262,3.1,3.3887215,-0.28872146606445304
4621,3.0,3.2438436,-0.24384355545043945
2134,2.8,3.1530786,-0.3530785560607912
303472,3.3,3.7160993,-0.416099262237549
758,3.5,3.28555,0.21444988250732422
7217,3.7,3.2222192,0.47778077125549334
307054,3.7,3.3382754,0.36172456741333026
771,3.5,3.4069803,0.09301972389221191
171,3.5,3.3608663,0.13913369178771973
304675,3.5,3.1629958,0.3370041847229004
3269,2.4,3.4037583,-1.0037582874298097
3935,2.9,3.7747028,-0.8747027873992921
4166,3.4,3.2728841,0.12711586952209464
3936,3.6,3.247727,0.3522730827331544
5227,2.7,3.4413404,-0.7413404464721678
1862,2.6,3.0063655,-0.40636553764343253
819,3.2,3.1379502,0.06204981803894061
2236,2.8,3.1095552,-0.30955524444580096
4150,2.5,3.087299,-0.587299108505249
6394,2.8,3.10062,-0.3006200313568117
1867,3.0,3.0807924,-0.08079242706298828
2608,3.1,2.947328,0.15267190933227548
8388,2.4,2.8918374,-0.49183735847473153
3465,2.4,2.9568937,-0.5568936824798585
823,3.3,3.0520992,0.24790077209472638
18421499,2.9,3.2817779,-0.38177785873413095
846,2.7,3.0606368,-0.3606367588043211
816,2.9,3.0386689,-0.1386688709259034
4055,3.4,3.1196287,0.280371332168579
18312487,3.0,3.2052066,-0.20520663261413574
1630,3.2,2.9853313,0.2146687030792238
308261,2.7,3.0166852,-0.31668524742126447
2587,2.9,2.992562,-0.09256205558776864
849,3.4,3.0194986,0.3805014133453368
848,2.8,3.0205975,-0.22059745788574237
852,3.2,3.0446641,0.15533585548400897
312194,3.0,3.3420658,-0.34206581115722656
7643,2.8,3.136681,-0.33668107986450213
3238,2.9,3.1464913,-0.24649128913879403
18396184,2.9,3.2548325,-0.35483250617980966
847,3.4,3.0213456,0.378654384613037
7575,3.2,3.0386689,0.16133112907409686
850,3.1,2.9128308,0.18716917037963876
311856,3.0,3.1321023,-0.13210225105285645
851,3.4,3.14034,0.2596599102020263
18228885,3.4,3.1425724,0.25742759704589835
824,3.7,3.0828269,0.6171731472015383
301102,3.7,3.341919,0.3580810546875002
18238246,3.5,3.2286015,0.27139854431152344
6003,3.5,3.0540922,0.4459078311920166
815,2.4,3.2498653,-0.8498652935028077
305296,2.1,3.1037452,-1.0037452220916747
6079,3.3,3.0048962,0.29510383605957013
6117,3.1,3.053629,0.046371078491211026
18082202,3.0,2.9278877,0.0721123218536377
308574,3.2,3.0733905,0.126609516143799
6123,2.9,3.0013847,-0.10138473510742196
312157,3.1,3.103717,-0.0037170886993407315
302490,3.0,3.0031424,-0.0031423568725585938
304697,3.4,3.269353,0.13064708709716788
307713,3.0,3.4454968,-0.4454967975616455
18384137,3.1,3.271099,-0.1710990905761718
5459,3.2,3.1941082,0.00589175224304217
311703,3.2,3.4256124,-0.22561244964599592
308006,3.0,3.4180853,-0.41808533668518066
4053,2.8,3.5090218,-0.7090217590332033
5468,3.1,3.2547133,-0.1547132968902587
5453,3.2,3.0496967,0.15030331611633319
681,2.5,3.2435195,-0.7435195446014404
308008,3.0,3.1979618,-0.19796180725097656
18272386,2.8,3.2560961,-0.45609612464904803
306380,2.9,3.078381,-0.17838106155395517
312936,3.3,3.2600517,0.03994827270507795
6698,3.0,3.2435188,-0.24351882934570312
9961,3.0,3.375483,-0.37548303604125977
312925,3.4,3.1496952,0.25030484199523917
18342132,3.0,3.2451637,-0.2451636791229248
18323461,3.2,3.4516752,-0.2516751766204832
5466,3.0,3.2103016,-0.21030163764953613
18232088,3.2,3.4413,-0.24129991531372053
304743,3.4,3.14705,0.252950096130371
18128897,2.9,3.2238245,-0.32382450103759775
18211151,3.0,3.4164948,-0.41649484634399414
5460,3.0,3.216722,-0.2167220115661621
311492,3.2,3.4461946,-0.2461946487426756
303643,3.4,3.4152532,-0.015253162384033292
9156,3.1,3.19456,-0.09456005096435538
9160,2.9,3.2333775,-0.33337745666503915
18235302,3.0,3.2717688,-0.27176880836486816
9157,2.9,3.2575471,-0.35754714012146005
9159,3.1,3.431226,-0.3312260150909423
6706,2.8,3.2224889,-0.4224888801574709
18082089,3.3,3.4717536,-0.17175359725952166
312693,3.7,3.4595077,0.24049229621887225
308209,3.8,3.3003283,0.4996717453002928
306017,3.8,3.2310631,0.5689368724822996
304737,3.7,3.191934,0.5080658912658693
308318,3.8,3.2328932,0.567106771469116
552,3.9,3.3341706,0.5658294200897216
6704,3.9,3.4303958,0.46960415840148917
309722,3.7,3.2151709,0.48482913970947283
18286206,3.7,3.3851397,0.3148602962493898
308894,3.6,3.3281507,0.2718492507934571
7545,3.9,3.1983607,0.7016393184661864
9165,3.9,3.3398917,0.5601083278656005
5458,3.6,3.1532707,0.4467292785644532
5467,3.6,3.0359979,0.5640021324157716
9161,3.8,3.2018294,0.5981705665588377
302869,3.5,3.1610808,0.33891916275024414
1889,3.5,3.5093455,-0.009345531463623047
300178,4.2,3.2373,0.9627000808715822
1155,4.3,3.5129914,0.7870085716247557
9166,4.1,3.3447633,0.755236721038818
18264992,4.4,3.5115678,0.8884321689605716
18282012,3.1,3.5619595,-0.46195950508117667
303642,4.5,3.604926,0.8950738906860352
18281967,3.6,3.6116955,-0.011695528030395419
18082228,3.9,3.6071808,0.2928191661834716
301287,3.6,3.4541893,0.1458106994628907
308192,3.6,3.594899,0.005101060867309659
306015,3.6,3.56374,0.03625998497009286
311002,3.7,3.5588024,0.1411976337432863
313511,3.7,3.586659,0.11334104537963885
311022,4.1,3.613039,0.48696098327636683
303644,4.1,3.5581691,0.5418308734893795
307218,4.1,3.4807422,0.6192577838897702
304018,2.7,3.2280078,-0.5280077934265135
18239781,3.1,3.1377387,-0.037738704681396396
18364354,3.0,3.1257496,-0.1257495880126953
18175256,3.2,3.0183265,0.18167347908020037
7623,2.7,3.084689,-0.38468890190124494
17953899,3.0,3.3339498,-0.3339498043060303
309756,3.3,3.0530353,0.24696474075317365
2595,3.4,3.1059425,0.2940575122833251
7620,3.2,3.1257803,0.07421965599060076
309161,2.7,3.3686435,-0.6686435222625731
18249081,2.9,3.0825028,-0.18250284194946298
3632,2.9,3.1331117,-0.23311171531677255
7602,3.4,3.202238,0.19776191711425772
1712,2.7,2.9188695,-0.21886949539184553
300984,3.3,2.9989066,0.3010933876037596
18429374,3.2,3.1756058,0.024394226074218928
18354627,3.3,3.416918,-0.11691803932189959
301522,2.7,3.1420655,-0.44206552505493146
4973,2.5,3.18632,-0.6863200664520264
3504,2.7,3.0355012,-0.3355012416839598
18459885,3.1,3.2321215,-0.13212146759033194
301405,2.6,3.1611714,-0.5611714363098144
18457499,3.1,3.2446856,-0.14468564987182608
18445801,2.9,3.4594738,-0.5594738483428956
18355107,3.2,3.0443866,0.15561337471008319
18175328,3.2,3.2481844,-0.048184442520141424
7613,3.2,3.1414266,0.058573436737060725
7599,3.7,3.026137,0.6738628864288332
302936,3.6,3.124105,0.47589502334594735
4608,3.8,3.4071028,0.39289717674255353
7636,3.7,3.091011,0.6089889526367189
18373691,3.9,3.576098,0.3239020347595214
7634,3.6,3.534484,0.0655160903930665
306028,3.5,3.1394854,0.36051464080810547
311637,3.7,3.27879,0.4212100028991701
309080,2.4,3.0998652,-0.6998651981353761
1358,2.3,3.189548,-0.8895480155944826
5890,3.4,3.3855367,0.014463329315185458
306513,2.8,3.5971782,-0.7971782207489015
3089,3.2,3.3931487,-0.19314866065978986
7061,3.5,3.1610441,0.3389558792114258
18466981,3.1,3.5138068,-0.4138068199157714
311093,3.2,3.365301,-0.16530089378356916
1055,3.0,3.589323,-0.5893230438232422
18144470,3.0,3.424066,-0.42406606674194336
4089,3.0,3.1213782,-0.12137818336486816
311030,3.5,3.6044471,-0.1044471263885498
9927,3.6,3.3896508,0.21034917831420907
18245298,4.0,3.5668201,0.4331798553466797
2578,3.1,3.0285568,0.07144317626953134
709,3.3,3.2674482,0.032551813125610174
1530,2.8,2.9684024,-0.1684023857116701
1401,2.8,2.9948714,-0.19487137794494647
602,3.2,3.1051733,0.09482665061950701
18175255,2.9,3.09552,-0.1955200195312501
2245,2.8,3.0491056,-0.2491056442260744
2585,3.2,3.0234299,0.17657012939453143
908,2.5,3.200348,-0.700347900390625
924,3.2,3.0171053,0.18289465904235858
7715,2.9,2.9798667,-0.07986674308776864
9476,2.8,3.1352725,-0.3352725028991701
7686,3.0,3.0258124,-0.025812387466430664
305621,3.1,3.0114179,0.08858213424682626
1324,3.5,3.2717624,0.22823762893676758
927,3.7,3.124068,0.5759319782257082
929,3.9,3.420364,0.4796360969543456
53,2.6,3.8186524,-1.2186523914337157
307271,2.9,3.7679696,-0.8679696083068849
596,3.4,3.710765,-0.31076488494873056
1127,3.1,3.9197333,-0.8197332859039306
4237,3.4,3.5761635,-0.17616353034973153
6357,3.2,3.5062912,-0.30629115104675275
18124357,3.4,3.8826964,-0.48269639015197763
2913,3.0,3.9343996,-0.9343996047973633
3506,3.3,3.7027485,-0.4027485370635988
6957,2.7,3.953198,-1.253197956085205
304154,2.5,3.9195666,-1.4195666313171387
320,3.4,3.667276,-0.26727590560913095
310097,3.2,3.7634447,-0.563444662094116
18418277,4.7,3.8543715,0.8456284523010256
310143,4.9,3.7471995,1.1528004646301273
18357940,4.7,3.8280466,0.8719534397125246
300595,3.6,3.5897117,0.010288333892822354
55,3.9,3.8153021,0.08469786643981925
3168,3.7,3.976421,-0.2764211177825926
310448,3.8,3.8005419,-0.0005418777465822089
18237356,3.6,3.7655034,-0.16550340652465811
303034,3.6,3.723853,-0.12385311126708975
18070476,3.7,3.8232312,-0.12323122024536115
18208892,3.7,3.7495508,-0.04955081939697248
18157403,3.7,3.7078173,-0.007817316055297674
18306523,3.6,3.5420065,0.057993507385253995
309664,3.9,3.7126517,0.18734827041625968
302878,3.9,3.7848692,0.11513080596923819
18237315,3.9,3.7451944,0.154805564880371
305453,3.9,3.899335,0.0006650924682616299
308804,3.9,3.8098953,0.09010472297668448
311373,3.9,3.7893984,0.11060156822204581
143,3.7,3.4364252,0.26357479095459
308772,3.8,3.8502035,-0.05020351409912127
7855,3.9,3.7645845,0.13541545867919913
66,3.5,3.9335606,-0.4335606098175049
18235515,3.9,3.911732,-0.011731958389282315
18247029,3.7,3.9432726,-0.24327259063720685
2298,3.9,3.7698913,0.13010873794555655
310490,3.7,3.814544,-0.11454396247863752
1896,3.8,3.4302168,0.36978321075439435
18157384,3.8,4.0565248,-0.2565247535705568
2903,3.5,3.5282283,-0.028228282928466797
301653,3.5,3.6340938,-0.1340937614440918
2195,3.7,3.5281386,0.17186136245727557
7367,3.7,3.8310168,-0.13101677894592267
309586,3.9,3.989623,-0.08962306976318368
18398577,3.7,3.7947495,-0.09474949836730939
18435302,3.7,3.8271246,-0.12712459564208967
9747,3.6,3.9432447,-0.34324469566345206
312603,3.9,3.9245496,-0.024549579620361417
177,3.8,3.702848,0.09715204238891584
9959,3.7,3.6763723,0.023627710342407404
17953940,3.5,3.5666175,-0.06661748886108398
18441674,3.9,3.9271116,-0.027111625671386808
307485,3.9,3.6424062,0.25759377479553214
311057,3.7,3.7214842,-0.02148418426513654
309955,3.7,3.9564915,-0.2564914703369139
870,3.8,3.5731494,0.22685055732727033
18265711,3.8,3.7868788,0.013121175765991033
312601,3.8,3.7965033,0.0034966945648191583
3393,3.8,3.6548572,0.14514284133911115
2504,3.6,3.7903957,-0.19039573669433585
249,3.5,3.7870426,-0.28704261779785156
18423119,3.7,3.7484548,-0.048454809188842596
18255131,3.6,3.8127537,-0.21275367736816397
306497,3.7,3.7970774,-0.09707741737365705
308244,3.5,3.7064376,-0.2064375877380371
1286,3.6,3.7832184,-0.1832183837890624
4815,3.5,3.9361515,-0.43615150451660156
310463,3.5,3.4725618,0.02743816375732422
5738,3.7,3.6953745,0.004625511169433771
302310,3.6,3.6092374,-0.00923743247985831
5608,3.5,3.6465886,-0.14658856391906738
307535,3.8,3.72375,0.07624988555908185
302156,3.5,3.660025,-0.16002488136291504
18238278,3.7,3.7986505,-0.09865050315856916
905,3.5,3.7494838,-0.24948382377624512
18281985,3.9,3.8150322,0.08496775627136222
307060,3.8,3.8322446,-0.032244634628296076
18425735,3.9,3.9039536,-0.003953552246093839
313256,3.9,3.772576,0.12742390632629386
18337893,3.5,3.7443743,-0.24437427520751953
307190,3.9,3.618046,0.2819539546966552
309790,3.9,3.7709584,0.12904157638549796
1800,3.9,3.7829769,0.1170231342315673
301605,3.7,3.92078,-0.22077994346618635
3394,3.9,3.7840497,0.11595025062561026
930,3.5,3.774221,-0.27422094345092773
309073,3.9,3.875004,0.024995946884155185
18241537,4.4,3.8123486,0.5876513957977298
309478,4.0,3.8610368,0.1389632225036621
7713,4.1,3.8105175,0.28948245048522914
301489,4.1,3.7590618,0.34093818664550746
18219558,4.1,3.568098,0.531901931762695
18216915,4.0,3.7819173,0.21808266639709473
306913,4.2,3.8711274,0.32887263298034686
307036,4.1,3.9643383,0.13566169738769496
67,4.0,3.7293649,0.27063512802124023
18233593,4.4,4.117844,0.28215589523315465
310123,4.0,3.824373,0.1756269931793213
18198427,4.0,3.852436,0.14756393432617188
18279449,4.3,3.7263508,0.573649215698242
18237357,4.0,3.9945874,0.005412578582763672
18254558,4.0,3.7116961,0.28830385208129883
18246991,4.1,3.8549197,0.24508032798767054
309859,4.0,3.852704,0.14729595184326172
18294220,4.1,3.8519702,0.24802980422973597
900,4.3,3.566778,0.7332220554351805
18294269,4.1,4.049859,0.05014095306396449
301011,4.1,3.6493444,0.4506555557250973
18423151,4.1,3.7396333,0.3603666782379147
18454488,4.3,3.8065982,0.4934018135070799
308579,4.0,3.9410377,0.058962345123291016
910,4.1,3.8663418,0.2336581707000729
18216901,4.0,3.6896698,0.3103301525115967
301114,4.3,3.6763387,0.6236613273620604
4249,4.3,3.7739244,0.5260756492614744
18222559,4.1,3.7552474,0.34475264549255336
303204,2.6,3.28092,-0.6809200286865233
8881,3.2,3.1549616,0.04503841400146502
310435,3.3,3.6127458,-0.31274576187133807
309051,3.5,3.098226,0.40177392959594727
1258,3.1,3.35134,-0.25134005546569815
2308,3.3,3.1894073,0.11059265136718732
195,3.4,3.4169867,-0.016986703872680753
307940,3.3,3.414317,-0.11431689262390154
2299,3.5,3.4395375,0.06046247482299805
5997,3.5,3.3052251,0.19477486610412598
6030,3.7,3.372895,0.3271049976348879
307362,3.2,3.3115916,-0.11159162521362287
307361,3.5,3.378311,0.1216890811920166
3105,3.3,3.5663292,-0.2663292407989504
9960,3.4,3.5000722,-0.10007224082946786
18014114,3.5,3.6346402,-0.13464021682739258
3894,3.7,3.3422618,0.35773820877075213
306479,3.5,3.2100675,0.2899324893951416
3183,2.8,3.2826202,-0.48262019157409686
5451,3.2,3.1425896,0.0574104309082033
5464,2.8,3.1624417,-0.36244173049926776
3182,2.9,3.0882688,-0.18826875686645517
18057826,3.4,3.069099,0.33090105056762686
18275791,3.0,3.372019,-0.37201905250549316
18261700,2.9,3.2355154,-0.33551535606384286
18228864,3.1,3.2283936,-0.1283935546874999
310792,2.8,3.312712,-0.5127119541168215
18222587,3.2,3.376996,-0.1769960403442381
309530,3.0,3.2073796,-0.20737957954406738
5462,3.0,3.180218,-0.18021798133850098
3181,3.4,3.1026828,0.29731717109680167
9912,3.7,3.722748,-0.022748041152953924
3180,3.8,3.1303618,0.6696382045745848
4092,3.7,3.1240277,0.5759722709655763
18261683,3.5,3.1681037,0.3318963050842285
4715,3.8,3.0503876,0.7496123790740965
481,3.6,3.2610505,0.33894953727722177
302232,3.6,3.1982412,0.4017587661743165
1044,3.7,3.1215706,0.578429412841797
3185,3.6,3.083793,0.5162070751190186
303637,2.3,3.0022926,-0.7022926330566408
304181,4.1,3.3110445,0.7889555454254147
308183,3.0,3.3591602,-0.3591601848602295
763,3.3,3.5364897,-0.23648972511291522
7557,3.1,3.333405,-0.23340501785278311
525,3.3,3.6248066,-0.3248066425323488
7561,3.0,3.2990673,-0.29906725883483887
18387105,3.4,3.4156349,-0.015634870529174894
18451576,3.3,3.2278035,0.07219653129577619
580,3.4,3.662314,-0.26231393814086923
308703,3.2,3.5368736,-0.3368735790252684
60,3.2,3.2322893,-0.032289314270019354
305123,3.2,3.5110307,-0.3110306739807127
18265689,2.7,3.3384044,-0.6384044170379637
199,2.5,3.2485416,-0.7485415935516357
756,3.4,3.3280017,0.07199826240539542
309801,3.4,3.417556,-0.017556047439575284
18433907,2.5,3.647109,-1.147109031677246
311511,2.8,3.5972023,-0.7972023010253908
308279,3.3,3.6939185,-0.39391846656799334
7621,2.7,3.1767075,-0.4767075061798094
306779,3.2,3.2204664,-0.02046637535095197
312980,3.1,3.509507,-0.4095069408416747
18222580,2.9,3.5821064,-0.6821063518524171
2878,2.9,3.5147343,-0.6147342681884767
8902,3.2,3.310591,-0.11059098243713361
18374707,3.1,3.3835614,-0.2835613727569579
678,3.1,3.653349,-0.5533489227294921
3568,3.0,3.5819526,-0.5819525718688965
18354969,3.2,3.1100628,0.08993716239929217
313242,3.3,3.319149,-0.019149017333984553
309838,3.4,3.279075,0.12092509269714347
437,3.2,3.4211788,-0.22117881774902326
18303851,3.0,3.4092343,-0.40923428535461426
307500,3.3,3.5115783,-0.21157832145690936
736,3.2,3.343447,-0.14344696998596174
18294230,3.4,3.3349922,0.0650078296661376
7851,2.6,3.292992,-0.6929921150207519
2437,3.9,3.6019268,0.2980731964111327
573,3.5,3.2262778,0.27372217178344727
9706,3.6,3.8012083,-0.2012082576751708
1507,3.8,3.5167751,0.2832248687744139
302655,3.6,3.6254601,-0.025460147857665927
705,3.7,3.4311602,0.2688397884368898
1395,3.7,3.836868,-0.13686804771423322
18418273,3.5,3.5730994,-0.07309937477111816
2067,3.6,3.5804079,0.019592142105102628
3492,3.9,3.4409575,0.45904245376586905
576,3.7,3.5752196,0.12478036880493182
311211,3.9,3.835307,0.06469311714172354
311661,3.8,3.4154825,0.3845174789428709
566,3.8,3.320016,0.47998409271240217
556,3.7,3.6934435,0.006556463241577326
18322644,3.6,3.3697243,0.23027572631835946
17953931,3.6,3.7312949,-0.13129487037658683
18396187,3.8,3.494987,0.3050129890441893
730,3.5,3.5773594,-0.07735943794250488
18247032,3.6,3.5240412,0.07595882415771493
570,3.7,3.8122547,-0.11225466728210431
760,3.8,3.6727538,0.12724618911743146
134,3.8,3.6207254,0.17927460670471174
3039,3.8,3.380255,0.4197450160980223
310816,3.8,3.7164283,0.08357172012329084
304735,3.7,3.4794405,0.22055954933166522
306,3.7,3.3955786,0.304421377182007
312586,3.6,3.3221972,0.27780280113220224
451,3.9,3.5818915,0.3181084632873534
18254518,3.8,3.5377512,0.2622488021850584
9569,2.4,3.3408797,-0.9408796787261964
305269,4.1,3.7080843,0.39191565513610804
18415346,4.4,3.5608425,0.8391574859619144
4268,4.1,3.4483085,0.6516915321350094
18350143,4.0,3.53056,0.4694399833679199
18161723,4.1,4.1895404,-0.08954038619995153
18232097,4.1,3.6158867,0.48411331176757777
309882,4.1,3.6581001,0.4418998718261715
303215,4.0,3.4803696,0.5196304321289062
18400744,4.2,3.6922395,0.5077604770660402
312567,4.0,3.706115,0.2938849925994873
305,4.0,3.3109317,0.6890683174133301
18363787,4.2,3.3327544,0.8672456264495851
305646,4.2,3.6018333,0.5981666564941408
6953,3.1,3.115689,-0.01568903923034659
7691,3.4,3.4837983,-0.08379826545715341
3252,2.8,2.9781384,-0.1781384468078615
18400732,2.8,3.6167626,-0.8167626380920412
18337757,3.4,3.56611,-0.16610989570617685
9014,3.4,3.1243107,0.27568926811218253
9453,3.2,3.5144515,-0.31445150375366193
18273614,2.6,3.1499193,-0.5499192714691161
6625,2.5,3.1019115,-0.6019115447998047
300869,3.0,3.2523355,-0.2523355484008789
18256980,3.3,3.0668056,0.2331943988800047
2279,2.8,3.1102993,-0.31029934883117694
307894,3.1,3.1041365,-0.00413646697998038
6949,3.0,3.3149912,-0.3149912357330322
311962,3.3,3.1726773,0.12732272148132306
9433,2.8,3.1306455,-0.3306455135345461
4065,3.3,3.0776565,0.2223434925079344
5767,2.9,3.133706,-0.23370609283447275
7681,3.0,3.4330802,-0.43308019638061523
18395106,3.0,3.1966515,-0.19665145874023438
5436,2.6,2.928921,-0.3289209842681884
18370586,3.2,3.4226363,-0.2226362705230711
306847,3.3,3.2142918,0.08570818901061994
4857,3.4,3.5042734,-0.1042734146118165
4088,3.4,3.004184,0.3958159923553466
9969,2.7,3.52761,-0.8276100635528563
307106,3.3,3.185329,0.11467103958129865
5909,2.6,3.2787974,-0.6787973880767821
2287,3.4,3.2461333,0.15386667251586905
2288,3.2,3.1721337,0.027866315841674982
312391,2.7,3.3735583,-0.6735582828521727
302370,3.4,3.258772,0.14122810363769522
9779,2.6,2.8681085,-0.26810851097106925
307387,3.0,3.2053928,-0.20539283752441406
18350499,2.8,2.9531534,-0.15315337181091326
2290,3.1,3.282564,-0.18256392478942862
18161577,4.6,3.8325222,0.7674778461456295
6647,3.6,3.392891,0.20710906982421884
313267,3.9,3.4156773,0.48432269096374503
5455,3.7,3.306823,0.3931769847869875
3401,3.7,3.2914817,0.4085182666778566
18456762,3.7,3.4032006,0.29679937362670916
4825,3.9,3.3106122,0.5893877983093261
311674,3.8,3.6182067,0.18179326057434064
6646,3.7,3.0464482,0.653551769256592
304307,3.8,3.6933863,0.10661368370056135
300883,2.4,3.2420561,-0.8420561313629151
3036,2.4,3.4641569,-1.0641568660736085
18342940,4.1,3.2727768,0.8272231578826901
6144,4.1,3.1676931,0.932306861877441
18365861,4.3,3.5672297,0.732770252227783
304262,4.3,3.933295,0.3667049884796141
312345,4.4,3.9390273,0.46097269058227575
306407,4.2,3.672397,0.5276031017303469
7777,2.8,3.3970113,-0.5970112800598146
3167,3.2,3.0736973,0.1263026714324953
302555,3.1,3.1788402,-0.07884016036987296
309841,2.5,3.423348,-0.9233479499816895
3158,2.8,3.0941663,-0.2941662788391115
7814,3.1,3.3737762,-0.2737761974334716
7770,3.4,3.2206645,0.17933549880981436
7789,3.0,3.166008,-0.16600799560546875
302537,3.1,3.379558,-0.2795580863952636
7790,2.8,3.0879438,-0.2879437923431398
18025092,3.5,3.5057242,-0.005724191665649414
7768,3.7,3.3777678,0.32223219871521014
302264,3.6,3.362287,0.2377129554748536
300975,3.6,3.063546,0.5364540576934815
7772,3.8,3.1047184,0.6952815532684324
7834,3.5,3.3117783,0.18822169303894043
302542,3.7,3.1038122,0.5961877822875978
7774,3.5,3.1342597,0.3657402992248535
7769,3.5,3.0498128,0.45018720626831055
7788,2.3,3.062659,-0.7626590251922609
309037,3.0,2.9945197,0.005480289459228516
18454058,3.2,3.009464,0.19053597450256365
312579,3.2,3.2477572,-0.047757196426391424
18398753,3.0,3.106309,-0.1063089370727539
301313,2.8,3.1132314,-0.31323142051696795
301305,3.3,2.990517,0.30948309898376447
18124346,2.9,2.9267287,-0.026728725433349698
310664,3.3,3.0872905,0.21270947456359846
6266,3.0,3.0408142,-0.04081416130065918
5060,3.3,2.906195,0.3938050746917723
312566,3.4,3.0151792,0.38482084274291983
18368621,3.4,3.0950882,0.30491175651550284
310319,3.2,3.001144,0.19885606765747088
302497,2.6,3.1167808,-0.5167807579040526
302528,3.3,3.0921545,0.20784549713134748
305209,3.1,2.9774013,0.12259874343872079
313046,2.6,3.106937,-0.5069369316101073
313473,3.0,2.9708226,0.029177427291870117
9817,2.7,3.0357893,-0.33578925132751447
18255138,3.0,2.954281,0.04571890830993652
309727,2.7,3.165015,-0.46501498222351056
18204499,3.0,3.0339415,-0.03394150733947754
311187,2.7,3.075549,-0.37554888725280744
301498,3.3,2.8929253,0.40707473754882795
18378033,3.1,3.1940632,-0.09406318664550772
309043,3.1,3.1418195,-0.04181947708129874
308509,2.6,2.9653862,-0.36538615226745597
6242,3.1,3.060491,0.039508914947509854
303994,3.2,3.0463119,0.15368814468383807
9002,3.5,3.4398441,0.06015586853027344
307364,3.6,3.0513792,0.5486207962036134
18153563,2.3,3.162722,-0.8627221107482912
357,3.4,2.9402752,0.4597248077392577
8453,2.5,3.0501657,-0.5501656532287598
306856,2.6,3.0663617,-0.4663616657257079
18332009,3.4,3.7921534,-0.39215335845947275
6875,3.5,3.2321985,0.26780152320861816
2530,2.3,3.2230587,-0.9230587005615236
5260,3.0,3.1302948,-0.1302947998046875
3224,3.0,2.9947987,0.0052013397216796875
5293,3.3,3.1873753,0.11262469291686994
307578,3.6,3.0938585,0.5061415195465089
4919,3.5,3.7412524,-0.24125242233276367
4921,3.8,3.6534417,0.14655833244323713
307321,3.1,3.837842,-0.7378419876098632
2616,2.8,3.4876356,-0.6876356124877931
302212,3.8,3.5759642,0.22403578758239728
3814,3.5,3.6328702,-0.13287019729614258
8201,3.8,3.641232,0.15876798629760724
306571,3.9,3.5068018,0.39319815635681143
2300,3.7,3.640967,0.05903310775756854
3719,3.7,3.5020862,0.1979138374328615
9720,3.5,3.69786,-0.1978600025177002
3192,4.4,3.805473,0.5945269107818607
305781,4.1,3.6036785,0.4963215351104733
18337927,4.1,3.3879006,0.7120994091033932
2615,3.2,3.4209952,-0.22099523544311506
2893,3.6,3.5085354,0.09146461486816415
18237314,3.9,3.4645278,0.4354721546173095
2436,3.9,3.6005273,0.2994727134704589
306572,3.7,3.6290493,0.07095069885253924
2301,3.7,3.513066,0.18693394660949725
312542,3.8,3.4861596,0.3138404369354246
310887,3.9,3.6522841,0.2477158546447753
7256,3.8,3.5567124,0.24328761100769025
8593,3.7,3.640277,0.05972309112548846
311353,3.9,3.473447,0.42655291557312003
311423,3.8,3.697051,0.10294895172119123
7247,4.0,3.4417639,0.5582361221313477
8396,2.7,2.9880898,-0.28808979988098127
308544,2.7,3.2113957,-0.511395740509033
301237,3.0,3.1719754,-0.17197537422180176
300408,3.6,3.272389,0.32761106491088876
9657,3.5,3.091517,0.40848302841186523
307167,2.4,2.9785552,-0.578555202484131
303264,2.9,3.1617777,-0.2617777347564698
311712,2.9,3.3000221,-0.4000221252441407
9886,2.7,3.0047028,-0.30470280647277814
9891,3.2,3.0643308,0.13566918373107928
9887,2.8,3.062447,-0.26244707107543963
7893,2.7,3.0305302,-0.3305302143096922
18266888,3.3,3.0658574,0.23414258956909162
7884,3.2,3.0023131,0.19768686294555682
18377458,3.0,3.145703,-0.14570307731628418
7897,3.1,3.1696794,-0.06967940330505362
18391937,3.1,3.0984921,0.0015078544616700107
7888,2.8,2.9933383,-0.19333834648132342
18037834,3.1,3.117444,-0.017444038391113192
312605,3.0,3.0547593,-0.05475926399230957
7876,2.7,2.8780894,-0.17808942794799787
18358157,3.4,3.0016654,0.3983346462249755
18272344,3.2,3.30661,-0.10661010742187482
18458308,2.8,3.369101,-0.5691010475158693
4302,3.2,3.0679855,0.13201446533203143
7886,3.1,3.029864,0.07013592720031747
7873,3.3,3.1033967,0.1966033458709715
303625,3.2,2.9977295,0.20227046012878436
310794,2.9,2.9585872,-0.058587169647216886
920,3.1,3.0376048,0.06239519119262704
18381237,2.7,2.955516,-0.2555160999298094
18371426,3.2,3.1790483,0.020951700210571467
312173,3.1,2.872684,0.22731599807739267
8959,4.1,3.3321784,0.767821645736694
304176,3.2,3.226773,-0.026773023605346502
8822,2.9,3.3030941,-0.40309414863586435
511,3.2,3.2881827,-0.08818273544311506
309166,2.6,3.3546534,-0.7546533584594726
18268708,3.3,3.315632,-0.015632104873657404
18265722,2.6,3.1709757,-0.5709756851196288
18453878,3.0,3.1133866,-0.11338663101196289
309013,3.2,3.252348,-0.05234794616699201
305077,2.9,3.1422954,-0.24229536056518564
5262,2.9,3.282842,-0.3828419208526612
7375,3.1,2.9475412,0.15245876312255868
18337880,2.5,3.0761156,-0.576115608215332
306978,3.3,3.3700466,-0.07004661560058612
18312478,3.1,3.2599514,-0.15995135307312003
3979,3.3,3.2076054,0.09239463806152326
18336207,3.0,3.2750304,-0.27503037452697754
7377,3.2,3.3452432,-0.1452432155609129
307506,3.3,3.1661854,0.1338146209716795
3125,3.4,3.160342,0.2396580219268798
305674,3.3,3.2877393,0.012260723114013494
18391167,3.0,3.2630694,-0.26306939125061035
8727,3.2,3.240666,-0.04066591262817365
3980,2.6,3.1241927,-0.524192714691162
312183,3.2,3.136207,0.06379289627075213
311945,3.4,3.1490533,0.2509466648101806
3126,3.2,3.3374577,-0.13745765686035138
18475269,3.2,3.3724484,-0.1724484443664549
303124,3.0,3.1622343,-0.16223430633544922
18034042,3.1,3.084393,0.01560697555542001
201,3.5,3.0723202,0.42767977714538574
303575,3.6,3.3263483,0.27365169525146493
410,3.6,3.023605,0.5763948917388917
308107,3.5,3.05185,0.4481499195098877
4885,3.7,3.365866,0.33413405418396014
18273627,3.9,3.5282867,0.37171330451965323
311539,3.7,3.0182219,0.681778144836426
2635,3.8,3.1494575,0.6505425453186033
18237962,3.5,3.1502693,0.3497307300567627
18261486,3.9,3.4512408,0.44875922203063956
311327,2.4,3.3394482,-0.9394482135772706
7372,4.1,3.2599514,0.8400486469268795
306016,3.1,3.3436794,-0.24367942810058585
304906,2.5,3.4192073,-0.9192073345184326
18447890,3.1,3.6286716,-0.528671646118164
18375391,3.3,3.6037421,-0.30374212265014666
18355123,3.2,3.283389,-0.08338909149169904
304915,3.1,3.569286,-0.4692861080169677
304913,3.1,3.2333736,-0.13337364196777335
304923,3.3,3.3497045,-0.0497045040130617
309738,2.6,3.694808,-1.094808006286621
18261188,3.6,3.6897073,-0.08970727920532218
18336192,3.9,3.469628,0.43037190437316886
18277187,3.9,3.4518192,0.44818081855773917
18381663,3.6,3.1995032,0.4004968166351319
304917,3.8,3.1813838,0.6186161518096922
306031,3.8,3.4762907,0.3237092971801756
18180083,3.7,3.4764879,0.22351212501525897
304239,4.0,3.73699,0.26301002502441406
18294261,4.2,3.8907504,0.30924959182739276
305240,4.0,3.6179106,0.38208937644958496
304299,4.3,3.814721,0.48527889251708967
305547,3.3,3.8608506,-0.5608505725860597
305545,3.9,3.9506586,-0.050658559799194425
305549,3.5,3.8091874,-0.3091874122619629
305546,3.7,3.656153,0.043847036361694514
305548,4.2,3.7598462,0.44015378952026385
9640,3.4,3.3769617,0.023038291931152255
6200,3.4,3.7489243,-0.34892425537109384
18128883,3.7,3.574275,0.1257249832153322
4631,4.2,3.1107044,1.0892955780029299
302682,3.2,3.406064,-0.2060640335083006
2004,4.9,3.6113153,1.2886847496032718
4283,4.2,3.4688797,0.7311203002929689
18335816,3.0,3.1228967,-0.12289667129516602
17977792,2.8,2.9291923,-0.12919230461120623
301214,3.3,2.9953787,0.3046212673187254
312227,3.0,3.0932627,-0.0932626724243164
303860,2.8,3.087062,-0.28706188201904315
18244236,3.4,3.0771458,0.32285418510437003
305577,3.0,3.062036,-0.06203603744506836
18014118,3.3,3.3060303,-0.006030273437500178
5996,2.8,3.0456073,-0.24560732841491717
313487,3.2,3.0186064,0.18139357566833514
313004,3.1,3.2056248,-0.1056248188018798
312942,2.7,3.0082877,-0.30828766822814924
309168,2.8,2.9497058,-0.14970583915710467
308994,3.5,3.0596213,0.44037866592407227
312943,3.5,2.9273086,0.5726914405822754
9909,4.0,3.3657427,0.6342573165893555
18423111,3.4,3.3821378,0.017862224578857333
18469938,3.0,3.855284,-0.8552839756011963
651,2.6,3.576335,-0.9763349533081054
17953916,3.3,3.627368,-0.3273679733276369
18168168,3.3,3.767041,-0.46704096794128436
7589,3.4,3.592619,-0.19261894226074228
1934,3.1,3.4188979,-0.3188978672027587
4385,3.3,3.5283139,-0.22831387519836444
309477,3.4,3.658491,-0.2584908962249757
9835,3.3,3.6976576,-0.39765758514404315
147,2.5,3.5725443,-1.0725443363189697
18237320,3.4,3.7170072,-0.31700716018676767
9980,2.8,3.5027683,-0.7027682781219484
732,3.0,3.6470685,-0.6470685005187988
311515,3.4,3.5790215,-0.17902145385742196
309520,3.3,3.6120217,-0.3120216846466066
18400736,4.5,3.9451752,0.5548248291015625
18255193,3.6,3.5536954,0.04630455970764169
311584,3.8,3.5972505,0.20274953842163068
702,3.6,3.6368256,-0.03682556152343741
18313122,3.8,3.6583383,0.14166169166564924
309156,3.7,3.7066216,-0.006621646881103338
18268706,3.9,3.745461,0.15453901290893546
18415352,3.8,3.7517576,0.048242378234863104
3620,3.9,3.8683076,0.03169240951538077
1902,3.5,3.7819438,-0.28194379806518555
18434596,3.5,3.5933888,-0.09338879585266113
311671,3.7,3.6819372,0.018062782287597834
2653,3.9,3.6822836,0.217716360092163
18377926,3.9,3.4662876,0.43371238708496085
309820,3.7,3.5937266,0.10627336502075213
18034050,3.8,3.8115716,-0.011571598052978693
18382372,3.5,3.6228142,-0.12281417846679688
302478,3.8,3.568522,0.23147802352905256
18466978,3.5,3.8520386,-0.3520386219024658
9840,3.5,3.7862878,-0.286287784576416
18279463,3.7,3.6732478,0.02675218582153338
18317517,3.9,3.9112976,-0.011297559738159269
1215,3.7,3.5007489,0.19925112724304217
18241531,3.8,3.77729,0.022709894180297674
3589,3.8,3.6228142,0.17718582153320295
1056,3.6,3.7174087,-0.11740865707397452
5797,3.7,3.5257254,0.17427463531494158
300007,3.8,3.925388,-0.1253880977630617
303288,3.5,3.5519257,-0.0519256591796875
18371438,3.8,3.8061874,-0.006187391281128107
308766,3.6,3.5952506,0.0047493934631348544
18203180,3.8,3.708518,0.09148197174072248
305166,3.6,3.4984992,0.10150084495544442
18291475,3.7,3.5042374,0.1957625865936281
311737,3.7,3.4646113,0.2353887081146242
18363391,4.2,3.6651702,0.5348298072814943
18271497,4.1,3.5939984,0.5060015678405758
18456728,4.1,3.876907,0.22309288978576625
310776,4.1,4.047736,0.0522638320922848
18456764,4.4,3.77054,0.6294600009918216
18418209,4.0,3.6646006,0.3353993892669678
18382342,4.2,3.7485244,0.45147557258605975
312302,4.0,3.7941363,0.20586371421813965
18312632,4.1,3.6842976,0.41570243835449183
18386761,4.1,3.9001725,0.19982752799987757
307065,4.3,3.8628666,0.43713335990905744
9834,4.2,3.427777,0.772222948074341
18025105,4.0,3.7029636,0.29703640937805176
18396409,4.3,3.6476514,0.6523485660552977
18365895,4.1,3.4841723,0.615827655792236
308865,4.1,3.5933554,0.5066445827484127
18278203,3.1,3.4536114,-0.3536113739013671
305652,3.4,3.4390545,-0.039054489135742276
4299,2.9,3.5515337,-0.6515336990356446
18423108,3.2,3.8553038,-0.6553037643432615
17953926,3.2,3.4691262,-0.2691262245178221
310321,3.4,3.626967,-0.22696695327758798
69,3.3,3.5478806,-0.24788064956665057
202,3.2,3.1440628,0.05593724250793475
309902,3.0,3.5277166,-0.5277166366577148
1916,3.2,3.2688446,-0.06884460449218732
5735,3.4,3.632511,-0.2325109004974366
2591,2.8,3.2016077,-0.40160770416259783
306264,3.3,3.7057316,-0.40573163032531756
305817,3.1,3.475177,-0.37517704963684073
18432940,3.4,3.425023,-0.02502307891845712
311690,3.3,3.336255,-0.03625507354736346
309072,3.4,3.4876013,-0.08760128021240243
18277002,3.2,3.3707173,-0.17071728706359846
18433883,2.9,3.5322776,-0.6322775840759278
301435,2.7,3.493956,-0.7939560890197752
18352256,3.1,3.4484863,-0.3484863281249999
308367,3.3,3.3198876,-0.019887638092041193
309741,3.4,3.5694358,-0.16943583488464364
18241869,4.6,4.0448785,0.5551215171813961
305125,3.9,3.6733828,0.22661724090576163
312270,3.6,3.4269767,0.17302331924438485
18249082,3.8,3.385093,0.4149070262908934
18279452,3.6,3.3471775,0.252822494506836
305303,3.5,3.4908457,0.009154319763183594
18354645,3.8,3.616112,0.18388800621032697
1218,3.8,3.5510747,0.2489252567291258
8429,3.8,3.7652135,0.03478651046752912
7819,3.5,3.5623338,-0.06233382225036621
785,3.5,3.5047739,-0.004773855209350586
312486,3.5,3.3692186,0.1307814121246338
1922,3.8,3.6180842,0.18191580772399885
7642,3.6,3.5394409,0.06055912971496591
64,3.8,3.6861434,0.11385660171508771
18413250,3.8,3.593665,0.20633511543273908
312787,3.5,3.7619014,-0.2619013786315918
3611,3.6,3.6360781,-0.03607811927795401
309815,3.8,3.3552728,0.4447272300720213
1018,3.7,3.5086303,0.19136972427368182
8689,3.5,3.511212,-0.01121211051940918
18383512,3.9,3.6917775,0.20822253227233878
308238,3.6,3.5546284,0.045371627807617276
5944,3.6,3.6372511,-0.0372511386871337
285,3.7,3.6804368,0.019563150405883967
304635,3.5,3.8524659,-0.3524658679962158
1021,3.7,3.5762858,0.12371416091918963
307532,3.5,3.496494,0.0035059452056884766
1913,3.5,3.7317085,-0.23170852661132812
311601,3.5,3.7608829,-0.2608828544616699
18254553,3.8,3.697747,0.10225300788879377
4821,3.6,3.8331833,-0.23318328857421866
308018,3.7,3.822632,-0.12263207435607892
310342,3.8,3.6803122,0.11968784332275373
307344,2.4,3.4321816,-1.0321815967559815
307801,4.1,3.5639455,0.5360544681549069
18462002,4.3,3.4634533,0.8365467071533201
18208886,4.4,3.3200889,1.0799111366271976
18435305,4.4,3.5469582,0.8530417919158939
18260641,4.1,3.5550914,0.5449086189270016
18349921,4.0,3.7633364,0.2366635799407959
18380149,4.0,3.5473566,0.45264339447021484
2649,4.2,3.531508,0.6684920310974123
601,3.2,3.3585308,-0.1585307598114012
18462572,3.2,3.4412627,-0.24126272201538068
309105,3.5,3.32784,0.17215991020202637
18089222,3.6,3.4655917,0.1344083309173585
309688,3.6,3.3188,0.2812000274658204
18334422,2.9,3.3683121,-0.46831212043762216
18365388,3.2,3.4416065,-0.24160652160644513
18312607,3.0,3.2120516,-0.2120516300201416
309322,3.3,3.3236108,-0.023610782623291193
18429154,3.1,3.285756,-0.18575611114501944
18336220,2.9,3.3584898,-0.458489751815796
203,2.5,3.2447202,-0.7447202205657959
18414479,2.8,3.2419686,-0.44196863174438494
1625,2.6,3.0339968,-0.433996820449829
2899,3.3,3.5160682,-0.21606822013854998
18180081,3.0,3.2706695,-0.27066946029663086
473,2.5,3.0417051,-0.5417051315307617
18355419,3.4,3.538666,-0.1386660099029542
18432237,3.3,3.2999604,3.962516784650205e-05
259,3.3,3.4894636,-0.18946356773376483
7316,3.1,3.2910616,-0.1910616397857665
18222566,3.4,3.5308604,-0.13086042404174814
443,3.4,3.224056,0.17594399452209464
308315,3.3,3.405896,-0.10589594841003436
769,3.5,3.3328993,0.1671006679534912
312011,3.6,3.313136,0.2868638992309571
65,3.5,3.4876854,0.012314558029174805
9672,3.7,3.4851248,0.21487517356872576
472,3.5,3.0933867,0.4066133499145508
3400,3.7,3.4600477,0.2399522781372072
18337744,3.5,3.2987087,0.20129132270812988
18268360,3.8,3.5030363,0.2969637393951414
4096,3.8,3.575013,0.22498707771301252
18358700,3.8,3.5472212,0.25277881622314435
2217,3.5,3.4851866,0.014813423156738281
18398571,3.6,3.2804124,0.3195875644683839
1621,3.5,3.4094827,0.09051728248596191
3468,2.4,3.1401317,-0.740131711959839
18463949,4.3,3.5901618,0.7098381996154783
310949,2.8,3.1957293,-0.3957292556762697
18356808,3.4,3.5292761,-0.12927613258361825
18361758,3.0,3.4343543,-0.434354305267334
312755,3.3,3.2775295,0.022470521926879705
18241525,3.3,3.6856308,-0.3856307983398439
313492,3.3,3.1267886,0.1732113838195799
18472658,3.1,3.3856456,-0.2856456279754638
18418248,3.0,3.1089375,-0.10893750190734863
18427869,2.9,2.9874573,-0.08745727539062509
310948,3.0,3.1144493,-0.11444926261901855
18463997,3.2,3.5155904,-0.3155904293060301
18337898,3.1,3.2238483,-0.12384834289550772
18427234,3.8,3.6805136,0.11948637962341291
18382697,3.7,3.5926328,0.1073672294616701
18400720,3.9,3.4502769,0.4497231483459472
3363,3.5,3.3546708,0.14532923698425293
310592,3.9,3.3171391,0.5828608512878417
18375397,4.3,3.5142677,0.785732316970825
6628,3.1,3.0686674,0.03133258819580087
4079,3.3,3.0116942,0.2883058071136473
9392,3.3,3.0245702,0.2754297733306883
9386,2.9,3.1942565,-0.29425654411315927
312400,3.2,3.4435987,-0.2435987472534178
310982,3.1,3.0458708,0.05412921905517587
9421,3.4,3.2671232,0.1328767776489257
1147,3.1,3.361719,-0.26171889305114737
18057825,2.6,3.2112718,-0.6112717628479003
18444811,3.0,3.109583,-0.10958290100097656
9366,3.4,3.11104,0.2889598846435546
18361754,3.0,3.0797603,-0.07976031303405762
18245254,3.2,3.210212,-0.010211992263793768
18219524,3.0,3.0949502,-0.09495019912719727
305276,3.1,3.3692884,-0.2692884445190429
312355,3.0,3.038563,-0.03856301307678223
6599,3.5,3.2557168,0.24428319931030273
300022,3.8,3.2731447,0.5268552780151365
6605,3.6,3.2708967,0.32910332679748544
18034044,3.6,3.3291636,0.2708364486694337
300946,3.6,3.2252533,0.37474665641784677
18457090,3.8,3.1050117,0.6949882984161375
310409,3.5,3.203665,0.29633498191833496
307228,3.5,3.3210466,0.1789534091949463
5897,3.2,3.0223053,0.1776947498321535
18381236,3.4,3.299502,0.1004981040954589
18416840,2.7,3.3189907,-0.6189907073974608
18222563,3.3,3.6646261,-0.36462612152099627
18449796,2.9,3.1012132,-0.2012132167816163
18471243,3.3,3.2937195,0.006280469894409002
652,2.6,3.1737075,-0.5737074851989745
9841,2.9,3.247891,-0.34789094924926767
313482,3.3,3.1268356,0.1731644153594969
308599,3.2,3.2448907,-0.04489068984985334
807,3.4,3.420912,-0.020912027359008878
18423871,3.1,3.147166,-0.04716601371765128
308188,3.0,2.8388062,0.16119384765625
3156,3.3,3.3442717,-0.044271659851074396
306319,3.3,3.1691136,0.13088636398315412
311033,3.1,3.0900145,0.00998554229736337
4250,3.4,3.3833222,0.01667776107788077
300607,2.6,3.1183903,-0.5183903217315673
301325,2.6,3.0996406,-0.4996406078338622
308277,2.9,2.9149513,-0.014951324462890714
301328,2.6,3.1637313,-0.5637313365936278
18313482,3.3,3.3519928,-0.0519928455352785
18287406,2.9,3.5159836,-0.6159835815429688
18354624,3.1,3.2518835,-0.15188350677490225
307025,2.8,3.0433025,-0.24330253601074237
18469980,3.2,3.2644157,-0.0644157409667967
309593,3.3,3.0129042,0.28709583282470685
18252376,2.9,3.3311715,-0.43117151260375985
312809,2.7,3.1550474,-0.45504741668701154
304546,2.8,2.8304863,-0.030486297607422053
301327,3.1,3.0122435,0.08775649070739755
303170,3.2,3.151278,0.04872198104858416
306658,3.4,3.149097,0.250903034210205
300564,2.8,3.3616006,-0.5616006374359133
5630,3.1,2.9582722,0.14172778129577646
306511,2.9,3.0915868,-0.1915868282318116
306247,2.8,3.0339286,-0.23392863273620623
18245263,3.4,2.992914,0.40708603858947745
305040,3.4,3.1820633,0.21793665885925284
673,2.6,3.2056646,-0.6056646347045898
304542,2.7,2.9871395,-0.28713946342468244
18349919,4.5,3.2407482,1.2592518329620361
4251,3.9,3.7566574,0.14334263801574698
305736,3.5,3.2280107,0.2719893455505371
308257,3.8,3.4588041,0.3411958694458006
18359259,3.6,3.354693,0.24530706405639657
18335682,3.7,3.40023,0.29977006912231463
303716,3.8,3.3409562,0.45904378890991193
18430873,3.7,3.2651753,0.4348246574401857
18440414,3.7,3.4820843,0.217915725708008
5267,3.5,2.9490643,0.5509357452392578
310259,3.5,2.9461997,0.5538003444671631
18402768,3.8,3.1532655,0.6467345237731932
18418258,3.9,3.4857192,0.4142807960510253
18436439,4.0,3.4365063,0.5634937286376953
18365575,4.0,3.4637244,0.5362756252288818
307490,4.1,3.5126224,0.5873776435852047
301001,3.3,3.8482625,-0.5482625484466555
8369,3.4,3.9902592,-0.5902591705322267
304296,3.3,3.773508,-0.47350807189941424
18082196,3.4,3.5185964,-0.11859641075134286
307931,4.5,3.9992666,0.5007333755493164
313304,3.9,3.6861465,0.21385350227355948
5732,3.9,3.929797,-0.029796934127807706
301131,3.8,3.9687548,-0.1687547683715822
312437,3.7,4.1048136,-0.40481357574462873
301442,3.7,3.9620125,-0.26201252937316877
301574,3.9,3.9185717,-0.01857171058654794
308463,3.8,3.8009143,-0.0009142875671388495
304027,3.5,3.8216794,-0.32167935371398926
307330,3.5,3.7758055,-0.2758054733276367
306334,3.7,3.6933599,0.0066401481628419745
5030,3.7,3.7613657,-0.06136565208435041
8893,3.9,3.8843906,0.015609407424926669
308322,4.3,4.0076942,0.2923057556152342
3392,4.2,3.5331893,0.6668107032775881
18408040,4.2,3.9379587,0.26204128265380877
307360,4.0,3.6457138,0.35428619384765625
89,4.2,3.49627,0.7037300586700441
18208924,4.4,3.9081733,0.49182667732238805
303092,4.1,4.00963,0.09036979675292933
307436,3.3,3.3879945,-0.08799452781677264
306510,3.4,3.9098372,-0.5098372459411622
312801,3.7,3.7715561,-0.07155613899230939
3293,3.4,3.6843264,-0.2843264102935792
422,3.9,3.6596632,0.24033679962158194
3260,2.8,3.3243885,-0.5243885040283205
1267,3.9,3.4091601,0.49083986282348624
308069,3.0,3.4099367,-0.40993666648864746
4367,3.3,3.571868,-0.27186794281005877
4364,3.0,3.6873193,-0.687319278717041
310365,3.4,3.3784904,0.021509552001953036
4366,3.7,3.58912,0.11088008880615252
4365,3.6,3.4043386,0.19566140174865732
18419892,3.5,3.3013744,0.1986255645751953
4357,3.6,3.8165534,-0.21655335426330558
3379,3.9,3.8908303,0.009169721603393466
3264,3.6,3.7467642,-0.1467641830444335
4368,3.8,3.7467017,0.05329828262329084
4356,3.9,3.8780625,0.02193751335144034
3378,4.0,3.8382595,0.16174054145812988
310032,3.1,3.365838,-0.26583805084228507
18436483,3.1,3.315018,-0.2150179386138915
18245249,2.6,3.2718008,-0.6718007564544677
301448,3.9,3.0867991,0.8132008552551269
312231,3.1,3.3652096,-0.26520957946777335
18057802,3.2,3.4276576,-0.22765760421752912
307622,3.8,3.0638907,0.7361093044281004
1546,2.9,3.0562234,-0.15622339248657235
4673,2.8,2.9453948,-0.14539475440979022
18440187,3.0,3.058568,-0.05856800079345703
304304,2.8,3.2489,-0.44889993667602557
18107859,2.9,2.9348402,-0.03484020233154306
303582,3.1,3.148089,-0.04808893203735343
306595,3.4,3.3185508,0.08144917488098136
305348,3.1,3.1420832,-0.04208316802978507
303586,3.2,3.204026,-0.004025983810424627
18289231,2.7,2.9624891,-0.2624891281127928
9803,2.8,2.9891047,-0.18910474777221697
3700,2.8,3.084727,-0.28472704887390154
3093,3.1,3.0488462,0.05115375518798837
308849,3.2,2.9052873,0.2947127342224123
301149,2.6,3.080766,-0.4807659626007079
305159,2.7,3.060654,-0.3606539249420164
6256,3.3,3.0104587,0.2895412921905516
18258483,3.4,2.9744334,0.42556657791137686
9806,3.4,3.1999114,0.20008864402770987
303590,3.2,3.085976,0.11402411460876483
311263,3.3,2.9744334,0.3255665779113768
303592,3.5,2.9736104,0.5263895988464355
18228856,3.5,3.1062877,0.39371228218078613
18308458,3.7,3.3319917,0.36800832748413104
6777,2.4,3.2031696,-0.8031695842742921
8376,2.4,3.017494,-0.6174939632415772
8619,2.4,2.9282022,-0.5282021522521974
18228125,4.1,3.1278124,0.9721876144409176
306026,3.2,3.5633655,-0.3633654594421385
302636,3.4,3.675739,-0.2757390499114991
18376494,3.8,3.614568,0.1854320049285887
2745,3.5,3.6251903,-0.12519025802612305
2742,4.4,3.6933765,0.706623458862305
309548,4.1,3.732476,0.3675240039825436
311078,3.2,3.0587544,0.14124555587768572
18144464,3.1,3.336381,-0.23638095855712882
311117,3.2,3.2236528,-0.023652839660644354
303261,3.5,3.0822377,0.41776227951049805
18037812,2.7,3.082708,-0.38270788192749006
18037793,3.1,3.2349925,-0.13499250411987296
301818,2.8,3.0491464,-0.24914641380310076
18427235,3.1,3.0476243,0.05237565040588388
307002,2.8,3.160155,-0.36015505790710467
18037806,3.1,3.1951013,-0.09510126113891593
309087,3.1,3.0650768,0.0349231719970704
18367977,2.7,3.1063612,-0.40636115074157697
1106,3.4,3.1097784,0.29022159576416007
301857,3.1,3.0687287,0.03127131462097177
302836,3.3,3.2925725,0.007427501678466619
18279090,3.1,3.005814,0.09418592453002939
300502,3.2,3.1911862,0.00881381034851092
18203169,3.0,3.1422567,-0.1422567367553711
306891,3.3,3.1168668,0.18313317298889142
6959,3.4,3.0242307,0.375769281387329
18282019,3.3,3.21007,0.08993010520935041
2399,3.4,3.1428957,0.25710430145263663
5420,3.4,3.234944,0.16505589485168448
8521,2.9,3.3159409,-0.41594085693359384
18292455,2.7,3.040074,-0.34007411003112775
4000,3.0,3.0586867,-0.05868673324584961
18241858,2.6,3.2608323,-0.6608323097229003
310732,3.3,3.009592,0.29040794372558576
300522,3.1,3.0367527,0.06324729919433603
18408034,3.0,3.274099,-0.27409911155700684
301803,2.9,3.0165985,-0.11659846305847177
18282017,3.3,3.2239015,0.07609848976135236
18455615,3.2,3.0805376,0.11946244239807147
5400,3.2,3.0967972,0.10320277214050311
300561,3.2,3.1534874,0.04651255607604998
301823,3.1,3.0419059,0.058094120025634854
18282009,2.9,2.9951556,-0.09515557289123544
6978,3.1,3.093664,0.006336069107055753
18281946,2.9,3.0585895,-0.15858945846557626
6052,2.9,3.101322,-0.2013219356536866
5965,3.4,3.174014,0.2259859085083007
18381639,3.3,3.1248333,0.17516665458679181
18289278,3.0,3.0458133,-0.04581332206726074
308716,2.9,3.122979,-0.22297892570495614
306985,3.0,3.0332303,-0.03323030471801758
307861,2.9,3.0814667,-0.1814666748046876
18429381,2.5,3.2087684,-0.708768367767334
18366009,3.6,3.2149525,0.3850475311279298
18415357,3.5,3.2352648,0.26473522186279297
300501,3.7,3.0931313,0.6068686962127687
307006,3.6,3.1038897,0.49611029624938974
18424895,3.7,3.1652446,0.5347554206848146
18245258,2.2,3.1883085,-0.9883084774017332
17977777,4.2,3.0715737,1.128426265716553
18349901,3.1,3.2584472,-0.15844717025756827
18349910,3.4,3.4480302,-0.0480302333831788
304091,3.0,3.2656105,-0.2656104564666748
18420675,3.1,3.6132374,-0.5132373809814452
308014,3.4,3.3911045,0.008895540237426669
18291241,3.2,3.3945906,-0.1945906162261961
18336178,3.0,3.5383096,-0.5383095741271973
18454466,3.0,3.4687178,-0.4687178134918213
993,3.8,3.5160544,0.2839456081390379
305598,3.9,3.5278609,0.3721391201019286
18336494,3.5,3.3747518,0.12524819374084473
18340727,3.6,3.4789584,0.12104163169860849
308001,3.8,3.1206539,0.6793461322784422
18396855,3.8,3.6399782,0.16002182960510236
18079620,4.2,3.5690875,0.630912494659424
304617,4.0,3.4171286,0.5828714370727539
463,4.0,3.3426979,0.6573021411895752
18291442,4.3,3.4902494,0.8097506046295164
300430,3.3,3.2273226,0.07267742156982404
533,3.3,3.3313313,-0.03133125305175799
18365984,3.4,3.2679667,0.13203325271606436
18057812,3.2,3.1098526,0.09014744758605975
7012,3.4,3.1294186,0.27058138847351065
313194,2.7,3.1697118,-0.46971182823181135
18466975,3.3,3.129435,0.17056493759155256
8365,3.4,3.1069655,0.2930344581604003
307699,3.0,3.1615386,-0.16153860092163086
305723,3.2,3.1474624,0.05253763198852557
18175283,2.5,3.214257,-0.714257001876831
4018,3.4,3.1665847,0.23341526985168448
4019,2.7,3.1110723,-0.41107230186462385
482,2.6,3.410853,-0.8108529090881347
355,2.5,3.0902834,-0.5902833938598633
1104,3.2,3.2765682,-0.07656817436218244
300994,3.4,3.237882,0.16211810111999503
310691,2.5,3.0802977,-0.5802977085113525
303247,3.4,3.2024162,0.19758381843566886
311616,3.1,3.1074774,-0.007477426528930575
7025,3.4,3.6775353,-0.2775352954864503
301335,3.0,3.6343503,-0.6343502998352051
4016,3.3,3.2737489,0.026251125335693182
18238968,3.4,3.265181,0.13481893539428702
18175340,3.4,3.1675932,0.23240675926208487
313498,2.7,3.1019313,-0.40193133354186994
18421049,4.5,2.9645772,1.5354228019714355
18345739,3.5,3.1958656,0.3041343688964844
18261158,3.8,3.494327,0.3056729316711424
4010,3.8,3.250092,0.5499079704284666
309283,3.6,3.2104151,0.3895848751068116
17977755,3.6,3.434006,0.1659940242767335
5388,3.5,3.2978544,0.20214557647705078
4723,3.5,3.2303665,0.26963353157043457
311889,3.6,3.2890296,0.3109704017639161
311922,3.5,3.1300254,0.36997461318969727
185,3.6,3.2347589,0.3652411460876466
18268370,3.6,3.5972517,0.0027483463287354404
4021,3.5,3.1767116,0.3232884407043457
300527,3.6,3.260867,0.33913288116455087
18219547,3.5,3.360395,0.13960504531860352
18412874,3.7,3.5644946,0.1355053901672365
18244719,3.5,3.3026438,0.1973562240600586
18322665,3.7,3.070944,0.6290559291839601
7018,1.9,3.4098594,-1.5098594188690186
18446409,4.3,3.0465598,1.253440189361572
7891,2.8,3.0483143,-0.2483143329620363
304445,2.8,3.0887802,-0.2887801647186281
18337922,3.1,3.1322775,-0.032277488708496005
18357562,2.9,3.0909693,-0.19096932411193857
9602,3.2,3.0825818,0.11741824150085467
310305,3.0,2.98069,0.01930999755859375
18025100,2.8,3.0391495,-0.23914952278137225
18355110,2.7,3.0759006,-0.37590055465698224
18322676,3.1,3.1007712,-0.0007711887359618252
308488,3.1,3.089418,0.01058206558227548
7874,2.8,3.2220578,-0.42205781936645526
18313115,3.2,3.2487652,-0.04876523017883283
302514,3.1,3.2260838,-0.12608375549316397
9573,3.4,3.1783144,0.2216855525970458
7892,2.6,3.2281382,-0.6281382083892821
9568,2.9,3.1044204,-0.20442042350769052
3681,2.6,3.0746846,-0.47468461990356436
3337,3.3,3.1293616,0.17063837051391584
310101,2.6,3.1146495,-0.5146495342254638
7889,3.1,3.2251663,-0.12516632080078116
7879,3.1,3.0677273,0.03227267265319833
310469,2.8,3.0489254,-0.24892539978027362
18449787,3.2,3.2860677,-0.0860677242279051
303608,3.0,3.2236772,-0.2236771583557129
307785,3.3,3.0264962,0.2735038280487059
310100,3.3,3.1123178,0.18768219947814924
310468,2.9,3.1617334,-0.2617333889007569
3339,3.5,3.0456564,0.4543435573577881
18369763,3.9,2.9894319,0.9105681419372558
312949,3.6,3.2089567,0.39104328155517587
3684,3.5,3.1259484,0.374051570892334
18463963,3.5,3.2474115,0.25258851051330566
300744,2.3,3.0178177,-0.7178177356719972
8509,4.0,3.1657748,0.8342251777648926
3338,4.1,3.147678,0.9523221015930172
18133513,3.3,3.668993,-0.3689929962158205
619,3.3,3.5034015,-0.20340151786804217
300581,3.1,3.4934251,-0.3934251308441161
300577,3.4,3.502841,-0.10284099578857431
6174,3.2,3.6174736,-0.4174736022949217
300593,3.2,3.5624096,-0.36240963935852033
300589,2.9,3.2490556,-0.3490556240081788
261,3.4,3.754979,-0.354978895187378
18400724,3.2,3.450257,-0.2502570629119871
300591,3.0,3.2553604,-0.25536036491394043
18372578,2.7,3.5437164,-0.8437164306640623
307371,3.2,3.493371,-0.29337100982666
300584,3.0,3.3265052,-0.326505184173584
18462606,3.1,3.4078968,-0.3078967571258544
18357558,3.2,3.6952975,-0.4952974796295164
18345728,4.9,3.6478052,1.2521947860717777
301301,3.8,3.4661047,0.33389525413513166
18249111,3.9,3.8964121,0.0035878658294676846
308280,3.7,3.513036,0.18696398735046404
309807,3.7,3.7018163,-0.0018163204193113458
8451,3.7,3.4285305,0.27146954536438006
3782,3.8,3.7249622,0.07503776550292951
18168125,3.9,3.628569,0.2714311122894286
311982,3.9,3.5648525,0.3351475238800048
182,3.8,3.669888,0.13011198043823224
18349923,3.9,3.420867,0.4791330337524413
311871,3.5,3.5828853,-0.0828852653503418
8911,3.6,3.485429,0.11457095146179208
18398618,3.9,3.4345076,0.4654923915863036
18306547,4.2,3.7808065,0.4191934585571291
18424189,4.2,3.5191555,0.6808444976806642
899,4.2,3.2195818,0.9804181575775148
18357911,4.1,3.6443164,0.45568356513977015
7901,3.1,3.1434793,-0.04347934722900382
309778,3.3,3.0933137,0.20668630599975568
18359262,2.9,3.1661172,-0.26611719131469735
18358682,3.0,3.2074587,-0.2074587345123291
18413811,3.1,2.975835,0.12416491508483896
8160,2.6,3.3355947,-0.7355946540832519
18240023,3.3,3.3689358,-0.06893582344055194
306038,2.8,3.208295,-0.40829510688781756
18337775,3.3,3.166542,0.13345794677734357
18241514,2.8,3.0671928,-0.26719279289245623
7912,2.5,3.1923633,-0.6923632621765137
18387753,3.2,3.4721336,-0.2721336364746092
9700,2.8,3.0670934,-0.2670933723449709
307342,3.3,3.2200503,0.0799496650695799
301898,3.5,3.0508487,0.44915127754211426
18322937,3.8,3.4016502,0.39834980964660627
18303834,3.7,3.3591244,0.3408755779266359
18241883,3.8,3.2706163,0.5293837070465086
18285180,3.8,3.168283,0.631717014312744
7908,2.4,2.9490182,-0.5490182399749757
4503,3.4,3.4999752,-0.09997520446777353
4502,3.5,3.6628635,-0.16286349296569824
4499,3.4,3.5404634,-0.14046344757080087
4235,3.2,3.6264567,-0.42645673751831037
4500,3.3,3.4498894,-0.14988942146301287
4234,3.6,3.64723,-0.0472299098968505
4501,3.5,3.450747,0.049252986907958984
308243,3.1,3.3771396,-0.27713956832885733
703,2.8,3.5049305,-0.7049304962158205
18334427,3.3,3.375175,-0.07517499923706072
310529,3.2,3.324088,-0.12408809661865217
309844,4.5,3.217278,1.282721996307373
306034,3.2,3.1354067,0.06459326744079608
303604,3.0,3.0839775,-0.08397746086120605
1505,2.7,3.0417933,-0.3417933464050291
303583,3.4,3.0799425,0.3200575351715087
18175324,3.2,3.0493894,0.1506106376647951
18391147,3.5,3.0210795,0.47892045974731445
301130,3.8,3.0812182,0.7187817573547362
7807,2.3,3.0296707,-0.7296707153320314
300887,3.1,3.1149707,-0.014970684051513583
306251,3.3,3.351858,-0.051857900619507014
18144453,3.0,3.540193,-0.5401930809020996
7862,3.1,3.2888663,-0.18886628150939933
7857,3.3,3.3246164,-0.024616432189941584
2874,3.1,3.2264566,-0.12645664215087882
18458625,3.0,3.3355563,-0.3355562686920166
18252369,3.1,3.312962,-0.21296205520629874
18228895,3.1,3.365796,-0.2657960891723632
2583,3.6,3.2806125,0.31938753128051767
304876,3.5,3.2661755,0.2338244915008545
308407,3.8,3.4505947,0.3494053363800047
3190,4.4,3.5583782,0.8416217803955082
3041,4.2,3.444,0.7559999942779543
18441798,4.3,3.7342408,0.565759229660034
306505,3.2,3.2829332,-0.08293323516845685
302868,2.9,3.0316799,-0.1316798686981202
7383,2.6,3.0779896,-0.4779895782470702
302793,2.8,3.0159197,-0.2159196853637697
9993,2.7,3.0456924,-0.3456924438476561
9985,2.9,3.091654,-0.19165406227111825
18138461,3.4,2.999551,0.40044894218444815
306957,2.6,3.0814478,-0.4814478397369384
7590,2.9,3.070552,-0.17055211067199716
9620,2.9,3.2871046,-0.38710460662841806
302884,3.1,3.2982216,-0.19822158813476554
309238,3.1,3.235399,-0.13539900779724112
309609,3.2,3.1166656,0.0833343982696535
18414477,3.0,3.0454476,-0.045447587966918945
9992,2.9,3.10047,-0.20047006607055673
18224572,2.5,3.2481012,-0.7481012344360352
312594,2.8,3.2618577,-0.4618577480316164
312728,3.2,3.221199,-0.021199035644531072
18025133,3.2,3.2950478,-0.09504776000976545
7329,3.2,2.9002392,0.29976077079772967
302892,3.3,3.0854867,0.21451334953308088
302893,2.8,3.1004825,-0.3004824638366701
309533,3.4,3.2155323,0.1844676971435546
18376487,3.2,3.2493603,-0.04936032295227033
302895,2.8,3.063353,-0.26335306167602557
302896,2.9,2.9539711,-0.053971147537231534
9776,3.2,3.013033,0.18696708679199237
18245255,3.2,3.1312435,0.06875653266906756
309648,2.6,2.9765837,-0.37658371925353995
18285214,3.0,3.2882576,-0.2882575988769531
302938,3.1,3.079052,0.020948028564453214
18396545,3.2,3.2956393,-0.09563927650451642
18414495,3.4,3.139953,0.2600471019744872
311891,3.1,3.2758107,-0.17581071853637686
312372,3.2,3.1056361,0.09436388015747088
8949,3.1,3.5294654,-0.4294654369354247
302898,3.3,2.9955254,0.30447463989257795
302710,2.9,3.2630477,-0.3630476951599122
9998,3.0,3.0670822,-0.06708216667175293
18317229,2.8,3.2050798,-0.4050797939300539
9623,3.0,2.852839,0.14716100692749023
3634,3.3,3.1347284,0.16527156829833967
7382,3.3,3.0326602,0.2673397541046141
1866,3.1,3.1575994,-0.057599449157714755
304783,2.7,3.0779395,-0.3779395103454588
302811,2.6,3.1153586,-0.5153585910797118
308664,3.2,3.2691867,-0.06918673515319806
18133506,3.3,3.153861,0.14613895416259748
305293,3.4,3.023366,0.3766340255737304
2211,2.6,2.994725,-0.39472498893737784
9622,2.7,3.1296203,-0.429620313644409
18281989,3.1,3.151402,-0.05140199661254874
18365855,3.6,3.3234363,0.2765637397766114
309737,3.6,3.0566382,0.5433617591857911
18386707,3.6,3.3773174,0.2226825714111329
309338,3.7,3.1187522,0.5812477588653566
18380155,3.5,3.498308,0.001692056655883789
18372686,3.6,3.4664073,0.13359270095825204
3610,3.5,3.2971032,0.2028968334197998
3054,3.8,3.3562133,0.44378666877746564
311267,3.8,2.97307,0.8269300937652586
307951,3.6,3.1854486,0.41455135345458993
1876,3.6,3.0398014,0.5601986408233643
412,3.8,2.8498507,0.950149345397949
3635,3.6,3.0442948,0.5557051658630372
9654,3.5,3.3045716,0.19542837142944336
18354973,3.5,3.2168705,0.2831294536590576
4325,2.4,3.0104363,-0.6104362964630128
18322653,2.3,3.0841901,-0.7841901302337648
9557,2.3,3.3896964,-1.0896963596343996
9470,3.3,3.2828577,0.017142343521117986
306491,2.5,3.2404625,-0.7404625415802002
18416860,3.1,3.436769,-0.3367690086364745
640,3.3,3.3603213,-0.06032128334045428
305161,3.3,3.2159073,0.08409266471862775
306149,3.4,3.2667997,0.1332003116607665
1197,3.1,3.445808,-0.34580793380737296
18198467,3.4,3.4751148,-0.0751148223876954
311903,3.4,3.1347322,0.26526775360107413
18458665,2.9,3.5360568,-0.6360567569732667
6651,2.8,3.5537403,-0.7537402629852297
311076,3.4,3.403874,-0.003873920440673917
9001,3.1,3.2080941,-0.10809412002563468
8995,3.2,3.2655072,-0.06550722122192365
18489508,3.3,3.257842,0.04215793609619123
7689,3.3,3.3704271,-0.07042713165283221
307959,3.2,3.3714988,-0.17149882316589338
18222571,3.3,3.332648,-0.03264803886413592
310202,2.9,3.202071,-0.3020709514617921
301470,2.7,3.3303618,-0.6303618431091307
5433,2.7,3.2556329,-0.5556328773498533
18349733,3.2,3.5872788,-0.3872788429260252
18421019,3.4,3.1097794,0.29022064208984366
18317510,3.4,3.4674158,-0.06741580963134775
303104,3.3,3.287687,0.012312936782836736
8991,3.3,3.2811708,0.01882915496826154
6662,3.1,3.2757595,-0.17575945854187003
18365889,3.5,3.2368402,0.26315975189208984
18245268,3.9,3.4287708,0.4712292194366454
309856,3.8,3.3962846,0.40371541976928693
309604,3.6,3.4210765,0.17892346382141122
18332062,3.7,3.34837,0.3516299247741701
6658,3.6,3.216471,0.3835290431976319
9644,3.7,3.4225395,0.2774605274200441
18349974,3.9,3.3826294,0.5173706054687499
2267,3.8,3.5507066,0.2492933750152586
18377630,3.7,3.5192666,0.1807333946228029
18289256,3.5,3.4208238,0.07917618751525879
300849,3.8,3.2994034,0.5005965709686278
6675,3.6,3.4044616,0.1955383777618409
18430598,3.7,3.3996303,0.30036969184875506
303082,3.7,3.4331295,0.2668704509735109
18445775,3.5,3.4590392,0.04096078872680664
309805,3.5,3.2082148,0.29178524017333984
302972,3.9,3.3948512,0.5051487922668456
7667,3.6,3.4228156,0.17718443870544442
307327,3.7,3.3475842,0.35241575241088885
304461,3.7,3.342931,0.35706896781921404
300854,3.5,3.2590947,0.2409052848815918
306402,3.5,3.3620644,0.13793563842773438
18157402,3.8,3.2676835,0.5323164939880369
2272,3.5,3.2461061,0.2538938522338867
18261675,3.5,3.2676811,0.23231887817382812
18458347,3.8,3.291831,0.5081689834594725
307415,3.6,3.4909346,0.1090653896331788
8985,3.9,3.4246073,0.475392723083496
6667,3.5,3.2031758,0.29682421684265137
18294234,3.6,3.2956958,0.3043042182922364
18458013,3.6,3.295489,0.30451092720031747
18218265,3.5,3.530295,-0.03029489517211914
4227,4.2,3.312917,0.8870830059051515
18418240,4.0,3.381112,0.6188879013061523
5083,3.1,3.1430943,-0.043094301223754794
302254,3.3,3.1272297,0.172770309448242
300973,3.1,3.1833851,-0.08338513374328604
307069,3.4,3.2636476,0.13635244369506827
305289,4.1,3.32794,0.7720600128173825
18376493,3.2,3.2696383,-0.06963829994201642
307989,3.2,3.2073202,-0.007320213317870916
310899,3.4,3.2625568,0.13744320869445792
18322591,3.4,3.213588,0.18641200065612784
18486915,3.3,3.3025925,-0.002592515945434748
302488,3.3,3.2192287,0.08077125549316388
3173,2.6,3.377493,-0.7774929046630858
313413,3.4,3.5651193,-0.16511926651000985
307818,3.2,3.5619335,-0.3619335174560545
310332,3.2,3.5651193,-0.3651192665100096
2295,3.6,3.3031738,0.2968262195587159
18361742,3.5,3.7635822,-0.2635822296142578
303578,3.5,3.1660795,0.3339204788208008
18429394,3.7,3.3872411,0.31275887489318865
6705,3.5,3.4967833,0.0032167434692382812
18250020,3.7,3.6326306,0.06736941337585467
18235498,3.7,3.4683504,0.2316495895385744
300910,3.8,3.3393977,0.46060233116149885
18317477,3.8,3.4749222,0.3250778198242186
308638,3.6,3.4521282,0.14787182807922372
1270,3.5,3.3009164,0.19908356666564941
18268715,4.0,3.4206452,0.5793547630310059
312518,4.0,3.3687687,0.6312313079833984
304028,2.8,3.123344,-0.3233439445495607
7422,3.4,3.0358887,0.3641113281249999
306096,2.9,3.107257,-0.2072568893432618
7450,3.4,3.1509092,0.249090814590454
306106,3.2,3.406527,-0.20652704238891584
303963,2.6,3.2767565,-0.6767565250396728
18124379,2.5,2.95716,-0.45715999603271484
310758,3.2,3.081943,0.11805696487426776
309606,3.4,3.125847,0.27415289878845206
2408,3.0,3.1933162,-0.19331622123718262
309560,3.4,3.0744412,0.32555880546569815
306405,3.4,3.2774396,0.12256040573120108
5529,2.7,3.3536615,-0.65366153717041
9459,3.1,3.2204754,-0.12047543525695792
300359,2.9,3.3556457,-0.45564565658569345
18128869,2.7,3.1491547,-0.4491546630859373
9011,2.9,3.0791993,-0.17919931411743173
5507,3.3,3.1057744,0.19422559738159162
303704,3.1,3.5454934,-0.44549336433410636
1924,3.3,3.1735108,0.126489210128784
300257,2.9,3.0701275,-0.17012748718261728
7534,3.2,3.1295671,0.07043285369873065
1925,2.7,3.1088212,-0.4088211536407469
311719,3.4,3.119914,0.28008594512939444
1926,3.3,3.291135,0.00886492729186994
306392,2.6,3.3687541,-0.7687541484832763
306338,2.5,3.1253655,-0.6253654956817627
1905,3.1,3.3779054,-0.27790536880493155
300350,2.8,3.1649911,-0.36499114036560076
7424,3.3,3.186376,0.11362390518188459
1906,3.4,3.0431592,0.35684075355529776
1908,2.7,3.0731668,-0.37316684722900373
1618,3.1,3.1683028,-0.0683027744293212
309064,3.1,2.9381616,0.16183838844299325
1931,2.7,3.1043706,-0.404370594024658
18277018,3.3,3.1639116,0.1360884189605711
18425764,3.4,3.238091,0.16190900802612296
1933,3.0,3.1190019,-0.11900186538696289
2411,2.7,3.1795678,-0.47956781387329084
18377922,3.3,3.2234442,0.07655577659606916
18138437,3.2,3.7249472,-0.5249472141265867
4655,2.5,3.0889716,-0.5889716148376465
18289258,2.6,3.2405412,-0.6405412197113036
18198463,3.4,3.1899097,0.21009030342102042
300347,3.6,3.1835594,0.4164405822753907
18423807,3.5,3.2963228,0.20367717742919922
300661,3.7,3.125756,0.5742439746856691
18349796,3.6,3.2188396,0.3811603546142579
306643,3.7,3.1458807,0.5541193008422853
305758,3.8,3.4304426,0.3695574283599852
18240475,3.5,3.3132596,0.18674039840698242
18238241,3.5,3.061823,0.43817710876464844
306071,3.6,3.2306478,0.3693521976470948
8864,3.6,3.141762,0.45823798179626474
9643,3.7,3.0306902,0.6693098068237306
9016,3.6,3.3172834,0.28271660804748544
300594,3.7,3.1315417,0.5684582710266115
8872,3.5,3.1418955,0.3581044673919678
2407,3.5,3.026073,0.47392702102661133
7526,3.8,3.238689,0.5613110542297362
306403,3.6,3.217668,0.382331943511963
1301,3.8,3.3656147,0.43438534736633283
1904,3.5,3.1640716,0.33592844009399414
18322672,3.7,3.5241864,0.17581362724304217
5560,3.5,3.0718331,0.42816686630249023
307332,3.5,2.979465,0.5205349922180176
311755,3.5,2.9960833,0.5039167404174805
305360,2.3,3.226632,-0.9266321182250978
1923,2.4,3.3739173,-0.9739173412322999
8933,4.0,3.2257314,0.774268627166748
312003,4.0,3.2283823,0.7716176509857178
18446504,4.3,3.7815604,0.5184395790100096
3541,4.5,3.5436535,0.9563465118408203
189,3.3,3.2179654,0.08203463554382306
18322651,3.1,3.7773862,-0.67738618850708
5586,3.3,3.6845279,-0.3845278739929201
303574,2.5,3.5361462,-1.0361461639404297
304628,3.2,3.4092677,-0.2092676639556883
4624,3.3,3.5518882,-0.25188822746276873
1614,4.5,3.8742888,0.62571120262146
8244,4.6,3.959024,0.6409760475158688
3406,3.8,3.8513792,-0.051379156112671076
309576,3.9,3.681092,0.2189079761505126
4741,3.6,3.7666786,-0.16667857170104972
310674,3.6,3.8322244,-0.23222436904907218
1901,3.6,3.8574767,-0.25747671127319327
813,3.7,3.7020218,-0.0020218372344968927
304989,3.8,3.56499,0.2350099563598631
300642,3.6,3.7099514,-0.10995140075683585
307284,3.7,4.042544,-0.34254388809204084
844,3.7,3.684646,0.015354108810424982
308337,3.6,4.0536966,-0.4536966323852538
307822,3.9,3.8377979,0.06220211982727042
3425,3.8,3.6635518,0.13644819259643537
6271,3.7,3.634299,0.06570096015930194
312710,3.9,3.9642282,-0.06422815322875985
18255125,3.8,4.0648203,-0.2648202896118166
18285728,3.5,3.6749287,-0.1749286651611328
305686,3.9,3.9606023,-0.06060228347778329
154,3.7,3.5405388,0.1594612121582033
18361747,3.6,3.616709,-0.016708993911743075
9618,3.7,3.8126764,-0.11267642974853498
307370,3.8,3.6348956,0.16510443687438947
307802,3.8,4.230742,-0.43074197769165057
307799,3.8,3.8074071,-0.007407140731811701
18419910,4.2,3.8035827,0.3964173316955568
4296,4.0,3.564581,0.43541908264160156
2632,4.1,3.9758239,0.12417612075805629
7227,4.0,3.8776531,0.12234687805175781
18221038,4.0,3.710523,0.2894771099090576
313299,4.2,3.8169553,0.3830446720123293
300656,4.0,3.7576795,0.24232053756713867
313207,4.2,3.6425247,0.5574752807617189
309788,4.2,3.848525,0.3514749526977541
18082237,4.0,3.675762,0.3242380619049072
311531,4.4,3.6960893,0.7039107322692875
18273615,4.2,3.768758,0.43124194145202654
17953908,3.1,3.1474547,-0.04745473861694327
305722,3.1,3.0391467,0.06085333824157724
18430600,3.3,3.020397,0.27960305213928205
18441800,3.0,3.179185,-0.1791849136352539
18337965,3.2,3.1335092,0.06649084091186541
300452,3.3,3.0439692,0.25603084564208967
5590,3.2,3.1432216,0.05677838325500506
18070502,3.2,3.0717115,0.1282884597778322
312098,3.1,3.028331,0.07166895866394052
303635,2.6,3.1561556,-0.5561555862426757
302456,2.8,3.1463964,-0.3463963985443117
9549,3.2,3.0590613,0.140938711166382
306488,2.7,3.2895033,-0.5895033359527586
302142,2.7,3.1912837,-0.4912837028503416
18350118,3.0,3.2932084,-0.29320836067199707
7396,3.3,2.92962,0.37037997245788556
18435836,3.3,3.1058326,0.19416742324829084
18277180,3.3,3.1465015,0.1534984588623045
18366018,3.0,2.9008188,0.0991811752319336
308555,3.4,3.0569103,0.34308972358703604
306662,2.7,3.025156,-0.3251560211181639
310253,2.7,3.1257439,-0.4257438659667967
5664,3.2,3.045382,0.15461797714233416
18460329,3.3,3.0441313,0.2558687210083006
18360284,3.2,3.0169425,0.18305749893188494
9552,3.2,3.0885031,0.11149687767028826
308156,2.7,3.2034996,-0.5034995555877684
308189,3.1,3.103992,-0.003991985321044833
300448,2.8,3.2701936,-0.4701935768127443
311944,3.1,3.1405914,-0.04059138298034659
9550,2.7,3.0297525,-0.3297524929046629
18198179,3.2,3.0297525,0.1702475070953371
7400,2.6,3.240885,-0.6408850193023681
309289,3.3,3.1409907,0.15900926589965803
18365872,2.8,3.0773628,-0.2773627758026125
9050,3.2,3.299883,-0.09988288879394513
18366011,3.0,3.028331,-0.02833104133605957
305720,2.8,3.1651878,-0.36518783569335955
4036,3.2,3.1189606,0.08103938102722186
5658,2.9,3.0064147,-0.10641465187072763
5659,3.0,2.9406316,0.05936837196350098
18265677,3.2,3.3946643,-0.1946642875671385
309998,3.4,3.1755736,0.22442641258239737
18201995,3.1,3.2940185,-0.1940185070037841
306245,3.5,3.2667146,0.23328542709350586
306168,3.5,3.0114212,0.48857879638671875
18365996,3.6,3.1938987,0.40610132217407235
311448,3.7,3.1804698,0.519530248641968
303350,3.6,3.08159,0.5184100627899171
18378056,3.5,3.2865026,0.21349740028381348
9513,3.5,3.182422,0.3175780773162842
18303704,3.6,3.0375903,0.5624097347259522
308111,3.5,3.0165796,0.48342037200927734
312922,2.4,3.0885231,-0.6885231494903565
3918,2.1,2.993363,-0.8933629035949706
308784,2.4,3.0041285,-0.6041284561157227
2316,2.9,3.0531406,-0.15314064025878915
2315,3.0,2.9538093,0.046190738677978516
313307,2.9,3.1934922,-0.29349217414855966
301208,2.9,2.9173315,-0.017331457138061612
18386203,3.0,3.2704415,-0.27044153213500977
18258507,2.9,3.241484,-0.3414839267730714
313091,2.9,3.0119083,-0.11190829277038583
313381,2.9,3.1085906,-0.20859060287475595
301201,2.5,3.0423505,-0.5423505306243896
309496,3.1,3.2494543,-0.14945425987243643
2297,3.2,3.043287,0.1567129611968996
305003,3.3,3.2866037,0.013396310806274236
306310,3.2,3.0098186,0.19018144607543963
18332058,3.3,3.1895235,0.11047654151916486
18128895,3.2,3.090992,0.10900802612304705
312747,2.9,3.0702245,-0.1702245235443116
6128,3.1,2.8958302,0.20416984558105478
304994,3.3,3.171978,0.12802200317382795
313132,2.9,3.0545886,-0.15458855628967294
18423095,3.2,3.2035942,-0.0035942077636716974
18378024,3.3,3.0930197,0.2069802761077879
313508,3.1,3.3105702,-0.21057024002075186
301213,3.2,3.0578697,0.14213032722473162
8293,3.3,3.2213364,0.07866363525390607
309495,2.6,3.0854847,-0.48548474311828604
305565,3.2,3.0266593,0.17334074974060076
309489,3.0,3.0172694,-0.017269372940063477
3772,3.0,3.0656176,-0.06561756134033203
301204,3.4,3.1151369,0.28486313819885245
18421495,3.1,3.0128248,0.08717522621154794
306656,2.7,3.0248177,-0.32481770515441877
18126085,3.1,2.9261212,0.17387876510620126
308942,3.3,3.2531006,0.046899366378784
309254,3.3,2.9385092,0.3614907741546629
301417,3.4,3.0775945,0.3224054813385009
301203,2.9,3.0335894,-0.13358936309814462
18014143,3.1,3.118338,-0.018338108062744052
309793,3.1,3.1330614,-0.03306140899658194
6131,3.1,2.8741643,0.22583565711975107
309498,3.1,3.0673525,0.03264746665954599
1274,2.9,3.083688,-0.18368802070617685
18431416,3.0,3.112228,-0.1122279167175293
309481,3.1,3.0582674,0.04173264503479013
301207,3.2,3.0750167,0.12498326301574725
18409201,3.6,3.0485005,0.5514994621276856
308938,3.5,3.0590446,0.44095540046691895
18382338,3.1,3.387988,-0.28798809051513663
17977751,3.5,3.2409456,0.25905442237854004
9571,3.4,3.0905101,0.30948987007141104
313491,3.0,3.1786604,-0.17866039276123047
18260714,3.1,3.1637075,-0.06370749473571768
310344,2.7,3.0298166,-0.32981662750244123
9875,2.8,2.9488516,-0.14885158538818377
18396161,2.7,3.031901,-0.3319008827209471
9572,3.2,2.881673,0.31832690238952654
18371289,3.3,3.1913323,0.1086676597595213
18356840,3.0,3.2479336,-0.24793362617492676
303784,2.6,3.0059876,-0.40598764419555655
9906,3.3,3.0663724,0.23362760543823224
305581,3.4,3.068355,0.33164491653442374
9588,3.0,3.2544894,-0.2544894218444824
312798,2.7,2.8738153,-0.17381529808044416
18361738,2.6,3.0721855,-0.4721855163574218
9579,3.8,2.9894888,0.8105111598968504
309816,3.7,3.231764,0.4682359218597414
307283,3.6,3.1235902,0.47640976905822763
311150,3.5,3.1735575,0.3264424800872803
7856,3.4,3.2033374,0.19666256904602042
18365894,3.0,3.2674046,-0.26740455627441406
18441523,3.1,3.2971406,-0.19714059829711905
18400728,3.4,3.3855612,0.014438772201537997
310345,2.5,3.0290859,-0.5290858745574951
9596,3.4,3.1705225,0.22947754859924308
302577,2.9,3.4751136,-0.5751136302947999
18334458,2.9,3.3694534,-0.46945343017578134
4847,2.8,3.31805,-0.5180499076843263
2601,3.3,3.1604884,0.13951163291931135
3490,2.6,3.2020702,-0.6020702362060546
18349930,3.1,3.095333,0.004666900634765714
7735,3.1,3.2504323,-0.15043225288391104
301239,3.0,3.6009474,-0.600947380065918
7861,3.5,3.2255843,0.2744157314300537
491,3.7,3.4676924,0.2323076248168947
553,3.8,3.3397374,0.4602625846862791
18426285,3.8,3.4359605,0.3640394687652586
18345810,3.7,3.921094,-0.2210939407348631
7906,3.8,2.9497995,0.8502004623413084
311593,3.5,3.435343,0.06465697288513184
1533,3.5,3.405452,0.09454798698425293
9529,4.1,3.1845717,0.915428256988525
311466,3.4,3.1745322,0.225467824935913
5358,3.2,3.1942859,0.005714130401611506
301532,3.3,3.2435613,0.05643873214721662
18336529,3.3,3.4334147,-0.1334146976470949
301530,3.1,3.01967,0.08032999038696298
18317975,3.3,3.17344,0.12656002044677717
18469935,3.2,3.1391633,0.06083674430847186
300874,2.8,3.2046933,-0.40469331741333026
301677,4.2,3.1456702,1.054329824447632
8537,2.8,2.9124298,-0.11242980957031268
18268367,2.6,2.9291291,-0.32912912368774405
18244534,3.3,3.0683987,0.23160128593444806
8517,3.1,2.9505262,0.14947376251220712
310653,3.1,2.9808953,0.1191047191619874
312479,2.9,2.8894424,0.010557556152343661
18222593,2.8,2.9603791,-0.16037912368774432
2012,3.0,3.1293156,-0.12931561470031738
6265,2.7,3.101789,-0.4017889976501463
9829,2.8,2.9899788,-0.1899787902832033
311949,3.0,3.001231,-0.0012309551239013672
18421027,3.2,2.9791455,0.22085447311401385
304957,2.8,2.8921783,-0.09217829704284686
305948,3.1,3.039038,0.06096205711364755
306113,3.0,3.055599,-0.05559897422790527
305987,3.4,3.1757948,0.22420516014099112
4935,2.9,2.8833833,0.01661672592163077
313265,2.6,2.9749339,-0.37493386268615714
18414470,2.6,3.0245254,-0.42452540397644034
18377903,3.2,2.9295647,0.2704352855682375
300729,3.4,3.0309947,0.3690053462982177
9850,3.0,3.1471517,-0.14715170860290527
4939,2.6,3.0763156,-0.47631564140319815
18416369,3.1,3.1616235,-0.06162347793579093
311194,2.7,3.0161157,-0.31611566543579084
1205,3.3,2.9508688,0.3491311550140379
305949,3.0,2.9946082,0.005391836166381836
18400760,2.9,3.0628574,-0.16285738945007333
18372696,3.4,3.1114326,0.2885674476623534
9849,3.0,3.0220401,-0.022040128707885742
305298,2.8,2.888868,-0.08886809349060076
18451584,2.9,3.069766,-0.1697660446166993
18291212,2.8,3.0108423,-0.21084232330322283
6072,3.3,2.99762,0.3023798942565916
308253,3.1,2.9058974,0.1941026210784913
18354257,2.8,3.1748855,-0.3748855113983156
6095,2.7,3.0356054,-0.33560543060302717
305942,3.4,3.0614388,0.33856120109558097
18208895,3.0,2.9434247,0.05657529830932617
309190,3.2,2.9245014,0.27549858093261737
18472702,3.1,3.0619812,0.03801879882812509
311331,3.1,2.9682639,0.13173613548278817
18418242,3.1,2.9803789,0.11962113380432138
18365372,3.5,3.1645846,0.3354153633117676
18415367,3.5,3.3527708,0.14722919464111328
18382755,3.8,3.1633005,0.6366994857788084
312385,3.8,3.262316,0.5376840114593504
18345730,3.7,3.3581328,0.3418671607971193
312639,3.5,3.18798,0.31202006340026855
6122,2.4,3.2830894,-0.8830893993377686
584,2.1,3.059967,-0.9599670410156249
4725,2.2,2.949647,-0.7496469497680662
18070486,4.1,2.960057,1.1399429798126217
3943,3.3,3.7771358,-0.4771358489990236
3246,3.5,3.8146095,-0.3146095275878906
4380,3.9,3.8186731,0.08132686614990225
6600,3.5,3.7479043,-0.24790430068969727
3937,3.8,3.6296542,0.17034583091735822
3235,4.0,3.8731453,0.12685465812683105
306815,3.5,3.3716183,0.12838172912597656
5869,2.5,2.9309669,-0.430966854095459
18273623,3.1,2.984082,0.11591801643371591
2997,3.1,2.898921,0.20107898712158212
3371,3.3,2.9926271,0.30737285614013654
3003,3.1,3.0884051,0.011594867706298917
3004,2.5,2.9386504,-0.43865036964416504
3744,3.2,3.0359812,0.16401882171630877
9996,2.9,3.159496,-0.25949606895446786
2999,2.6,2.9374077,-0.3374077320098876
9929,3.4,3.1215804,0.2784196376800536
3002,3.2,2.8818128,0.31818718910217303
5899,2.7,3.0633492,-0.3633492469787596
2995,3.2,3.1386726,0.06132740974426287
9316,2.6,3.1700072,-0.5700072288513183
311766,3.0,3.6288154,-0.6288154125213623
3493,2.9,3.066967,-0.16696701049804696
18027962,3.1,3.4566076,-0.35660758018493643
1407,2.6,3.1798327,-0.5798326969146728
1917,3.3,3.0605173,0.23948268890380842
3497,2.9,3.0978117,-0.1978116989135743
3494,2.5,3.1587143,-0.6587142944335938
18222557,3.2,3.181004,0.01899595260620135
1397,3.4,3.0804594,0.3195406436920165
18346857,3.1,3.1826377,-0.08263769149780265
6222,2.9,3.2408466,-0.3408466339111329
5727,2.7,3.1650076,-0.4650075912475584
776,3.3,3.3895195,-0.08951945304870623
305604,3.2,3.1308303,0.06916971206665057
18391309,3.1,3.3389714,-0.2389713764190673
18255171,3.1,3.3934903,-0.2934903144836425
313280,3.6,3.373866,0.22613391876220712
18279453,3.5,3.29363,0.20637011528015137
9315,3.8,3.2123415,0.5876584529876707
18438416,3.8,3.483257,0.31674294471740705
303753,3.7,3.5222445,0.1777555465698244
7515,3.9,3.5321112,0.36788883209228507
308195,3.5,3.5248475,-0.02484750747680664
306088,3.8,3.0911837,0.708816337585449
307223,3.6,3.319626,0.2803739070892335
658,2.3,3.340248,-1.0402481079101564
304931,4.1,3.5023842,0.597615814208984
18277165,4.1,3.523727,0.5762730598449703
1819,4.1,3.421309,0.6786910057067868
6203,2.8,3.1844392,-0.3844391822814943
5840,3.0,3.1061134,-0.10611343383789062
307695,3.3,3.293637,0.006362962722778143
307693,2.7,3.1831317,-0.483131694793701
301654,3.1,3.1094,-0.009400033950805575
307696,3.1,3.1035366,-0.0035366058349608487
6202,2.9,3.091829,-0.1918290615081788
300888,2.9,3.1190233,-0.21902332305908212
307694,3.2,3.172903,0.02709693908691424
311470,3.7,3.6323657,0.0676342964172365
307692,3.6,3.250998,0.34900197982788095
4924,3.8,3.1412148,0.6587851524353026
302742,3.7,3.2299473,0.4700526714324953
1188,4.2,3.7137878,0.486212205886841
7353,2.7,2.9660566,-0.26605658531188947
7365,2.9,3.0087266,-0.10872659683227548
303851,2.9,3.096995,-0.19699511528015146
9097,2.7,2.9507995,-0.2507994651794432
7317,2.9,2.95615,-0.056150054931640714
311067,3.0,2.9435854,0.05641460418701172
305201,3.2,2.9614546,0.2385453701019289
18312458,2.5,3.1123383,-0.6123383045196533
7332,3.1,2.9810402,0.11895976066589364
305180,3.1,2.9221172,0.1778827667236329
4312,2.9,3.029104,-0.12910399436950692
18356811,3.1,3.0055094,0.09449062347412118
7315,2.8,2.910487,-0.11048693656921404
9145,3.0,2.9013505,0.09864950180053711
18025111,3.0,3.0256364,-0.02563643455505371
303958,3.1,3.05817,0.041829919815063565
4311,2.8,2.947165,-0.14716501235961932
7309,2.9,2.9975667,-0.09756669998168954
7307,2.9,3.0246198,-0.12461981773376474
4315,2.8,3.065967,-0.2659670829772951
305151,2.9,2.9776433,-0.07764325141906747
7366,3.1,3.088318,0.011681890487670987
9141,2.9,3.0111637,-0.11116371154785165
18333396,2.9,2.8897362,0.010263824462890536
7363,3.9,3.0448267,0.8551732540130614
3286,2.7,3.3294554,-0.6294553756713865
4374,3.4,3.518122,-0.11812195777893075
4373,3.3,3.2467828,0.05321722030639631
18232577,3.0,3.0450935,-0.045093536376953125
18317502,3.2,3.247386,-0.04738597869873029
18410770,3.1,3.1676104,-0.06761040687561026
18303701,3.1,3.033957,0.06604299545288095
308286,3.2,3.2773874,-0.07738738059997541
18261723,3.3,3.394044,-0.09404392242431658
18463424,3.1,3.531041,-0.43104090690612784
650,2.5,3.4948432,-0.9948432445526123
1037,3.3,3.8849506,-0.584950637817383
6377,3.4,3.369897,0.030103111267089755
311609,3.3,3.3866587,-0.08665866851806658
18175252,3.3,3.3104198,-0.010419797897339045
309448,3.4,3.3064055,0.09359445571899405
2863,3.2,3.269157,-0.06915693283081037
5135,2.7,3.3537946,-0.6537945747375487
300828,3.3,3.2382536,0.061746406555175604
18238307,3.4,3.5620434,-0.1620434284210206
1040,3.0,3.3213022,-0.3213021755218506
18285199,3.0,3.213944,-0.2139439582824707
303423,2.8,3.2394357,-0.43943567276000994
18354972,3.2,3.2178872,-0.017887163162231268
18332076,3.3,3.5014021,-0.20140213966369647
1406,3.4,3.353262,0.046738052368163974
308444,2.6,3.3663247,-0.7663246631622314
309452,3.4,3.453211,-0.05321106910705575
310312,3.3,3.412146,-0.11214609146118182
305162,3.4,3.2824516,0.11754837036132804
18471299,3.2,3.1329129,0.06708712577819842
4855,2.8,3.5144184,-0.7144183635711672
18272382,3.0,3.3394732,-0.33947324752807617
313398,3.3,3.5310862,-0.2310862064361574
307746,3.4,3.4408467,-0.04084668159484872
3043,3.4,3.2781763,0.12182369232177725
301190,2.8,3.3018155,-0.5018155097961428
18233599,3.4,3.7155528,-0.31555280685424814
1036,2.8,3.396687,-0.5966870307922365
310665,3.4,3.2732804,0.12671961784362784
18322671,3.2,3.419733,-0.21973304748535138
18353692,3.3,3.5359817,-0.2359816551208498
18365877,3.6,3.259874,0.3401258945465089
310848,3.5,3.2754173,0.22458267211914062
18398602,3.9,3.3528142,0.5471858024597167
18376472,3.9,3.4498656,0.45013442039489737
18455531,3.9,3.5483303,0.351669692993164
18208912,3.8,3.3513205,0.4486794948577879
2586,3.5,3.3927538,0.10724616050720215
301722,3.6,3.5176373,0.0823627471923829
18285729,3.7,3.3927538,0.3072461605072023
305526,3.7,3.2562943,0.4437057495117189
18357542,3.8,3.2603366,0.5396633625030516
18291199,3.7,3.7392237,-0.0392237186431883
5726,3.7,3.4349244,0.26507563591003436
302922,3.8,3.2296576,0.5703423500061033
7658,3.5,3.2700386,0.22996139526367188
18286490,3.7,3.7084298,-0.008429813385009588
7654,3.6,3.3229675,0.2770324707031251
18254534,3.5,3.3961475,0.10385251045227051
9100,3.6,3.340174,0.2598260402679444
6475,3.6,3.2168303,0.38316974639892587
300302,3.7,3.240219,0.4597808837890627
304302,3.5,3.292619,0.207381010055542
306166,3.6,3.2787905,0.3212095260620118
18345755,3.9,3.617477,0.2825230598449706
9751,3.7,3.398147,0.3018528938293459
2867,3.5,3.6074498,-0.10744976997375488
8346,3.6,3.5635672,0.036432838439941495
305871,3.6,3.326797,0.2732029914855958
18425151,3.9,3.4828002,0.41719975471496573
998,3.5,3.6978087,-0.19780874252319336
452,3.5,3.5961547,-0.09615468978881836
18163892,3.6,3.664705,-0.06470503807067862
18432219,3.8,3.381518,0.4184821128845213
18458339,3.7,3.3167963,0.38320369720459
18375421,3.5,3.5837364,-0.08373641967773438
209,2.3,3.092504,-0.7925040245056154
18428394,2.3,3.2060614,-0.906061363220215
1030,2.4,3.3587747,-0.9587746620178224
7661,2.0,3.2782562,-1.2782561779022217
6179,2.2,3.5155575,-1.315557527542114
18446475,4.4,3.239695,1.160304927825928
311161,4.0,3.54489,0.4551100730895996
313206,4.0,3.300105,0.699894905090332
18334452,4.0,3.7221637,0.27783632278442383
18253111,4.1,3.7176409,0.3823591232299801
18219545,4.0,3.6605048,0.3394951820373535
18348970,4.3,3.5023777,0.7976222515106199
18334465,4.0,3.6512985,0.34870147705078125
18272370,4.1,3.6456254,0.4543746471405026
311846,3.2,3.1489277,0.051072311401367365
311432,3.3,3.1808379,0.11916213035583478
313175,4.2,3.4117928,0.788207244873047
301842,3.2,3.0842884,0.11571164131164569
311378,2.7,3.1949332,-0.49493317604064924
301830,3.0,3.0832498,-0.08324980735778809
18323144,3.2,3.1037438,0.09625620841979998
311377,3.1,2.9369667,0.16303334236145028
301848,2.9,3.1406002,-0.24060020446777353
307998,3.0,3.0942643,-0.09426426887512207
5940,3.1,3.1695344,-0.06953444480895987
301826,3.1,3.0648012,0.03519878387451181
312923,3.2,3.051948,0.14805192947387713
301817,3.5,3.0491848,0.45081520080566406
301820,3.5,3.077003,0.42299699783325195
18429423,2.6,3.0908654,-0.4908653736114501
6180,3.2,3.0104425,0.18955750465393084
301108,2.9,2.9696653,-0.06966528892517099
8105,2.9,3.0174046,-0.11740455627441415
313185,2.8,3.0146687,-0.2146687030792238
8109,2.9,2.9432714,-0.04327139854431161
304267,2.7,3.1969736,-0.4969735622406004
313351,3.1,3.0979137,0.0020862579345704013
309227,3.2,3.0930562,0.10694379806518572
18285695,2.7,2.9985642,-0.2985642433166502
18146358,3.0,2.9959605,0.0040395259857177734
312715,2.7,2.9578779,-0.25787787437438947
311245,2.7,2.9094315,-0.20943145751953107
6173,2.7,2.9074345,-0.20743446350097638
301353,2.6,3.1774087,-0.5774086952209472
300957,3.2,2.99282,0.20717997550964373
312703,2.9,3.1488955,-0.2488955020904542
6183,2.7,2.9985642,-0.2985642433166502
301037,3.1,3.1509316,-0.050931596755981356
8069,3.0,3.0326943,-0.032694339752197266
306107,3.1,3.0560918,0.043908214569091886
308359,3.2,2.9940002,0.205999803543091
18260604,2.7,2.9840024,-0.2840023517608641
6185,2.7,2.9896405,-0.28964047431945783
304259,2.6,2.8685942,-0.26859416961669913
300959,2.7,3.156096,-0.4560959815979002
18238249,3.0,2.9817142,0.018285751342773438
309346,3.3,3.0506792,0.2493207931518553
307306,2.8,3.1244936,-0.32449359893798846
18203881,3.3,2.9855585,0.31444149017333967
18138441,2.9,3.0447557,-0.1447556972503663
8531,3.0,3.0512145,-0.05121445655822754
18267785,2.7,2.9173946,-0.21739463806152326
8110,2.9,3.0100996,-0.11009964942932138
18281964,3.0,2.9817479,0.018252134323120117
2932,2.6,3.0017185,-0.401718521118164
6182,2.8,2.9494202,-0.149420213699341
18324529,3.3,3.1431932,0.1568067550659178
308237,2.8,3.2370377,-0.4370376586914064
311894,3.1,2.9755135,0.12448654174804696
300960,3.0,3.0025122,-0.002512216567993164
308222,2.8,2.99673,-0.19673008918762225
18258510,3.1,2.9627488,0.13725123405456552
308526,3.1,3.1181974,-0.01819744110107413
301118,3.2,2.9601884,0.2398116111755373
309551,3.1,3.1777353,-0.07773532867431632
9736,3.1,3.5018544,-0.40185441970825186
18022625,3.4,2.9845839,0.41541614532470694
18420679,3.7,3.2010908,0.4989091873168947
301361,3.6,3.061634,0.538365936279297
312991,3.7,3.0887153,0.6112846851348879
18277153,3.7,3.1400502,0.559949827194214
18273548,3.7,3.334262,0.36573810577392596
18399818,3.7,3.187035,0.5129649162292482
6190,2.4,3.05296,-0.6529599189758302
2017,2.4,2.9965835,-0.5965834617614747
308812,2.4,2.9525604,-0.5525604248046876
308848,3.1,3.1084254,-0.008425378799438388
301056,2.8,3.0712802,-0.2712802410125734
301692,3.3,3.2735467,0.026453304290771307
18265707,3.2,3.0135956,0.18640441894531268
18368006,2.9,2.9576735,-0.0576735496520997
18225277,3.0,3.0563102,-0.056310176849365234
2936,2.7,3.059171,-0.3591709613800047
18291201,3.0,3.2409277,-0.24092769622802734
3854,2.5,3.1476028,-0.6476027965545654
308831,2.8,2.9696178,-0.16961784362792987
301062,3.2,3.071367,0.12863297462463397
5186,2.8,3.057818,-0.2578179359436037
3851,3.1,3.0289178,0.07108221054077157
305357,3.3,3.0340843,0.26591567993164045
2019,2.8,3.0449026,-0.24490256309509295
305370,2.6,3.3584697,-0.7584697246551513
301053,3.1,2.9753296,0.12467036247253427
308844,3.3,3.2445042,0.05549578666686994
308839,3.6,3.1711657,0.42883429527282724
18440191,3.5,3.1747842,0.32521581649780273
18203185,3.7,3.2758005,0.4241995334625246
301047,3.8,3.2026,0.5973999977111815
312492,3.9,3.3164117,0.5835882663726806
4672,3.7,2.9583814,0.741618585586548
311336,3.6,3.0292118,0.5707882404327393
2942,2.2,3.211887,-1.0118868827819822
301103,2.6,2.9561343,-0.35613431930541983
18292451,3.1,2.9571676,0.142832374572754
9740,3.0,2.9002924,0.09970760345458984
301106,2.8,2.9023519,-0.10235185623168963
6225,3.0,3.0497346,-0.04973459243774414
301120,3.0,2.9590108,0.04098916053771973
307850,2.8,3.003236,-0.20323605537414569
18292449,2.6,3.062871,-0.46287097930908194
301116,3.3,2.9596953,0.34030466079711896
8462,2.7,3.0235293,-0.3235292911529539
309599,2.7,3.02623,-0.3262300968170164
309499,3.0,2.8927746,0.10722541809082031
300958,3.0,2.9716737,0.02832627296447754
301105,2.9,2.959755,-0.05975494384765634
311228,2.9,2.965424,-0.06542406082153329
6226,2.8,2.9399395,-0.13993949890136737
311229,2.9,3.0070994,-0.10709939002990732
306555,3.3,2.8891804,0.4108195781707762
301110,3.0,3.0210247,-0.021024703979492188
304986,3.5,3.0456789,0.45432114601135254
309979,3.0,2.947231,0.05276894569396973
18025093,2.9,2.909602,-0.009601926803588956
307990,2.9,2.9947145,-0.09471449851989755
309517,2.9,2.929182,-0.029182052612304776
6341,3.4,3.0504687,0.34953131675720206
1951,3.2,3.105882,0.09411807060241717
250,2.8,3.3613923,-0.5613922595977785
312753,2.9,3.11194,-0.2119399070739747
312983,3.0,3.1479006,-0.14790058135986328
3207,3.4,3.880618,-0.4806180953979493
4752,3.4,3.7884362,-0.3884361743927003
4830,3.8,3.58799,0.21200995445251447
4341,3.5,3.7311702,-0.2311701774597168
307237,4.1,3.5461068,0.5538931846618649
18260028,3.2,3.3509936,-0.1509936332702635
312576,3.8,3.1002924,0.6997075557708738
5347,3.2,3.2654428,-0.06544284820556623
300945,2.6,3.3125207,-0.7125207424163817
300934,3.2,3.2296913,-0.029691267013549627
3223,2.8,3.0945396,-0.29453964233398455
307554,2.9,3.3244624,-0.4244624137878419
967,3.3,3.13316,0.16683988571166974
6196,2.7,3.3651419,-0.6651418685913084
18381220,3.1,3.7509227,-0.650922679901123
2491,3.1,3.1684837,-0.06848373413085929
1041,3.1,3.0431192,0.056880807876587
982,3.0,3.2086985,-0.20869851112365723
18352186,3.1,3.1947935,-0.09479346275329581
9380,3.3,3.2338395,0.06616048812866193
1303,3.4,3.2678688,0.1321312427520751
18168462,3.2,3.2791317,-0.07913165092468244
311734,3.4,3.1268897,0.2731102943420409
2291,2.7,3.2234502,-0.523450183868408
9427,3.7,3.2664886,0.4335114479064943
5874,3.5,3.1650548,0.3349452018737793
3375,3.7,3.220852,0.4791481018066408
312353,3.5,3.278564,0.2214360237121582
180,3.6,3.2080872,0.39191279411315927
18057822,3.5,3.0060744,0.4939255714416504
6607,3.7,3.168737,0.5312630653381349
18247031,4.1,3.4236987,0.6763013362884518
18264447,3.3,3.2309816,0.06901841163635236
300911,3.2,3.1222794,0.07772059440612811
4090,3.2,2.9887109,0.21128911972045916
5729,2.7,3.1503806,-0.45038061141967756
309704,2.8,3.1925378,-0.3925377845764162
964,3.3,3.2504284,0.049571561813354315
307333,3.5,3.1484091,0.3515908718109131
5765,3.8,3.2004645,0.5995355129241942
18400738,4.3,3.224174,1.0758259773254393
307730,3.4,3.0491514,0.3508485794067382
305251,3.1,3.268908,-0.16890802383422843
312087,3.1,3.2617788,-0.1617788314819335
18070503,2.7,3.3897598,-0.6897597789764403
18454460,3.3,3.317773,-0.017773103713989435
18419902,3.2,3.1556113,0.044388723373413264
307356,2.9,3.039053,-0.13905296325683603
8580,3.1,3.243379,-0.14337911605834952
18324914,3.2,3.001564,0.19843597412109393
300473,3.3,3.067396,0.23260407447814924
306250,3.2,3.0747716,0.12522835731506365
18356784,3.3,3.272202,0.02779798507690412
8373,2.6,3.025513,-0.425512933731079
308101,3.3,3.161962,0.1380379676818846
8840,2.6,3.0430079,-0.44300785064697257
18228870,3.2,3.1952217,0.004778337478637873
7066,3.5,3.150643,0.34935688972473145
305479,3.5,3.2744694,0.22553062438964844
8845,3.5,3.3198276,0.18017244338989258
7509,3.8,3.439793,0.360206890106201
302715,2.4,3.1768773,-0.77687726020813
18241509,4.1,3.206385,0.893615102767944
18277003,4.1,2.983418,1.1165820121765133
7547,2.6,3.3929648,-0.7929648399353026
301236,2.9,2.9607675,-0.060767507553100675
18082630,3.3,3.1523302,0.1476698398590086
7548,3.6,3.0260713,0.5739286899566651
310419,3.5,3.146707,0.35329294204711914
4634,3.1,2.9892845,0.11071548461914071
18228874,3.1,3.0722508,0.027749156951904386
18433904,3.2,3.2822392,-0.0822391986846922
312145,3.1,3.2591825,-0.1591824531555175
304585,2.5,3.1078374,-0.607837438583374
312916,3.1,3.374034,-0.2740339279174804
313006,3.0,3.097598,-0.09759807586669922
305861,3.2,3.3659708,-0.16597084999084455
9026,3.4,3.1333907,0.2666093349456786
309178,3.2,3.2995207,-0.09952073097228986
18249097,3.0,3.1665308,-0.16653084754943848
308880,2.9,3.173601,-0.2736009120941163
18382113,3.0,3.3231983,-0.3231983184814453
18241861,3.0,3.1410575,-0.14105749130249023
310162,3.1,3.0952387,0.004761314392089933
303589,2.9,3.2903094,-0.39030942916870126
311459,3.4,3.185427,0.214573049545288
9053,3.8,3.4012282,0.39877181053161603
312893,3.5,3.097598,0.4024019241333008
18273640,3.7,3.2096786,0.4903213500976564
308130,3.7,3.226618,0.4733819484710695
5663,3.6,3.5061815,0.09381852149963388
18247005,3.6,3.1460283,0.4539717197418214
4084,2.9,3.0881934,-0.18819341659545907
310947,3.0,2.9794166,0.020583391189575195
310989,2.9,3.209795,-0.3097949981689454
18358295,3.0,3.1246173,-0.12461733818054199
18317756,3.1,3.0449834,0.055016613006591886
310936,3.1,3.1586576,-0.05865755081176749
308796,3.1,3.0114617,0.08853826522827157
18460320,3.0,3.13518,-0.13517999649047852
18241893,3.0,3.1721292,-0.17212915420532227
18363053,3.0,3.0027404,-0.0027403831481933594
310997,2.7,2.8536339,-0.1536338806152342
6629,3.1,3.2079227,-0.10792269706726065
302685,2.8,2.9978065,-0.1978065490722658
18241860,3.1,2.968388,0.13161191940307626
2920,3.1,3.1262882,-0.026288175582885653
18238281,3.1,3.1848037,-0.08480372428894034
18204485,3.0,3.042013,-0.042012929916381836
18126086,3.1,2.9500122,0.1499877929687501
9031,3.0,3.0228949,-0.022894859313964844
18254532,3.0,2.9855232,0.014476776123046875
18380219,3.1,3.1665845,-0.06658449172973624
18258473,2.6,3.0642676,-0.4642676353454589
303602,2.9,2.9562244,-0.0562244415283204
18396163,3.5,2.9899526,0.510047435760498
300264,2.8,3.1327326,-0.33273262977600115
18425751,3.2,2.9839847,0.21601529121398944
7388,2.9,3.1673195,-0.26731953620910653
311485,2.9,3.1665637,-0.2665637493133546
2870,3.3,2.9092731,0.390726852416992
18397908,3.0,3.208705,-0.20870494842529297
312765,3.2,3.0204697,0.17953033447265643
5879,3.4,3.0593388,0.34066119194030753
304621,3.3,3.0036404,0.29635958671569806
18472788,2.9,3.246126,-0.3461259365081788
309510,2.9,3.1906705,-0.29067049026489267
300259,2.8,3.1504555,-0.3504554748535158
310430,2.8,3.1173568,-0.3173567771911623
300273,2.7,3.0167503,-0.3167503356933592
7393,2.8,3.0310085,-0.2310084819793703
311451,3.4,2.9157164,0.48428359031677237
7240,2.9,3.0613904,-0.16139039993286142
300268,2.7,3.1347597,-0.4347596645355223
310328,3.5,3.0153394,0.48466062545776367
309471,3.5,2.989038,0.5109620094299316
18383522,3.7,3.208418,0.4915821075439455
300275,2.3,3.169377,-0.8693770885467531
9251,2.9,3.163523,-0.26352295875549325
302694,3.0,2.9844635,0.01553654670715332
18358184,3.4,3.0166764,0.383323574066162
8715,3.0,2.9590812,0.040918827056884766
641,2.6,3.0117183,-0.4117182731628417
308033,2.9,3.059208,-0.1592079162597657
307099,3.2,3.1302354,0.06976456642150897
18312575,3.0,2.959368,0.040632009506225586
18312652,3.1,2.9779203,0.12207970619201669
310666,2.8,2.9951286,-0.19512863159179705
7434,3.0,3.113571,-0.1135709285736084
305859,3.0,3.0586712,-0.05867123603820801
308037,3.2,3.0413918,0.1586081504821779
18435837,3.2,3.1674628,0.03253717422485369
18441658,3.4,3.122455,0.2775451183319091
558,2.8,2.9910812,-0.19108123779296893
300485,2.8,2.943777,-0.14377708435058612
7416,3.3,2.9988747,0.3011253356933592
301927,3.1,2.9255316,0.17446837425231942
18288199,3.1,3.302596,-0.202596092224121
301931,2.8,2.9837377,-0.1837377071380617
311385,2.6,2.843328,-0.24332799911499015
18175322,3.0,3.023833,-0.023833036422729492
7419,2.8,2.984043,-0.1840428829193117
9280,3.1,3.2819984,-0.18199839591979972
18241874,3.2,2.9628682,0.23713178634643572
303250,2.8,2.9694397,-0.169439744949341
310408,2.7,2.9355493,-0.23554925918579084
1185,2.8,3.5000975,-0.7000975131988527
5536,2.8,3.0975244,-0.297524404525757
18393213,2.9,3.0496562,-0.14965615272521982
308336,3.1,3.213374,-0.11337389945983878
637,3.0,3.3845763,-0.38457632064819336
313159,3.2,3.5896552,-0.3896551609039305
3608,3.0,3.0748928,-0.07489275932312012
3636,3.0,3.0333512,-0.03335118293762207
312790,3.1,2.9590294,0.1409705638885499
5537,3.1,3.0692296,0.030770397186279386
308347,3.2,3.0618498,0.13815016746521014
2602,3.1,3.0456178,0.05438218116760263
3638,3.0,3.0907826,-0.09078264236450195
18017281,3.4,3.0746033,0.3253966808319091
3607,2.5,2.9214253,-0.42142534255981445
3069,3.1,3.2832122,-0.18321218490600577
18268390,3.7,3.3818731,0.31812686920166033
196,3.7,3.3068924,0.3931076049804689
5487,3.9,2.9844182,0.9155818462371825
308331,3.6,3.4937203,0.10627970695495614
18126080,3.6,3.1005538,0.4994462490081788
148,3.6,3.2545037,0.3454962730407716
2232,2.4,3.2798636,-0.8798635959625245
2775,4.4,3.4174743,0.982525730133057
311623,2.8,3.5523472,-0.7523471832275392
311077,3.1,3.29835,-0.19835009574890128
492,3.4,3.557934,-0.15793404579162607
304030,3.3,3.4728692,-0.17286915779113787
18366028,3.4,3.5504708,-0.15047082901000985
18168143,3.3,3.477517,-0.17751688957214373
18294246,3.4,3.1937506,0.20624938011169425
2370,2.8,3.2906551,-0.4906551361083986
3893,3.4,3.2351406,0.1648594379425048
5366,2.9,3.182378,-0.2823780536651612
18037828,3.4,3.5601692,-0.1601692199707032
2377,2.7,3.2901475,-0.590147542953491
18384151,3.2,3.740247,-0.5402470111846922
2966,2.7,3.5866206,-0.8866205692291258
257,3.3,3.7181191,-0.41811914443969744
2380,3.4,3.3409777,0.05902233123779288
18285222,3.4,3.5113432,-0.11134324073791513
309463,3.4,3.306287,0.09371294975280753
18219550,3.4,3.5969443,-0.19694433212280282
3230,3.4,3.3269913,0.07300868034362784
309542,3.4,3.733518,-0.33351788520812997
2965,3.9,3.2885187,0.6114813327789306
3372,3.7,3.414689,0.28531093597412127
312223,3.6,3.6367536,-0.03675355911254874
8828,3.5,3.4903762,0.00962376594543457
2524,3.6,3.5090094,0.09099063873291025
18458640,3.8,3.508808,0.2911921024322508
2532,3.6,3.6534164,-0.05341639518737784
5368,3.8,3.3920333,0.4079666614532469
18272383,3.6,3.3727381,0.2272618770599366
18332018,3.8,3.1924615,0.6075385093688963
18423901,3.8,3.5630925,0.23690752983093244
1969,3.7,3.6870856,0.012914371490478693
18455548,3.8,3.2558336,0.5441663742065428
310126,3.5,3.269879,0.23012089729309082
5291,3.5,3.2901475,0.2098524570465088
3522,3.8,3.3751955,0.42480449676513654
18345519,3.9,3.4027052,0.49729480743408194
305967,3.7,3.5410457,0.15895433425903338
18432015,3.6,3.3275876,0.272412395477295
18204820,3.8,3.6309862,0.1690137863159178
18361244,3.5,3.501488,-0.0014879703521728516
9561,4.1,3.3874457,0.712554311752319
18466059,4.0,3.4013338,0.5986661911010742
18361780,4.2,3.4769294,0.7230705738067629
18208880,4.1,3.5069094,0.5930906295776364
307620,4.0,3.5163882,0.4836118221282959
302242,4.0,3.776511,0.22348904609680176
310348,2.7,3.2621362,-0.5621362209320067
309680,2.9,3.0833533,-0.18335328102111825
1508,3.2,3.312527,-0.1125269412994383
18312565,3.0,3.3929553,-0.39295530319213867
311553,3.3,3.090605,0.20939497947692853
7720,3.3,3.0428839,0.25711612701416
308332,2.7,3.132803,-0.43280296325683576
306331,2.9,3.1710043,-0.2710042953491212
18303863,2.7,3.1163402,-0.41634016036987287
212,2.8,3.0341058,-0.2341057777404787
304183,2.8,3.0342126,-0.2342125892639162
1915,3.0,3.092673,-0.09267306327819824
5901,3.0,3.1166434,-0.11664342880249023
311824,3.1,2.9899256,0.11007437705993661
18376488,3.3,3.230199,0.06980090141296369
300013,2.9,3.015077,-0.1150771141052247
181,3.4,3.0417874,0.35821261405944815
18277019,3.1,2.942812,0.15718803405761728
7721,2.9,2.9896367,-0.08963665962219247
308334,2.9,3.0355666,-0.13556656837463388
309675,2.9,3.2561886,-0.35618863105773935
300020,2.9,3.0351295,-0.1351295471191407
7717,2.7,3.131732,-0.43173198699951154
303547,3.2,3.2313242,-0.03132419586181623
18228903,2.8,3.0647824,-0.26478238105773944
18428200,3.0,3.1288872,-0.12888717651367188
18144480,2.8,3.0076444,-0.20764441490173358
302945,3.6,3.2140708,0.38592920303344735
18471283,3.5,3.282421,0.21757888793945312
18337892,3.8,3.1100812,0.689918804168701
267,3.9,3.090643,0.8093570709228515
18424893,3.5,3.5913587,-0.09135866165161133
306526,3.6,3.2347193,0.36528072357177743
112,4.2,3.0907798,1.1092202186584474
1903,3.2,3.2518473,-0.05184726715087873
300710,3.4,2.9583514,0.44164862632751456
308065,2.9,3.0712922,-0.1712921619415284
18441549,3.1,3.2572193,-0.15721931457519522
3685,3.2,3.0914667,0.10853333473205584
303599,3.9,2.9262106,0.973789358139038
462,3.7,2.8092775,0.8907224655151369
680,2.2,3.1783,-0.9782999038696287
18222581,3.3,3.1674945,0.13250546455383283
310164,3.0,3.2077868,-0.20778679847717285
7712,3.2,3.1742907,0.025709342956543146
18311948,3.0,3.0800116,-0.08001160621643066
7483,3.5,3.1490266,0.35097336769104004
18472436,3.1,3.0940733,0.00592670440673837
9037,2.6,3.1224475,-0.5224474906921386
18391581,3.1,3.2394474,-0.13944735527038565
7077,2.6,3.1958733,-0.5958732604980468
306586,3.2,2.9492936,0.2507063865661623
306495,3.3,3.0124006,0.28759937286376935
9061,3.2,3.1142075,0.08579249382019061
18357946,3.4,3.3112721,0.08872785568237296
308991,3.3,3.2884078,0.011592197418212713
7071,2.7,3.4262922,-0.7262921810150145
18282040,3.2,3.2085192,-0.008519220352172674
8379,2.6,3.1125546,-0.5125545501708983
9040,3.3,3.3394835,-0.03948349952697772
18367984,2.8,3.1932933,-0.39329333305358904
4455,2.6,3.1234303,-0.5234302520751952
4454,2.6,3.0895543,-0.4895543098449706
4560,3.6,3.2680252,0.33197484016418466
4563,3.9,3.1999602,0.700039768218994
5062,3.7,3.5599203,0.14007968902587908
4568,3.8,3.6874046,0.11259536743164045
4566,3.5,3.1352725,0.3647274971008301
18383434,3.9,3.3021948,0.5978051662445067
308972,3.5,3.2721448,0.22785520553588867
6283,2.9,3.0245721,-0.12457213401794442
6356,2.8,3.007793,-0.20779294967651385
18356800,3.1,3.201718,-0.10171809196472159
18253103,3.0,3.0589879,-0.05898785591125488
304152,2.7,3.1030827,-0.4030826568603514
18287392,3.4,3.1391733,0.2608267307281493
3116,3.2,3.3920362,-0.19203619956970197
308620,2.8,3.1630027,-0.36300272941589373
300608,2.9,3.0233932,-0.1233931541442872
302162,2.9,3.384769,-0.4847689628601075
308187,3.1,2.8564355,0.24356446266174325
8292,2.8,3.2317162,-0.43171615600585955
307114,3.2,3.0472808,0.15271921157836932
18408059,3.0,3.023857,-0.02385711669921875
308614,2.9,2.9474602,-0.047460174560546964
304217,2.9,2.9953854,-0.09538540840148935
302724,2.9,2.992631,-0.092630958557129
5799,2.9,3.0481558,-0.14815578460693368
3117,2.8,2.9207137,-0.12071366310119647
300639,3.0,3.035643,-0.03564310073852539
18384879,3.0,3.1100345,-0.11003446578979492
18481280,3.0,3.1432102,-0.14321017265319824
300635,3.0,3.222505,-0.2225050926208496
302159,3.2,2.9709642,0.22903580665588397
18204494,3.0,3.0416167,-0.04161667823791504
305135,3.1,3.0852437,0.014756298065185636
302155,3.1,2.968752,0.13124809265136728
3119,2.9,3.0752037,-0.17520365715026864
3254,3.0,2.9662454,0.033754587173461914
302272,2.8,3.014398,-0.21439809799194354
300616,2.9,3.1950524,-0.2950523853302003
5796,3.2,2.9837914,0.2162086486816408
310595,2.7,3.0817113,-0.3817112922668455
303788,3.2,3.1198082,0.0801918029785158
305490,3.0,3.0330436,-0.033043622970581055
300620,3.3,3.0270998,0.2729001522064207
18218076,3.1,3.161935,-0.06193509101867667
308682,2.8,3.2622235,-0.4622234821319582
18198465,3.1,3.2448862,-0.1448861598968505
311879,3.2,3.0055733,0.19442672729492205
1888,2.7,3.116413,-0.41641311645507795
301191,2.9,3.029452,-0.1294520854949952
6345,2.8,3.0081134,-0.20811338424682635
18272388,3.1,3.18042,-0.08041992187499991
6355,2.9,3.0208654,-0.12086544036865243
300571,2.7,3.0208688,-0.3208687782287596
302173,2.7,3.0108578,-0.3108578205108641
5801,3.4,3.031787,0.3682130813598632
18261165,3.0,3.0281994,-0.028199434280395508
302188,3.2,3.2683961,-0.06839613914489728
18017258,2.8,3.023822,-0.223822069168091
3094,3.0,2.9858248,0.014175176620483398
3118,3.0,2.9446797,0.05532026290893555
6359,2.9,3.0337026,-0.13370261192321786
18252250,2.8,2.968235,-0.1682350158691408
5949,2.7,3.1973896,-0.49738960266113263
18409188,3.5,3.2278035,0.27219653129577637
5753,3.5,3.017805,0.4821949005126953
18273527,2.2,2.9853435,-0.7853434562683104
6075,4.3,3.251774,1.048225927352905
306750,2.9,2.8956916,0.0043083667755126065
306739,2.9,2.9219575,-0.02195749282836923
18312564,3.0,2.9522932,0.04770684242248535
306741,2.9,2.9695306,-0.0695305824279786
9974,2.9,2.9618616,-0.061861610412597745
300529,3.0,3.0422819,-0.0422818660736084
312169,2.7,2.937796,-0.23779611587524396
301783,2.9,3.1510937,-0.2510937213897706
9218,2.8,2.9780447,-0.1780447483062746
301994,3.0,2.9551983,0.04480171203613281
306729,3.0,2.9807532,0.019246816635131836
9207,2.8,3.0060506,-0.20605058670043963
18433910,3.2,3.3232946,-0.12329463958740217
18435287,3.2,3.3162675,-0.11626749038696271
7618,3.3,3.3598778,-0.05987782478332537
3637,3.4,3.4439995,-0.043999528884887784
302277,3.1,3.4827826,-0.3827826023101806
18216942,4.3,3.2247994,1.0752006053924559
5784,3.3,3.5594673,-0.2594673156738283
5783,3.5,3.6921642,-0.19216418266296387
800,3.6,3.8283815,-0.2283815383911132
73,3.9,3.6754372,0.22456278800964347
308537,3.8,3.6335986,0.16640143394470197
803,3.8,3.7906158,0.009384202957153143
103,3.8,3.809398,-0.009397935867309748
18421051,4.4,3.7542741,0.6457258701324466
799,4.4,3.85163,0.5483700275421146
801,4.1,3.8099296,0.2900703907012936
308845,2.9,3.0126247,-0.11262474060058603
306826,2.9,2.889836,0.010163927078246981
18303817,2.7,3.219264,-0.5192640304565428
312913,2.9,3.2383032,-0.33830318450927743
5645,2.8,3.0437155,-0.24371547698974627
312387,3.1,3.1614192,-0.06141915321350089
5594,3.3,3.0339305,0.26606945991516096
18175309,3.3,3.1957412,0.10425882339477521
312990,3.3,3.1046321,0.1953678607940672
18233577,3.3,3.312415,-0.01241488456726092
309836,3.2,3.1533363,0.04666371345520037
7692,2.9,3.0092313,-0.10923132896423349
18224548,3.1,3.1611035,-0.06110348701477042
213,3.2,2.9668374,0.2331625938415529
7488,3.3,2.9254413,0.37455873489379865
18356817,3.4,3.1391182,0.2608818054199218
1987,3.4,3.1361544,0.2638455867767333
18241871,3.2,3.0187771,0.18122286796569842
300337,3.2,3.1296608,0.07033915519714373
18232113,3.4,3.0318189,0.3681811332702636
303018,3.1,3.0073335,0.09266648292541513
300318,2.9,3.1547806,-0.25478062629699716
18070479,3.3,3.089613,0.21038703918457013
9956,3.3,3.1487925,0.1512074947357176
5652,3.2,3.0165997,0.183400344848633
7330,3.0,3.0802767,-0.0802767276763916
4801,3.4,3.0818367,0.3181632995605468
9853,3.4,3.1043997,0.2956003189086913
308929,3.1,3.3274345,-0.2274345397949218
300344,2.7,3.1760283,-0.47602825164794904
18372287,2.7,3.2183878,-0.5183878421783445
18198449,3.3,3.0748932,0.2251067638397215
300343,3.4,3.1198251,0.2801748752593993
300323,3.2,3.3584797,-0.15847973823547346
2366,2.5,3.1379907,-0.6379907131195068
300334,2.6,3.1635938,-0.5635937690734862
300321,3.2,3.0574167,0.1425833225250246
5655,3.4,3.0108507,0.3891493320465087
7274,2.7,2.9478436,-0.247843551635742
9670,3.2,2.981324,0.21867604255676287
311957,3.4,3.0991194,0.3008805751800536
1990,2.8,3.0392227,-0.23922271728515643
18279470,3.2,3.0046892,0.19531078338623065
307965,3.6,3.1755273,0.42447266578674325
18336183,3.8,3.3136187,0.4863813400268553
18472416,3.5,3.0357091,0.4642908573150635
306636,3.6,3.281972,0.31802806854248056
300335,3.5,3.0392938,0.4607062339782715
311379,3.8,3.0946765,0.7053235054016112
18379474,3.6,3.099454,0.5005460739135743
309307,3.5,3.2539825,0.2460174560546875
312425,3.5,3.2153835,0.28461647033691406
7291,3.6,3.2174115,0.38258848190307626
18163915,3.6,3.1316125,0.46838746070861825
18233583,2.1,3.2663608,-1.1663607597351073
310630,2.2,3.1177301,-0.917730140686035
7271,2.1,3.0075526,-0.9075526237487792
18138442,2.3,3.0559366,-0.7559365749359133
308559,3.1,3.2133713,-0.11337127685546866
18358841,2.8,3.3361156,-0.536115598678589
18397140,3.0,3.0762882,-0.07628822326660156
18168171,2.8,3.1490953,-0.3490952968597414
18458961,3.2,3.1203132,0.0796868324279787
18208914,3.4,3.3396997,0.060300254821777255
18231410,3.7,3.2477274,0.45227260589599627
18037850,3.5,3.2003844,0.29961562156677246
307501,2.6,3.393922,-0.7939220905303954
3362,3.4,3.286112,0.11388792991638175
18424879,2.8,3.0105,-0.210499954223633
18363074,3.1,3.027356,0.07264409065246591
18386078,3.0,3.2957342,-0.295734167098999
313146,3.2,3.0993981,0.10060186386108416
3967,2.6,3.0978584,-0.49785842895507804
18378050,2.8,3.4428484,-0.6428484439849855
309685,2.8,3.1718469,-0.3718468666076662
8940,3.2,3.0913162,0.10868377685546893
300672,3.2,3.1257527,0.07424731254577654
313355,3.2,3.0618646,0.13813538551330584
2958,2.5,2.970799,-0.47079896926879883
304093,3.2,3.0365279,0.1634721279144289
6453,2.9,2.9137883,-0.013788318634033292
18456456,3.3,3.218076,0.08192400932311994
18306511,3.4,3.349924,0.05007591247558585
214,3.2,2.8790076,0.320992422103882
3892,2.6,2.941312,-0.3413120746612548
300873,3.3,2.9882667,0.311733293533325
307419,2.5,3.0791242,-0.5791242122650146
5862,3.1,3.2855396,-0.18553962707519522
18477957,2.9,3.1795871,-0.27958712577819833
18398575,3.0,3.284864,-0.2848639488220215
1123,3.1,3.2256787,-0.12567868232727042
313443,2.8,3.0861986,-0.2861985683441164
306816,3.1,3.2655673,-0.16556730270385733
312471,3.1,3.402811,-0.302811050415039
194,3.3,3.103141,0.19685893058776838
1959,2.8,3.1007242,-0.3007242202758791
17977763,3.2,3.2472413,-0.04724125862121564
8941,3.2,3.0263238,0.17367620468139666
308607,2.7,3.05699,-0.3569899082183836
313442,2.7,2.9423902,-0.24239020347595197
18358201,3.1,3.0778425,0.02215752601623544
5392,3.3,2.9810867,0.3189132690429686
312334,3.3,3.111431,0.18856911659240705
18396440,2.6,3.1401186,-0.5401185989379882
3966,2.6,3.1124604,-0.5124603748321532
304389,2.9,2.9797285,-0.07972846031188974
18175260,3.3,3.1145554,0.18544464111328107
18057827,2.7,3.1089883,-0.4089882850646971
8961,3.1,3.0382364,0.061763620376587
312327,3.1,3.0430627,0.05693731307983407
306809,3.2,3.0872416,0.11275835037231463
9792,3.0,3.106679,-0.10667896270751953
18218787,3.4,3.31144,0.08856000900268546
311512,3.3,3.0183136,0.2816863536834715
18421020,3.4,3.1635976,0.23640241622924796
308364,3.0,3.2835953,-0.28359532356262207
307276,3.3,3.312804,-0.01280398368835467
18350101,3.3,3.1140196,0.18598036766052228
18361220,3.0,3.0158126,-0.01581263542175293
311576,3.0,3.09348,-0.09348011016845703
300836,3.3,3.2195086,0.08049135208129865
18265418,3.1,3.0978305,0.0021694660186768466
18017253,3.7,3.185802,0.5141980171203615
300872,3.9,3.0699193,0.8300806522369384
3333,3.5,2.9721344,0.5278656482696533
6451,3.6,3.0608177,0.5391822814941407
6454,3.6,3.0604026,0.5395973682403565
18476960,3.6,3.0822942,0.5177057743072511
18398592,3.9,3.3798873,0.520112657546997
18265676,3.9,3.4694562,0.4305438041687011
3080,3.6,3.243214,0.35678610801696786
313173,3.7,3.1388466,0.5611533641815187
18476896,3.5,3.2737777,0.22622227668762207
306011,3.7,3.1486707,0.5513293266296388
4683,3.6,3.0268457,0.5731543064117433
18222572,3.9,3.1302733,0.7697266578674316
18464054,3.6,3.1996222,0.40037784576416025
8964,3.5,3.3018909,0.19810914993286133
18322667,3.5,3.0445518,0.4554481506347656
311209,3.6,3.020286,0.5797139167785645
6449,3.5,3.2564147,0.24358534812927246
312763,2.4,3.10039,-0.7003899574279786
307444,2.4,3.0303257,-0.6303256511688233
305398,2.3,3.0372756,-0.737275552749634
302815,3.3,3.4334903,-0.1334902763366701
305525,4.5,3.2990317,1.2009682655334473
313481,3.2,3.0225596,0.17744035720825213
18359287,3.1,2.9776232,0.12237677574157724
18199151,3.0,3.232714,-0.23271393775939941
311162,3.3,3.069355,0.2306449890136717
18204823,3.0,3.123263,-0.12326288223266602
302465,2.8,3.1693738,-0.3693737506866457
18359296,3.2,3.341617,-0.14161710739135724
300925,2.8,3.11346,-0.31346006393432635
307026,3.2,3.028272,0.1717280864715578
18057816,2.9,3.492653,-0.5926528930664063
18303432,3.4,3.1535468,0.24645318984985343
3790,3.4,3.256604,0.14339604377746573
2509,3.4,2.9928916,0.407108449935913
18238913,3.0,3.0863535,-0.08635354042053223
215,2.8,2.937077,-0.137077045440674
3793,3.2,3.2356238,-0.03562383651733381
18244250,2.9,3.0528955,-0.15289554595947275
18372294,3.0,3.062844,-0.06284403800964355
6261,3.3,3.099045,0.20095496177673322
18376484,2.7,3.0704057,-0.37040572166442853
468,2.5,3.2359936,-0.7359936237335205
8276,3.0,3.0198448,-0.019844770431518555
6120,3.2,3.0779204,0.12207956314086932
18252395,3.1,2.997655,0.10234508514404306
18180073,3.1,3.013274,0.0867260456085206
18441678,3.0,3.2346256,-0.23462557792663574
18400762,3.1,3.2104533,-0.11045327186584464
306492,3.1,3.2319312,-0.1319312095642089
8488,2.9,3.1694443,-0.26944432258605966
310536,3.2,3.0678208,0.1321792125701906
308360,3.3,3.008062,0.2919381141662596
18017248,3.4,3.0739205,0.32607951164245597
312855,3.3,3.0265696,0.2734303951263426
18463971,3.1,3.138804,-0.03880395889282218
8600,3.5,3.2304022,0.26959776878356934
18380143,3.5,3.1103039,0.3896961212158203
18254520,3.7,3.2308786,0.4691214084625246
18222554,3.6,3.2558806,0.34411940574646005
310896,2.4,3.0644367,-0.6644366741180421
5446,3.0,3.3377955,-0.3377954959869385
5448,3.1,3.0349836,0.06501636505126962
18408062,3.1,3.497419,-0.3974191188812255
18369301,3.3,3.3850324,-0.08503241539001483
309383,3.4,3.612067,-0.21206698417663583
310801,3.3,3.32158,-0.021579933166504084
495,3.2,3.531218,-0.3312180519104002
18241532,3.2,3.435249,-0.23524909019470197
18445783,3.3,3.5784876,-0.27848763465881365
18352179,2.6,3.2921247,-0.6921247482299804
309309,3.1,3.306824,-0.206823968887329
8272,3.2,3.4758816,-0.27588157653808576
1998,3.2,3.2354746,-0.03547458648681623
1120,3.1,3.2320182,-0.13201823234558097
18369772,3.4,3.4493892,-0.049389219284057706
216,3.2,3.1370811,0.0629188537597658
303051,3.2,3.106194,0.09380598068237322
6905,3.2,3.2585068,-0.05850677490234357
307551,3.4,3.4807742,-0.08077416419982919
306267,3.3,3.240599,0.05940108299255353
306170,3.2,3.295096,-0.09509592056274396
3972,2.7,3.2975073,-0.5975072860717772
2951,3.3,3.0790255,0.22097449302673322
308242,3.4,3.2679515,0.13204851150512686
18153553,3.4,3.5947213,-0.19472131729125985
311025,2.7,3.1989164,-0.49891643524169904
309578,3.2,3.1896477,0.010352325439453303
476,2.5,3.387826,-0.8878259658813477
310359,3.0,3.3119009,-0.3119008541107178
1308,3.1,3.2176743,-0.11767425537109366
301657,3.4,3.292767,0.10723295211791983
309188,3.4,3.4376268,-0.03762683868408212
8801,2.6,3.165305,-0.5653048992156982
1986,3.3,3.324686,-0.02468605041503924
304212,3.1,3.250305,-0.1503049373626708
18288046,3.4,3.187567,0.21243300437927237
18082238,3.4,3.6191056,-0.21910557746887216
18228854,3.4,3.1836622,0.21633782386779776
303105,3.2,3.1937685,0.006231498718261896
308067,3.2,3.1471014,0.052898597717285334
18420452,4.6,3.1888318,1.4111681938171383
1054,3.6,3.2675962,0.33240375518798837
312634,3.6,3.4323237,0.1676763057708741
3516,3.5,3.2408545,0.25914549827575684
5595,3.6,3.397082,0.20291790962219247
18232108,3.9,3.369492,0.5305079460144042
18358681,3.8,3.4900098,0.3099902153015135
18418237,3.8,3.429567,0.3704329013824461
9230,3.7,3.1937375,0.5062624931335451
6901,3.5,3.417128,0.08287191390991211
18403003,3.5,3.4547777,0.04522228240966797
311421,3.9,3.5154176,0.38458242416381827
176,3.7,3.273104,0.42689604759216326
1992,3.5,3.264915,0.23508501052856445
18287382,3.6,3.6145577,-0.014557743072509677
18294251,3.6,3.273104,0.3268960475921632
18291260,3.6,3.5788026,0.021197414398193448
311836,3.6,3.2453778,0.3546222209930421
18198459,3.8,3.5394275,0.26057248115539533
18224547,3.6,3.3980021,0.20199785232543954
307911,4.0,3.3075776,0.6924223899841309
18287876,4.1,3.448,0.6520000457763668
18375379,4.0,3.3549209,0.6450791358947754
7167,3.2,3.3518457,-0.15184574127197248
219,2.5,3.1518824,-0.6518824100494385
572,3.1,3.2702982,-0.17029824256896964
302381,2.8,3.4676566,-0.6676566123962404
309232,3.2,3.2010388,-0.0010388374328611505
18303828,3.6,3.4766593,0.12334070205688485
2222,3.7,3.2349997,0.4650003433227541
175,3.6,3.357174,0.2428260803222657
18400733,3.8,3.3383477,0.4616523265838621
18303724,3.9,3.4010978,0.4989022254943847
731,2.4,3.2625403,-0.8625403404235841
18219522,4.4,3.3585157,1.0414842605590824
18219554,4.4,3.607685,0.7923149108886722
7797,2.9,2.9445825,-0.044582462310791104
18352263,2.9,2.9414213,-0.04142127037048349
18312571,2.9,2.9329748,-0.03297481536865243
307171,2.9,3.0635974,-0.16359744071960458
300271,2.5,3.0550458,-0.5550458431243896
345,3.2,3.009643,0.19035692214965838
307865,3.0,3.1025379,-0.10253787040710449
307168,2.9,3.0384808,-0.13848075866699228
1859,2.9,3.1236222,-0.22362217903137216
301229,2.6,3.032687,-0.43268694877624503
307169,3.0,3.045715,-0.0457150936126709
306291,3.3,3.0682697,0.231730270385742
18428880,3.1,3.0388143,0.061185693740844815
3381,3.7,3.3604271,0.339572858810425
8853,3.7,3.0442073,0.6557926654815676
301154,3.9,3.1959193,0.7040807247161864
309365,3.6,3.034119,0.565881109237671
301227,2.4,3.1776838,-0.7776838302612306
7060,4.1,3.0959852,1.0040148258209225
613,2.9,3.3726957,-0.4726956844329835
3549,3.3,3.7179492,-0.41794915199279803
302282,4.5,3.6972663,0.8027336597442627
3546,3.7,3.719246,-0.019245910644531072
302283,3.6,3.6568556,-0.05685558319091788
3545,4.4,3.7570243,0.6429757118225101
3547,4.2,3.7927356,0.4072644233703615
4490,3.1,3.363664,-0.2636639118194579
4488,3.3,3.1868865,0.11311345100402814
186,3.4,3.5555737,-0.1555737018585206
3124,3.2,3.5877428,-0.38774280548095685
18057792,3.9,3.6837676,0.21623244285583487
1641,3.8,3.8558342,-0.05583424568176287
7242,3.4,3.134249,0.265751028060913
312920,2.5,3.181113,-0.6811130046844482
308051,3.4,3.0771074,0.3228925704956054
3135,2.5,3.2080472,-0.7080471515655518
693,3.3,3.1301668,0.16983323097228986
7399,2.8,3.0680697,-0.2680696964263918
18375392,2.6,3.0468118,-0.446811819076538
5527,2.9,3.31715,-0.41715011596679696
7407,2.6,2.8831017,-0.2831017017364501
18279476,3.0,3.275949,-0.27594900131225586
18294260,2.7,3.0404336,-0.3404336452484129
7409,2.7,3.0138035,-0.3138034820556639
8912,2.9,2.91528,-0.015280103683471769
18224550,2.9,2.9778595,-0.07785949707031259
18363093,3.4,3.5714138,-0.1714137554168702
307511,2.5,3.0154915,-0.5154914855957031
18369767,3.1,2.9682462,0.1317537784576417
17977795,3.0,2.9475758,0.05242419242858887
18455210,3.4,3.1179848,0.2820152282714843
313258,2.9,2.8890643,0.01093568801879874
7452,2.8,3.0183089,-0.21830887794494647
7373,3.3,3.107361,0.19263892173767072
309445,3.2,3.1525512,0.04744882583618182
18468651,2.8,3.1791816,-0.37918157577514666
8671,2.5,2.9271362,-0.4271361827850342
308049,2.9,2.9677505,-0.06775054931640634
307519,3.0,3.0171583,-0.01715826988220215
18034082,3.2,3.3435078,-0.14350776672363263
18237343,3.0,3.0849078,-0.08490777015686035
8658,2.6,3.0304167,-0.43041672706603995
307702,2.7,2.9796233,-0.2796233177185057
300300,3.0,3.023834,-0.0238339900970459
3131,2.6,3.0040436,-0.4040435791015624
18446480,2.7,3.227292,-0.5272920608520506
311383,2.8,2.9237654,-0.12376542091369647
2751,3.2,3.4621184,-0.26211838722228986
18395392,2.9,3.2374496,-0.33744964599609384
306067,2.6,3.1236339,-0.523633861541748
8688,3.1,2.9644618,0.1355381965637208
7306,3.4,3.1805277,0.219472312927246
18277238,3.2,3.196847,0.0031530380249025214
18107869,3.0,3.1162019,-0.11620187759399414
7442,2.6,3.135865,-0.5358649730682372
7448,2.9,3.010662,-0.11066207885742196
307075,2.8,3.047751,-0.24775094985961932
305392,2.7,2.8061914,-0.10619144439697248
18248991,3.0,2.870005,0.12999510765075684
18420444,3.0,3.1230617,-0.1230616569519043
311787,3.1,3.0884898,0.011510229110717862
8660,2.7,3.03099,-0.3309898853302
18282048,2.6,3.1727781,-0.5727781295776366
8666,2.7,3.0409732,-0.34097318649291974
8667,2.7,2.9612417,-0.2612417221069334
7441,3.4,2.9861116,0.41388835906982413
3132,3.2,3.1266959,0.07330412864685076
7342,2.7,3.0391214,-0.3391213893890379
301242,2.5,3.2139986,-0.713998556137085
18429387,2.8,3.0860279,-0.28602786064147967
18453448,3.4,3.518013,-0.11801300048828134
18369771,2.6,3.4325087,-0.8325087070465087
309255,2.9,3.1822844,-0.2822843551635743
307278,3.2,2.8195333,0.3804666519165041
311760,3.1,2.8633327,0.23666725158691415
18443750,3.7,3.2143104,0.4856895923614504
307700,3.6,3.2561226,0.34387741088867196
18381646,3.5,3.3383503,0.1616497039794922
308054,3.6,3.044698,0.5553020000457765
18427200,3.5,3.2579234,0.24207663536071777
7427,3.6,3.0540476,0.5459524154663087
18261149,3.5,3.6217515,-0.12175154685974121
18322646,3.5,3.4914975,0.008502483367919922
310912,3.7,3.508777,0.19122309684753436
18334635,3.5,3.3300729,0.16992712020874023
7401,2.4,2.9191105,-0.5191105365753175
18237341,4.2,3.2199776,0.9800223827362062
7428,4.2,3.2033374,0.9966625690460207
18420467,4.1,3.3309941,0.7690058708190914
18332869,4.2,3.0538948,1.1461052417755129
18241878,2.6,3.7213948,-1.1213947772979735
312959,2.8,3.282719,-0.4827188968658449
978,3.4,3.5432594,-0.1432593822479249
306910,3.0,3.270754,-0.2707540988922119
307135,3.2,3.8634892,-0.6634891510009764
18363209,3.0,3.6842785,-0.6842784881591797
18454700,3.3,3.404033,-0.10403294563293475
308791,3.2,3.4044297,-0.2044296741485594
312589,2.9,3.491168,-0.5911680221557618
977,3.2,3.4754746,-0.2754745960235594
8649,3.1,3.5367167,-0.43671669960021964
309435,3.0,3.3945,-0.3945000171661377
18371401,3.1,3.6327155,-0.5327154636383056
307138,3.4,3.7518384,-0.35183844566345224
18420427,3.0,3.4570158,-0.4570157527923584
305082,3.4,3.6470299,-0.24702987670898446
305086,3.2,3.4376063,-0.23760633468627912
307541,3.1,3.283344,-0.18334403038024893
18281968,3.1,3.558239,-0.4582389831542968
18375382,3.2,3.4482605,-0.24826054573059064
2537,3.2,3.3487377,-0.1487377166748045
311977,3.3,3.3855429,-0.08554286956787127
974,3.4,3.3986979,0.001302146911621005
4163,3.4,3.6433582,-0.2433582305908204
305694,2.6,3.5062678,-0.9062677860260009
2364,3.2,3.1757736,0.024226379394531428
305688,3.3,3.3861787,-0.08617873191833514
18255603,3.3,3.5661197,-0.2661196708679201
307548,3.0,3.2184796,-0.21847963333129883
5932,3.4,3.6708133,-0.27081332206726083
300397,2.7,3.4888237,-0.7888236522674559
969,2.6,3.4961476,-0.8961476325988769
303122,3.2,3.390539,-0.19053893089294416
8652,3.0,3.3327136,-0.33271360397338867
18420456,4.6,3.584064,1.0159359931945797
18445790,4.8,3.7183454,1.0816545963287352
313368,4.7,3.459003,1.2409970283508303
18037817,4.5,3.9592047,0.5407953262329102
304746,4.6,3.816339,0.7836609840393063
9458,3.9,3.5797508,0.32024922370910636
5878,3.8,3.4450376,0.3549623966217039
18384134,3.7,3.592191,0.1078090190887453
3086,3.6,3.7179656,-0.11796560287475577
497,3.8,3.6088004,0.1911995887756346
18461723,3.5,3.4278717,0.0721282958984375
18163908,3.9,3.7363396,0.16366043090820304
18037816,3.8,3.8658206,-0.06582064628601092
312482,3.8,3.8825707,-0.0825707435607912
18222577,3.9,3.6854508,0.21454920768737784
966,3.7,3.651809,0.04819102287292498
217,3.5,3.2805002,0.21949982643127441
18245274,3.7,3.7312574,-0.03125743865966779
5931,3.6,3.4594417,0.1405583381652833
1158,3.9,3.6174862,0.28251376152038565
309845,3.5,3.835991,-0.33599090576171875
18273540,3.7,3.759501,-0.05950098037719709
310768,3.8,3.7306042,0.06939582824707013
18322658,3.8,3.7357218,0.0642781734466551
18228867,3.6,3.8795888,-0.2795888423919677
18384149,3.9,3.985278,-0.0852778911590577
18294265,3.9,3.7981813,0.10181870460510245
18472653,3.8,3.6348038,0.16519622802734357
188,3.7,3.4796202,0.22037978172302264
306014,3.8,3.7022767,0.09772329330444318
18281954,3.7,3.8597834,-0.1597834110260008
306410,3.8,3.6923156,0.10768442153930646
837,3.6,3.3381026,0.2618974208831788
18438452,3.6,3.5215828,0.07841715812683114
965,3.7,3.3613262,0.338673782348633
310167,3.8,3.7053363,0.09466366767883283
17953943,3.9,3.7290645,0.17093553543090811
18241862,3.8,3.632441,0.16755895614624006
18412880,3.5,3.953844,-0.4538440704345703
313071,3.6,3.4254744,0.1745255947113038
310395,3.6,4.1214495,-0.5214494705200194
6195,3.8,3.7823524,0.017647552490234197
18311919,3.7,3.7339253,-0.033925342559814275
3083,3.7,3.721504,-0.02150397300720197
7287,2.2,3.480957,-1.2809570312499998
306476,4.1,3.903195,0.19680509567260707
18369780,4.2,3.9702559,0.2297441482543947
18412888,4.0,4.0616198,-0.06161975860595703
304233,4.0,3.6881154,0.31188464164733887
18345778,4.4,3.3489037,1.051096343994141
18430901,4.4,3.7248502,0.6751498222351078
18427236,4.2,3.5038028,0.6961972236633303
18441764,4.0,3.5790234,0.4209766387939453
312476,4.4,3.6614158,0.7385841846466068
18421044,4.3,3.3751104,0.9248896121978758
18252401,4.4,3.9416184,0.45838155746459996
3077,4.1,3.7039416,0.3960584163665768
300416,4.0,3.2187026,0.7812974452972412
18415387,4.1,4.015203,0.08479700088500941
18322621,4.0,3.8093944,0.19060564041137695
18432011,4.1,3.643062,0.4569378852844235
18254514,4.2,3.7599673,0.44003267288208026
18381259,4.1,4.0127044,0.08729562759399379
18454951,4.0,3.7178228,0.282177209854126
300844,3.3,3.2799206,0.020079421997070135
3247,3.0,3.1257305,-0.1257305145263672
6481,2.7,3.3501048,-0.6501048088073729
8771,3.3,3.305018,-0.005017948150634943
300862,3.4,3.4222968,-0.022296762466430753
4056,3.4,3.3329904,0.06700959205627433
308212,3.2,3.1426554,0.05734462738037127
303595,2.7,3.3489952,-0.6489952087402342
7679,3.1,3.2392056,-0.13920559883117667
8389,3.3,3.1686203,0.13137965202331525
9408,3.3,3.2086654,0.09133462905883771
313336,3.1,3.2294238,-0.12942376136779776
6477,3.4,3.3413768,0.058623218536376864
191,3.4,3.1948273,0.2051726818084716
2000,3.3,3.142606,0.15739398002624494
7137,3.0,3.4428396,-0.4428396224975586
311711,3.3,3.193995,0.10600500106811506
6308,3.4,3.264979,0.13502111434936515
5283,3.2,3.46751,-0.2675099849700926
5313,2.8,3.0976295,-0.2976295471191408
8915,3.3,3.50226,-0.2022599697113039
309429,3.4,3.2200935,0.1799065113067626
3114,2.6,3.3349543,-0.7349542617797851
3229,3.3,3.0246966,0.27530341148376447
18254676,3.1,3.2601378,-0.16013779640197745
18365897,3.6,3.430645,0.1693550109863282
9253,3.5,3.168636,0.3313639163970947
310459,3.5,3.2881806,0.21181941032409668
218,3.5,2.9559975,0.5440025329589844
300841,3.6,3.315487,0.2845130920410157
302466,3.5,3.2809503,0.21904969215393066
309629,3.5,3.1559715,0.3440284729003906
18312438,3.8,3.2416837,0.5583162784576414
9348,3.5,3.2377663,0.2622337341308594
304928,3.5,3.1566186,0.343381404876709
18273634,3.5,3.2881806,0.21181941032409668
18246132,3.8,3.254264,0.5457358837127684
302302,3.6,3.095527,0.5044730663299561
18355152,3.8,3.1951816,0.6048183917999266
308969,3.9,3.3228128,0.5771872043609618
302344,3.5,3.0840995,0.41590046882629395
307466,3.9,3.4189115,0.48108854293823233
3108,3.5,3.1727426,0.3272573947906494
309783,3.5,3.307872,0.19212794303894043
8883,2.3,3.1876361,-0.8876361370086672
300966,2.4,3.1593666,-0.7593666076660157
18408058,4.2,3.2968965,0.903103542327881
301763,4.2,3.2424512,0.9575488090515138
18425766,2.9,3.6179376,-0.7179375648498536
18382353,3.6,3.523332,0.07666788101196298
7310,3.1,3.0956185,0.0043815135955811435
4336,3.2,3.0319402,0.16805977821350115
305517,3.0,3.1514843,-0.15148425102233887
303289,2.6,3.0137916,-0.4137915611267089
18334429,3.0,3.0563066,-0.05630660057067871
309531,3.3,3.0842535,0.21574645042419416
8216,3.3,3.2181876,0.08181242942810041
18384121,3.4,3.1659007,0.23409929275512686
1775,2.8,3.1491597,-0.3491596698760988
300258,2.5,3.2928739,-0.7928738594055176
304107,2.8,3.2662513,-0.4662513256073
18247034,3.0,3.512239,-0.5122389793395996
18357109,3.0,3.2570357,-0.2570357322692871
309026,2.9,3.0832365,-0.1832364559173585
18358685,3.4,3.3133366,0.08666338920593253
18219516,3.1,3.179907,-0.07990708351135245
18461946,3.3,3.2202978,0.07970218658447248
304194,2.6,3.1603005,-0.5603004932403564
300280,2.8,2.8737373,-0.0737373352050783
9565,3.3,3.3689709,-0.06897087097167987
18126972,2.6,3.2153249,-0.6153248786926269
18285198,2.9,3.3082423,-0.4082423210144044
7318,3.3,3.0035574,0.2964425563812254
305514,3.1,3.177195,-0.07719507217407218
4330,2.8,3.0061018,-0.20610184669494647
304186,3.1,3.0623572,0.037642812728881925
18219526,3.2,3.19044,0.00956006050109881
18254549,2.7,3.375559,-0.675559091567993
311570,2.7,3.1340618,-0.434061813354492
309804,3.3,3.0399847,0.260015296936035
18144483,3.1,3.3527656,-0.2527655601501464
309806,3.4,3.071366,0.3286339282989501
305516,2.8,3.107257,-0.3072568893432619
18361271,3.0,3.4117012,-0.4117012023925781
311828,2.7,3.2211082,-0.5211081981658934
310436,2.7,3.1189196,-0.4189196109771727
5846,3.0,3.1608121,-0.1608121395111084
309808,2.8,3.2644892,-0.46448917388916033
18432849,3.3,3.1287436,0.1712563514709471
7322,2.9,3.1610472,-0.26104722023010263
308219,3.4,3.269379,0.1306210994720458
18138427,3.0,3.389862,-0.389862060546875
18424971,3.1,3.315396,-0.2153960704803466
18456724,3.0,3.3391616,-0.33916163444519043
300281,3.4,3.012066,0.38793411254882804
304187,3.3,3.1448212,0.15517883300781232
310942,3.6,3.3403177,0.2596822738647462
309475,3.7,4.045829,-0.34582881927490217
306870,3.5,3.182474,0.31752610206604004
300283,3.5,3.1321456,0.36785435676574707
18337779,3.6,3.5095081,0.09049186706542978
307464,3.7,3.0715728,0.6284272193908693
1774,3.5,3.1557052,0.34429478645324707
7319,3.8,3.1115766,0.688423442840576
3164,3.9,3.2887073,0.6112927436828612
18458306,3.9,3.643857,0.25614299774169913
312130,3.7,3.2963893,0.40361065864563006
306581,3.7,3.8719692,-0.17196922302246076
18357527,3.6,3.7283778,-0.1283778190612792
18337920,3.6,3.5721855,0.027814483642578214
628,2.4,3.2153666,-0.8153666019439698
305606,2.3,3.1942546,-0.8942546367645265
18396054,4.2,3.5034695,0.6965305328369142
18237319,4.3,3.9941733,0.3058267116546629
17953911,4.0,2.8891616,1.1108384132385254
18456770,4.0,3.1767015,0.823298454284668
1777,4.3,3.1127353,1.1872647285461424
18138443,4.2,3.8837652,0.31623477935791033
313269,4.1,3.2648752,0.8351248264312741
18428536,2.7,3.179217,-0.47921710014343244
300231,2.8,2.903979,-0.1039790630340578
300236,2.7,2.9053874,-0.20538740158081037
18303837,2.7,3.109608,-0.40960793495178205
312827,2.8,2.949706,-0.14970607757568377
302326,2.7,2.9805546,-0.2805545806884764
300235,2.7,3.139155,-0.4391549110412596
309192,3.1,3.2176318,-0.11763181686401358
2201,2.9,2.9857347,-0.0857347011566163
18203159,2.4,2.8845932,-0.48459324836730966
309152,3.0,3.106348,-0.10634803771972656
309113,3.3,3.3929596,-0.09295959472656268
18398598,3.0,3.473174,-0.4731740951538086
18303720,2.8,3.1724188,-0.37241883277893084
18303716,3.4,3.1237392,0.276260757446289
300221,3.3,3.166979,0.1330209255218504
18203177,2.8,3.066098,-0.26609797477722186
308992,3.0,3.0606365,-0.06063652038574219
18368005,2.7,3.2978978,-0.5978978157043455
311517,3.0,3.1771069,-0.1771068572998047
18282049,3.2,3.1208253,0.07917470932006854
308166,2.5,3.0851002,-0.5851001739501953
256,3.1,3.3939261,-0.29392614364624015
18348790,3.2,3.1328444,0.06715555191040057
309874,3.0,3.1330967,-0.13309669494628906
7131,2.9,3.058562,-0.15856204032897958
312032,3.4,3.2602499,0.13975014686584464
311370,3.2,3.4336004,-0.23360042572021467
18233797,2.7,3.0722592,-0.3722591876983641
313311,3.9,3.114837,0.7851630687713622
3797,3.7,3.2898133,0.41018671989440936
309893,3.7,3.3187764,0.38122363090515154
4889,3.6,3.5681217,0.03187832832336435
18373071,3.8,3.2628083,0.5371916770935057
18238757,3.7,3.216761,0.4832388877868654
311326,3.6,3.2967722,0.30322775840759286
18255154,3.8,3.2385218,0.5614781856536863
311174,2.1,3.3810885,-1.2810884952545165
4726,2.1,2.9841645,-0.8841644763946532
18217023,4.4,3.3902967,1.0097033023834232
18279172,4.2,3.356489,0.8435110569000246
8621,4.1,3.5081542,0.5918458461761471
18463567,3.3,3.7446883,-0.44468827247619647
18124378,3.8,4.008648,-0.20864791870117205
313061,3.7,3.5724247,0.12757534980773944
18126111,4.0,4.025666,-0.025666236877441406
18053052,4.1,3.7475822,0.3524178028106686
18034053,4.1,3.8154268,0.28457317352294886
18144458,4.1,3.8003805,0.29961953163146937
306801,2.9,3.1476774,-0.2476774215698243
7815,3.0,2.9672675,0.032732486724853516
1461,3.0,2.887397,0.11260294914245605
18339800,2.6,3.05935,-0.45935001373291007
309728,3.3,2.9996192,0.300380754470825
308536,2.8,3.00962,-0.20961995124816912
18357533,3.1,3.1976235,-0.09762349128723136
18424619,3.2,3.1976235,0.0023765087127687323
7824,3.0,2.9511304,0.04886960983276367
18219530,3.0,3.024988,-0.02498793601989746
303057,3.2,3.0835884,0.11641163825988787
307409,3.5,3.1242387,0.3757612705230713
18372279,2.4,3.0420637,-0.6420637130737306
18384138,3.2,3.1641588,0.035841178894043146
18211312,3.2,3.198558,0.0014419078826906073
7591,2.7,3.2627816,-0.5627816200256346
1634,3.3,3.1572554,0.14274458885192853
307618,3.7,3.2271218,0.4728781700134279
306535,3.8,3.4121993,0.38780074119567853
3464,2.6,3.4657876,-0.865787649154663
18252361,3.2,3.2477937,-0.04779367446899396
18252412,3.4,3.7100263,-0.3100262641906739
1637,3.2,3.517863,-0.3178630352020262
3463,2.7,3.190896,-0.4908960342407225
18454499,3.2,3.4063706,-0.2063706398010252
609,3.3,3.4589262,-0.1589262008666994
18441687,3.1,3.3697379,-0.2697378635406493
305472,2.6,3.5769491,-0.976949119567871
4649,3.2,3.2717679,-0.07176785469055158
300267,3.4,3.4480457,-0.0480457305908204
304976,3.3,3.649813,-0.3498129367828371
18423129,3.0,3.214939,-0.21493911743164062
18456150,3.2,3.3211184,-0.1211183547973631
18157391,3.3,3.4547343,-0.15473432540893572
18469968,3.1,3.4806151,-0.38061513900756827
18292083,3.3,3.5769491,-0.27694911956787127
18356773,3.3,3.1814826,0.11851744651794416
309811,2.9,3.4603229,-0.5603228569030763
18453788,3.0,3.5894904,-0.5894904136657715
18460981,3.2,3.2307413,-0.03074126243591291
18287389,3.4,3.4608755,-0.06087551116943368
1629,2.5,3.2311647,-0.7311646938323975
18288761,3.0,3.571341,-0.5713410377502441
7603,3.0,3.23027,-0.2302699089050293
18204486,2.6,3.233692,-0.6336919307708739
18341806,3.1,3.4179816,-0.3179816246032714
18423125,3.0,3.499123,-0.49912309646606445
18175323,3.4,3.1518507,0.24814929962158194
18237321,4.7,3.766584,0.9334160804748537
18336489,3.7,3.853092,-0.15309195518493635
312772,3.9,3.7713702,0.12862982749938956
351,3.5,3.337696,0.16230392456054688
309140,3.7,3.741708,-0.04170804023742658
311854,3.5,3.5247476,-0.024747610092163086
18391128,3.6,3.7291288,-0.12912883758544913
18228894,3.8,3.7111778,0.08882217407226545
18429392,3.5,3.3363905,0.16360950469970703
18364239,3.8,3.3911943,0.4088056564331053
300815,3.6,3.7288089,-0.12880887985229483
18322638,3.9,3.5159736,0.3840264320373534
2215,3.9,3.4549353,0.44506468772888175
304162,3.6,3.474437,0.12556300163269052
18157395,3.9,3.4277184,0.4722815990447997
309865,3.9,3.4922204,0.4077795982360839
18249109,3.5,3.6109178,-0.11091780662536621
18355138,3.7,3.5349755,0.16502447128295916
300185,3.5,3.5078158,-0.007815837860107422
300269,3.9,3.3485675,0.5514325141906737
18398506,3.6,3.6049137,-0.004913711547851474
313296,3.9,3.5324116,0.3675884246826171
18445781,3.6,3.3703382,0.22966179847717294
18372705,3.7,3.7766836,-0.0766835689544676
4278,3.6,3.451762,0.14823803901672372
18312446,3.7,3.7172587,-0.01725869178771955
18261701,3.9,3.3774498,0.5225502490997314
18424602,3.9,3.5427375,0.3572625160217284
18358164,3.7,3.848405,-0.14840488433837873
18336204,3.6,3.7111778,-0.11117782592773429
18368002,3.9,3.7766836,0.12331643104553214
18245295,3.6,3.8887677,-0.28876771926879874
18268693,3.7,3.5136921,0.18630785942077654
300183,2.3,3.6597643,-1.3597642898559572
18216918,2.2,3.3641982,-1.1641982078552244
306503,4.2,3.5198488,0.6801511764526369
18291230,4.1,3.5974305,0.5025695323944088
18418239,4.4,3.6143405,0.7856594562530521
18391458,4.0,3.5328946,0.4671053886413574
18418358,4.1,3.596541,0.5034590721130368
18433610,4.0,3.5328946,0.4671053886413574
18391320,4.0,3.4298396,0.5701603889465332
18222586,4.0,3.8331964,0.16680359840393066
18303832,4.2,3.7557964,0.444203567504883
18349916,4.2,3.7422974,0.45770258903503436
18358675,4.0,3.7557964,0.2442035675048828
312142,4.2,3.7833867,0.416613292694092
307571,4.1,3.665206,0.43479404449462855
311340,4.1,3.628391,0.4716089725494381
7849,2.9,3.2274725,-0.32747254371643075
304950,3.1,3.3937073,-0.2937072753906249
304633,3.1,3.2999647,-0.19996466636657706
5848,3.4,3.3954093,0.0045906543731688565
18133471,3.2,3.1508687,0.049131345748901545
18312609,2.6,3.5678089,-0.9678088665008544
18336481,3.4,3.5416503,-0.14165029525756845
18425760,2.9,3.404669,-0.5046690464019776
18216936,2.5,3.2410798,-0.7410798072814941
528,3.6,3.2634835,0.3365164756774903
18349937,3.6,3.2153313,0.3846686840057374
782,3.7,3.0962903,0.603709650039673
312937,3.9,3.2746096,0.6253904342651366
18433987,3.1,3.2623684,-0.16236844062805167
2228,3.4,3.7258992,-0.32589921951293954
1643,3.4,3.6106153,-0.21061525344848642
2910,3.4,3.5920415,-0.1920414924621583
7364,3.4,3.6582782,-0.2582782268524171
18429148,4.7,3.7866154,0.9133846282958986
506,3.6,3.5830834,0.016916608810424894
311103,3.9,3.8359623,0.06403770446777335
310916,3.8,3.7486231,0.051376867294311346
306545,3.6,3.911621,-0.3116210937499999
3921,3.5,3.8689847,-0.3689846992492676
311634,3.9,3.7709866,0.12901344299316397
8877,3.8,3.6854358,0.11456422805786115
311756,3.7,3.772549,-0.0725489139556883
311563,3.9,3.5383627,0.361637258529663
9984,3.9,3.730009,0.16999092102050772
1372,3.7,3.6649573,0.035042715072632014
9467,3.6,3.730009,-0.1300090789794921
311440,2.2,3.9118838,-1.7118838310241697
18424903,4.3,3.9512336,0.3487663745880125
311749,4.2,3.6816142,0.5183858394622805
18268720,4.0,3.851601,0.14839911460876465
4271,4.0,3.6526678,0.347332239151001
305833,4.0,3.7244132,0.2755868434906006
307296,4.0,3.7991164,0.2008836269378662
2786,4.2,3.6458414,0.5541586399078371
302422,2.8,3.0063,-0.20629997253417987
302418,3.1,2.9582117,0.14178833961486825
302416,2.9,2.9179156,-0.01791558265686044
18343904,2.9,2.9806678,-0.0806678295135499
302369,2.7,2.9847643,-0.2847643375396727
302425,3.1,3.110601,-0.010600948333740146
302399,3.0,2.9236028,0.07639718055725098
302396,2.8,2.990777,-0.19077701568603533
6224,2.9,3.1729395,-0.27293953895568857
303906,3.0,2.8744597,0.12554025650024414
18291454,2.9,3.1027963,-0.20279631614685067
302433,3.0,3.0085044,-0.008504390716552734
312810,3.3,2.9056172,0.39438276290893537
310563,2.8,2.7809598,0.019040155410766424
6228,2.9,3.1440444,-0.2440443992614747
312671,3.1,3.0135126,0.08648738861083993
18332676,3.0,3.0016356,-0.0016355514526367188
18146396,3.2,2.8949368,0.3050631999969484
18126077,3.3,2.9999986,0.30000143051147443
308906,3.3,2.9664614,0.3335385799407957
302358,3.3,2.9810576,0.31894235610961896
302424,3.3,2.9863422,0.31365780830383283
302359,3.4,2.8800435,0.5199564933776855
6206,3.0,2.9847643,0.015235662460327148
311371,2.7,2.9610002,-0.26100020408630353
18128853,2.8,3.0185494,-0.21854944229125994
307976,2.8,2.9817553,-0.1817552566528322
6252,3.1,2.996597,0.10340294837951669
18128862,2.8,2.937888,-0.13788790702819842
307520,2.7,2.8986187,-0.198618698120117
310689,3.0,2.993723,0.0062770843505859375
308522,2.8,2.9704838,-0.17048377990722674
310807,2.9,2.9642735,-0.06427345275878915
302442,3.1,3.0617688,0.03823122978210458
307986,3.2,2.9986773,0.20132274627685565
6219,3.0,2.9840212,0.01597881317138672
312773,2.9,3.1241205,-0.22412047386169442
308513,2.7,2.986389,-0.2863889217376707
18378019,2.9,2.9922094,-0.09220943450927743
6218,3.1,2.9537215,0.14627847671508798
18428201,3.5,3.0432699,0.4567301273345947
312268,3.4,3.512428,-0.11242804527282724
773,2.6,3.6938064,-1.0938064098358153
305147,3.4,3.5382044,-0.13820443153381357
18337924,3.2,3.775177,-0.5751770019531248
18481305,3.4,3.510173,-0.11017308235168466
18180080,4.6,3.8456087,0.7543912887573239
18306545,3.8,3.976777,-0.17677707672119158
303723,3.6,3.8330343,-0.23303427696228018
18222560,3.5,3.743951,-0.24395108222961426
311483,3.8,3.9120646,-0.11206455230712908
305640,3.6,3.3733454,0.22665462493896493
18282007,3.5,3.779596,-0.27959609031677246
301793,3.6,3.6717927,-0.07179274559020987
18350234,3.5,3.516364,-0.016364097595214844
300969,3.7,3.6104696,0.0895304203033449
18161610,3.8,3.7234557,0.07654433250427228
310502,2.3,3.4706447,-1.1706447124481203
18244555,4.2,3.9564383,0.24356169700622576
18466435,4.0,3.497831,0.5021688938140869
18163906,4.0,3.7560947,0.24390530586242676
18421026,4.0,3.642766,0.35723400115966797
18291469,4.4,3.8489676,0.5510324478149418
18322609,4.0,3.8738494,0.12615060806274414
307391,4.2,3.67266,0.5273398876190187
18400746,4.4,3.4288108,0.9711891651153568
9417,4.1,3.7836215,0.3163784503936764
18303719,3.3,2.9104183,0.3895817279815672
6107,2.8,2.9712155,-0.17121548652648944
313139,2.9,3.01437,-0.11436996459960946
309044,2.6,3.0352895,-0.4352895259857177
18157406,3.0,2.9544253,0.04557466506958008
311196,3.1,2.9979544,0.1020456314086915
304965,2.9,2.998671,-0.09867105484008798
2055,3.1,3.033553,0.0664471149444581
2383,2.7,3.0698783,-0.3698783397674559
304092,3.4,3.020498,0.3795019626617431
302471,3.0,3.0686147,-0.06861472129821777
6555,2.9,3.13587,-0.23586997985839853
4716,3.4,3.1989543,0.20104565620422354
311364,3.0,3.0744822,-0.07448220252990723
313494,3.2,3.1251698,0.07483024597167987
8628,3.2,3.0610802,0.13891978263854998
18312595,3.1,3.2314224,-0.13142242431640616
1501,3.0,3.0300179,-0.030017852783203125
18383610,3.2,3.138892,0.061108064651489435
2053,3.0,3.0100265,-0.01002645492553711
311358,3.0,2.916855,0.0831449031829834
301487,3.1,3.1925683,-0.09256830215454093
18288186,3.3,3.21734,0.08266000747680646
8670,3.4,3.095926,0.30407395362853995
18376510,3.1,3.1325028,-0.03250279426574698
302452,3.0,3.0526202,-0.05262017250061035
2049,2.7,3.006793,-0.30679302215576154
304090,3.1,3.0758615,0.024138545989990323
6561,3.2,3.0599713,0.14002866744995135
6562,3.4,3.0208502,0.37914981842041007
8672,2.9,3.0730128,-0.17301282882690439
18380175,3.2,3.0402222,0.15977783203125018
301517,3.1,3.0185661,0.08143386840820321
312858,2.9,3.1330836,-0.23308358192443857
18222576,2.8,3.243891,-0.44389100074768084
18455522,3.1,2.9613073,0.13869271278381357
311168,3.0,3.0634022,-0.06340217590332031
18357957,3.1,3.0294576,0.07054243087768564
306751,3.1,3.204238,-0.104237937927246
18400759,3.3,3.078883,0.22111706733703596
8676,2.8,3.071505,-0.2715050697326662
18442666,3.1,3.135793,-0.035792970657348544
311115,2.6,3.0279431,-0.42794313430786124
303128,3.3,3.1480958,0.15190415382385236
18352278,2.6,3.0586932,-0.45869317054748526
2054,3.5,3.0510879,0.4489121437072754
5271,3.5,3.2396848,0.2603151798248291
9954,3.5,3.1726184,0.32738161087036133
313171,3.5,3.0444293,0.45557069778442383
2047,3.7,3.0717163,0.6282836914062502
301015,3.8,3.0454056,0.7545943737030028
300780,3.5,3.2744243,0.22557568550109863
301507,4.0,3.2963595,0.7036404609680176
18261157,3.4,3.863038,-0.4630380630493165
18277024,3.7,3.8395193,-0.1395192623138426
18261160,3.9,3.9260933,-0.026093339920044034
18219539,4.1,3.7579,0.34210000038146937
311369,4.3,3.916763,0.3832369327545164
308769,3.4,3.0424736,0.35752644538879386
220,2.8,3.0518322,-0.25183219909667987
18144466,3.1,3.228597,-0.12859692573547354
2739,4.0,3.918738,0.08126211166381836
18133508,4.0,3.92121,0.07878994941711426
2741,4.2,3.708481,0.4915189266204836
308386,2.5,3.0454066,-0.5454065799713135
3170,3.4,3.2187002,0.18129982948303214
7760,3.3,3.1261241,0.17387585639953596
18425186,3.3,3.389338,-0.08933801651000994
311272,2.6,3.4235218,-0.8235217571258544
310891,3.4,3.1781955,0.2218045234680175
9095,3.9,3.195809,0.7041911125183105
305763,3.5,3.2631426,0.23685741424560547
307418,2.3,3.183146,-0.8831459999084474
3686,2.9,3.2131724,-0.31317243576049814
18449626,2.9,3.3545372,-0.4545372486114503
7761,3.4,3.1761127,0.22388734817504874
9842,3.2,3.236915,-0.03691511154174787
18254523,2.9,3.1849048,-0.2849048137664796
312378,3.1,3.185052,-0.08505191802978507
18358171,3.1,3.2482574,-0.1482573986053466
307474,2.9,3.077737,-0.17773709297180185
9083,3.4,3.1774614,0.2225386142730712
310705,3.1,3.1029043,-0.002904319763183505
310701,3.0,3.2933397,-0.29333972930908203
306934,3.2,3.3227687,-0.12276868820190412
305651,2.8,3.2140613,-0.41406126022338885
9094,2.8,3.2673507,-0.4673506736755373
93,2.7,3.411635,-0.7116349220275877
9099,2.8,3.1784508,-0.3784508228302004
18312618,3.1,3.3778262,-0.27782621383666983
18146398,3.2,3.0904565,0.10954351425170916
3298,3.2,3.4803152,-0.2803152084350584
305684,3.8,3.4189513,0.3810487270355223
7759,3.8,3.2071552,0.592844772338867
302503,3.6,3.4710171,0.12898287773132333
677,3.6,3.1784043,0.4215956687927247
305826,3.8,3.2797267,0.5202732563018797
743,3.5,3.3900948,0.10990524291992188
18345751,3.7,3.4469724,0.2530276298522951
2250,3.5,3.1291554,0.37084460258483887
18352214,3.5,3.2086117,0.29138827323913574
192,3.6,3.2547743,0.3452256679534913
483,3.6,3.3627706,0.23722944259643564
1675,3.6,3.1994615,0.4005385398864747
18451269,3.8,3.7427518,0.057248163223266424
18306530,4.0,3.2926908,0.7073092460632324
18332063,4.1,3.556973,0.5430270195007321
309852,3.3,3.6294491,-0.32944912910461444
18245284,3.6,3.4823594,0.1176405906677247
310413,2.6,3.1063662,-0.5063661575317382
18261739,2.9,3.2517648,-0.35176477432250985
311068,3.8,3.2991393,0.5008607387542723
308175,3.7,3.3224812,0.37751884460449237
18276343,3.6,3.1513715,0.44862852096557626
4682,3.2,3.0089004,0.19109959602355975
6191,2.7,3.1667502,-0.46675019264221174
1275,2.5,3.0250528,-0.5250527858734131
2934,3.2,3.1477475,0.0522524833679201
308801,3.3,3.1994848,0.10051517486572248
4854,2.7,3.3146338,-0.6146338462829588
306178,3.3,3.1994848,0.10051517486572248
310538,3.0,3.0205462,-0.02054619789123535
305579,2.8,3.1162066,-0.31620664596557635
17977785,3.1,3.0084155,0.09158453941345224
18037814,3.0,2.9066744,0.09332561492919922
18472638,3.2,3.1268468,0.07315320968627947
18168154,3.2,2.9084382,0.29156179428100604
18424579,3.3,2.8876953,0.4123046874999998
305552,3.0,3.0003543,-0.0003542900085449219
302004,3.3,3.1626441,0.13735585212707502
18386266,3.1,3.008843,0.09115705490112314
18272352,2.9,2.9002426,-0.0002425670623780185
300560,2.8,3.0930603,-0.29306025505065936
304453,3.0,2.9621642,0.03783583641052246
18025106,3.3,3.0310414,0.2689586162567137
301836,3.1,3.0205944,0.07940564155578622
306012,2.9,3.23651,-0.3365100383758546
312023,3.1,2.9659882,0.1340118408203126
18365385,2.4,2.9472263,-0.5472262859344483
586,3.3,3.6231449,-0.3231448650360109
3403,3.6,3.801897,-0.20189704895019522
2902,3.7,3.3442814,0.3557185649871828
308628,3.6,3.5540953,0.04590473175048837
18157416,4.0,3.6583457,0.34165430068969727
18264963,4.0,3.695272,0.30472803115844727
18384123,3.2,3.4301264,-0.2301264286041258
308595,3.2,3.154306,0.04569406509399432
18251318,2.9,3.1715791,-0.27157912254333505
18303675,3.0,3.0463526,-0.04635262489318848
18245286,3.2,3.0573747,0.14262528419494647
18414475,3.0,3.1243508,-0.12435078620910645
308814,2.9,3.232372,-0.33237204551696786
308996,2.9,3.1770513,-0.2770513057708741
304583,3.3,2.9565387,0.34346132278442365
308080,3.4,3.1406229,0.2593771457672118
18372669,3.0,3.042345,-0.04234504699707031
309305,3.0,3.2694943,-0.26949429512023926
18292457,3.4,3.1541955,0.24580445289611808
973,3.0,3.142361,-0.14236092567443848
18292469,3.1,3.1632552,-0.06325521469116202
18381626,3.5,3.285106,0.21489405632019043
18425157,3.5,3.3504014,0.1495985984802246
18365991,3.5,3.2720633,0.2279367446899414
18355146,3.5,3.196922,0.30307793617248535
18454473,3.8,3.1184235,0.6815765380859373
18432240,3.5,3.091981,0.4080190658569336
301998,4.3,3.296336,1.0036640644073485
3239,3.3,3.7925594,-0.4925593852996828
301422,3.7,3.6975229,0.0024771213531495917
4404,3.9,3.8039048,0.09609522819519034
300008,3.3,3.2738388,0.026161241531371893
18216903,3.6,3.5720038,0.027996158599853604
1079,3.6,3.616022,-0.016022109985351474
4375,3.1,3.3888028,-0.28880276679992667
3955,3.2,3.532107,-0.33210711479186994
4376,3.2,3.5023494,-0.3023493766784666
1898,3.7,3.594805,0.10519499778747576
1900,3.6,3.5289977,0.07100234031677255
306198,4.4,3.5708091,0.8291908740997318
18312443,3.1,3.835407,-0.7354070186614989
2683,3.5,3.7331274,-0.23312735557556152
2682,3.9,3.810334,0.0896660327911376
2681,3.8,3.627538,0.1724620342254637
2674,3.7,3.6880496,0.011950445175171076
2684,3.7,3.753794,-0.053793954849242986
2675,4.3,3.4952435,0.804756450653076
3227,3.3,3.4926796,-0.1926795959472658
4840,3.6,3.2570024,0.3429976463317872
2726,3.2,3.6270452,-0.427045154571533
301523,3.2,3.8052745,-0.6052744865417479
2729,3.3,3.75912,-0.45911998748779315
2724,3.9,3.7629323,0.13706769943237296
2728,3.7,3.7037435,-0.0037434577941892755
2730,3.8,3.5687368,0.23126320838928205
2727,3.7,3.7700162,-0.0700161933898924
2731,3.6,3.7340212,-0.1340211868286132
2725,4.0,3.642766,0.35723400115966797
18237363,3.0,3.408966,-0.408966064453125
18322518,3.3,2.9181728,0.3818271636962889
1023,3.4,3.2275126,0.17248740196228018
18277022,2.9,3.4091399,-0.5091398715972901
18354650,2.8,2.9210691,-0.1210691452026369
9671,3.5,2.8771315,0.622868537902832
149,1.9,3.1267076,-1.2267075538635255
8842,3.3,3.551705,-0.25170488357543963
8817,3.2,3.647341,-0.44734101295471174
309110,3.4,3.6579344,-0.25793442726135263
301524,3.5,3.5479367,-0.04793667793273926
3910,3.7,3.8337896,-0.13378958702087385
3027,3.9,3.4933257,0.40667428970336905
4907,3.7,3.5989122,0.10108776092529315
104,3.6,3.6192868,-0.01928677558898917
300688,3.9,3.7635617,0.13643827438354483
300697,3.6,3.6623094,-0.06230940818786612
300696,3.6,3.9163637,-0.3163637161254882
300695,4.0,3.7865577,0.21344232559204102
4917,3.9,3.704678,0.19532194137573233
4910,3.8,3.710715,0.08928494453430158
6812,3.9,3.7080636,0.19193639755249015
4911,3.7,3.835319,-0.13531904220581037
4915,3.6,3.753571,-0.15357103347778311
310878,2.9,3.3359332,-0.43593320846557626
3283,3.8,3.3582566,0.44174342155456525
2768,3.3,3.7666523,-0.4666523456573488
2770,3.3,3.693704,-0.39370388984680194
2769,3.8,3.4847436,0.3152564048767088
3202,3.1,3.5207155,-0.42071547508239737
4101,3.3,3.534086,-0.23408598899841326
312902,3.6,3.6376154,-0.03761544227600089
5325,3.7,3.5172744,0.18272562026977557
4496,3.1,3.8916655,-0.7916654586791991
2688,3.8,3.8159974,-0.015997362136840998
2690,3.9,3.73625,0.16375007629394522
3948,3.6,3.7342477,-0.13424768447875968
2694,3.9,3.7001297,0.19987025260925284
2689,4.0,3.8183475,0.18165254592895508
2693,4.2,3.7763789,0.4236211299896242
18400770,3.7,3.793608,-0.09360795021057111
18376469,3.5,3.8562005,-0.3562004566192627
2701,4.0,3.7703228,0.2296772003173828
2702,4.0,3.914991,0.08500909805297852
9709,3.2,3.3294408,-0.12944083213806135
312319,3.0,3.2521338,-0.252133846282959
311858,3.0,3.18732,-0.18731999397277832
131,3.6,3.5798414,0.02015862464904794
313200,3.8,3.7185047,0.08149533271789533
18282047,4.1,3.9298146,0.1701854228973385
302136,2.9,3.1536124,-0.2536123752593995
301767,2.7,3.103477,-0.40347700119018537
302103,2.9,3.0163043,-0.11630425453186044
310273,3.1,3.0010557,0.09894428253173837
308868,3.1,2.907371,0.19262895584106454
18372667,2.9,3.237917,-0.3379169464111329
310728,3.0,3.1933355,-0.19333553314208984
8564,3.1,2.9410725,0.15892753601074228
305486,2.9,3.147703,-0.24770293235778817
18485858,3.0,3.0057285,-0.005728483200073242
18204802,2.9,3.1208348,-0.2208348274230958
310254,3.0,3.0870857,-0.08708572387695312
310272,3.2,3.1037443,0.09625573158264178
302089,3.3,3.0752597,0.2247403144836424
18034071,3.0,3.0094073,-0.009407281875610352
305785,2.6,3.1989338,-0.5989338397979735
18268710,3.0,3.2502398,-0.25023984909057617
308862,2.9,3.0108302,-0.11083016395568857
308863,3.4,3.2185538,0.1814462184906005
304319,3.0,3.1649466,-0.1649465560913086
18198440,3.1,3.3132825,-0.21328248977661124
304161,3.2,3.210977,-0.010977077484130682
18037798,3.2,2.9390583,0.26094169616699237
310279,2.9,2.9907062,-0.09070620536804208
5964,3.0,3.0267766,-0.026776552200317383
18241496,3.5,3.1615987,0.33840131759643555
309695,3.5,3.0677807,0.4322192668914795
5438,3.7,3.246461,0.45353908538818377
3383,3.4,3.547943,-0.1479431152343751
4450,3.6,3.4430118,0.15698823928833017
18254521,4.2,3.6814933,0.5185067176818849
18352678,2.9,3.2867165,-0.3867164611816407
18263236,3.6,2.9249928,0.675007200241089
18277230,3.7,3.0065196,0.693480443954468
18350231,3.8,3.107287,0.6927130699157713
18380171,2.3,3.3923776,-1.0923776149749758
18306543,3.1,2.9656827,0.1343172550201417
7297,2.8,2.8673856,-0.06738562583923358
5774,2.9,2.8478277,0.05217232704162589
312172,2.9,2.952461,-0.05246100425720224
18168165,3.0,2.9261851,0.07381486892700195
18449824,2.8,3.3256667,-0.525666666030884
5413,2.7,3.0668247,-0.36682467460632306
18285208,2.9,3.0492227,-0.14922270774841317
306185,2.7,2.9099262,-0.20992617607116681
312073,2.5,2.9038043,-0.40380430221557617
312054,3.1,3.0531092,0.04689083099365243
301912,3.0,3.0172806,-0.01728057861328125
18372661,3.1,2.9818132,0.11818680763244638
5499,3.3,3.0584478,0.24155216217040998
302005,3.1,2.900036,0.1999639034271241
306179,3.0,2.948483,0.05151700973510742
302057,3.1,3.085256,0.014743900299072354
302729,3.0,2.9867187,0.01328134536743164
313067,3.1,3.0745702,0.025429821014404386
18133491,3.2,3.0410829,0.15891714096069354
18204464,2.7,2.9085937,-0.20859365463256818
5412,3.0,2.929594,0.07040596008300781
18358654,2.8,3.0756018,-0.27560181617736834
309167,3.0,3.0294673,-0.029467344284057617
301903,2.8,3.0786679,-0.27866787910461444
302757,2.8,3.054874,-0.2548739433288576
310625,2.9,3.068891,-0.16889104843139657
312171,3.0,3.1129563,-0.11295628547668457
9209,2.8,2.9805858,-0.18058581352233904
18291240,2.8,2.9380338,-0.13803381919860858
307946,3.0,3.273791,-0.2737910747528076
18203182,2.7,2.9494586,-0.249458599090576
302047,2.9,2.9580688,-0.05806884765625009
307140,2.8,3.016319,-0.21631903648376483
18014109,2.4,2.8997002,-0.49970016479492196
8257,2.6,3.0278156,-0.4278155803680419
18291214,2.6,2.8855503,-0.28555026054382315
1547,2.7,2.7626672,-0.06266717910766584
18219520,3.4,2.7379262,0.6620737552642821
18378036,2.9,3.0671952,-0.16719517707824716
18311958,3.3,2.9378748,0.36212520599365217
8979,3.4,2.7149174,0.6850825786590575
8215,2.8,2.9164748,-0.11647481918334979
2009,3.4,2.9635417,0.43645825386047354
6042,3.0,3.0625336,-0.06253361701965332
308816,2.8,2.8219166,-0.02191658020019549
308785,2.6,3.1084452,-0.5084451675415038
309769,2.5,2.9993927,-0.4993927478790283
3779,2.5,2.7405212,-0.24052119255065918
6127,2.7,3.006926,-0.3069260597229002
4982,2.9,3.2587585,-0.3587585449218751
4677,2.5,2.7827134,-0.2827134132385254
8265,3.6,3.0361173,0.5638826847076417
312352,3.9,3.20091,0.6990899085998534
18285699,3.5,2.8408957,0.6591043472290039
304987,2.3,2.9993927,-0.6993927478790285
305386,2.4,2.753673,-0.35367307662963876
474,2.2,2.81556,-0.6155601024627684
252,2.4,3.1043746,-0.704374647140503
5851,2.4,2.836254,-0.43625388145446786
404,2.0,2.8618958,-0.8618957996368408
3072,3.4,3.5037954,-0.10379538536071786
234,3.0,3.5827196,-0.5827195644378662
308,2.8,3.595054,-0.7950539112091066
311305,3.3,3.681089,-0.38108892440795916
1509,3.7,3.6482427,0.051757287979126154
18089255,3.8,3.4330552,0.36694483757019025
18369756,3.8,3.5786836,0.22131638526916486
18416856,3.9,3.6032405,0.2967595100402831
306554,3.8,3.6293085,0.1706915378570555
18287390,3.8,3.6341658,0.16583423614501935
1060,3.8,3.4704359,0.3295641422271727
306859,3.7,3.2710257,0.4289743423461916
308621,3.5,3.6039164,-0.10391640663146973
18218321,3.5,3.4840467,0.01595330238342285
18337788,3.9,3.661104,0.2388960361480712
2778,3.6,3.6688817,-0.0688816547393798
18292485,3.8,3.4993908,0.3006091594696043
18423898,3.8,3.6509974,0.14900259971618635
308246,3.7,3.6078453,0.0921546936035158
18264997,4.2,3.6471963,0.5528037071228029
18144479,4.1,3.3215714,0.7784286499023434
18431179,4.2,3.3426054,0.8573946475982668
307032,2.9,3.0363355,-0.13633546829223642
305243,2.8,3.013833,-0.21383304595947283
9177,3.3,2.9900694,0.3099306106567381
308697,3.3,3.222649,0.07735090255737287
3507,2.5,3.2184825,-0.718482494354248
18350121,3.9,3.3104944,0.5895055770874023
311345,3.9,3.0474434,0.8525566101074218
1492,3.6,3.0308123,0.5691877365112306
310169,3.7,3.18123,0.5187699317932131
312535,3.2,3.2458549,-0.04585485458374006
535,3.3,3.352264,-0.052263927459716975
304281,3.3,3.185216,0.11478404998779279
7392,3.1,3.3808181,-0.28081812858581534
2122,3.4,3.0887072,0.31129279136657706
302438,2.9,3.1373856,-0.23738560676574716
309789,3.1,3.3162012,-0.21620121002197257
313412,2.8,3.6687682,-0.8687681674957277
7360,3.3,3.1856365,0.11436347961425763
4317,2.7,3.1580985,-0.45809845924377424
18458099,3.1,3.255324,-0.1553238868713378
2124,3.1,3.0593922,0.040607786178588956
2204,3.2,3.3207493,-0.12074928283691388
305403,3.3,3.311785,-0.011784982681274592
775,2.8,3.4297826,-0.6297826290130617
18247024,3.3,3.472351,-0.17235107421875018
303244,3.1,3.1635008,-0.06350078582763663
300262,3.3,3.317782,-0.017781925201416193
18458332,3.5,3.272911,0.22708892822265625
7391,3.6,3.2324095,0.36759052276611337
18198434,3.6,3.343954,0.25604591369628915
18371408,3.5,3.2413473,0.2586526870727539
308007,3.7,3.3000097,0.39999027252197283
18289247,4.3,3.5266876,0.7733123779296873
8530,2.8,3.184799,-0.3847989559173586
8501,2.9,3.0611832,-0.16118321418762216
8520,3.0,3.0953481,-0.09534811973571777
311184,2.8,3.06381,-0.26381011009216326
18217007,3.2,3.063652,0.13634796142578143
18342098,3.1,2.9968073,0.10319266319274911
311231,2.6,3.0078135,-0.4078134536743163
310876,3.3,2.9964066,0.3035934448242186
18265408,3.0,3.121218,-0.12121796607971191
312517,3.4,3.0979295,0.3020705223083495
312783,3.3,3.0878541,0.21214585304260236
307920,2.9,3.0770855,-0.17708549499511728
311253,2.9,3.0185456,-0.11854562759399423
307290,2.9,3.0341516,-0.1341515541076661
8532,3.1,3.1282244,-0.028224372863769442
18323036,3.0,3.2016807,-0.20168066024780273
18325165,3.7,3.1250138,0.5749861717224123
18322647,3.3,3.6385715,-0.3385715007781984
6654,3.1,3.2434556,-0.14345564842224112
300941,3.4,3.478594,-0.0785940647125245
18263693,3.1,3.278912,-0.17891206741333
18245248,3.0,3.418278,-0.4182779788970947
305275,3.4,3.501141,-0.10114107131958017
18337490,3.3,3.662596,-0.36259598731994647
312364,3.3,3.3647642,-0.0647642135620119
312422,2.9,3.3386981,-0.4386981487274171
18359295,3.1,3.5594177,-0.4594177246093749
307369,3.3,3.6878555,-0.3878554821014406
308811,3.4,3.958294,-0.558293914794922
18273624,4.6,3.7223775,0.8776224613189694
18175303,3.8,3.6568084,0.14319162368774396
310532,3.8,3.8781888,-0.07818884849548358
312420,3.5,3.62778,-0.12777996063232422
308155,3.5,3.7672045,-0.26720452308654785
305856,3.6,3.592882,0.007118082046508878
308950,3.6,3.2705903,0.32940969467163095
17977767,3.7,3.8952985,-0.19529848098754865
18359288,3.5,3.308737,0.19126296043395996
1199,3.9,3.5755634,0.3244365692138671
312365,3.5,3.494284,0.005716085433959961
17989097,3.5,4.0005374,-0.5005373954772949
18233584,3.6,3.9829786,-0.38297858238220206
18241524,4.1,3.6808243,0.4191757202148434
301700,4.3,3.6917133,0.608286666870117
303849,4.2,3.4884543,0.7115456581115724
18258484,4.1,3.5741656,0.5258344173431393
18157386,4.4,3.4729214,0.9270786285400394
18455949,4.0,3.4953358,0.5046641826629639
18337907,3.4,3.2004883,0.1995116710662841
18355037,3.3,3.050991,0.24900894165039045
18124369,3.3,3.1867101,0.1132898807525633
18221405,3.4,3.070886,0.32911410331726065
302166,2.8,3.0302923,-0.2302922725677492
8696,3.0,3.219882,-0.21988201141357422
6925,3.0,3.0941985,-0.09419846534729004
300459,2.7,3.1746483,-0.4746482849121092
2403,2.6,3.0629246,-0.4629246234893798
8695,3.3,2.9563956,0.3436043739318846
311396,2.9,3.1088767,-0.20887670516967782
18333392,3.0,3.1137178,-0.11371779441833496
18287378,3.2,3.0695388,0.13046116828918475
307195,3.3,3.024207,0.27579288482666
300440,3.2,3.015395,0.18460507392883319
4793,2.6,3.0297525,-0.429752492904663
18478982,3.1,3.1859648,-0.08596482276916495
18322639,3.0,3.036219,-0.036218881607055664
18285737,3.3,3.1728368,0.12716321945190412
18204810,3.1,3.0072796,0.09272036552429208
301380,3.3,2.9878712,0.3121288299560545
18277000,3.2,3.1354635,0.0645365238189699
300461,3.4,3.0621321,0.3378678798675536
3654,2.6,3.130245,-0.5302449703216552
18264996,3.1,3.1335683,-0.033568286895751864
301377,3.3,2.816945,0.4830549240112303
8680,3.0,3.0330844,-0.03308439254760742
18246995,2.8,3.029948,-0.22994799613952654
4785,3.1,2.9119236,0.1880763530731202
2402,2.8,2.874136,-0.07413597106933612
300406,3.1,3.1624708,-0.06247081756591788
311390,3.1,2.8727715,0.2272284984588624
4164,2.7,3.2326484,-0.5326483726501463
18365391,3.3,3.0399396,0.2600603580474852
8508,3.1,3.0630035,0.03699645996093759
1305,2.8,3.001328,-0.20132799148559588
18245289,3.2,2.9750133,0.22498674392700213
18057797,3.2,3.1607027,0.039297294616699396
300472,3.1,2.884429,0.2155710220336915
18247014,3.4,2.9625003,0.43749966621398917
4790,2.8,3.0156732,-0.2156731605529787
8707,3.0,3.0278285,-0.027828454971313477
302183,3.0,3.24567,-0.24567008018493652
4792,3.3,2.9342637,0.36573629379272443
2362,3.4,2.8640893,0.5359107494354247
4338,2.6,3.0484385,-0.44843854904174796
309198,2.6,2.9543226,-0.35432257652282706
300457,3.2,3.1595583,0.040441703796386896
312201,3.4,3.0892038,0.3107961654663085
3657,3.4,2.8626297,0.5373703479766845
310640,3.2,3.1354861,0.06451387405395526
309323,3.2,3.188474,0.011526060104370295
311333,3.1,3.1432981,-0.04329814910888663
5925,2.6,3.1389933,-0.5389932632446288
312448,3.5,3.0832884,0.41671156883239746
311600,3.5,3.004555,0.49544501304626465
3665,2.3,3.04488,-0.7448799133300783
309473,2.8,3.0373216,-0.23732156753540057
8502,2.9,3.062391,-0.16239104270935067
18303857,3.4,3.3058174,0.0941826343536376
6264,3.3,3.05931,0.24069004058837873
18419896,3.1,3.217505,-0.11750497817993155
18291215,3.2,3.090793,0.10920710563659686
18264964,3.0,2.8925338,0.10746622085571289
18420420,3.3,2.9711304,0.3288696289062498
310604,2.6,3.2946396,-0.6946395874023437
18225627,3.1,3.2107124,-0.11071243286132804
6251,2.5,3.1845431,-0.6845431327819824
6253,3.3,2.9885478,0.3114521980285643
18249080,3.2,3.1584678,0.04153223037719744
18364535,2.9,2.8645976,0.035402441024780185
18128871,3.5,2.9763691,0.5236308574676514
18124355,3.8,3.3585398,0.4414601802825926
304598,3.6,3.0279171,0.5720828533172608
18380891,3.6,3.137633,0.4623669147491456
18458629,3.6,3.129077,0.47092304229736337
6240,3.6,2.9801478,0.6198521614074708
1613,2.4,3.1235795,-0.723579502105713
18216911,2.2,3.1754746,-0.9754746437072752
310440,2.4,2.9870815,-0.587081527709961
4740,2.6,3.0880206,-0.48802056312561026
2044,3.4,3.3095424,0.0904575824737548
306064,3.0,3.1226149,-0.12261486053466797
6553,3.2,3.2250564,-0.025056409835815252
349,3.4,3.093195,0.30680503845214835
3455,2.1,3.275117,-1.1751169204711913
1115,3.5,3.486152,0.013848066329956055
311506,3.4,3.511125,-0.1111250877380372
3974,3.5,3.1682792,0.33172082901000977
18163893,3.7,3.462748,0.2372519493103029
313093,4.1,3.319468,0.7805319786071774
18384135,3.1,3.31385,-0.21384992599487296
18337772,3.2,3.3132207,-0.11322073936462385
18316173,3.1,3.2236428,-0.12364282608032218
18336491,3.1,3.074987,0.025013065338134854
18306524,3.6,3.2095847,0.39041528701782235
18279456,2.7,3.1637247,-0.4637246608734129
304475,3.3,3.0723605,0.2276394844055174
311971,3.1,3.0839725,0.016027545928955167
1918,3.3,3.074109,0.22589092254638654
3467,3.1,3.1095145,-0.009514474868774325
18265698,2.7,2.859655,-0.15965490341186506
7457,2.7,3.0934463,-0.39344625473022443
18175274,2.9,2.8263755,0.07362451553344718
3469,3.2,3.0383403,0.1616596698760988
2605,3.0,3.2946432,-0.2946431636810303
4640,2.7,3.1385117,-0.4385116577148436
928,3.2,3.0914307,0.10856933593750018
312756,2.7,3.118732,-0.41873197555541974
309505,3.0,2.863081,0.1369190216064453
9890,3.9,3.054,0.8460000991821288
954,3.7,3.2158182,0.4841818332672121
310063,3.1,3.2134883,-0.11348834037780753
312214,3.4,3.3050025,0.09499754905700675
309641,2.9,3.0745676,-0.17456755638122567
306688,3.2,3.154656,0.045344066619873225
312573,3.1,2.8436363,0.25636372566223153
7983,3.5,3.5423524,-0.04235243797302246
302541,3.7,3.294428,0.4055718898773195
7992,3.8,3.2118995,0.588100481033325
3695,3.0,3.652204,-0.6522040367126465
4473,3.5,3.4096198,0.09038019180297852
3250,3.5,3.295821,0.204179048538208
718,2.4,3.6763701,-1.276370143890381
18272361,3.4,3.732554,-0.33255395889282235
18372695,3.4,3.9563308,-0.5563307762145997
18265411,2.7,3.611628,-0.9116280555725096
18303706,4.5,3.6080587,0.8919413089752197
18268698,4.5,3.6213374,0.8786625862121582
18264244,3.5,3.7760572,-0.27605724334716797
18277171,3.9,3.822568,0.07743206024169913
18265419,3.8,3.7993627,0.0006373405456541192
18233616,3.9,3.7307804,0.16921963691711417
18366022,3.9,3.995142,-0.09514198303222665
18273551,3.7,3.6546736,0.04532642364501971
18272346,3.7,3.8628242,-0.16282420158386213
18268925,3.7,3.580443,0.11955709457397479
18272379,3.8,3.8741295,-0.07412953376770037
18272355,3.9,3.9735782,-0.07357821464538583
18268722,3.9,3.948601,-0.04860100746154794
18273556,3.9,3.90229,-0.0022901058197022373
18272367,3.9,3.7198434,0.18015661239624015
18258775,3.6,3.8252497,-0.22524967193603507
18449092,3.7,3.7060378,-0.006037759780883611
18461590,3.5,3.6268897,-0.12688970565795898
18254530,3.7,3.8471384,-0.14713840484619123
18336212,3.8,3.7608309,0.03916912078857404
18268727,4.1,3.963166,0.13683400154113734
18268712,4.1,4.0784073,0.021592712402343395
18272353,4.1,3.780905,0.3190949916839596
18261140,4.3,3.9850163,0.3149836540222166
18272357,4.0,3.9064994,0.09350061416625977
18303688,4.0,3.7509034,0.24909663200378418
18268716,4.0,4.1933193,-0.19331932067871094
18264533,4.2,3.8827763,0.3172237396240236
2799,3.4,3.3042033,0.09579672813415518
2655,3.2,3.595631,-0.39563088417053205
301392,3.4,3.2889702,0.11102976799011222
302727,3.1,3.1482086,-0.04820861816406241
311698,2.6,3.1442406,-0.5442406177520751
307297,2.5,3.0301769,-0.5301768779754639
3154,3.3,3.496716,-0.19671602249145526
18357543,3.9,3.1061227,0.7938772678375243
3155,3.7,3.1973746,0.5026254177093508
18421057,3.4,3.8731053,-0.47310528755187997
18233620,3.6,3.8524308,-0.2524308204650878
300605,3.7,3.6708179,0.029182147979736506
18279442,3.8,3.6973522,0.10264782905578596
18279455,3.8,4.0325913,-0.23259134292602557
18419893,4.1,3.6500325,0.4499674797058102
18289074,4.0,3.6724262,0.3275737762451172
311614,3.3,3.2483296,0.05167036056518537
18429395,2.5,2.9949007,-0.4949007034301758
3735,2.6,2.921377,-0.32137694358825675
9731,2.5,2.9461565,-0.44615650177001953
302132,2.8,2.9855917,-0.18559165000915545
18258162,3.2,3.0178666,0.1821333885192873
302144,3.1,2.9444604,0.15553960800170907
4471,3.2,3.0159302,0.18406982421875018
18253392,3.1,3.119736,-0.019735956192016513
310790,2.8,3.1830206,-0.38302059173584
8152,2.8,3.0661495,-0.2661494731903078
313035,3.0,3.1046028,-0.10460281372070312
301509,2.8,3.0250201,-0.22502012252807635
312275,2.8,3.0661592,-0.26615924835205096
302127,2.6,2.9313285,-0.33132853507995597
18322604,2.9,3.1320264,-0.23202643394470224
18433889,3.1,3.2356915,-0.13569154739379874
18232121,2.7,3.0260513,-0.32605128288269025
307628,2.9,3.070902,-0.17090210914611825
18281980,2.5,2.9093742,-0.4093742370605469
8151,2.8,2.8537486,-0.053748559951782404
302139,3.5,2.899838,0.6001620292663574
18377927,3.8,3.0711894,0.7288105964660643
313120,3.5,3.0800705,0.41992950439453125
18128857,2.9,3.2061226,-0.30612263679504403
18279435,2.7,3.2061226,-0.5061226367950438
18281983,3.1,3.1021307,-0.0021306514739989346
301402,3.0,3.4022555,-0.4022555351257324
2342,2.6,3.3600447,-0.7600447177886962
309088,2.8,3.1239407,-0.32394070625305194
18334423,3.2,3.1167738,0.08322615623474139
439,2.6,3.117156,-0.5171560287475585
18431970,3.4,3.123611,0.2763890266418456
307718,3.1,3.1056201,-0.005620145797729403
5685,2.7,3.2974198,-0.5974197864532469
312243,3.6,3.1402898,0.4597102165222169
18428614,3.5,3.3344395,0.16556048393249512
18424869,3.9,3.1329713,0.7670287132263183
307232,3.6,3.22677,0.37323007583618173
300907,3.6,3.0946813,0.5053187370300294
8422,3.4,3.1296573,0.27034273147583
8344,3.2,3.3761802,-0.17618017196655256
8441,2.9,3.4115725,-0.5115724563598634
8351,3.5,3.252863,0.24713706970214844
4505,3.3,3.5023828,-0.2023827552795412
18371434,3.3,3.1276526,0.17234735488891584
18425747,3.0,3.351426,-0.3514258861541748
18371402,3.1,3.343262,-0.243261957168579
18383509,3.4,3.1273093,0.2726906776428222
18446433,3.2,3.0112183,0.18878169059753436
18349905,2.9,3.0763757,-0.17637572288513192
18352249,2.5,2.9307249,-0.4307248592376709
18383479,3.2,3.2163234,-0.01632337570190412
18383470,3.0,3.0443833,-0.04438328742980957
18383460,2.6,3.3009832,-0.7009831905364989
18440424,2.6,2.9678588,-0.36785879135131827
18383477,2.8,3.2644167,-0.46441669464111346
18383466,2.8,3.017953,-0.21795291900634783
18396179,3.5,2.9406402,0.5593597888946533
18466951,3.8,3.1796224,0.6203775882720945
18337905,3.5,3.1352723,0.3647277355194092
18361221,3.6,3.3227763,0.27722368240356454
18383490,2.3,2.9650252,-0.6650251865386965
18273632,2.3,3.01784,-0.7178399085998537
3226,3.2,3.5276985,-0.32769851684570295
4627,3.3,3.17894,0.12105994224548322
312278,2.9,3.277884,-0.37788400650024423
18364351,2.7,3.0499985,-0.3499985218048094
18373737,3.1,2.9650075,0.13499245643615732
18124366,3.2,2.9782903,0.22170968055725115
18254400,2.8,3.087286,-0.2872859954833986
309545,3.5,3.0358167,0.46418333053588867
6033,3.4,3.4805567,-0.08055672645568857
6036,3.2,3.700307,-0.5003068923950194
1669,4.1,3.7681925,0.3318074703216549
3924,3.5,3.5887995,-0.08879947662353516
304496,2.9,3.0857098,-0.1857098102569581
308670,2.9,2.9866247,-0.08662471771240243
18273622,4.0,3.1428118,0.8571882247924805
5742,2.7,3.080783,-0.38078289031982404
311186,3.3,2.929718,0.3702819824218748
2331,2.6,3.0419018,-0.4419018268585204
2329,3.4,3.080783,0.3192171096801757
18382363,3.7,3.453616,0.24638409614563006
18243997,3.2,3.2047608,-0.004760789871215643
18268352,3.4,3.0577633,0.34223666191101065
18463699,3.1,3.102524,-0.0025240421295165127
18376508,2.6,2.876336,-0.27633609771728507
18146402,2.5,3.0466368,-0.5466368198394775
18216904,2.9,3.0245073,-0.1245072841644288
5634,2.9,2.9776561,-0.07765612602233896
4541,2.8,3.0141215,-0.21412153244018572
8226,2.6,2.910745,-0.31074490547180167
18254527,2.9,2.9267132,-0.026713228225708097
18409725,3.3,2.9980369,0.3019631385803221
310208,2.5,3.1479857,-0.6479856967926025
8228,2.6,3.0867045,-0.48670449256896964
8236,2.7,3.0011852,-0.3011851787567137
18415343,2.6,3.1530116,-0.5530115604400634
18133476,2.6,3.1336198,-0.5336197853088378
18381224,3.2,3.050963,0.1490370750427248
18440751,3.3,3.172633,0.12736706733703596
306560,2.7,2.999786,-0.2997859001159666
18371428,3.4,3.0792663,0.32073369026184073
18372251,3.1,3.2107317,-0.11073174476623526
312369,3.2,3.0792224,0.12077755928039569
307014,3.5,3.1437187,0.3562812805175781
18332064,3.8,3.1352088,0.66479115486145
18216939,3.7,3.109723,0.5902769088745119
18378014,3.6,3.1242077,0.4757922649383546
18157400,3.6,3.0146215,0.5853785037994386
18057810,3.6,3.0305734,0.5694266319274903
18252385,3.6,3.0150704,0.5849295616149903
18421504,3.5,3.1688883,0.3311116695404053
4480,2.1,2.8023741,-0.7023741245269775
3764,2.4,3.0011146,-0.6011146068572999
304636,2.3,3.2157254,-0.9157254219055178
307340,2.4,2.9876277,-0.5876277446746827
8237,2.4,3.196192,-0.7961920261383058
18268724,4.0,3.0506747,0.9493253231048584
312463,3.0,2.9851544,0.014845609664916992
309318,3.0,3.1712592,-0.17125916481018066
302518,2.8,3.1196778,-0.319677782058716
8072,3.0,2.9868612,0.013138771057128906
5755,2.6,2.9144847,-0.3144847393035888
18486840,3.0,3.1243052,-0.12430524826049805
8074,2.7,3.0007052,-0.30070524215698224
307888,3.1,3.0519562,0.04804382324218759
834,3.7,2.8261673,0.8738326549530031
8061,2.3,3.0127382,-0.7127382278442385
308623,2.6,3.5070891,-0.9070891380310058
311013,3.4,3.7256052,-0.3256052494049073
18368015,3.9,3.2526548,0.647345209121704
18273942,3.9,3.6251104,0.2748896121978759
18034079,3.6,3.255004,0.3449960708618165
18340903,3.0,2.9757073,0.024292707443237305
18275760,2.9,3.006766,-0.10676608085632333
18357548,3.1,3.0490422,0.050957775115966886
18381249,2.5,2.8971212,-0.3971211910247803
18307266,2.9,2.936223,-0.03622303009033212
18112492,2.5,2.8851082,-0.38510823249816895
18445768,3.0,3.0705385,-0.07053852081298828
18393840,2.8,3.091008,-0.2910079479217531
18276998,2.8,2.8986564,-0.09865636825561541
300988,3.2,2.9883437,0.21165628433227557
18292443,2.8,3.0232694,-0.22326941490173358
18204456,2.6,2.8482747,-0.24827470779418936
18138418,2.9,3.0576806,-0.1576806068420411
18372688,4.2,3.24834,0.9516601085662844
18146472,2.9,3.2514033,-0.3514033317565919
3145,2.8,3.2239978,-0.42399783134460467
312175,2.8,3.157428,-0.357428026199341
3143,2.9,3.1539412,-0.25394115447998056
4518,3.1,2.9888036,0.11119637489318857
304510,2.9,3.071433,-0.17143306732177743
310875,3.3,3.2351177,0.06488232612609846
309317,3.4,3.2879622,0.11203780174255362
311085,3.0,3.2850313,-0.2850313186645508
300914,3.0,3.3390987,-0.3390986919403076
8115,2.7,3.0676022,-0.36760215759277326
18455665,3.2,3.0869324,0.11306757926940936
18146390,3.2,3.2603257,-0.06032567024230939
18435298,3.5,3.5029979,-0.002997875213623047
301415,3.6,3.4957106,0.1042893886566163
4882,2.9,3.2698088,-0.3698087692260743
309535,3.0,3.1838222,-0.1838221549987793
18415359,3.3,3.0722446,0.22775535583496076
308451,3.4,3.0875697,0.3124302864074706
18156287,3.5,3.014351,0.48564910888671875
399,3.7,3.1513875,0.5486125469207765
303371,4.3,3.146872,1.1531279563903807
302558,3.3,3.094046,0.20595388412475568
1698,2.5,3.4042919,-0.9042918682098389
9252,3.4,3.5613885,-0.1613884925842286
1323,3.1,3.5073433,-0.40734329223632804
1735,2.5,2.9450223,-0.4450223445892334
5677,2.5,3.224201,-0.724200963973999
300953,2.8,2.7139058,0.08609418869018537
4721,2.6,3.4841485,-0.8841485023498534
18261722,3.3,3.5177038,-0.2177037715911867
18346730,3.3,3.395764,-0.09576411247253436
461,3.3,3.4931383,-0.1931383132934572
937,2.7,3.4915874,-0.7915874004364012
307720,3.2,2.4542973,0.7457026958465578
591,2.5,3.662208,-1.162208080291748
18371433,3.3,3.2850807,0.014919328689575018
18287364,3.4,3.1541226,0.24587740898132315
7913,3.0,3.3499825,-0.34998250007629395
18180086,2.6,3.294682,-0.6946820259094237
5678,2.6,2.987714,-0.3877140522003173
427,3.2,3.308869,-0.10886888504028303
18292482,3.3,3.329909,-0.02990908622741717
18446481,3.4,3.3537629,0.04623713493347159
310694,3.2,3.0369558,0.16304416656494158
18252573,3.2,2.4644167,0.7355832576751711
303269,3.4,3.3113163,0.08868374824523917
5854,3.2,3.267959,-0.06795911788940412
18349895,3.0,3.4777467,-0.47774672508239746
4160,3.4,3.7214673,-0.3214672565460206
301514,3.4,3.4829426,-0.0829425811767579
310417,3.9,3.5966768,0.30332317352294913
1701,3.5,3.550952,-0.05095195770263672
18208904,3.6,3.5021944,0.09780559539794931
3306,3.9,3.3526895,0.5473104953765868
301005,3.6,3.3566172,0.24338278770446786
307566,3.7,3.2440403,0.45595974922180194
18216913,3.8,3.373102,0.42689805030822736
310399,3.7,3.4989145,0.2010855197906496
594,3.6,3.653223,-0.053223037719726474
3796,3.5,3.5048296,-0.0048296451568603516
490,3.8,3.4988651,0.30113487243652326
18336495,3.8,3.3692126,0.43078737258911115
18228862,3.5,3.2552905,0.24470949172973633
384,3.6,3.2145865,0.3854135036468507
7945,3.8,3.6172237,0.18277626037597638
2985,3.8,3.3469737,0.4530263423919676
18228855,3.8,3.601627,0.1983728885650633
18289257,3.5,3.1626475,0.3373525142669678
18380141,3.5,3.2607427,0.2392573356628418
18272377,3.9,3.5259166,0.37408342361450186
18473005,3.6,3.509658,0.0903419017791749
300180,3.6,3.5768497,0.023150300979614347
7784,3.7,3.6056428,0.09435720443725604
396,3.9,3.5409217,0.3590783119201659
18014141,3.8,2.9576554,0.8423445701599119
1702,3.6,3.5704455,0.029554462432861417
18198836,3.9,3.5984476,0.3015524387359618
309111,3.7,3.7517295,-0.05172948837280256
309098,3.9,3.558253,0.34174695014953604
166,3.7,3.5140016,0.18599839210510272
18434638,3.5,3.4046097,0.09539031982421875
1070,3.8,3.4957697,0.30423026084899885
450,3.6,3.6616347,-0.0616346836090087
18175334,3.5,3.3685353,0.13146471977233887
4248,3.5,3.3951168,0.10488319396972656
18237334,3.6,3.532558,0.06744203567504892
300952,3.5,3.5041075,-0.004107475280761719
311649,3.7,3.4243622,0.2756378173828127
2336,3.5,3.6029754,-0.10297536849975586
18273566,3.6,3.390793,0.2092069149017335
311338,2.2,3.3142843,-1.114284324645996
310609,2.3,3.2263453,-0.9263453006744387
307555,2.1,3.3441453,-1.2441452980041503
4717,2.4,3.4155183,-1.0155182838439942
7956,4.2,3.5475626,0.6524374008178713
304612,4.0,3.3145564,0.685443639755249
304691,2.8,3.2315123,-0.4315123081207277
309519,3.6,3.105194,0.4948059082031251
18427226,2.9,3.1189137,-0.2189136505126954
387,2.5,3.5323985,-1.0323984622955322
301420,3.6,3.03625,0.5637498855590821
308770,2.6,2.961325,-0.36132493019103995
18472688,3.0,3.058307,-0.05830693244934082
308951,3.3,3.0854762,0.21452383995056135
308563,3.0,3.073651,-0.07365107536315918
8065,3.0,2.9617965,0.03820347785949707
18216929,3.0,2.9429834,0.057016611099243164
18224208,2.5,2.9975657,-0.49756574630737305
5239,3.4,3.0643182,0.3356818199157714
18312466,3.1,2.863065,0.2369349956512452
8022,2.6,3.115024,-0.5150240898132323
8017,3.0,3.1647,-0.16470003128051758
311375,2.5,3.7152455,-1.2152454853057861
18345461,4.1,3.323432,0.7765680313110348
311688,3.3,2.920394,0.37960605621337873
18265723,3.0,2.9357107,0.06428933143615723
7986,2.7,3.128151,-0.4281509399414061
18244520,3.4,3.0585504,0.3414496421813964
5760,2.9,2.9412673,-0.04126725196838388
18265705,3.0,3.274374,-0.27437400817871094
5761,3.1,2.9412673,0.1587327480316163
18255160,3.0,3.1084995,-0.10849952697753906
18265709,2.6,3.0078897,-0.4078897476196288
18236270,3.1,2.9418714,0.15812859535217294
5757,3.2,3.0443895,0.15561051368713397
312237,2.8,3.1653433,-0.36534328460693377
5700,2.9,3.0103867,-0.11038670539855966
302575,2.9,3.2588153,-0.35881528854370126
18463961,3.6,3.1287239,0.4712761402130128
18336506,3.5,3.1052084,0.3947916030883789
5744,3.5,2.9838517,0.5161483287811279
395,2.3,3.307291,-1.0072910308837892
307724,2.0,3.1300597,-1.1300597190856934
1460,2.8,3.135405,-0.33540506362915057
7991,3.2,3.184758,0.015242052078247248
7979,3.1,3.0993483,0.0006516933441162998
18323760,2.9,3.1856673,-0.2856672763824464
307491,3.2,3.3165126,-0.11651258468627912
2334,3.5,3.0643675,0.43563246726989746
3153,3.2,3.3848987,-0.1848986625671385
18361198,3.0,3.5751445,-0.5751445293426514
309215,3.4,3.6228428,-0.22284278869628915
18219552,3.5,3.6739013,-0.17390131950378418
18478962,3.7,3.595184,0.10481591224670428
18138415,2.8,3.2473009,-0.4473008632659914
18429379,3.0,3.1552658,-0.15526580810546875
3443,3.9,2.973454,0.9265460014343261
302535,3.7,3.7209394,-0.02093939781188947
18311928,3.7,3.7732599,-0.07325987815856916
18446503,3.0,3.0957768,-0.09577679634094238
18157374,2.7,2.9938717,-0.29387168884277326
309059,3.1,3.1328158,-0.03281583786010733
18291234,2.6,3.0616598,-0.461659812927246
18458315,3.7,3.1427667,0.5572332859039308
18204467,3.0,3.0628366,-0.0628366470336914
18306542,3.2,3.2986376,-0.09863762855529767
18337925,3.4,3.1149578,0.2850421905517577
9735,2.8,2.9878469,-0.18784685134887713
18440192,3.1,3.187172,-0.08717193603515616
302501,2.6,2.9773712,-0.3773712158203124
303025,2.5,2.960368,-0.46036791801452637
18424204,2.9,2.9686341,-0.06863412857055673
18393700,3.0,3.175919,-0.1759190559387207
18430590,3.6,3.3431966,0.2568033695220948
18439524,3.7,2.8241162,0.8758837699890138
18359322,3.0,3.4191449,-0.419144868850708
457,2.8,3.350855,-0.5508551120758058
18398459,3.4,3.1700318,0.2299682140350341
18255715,2.9,3.2096133,-0.30961332321167
18427249,3.4,3.305213,0.09478702545166007
18391164,2.9,3.2983513,-0.39835128784179696
18472655,3.1,3.291288,-0.1912878990173339
18279437,3.7,3.392719,0.30728096961975115
18204489,3.8,3.3356464,0.46435360908508283
18275704,3.6,3.4855096,0.11449036598205575
18332077,3.7,3.5650423,0.13495774269104022
18458632,3.7,3.4960093,0.20399065017700213
18391158,3.5,3.5140376,-0.014037609100341797
18303845,3.6,3.2779343,0.3220656871795655
18352262,3.7,3.4808154,0.2191845893859865
18427229,3.8,3.4249089,0.37509112358093244
18345747,3.7,3.6830244,0.01697559356689471
18368024,3.9,3.5302415,0.3697585105895995
309278,4.3,3.3058002,0.9941998004913328
18419879,4.3,3.3032987,0.9967012882232664
9836,4.1,3.3710432,0.7289567947387692
307407,2.8,3.256759,-0.4567589282989504
305317,3.0,3.2743268,-0.27432680130004883
18430593,3.2,3.4244769,-0.22447686195373517
18349929,3.1,3.266436,-0.16643610000610343
18408048,3.7,3.3029466,0.3970534324645998
305222,3.5,3.1512845,0.34871554374694824
8385,2.4,3.1211333,-0.721133327484131
309799,4.0,2.859058,1.140942096710205
6800,3.4,3.0043004,0.39569964408874503
18449659,3.0,3.2891333,-0.28913331031799316
18438249,3.0,3.0646236,-0.06462359428405762
18489509,3.3,3.6775553,-0.3775553226470949
18388032,3.4,3.1794527,0.22054734230041495
313410,3.2,3.136396,0.0636040687561037
311974,3.3,3.2604198,0.039580154418945135
5686,3.1,2.9960973,0.10390267372131357
18396157,3.1,3.2112277,-0.11122765541076651
5681,2.9,2.9777925,-0.07779250144958505
307424,2.5,3.110247,-0.6102468967437744
8084,3.4,3.214474,0.18552603721618643
18412870,3.2,3.3862553,-0.18625526428222638
18412876,3.1,3.084221,0.01577911376953134
306551,2.7,2.9370291,-0.23702912330627424
8095,2.9,3.0145178,-0.11451778411865243
308648,3.2,2.9884505,0.21154947280883807
18352184,2.9,3.2536967,-0.3536966800689698
17977758,3.3,3.1428335,0.15716652870178205
18370702,3.3,3.2233288,0.07667117118835431
18322612,3.2,3.0186522,0.18134779930114764
18412866,3.3,2.9515042,0.34849576950073224
18396425,3.4,3.4884334,-0.08843336105346689
18287405,2.5,3.2423954,-0.7423954010009766
18466390,3.0,3.2463977,-0.2463977336883545
18219556,3.4,3.1716552,0.22834482192993155
311332,3.0,3.1154528,-0.11545276641845703
18439546,2.8,3.0890687,-0.289068651199341
18441667,3.6,3.1682224,0.431777572631836
18363088,3.5,3.1233058,0.3766942024230957
18454463,3.7,3.3806553,0.3193447113037111
18450749,3.6,3.2007332,0.39926681518554696
18381230,3.5,3.7074842,-0.20748424530029297
18332051,3.5,3.1778839,0.3221161365509033
1337,2.4,3.090213,-0.6902130603790284
311342,2.4,3.0410755,-0.6410754680633546
18438435,4.1,3.3125317,0.7874682903289791
18425976,2.7,3.304047,-0.604047107696533
18463984,3.0,3.3704176,-0.37041759490966797
18370372,2.9,3.0952394,-0.19523940086364755
18433903,3.2,3.035335,0.164664936065674
18391172,3.1,3.1252635,-0.025263452529907138
310539,2.5,3.1667747,-0.6667747497558594
18383527,3.4,3.059216,0.34078397750854483
310695,2.9,2.991297,-0.09129700660705575
308763,3.0,3.0876355,-0.08763551712036133
309135,2.8,3.036035,-0.23603506088256854
3740,3.7,3.349093,0.35090703964233416
18400723,3.7,3.045294,0.6547059535980226
18383486,3.8,3.0756583,0.7243416786193846
18317511,3.3,3.1938572,0.10614280700683576
18472676,3.3,3.2163587,0.0836413383483885
18244257,3.1,3.1992116,-0.09921159744262686
18228857,2.9,3.0461564,-0.14615640640258798
311706,3.0,3.2710648,-0.27106475830078125
18410380,3.4,3.1470397,0.25296034812927237
312313,2.8,2.9547021,-0.154702138900757
18339329,2.9,3.0087771,-0.10877714157104501
304818,3.0,2.9601576,0.03984236717224121
18303838,3.0,3.2407234,-0.2407233715057373
310724,3.1,3.2215204,-0.12152042388916007
310753,3.4,3.0740771,0.32592287063598624
309155,2.3,2.8629546,-0.562954616546631
18289230,2.4,3.1263585,-0.7263585090637208
18277218,3.0,3.3333158,-0.3333158493041992
18133492,3.2,3.22482,-0.024819898605346502
18332086,3.5,3.0669293,0.43307065963745117
18203626,3.8,3.0171647,0.7828352928161619
312978,3.5,2.9701009,0.5298991203308105
304727,2.7,3.0185115,-0.31851153373718244
3679,3.4,3.0663812,0.3336187839508056
306023,2.7,2.938591,-0.23859100341796857
18378765,3.1,2.9980407,0.10195932388305673
18014129,3.3,3.2179503,0.08204965591430646
301081,3.4,2.908713,0.49128689765930167
2971,2.5,2.905463,-0.40546298027038574
302406,2.7,3.0086362,-0.3086362361907957
18254253,3.4,3.0573485,0.34265151023864737
18138435,3.0,3.1476676,-0.14766764640808105
5684,3.4,3.0605128,0.33948721885681143
1745,2.8,3.1467264,-0.34672636985778826
3707,2.5,3.0315566,-0.5315566062927246
18371395,3.2,3.214292,-0.014292049407958807
310766,2.6,3.3347313,-0.7347313404083251
2939,2.5,3.0593731,-0.559373140335083
1919,3.6,2.9972281,0.6027718544006349
9313,3.5,3.2884364,0.2115635871887207
308725,2.3,2.9758835,-0.6758834838867189
385,2.4,2.9116178,-0.5116177558898927
18432227,2.3,3.2056286,-0.9056286334991457
308441,2.3,2.9454453,-0.6454452991485597
2327,2.3,3.2058866,-0.9058866024017336
313045,2.4,3.1357088,-0.7357088088989259
309818,2.4,3.0394883,-0.6394883155822755
311341,2.4,2.9353592,-0.5353592395782472
18398605,4.1,3.0785027,1.0214973449707028
18383531,4.3,2.9722326,1.3277674198150633
306167,4.1,3.2086751,0.8913248538970944
308059,2.7,3.298491,-0.5984910011291502
18489511,3.0,3.0644362,-0.06443619728088379
18388008,2.8,3.0205073,-0.22050733566284197
18255153,2.7,2.9906924,-0.2906923770904539
313164,3.1,3.1322792,-0.032279157638549716
18432195,3.6,3.009924,0.5900760650634767
18261811,3.7,3.414052,0.28594799041748065
18377891,3.6,3.0694463,0.5305536746978761
18273047,3.6,3.1569498,0.443050241470337
18261720,3.5,2.9840038,0.5159962177276611
1498,2.3,3.310929,-1.0109290599823
18258491,3.2,3.1599677,0.040032339096069514
304484,2.9,3.154749,-0.25474891662597665
18287399,2.9,3.0504348,-0.15043482780456552
309873,2.9,3.056786,-0.15678606033325204
310170,3.1,2.9584632,0.1415368080139161
8497,3.2,2.9567084,0.2432915687561037
312184,2.6,3.058576,-0.4585761070251464
18082207,3.8,3.4202995,0.37970046997070295
18144457,3.5,3.1198387,0.3801612854003906
307841,2.1,3.118082,-1.018082046508789
18157407,2.3,3.0687199,-0.7687198638916017
8068,2.9,3.1134002,-0.21340022087097177
18249124,2.9,3.0189219,-0.1189218521118165
302502,3.1,3.0620048,0.037995195388794034
313329,2.5,3.2552907,-0.7552907466888428
501,3.0,3.0521083,-0.0521082878112793
510,2.9,3.154526,-0.2545259952545167
18418274,3.3,3.334638,-0.03463811874389666
5746,3.1,3.0232685,0.0767315387725831
18215963,2.7,3.0229008,-0.3229008197784422
18414468,2.7,2.9158332,-0.21583323478698713
8090,2.7,2.9017215,-0.20172147750854474
8092,2.9,3.0226681,-0.12266812324523935
18391140,3.1,3.061595,0.03840503692626962
8077,3.1,3.124379,-0.02437891960144034
18128894,3.4,3.2802382,0.11976184844970694
18451823,3.1,3.2140224,-0.11402239799499503
312186,3.2,3.2033136,-0.0033135890960691583
4469,3.2,3.107002,0.09299798011779803
18423860,3.0,2.9931324,0.006867647171020508
307335,2.7,3.1163352,-0.41633515357971174
5698,3.0,3.0551574,-0.05515742301940918
8130,3.0,3.0979419,-0.09794187545776367
311533,3.2,2.9678771,0.232122850418091
18268502,3.2,3.1897037,0.010296297073364435
18285723,3.1,3.0979419,0.002058124542236417
308751,2.9,3.009888,-0.10988793373107919
18273567,2.7,3.15593,-0.4559300422668455
3753,3.1,3.117053,-0.01705303192138663
18258503,3.2,3.3412657,-0.14126567840576154
1844,2.6,2.9643288,-0.36432876586914054
313305,2.8,3.2549,-0.4548999786376955
18281981,3.2,2.9885366,0.2114634037017824
308718,2.5,3.2682593,-0.7682592868804932
18423098,3.4,3.2182934,0.1817065715789794
18435329,3.1,3.1368022,-0.03680219650268546
18367978,3.2,3.09538,0.1046199321746828
5777,2.9,2.929473,-0.029472923278808683
18396437,3.3,3.0192251,0.28077487945556623
18224549,2.9,3.0247068,-0.12470684051513681
8138,2.8,3.0416765,-0.2416765213012697
18281973,2.7,2.9913728,-0.2913728237152098
18391059,3.0,3.1555884,-0.15558838844299316
313049,3.1,2.9950557,0.10494432449340829
313250,3.3,2.8960202,0.40397982597351056
313358,3.1,3.05181,0.04818997383117685
18358191,3.0,2.9938111,0.006188869476318359
5696,3.1,3.2148008,-0.11480083465576163
18252359,3.2,3.0100272,0.18997282981872576
4483,3.1,3.0276349,0.07236514091491708
5776,2.9,3.0042632,-0.10426316261291513
8767,2.8,2.8305788,-0.03057880401611346
311622,3.4,3.0128212,0.3871788024902343
308758,2.5,2.9120133,-0.41201329231262207
303996,2.8,3.1092157,-0.30921573638916033
18128867,2.9,3.0911698,-0.19116983413696298
18160567,3.0,3.0642357,-0.06423568725585938
18128892,3.4,3.0078099,0.39219012260437003
18380262,3.5,3.1751509,0.32484912872314453
307703,3.5,3.1528506,0.3471493721008301
302308,3.8,2.9690738,0.8309262275695799
3939,3.5,3.0010476,0.49895238876342773
311656,3.6,2.9446573,0.6553426742553712
304480,2.4,3.1238203,-0.7238203048706056
4758,2.4,3.278914,-0.878913974761963
7909,2.4,3.0460157,-0.6460157394409181
18391137,2.6,3.1876738,-0.587673807144165
312428,2.6,2.9536622,-0.35366215705871573
18258764,2.8,3.0885897,-0.28858966827392596
18382564,3.2,3.0030391,0.19696087837219256
18224558,2.7,3.0649354,-0.3649354457855223
6170,3.3,3.1067216,0.1932783603668211
18439012,3.1,3.312461,-0.21246089935302725
18421059,2.9,3.1262984,-0.2262984275817872
18439541,2.9,2.9112294,-0.011229372024536222
18335834,3.4,2.9926343,0.4073657035827636
18383468,3.3,3.1725693,0.12743072509765607
18351053,3.1,3.2459757,-0.14597573280334464
18411585,3.0,3.0024283,-0.002428293228149414
18382362,3.0,3.0407245,-0.04072451591491699
18163938,2.7,3.1140075,-0.4140074729919432
312316,2.9,3.071663,-0.17166290283203134
18424201,3.0,2.973545,0.026454925537109375
18429391,2.9,3.1007607,-0.20076069831848153
18126089,2.9,3.071663,-0.17166290283203134
18337921,3.4,2.9963057,0.4036942958831786
18462972,3.2,3.0669148,0.13308520317077654
18014154,2.9,2.913788,-0.01378808021545419
18383462,3.1,3.1295104,-0.02951040267944327
18435296,3.1,3.264733,-0.16473307609558097
18416867,3.0,2.975376,0.024624109268188477
18383535,2.7,3.1556466,-0.45564656257629377
18418649,3.1,3.057907,0.04209289550781259
18313143,2.9,2.9143581,-0.014358139038086026
18332053,3.1,2.9171925,0.18280754089355478
18365588,3.7,3.3172991,0.3827008724212648
18423131,3.5,2.9866712,0.5133287906646729
18418250,3.5,2.8950279,0.6049721240997314
18383503,2.4,2.9553835,-0.5553835391998292
311334,2.1,3.1143403,-1.014340305328369
18308083,3.2,3.3008354,-0.10083537101745588
18206836,3.2,3.1807647,0.019235324859619318
18376500,3.2,2.995947,0.20405311584472674
308877,2.9,3.0564659,-0.15646586418151864
311768,3.4,3.0060518,0.39394822120666495
18423127,3.1,3.1304922,-0.030492210388183505
300550,3.1,3.1398306,-0.039830589294433505
18337891,3.0,3.07488,-0.07487988471984863
9724,3.1,3.0528672,0.04713282585144052
312558,3.1,3.2089431,-0.10894312858581534
312777,3.0,2.9448137,0.05518627166748047
1495,3.6,3.1112032,0.4887968063354493
18258469,3.6,3.1913712,0.408628797531128
302925,2.4,3.070183,-0.6701830387115479
18385889,3.1,3.2741826,-0.1741825580596923
308737,3.0,3.0738125,-0.07381248474121094
309693,3.2,3.0799532,0.1200468063354494
312241,3.0,3.1163871,-0.11638712882995605
390,3.4,3.262774,0.1372260093688964
447,2.6,3.0737324,-0.4737323760986327
4482,3.4,2.9595802,0.4404198169708251
550,3.6,3.4718487,0.12815127372741708
303152,3.9,3.1629057,0.7370943069458007
3212,2.2,3.9225132,-1.7225132465362547
8012,2.2,3.1223295,-0.9223294734954832
312187,3.2,2.827414,0.37258596420288104
523,2.5,3.1018004,-0.6018004417419434
2480,3.0,3.2747104,-0.27471041679382324
1733,3.1,3.256754,-0.15675392150878897
307145,2.5,2.9274218,-0.42742180824279785
1727,2.5,2.9533637,-0.45336365699768066
828,3.1,2.827414,0.27258596420288095
393,3.3,2.9433355,0.35666446685791
1722,2.6,2.9732127,-0.37321271896362296
2483,3.0,2.8461254,0.15387463569641113
1726,2.6,2.9406369,-0.34063687324523917
304934,2.7,2.9504988,-0.2504988193511961
305961,3.2,2.807366,0.3926341056823732
308578,3.5,3.101294,0.39870595932006836
386,2.4,2.8876853,-0.4876852989196778
428,2.3,2.9000494,-0.6000494480133058
18070483,2.3,2.9322345,-0.6322345256805422
7869,3.3,3.2294748,0.07052521705627424
5610,3.0,3.1508775,-0.1508774757385254
304103,2.7,2.9967055,-0.29670553207397443
5598,2.7,2.9889822,-0.2889822006225584
18233617,3.4,3.250161,0.14983906745910636
300955,2.8,3.164854,-0.36485404968261737
18017237,3.0,3.224821,-0.2248210906982422
5619,3.2,3.12663,0.0733699321746828
2191,3.1,3.1282125,-0.028212451934814364
307447,3.2,3.0781608,0.12183923721313494
7932,3.4,3.2033675,0.19663252830505362
1226,3.3,3.0101671,0.2898328781127928
8888,3.1,3.3105679,-0.21056785583496085
4530,2.6,3.422815,-0.8228150844573974
18400768,3.4,3.1086848,0.29131522178649893
409,2.6,3.0972009,-0.4972008705139159
7939,3.5,3.3440502,0.15594983100891113
18133480,3.5,3.2481563,0.2518436908721924
791,3.5,3.029805,0.47019505500793457
486,3.6,3.0104282,0.5895718097686768
18208913,3.5,2.9720492,0.5279507637023926
3251,3.7,3.5827894,0.11721057891845721
308774,3.6,2.9111764,0.6888235569000245
394,3.7,3.4515355,0.2484645366668703
302421,3.5,3.060293,0.43970704078674316
1244,3.5,3.5658119,-0.0658118724822998
5689,3.5,2.5957081,0.9042918682098389
2979,2.0,3.1005936,-1.1005935668945312
3237,2.0,3.3251345,-1.325134515762329
2025,2.0,3.2965162,-1.2965161800384521
3149,4.0,3.0656326,0.9343674182891846
18255134,2.6,3.229455,-0.6294549942016601
120519,4.2,3.766295,0.4337050437927248
4000344,3.5,3.8015873,-0.3015873432159424
4000016,3.4,3.5851586,-0.18515858650207528
4000277,3.5,3.6745765,-0.1745765209197998
18369321,3.5,3.690933,-0.1909329891204834
4000033,3.5,3.7299669,-0.2299668788909912
18279982,3.4,3.7811737,-0.3811737060546876
4000004,3.3,3.6852283,-0.3852283477783205
4000269,3.4,3.7890391,-0.38903913497924814
4000027,3.6,3.6828647,-0.08286466598510733
4000081,3.7,3.9278576,-0.22785763740539533
4000069,3.4,3.716604,-0.3166039943695069
4000294,3.6,3.6329663,-0.03296627998352042
4000001,3.3,3.7075799,-0.4075798511505129
4000030,3.3,3.641685,-0.3416850090026857
4000018,3.6,3.5205858,0.07941422462463388
4000222,3.6,3.814623,-0.21462311744689933
4000031,3.5,3.9148436,-0.4148435592651367
4000015,3.4,3.3423588,0.05764117240905753
4000007,3.1,3.473217,-0.3732170104980468
18343124,3.5,3.3544269,0.14557313919067383
3700010,3.8,3.9555006,-0.15550060272216815
3700009,3.8,4.104428,-0.30442781448364276
18427467,3.7,4.0311003,-0.33110027313232404
3700024,3.5,4.2078943,-0.7078943252563477
3700056,3.8,3.7186785,0.08132152557373029
3700408,3.6,3.4945056,0.1054943561553956
3700017,3.6,3.6770945,-0.07709445953369132
3700050,4.1,3.8951972,0.20480284690856898
3700041,4.2,3.7292151,0.4707848548889162
3700387,3.8,4.122591,-0.322591018676758
3700036,3.8,4.101933,-0.301933002471924
3700049,3.9,3.9011264,-0.0011263847351075107
3700069,3.1,3.8563724,-0.7563723564147948
3700160,3.4,3.9857166,-0.5857165813446046
18378803,3.7,3.600441,0.09955902099609393
3700051,3.5,3.9142501,-0.41425013542175293
3700037,3.8,3.8382103,-0.03821034431457537
3700019,3.5,3.9635468,-0.4635467529296875
3700021,3.8,3.7031353,0.09686474800109846
3700561,4.2,3.6018066,0.5981933593750002
6508323,4.5,3.952276,0.5477240085601807
18383095,3.6,4.355005,-0.7550047874450683
18378852,4.3,4.2873073,0.012692737579345525
13231,4.8,4.094866,0.7051342010498045
18354483,4.3,4.461791,-0.16179103851318377
18383076,4.2,4.13316,0.0668398857116701
6505309,4.1,4.160494,-0.06049385070800817
6504409,4.3,4.213529,0.08647089004516584
18350020,4.4,3.9214041,0.47859587669372594
6508117,4.2,4.1748476,0.025152397155761896
18417624,4.1,3.966696,0.1333039760589596
6505564,4.0,3.844395,0.15560507774353027
11371,4.5,4.3434606,0.1565394401550293
11807,4.5,3.9218907,0.5781092643737793
18292672,4.2,4.120401,0.07959909439086932
6507461,4.2,4.115764,0.0842358589172365
6507967,4.1,4.220091,-0.12009086608886754
6506206,3.6,4.1930146,-0.593014621734619
6507495,4.1,4.0545673,0.04543266296386683
18441490,4.4,4.007698,0.3923019409179691
2700001,3.3,3.9081423,-0.6081423282623293
2700223,3.2,3.7116742,-0.5116742134094237
2700263,3.7,3.9158425,-0.2158425331115721
2700024,3.3,3.717044,-0.4170441150665285
2700010,3.4,3.556077,-0.156077003479004
2700007,4.0,3.723379,0.27662110328674316
2700019,3.7,3.9273462,-0.22734622955322248
2700002,3.6,3.9383483,-0.33834829330444327
2700008,3.1,3.7716572,-0.6716572284698485
2700044,3.2,3.5597286,-0.35972862243652326
2700059,3.5,3.6536171,-0.15361714363098145
2700242,3.3,3.6066635,-0.3066634654998781
2700085,3.4,3.5868828,-0.18688282966613778
2700241,3.3,3.7025075,-0.40250749588012713
18388053,3.4,3.583737,-0.18373689651489267
2700011,3.7,3.6350982,0.0649017810821535
2700082,3.6,3.694751,-0.09475102424621573
2700032,3.4,3.9993613,-0.599361276626587
2700049,3.5,3.9661558,-0.4661557674407959
2700036,3.5,3.8902483,-0.39024829864501953
96814,4.4,4.0575857,0.34241428375244176
90499,4.6,3.9625695,0.6374305248260494
3800319,3.8,3.9824858,-0.1824857711791994
3800021,3.9,3.9390333,-0.03903326988220224
18396610,4.1,3.826604,0.2733961105346676
3800053,3.9,3.8667216,0.033278369903564364
3800052,4.2,3.9848013,0.21519870758056658
3800078,4.0,3.9886127,0.011387348175048828
3800022,4.0,4.099756,-0.09975576400756836
3800238,4.3,3.9680145,0.33198552131652814
3800003,4.1,4.0334644,0.06653556823730433
3800020,3.7,3.9848192,-0.28481917381286603
3800000,4.2,3.9603562,0.2396437644958498
3800002,3.9,3.9616203,-0.061620330810546964
18362165,3.9,3.963384,-0.06338391304016122
3800252,4.1,4.0632176,0.03678236007690394
3800018,4.1,4.1021733,-0.0021733283996585584
3800016,4.1,4.266253,-0.16625299453735387
18439181,3.4,4.3521404,-0.9521404266357423
3800477,3.6,3.7417312,-0.14173116683959952
18367402,3.6,3.7101734,-0.1101733684539794
3800437,3.8,3.7188725,0.08112745285034162
3200090,4.5,3.8911307,0.6088693141937256
3200440,3.8,3.9310913,-0.13109130859375018
18295781,3.8,4.012015,-0.21201486587524432
3200265,3.9,4.1039066,-0.20390663146972665
3200012,4.3,4.2958174,0.004182624816894354
3200005,4.1,4.0719767,0.02802333831787074
18275708,4.0,3.9364643,0.06353569030761719
3200021,4.4,4.137717,0.2622832298278812
3200584,3.8,3.9237974,-0.12379736900329608
3200015,4.0,3.882889,0.1171109676361084
3200032,3.8,3.9246001,-0.12460012435913104
3200002,3.5,3.8588283,-0.3588283061981201
3200311,4.6,4.016654,0.5833459854125973
3200497,3.5,3.8391597,-0.3391597270965576
3200560,3.9,3.9291282,-0.029128170013427823
3200269,3.9,4.1646724,-0.2646723747253419
3200590,4.3,3.990648,0.3093519687652586
3200537,4.2,3.9678793,0.23212070465087908
3200024,4.1,3.8760874,0.22391257286071742
3200034,4.1,4.0578365,0.04216346740722621
3900021,3.4,3.717102,-0.3171020507812501
3900059,3.7,3.6692793,0.03072066307067889
3900158,3.2,3.6424227,-0.4424226760864256
3900007,3.7,3.6586428,0.041357231140136896
3900232,3.6,3.5766196,0.023380374908447354
3900250,3.7,3.5926318,0.1073681831359865
3900004,3.5,3.6700213,-0.17002129554748535
3900032,4.1,3.9589155,0.14108452796936
3900058,3.3,3.5938172,-0.2938172340393068
3900070,3.4,3.6116333,-0.2116333007812501
3900057,3.5,3.8140364,-0.31403636932373047
3900067,3.4,3.8477912,-0.4477911949157716
3900050,3.6,3.9115777,-0.3115777015686034
3900009,3.3,3.7155037,-0.4155036926269533
3900010,3.3,3.640117,-0.34011693000793475
3900055,3.5,3.9133396,-0.41333961486816406
18346996,3.2,3.9555721,-0.7555721282958983
3900238,3.5,3.9319777,-0.4319777488708496
2800013,4.6,3.8554869,0.7445131301879879
2800012,4.3,4.0098357,0.29016427993774396
2800294,4.2,3.9882293,0.21177072525024432
2800903,4.4,3.9178147,0.48218526840209996
2800052,4.1,3.9358447,0.1641553401947018
2800095,3.7,3.778481,-0.07848100662231428
2800856,4.9,4.086013,0.8139871597290043
2800911,3.8,4.0843306,-0.28433055877685565
2800757,3.8,3.7254887,0.07451133728027326
2800096,3.6,3.966448,-0.3664480686187743
2800083,3.5,3.8417938,-0.3417937755584717
18306045,3.6,3.7648444,-0.1648444175720214
2800897,3.7,3.6951652,0.004834842681884943
18285610,4.1,3.7430677,0.3569322586059567
2800128,4.0,3.8137014,0.18629860877990723
2800100,3.6,3.9404898,-0.3404897689819335
2800418,3.7,4.13856,-0.4385598182678221
2800881,4.3,3.848426,0.4515738964080809
2800042,3.8,3.9248314,-0.12483139038085955
2800019,4.4,3.8529222,0.5470777988433841
