Restaurant ID,Restaurant Name,Locality,Is NCR,Average Cost for two,Log_Cost,Aggregate rating,Cred_Rating,Predicted_Rating,Residual,rank_overall,rank_within_ncr_group
3400025,Jahanpanah,Agra Cantt,False,850,6.7464121285733745,3.9,3.7577382579381347,3.8639005689171184,-0.10616231097898376,4630.0,404.0
3400341,Rangrezz Restaurant,Agra Cantt,False,700,6.55250788703459,3.5,3.4392710895858953,3.823266204890575,-0.38399511530467967,6005.0,597.0
3400005,Time2Eat - Mama Chicken,Agra Cantt,False,500,6.2166061010848646,3.6,3.514772942309843,3.752874988385302,-0.23810204607545904,5568.0,484.0
3400021,Chokho Jeeman Marwari Jain Bhojanalya,Civil Lines,False,400,5.993961427306569,4.0,3.766268608458143,3.7062178103314185,0.06005079812672465,2117.0,293.0
3400017,Pinch Of Spice,Civil Lines,False,1000,6.90875477931522,4.2,4.015984649337644,3.8979209199673495,0.11806372937029419,1665.0,248.0
3400325,MoMo Cafe,"Courtyard by Marriott Agra, Tajganj",False,2000,7.601402334583733,4.0,3.661835433513909,4.043071395684233,-0.38123596217032407,5996.0,593.0
3400059,Peshawri - ITC Mughal,"ITC Mughal, Tajganj",False,2500,7.824445930877619,4.3,4.044574344781909,4.089812171510854,-0.04523782672894505,3652.0,359.0
3400060,Taj Bano - ITC Mughal,"ITC Mughal, Tajganj",False,2500,7.824445930877619,4.0,3.6468058972256383,4.089812171510854,-0.44300627428521544,6136.0,635.0
3400348,G Thal,Khandari,False,800,6.68586094706836,3.6,3.487153062502847,3.851211528533131,-0.36405846603028413,5955.0,577.0
3400072,Dawat-e-Nawab - Radisson Blu,"Radisson Blu, Tajganj",False,3600,8.188966863648876,3.8,3.5685529552663944,4.166200785601896,-0.597647830335502,6344.0,688.0
3400019,Dasaprakash Restaurant,Rakabganj,False,550,6.311734809152915,4.1,3.8841913573547497,3.7728100579966535,0.11138129935809626,1706.0,252.0
3400033,The Charcoal Chimney,Tajganj,False,1100,7.00397413672268,3.4,3.379937233195861,3.91787498595664,-0.5379377527607794,6274.0,673.0
3400350,Bon Barbecue,Tajganj,False,1500,7.313886831633462,3.8,3.5925710448142216,3.982819956533434,-0.3902489117192123,6022.0,604.0
3400016,Pind Balluchi,Tajganj,False,900,6.803505257608338,3.7,3.623716655135301,3.875864943549723,-0.25214828841442216,5626.0,498.0
3400105,Pizza Hut,Tajganj,False,700,6.55250788703459,4.4,4.119194157105506,3.823266204890575,0.29592795221493073,856.0,145.0
3400326,Tea'se Me - Rooftop Tea Boutique,Tajganj,False,1000,6.90875477931522,4.2,4.006569910466546,3.8979209199673495,0.10864899049919696,1724.0,258.0
3400392,Thaaliwala,Tajganj,False,700,6.55250788703459,4.1,3.930933321429988,3.823266204890575,0.10766711653941297,1729.0,259.0
111895,650 - The Global Kitchen,Ambavadi,False,900,6.803505257608338,4.2,4.174501858216007,3.875864943549723,0.2986369146662837,844.0,143.0
110502,Patang - The Revolving Restaurant,Ashram Road,False,1800,7.496097345175956,3.7,3.687472529875592,4.021003795514946,-0.33353126563935387,5890.0,561.0
18396250,Huber & Holly,Bodakdev,False,300,5.707110264748875,4.5,4.288392972745517,3.6461055896378083,0.6422873831077087,175.0,35.0
113702,@Mango,Bodakdev,False,800,6.68586094706836,4.1,4.055149793093285,3.851211528533131,0.20393826456015418,1234.0,200.0
113433,Fozzie's Pizzaiolo,Bodakdev,False,900,6.803505257608338,4.3,4.2404006804491114,3.875864943549723,0.36453573689938823,636.0,103.0
18438909,La Pino'z Pizza,Bodakdev,False,500,6.2166061010848646,4.4,4.082793399693256,3.752874988385302,0.3299184113079541,738.0,122.0
18143128,Mocha,Bodakdev,False,1000,6.90875477931522,4.4,4.348250282729413,3.8979209199673495,0.4503293627620639,438.0,80.0
18438944,Blue -  Rooftop Cafe Restaurant Bistro,C G Road,False,1000,6.90875477931522,3.8,3.603683310270602,3.8979209199673495,-0.2942376096967476,5766.0,528.0
110436,MoMo Cafí© - Courtyard By Marriott,"Courtyard By Marriott, Satellite",False,1400,7.244941546337007,3.6,3.5712559687507253,3.9683718567991653,-0.39711588804844,6033.0,608.0
18385201,Cryo Lab,Ellis Bridge,False,350,5.860786223465865,4.6,4.315407119768872,3.6783097580411344,0.6370973617277373,182.0,36.0
110395,Swati Snacks,Ellis Bridge,False,450,6.111467339502679,4.4,4.331115992962879,3.7308422227401214,0.6002737702227572,220.0,48.0
18335583,Brick Kitchen,Ghatlodia,False,900,6.803505257608338,4.3,4.1757019538778275,3.875864943549723,0.2998370103281043,836.0,140.0
110237,Kabir Restaurant,Gurukul,False,600,6.398594934535208,3.8,3.754288005717895,3.791012372325447,-0.036724366607552295,3477.0,350.0
113537,Puffizza,Gurukul,False,700,6.55250788703459,4.3,4.241377718474537,3.823266204890575,0.4181115135839617,507.0,92.0
113703,Cafe Alfresco,Navrangpura,False,700,6.55250788703459,4.0,3.9298289862037694,3.823266204890575,0.10656278131319441,1741.0,263.0
18385186,The Cafe Baraco,Navrangpura,False,600,6.398594934535208,4.4,4.259597078552753,3.791012372325447,0.46858470622730586,402.0,76.0
113325,Nini's Kitchen,Prahlad Nagar,False,950,6.85751406254539,4.5,4.452580059604303,3.8871829705461147,0.5653970890581883,263.0,54.0
111826,Yanki Sizzlers,Thaltej,False,1200,7.0909098220799835,4.1,4.066341771330557,3.9360931345524204,0.1302486367781368,1588.0,239.0
110516,The Garden Cafe - The Fern,"The Fern, Sola",False,1200,7.0909098220799835,4.1,3.947769837138205,3.9360931345524204,0.011676702585784682,2692.0,320.0
18371341,Mazzo,Vastrapur,False,550,6.311734809152915,3.9,3.774942003489802,3.7728100579966535,0.002131945493148546,2820.0,325.0
113570,Turquoise Villa,Vastrapur,False,1200,7.0909098220799835,4.0,3.9455694019697045,3.9360931345524204,0.009476267417284134,2710.0,324.0
2400020,Aryan Family's Delight,Civil Lines,False,500,6.2166061010848646,3.4,3.37747670519158,3.752874988385302,-0.3753982831937219,5987.0,589.0
2400148,Bean Here,Civil Lines,False,350,5.860786223465865,3.3,3.32010024600246,3.6783097580411344,-0.35820951203867457,5949.0,574.0
2400019,Bikanerwala,Civil Lines,False,500,6.2166061010848646,3.2,3.274125307503075,3.752874988385302,-0.4787496808822267,6196.0,655.0
2400193,Dewsis,Civil Lines,False,600,6.398594934535208,3.4,3.383868451015591,3.791012372325447,-0.407143921309856,6051.0,613.0
2400027,Friends Forever,Civil Lines,False,600,6.398594934535208,3.4,3.381913111744754,3.791012372325447,-0.40909926058069335,6055.0,614.0
17960073,Hotel Ravisha Continental,Civil Lines,False,600,6.398594934535208,3.4,3.364366130601604,3.791012372325447,-0.426646241723843,6096.0,624.0
2400119,KFC,Civil Lines,False,500,6.2166061010848646,3.4,3.377687203273902,3.752874988385302,-0.37518778511139983,5986.0,588.0
2400014,McDonald's,Civil Lines,False,400,5.993961427306569,3.3,3.3246326544147786,3.7062178103314185,-0.3815851559166399,5997.0,594.0
2400403,Pind Balluchi,Civil Lines,False,800,6.68586094706836,3.2,3.334773286369227,3.851211528533131,-0.516438242163904,6246.0,667.0
2400349,Pizza Hut,Civil Lines,False,700,6.55250788703459,3.4,3.3715777470274695,3.823266204890575,-0.4516884578631055,6150.0,638.0
2400279,Subway,Civil Lines,False,400,5.993961427306569,3.4,3.3705250709914503,3.7062178103314185,-0.33569273933996824,5893.0,562.0
2400017,Tandoor Restaurant,Civil Lines,False,500,6.2166061010848646,3.2,3.2370626537515377,3.752874988385302,-0.5158123346337642,6245.0,666.0
2400144,The Tamarind Tree,Civil Lines,False,500,6.2166061010848646,3.4,3.3845969725826284,3.752874988385302,-0.3682780158026735,5968.0,582.0
2400195,Cafe El Chico,Civil Lines,False,1000,6.90875477931522,3.6,3.487153062502847,3.8979209199673495,-0.4107678574645024,6060.0,617.0
2400052,Eat On,Civil Lines,False,200,5.303304908059076,3.7,3.589042407469529,3.5614845739787997,0.027557833490729156,2492.0,308.0
2400016,Hot Stuff,Civil Lines,False,500,6.2166061010848646,3.5,3.4526787711058926,3.752874988385302,-0.30019621727940926,5782.0,532.0
2400293,Paradise,Civil Lines,False,500,6.2166061010848646,3.6,3.485023875002901,3.752874988385302,-0.2678511133824011,5680.0,512.0
2400009,Sagar Ratna,Tagore Town,False,400,5.993961427306569,3.5,3.460177763662882,3.7062178103314185,-0.2460400466685364,5598.0,490.0
2400010,Moti Mahal Delux,"Vinayak City Centre Mall, Civil Lines",False,800,6.68586094706836,3.3,3.323481595797266,3.851211528533131,-0.5277299327358653,6262.0,669.0
2200011,Makhan Fish and Chicken Corner,Basant Nagar,False,700,6.55250788703459,3.4,3.393940433376415,3.823266204890575,-0.42932577151416007,6106.0,628.0
2200078,Charming Chicken,Basant Nagar,False,300,5.707110264748875,3.9,3.765562653751537,3.6461055896378083,0.1194570641137287,1650.0,244.0
18204507,Ahuja Milk Bhandar,Hathi Gate,False,100,4.61512051684126,4.0,3.6852725816862124,3.4172693941136565,0.2680031875725559,958.0,164.0
2200030,Crystal Restaurant,INA Colony,False,800,6.68586094706836,3.4,3.386038191522266,3.851211528533131,-0.46517333701086505,6174.0,647.0
2200201,Brijwasi Chat Bhandar,INA Colony,False,150,5.017279836814924,3.6,3.4839288642886426,3.501545468091175,-0.01761660380253227,3144.0,337.0
2200067,Bubby Fish & Chicken Corner,INA Colony,False,300,5.707110264748875,3.5,3.447946648216482,3.6461055896378083,-0.1981589414213265,5369.0,460.0
2200358,Bon Gateau,Ranjit Avenue,False,500,6.2166061010848646,3.4,3.3681670766707663,3.752874988385302,-0.38470791171453556,6006.0,598.0
2200001,The Yellow Chilli,Ranjit Avenue,False,1200,7.0909098220799835,3.4,3.383758712587126,3.9360931345524204,-0.5523344219652944,6299.0,681.0
2200033,La Roma Pizzeria,Ranjit Avenue,False,400,5.993961427306569,3.5,3.4544533171894214,3.7062178103314185,-0.2517644931419971,5625.0,497.0
2200283,Sakhis Watz Kukin,Ranjit Avenue,False,700,6.55250788703459,3.6,3.478125307503075,3.823266204890575,-0.3451408973875001,5920.0,568.0
2200045,The Kulcha Land,Ranjit Avenue,False,200,5.303304908059076,3.9,3.7945589441188528,3.5614845739787997,0.23307437014005306,1095.0,179.0
2200149,Shudh Restaurant,Town Hall,False,600,6.398594934535208,3.4,3.3743282876377148,3.791012372325447,-0.41668408468773244,6078.0,621.0
2200043,Bade Bhai Ka Brothers' Dhaba,Town Hall,False,500,6.2166061010848646,3.7,3.5805072080441085,3.752874988385302,-0.17236778034119338,5218.0,451.0
2200044,Bharawan Da Dhaba,Town Hall,False,500,6.2166061010848646,3.5,3.485710844608446,3.752874988385302,-0.26716414377685593,5677.0,511.0
2200132,Brothers Dhaba,Town Hall,False,500,6.2166061010848646,3.8,3.7323462484624845,3.752874988385302,-0.02052873992281734,3190.0,341.0
2200236,Brothers' Amritsari Dhaba,Town Hall,False,400,5.993961427306569,3.8,3.616771089585896,3.7062178103314185,-0.08944672074552251,4384.0,392.0
2200175,Gurdas Ram Jalebi Wala,Town Hall,False,100,4.61512051684126,4.1,3.8602126192830553,3.4172693941136565,0.44294322516939877,453.0,83.0
2200000,Kesar Da Dhabha,Town Hall,False,500,6.2166061010848646,4.1,4.0604234420175915,3.752874988385302,0.30754845363228966,809.0,134.0
2200055,Beera Chicken Corner,White Avenue,False,500,6.2166061010848646,3.8,3.7087656877606117,3.752874988385302,-0.044109300624690206,3627.0,356.0
2200034,Surjit Food Plaza,White Avenue,False,1000,6.90875477931522,3.5,3.449741591381431,3.8979209199673495,-0.4481793285859186,6146.0,637.0
2200153,Kanha Sweets,White Avenue,False,150,5.017279836814924,4.1,3.905886406086283,3.501545468091175,0.4043409379951082,537.0,94.0
2500023,Kream N Krunch,Akashwani,False,800,6.68586094706836,3.6,3.5578288261256312,3.851211528533131,-0.2933827024075,5763.0,527.0
2500076,Balbeer's Kitchen & Bar,Chicalthana,False,850,6.7464121285733745,3.3,3.3220397434237494,3.8639005689171184,-0.541860825493369,6281.0,675.0
2500054,Angeethi Restaurant,CIDCO,False,600,6.398594934535208,3.3,3.322433310270602,3.791012372325447,-0.46857906205484534,6178.0,648.0
2500134,Domino's Pizza,CIDCO,False,700,6.55250788703459,3.1,3.2810666286809926,3.823266204890575,-0.5421995762095824,6282.0,676.0
2500069,Hotel Laadli,CIDCO,False,350,5.860786223465865,3.4,3.3748687447400787,3.6783097580411344,-0.30344101330105566,5791.0,535.0
2500256,Indiana Veg Restaurant,CIDCO,False,450,6.111467339502679,3.4,3.3807462157282857,3.7308422227401214,-0.35009600701183574,5928.0,570.0
2500024,Madhuban Restaurant - Welcome Hotel Rama International,CIDCO,False,1800,7.496097345175956,3.4,3.383304410841311,4.021003795514946,-0.6376993846736347,6377.0,692.0
2500075,Mauj Restaurant,CIDCO,False,500,6.2166061010848646,3.3,3.326172195315703,3.752874988385302,-0.426702793069599,6097.0,625.0
2500029,Naivedya,CIDCO,False,500,6.2166061010848646,3.4,3.380104422919229,3.752874988385302,-0.3727705654660727,5982.0,586.0
2500079,d' Curry House,"Hotel Green Olive, Nirala Bazar",False,1000,6.90875477931522,3.6,3.5001027110680942,3.8979209199673495,-0.39781820889925523,6035.0,609.0
2500343,Mokoholic Juice Bar,Mondha,False,300,5.707110264748875,3.5,3.395893296432964,3.6461055896378083,-0.2502122932048443,5619.0,494.0
2500052,Ashoka's Veg Restaurant,Nirala Bazar,False,400,5.993961427306569,3.3,3.3264476921084998,3.7062178103314185,-0.37977011822291873,5993.0,592.0
2500062,Kareem's Fine Dining,Nirala Bazar,False,700,6.55250788703459,3.3,3.3267290505351856,3.823266204890575,-0.49653715435538937,6220.0,662.0
2500056,That Baat,Nirala Bazar,False,450,6.111467339502679,3.4,3.371235310244668,3.7308422227401214,-0.3596069124954533,5950.0,575.0
2500030,Bhoj Restaurant,Nirala Bazar,False,450,6.111467339502679,3.7,3.5761777590601995,3.7308422227401214,-0.15466446367992193,5089.0,440.0
2500390,Downside Up,Nyay Nagar,False,400,5.993961427306569,3.2,3.330044399128201,3.7062178103314185,-0.37617341120321734,5989.0,591.0
2500007,Kareem's Kabab & Biryani,"Prozone Mall, Chicalthana",False,650,6.478509642208569,3.4,3.3728696676171306,3.8077592123992092,-0.43488954478207864,6121.0,633.0
2500123,Great Sagar Restaurant,Shahgunj,False,600,6.398594934535208,3.3,3.3204270792707926,3.791012372325447,-0.4705852930546546,6180.0,649.0
2500122,Kailash Restaurant,Usmanpura,False,450,6.111467339502679,3.3,3.32010024600246,3.7308422227401214,-0.41074197673766166,6059.0,616.0
2500346,Yalla Yalla,Usmanpura,False,500,6.2166061010848646,3.3,3.320937756252562,3.752874988385302,-0.4319372321327397,6113.0,629.0
50943,Sultans of Spice,"BluPetal Hotel, Koramangala",False,1300,7.170888478512505,4.1,4.08511664533481,3.952853375659281,0.1322632696755286,1577.0,237.0
58268,The Fatty Bao - Asian Gastro Bar,Indiranagar,False,2400,7.783640596221253,4.7,4.6726685404261,4.081261049526655,0.5914074908994449,232.0,49.0
51705,Toit,Indiranagar,False,2000,7.601402334583733,4.8,4.7935366048211145,4.043071395684233,0.7504652091368813,108.0,18.0
18162866,Three Dots & A Dash,Indiranagar,False,1300,7.170888478512505,3.9,3.8808357311121218,3.952853375659281,-0.07201764454715942,4122.0,378.0
18407918,Bombay Brasserie,Indiranagar,False,1500,7.313886831633462,4.2,4.051473324108241,3.982819956533434,0.06865336757480733,2045.0,286.0
56464,Glen's Bakehouse,Indiranagar,False,800,6.68586094706836,4.0,3.9911257763122023,3.851211528533131,0.13991424777907113,1534.0,233.0
18221572,Onesta,Indiranagar,False,600,6.398594934535208,4.3,4.268202825410607,3.791012372325447,0.47719045308515984,376.0,70.0
18359919,Onesta,JP Nagar,False,600,6.398594934535208,4.6,4.526280157530491,3.791012372325447,0.7352677852050435,114.0,20.0
18439634,ECHOES Koramangala,Koramangala 5th Block,False,950,6.85751406254539,4.7,4.496653940770177,3.8871829705461147,0.6094709702240619,209.0,47.0
51040,Truffles,Koramangala 5th Block,False,800,6.68586094706836,4.7,4.693198078504561,3.851211528533131,0.8419865499714296,66.0,11.0
54162,The Black Pearl,Koramangala 5th Block,False,1400,7.244941546337007,4.1,4.0932485334468725,3.9683718567991653,0.12487667664770719,1613.0,241.0
18305628,Eat Street,Koramangala 6th Block,False,400,5.993961427306569,4.3,4.242035574501631,3.7062178103314185,0.5358177641702122,301.0,58.0
18385443,Koramangala Social,Koramangala 7th Block,False,1500,7.313886831633462,4.5,4.457900172588113,3.982819956533434,0.4750802160546792,382.0,71.0
56618,AB's - Absolute Barbecues,Marathahalli,False,1400,7.244941546337007,4.6,4.591203641568474,3.9683718567991653,0.6228317847693088,195.0,43.0
18353121,Flechazo,Marathahalli,False,1200,7.0909098220799835,4.4,4.3502059406495235,3.9360931345524204,0.4141128060971031,517.0,93.0
18366652,Onesta,New BEL Road,False,600,6.398594934535208,4.6,4.509485992234183,3.791012372325447,0.7184736199087354,120.0,22.0
18430785,Communiti,Residency Road,False,1200,7.0909098220799835,4.2,4.091416529374171,3.9360931345524204,0.1553233948217505,1448.0,226.0
58882,Big Brewsky,Sarjapur Road,False,1800,7.496097345175956,4.5,4.4902176800052676,4.021003795514946,0.46921388449032175,401.0,75.0
18422898,Hoot,Sarjapur Road,False,1400,7.244941546337007,3.9,3.8407764994500164,3.9683718567991653,-0.12759535734914884,4870.0,424.0
18339874,Farzi Cafe,UB City,False,1500,7.313886831633462,4.4,4.336005642279337,3.982819956533434,0.3531856857459035,665.0,107.0
2600472,Black N White Cafe,Arera Colony,False,200,5.303304908059076,3.3,3.3251253075030744,3.5614845739787997,-0.23635926647572525,5560.0,483.0
2600514,Maybe There,Arera Colony,False,600,6.398594934535208,3.4,3.3786833102706026,3.791012372325447,-0.41232906205484454,6068.0,619.0
2600109,Sagar Gaire Fast Food,Arera Colony,False,250,5.5254529391317835,4.9,4.740572543593084,3.608037676122173,1.1325348674709108,9.0,2.0
2600311,The Kasbah,Arera Colony,False,700,6.55250788703459,3.9,3.7463573185731853,3.823266204890575,-0.07690888631738968,4202.0,382.0
2600008,Bake N Shake,Arera Colony,False,500,6.2166061010848646,4.2,4.047104892464366,3.752874988385302,0.2942299040790646,863.0,148.0
2600031,10 Downing Street,"DB City, Maharana Pratap Nagar",False,1000,6.90875477931522,4.0,3.8961193815369524,3.8979209199673495,-0.0018015384303970983,2886.0,328.0
2600250,Chi Kitchen,"DB City, Maharana Pratap Nagar",False,1000,6.90875477931522,4.0,3.79087191283097,3.8979209199673495,-0.10704900713637944,4640.0,407.0
2600025,Pizza Hut,"DB City, Maharana Pratap Nagar",False,650,6.478509642208569,4.1,3.8803145553910623,3.8077592123992092,0.07255534299185307,2008.0,284.0
2600494,Kafe Kulture,Gulmohar Colony,False,600,6.398594934535208,3.8,3.650425379253792,3.791012372325447,-0.140586993071655,4984.0,435.0
18108352,Violet Hour,Kohefiza,False,500,6.2166061010848646,3.8,3.5318601311013107,3.752874988385302,-0.22101485728399117,5490.0,472.0
2600079,Bapu Ki Kutia,Maharana Pratap Nagar,False,550,6.311734809152915,3.5,3.467466655135301,3.7728100579966535,-0.3053434028613524,5796.0,536.0
2600340,Da pizzeria,Maharana Pratap Nagar,False,500,6.2166061010848646,3.6,3.523828317189422,3.752874988385302,-0.22904667119588007,5524.0,477.0
18461339,Papa Mexicano,Maharana Pratap Nagar,False,350,5.860786223465865,3.6,3.4233700108740215,3.6783097580411344,-0.2549397471671129,5635.0,501.0
2600010,Bake N Shake,Maharana Pratap Nagar,False,500,6.2166061010848646,4.1,3.8586350707257067,3.752874988385302,0.10576008234040479,1744.0,264.0
2600230,Manohar Dairy And Restaurant,Maharana Pratap Nagar,False,400,5.993961427306569,4.4,4.224015516268176,3.7062178103314185,0.5177977059367578,319.0,62.0
2600003,Manohar Dairy And Restaurant,Peer Gate Area,False,400,5.993961427306569,4.1,3.9721690966909664,3.7062178103314185,0.2659512863595479,969.0,166.0
2600303,Kebabsville - Sayaji Hotel,Sayaji Hotel,False,1800,7.496097345175956,4.3,4.037358930792697,4.021003795514946,0.016355135277751565,2638.0,316.0
2600180,Indian Coffee House,TT Nagar,False,500,6.2166061010848646,3.9,3.771964432144321,3.752874988385302,0.019089443759018998,2607.0,315.0
2600393,The Urban Socialite,TT Nagar,False,900,6.803505257608338,3.8,3.6282228964867773,3.875864943549723,-0.2476420470629459,5607.0,491.0
2600007,Bake N Shake,TT Nagar,False,500,6.2166061010848646,4.3,4.02492621745744,3.752874988385302,0.2720512290721384,933.0,159.0
2900587,Tyre Patty,"BMC Bhawani Mall, Sahid Nagar",False,500,6.2166061010848646,3.9,3.8204512744091934,3.752874988385302,0.06757628602389154,2052.0,288.0
2900354,Silver Streak,"BMC Bhawani Mall, Sahid Nagar",False,550,6.311734809152915,4.1,4.014281613902587,3.7728100579966535,0.2414715559059335,1060.0,174.0
2900633,Barbeque Nation,Chandrasekharpur,False,1200,7.0909098220799835,4.6,4.298583895321712,3.9360931345524204,0.3624907607692913,642.0,105.0
18408676,Central Perk 7,Chandrasekharpur,False,600,6.398594934535208,4.5,4.2098584059294195,3.791012372325447,0.4188460336039723,505.0,91.0
2900234,The Chicken Dinesty,Chandrasekharpur,False,500,6.2166061010848646,3.9,3.809163955237525,3.752874988385302,0.056288966852223066,2154.0,295.0
2900550,Taste Of China,Chandrasekharpur,False,500,6.2166061010848646,4.0,3.8361470657232344,3.752874988385302,0.08327207733793252,1903.0,271.0
18362677,Michael's Kitchen,Gajapati Nagar,False,850,6.7464121285733745,3.7,3.5976798248521407,3.8639005689171184,-0.26622074406497775,5676.0,510.0
2900044,Mamma Mia - Mayfair Lagoon,"Mayfair Lagoon, Jayadev Vihar",False,1400,7.244941546337007,4.1,3.9797132155747783,3.9683718567991653,0.011341358775613042,2694.0,321.0
2900469,99 North Restaurant,Patia,False,450,6.111467339502679,3.6,3.54510148986625,3.7308422227401214,-0.18574073287387138,5290.0,454.0
2900219,Adda,Patia,False,600,6.398594934535208,3.8,3.7535148641655547,3.791012372325447,-0.0374975081598925,3502.0,353.0
2900473,Chill Ummm,Patia,False,450,6.111467339502679,3.7,3.6558463326881334,3.7308422227401214,-0.07499589005198803,4171.0,381.0
2900020,Lal Qila,Patia,False,500,6.2166061010848646,3.7,3.6383123853801713,3.752874988385302,-0.11456260300513055,4733.0,416.0
2900562,Richard's Kitchen & Coffee Bar,Patia,False,450,6.111467339502679,3.8,3.727193810431482,3.7308422227401214,-0.003648412308639326,2912.0,331.0
18413814,Aangan Horizon,Patia,False,900,6.803505257608338,4.0,3.7713131708655214,3.875864943549723,-0.1045517726842018,4606.0,403.0
18235390,Brewberrys The Coffee Bar,Patia,False,400,5.993961427306569,4.0,3.870782645326453,3.7062178103314185,0.16456483499503438,1403.0,220.0
2900640,Chai Break,Patia,False,800,6.68586094706836,4.3,3.9060383961890466,3.851211528533131,0.05482686765591538,2172.0,299.0
18271459,JUGAAD JN.,Patia,False,300,5.707110264748875,4.1,3.9520666562512394,3.6461055896378083,0.30596106661343114,816.0,135.0
18377283,Cha cTea,Sahid Nagar,False,500,6.2166061010848646,3.8,3.590595530955309,3.752874988385302,-0.16227945742999283,5146.0,444.0
18408600,Food Fever,Sahid Nagar,False,900,6.803505257608338,4.2,3.775638068880689,3.875864943549723,-0.10022687466903424,4544.0,399.0
2900012,Mainland China,"The Crown, Nayapalli",False,1500,7.313886831633462,4.3,4.182011499366262,3.982819956533434,0.19919154283282836,1251.0,202.0
18436042,Eram Rooftop,Unit 4,False,400,5.993961427306569,3.5,3.447192251813822,3.7062178103314185,-0.25902555851759645,5651.0,504.0
122003,The Night Factory,Chandigarh Industrial Area,False,850,6.7464121285733745,3.7,3.6760679702385257,3.8639005689171184,-0.1878325986785927,5301.0,455.0
121552,Brooklyn Central,"Elante Mall, Chandigarh Industrial Area",False,1600,7.3783837129967145,4.2,4.1426379734487,3.996335853530287,0.1463021199184129,1494.0,231.0
121214,Chili's,"Elante Mall, Chandigarh Industrial Area",False,1400,7.244941546337007,4.3,4.254379323601872,3.9683718567991653,0.2860074668027064,895.0,151.0
121553,Kylin Experience,"Elante Mall, Chandigarh Industrial Area",False,1600,7.3783837129967145,4.1,3.9948783116054654,3.996335853530287,-0.0014575419248217258,2878.0,327.0
121312,Mocha,"Elante Mall, Chandigarh Industrial Area",False,1400,7.244941546337007,4.0,3.9333596032501204,3.9683718567991653,-0.035012253549044914,3440.0,349.0
121335,Pirates of Grill,"Elante Mall, Chandigarh Industrial Area",False,1200,7.0909098220799835,4.0,3.970319823296272,3.9360931345524204,0.0342266887438516,2402.0,305.0
120014,Barbeque Nation,Sector 26,False,1300,7.170888478512505,4.5,4.46244998715831,3.952853375659281,0.5095966114990289,331.0,63.0
123125,TGI Friday's,Sector 26,False,1800,7.496097345175956,4.3,4.132175201264648,4.021003795514946,0.11117140574970197,1707.0,253.0
120221,Pal Dhaba,Sector 28,False,700,6.55250788703459,3.8,3.778673647672461,3.823266204890575,-0.04459255721811406,3642.0,358.0
122064,Midnight Chef,Sector 35,False,1000,6.90875477931522,3.4,3.395667024955186,3.8979209199673495,-0.5022538950121636,6230.0,663.0
120203,Nik Baker's,Sector 35,False,650,6.478509642208569,4.1,4.050886922021831,3.8077592123992092,0.24312770962262142,1050.0,173.0
120219,OvenFresh,Sector 35,False,650,6.478509642208569,4.1,4.017741100337012,3.8077592123992092,0.20998188793780237,1188.0,193.0
121425,Super Donuts,Sector 35,False,450,6.111467339502679,4.0,3.8987660214977944,3.7308422227401214,0.16792379875767294,1391.0,218.0
123010,Taco Bell,Sector 35,False,600,6.398594934535208,4.2,4.061835650333248,3.791012372325447,0.2708232780078008,941.0,161.0
123294,Karim's,Sector 7,False,800,6.68586094706836,3.3,3.318611338891167,3.851211528533131,-0.5326001896419643,6269.0,671.0
121120,Virgin Courtyard,Sector 7,False,2200,7.696667081526462,4.4,4.340661120958785,4.063034973455652,0.27762614750313297,915.0,156.0
122940,Burgrill,Sector 8,False,500,6.2166061010848646,4.5,4.311115875001032,3.752874988385302,0.5582408866157298,277.0,55.0
122830,Uncle Jack's,Sector 8,False,600,6.398594934535208,4.0,3.9215124216056974,3.791012372325447,0.13050004928025016,1586.0,238.0
69024,That Madras Place,Adyar,False,800,6.68586094706836,4.2,4.17762911820888,3.851211528533131,0.3264175896757484,753.0,124.0
72475,Haunted,Anna Nagar East,False,800,6.68586094706836,3.8,3.761289666813921,3.851211528533131,-0.08992186171921013,4387.0,393.0
70431,Pantry d'or,Anna Nagar East,False,750,6.621405651764134,4.4,4.366910837572639,3.83770434626602,0.5292064913066188,309.0,60.0
71443,Palmshore,Ashok Nagar,False,850,6.7464121285733745,4.2,4.15327250646102,3.8639005689171184,0.28937193754390167,883.0,150.0
73088,Chili's,"Express Avenue Mall,  Royapettah",False,1700,7.438971592395862,4.8,4.7458524262016075,4.009032584285446,0.7368198419161613,113.0,19.0
18423075,Writer's Cafe,Gopalapuram,False,450,6.111467339502679,4.2,4.026718878126281,3.7308422227401214,0.29587665538615937,857.0,146.0
70890,Fusilli Reasons,Kilpauk,False,350,5.860786223465865,4.6,4.560752104394039,3.6783097580411344,0.8824423463529047,50.0,8.0
71492,Ciclo Cafe,Kotturpuram,False,1100,7.00397413672268,4.1,4.065159098528307,3.91787498595664,0.14728411257166663,1487.0,229.0
70092,Kaidi Kitchen,Mylapore,False,1500,7.313886831633462,4.0,3.9829922582933692,3.982819956533434,0.0001723017599353227,2852.0,326.0
70393,Bombay Brasserie,Nungambakkam,False,1200,7.0909098220799835,4.6,4.5660446896505595,3.9360931345524204,0.6299515550981392,186.0,38.0
70894,Maplai,Nungambakkam,False,1000,6.90875477931522,4.2,4.176410964691042,3.8979209199673495,0.2784900447236929,912.0,155.0
73279,Paradise,Perungudi,False,900,6.803505257608338,3.8,3.783903756039756,3.875864943549723,-0.09196118750996707,4423.0,396.0
69951,L'amandier,RA Puram,False,1200,7.0909098220799835,4.3,4.271927856733277,3.9360931345524204,0.33583472218085664,721.0,118.0
72497,Palmshore,Ramapuram,False,850,6.7464121285733745,4.4,4.325954655259809,3.8639005689171184,0.46205408634269096,416.0,78.0
65413,Palmshore,Santhome,False,850,6.7464121285733745,4.3,4.241229495259554,3.8639005689171184,0.37732892634243553,597.0,102.0
70497,Basil With A Twist,T. Nagar,False,1500,7.313886831633462,4.5,4.4552919227564,3.982819956533434,0.47247196622296617,391.0,73.0
65055,Barbeque Nation,T. Nagar,False,2000,7.601402334583733,4.4,4.386813582435286,4.043071395684233,0.3437421867510526,702.0,114.0
18384227,AB's - Absolute Barbecues,Velachery,False,1600,7.3783837129967145,4.9,4.816423492015757,3.996335853530287,0.8200876384854703,71.0,13.0
72604,Coal Barbecues,Velachery,False,1400,7.244941546337007,4.6,4.553504962576222,3.9683718567991653,0.5851331057770564,238.0,50.0
66457,Pind,Velachery,False,900,6.803505257608338,4.0,3.986304407906208,3.875864943549723,0.11043946435648477,1713.0,254.0
18260777,Kuchi n Kream,Gandhipuram,False,800,6.68586094706836,4.6,4.356225222112779,3.851211528533131,0.5050136935796479,338.0,64.0
3000107,Haribhavanam Hotel,Peelamedu,False,600,6.398594934535208,3.9,3.826737141009012,3.791012372325447,0.03572476868356489,2387.0,304.0
3000132,Kites Cafe,Peelamedu,False,400,5.993961427306569,3.8,3.672904802024899,3.7062178103314185,-0.03331300830651962,3417.0,348.0
3000122,Zucca Pizzeria,Peelamedu,False,600,6.398594934535208,3.5,3.477438175697546,3.791012372325447,-0.3135741966279011,5831.0,547.0
3001032,Burger Ka Baap,Peelamedu,False,500,6.2166061010848646,4.3,4.062819034440344,3.752874988385302,0.3099440460550422,796.0,130.0
3000021,The Cascade Restaurant,Peelamedu,False,1200,7.0909098220799835,4.1,3.974357982021601,3.9360931345524204,0.03826484746918046,2356.0,302.0
18434000,24 Plus Cafe & Restaurant,Podanur,False,450,6.111467339502679,3.8,3.498801791100102,3.7308422227401214,-0.2320404316400193,5534.0,478.0
3000195,Valarmathi Kongunaatu Samayal,Race Course,False,350,5.860786223465865,4.5,4.368793777972745,3.6783097580411344,0.6904840199316107,141.0,27.0
3000126,Bird On Tree,Race Course,False,1200,7.0909098220799835,3.8,3.718564928704842,3.9360931345524204,-0.21752820584757826,5474.0,470.0
18280306,Tim's Bistro,Race Course,False,700,6.55250788703459,3.9,3.6993472444052795,3.823266204890575,-0.12391896048529549,4827.0,422.0
3001489,Batlivala & Khanabhoy,Race Course,False,1200,7.0909098220799835,4.2,3.732725064610196,3.9360931345524204,-0.20336806994222423,5404.0,462.0
3000770,Cafe Totaram,Race Course,False,600,6.398594934535208,4.0,3.8243786229298755,3.791012372325447,0.03336625060442833,2410.0,306.0
3000062,Cream Centre,Race Course,False,1000,6.90875477931522,4.0,3.8738592490091563,3.8979209199673495,-0.024061670958193115,3246.0,343.0
3000016,On The Go,Race Course,False,1500,7.313886831633462,4.0,3.8795929195087404,3.982819956533434,-0.10322703702469349,4582.0,401.0
3000014,Sree Annapoorna,RS Puram,False,400,5.993961427306569,4.3,4.130337703468276,3.7062178103314185,0.42411989313685705,492.0,88.0
3000001,That's Y Food,RS Puram,False,1400,7.244941546337007,4.2,4.080495778018125,3.9683718567991653,0.11212392121895931,1700.0,251.0
3001321,CakeBee,Saibaba Colony,False,350,5.860786223465865,4.9,4.595231047189991,3.6783097580411344,0.9169212891488563,35.0,4.0
3000996,Yari,Saibaba Colony,False,700,6.55250788703459,4.2,4.04597233611225,3.823266204890575,0.22270613122167493,1139.0,185.0
3001065,Cream Stone,"SMS Hotel, Peelamedu",False,300,5.707110264748875,4.3,4.0786310988109875,3.6461055896378083,0.4325255091731792,476.0,87.0
3000048,Barbeque Nation,Town Hall,False,1400,7.244941546337007,4.4,4.3072428352893635,3.9683718567991653,0.3388709784901982,713.0,116.0
3500012,The Punjabi Essence Restaurant,Chukkuwala,False,800,6.68586094706836,3.6,3.5192882831146193,3.851211528533131,-0.3319232454185119,5882.0,556.0
3500007,Tirupati Restaurant,Chukkuwala,False,500,6.2166061010848646,3.8,3.665930065550655,3.752874988385302,-0.08694492283464683,4353.0,391.0
3500017,Anandam,Hathibarkala Salwala,False,650,6.478509642208569,3.9,3.7584870039489866,3.8077592123992092,-0.04927220845022262,3726.0,362.0
3500018,Town Table Restaurant,Hathibarkala Salwala,False,1000,6.90875477931522,3.9,3.778885273650033,3.8979209199673495,-0.11903564631731633,4782.0,419.0
3500011,Kalsang Friends Corner,Hathibarkala Salwala,False,750,6.621405651764134,4.2,4.108598968681995,3.83770434626602,0.27089462241597495,939.0,160.0
18416632,The Great Indian Pub,Jakhan,False,1500,7.313886831633462,4.9,4.1334599065687625,3.982819956533434,0.1506399500353286,1468.0,227.0
18408585,Punjab Grill,Jakhan,False,1250,7.1316985104669115,4.0,3.7837587125871255,3.9446407681623237,-0.1608820555751982,5140.0,442.0
3500059,TBistro,Karanpur,False,550,6.311734809152915,3.8,3.721191866488557,3.7728100579966535,-0.051618191508096434,3761.0,363.0
3500081,Y Cafe & Restaurant,Karanpur,False,500,6.2166061010848646,4.0,3.777710005246905,3.752874988385302,0.024835016861603165,2525.0,311.0
17971273,Eddie's Patisserie,Krishna Nagar,False,350,5.860786223465865,4.1,3.775332130533694,3.6783097580411344,0.09702237249255985,1805.0,265.0
3500365,First Gear Cafe,Malsi,False,700,6.55250788703459,3.9,3.750625170835041,3.823266204890575,-0.0726410340555339,4128.0,379.0
3500013,Dunkin Donuts,"Pacific Mall, Jakhan",False,600,6.398594934535208,3.9,3.7207502050020493,3.791012372325447,-0.07026216732339785,4081.0,376.0
3500024,Doon Darbar,Paltan Bazaar,False,600,6.398594934535208,3.9,3.741838416178279,3.791012372325447,-0.04917395614716824,3722.0,361.0
3500488,Razzmatazz,Race Course,False,400,5.993961427306569,3.9,3.5944605767080393,3.7062178103314185,-0.11175723362337919,4706.0,413.0
3500505,Barbeque Nation,Rajpur,False,1600,7.3783837129967145,4.4,3.9531524413070223,3.996335853530287,-0.04318341222326483,3610.0,354.0
3500010,Black Pepper Restaurant,Rajpur,False,1200,7.0909098220799835,4.0,3.858091655135301,3.9360931345524204,-0.07800147941711932,4215.0,384.0
3500414,Cafe Marigold,Rajpur,False,500,6.2166061010848646,4.1,3.8602126192830553,3.752874988385302,0.10733763089775339,1732.0,261.0
18440677,Jalapenos,Rajpur,False,500,6.2166061010848646,4.2,3.844551544874423,3.752874988385302,0.0916765564891211,1833.0,266.0
3500484,Kalsang AMA Cafe,Rajpur,False,600,6.398594934535208,4.2,3.8986415271761414,3.791012372325447,0.10762915485069424,1730.0,260.0
301728,Desire Foods,Badarpur Border,True,250,5.5254529391317835,2.9,3.317217561326556,3.3153520889822103,0.0018654723443458643,2821.0,2496.0
5992,Knight Rock,Badarpur Border,True,500,6.2166061010848646,2.8,3.2155773961585763,3.3835207391251902,-0.16794334296661395,5192.0,4742.0
301730,Punjab Restaurant,Badarpur Border,True,150,5.017279836814924,2.8,3.2739040482510084,3.2652308187184387,0.00867322953256977,2720.0,2396.0
301729,Raju Dhaba,Badarpur Border,True,150,5.017279836814924,2.9,3.2879391359703063,3.2652308187184387,0.022708317251867616,2554.0,2242.0
301731,Rakheja Bakery,Badarpur Border,True,100,4.61512051684126,2.8,3.2823666205412048,3.2255657205981403,0.056800899943064476,2143.0,1849.0
311053,Snax Points,Badarpur Border,True,300,5.707110264748875,3.0,3.324764731137877,3.3332690071959785,-0.008504276058101556,2985.0,2651.0
304046,Cafe And More,Charmwood Village,True,300,5.707110264748875,2.9,3.317217561326556,3.3332690071959785,-0.01605144586942231,3105.0,2769.0
309936,Green Chick Chop,Charmwood Village,True,350,5.860786223465865,3.0,3.307366620541205,3.348426114537516,-0.0410594939963107,3556.0,3203.0
309927,Kolkata Hot Kathi Rolls,Charmwood Village,True,300,5.707110264748875,2.9,3.2685421791717912,3.3332690071959785,-0.06472682802418728,3984.0,3611.0
18037826,Kebab Xpress,"Crown Interiorz Mall, Sector 35, Faridabad",True,600,6.398594934535208,2.8,3.075638068880689,3.4014703540590903,-0.32583228517840146,5865.0,5313.0
301163,McDonald's,"Crown Interiorz Mall, Sector 35, Faridabad",True,500,6.2166061010848646,3.4,3.377687203273902,3.3835207391251902,-0.005833535851288207,2934.0,2602.0
4931,Suruchi,"Crown Interiorz Mall, Sector 35, Faridabad",True,700,6.55250788703459,3.4,3.3915337969869057,3.416650836170689,-0.025117039183783163,3268.0,2925.0
1804,Berco's,"Crown Interiorz Mall, Sector 35, Faridabad",True,1100,7.00397413672268,3.8,3.7605251898569256,3.4611790920197736,0.29934609783715205,840.0,700.0
312102,Dunkin' Donuts,"Crown Interiorz Mall, Sector 35, Faridabad",True,600,6.398594934535208,3.6,3.5170920459204593,3.4014703540590903,0.11562169186136906,1679.0,1430.0
18217857,The Chocolate Room,"Crown Interiorz Mall, Sector 35, Faridabad",True,900,6.803505257608338,3.6,3.487153062502847,3.4414067844659977,0.045746278036849386,2278.0,1978.0
311051,KFC,"Crown Interiorz Mall, Sector 35, Faridabad",True,500,6.2166061010848646,2.1,2.6784201014179954,3.3835207391251902,-0.7051006377071949,6419.0,5725.0
18133510,Barbeque Nation,"Crown Interiorz Mall, Sector 35, Faridabad",True,1600,7.3783837129967145,4.0,3.9086566975583548,3.498107224335746,0.4105494732226087,525.0,432.0
308380,Yo! China,"Crown Interiorz Mall, Sector 35, Faridabad",True,1300,7.170888478512505,4.1,3.9726129539941226,3.477641905178529,0.49497104881559384,347.0,281.0
6077,Giani's,"Crown Plaza Mall, Sector 15, Faridabad",True,400,5.993961427306569,3.2,3.314038934620115,3.3615612260845467,-0.04752229146443154,3696.0,3337.0
308082,Momo-Cha,"Crown Plaza Mall, Sector 15, Faridabad",True,200,5.303304908059076,2.7,3.190962011543192,3.2934415599652347,-0.10247954842204265,4570.0,4171.0
309558,Shree Rathnam,"Crown Plaza Mall, Sector 15, Faridabad",True,800,6.68586094706836,3.4,3.3753869149516236,3.4298034897290544,-0.05441657477743078,3829.0,3461.0
8128,Mirage Restro Bar,"Crown Plaza Mall, Sector 15, Faridabad",True,1000,6.90875477931522,2.4,3.0298990641933443,3.4517875773465194,-0.4218885131531751,6089.0,5467.0
9785,Gelato Vinto,"Eldeco Station 1 Mall, Sector 12, Faridabad",True,250,5.5254529391317835,2.8,3.2428283729558602,3.3153520889822103,-0.0725237160263501,4124.0,3746.0
6025,Cakes 'n Bakes - Park Plaza,"Park Plaza, Sector 21, Faridabad",True,1000,6.90875477931522,3.0,3.2689457929735544,3.4517875773465194,-0.18284178437296505,5271.0,4819.0
6013,Cafe Bite,"Parsavnath City Mall, Sector 12, Faridabad",True,500,6.2166061010848646,3.2,3.3090078051515808,3.3835207391251902,-0.07451293397360947,4157.0,3778.0
8153,Cafe Light,"Parsavnath City Mall, Sector 12, Faridabad",True,500,6.2166061010848646,2.8,3.2739040482510084,3.3835207391251902,-0.1096166908741818,4669.0,4261.0
18279477,Momo-Cha,Sector 10,True,450,6.111467339502679,2.8,3.191485952903007,3.3731508705500266,-0.18166491764701975,5265.0,4813.0
18359331,Oregano India,Sector 10,True,500,6.2166061010848646,3.1,3.305208845838458,3.3835207391251902,-0.07831189328673238,4219.0,3835.0
301151,Sagar Bakery,Sector 10,True,150,5.017279836814924,3.0,3.2868755125051248,3.2652308187184387,0.021644693786686098,2577.0,2264.0
18204479,Smugglers,Sector 10,True,450,6.111467339502679,3.1,3.319866620541205,3.3731508705500266,-0.053284250008821754,3794.0,3428.0
2198,Welcome,Sector 10,True,700,6.55250788703459,2.9,3.256653721779153,3.416650836170689,-0.15999711439153597,5135.0,4694.0
18258480,Chimney,Sector 11,True,800,6.68586094706836,3.3,3.3339531182473983,3.4298034897290544,-0.0958503714816561,4481.0,4084.0
9698,Chopstick,Sector 11,True,300,5.707110264748875,3.0,3.242430010567711,3.3332690071959785,-0.09083899662826767,4404.0,4011.0
8326,Hot & Tasty Chinese Food,Sector 11,True,450,6.111467339502679,2.6,3.090833743337433,3.3731508705500266,-0.2823171272125937,5725.0,5207.0
18270379,Sanjha Chulha,Sector 11,True,700,6.55250788703459,2.9,3.2401927807739614,3.416650836170689,-0.17645805539672743,5235.0,4784.0
304006,Frontier,Sector 12,True,200,5.303304908059076,2.9,3.2948666205412054,3.2934415599652347,0.0014250605759706936,2834.0,2509.0
308957,Oxy Lounge,Sector 12,True,1500,7.313886831633462,3.1,3.2599029967572397,3.4917458769774545,-0.23184288022021482,5533.0,5056.0
18383469,Al Bake,Sector 15,True,600,6.398594934535208,3.2,3.2926566343788437,3.4014703540590903,-0.10881371968024656,4654.0,4247.0
1367,Anupam Sweet,Sector 15,True,400,5.993961427306569,3.4,3.379937233195861,3.3615612260845467,0.018376007111314152,2612.0,2297.0
9650,Cafe Coffee Day,Sector 15,True,450,6.111467339502679,3.3,3.321659747847478,3.3731508705500266,-0.05149112270254852,3760.0,3398.0
308335,Chicago Pizza,Sector 15,True,600,6.398594934535208,2.7,3.079911080360803,3.4014703540590903,-0.3215592736982873,5850.0,5301.0
18391065,Crispy Crust,Sector 15,True,500,6.2166061010848646,3.4,3.3663736725395417,3.3835207391251902,-0.017147066585648574,3132.0,2796.0
301193,Frontier,Sector 15,True,200,5.303304908059076,3.3,3.3380686477319315,3.2934415599652347,0.04462708776669677,2291.0,1991.0
18107832,Gulab,Sector 15,True,600,6.398594934535208,2.6,3.018324213071676,3.4014703540590903,-0.3831461409874142,6003.0,5407.0
18089254,Hunger Cure Express,Sector 15,True,500,6.2166061010848646,3.3,3.329911080360803,3.3835207391251902,-0.05360965876438728,3807.0,3441.0
312981,Maitre Patissier,Sector 15,True,500,6.2166061010848646,3.4,3.3715777470274695,3.3835207391251902,-0.011942992097720762,3034.0,2699.0
18082235,Momo-Cha,Sector 15,True,400,5.993961427306569,2.7,3.0939818611149073,3.3615612260845467,-0.2675793649696394,5679.0,5168.0
18138421,Nirula's,Sector 15,True,950,6.85751406254539,2.6,3.184325884925516,3.446733689602322,-0.26240780467680613,5661.0,5154.0
18421965,The Grub House,Sector 15,True,600,6.398594934535208,2.7,3.183523193186477,3.4014703540590903,-0.21794716087261312,5476.0,5006.0
303267,Twenty Four Seven,Sector 15,True,300,5.707110264748875,3.4,3.3715777470274695,3.3332690071959785,0.03830873983149097,2354.0,2053.0
7471,Cafe Parmesan,Sector 15,True,1000,6.90875477931522,4.5,4.43362326739423,3.4517875773465194,0.9818356900477108,24.0,22.0
18219542,Briosca,Sector 15,True,400,5.993961427306569,3.6,3.4902029797325,3.3615612260845467,0.12864175364795338,1597.0,1358.0
18355112,Burger Point,Sector 15,True,300,5.707110264748875,3.5,3.400171654113801,3.3332690071959785,0.06690264691782266,2061.0,1772.0
18270895,Cafe Grub Up,Sector 15,True,900,6.803505257608338,3.8,3.6798498948104235,3.4414067844659977,0.23844311034442578,1077.0,901.0
18313839,Cakes At Bhawanas,Sector 15,True,400,5.993961427306569,3.5,3.402833743337433,3.3615612260845467,0.0412725172528865,2326.0,2026.0
5005,Chaudhary Bhojnalaya,Sector 15,True,400,5.993961427306569,3.6,3.514172751762729,3.3615612260845467,0.15261152567818215,1459.0,1233.0
1820,Chickenette,Sector 15,True,650,6.478509642208569,3.7,3.6480624034963753,3.4093523663952126,0.2387100371011628,1074.0,898.0
3863,Giani,Sector 15,True,400,5.993961427306569,3.6,3.4975842920193903,3.3615612260845467,0.1360230659348436,1556.0,1322.0
9814,Green Chick Chop,Sector 15,True,350,5.860786223465865,3.5,3.4089066343788432,3.348426114537516,0.06048051984132741,2113.0,1821.0
18474912,Hash Stix,Sector 15,True,250,5.5254529391317835,3.6,3.4353044695987496,3.3153520889822103,0.11995238061653923,1646.0,1403.0
18161568,Juice On Go,Sector 15,True,150,5.017279836814924,3.5,3.391231802243395,3.2652308187184387,0.12600098352495648,1608.0,1368.0
18416829,Keventers,Sector 15,True,400,5.993961427306569,3.6,3.439638562504046,3.3615612260845467,0.07807733641949932,1958.0,1682.0
18400756,MD's Kebabs & Curries,Sector 15,True,750,6.621405651764134,3.8,3.5106911940829932,3.423446244016628,0.08724495006636523,1873.0,1604.0
301177,Perfect Bake,Sector 15,True,400,5.993961427306569,3.5,3.417187849435312,3.3615612260845467,0.0556266233507654,2163.0,1867.0
6161,Perfect Bake,Sector 15,True,400,5.993961427306569,3.6,3.5303573185731856,3.3615612260845467,0.16879609248863892,1387.0,1170.0
2565,Sethi's Delicacy,Sector 15,True,150,5.017279836814924,3.8,3.6226816995992537,3.2652308187184387,0.357450880880815,658.0,552.0
3866,Subway,Sector 15,True,500,6.2166061010848646,3.5,3.4620444309911846,3.3835207391251902,0.0785236918659944,1953.0,1678.0
18250288,Cafí© Bogchi,Sector 15,True,650,6.478509642208569,4.1,3.918378865100532,3.4093523663952126,0.5090264987053192,334.0,271.0
1430,Ashoka Restaurant,Sector 16,True,400,5.993961427306569,2.9,3.140353595112038,3.3615612260845467,-0.22120763097250862,5495.0,5022.0
18393702,Baskin Robbins,Sector 16,True,300,5.707110264748875,2.9,3.317217561326556,3.3332690071959785,-0.01605144586942231,3105.0,2769.0
6152,China Hot Pot,Sector 16,True,400,5.993961427306569,2.5,3.063682847977128,3.3615612260845467,-0.2978783781074186,5778.0,5248.0
306962,Handi Chhadeyan Di,Sector 16,True,400,5.993961427306569,3.1,3.264167076670766,3.3615612260845467,-0.09739414941378044,4499.0,4102.0
18445360,Hungrill,Sector 16,True,500,6.2166061010848646,3.0,3.324764731137877,3.3835207391251902,-0.058756007987313286,3885.0,3514.0
6150,Kant Khana Khazana,Sector 16,True,250,5.5254529391317835,3.4,3.3663736725395417,3.3153520889822103,0.05102158355733133,2217.0,1917.0
18421024,Open Yard,Sector 16,True,800,6.68586094706836,3.3,3.339881440481071,3.4298034897290544,-0.08992204924798353,4388.0,3995.0
18471260,Recipe Badshah,Sector 16,True,300,5.707110264748875,3.1,3.3160093114089033,3.3332690071959785,-0.017259695787075202,3133.0,2797.0
18367316,The Chai Cafe,Sector 16,True,400,5.993961427306569,3.1,3.3160093114089033,3.3615612260845467,-0.045551914675643346,3661.0,3302.0
304001,Eat N Treat,Sector 17,True,400,5.993961427306569,2.8,3.191485952903007,3.3615612260845467,-0.1700752731815398,5204.0,4754.0
8319,Hotel Ekant,Sector 17,True,700,6.55250788703459,2.7,3.062642394889858,3.416650836170689,-0.35400844128083087,5939.0,5367.0
303871,Momo-Cha,Sector 17,True,600,6.398594934535208,2.7,3.003928864288643,3.4014703540590903,-0.39754148977044723,6034.0,5426.0
8321,Paradise Inn,Sector 17,True,500,6.2166061010848646,2.7,3.0468753342424724,3.3835207391251902,-0.3366454048827179,5898.0,5335.0
311047,Red Chilli,Sector 17,True,300,5.707110264748875,2.8,3.2657332887984047,3.3332690071959785,-0.06753571839757377,4051.0,3677.0
8320,Shiv Restaurant,Sector 17,True,400,5.993961427306569,2.7,3.1625004456566304,3.3615612260845467,-0.1990607804279163,5374.0,4914.0
8308,Sohan Sweets & Namkeen,Sector 17,True,100,4.61512051684126,3.2,3.2823614527811946,3.2255657205981403,0.05679573218305434,2144.0,1850.0
18303717,The Binge Box Cafe,Sector 17,True,500,6.2166061010848646,3.4,3.364366130601604,3.3835207391251902,-0.01915460852358608,3158.0,2819.0
304004,Tmos Moving Feast,Sector 17,True,700,6.55250788703459,3.3,3.32010024600246,3.416650836170689,-0.09655059016822909,4489.0,4092.0
18420432,Parkash Dhaba,Sector 19,True,200,5.303304908059076,3.0,3.3129551045510452,3.2934415599652347,0.01951354458581056,2593.0,2279.0
9824,Sanjha Chulha,Sector 19,True,700,6.55250788703459,3.3,3.309375114739953,3.416650836170689,-0.10727572143073605,4642.0,4235.0
8029,Hareram Bikanerzaika,Sector 21,True,200,5.303304908059076,2.8,3.2502088458384577,3.2934415599652347,-0.04323271412677698,3611.0,3257.0
312788,Kulcha Paaji,Sector 21,True,100,4.61512051684126,3.1,3.3018447663984833,3.2255657205981403,0.07627904580034306,1976.0,1697.0
309672,Shree Bikaner Misthan Bhandar,Sector 21,True,350,5.860786223465865,2.8,3.235685979843669,3.348426114537516,-0.1127401346938468,4717.0,4303.0
18359861,"The Hub - Gourmet, Bakers & More",Sector 21,True,200,5.303304908059076,3.0,3.307366620541205,3.2934415599652347,0.013925060575970427,2673.0,2357.0
18369105,Funk House Cafe,Sector 28,True,650,6.478509642208569,2.6,3.1751957929735544,3.4093523663952126,-0.2341565734216582,5548.0,5068.0
18133473,Shiksha Fast Food,Sector 28,True,200,5.303304908059076,2.9,3.309491310190879,3.2934415599652347,0.016049750225644477,2643.0,2327.0
8167,Lalit Kathi Rolls Momos,Sector 29,True,100,4.61512051684126,3.1,3.312285012936336,3.2255657205981403,0.08671929233819586,1880.0,1611.0
18420465,Butter & Grace,Sector 31,True,700,6.55250788703459,3.1,3.319866620541205,3.416650836170689,-0.09678421562948403,4493.0,4096.0
309656,Green Chick Chop,Sector 31,True,350,5.860786223465865,3.1,3.312285012936336,3.348426114537516,-0.03614110160117967,3462.0,3113.0
305235,Snacks Bar,Sector 31,True,350,5.860786223465865,2.9,3.317217561326556,3.348426114537516,-0.03120855321095961,3376.0,3029.0
1414,Anupama Sweets & Family Restaurant,Sector 34,True,400,5.993961427306569,2.7,3.1144484513026947,3.3615612260845467,-0.247112774781852,5602.0,5112.0
304112,Shree Rathnam,Sector 34,True,800,6.68586094706836,2.7,3.109135009619327,3.4298034897290544,-0.3206684801097275,5848.0,5299.0
18204478,Desi Tadka,Sector 37,True,500,6.2166061010848646,3.0,3.3129551045510452,3.3835207391251902,-0.070565634574145,4089.0,3713.0
18444264,Destination Live,Sector 37,True,500,6.2166061010848646,3.3,3.3411890286935653,3.3835207391251902,-0.04233171043162498,3588.0,3235.0
9224,Kay's Bake Land,Sector 37,True,150,5.017279836814924,3.1,3.2810666286809926,3.2652308187184387,0.01583580996255396,2655.0,2339.0
8054,Kay's Food Land,Sector 37,True,100,4.61512051684126,3.1,3.2954369960366265,3.2255657205981403,0.06987127543848626,2032.0,1747.0
304114,Laziz Restaurant,Sector 37,True,600,6.398594934535208,2.8,3.2502088458384577,3.4014703540590903,-0.15126150822063256,5069.0,4630.0
1413,Le Chef Restro Bar,Sector 37,True,1000,6.90875477931522,2.7,2.968172527313508,3.4517875773465194,-0.4836150500330114,6207.0,5551.0
1715,Republic of Chicken,Sector 37,True,400,5.993961427306569,3.1,3.283769115676231,3.3615612260845467,-0.07779211040831546,4211.0,3828.0
4464,Tanishka Restaurant & Caterers,Sector 37,True,300,5.707110264748875,2.9,3.2509925515921823,3.3332690071959785,-0.08227645560379626,4281.0,3893.0
5010,The Tandoori Times,Sector 37,True,500,6.2166061010848646,2.7,3.028995162374304,3.3835207391251902,-0.35452557675088636,5941.0,5369.0
301127,Twist of Italy,Sector 37,True,350,5.860786223465865,3.6,3.4793319876268067,3.348426114537516,0.13090587308929091,1583.0,1346.0
18433895,Cravings,Sector 41,True,500,6.2166061010848646,3.0,3.324764731137877,3.3835207391251902,-0.058756007987313286,3885.0,3514.0
309632,Domino's Pizza,Sector 43,True,700,6.55250788703459,2.9,3.2747886567848727,3.416650836170689,-0.14186217938581613,4995.0,4559.0
312874,Green Chick Chop,Sector 43,True,350,5.860786223465865,3.1,3.3280098287093978,3.348426114537516,-0.020416285828118053,3187.0,2847.0
18107870,Punjabi Culture,Sector 43,True,500,6.2166061010848646,2.9,3.317217561326556,3.3835207391251902,-0.06630317779863404,4020.0,3647.0
18237362,Three Olives,Sector 43,True,550,6.311734809152915,2.9,3.317217561326556,3.3929033130260597,-0.07568575169950353,4184.0,3803.0
307084,Hunger Cure,Sector 46,True,700,6.55250788703459,3.2,3.2772138619823696,3.416650836170689,-0.13943697418831924,4976.0,4543.0
305618,Sanjha Chulha,Sector 46,True,700,6.55250788703459,2.5,2.825879146486777,3.416650836170689,-0.5907716896839119,6333.0,5648.0
307803,Queens Cakes,Sector 46,True,200,5.303304908059076,3.5,3.4065709070552237,3.2934415599652347,0.11312934708998901,1693.0,1443.0
313040,Invitation Restaurant,Sector 7,True,500,6.2166061010848646,2.7,3.183523193186477,3.3835207391251902,-0.1999975459387131,5377.0,4917.0
17982346,Kaushik Bakery,Sector 7,True,200,5.303304908059076,3.0,3.2967677715570254,3.2934415599652347,0.0033262115917906954,2801.0,2477.0
18204501,Rama Vaishnav Bhojnalaya,Sector 7,True,250,5.5254529391317835,3.0,3.307366620541205,3.3153520889822103,-0.007985468441005228,2980.0,2646.0
1823,Shiv Saras Vyanjan,Sector 7,True,100,4.61512051684126,2.9,3.309491310190879,3.2255657205981403,0.08392558959273888,1896.0,1626.0
6143,Shree Bikaner Misthan Bhandar,Sector 7,True,300,5.707110264748875,3.0,3.301974223689605,3.3332690071959785,-0.03129478350637349,3387.0,3040.0
8297,Shree Bikaner Misthan Bhandar,Sector 7,True,150,5.017279836814924,3.1,3.2923832929735544,3.2652308187184387,0.02715247425511569,2494.0,2186.0
8318,Standard Family Restaurant,Sector 7,True,450,6.111467339502679,2.9,3.2401927807739614,3.3731508705500266,-0.13295808977606516,4922.0,4496.0
18458631,The Hunger End,Sector 7,True,500,6.2166061010848646,3.0,3.324764731137877,3.3835207391251902,-0.058756007987313286,3885.0,3514.0
312842,Anupam Sweets & Restaurant,Sector 86,True,450,6.111467339502679,3.0,3.2917378093272456,3.3731508705500266,-0.08141306122278102,4252.0,3867.0
312084,Caramel,Sector 86,True,600,6.398594934535208,2.9,3.281250530177715,3.4014703540590903,-0.1202198238813752,4802.0,4381.0
18247033,Chaska Restaurant,Sector 86,True,650,6.478509642208569,3.2,3.3015415171274998,3.4093523663952126,-0.10781084926771278,4647.0,4240.0
18126118,Club Pizzeria,Sector 86,True,550,6.311734809152915,3.4,3.364890158092757,3.3929033130260597,-0.028013154933302697,3318.0,2973.0
18429393,Gupha,Sector 86,True,500,6.2166061010848646,2.9,3.2879391359703063,3.3835207391251902,-0.09558160315488395,4476.0,4079.0
18241905,Indian Gourmet,Sector 86,True,450,6.111467339502679,3.0,3.301974223689605,3.3731508705500266,-0.07117664686042158,4103.0,3727.0
18425750,Tandoori Zaaika's,Sector 86,True,500,6.2166061010848646,3.2,3.284233303980767,3.3835207391251902,-0.09928743514442306,4530.0,4132.0
18261694,TCD Cake & Bake,Sector 86,True,300,5.707110264748875,3.1,3.3086869618696184,3.3332690071959785,-0.024582045326360102,3254.0,2911.0
18365998,The Grill Darbar,Sector 86,True,500,6.2166061010848646,3.3,3.3380686477319315,3.3835207391251902,-0.04545209139325879,3656.0,3297.0
18273572,Urban Cuisine,Sector 86,True,500,6.2166061010848646,3.4,3.372238729654738,3.3835207391251902,-0.011282009470452437,3029.0,2694.0
18363078,Mister Mughal,Sector 86,True,600,6.398594934535208,3.5,3.411128423784237,3.4014703540590903,0.009658069725146934,2707.0,2386.0
18356019,The Hub,Sector 9,True,200,5.303304908059076,3.1,3.312285012936336,3.2934415599652347,0.01884345297110146,2609.0,2294.0
8026,Aggarwal Sweets Centre,Suraj Kund,True,100,4.61512051684126,2.9,3.317217561326556,3.2255657205981403,0.09165184072841592,1834.0,1568.0
18265697,Bawarchi,Suraj Kund,True,550,6.311734809152915,3.0,3.2732147738144044,3.3929033130260597,-0.11968853921165534,4794.0,4374.0
307151,D ART of Flavour,Suraj Kund,True,500,6.2166061010848646,2.8,3.235685979843669,3.3835207391251902,-0.14783475928152123,5041.0,4604.0
18107844,Italia Cafe by Aura,Suraj Kund,True,400,5.993961427306569,2.8,3.30023205093162,3.3615612260845467,-0.061329175152926574,3937.0,3566.0
18337896,Pizza Street,Suraj Kund,True,550,6.311734809152915,2.6,3.2034841106607788,3.3929033130260597,-0.18941920236528098,5310.0,4855.0
18261699,Rock Cafe,Suraj Kund,True,550,6.311734809152915,3.0,3.301974223689605,3.3929033130260597,-0.09092908933645472,4407.0,4014.0
18306531,Sardaar Ji Chaap & Rolls,Suraj Kund,True,300,5.707110264748875,3.1,3.319866620541205,3.3332690071959785,-0.013402386654773668,3061.0,2725.0
303571,Spice Wok,Suraj Kund,True,600,6.398594934535208,3.1,3.283769115676231,3.4014703540590903,-0.11770123838285906,4770.0,4352.0
8099,Vrindavan Sweets & Restaurant,Suraj Kund,True,350,5.860786223465865,3.0,3.242430010567711,3.348426114537516,-0.10599610396980497,4626.0,4223.0
18477428,Yummy Cake,Suraj Kund,True,400,5.993961427306569,3.0,3.324764731137877,3.3615612260845467,-0.0367964949466697,3478.0,3128.0
2680,Bakers Delight - The Atrium,"The Atrium, Suraj Kund",True,700,6.55250788703459,3.0,3.2917378093272456,3.416650836170689,-0.1249130268434433,4838.0,4416.0
2679,On The Rocks - The  Atrium,"The Atrium, Suraj Kund",True,1400,7.244941546337007,3.1,3.283769115676231,3.4849457821633028,-0.20117666648707155,5383.0,4923.0
8417,World Cafe - Vibe by The LaLiT Traveller,"Vibe by The LaLit Traveller, Mathura Road",True,1900,7.550135342488429,3.3,3.3239288642886424,3.5150471406767525,-0.19111827638811008,5319.0,4864.0
309757,Chaudhary Ke Mashhoor Paranthe,Indirapuram,True,150,5.017279836814924,2.8,3.2287703293699597,3.2652308187184387,-0.03646048934847901,3466.0,3117.0
307903,Thakur Bakers,Indirapuram,True,150,5.017279836814924,3.0,3.3129551045510452,3.2652308187184387,0.04772428583260657,2254.0,1954.0
313502,FoodByMom,Indirapuram,True,300,5.707110264748875,3.6,3.5419644321443213,3.3332690071959785,0.2086954249483428,1197.0,1004.0
18409175,Mr. Brown,Indirapuram,True,500,6.2166061010848646,3.9,3.633787433171361,3.3835207391251902,0.25026669404617063,1023.0,852.0
300713,9 Mars Lounge,"Shipra Mall, Indirapuram",True,2500,7.824445930877619,2.5,2.679023737125783,3.542102478856175,-0.863078741730392,6474.0,5780.0
8623,Barista,"Shipra Mall, Indirapuram",True,650,6.478509642208569,3.4,3.3708845213452134,3.4093523663952126,-0.038467845049999116,3520.0,3167.0
1318,Baskin Robbins,"Shipra Mall, Indirapuram",True,300,5.707110264748875,3.3,3.3330596151356247,3.3332690071959785,-0.00020939206035386349,2854.0,2528.0
311523,Burger King,"Shipra Mall, Indirapuram",True,500,6.2166061010848646,3.4,3.3936503477401794,3.3835207391251902,0.010129608614989127,2705.0,2384.0
8590,Cafe Coffee Day,"Shipra Mall, Indirapuram",True,450,6.111467339502679,3.2,3.2661833102706024,3.3731508705500266,-0.10696756027942422,4637.0,4232.0
8583,Chinese X'Press,"Shipra Mall, Indirapuram",True,600,6.398594934535208,2.9,3.2401927807739614,3.4014703540590903,-0.16127757328512882,5142.0,4700.0
300756,Cinch,"Shipra Mall, Indirapuram",True,1500,7.313886831633462,2.6,2.861081778370975,3.4917458769774545,-0.6306640986064793,6373.0,5682.0
4239,Costa Coffee,"Shipra Mall, Indirapuram",True,600,6.398594934535208,3.3,3.3230507408285086,3.4014703540590903,-0.07841961323058166,4224.0,3840.0
18168161,Domino's Pizza,"Shipra Mall, Indirapuram",True,700,6.55250788703459,3.2,3.312311071974356,3.416650836170689,-0.10433976419633284,4597.0,4195.0
18381223,Dosa X'press,"Shipra Mall, Indirapuram",True,500,6.2166061010848646,3.0,3.3129551045510452,3.3835207391251902,-0.070565634574145,4089.0,3713.0
18034077,Kebab Xpress,"Shipra Mall, Indirapuram",True,600,6.398594934535208,2.7,3.206548107147738,3.4014703540590903,-0.1949222469113523,5346.0,4888.0
3824,Let's Noodle,"Shipra Mall, Indirapuram",True,700,6.55250788703459,2.6,2.760054481523076,3.416650836170689,-0.656596354647613,6392.0,5699.0
2572,McDonald's,"Shipra Mall, Indirapuram",True,500,6.2166061010848646,3.3,3.3126257826648615,3.3835207391251902,-0.07089495646032873,4096.0,3720.0
8595,Mx Corn,"Shipra Mall, Indirapuram",True,100,4.61512051684126,3.1,3.319866620541205,3.2255657205981403,0.09430089994306456,1819.0,1554.0
309702,Dunkin' Donuts,"Shipra Mall, Indirapuram",True,600,6.398594934535208,3.6,3.5595100689378985,3.4014703540590903,0.1580397148788082,1432.0,1210.0
8601,Haldiram's,"Shipra Mall, Indirapuram",True,600,6.398594934535208,3.6,3.5483581811453706,3.4014703540590903,0.14688782708628034,1490.0,1260.0
1683,Pind Balluchi,"Shipra Mall, Indirapuram",True,1000,6.90875477931522,1.8,2.0048855276288613,3.4517875773465194,-1.4469020497176581,6504.0,5808.0
301670,Maini Restaurant,Surya Nagar,True,400,5.993961427306569,3.3,3.315414299081641,3.3615612260845467,-0.04614692700290579,3672.0,3313.0
17953902,The Dosa King,Surya Nagar,True,550,6.311734809152915,3.2,3.257461478684554,3.3929033130260597,-0.1354418343415058,4943.0,4513.0
130409,Baba Au Rhum,Anjuna,False,800,6.68586094706836,4.5,4.328913467326163,3.851211528533131,0.47770193879303147,374.0,69.0
130275,Burger Factory,Anjuna,False,1100,7.00397413672268,4.8,4.647009764548076,3.91787498595664,0.7291347785914359,116.0,21.0
130332,Club Cubana,Anjuna,False,2000,7.601402334583733,4.4,4.326061195324184,4.043071395684233,0.2829897996399504,901.0,153.0
130230,Curlies,"Anjuna Beach, Anjuna",False,1500,7.313886831633462,3.5,3.4957875900290794,3.982819956533434,-0.48703236650435455,6209.0,658.0
16519268,La Plage,Arambol,False,800,6.68586094706836,4.6,4.425676725784351,3.851211528533131,0.5744651972512198,251.0,52.0
16512186,St. Anthony's,Baga,False,1100,7.00397413672268,3.8,3.7770963861982367,3.91787498595664,-0.14077859975840346,4987.0,436.0
16512333,Britto's Bar & Restaurant,Baga,False,1400,7.244941546337007,4.3,4.27924666551353,3.9683718567991653,0.3108748087143649,792.0,129.0
16512336,Fat Fish,Baga,False,1000,6.90875477931522,4.2,4.154046995304207,3.8979209199673495,0.2561260753368577,1001.0,169.0
16519168,Martin's Corner,Betalbatim,False,1600,7.3783837129967145,4.4,4.355852689648031,3.996335853530287,0.35951683611774365,651.0,106.0
130021,Infantaria,Calangute,False,800,6.68586094706836,3.7,3.6865452998033916,3.851211528533131,-0.16466622872973957,5163.0,447.0
130567,Souza Lobo,"Calangute Beach, Calangute",False,1300,7.170888478512505,4.3,4.251926091779015,3.952853375659281,0.2990727161197335,842.0,141.0
130008,Fisherman's Cove,Candolim,False,700,6.55250788703459,3.8,3.766173124231242,3.823266204890575,-0.05709308065933305,3859.0,370.0
16519267,Calamari,Candolim,False,800,6.68586094706836,4.2,4.110178252160492,3.851211528533131,0.25896672362736073,990.0,168.0
130535,The Fisherman's Wharf,Cavelossim,False,1100,7.00397413672268,4.6,4.498696242964085,3.91787498595664,0.5808212570074449,243.0,51.0
130699,LPK Waterfront,Nerul,False,1500,7.313886831633462,3.7,3.669756691593465,3.982819956533434,-0.3130632649399687,5825.0,542.0
16512168,Ritz Classic,Panaji,False,600,6.398594934535208,4.5,4.436684511530155,3.791012372325447,0.6456721392047076,171.0,32.0
130888,The Black Sheep Bistro,Panaji,False,1500,7.313886831633462,4.7,4.609469220205901,3.982819956533434,0.6266492636724674,192.0,42.0
16519231,Cafe Al Fresco by Cantina Bodega,Panaji,False,800,6.68586094706836,4.3,4.151950734873591,3.851211528533131,0.3007392063404595,834.0,139.0
16541849,The Fisherman's Wharf,Panaji,False,1100,7.00397413672268,4.4,4.261861641801902,3.91787498595664,0.3439866558452618,700.0,113.0
18022206,Antares,Vagator,False,2000,7.601402334583733,4.2,4.100030121995932,4.043071395684233,0.056958726311698626,2141.0,294.0
18396451,K Lab," ILD Trade Centre Mall, Sohna Road",True,350,5.860786223465865,3.4,3.3632697038508845,3.348426114537516,0.01484358931336871,2666.0,2350.0
18237941,Pind Balluchi," ILD Trade Centre Mall, Sohna Road",True,800,6.68586094706836,2.7,2.947383959304709,3.4298034897290544,-0.4824195304243455,6204.0,5548.0
2787,Punjab Grill,"Ambience Mall, Gurgaon",True,2000,7.601402334583733,4.3,4.275987877453671,3.520103619964429,0.7558842574892424,105.0,88.0
3431,Zambar,"Ambience Mall, Gurgaon",True,1400,7.244941546337007,4.0,3.9626469221507725,3.4849457821633028,0.47770113998746977,375.0,306.0
303699,Cakes & More,"Ansal Plaza Mall, Palam Vihar",True,250,5.5254529391317835,3.0,3.324764731137877,3.3153520889822103,0.009412642155666617,2711.0,2387.0
5915,Kwality Wall's Swirl's,"Ansal Plaza Mall, Palam Vihar",True,200,5.303304908059076,3.0,3.3187505694501387,3.2934415599652347,0.025309009484904,2515.0,2206.0
7076,Yo! Dimsum,"Ansal Plaza Mall, Palam Vihar",True,200,5.303304908059076,3.0,3.2917378093272456,3.2934415599652347,-0.0017037506379891099,2880.0,2553.0
300439,Red,Ardee City,True,1200,7.0909098220799835,3.0,3.1623823655689383,3.4697535855565107,-0.30737121998757244,5806.0,5268.0
18458334,Rocketchefs,Ardee City,True,500,6.2166061010848646,3.1,3.3323119009491977,3.3835207391251902,-0.05120883817599253,3756.0,3394.0
18353710,The Fresh Chicken Store,Ardee City,True,350,5.860786223465865,2.9,3.317217561326556,3.348426114537516,-0.03120855321095961,3376.0,3029.0
5904,Club Tokyo - Best Western Skycity Hotel,"Best Western Skycity Hotel, Sector 15, Gurgaon",True,1500,7.313886831633462,2.8,3.235685979843669,3.4917458769774545,-0.2560598971337855,5636.0,5135.0
5876,Lattitude - Skycity Hotel,"Best Western Skycity Hotel, Sector 15, Gurgaon",True,2500,7.824445930877619,2.9,3.2455082929735544,3.542102478856175,-0.29659418588262065,5774.0,5245.0
872,Bisque Bakery,"Central Arcade, DLF Phase 2, Gurgaon",True,500,6.2166061010848646,3.9,3.8420528679963524,3.3835207391251902,0.4585321288711621,429.0,350.0
18365849,Behrouz Biryani,"Central Plaza Mall, Golf Course Road",True,600,6.398594934535208,3.4,3.371912126474206,3.4014703540590903,-0.029558227584884467,3353.0,3007.0
227,Domino's Pizza,"Central Plaza Mall, Golf Course Road",True,700,6.55250788703459,3.4,3.384395625819003,3.416650836170689,-0.03225521035168599,3401.0,3054.0
3446,Giani,"Central Plaza Mall, Golf Course Road",True,400,5.993961427306569,3.4,3.379937233195861,3.3615612260845467,0.018376007111314152,2612.0,2297.0
300100,PizzaVito,"Central Plaza Mall, Golf Course Road",True,900,6.803505257608338,3.3,3.3094102275292414,3.4414067844659977,-0.13199655693675627,4911.0,4485.0
8597,Shawarma House,"Central Plaza Mall, Golf Course Road",True,500,6.2166061010848646,3.4,3.391286608577764,3.3835207391251902,0.007765869452573959,2750.0,2426.0
3449,Subway,"Central Plaza Mall, Golf Course Road",True,500,6.2166061010848646,2.5,2.709610707287977,3.3835207391251902,-0.6739100318372131,6402.0,5708.0
303749,Asian Bistro,"Central Plaza Mall, Golf Course Road",True,1600,7.3783837129967145,3.8,3.7056331791858685,3.498107224335746,0.20752595485012248,1208.0,1011.0
18349898,BBQ Factory,"Central Plaza Mall, Golf Course Road",True,1400,7.244941546337007,3.9,3.7621155423092687,3.4849457821633028,0.27716976014596595,919.0,762.0
18349892,Faaso's,"Central Plaza Mall, Golf Course Road",True,600,6.398594934535208,3.6,3.451372326223262,3.4014703540590903,0.04990197216417158,2236.0,1936.0
18425752,Chaayos,"Central Plaza Mall, Golf Course Road",True,400,5.993961427306569,4.3,3.820747739693891,3.3615612260845467,0.45918651360934426,426.0,347.0
7507,Mosaic - Country Inn & Suites,"Country Inn & Suites by Carlson, Gurgaon",True,1500,7.313886831633462,3.8,3.642946648216482,3.4917458769774545,0.15120077123902753,1465.0,1239.0
300490,60 ML - Country Inn & Suites by Carlson,"Country Inn & Suites by Carlson, Sector 12",True,1000,6.90875477931522,3.0,3.307366620541205,3.4517875773465194,-0.1444209568053143,5022.0,4586.0
300488,Mosaic - Country Inn & Suites by Carlson,"Country Inn & Suites by Carlson, Sector 12",True,1800,7.496097345175956,3.5,3.415261985468691,3.5097173562874113,-0.09445537081872013,4465.0,4068.0
18306521,Big Shot Bar - Country Inn & Suites,"Country Inn & Suites By Carlson, Udyog Vihar",True,2200,7.696667081526462,3.5,3.4100312438309563,3.529499611421586,-0.11946836759062984,4790.0,4370.0
309090,Mosaic - Country Inn & Suites By Carlson,"Country Inn & Suites, Sohna Road",True,1300,7.170888478512505,3.4,3.364890158092757,3.477641905178529,-0.11275174708577174,4718.0,4304.0
18441709,Downtown Kitchen & Bar - Courtyard by Marriott,"Courtyard by Marriott, Sushant Lok",True,2700,7.901377353792616,3.2,3.334773286369227,3.549690248893824,-0.21491696252459658,5461.0,4994.0
304832,Di Ghent Boulangerie,"Cross Point Mall, DLF Phase 4",True,1700,7.438971592395862,3.9,3.803973324108241,3.50408302562123,0.2998902984870111,835.0,696.0
311297,Khyen Chyen,"Cross Point Mall, DLF Phase 4",True,800,6.68586094706836,3.7,3.658625982446265,3.4298034897290544,0.22882249271721067,1106.0,926.0
303858,The Pint Room,"Cross Point Mall, DLF Phase 4",True,1700,7.438971592395862,3.7,3.6029121065358383,3.50408302562123,0.09882908091460818,1793.0,1529.0
302288,Tughlaq,"Cross Point Mall, DLF Phase 4",True,1000,6.90875477931522,3.5,3.4817813268757685,3.4517875773465194,0.029993749529249047,2464.0,2158.0
18233573,Big Wong XL,"Cross Point Mall, DLF Phase 4",True,1500,7.313886831633462,4.0,3.8493484869682817,3.4917458769774545,0.35760260999082716,657.0,551.0
309015,Bunker,"Cross Point Mall, DLF Phase 4",True,1300,7.170888478512505,4.2,4.059974851011137,3.477641905178529,0.5823329458326079,242.0,192.0
18382344,Culture Cafe,"Cross Point Mall, DLF Phase 4",True,1500,7.313886831633462,4.2,3.9845208847166194,3.4917458769774545,0.4927750077391648,352.0,285.0
18254537,Nowhere Terrace Brewpub Cafe,"Cross Point Mall, DLF Phase 4",True,1600,7.3783837129967145,4.1,3.96050391920269,3.498107224335746,0.462396694866944,415.0,338.0
4358,Cafe G - Crowne Plaza,"Crowne Plaza, Sector 29",True,3500,8.160803920954665,3.9,3.7830979597839454,3.5752775714558593,0.20782038832808603,1204.0,1009.0
2443,Wildfire - Crowne Plaza,"Crowne Plaza, Sector 29",True,5000,8.517393171418904,3.7,3.605069615279486,3.6104480795252334,-0.005378464245747505,2925.0,2593.0
270,Isabella,"Cyber Greens, DLF Cyber City",True,700,6.55250788703459,2.8,2.912552211459614,3.416650836170689,-0.5040986247110748,6232.0,5569.0
309252,Fatburger,"Cyber Hub, DLF Cyber City",True,1000,6.90875477931522,3.3,3.302984003266398,3.4517875773465194,-0.14880357408012124,5052.0,4614.0
18303709,Burma Burma,"Cyber Hub, DLF Cyber City",True,1500,7.313886831633462,4.6,4.500020475082201,3.4917458769774545,1.0082745981047467,21.0,19.0
18409224,Pier 38,"Cyber Hub, DLF Cyber City",True,1200,7.0909098220799835,4.6,4.329258985620829,3.4697535855565107,0.8595054000643181,61.0,51.0
18277179,Yum Yum Cha,"Cyber Hub, DLF Cyber City",True,1800,7.496097345175956,4.5,4.376562567434885,3.5097173562874113,0.8668452111474734,57.0,48.0
308570,Amici Cafe,"Cyber Hub, DLF Cyber City",True,1200,7.0909098220799835,3.7,3.67544903843435,3.4697535855565107,0.2056954528778392,1222.0,1024.0
308263,Au Bon Pain,"Cyber Hub, DLF Cyber City",True,600,6.398594934535208,3.7,3.66904443976505,3.4014703540590903,0.26757408570595986,961.0,797.0
306133,California Pizza Kitchen,"Cyber Hub, DLF Cyber City",True,2500,7.824445930877619,3.7,3.683394101798161,3.542102478856175,0.14129162294198583,1527.0,1295.0
306142,Chai Point,"Cyber Hub, DLF Cyber City",True,200,5.303304908059076,3.7,3.671184706155662,3.2934415599652347,0.3777431461904275,596.0,495.0
308609,Cherry Comet,"Cyber Hub, DLF Cyber City",True,400,5.993961427306569,3.6,3.5758185133934672,3.3615612260845467,0.21425728730892057,1172.0,984.0
18383453,Circus,"Cyber Hub, DLF Cyber City",True,1250,7.1316985104669115,3.9,3.8036291424742203,3.473776586508402,0.32985255596581853,739.0,617.0
305478,Dunkin' Donuts,"Cyber Hub, DLF Cyber City",True,600,6.398594934535208,3.8,3.770683374333743,3.4014703540590903,0.36921302027465286,623.0,521.0
308357,Holy Smoke,"Cyber Hub, DLF Cyber City",True,1800,7.496097345175956,3.6,3.5663329578737772,3.5097173562874113,0.056615601586365916,2145.0,1851.0
306128,Italiano,"Cyber Hub, DLF Cyber City",True,1500,7.313886831633462,3.6,3.5819177014099517,3.4917458769774545,0.09017182443249716,1847.0,1579.0
308020,Krispy Kreme,"Cyber Hub, DLF Cyber City",True,350,5.860786223465865,3.9,3.8432753813297627,3.348426114537516,0.49484926679224683,349.0,282.0
309883,Not Just Paranthas,"Cyber Hub, DLF Cyber City",True,1100,7.00397413672268,3.6,3.5844349051728064,3.4611790920197736,0.1232558131530328,1624.0,1381.0
306132,Oh! Calcutta,"Cyber Hub, DLF Cyber City",True,1700,7.438971592395862,3.8,3.7708775241725925,3.50408302562123,0.2667944985513624,963.0,799.0
306956,Olive Bistro,"Cyber Hub, DLF Cyber City",True,2000,7.601402334583733,3.9,3.8825292597467884,3.520103619964429,0.36242563978235953,644.0,539.0
305862,Pita Pit,"Cyber Hub, DLF Cyber City",True,600,6.398594934535208,3.9,3.870742688520465,3.4014703540590903,0.46927233446137473,400.0,326.0
307309,Raasta,"Cyber Hub, DLF Cyber City",True,2000,7.601402334583733,3.8,3.7802625949284625,3.520103619964429,0.2601589749640336,985.0,819.0
306131,Red Mango,"Cyber Hub, DLF Cyber City",True,700,6.55250788703459,3.6,3.5705616684790034,3.416650836170689,0.15391083230831448,1450.0,1224.0
306127,Rred Hot Asian Bistro,"Cyber Hub, DLF Cyber City",True,1400,7.244941546337007,3.5,3.483169816975306,3.4849457821633028,-0.0017759651879969418,2885.0,2558.0
313149,Smaaash,"Cyber Hub, DLF Cyber City",True,1400,7.244941546337007,3.9,3.8599292559617098,3.4849457821633028,0.374983473798407,602.0,500.0
306001,Starbucks,"Cyber Hub, DLF Cyber City",True,700,6.55250788703459,3.9,3.855849804187697,3.416650836170689,0.4391989680170081,464.0,378.0
308016,Sutra Gastropub,"Cyber Hub, DLF Cyber City",True,2300,7.741099090035366,3.8,3.7799201194066736,3.533881954164017,0.24603816524265643,1040.0,868.0
18336509,Taco Bell,"Cyber Hub, DLF Cyber City",True,550,6.311734809152915,3.8,3.7022779144458107,3.3929033130260597,0.3093746014197509,800.0,669.0
18336176,The People & Co.,"Cyber Hub, DLF Cyber City",True,1700,7.438971592395862,3.7,3.6230294177941778,3.50408302562123,0.11894639217294767,1654.0,1409.0
18383472,Theobroma,"Cyber Hub, DLF Cyber City",True,600,6.398594934535208,3.8,3.720335256341693,3.4014703540590903,0.3188649022826029,767.0,642.0
18292448,Wendy's,"Cyber Hub, DLF Cyber City",True,400,5.993961427306569,3.9,3.8220653065226298,3.3615612260845467,0.4605040804380831,421.0,343.0
306134,The Wine Company,"Cyber Hub, DLF Cyber City",True,2000,7.601402334583733,2.4,2.418940483848154,3.520103619964429,-1.1011631361162748,6499.0,5804.0
306946,Cafe Delhi Heights,"Cyber Hub, DLF Cyber City",True,2000,7.601402334583733,4.0,3.983172329671947,3.520103619964429,0.4630687097075179,412.0,335.0
18289242,Cyber Hub Social,"Cyber Hub, DLF Cyber City",True,1500,7.313886831633462,4.3,4.2392320663402705,3.4917458769774545,0.747486189362816,110.0,92.0
18277030,Delifrance - The France Cafe Bakery,"Cyber Hub, DLF Cyber City",True,800,6.68586094706836,4.0,3.8718247207673686,3.4298034897290544,0.44202123103831426,457.0,373.0
306153,Dhaba By Claridges,"Cyber Hub, DLF Cyber City",True,2000,7.601402334583733,4.0,3.9813781668133026,3.520103619964429,0.4612745468488737,419.0,341.0
308022,Farzi Cafe,"Cyber Hub, DLF Cyber City",True,2200,7.696667081526462,4.3,4.289515681269803,3.529499611421586,0.7600160698482168,101.0,84.0
305905,Hard Rock Cafe,"Cyber Hub, DLF Cyber City",True,2500,7.824445930877619,4.1,4.081637903278432,3.542102478856175,0.5395354244222572,295.0,239.0
18245277,Instapizza,"Cyber Hub, DLF Cyber City",True,900,6.803505257608338,4.0,3.8813900401130876,3.4414067844659977,0.43998325564708995,461.0,375.0
305670,Made In Punjab,"Cyber Hub, DLF Cyber City",True,1500,7.313886831633462,4.0,3.980664556417462,3.4917458769774545,0.48891867944000733,358.0,291.0
305815,Nando's,"Cyber Hub, DLF Cyber City",True,1200,7.0909098220799835,4.0,3.982131832911921,3.4697535855565107,0.5123782473554104,328.0,266.0
18208920,Quaff,"Cyber Hub, DLF Cyber City",True,1750,7.467942332285852,4.1,4.008737638682357,3.506940418657476,0.5017972200248808,341.0,276.0
306046,SodaBottleOpenerWala,"Cyber Hub, DLF Cyber City",True,1300,7.170888478512505,4.0,3.9890084822788063,3.477641905178529,0.5113665771002776,330.0,268.0
18381226,The Grill Mill,"Cyber Hub, DLF Cyber City",True,1500,7.313886831633462,4.0,3.8767927548461527,3.4917458769774545,0.3850468778686982,577.0,477.0
4992,Knight Rider,DLF Cyber City,True,1200,7.0909098220799835,3.1,3.1526176527790915,3.4697535855565107,-0.31713593277741925,5838.0,5289.0
300749,Chaayos,DLF Cyber City,True,400,5.993961427306569,3.8,3.750254594457709,3.3615612260845467,0.38869336837316215,568.0,468.0
278,Nooba,DLF Cyber City,True,1500,7.313886831633462,3.8,3.7424411799746267,3.4917458769774545,0.25069530299717213,1018.0,847.0
225,Domino's Pizza,DLF Cyber City,True,700,6.55250788703459,2.4,2.6678881077603878,3.416650836170689,-0.7487627284103011,6438.0,5744.0
18337929,Indigo Delicatessen,DLF Cyber City,True,1800,7.496097345175956,4.2,4.036269806103572,3.5097173562874113,0.5265524498161609,311.0,251.0
5960,Escape Terrace Bar Kitchen,"DLF Galleria, DLF Phase 4",True,1700,7.438971592395862,3.4,3.3930394482516255,3.50408302562123,-0.11104357736960457,4693.0,4283.0
1664,Kwaliti,"DLF Galleria, DLF Phase 4",True,700,6.55250788703459,3.3,3.314115341293862,3.416650836170689,-0.10253549487682667,4573.0,4174.0
157,Subway,"DLF Galleria, DLF Phase 4",True,500,6.2166061010848646,2.5,2.739727188220158,3.3835207391251902,-0.6437935509050323,6382.0,5689.0
18235155,Burger Point,"DLF Galleria, DLF Phase 4",True,300,5.707110264748875,3.8,3.621240087400874,3.3332690071959785,0.28797108020489537,888.0,738.0
310211,Chaat Chowk,"DLF Galleria, DLF Phase 4",True,350,5.860786223465865,3.7,3.6357613937981488,3.348426114537516,0.28733527926063296,892.0,742.0
3346,Chef Style,"DLF Galleria, DLF Phase 4",True,700,6.55250788703459,3.8,3.72365462066079,3.416650836170689,0.30700378449010124,811.0,677.0
310854,Delhicacy,"DLF Galleria, DLF Phase 4",True,350,5.860786223465865,3.8,3.7399249474052114,3.348426114537516,0.3914988328676956,562.0,463.0
18247015,Dimsum & Co.,"DLF Galleria, DLF Phase 4",True,650,6.478509642208569,3.9,3.75466232838004,3.4093523663952126,0.34530996198482766,695.0,584.0
309387,Instapizza,"DLF Galleria, DLF Phase 4",True,900,6.803505257608338,3.6,3.5743421700006475,3.4414067844659977,0.13293538553464979,1573.0,1337.0
7418,L'Opera,"DLF Galleria, DLF Phase 4",True,400,5.993961427306569,3.8,3.7102552275522753,3.3615612260845467,0.34869400146772866,682.0,572.0
1455,Lazeez Food,"DLF Galleria, DLF Phase 4",True,800,6.68586094706836,3.5,3.467173561938322,3.4298034897290544,0.03737007220926758,2360.0,2057.0
18241867,Le Marche Sugar & Spice Cafe,"DLF Galleria, DLF Phase 4",True,700,6.55250788703459,3.5,3.4278468391119548,3.416650836170689,0.011196002941265881,2696.0,2375.0
308889,The Breakfast Club,"DLF Galleria, DLF Phase 4",True,500,6.2166061010848646,3.5,3.4693803813038127,3.3835207391251902,0.08585964217862241,1884.0,1614.0
4620,Sugar & Spice - Le Marche,"DLF Galleria, DLF Phase 4",True,800,6.68586094706836,2.4,2.7402374507321716,3.4298034897290544,-0.6895660389968827,6412.0,5718.0
18322666,Crudo Juicery,"DLF Galleria, DLF Phase 4",True,400,5.993961427306569,4.3,4.07099768842516,3.3615612260845467,0.7094364623406131,125.0,101.0
311718,Fork with Stick,"DLF Galleria, DLF Phase 4",True,800,6.68586094706836,4.0,3.85418592087297,3.4298034897290544,0.4243824311439157,491.0,404.0
18255106,Uptown Fresh Beer Cafe,"DLF Galleria, DLF Phase 4",True,2500,7.824445930877619,4.1,3.9685036944455465,3.542102478856175,0.4264012155893715,488.0,401.0
4876,Barista,"DLF Mega Mall, DLF Phase 1",True,650,6.478509642208569,3.2,3.310634787318022,3.4093523663952126,-0.09871757907719036,4523.0,4125.0
631,Cafe Coffee Day,"DLF Mega Mall, DLF Phase 1",True,450,6.111467339502679,2.6,3.0843754046093093,3.3731508705500266,-0.28877546594071735,5747.0,5224.0
226,Domino's Pizza,"DLF Mega Mall, DLF Phase 1",True,700,6.55250788703459,2.8,3.141930768991234,3.416650836170689,-0.27472006717945474,5705.0,5191.0
8805,Italiano,"DLF Mega Mall, DLF Phase 1",True,1500,7.313886831633462,3.0,3.1756380688806884,3.4917458769774545,-0.3161078080967661,5836.0,5287.0
3540,McDonald's,"DLF Mega Mall, DLF Phase 1",True,500,6.2166061010848646,2.6,3.065981401902626,3.3835207391251902,-0.3175393372225641,5841.0,5292.0
311579,Parantha Gurus,"DLF Mega Mall, DLF Phase 1",True,500,6.2166061010848646,3.3,3.3330596151356247,3.3835207391251902,-0.05046112398956559,3746.0,3384.0
303709,Pizza Hut Delivery,"DLF Mega Mall, DLF Phase 1",True,800,6.68586094706836,2.8,3.1463144967988135,3.4298034897290544,-0.2834889929302409,5730.0,5212.0
18391156,Sibang Bakery,"DLF Mega Mall, DLF Phase 1",True,300,5.707110264748875,3.3,3.3405246895210885,3.3332690071959785,0.00725568232510998,2755.0,2431.0
301319,Sonya Bakery Cafe,"DLF Mega Mall, DLF Phase 1",True,350,5.860786223465865,3.3,3.336413489134891,3.348426114537516,-0.01201262540262471,3039.0,2704.0
158,Subway,"DLF Mega Mall, DLF Phase 1",True,500,6.2166061010848646,3.1,3.229605586845342,3.3835207391251902,-0.1539151522798483,5085.0,4646.0
1360,Viva Hyderabad,"DLF Mega Mall, DLF Phase 1",True,600,6.398594934535208,2.5,2.8534960233076903,3.4014703540590903,-0.5479743307514,6294.0,5614.0
310737,7 Barrel Brew Pub,"DLF Mega Mall, DLF Phase 1",True,2000,7.601402334583733,3.9,3.8501160125237615,3.520103619964429,0.33001239255933257,736.0,615.0
4762,Wai Yu Mun Ching,"DLF Mega Mall, DLF Phase 1",True,800,6.68586094706836,3.5,3.454736215840419,3.4298034897290544,0.024932726111364545,2523.0,2214.0
311116,KFC,"DLF Mega Mall, DLF Phase 1",True,500,6.2166061010848646,2.2,2.662397793035307,3.3835207391251902,-0.7211229460898831,6423.0,5729.0
3483,Burmese Kitchen Plus,DLF Phase 1,True,800,6.68586094706836,3.4,3.379057287283399,3.4298034897290544,-0.05074620244565553,3749.0,3387.0
18308025,Drinks Come True,DLF Phase 1,True,150,5.017279836814924,3.1,3.312285012936336,3.2652308187184387,0.04705419421789747,2266.0,1966.0
307272,Eat All Nite,DLF Phase 1,True,800,6.68586094706836,3.2,3.2318134366965987,3.4298034897290544,-0.19799005303245565,5368.0,4909.0
18025115,Frontier,DLF Phase 1,True,200,5.303304908059076,2.9,3.317217561326556,3.2934415599652347,0.02377600136132152,2535.0,2224.0
18454285,GenY Cuisines,DLF Phase 1,True,250,5.5254529391317835,3.0,3.324764731137877,3.3153520889822103,0.009412642155666617,2711.0,2387.0
1687,K Raga's,DLF Phase 1,True,600,6.398594934535208,2.9,3.309491310190879,3.4014703540590903,-0.0919790438682111,4424.0,4028.0
308605,Kangri,DLF Phase 1,True,750,6.621405651764134,3.4,3.3820491033857705,3.423446244016628,-0.04139714063085753,3558.0,3205.0
18422652,Makhmali Kebabs,DLF Phase 1,True,550,6.311734809152915,3.2,3.3256361144119913,3.3929033130260597,-0.06726719861406849,4042.0,3668.0
18131568,Masala Ville,DLF Phase 1,True,650,6.478509642208569,3.2,3.3158207929735544,3.4093523663952126,-0.09353157342165819,4451.0,4054.0
18034048,Night Food Xprs,DLF Phase 1,True,650,6.478509642208569,3.1,3.3018447663984833,3.4093523663952126,-0.10750759999672921,4643.0,4236.0
18138457,Roti Boti,DLF Phase 1,True,700,6.55250788703459,2.9,3.1632444136941364,3.416650836170689,-0.25340642247655243,5633.0,5133.0
313272,Sama Chicken Biryani,DLF Phase 1,True,200,5.303304908059076,2.9,3.317217561326556,3.2934415599652347,0.02377600136132152,2535.0,2224.0
9778,Subway,DLF Phase 1,True,500,6.2166061010848646,2.8,3.0622575801000727,3.3835207391251902,-0.3212631590251176,5849.0,5300.0
312523,The Rolling Pin Bakery,DLF Phase 1,True,500,6.2166061010848646,3.1,3.3086869618696184,3.3835207391251902,-0.07483377725557183,4166.0,3786.0
18424575,Weird Time Food,DLF Phase 1,True,600,6.398594934535208,3.1,3.319866620541205,3.4014703540590903,-0.08160373351788541,4260.0,3873.0
18204463,Twigly,DLF Phase 1,True,500,6.2166061010848646,4.6,4.462190384572764,3.3835207391251902,1.0786696454475742,14.0,12.0
307627,Asian Haus,DLF Phase 1,True,1500,7.313886831633462,3.9,3.8342604663821698,3.4917458769774545,0.34251458940471524,706.0,592.0
301302,Beyond Breads,DLF Phase 1,True,200,5.303304908059076,3.8,3.7413667486674864,3.2934415599652347,0.44792518870225173,444.0,363.0
312995,Biryani By Kilo,DLF Phase 1,True,700,6.55250788703459,3.9,3.8405144485626272,3.416650836170689,0.42386361239193837,493.0,405.0
308577,Captain Grub,DLF Phase 1,True,1000,6.90875477931522,3.8,3.7556704248998134,3.4517875773465194,0.303882847553294,823.0,688.0
313376,Pita Pit,DLF Phase 1,True,600,6.398594934535208,3.5,3.430595530955309,3.4014703540590903,0.02912517689621863,2478.0,2172.0
312536,Rawleaf,DLF Phase 1,True,700,6.55250788703459,3.6,3.459914146555259,3.416650836170689,0.0432633103845701,2308.0,2008.0
310385,Sushi Haus,DLF Phase 1,True,1300,7.170888478512505,3.8,3.672904802024899,3.477641905178529,0.1952628968463701,1266.0,1063.0
311080,Angrezee Choupal,DLF Phase 2,True,500,6.2166061010848646,3.8,3.736817617098585,3.3835207391251902,0.3532968779733947,664.0,558.0
3565,A 1 - Snacks and food corner,DLF Phase 3,True,350,5.860786223465865,2.5,3.1417312423124226,3.348426114537516,-0.2066948722250932,5424.0,4961.0
18367364,Anandum,DLF Phase 3,True,400,5.993961427306569,3.2,3.3195569475856046,3.3615612260845467,-0.04200427849894206,3578.0,3225.0
1028,Apni Rasoi,DLF Phase 3,True,400,5.993961427306569,3.0,3.082356606460801,3.3615612260845467,-0.27920461962374565,5718.0,5201.0
308673,Banke Bihari Bhojanalay,DLF Phase 3,True,200,5.303304908059076,2.6,3.033088597062441,3.2934415599652347,-0.26035296290279364,5653.0,5149.0
18383473,Biryani 365,DLF Phase 3,True,700,6.55250788703459,3.2,3.312311071974356,3.416650836170689,-0.10433976419633284,4597.0,4195.0
18444416,Bro's Kitchenette,DLF Phase 3,True,350,5.860786223465865,3.3,3.3418755125051245,3.348426114537516,-0.006550602032391328,2950.0,2616.0
18161609,Cafe Coffee Day,DLF Phase 3,True,450,6.111467339502679,3.1,3.312285012936336,3.3731508705500266,-0.060865857613690455,3933.0,3562.0
611,Cafe Coffee Day,DLF Phase 3,True,450,6.111467339502679,3.2,3.298833743337433,3.3731508705500266,-0.07431712721259354,4154.0,3775.0
18322677,Cafe Du Rendezvous,DLF Phase 3,True,400,5.993961427306569,3.2,3.305893296432964,3.3615612260845467,-0.055667929651582515,3842.0,3473.0
18204847,Cake 24x7,DLF Phase 3,True,600,6.398594934535208,3.3,3.3339531182473983,3.4014703540590903,-0.067517235811692,4048.0,3674.0
308044,Cake On Wheels,DLF Phase 3,True,200,5.303304908059076,2.8,3.203172100750858,3.2934415599652347,-0.0902694592143769,4392.0,3999.0
18294819,Cake Point,DLF Phase 3,True,600,6.398594934535208,2.9,3.2948666205412054,3.4014703540590903,-0.10660373351788488,4632.0,4228.0
309697,Cake Point,DLF Phase 3,True,600,6.398594934535208,3.0,3.204911080360803,3.4014703540590903,-0.1965592736982873,5354.0,4895.0
18444353,Cakes Degree,DLF Phase 3,True,300,5.707110264748875,3.4,3.364366130601604,3.3332690071959785,0.03109712340562565,2449.0,2143.0
304185,Chateau Garlic,DLF Phase 3,True,700,6.55250788703459,3.0,3.2732147738144044,3.416650836170689,-0.14343606235628448,5013.0,4577.0
18383489,Chennai Express,DLF Phase 3,True,300,5.707110264748875,3.2,3.3158207929735544,3.3332690071959785,-0.017448214222424152,3139.0,2803.0
312022,Crust N Cakes,DLF Phase 3,True,550,6.311734809152915,3.4,3.364366130601604,3.3929033130260597,-0.028537182424455576,3328.0,2983.0
18425765,Dabba Meat,DLF Phase 3,True,550,6.311734809152915,3.4,3.3693914198757366,3.3929033130260597,-0.023511893150323093,3231.0,2889.0
2827,Deepak Rasoi,DLF Phase 3,True,450,6.111467339502679,2.7,3.1494722640888377,3.3731508705500266,-0.22367860646118887,5502.0,5029.0
18223957,Foodaucity - Bum Bum Bholey Ke Chole Bhature,DLF Phase 3,True,300,5.707110264748875,3.3,3.339881440481071,3.3332690071959785,0.006612433285092312,2764.0,2440.0
18492107,Foodies Nation,DLF Phase 3,True,300,5.707110264748875,3.4,3.364890158092757,3.3332690071959785,0.03162115089677853,2430.0,2124.0
300074,Goli Vada Pav No. 1,DLF Phase 3,True,150,5.017279836814924,3.1,3.1932767481083904,3.2652308187184387,-0.07195407061004833,4121.0,3744.0
305096,Grandma's Kitchen,DLF Phase 3,True,400,5.993961427306569,2.5,3.1045294311638765,3.3615612260845467,-0.2570317949206702,5640.0,5139.0
18336206,Gurgaon Hights,DLF Phase 3,True,400,5.993961427306569,2.5,3.113419569857463,3.3615612260845467,-0.24814165622708373,5612.0,5121.0
303094,Idliss,DLF Phase 3,True,400,5.993961427306569,3.4,3.394148359682126,3.3615612260845467,0.03258713359757914,2418.0,2112.0
306858,Indian Home Food,DLF Phase 3,True,600,6.398594934535208,2.6,2.9681253075030747,3.4014703540590903,-0.4333450465560156,6117.0,5487.0
312562,Jetha Lal Ka Dhabha,DLF Phase 3,True,400,5.993961427306569,3.1,3.2207110857873285,3.3615612260845467,-0.1408501402972182,4989.0,4553.0
307935,Kusum Rolls,DLF Phase 3,True,350,5.860786223465865,3.1,3.202604422919229,3.348426114537516,-0.14582169161828684,5029.0,4593.0
302184,Megha Vaishno Dhaba,DLF Phase 3,True,300,5.707110264748875,3.1,3.25015281402814,3.3332690071959785,-0.08311619316783858,4297.0,3908.0
1694,Nikhil Food Point,DLF Phase 3,True,200,5.303304908059076,2.7,3.1693019227986396,3.2934415599652347,-0.12413963716659504,4831.0,4409.0
309541,Plan B,DLF Phase 3,True,1000,6.90875477931522,3.4,3.386809562156395,3.4517875773465194,-0.06497801519012425,3997.0,3624.0
18161587,Punjabi Zaika,DLF Phase 3,True,500,6.2166061010848646,3.2,3.2602644776447764,3.3835207391251902,-0.1232562614804138,4820.0,4399.0
18258475,Rasoi,DLF Phase 3,True,500,6.2166061010848646,3.0,3.3129551045510452,3.3835207391251902,-0.070565634574145,4089.0,3713.0
313209,Roll's Royce,DLF Phase 3,True,200,5.303304908059076,3.2,3.281456381871511,3.2934415599652347,-0.011985178093723903,3036.0,2701.0
302229,Shree Bikaner Misthan Bhandar,DLF Phase 3,True,100,4.61512051684126,3.1,3.2578529583372755,3.2255657205981403,0.03228723773913522,2419.0,2113.0
18441196,Smokey Pan,DLF Phase 3,True,300,5.707110264748875,3.2,3.317659218258849,3.3332690071959785,-0.015609788937129387,3100.0,2764.0
18398610,Surprise O Meal,DLF Phase 3,True,550,6.311734809152915,3.4,3.3715777470274695,3.3929033130260597,-0.021325565998590257,3214.0,2872.0
18237322,Tandoor on The Way,DLF Phase 3,True,300,5.707110264748875,3.2,3.2788567101096535,3.3332690071959785,-0.054412297086325,3828.0,3460.0
309696,Tawa N Tandoor,DLF Phase 3,True,600,6.398594934535208,2.7,3.019125307503075,3.4014703540590903,-0.3823450465560154,6001.0,5406.0
18357544,The Paradise Biryani,DLF Phase 3,True,700,6.55250788703459,2.9,3.211444095074753,3.416650836170689,-0.20520674109593573,5412.0,4949.0
18431563,The Royal,DLF Phase 3,True,550,6.311734809152915,3.3,3.3392582929735544,3.3929033130260597,-0.05364502005250538,3809.0,3443.0
18337747,Theka Desi Khaana,DLF Phase 3,True,350,5.860786223465865,3.0,3.282172635250942,3.348426114537516,-0.06625347928657366,4017.0,3644.0
18258477,Tobasco Kitchen,DLF Phase 3,True,500,6.2166061010848646,3.2,3.2852015028770976,3.3835207391251902,-0.09831923624809269,4515.0,4117.0
18396189,Tpot,DLF Phase 3,True,400,5.993961427306569,3.2,3.3158207929735544,3.3615612260845467,-0.045740433110992296,3668.0,3309.0
6915,Uncle's Cafe,DLF Phase 3,True,350,5.860786223465865,2.7,3.1432295937542705,3.348426114537516,-0.20519652078324535,5410.0,4947.0
18233576,Welcome Cafeteria,DLF Phase 3,True,600,6.398594934535208,3.3,3.3348962604209373,3.4014703540590903,-0.06657409363815292,4029.0,3655.0
18256890,Yo Yo China Town,DLF Phase 3,True,400,5.993961427306569,2.8,3.1376566343788435,3.3615612260845467,-0.2239045917057032,5503.0,5030.0
18384115,Caterspoint,DLF Phase 3,True,500,6.2166061010848646,4.9,4.621001951287895,3.3835207391251902,1.237481212162705,6.0,6.0
18352208,Bake-a-boo,DLF Phase 3,True,200,5.303304908059076,3.7,3.5356974110606485,3.2934415599652347,0.2422558510954138,1055.0,882.0
4171,Burger Hut,DLF Phase 3,True,300,5.707110264748875,3.6,3.5668818770388793,3.3332690071959785,0.23361286984290075,1092.0,914.0
18238279,China Gatherings,DLF Phase 3,True,550,6.311734809152915,3.5,3.423289797371657,3.3929033130260597,0.03038648434559743,2459.0,2153.0
18286517,Crazy Bhukkhad,DLF Phase 3,True,400,5.993961427306569,3.9,3.638956609226286,3.3615612260845467,0.2773953831417395,917.0,760.0
575,Deez Biryani & Kebabs,DLF Phase 3,True,800,6.68586094706836,3.7,3.659315549405494,3.4298034897290544,0.2295120596764395,1104.0,924.0
18280305,Fomads,DLF Phase 3,True,300,5.707110264748875,3.6,3.4375004100040996,3.3332690071959785,0.10423140280812104,1751.0,1487.0
18359286,Happy Beings,DLF Phase 3,True,500,6.2166061010848646,3.5,3.4366307021765867,3.3835207391251902,0.05310996305139648,2191.0,1892.0
18450609,InstaDozza,DLF Phase 3,True,250,5.5254529391317835,3.5,3.405357542211785,3.3153520889822103,0.09000545322957487,1850.0,1582.0
18237324,Mom's Kitchen,DLF Phase 3,True,300,5.707110264748875,3.5,3.404112246714572,3.3332690071959785,0.07084323951859339,2025.0,1740.0
18461214,The Baker's Bar  ... Bakery & Cafe,DLF Phase 3,True,400,5.993961427306569,3.6,3.443750394234711,3.3615612260845467,0.08218916815016453,1915.0,1643.0
18294226,Veg Ex,DLF Phase 3,True,500,6.2166061010848646,3.8,3.5660907526628454,3.3835207391251902,0.18257001353765512,1332.0,1120.0
18383513,Volt - By Plan B,DLF Phase 3,True,1000,6.90875477931522,3.5,3.392831334563345,3.4517875773465194,-0.05895624278317424,3900.0,3529.0
18372311,ZASTY,DLF Phase 3,True,500,6.2166061010848646,3.5,3.4278468391119548,3.3835207391251902,0.04432609998676451,2293.0,1993.0
4172,Aahar,DLF Phase 3,True,400,5.993961427306569,2.0,2.6074544105532795,3.3615612260845467,-0.7541068155312671,6439.0,5745.0
310525,Chicken Bytes,DLF Phase 3,True,500,6.2166061010848646,2.1,2.8387051897627407,3.3835207391251902,-0.5448155493624496,6289.0,5610.0
300054,Flying Cakes,DLF Phase 3,True,350,5.860786223465865,2.2,2.504932598650311,3.348426114537516,-0.843493515887205,6467.0,5773.0
301278,Punjabi Tadka,DLF Phase 3,True,500,6.2166061010848646,2.2,2.8131796820685593,3.3835207391251902,-0.570341057056631,6310.0,5628.0
18451182,Coldpress Company,DLF Phase 3,True,500,6.2166061010848646,4.0,3.6170184427747887,3.3835207391251902,0.23349770364959843,1094.0,916.0
18384142,Crudo Juicery,DLF Phase 3,True,400,5.993961427306569,4.3,3.7330796432964326,3.3615612260845467,0.37151841721188594,611.0,509.0
18241498,First Eat,DLF Phase 3,True,300,5.707110264748875,4.0,3.8493484869682817,3.3332690071959785,0.5160794797723032,322.0,260.0
18265384,Zoe,DLF Phase 3,True,700,6.55250788703459,4.3,4.125235078008674,3.416650836170689,0.7085842418379853,126.0,102.0
311494,Dabba Meat,DLF Phase 4,True,550,6.311734809152915,3.1,3.1504611915996206,3.3929033130260597,-0.24244212142643917,5583.0,5097.0
7078,Kashmiri Kitchen,DLF Phase 4,True,1000,6.90875477931522,3.4,3.390781972008909,3.4517875773465194,-0.06100560533761046,3936.0,3565.0
307185,Rumi's Kitchen,DLF Phase 4,True,500,6.2166061010848646,3.4,3.3888436016369505,3.3835207391251902,0.005322862511760285,2780.0,2456.0
18371404,Baking Bad,DLF Phase 4,True,1000,6.90875477931522,3.7,3.5837587125871257,3.4517875773465194,0.13197113524060633,1578.0,1341.0
18281982,Bamboo Boat,DLF Phase 4,True,700,6.55250788703459,3.8,3.665930065550655,3.416650836170689,0.24927922937996616,1026.0,854.0
311725,Big Jack's,DLF Phase 4,True,800,6.68586094706836,3.5,3.459059161518581,3.4298034897290544,0.029255671789526705,2477.0,2171.0
18365994,Kebab Gali,DLF Phase 4,True,600,6.398594934535208,3.9,3.7737677500014435,3.4014703540590903,0.3722973959423532,610.0,508.0
18254524,Lucknow Mail,DLF Phase 4,True,800,6.68586094706836,3.8,3.6371298574096853,3.4298034897290544,0.20732636768063095,1210.0,1013.0
18070480,Monster's Cafe,DLF Phase 4,True,1200,7.0909098220799835,3.5,3.477083430032413,3.4697535855565107,0.007329844475902458,2754.0,2430.0
312261,Monty's Chicken Wings,DLF Phase 4,True,600,6.398594934535208,3.9,3.7445811026029334,3.4014703540590903,0.34311074854384316,704.0,590.0
18433890,My Country Platter,DLF Phase 4,True,600,6.398594934535208,3.8,3.6001139159118862,3.4014703540590903,0.19864356185279597,1255.0,1053.0
18138434,SARA World Cuisine,DLF Phase 4,True,500,6.2166061010848646,3.9,3.7065649694266725,3.3835207391251902,0.3230442303014822,759.0,635.0
303100,Wah! Amritsar,DLF Phase 4,True,750,6.621405651764134,3.6,3.553482941795067,3.423446244016628,0.13003669777843907,1589.0,1350.0
18025125,World In A Box,DLF Phase 4,True,750,6.621405651764134,3.6,3.5761030014711914,3.423446244016628,0.15265675745456342,1458.0,1232.0
18425140,Bun Intended,DLF Phase 4,True,850,6.7464121285733745,4.2,3.9071304982416017,3.435775671489889,0.4713548267517127,395.0,321.0
18241497,Cafe Gatherings,DLF Phase 4,True,750,6.621405651764134,4.4,4.155297765477655,3.423446244016628,0.7318515214610266,115.0,95.0
18153541,Cafe Soul Garden,DLF Phase 4,True,1300,7.170888478512505,4.1,3.9793175353628536,3.477641905178529,0.5016756301843248,342.0,277.0
18339049,Food O Gram,DLF Phase 4,True,600,6.398594934535208,4.0,3.7679746770095432,3.4014703540590903,0.366504322950453,631.0,529.0
18232093,Happy Hakka,DLF Phase 4,True,650,6.478509642208569,4.1,3.899522025957964,3.4093523663952126,0.4901696595627514,356.0,289.0
18361762,Kaiser,DLF Phase 4,True,650,6.478509642208569,4.1,3.9174752773647135,3.4093523663952126,0.5081229109695009,336.0,273.0
18025098,Pizza Central,DLF Phase 4,True,600,6.398594934535208,4.1,3.916562653751537,3.4014703540590903,0.5150922996924465,325.0,263.0
18337913,Tasty Fare,DLF Phase 5,True,600,6.398594934535208,3.4,3.3737640741792028,3.4014703540590903,-0.027706279879887497,3311.0,2967.0
18138446,Burger Point,DLF Phase 5,True,300,5.707110264748875,3.6,3.461506031253494,3.3332690071959785,0.12823702405751547,1598.0,1359.0
18383447,Drifters Cafe,DLF Phase 5,True,400,5.993961427306569,3.9,3.597893603936039,3.3615612260845467,0.2363323778514923,1087.0,909.0
18381262,Oh! Fudge,DLF Phase 5,True,300,5.707110264748875,3.8,3.645158667255686,3.3332690071959785,0.31188966005970764,785.0,658.0
18349894,Anjlika,"DLF South Point Mall, Golf Course Road",True,400,5.993961427306569,3.1,3.319866620541205,3.3615612260845467,-0.04169460554334181,3565.0,3212.0
304552,IZU,"DLF South Point Mall, Golf Course Road",True,1100,7.00397413672268,3.4,3.3865872514062216,3.4611790920197736,-0.07459184061355195,4162.0,3782.0
4618,Sugar & Spice - Le Marche,"DLF South Point Mall, Golf Course Road",True,800,6.68586094706836,2.9,3.0417469919891507,3.4298034897290544,-0.3880564977399037,6015.0,5413.0
307366,Bizibean,"DLF South Point Mall, Golf Course Road",True,550,6.311734809152915,3.6,3.487153062502847,3.3929033130260597,0.09424974947678733,1821.0,1556.0
18366026,ChandChini,"DLF South Point Mall, Golf Course Road",True,800,6.68586094706836,3.8,3.5529497837113198,3.4298034897290544,0.1231462939822654,1625.0,1382.0
9895,Coffee & Chai Co.,"DLF South Point Mall, Golf Course Road",True,1100,7.00397413672268,3.6,3.5646740021748045,3.4611790920197736,0.10349491015503087,1756.0,1492.0
18453035,Greek Food & Beyond,"DLF South Point Mall, Golf Course Road",True,1200,7.0909098220799835,3.6,3.439638562504046,3.4697535855565107,-0.030115023052464718,3365.0,3018.0
302455,Mediumwelldone,"DLF South Point Mall, Golf Course Road",True,1800,7.496097345175956,3.5,3.4763393855529463,3.5097173562874113,-0.03337797073446502,3420.0,3072.0
308248,Sonya Bakery Cafe,"DLF South Point Mall, Golf Course Road",True,350,5.860786223465865,3.5,3.4121991656663546,3.348426114537516,0.0637730511288388,2086.0,1794.0
313047,Soul & Spice Co.,"DLF South Point Mall, Golf Course Road",True,1000,6.90875477931522,3.8,3.669896631658624,3.4517875773465194,0.2181090543121047,1155.0,969.0
8241,7 Degrees Brauhaus,"DLF South Point Mall, Golf Course Road",True,3200,8.071218539969863,4.2,4.166515725241794,3.566441737619808,0.600073987621986,222.0,174.0
18341926,Cafe Amaretto,"DLF South Point Mall, Golf Course Road",True,1400,7.244941546337007,4.1,3.9128190344403437,3.4849457821633028,0.427873252277041,485.0,398.0
308023,Sibang Bakery,"DLF South Point Mall, Golf Course Road",True,500,6.2166061010848646,4.1,3.9670743867764764,3.3835207391251902,0.5835536476512861,240.0,190.0
311486,The Hangout by 1861,"DLF South Point Mall, Golf Course Road",True,1600,7.3783837129967145,4.0,3.8681017873456742,3.498107224335746,0.36999456300992817,618.0,516.0
18138430,The Mad Teapot/The Wishing Chair,"DLF South Point Mall, Golf Course Road",True,1000,6.90875477931522,4.4,4.010700990532633,3.4517875773465194,0.5589134131861133,275.0,221.0
18361778,Ninkasi Imperial Brews & Cookery,"DLF Star Mall, Sector 30",True,3000,8.006700845440367,4.2,3.8699407202405363,3.560078337452493,0.30986238278804334,797.0,667.0
9742,Zaffran,"DLF Star Mall, Sector 30",True,1600,7.3783837129967145,4.1,3.9680306861521846,3.498107224335746,0.4699234618164385,397.0,323.0
7518,Spiritual Bar & Lounge-DoubleTree by Hilton,"DoubleTree by Hilton, Sector 56",True,2000,7.601402334583733,3.4,3.3763616905971037,3.520103619964429,-0.14374192936732522,5017.0,4581.0
7516,The Food Store - DoubleTree by Hilton,"DoubleTree by Hilton, Sector 56",True,3000,8.006700845440367,3.6,3.486098418227173,3.560078337452493,-0.07397991922531988,4149.0,3770.0
3586,Barista,"DT City Centre Mall, MG Road",True,650,6.478509642208569,3.3,3.3339531182473983,3.4093523663952126,-0.07539924814781429,4178.0,3797.0
313264,Burger King,"DT City Centre Mall, MG Road",True,500,6.2166061010848646,3.4,3.395234592315983,3.3835207391251902,0.011713853190792545,2691.0,2372.0
311805,Club Mojo,"DT City Centre Mall, MG Road",True,2000,7.601402334583733,2.6,3.0382444136941364,3.520103619964429,-0.48185920627029244,6200.0,5545.0
308897,KFC,"DT City Centre Mall, MG Road",True,500,6.2166061010848646,2.6,2.80116137022026,3.3835207391251902,-0.5823593689049305,6323.0,5639.0
2825,Not Just Paranthas,"DT City Centre Mall, MG Road",True,1100,7.00397413672268,2.7,2.7671842752638054,3.4611790920197736,-0.6939948167559682,6413.0,5719.0
9674,Shree Rathnam,"DT City Centre Mall, MG Road",True,800,6.68586094706836,2.9,3.040844144906417,3.4298034897290544,-0.3889593448226374,6016.0,5414.0
18276997,Mogli's Coffee,"DT City Centre Mall, MG Road",True,150,5.017279836814924,3.8,3.5382444136941364,3.2652308187184387,0.27301359497569777,929.0,771.0
18336180,Pind Balluchi,"DT Mega Mall, DLF Phase 1",True,800,6.68586094706836,2.6,3.090833743337433,3.4298034897290544,-0.3389697463916215,5904.0,5340.0
311061,Sip n Bite,"DT Mega Mall, DLF Phase 1",True,500,6.2166061010848646,3.2,3.2852015028770976,3.3835207391251902,-0.09831923624809269,4515.0,4117.0
18312471,Abar Khabo,"DT Mega Mall, DLF Phase 1",True,550,6.311734809152915,3.6,3.5097224500022777,3.3929033130260597,0.11681913697621793,1671.0,1423.0
18378048,Moti Mahal Delux,"DT Mega Mall, DLF Phase 1",True,1000,6.90875477931522,3.6,3.443750394234711,3.4517875773465194,-0.008037183111808233,2982.0,2648.0
18462584,The Lost Mughal,"DT Mega Mall, DLF Phase 1",True,700,6.55250788703459,3.8,3.561005769025081,3.416650836170689,0.14435493285439227,1513.0,1282.0
5019,Fortune Deli - Fortune Select Excalibur,"Fortune Select Excalibur, Sohna Road",True,1000,6.90875477931522,3.6,3.4660717664868956,3.4517875773465194,0.014284189140376213,2668.0,2352.0
4719,India on my Plate - Fortune Select Excalibur,"Fortune Select Excalibur, Sohna Road",True,2000,7.601402334583733,4.0,3.8013283171894217,3.520103619964429,0.28122469722499277,905.0,752.0
305400,Orchid - Fortune Select Global,"Fortune Select Global, MG Road",True,2500,7.824445930877619,2.6,3.1335149384102534,3.542102478856175,-0.4085875404459216,6054.0,5441.0
309141,Hungry Buffoons,"Global Foyer Mall, Golf Course Road",True,300,5.707110264748875,2.7,3.1371579554836644,3.3332690071959785,-0.19611105171231413,5352.0,4894.0
302880,Karim's,"Global Foyer Mall, Golf Course Road",True,1000,6.90875477931522,2.8,2.8871371959687337,3.4517875773465194,-0.5646503813777857,6305.0,5624.0
303960,Manhattan Brewery & Bar Exchange,"Global Foyer Mall, Golf Course Road",True,2000,7.601402334583733,4.6,4.571434421452058,3.520103619964429,1.0513308014876293,17.0,15.0
9773,Di Miso,"Global Foyer Mall, Golf Course Road",True,1500,7.313886831633462,3.6,3.459914146555259,3.4917458769774545,-0.03183173042219556,3398.0,3051.0
309125,Kuuraku,"Global Foyer Mall, Golf Course Road",True,1250,7.1316985104669115,3.9,3.7265324564535964,3.473776586508402,0.2527558699451946,1012.0,842.0
18463965,Vapour Bar Exchange,"Global Foyer Mall, Golf Course Road",True,1600,7.3783837129967145,3.8,3.525156634378843,3.498107224335746,0.027049410043097133,2495.0,2187.0
18408054,19 Flavours Biryani,"Global Foyer Mall, Golf Course Road",True,700,6.55250788703459,4.1,3.824154366543665,3.416650836170689,0.40750353037297593,528.0,435.0
2091,Bhai Ji Foods,Golf Course Road,True,400,5.993961427306569,3.3,3.311740797898633,3.3615612260845467,-0.04982042818591381,3736.0,3374.0
305790,Captain Bill$ Deliverz,Golf Course Road,True,1000,6.90875477931522,2.7,2.836378336539776,3.4517875773465194,-0.6154092408067435,6361.0,5672.0
3445,Curry n Phulka,Golf Course Road,True,550,6.311734809152915,2.8,3.0784796984567775,3.3929033130260597,-0.31442361456928225,5833.0,5286.0
312111,Jaguar,Golf Course Road,True,800,6.68586094706836,2.8,3.2287703293699597,3.4298034897290544,-0.2010331603590947,5381.0,4921.0
2475,Jalsa Lounge,Golf Course Road,True,850,6.7464121285733745,3.2,3.286192218026831,3.435775671489889,-0.149583453463058,5059.0,4621.0
18361772,Lord of Grillz,Golf Course Road,True,800,6.68586094706836,3.2,3.293829503168449,3.4298034897290544,-0.13597398656060555,4950.0,4520.0
308553,Midnight Cravings Beyond Control,Golf Course Road,True,800,6.68586094706836,3.3,3.3065260538969024,3.4298034897290544,-0.123277435832152,4821.0,4400.0
307043,Outback,Golf Course Road,True,1000,6.90875477931522,3.4,3.3845969725826284,3.4517875773465194,-0.06719060476389105,4040.0,3666.0
307304,The Cinnamon Kitchen,Golf Course Road,True,600,6.398594934535208,3.4,3.3758841489930047,3.4014703540590903,-0.025586205066085554,3274.0,2930.0
18427868,Dudleys,Golf Course Road,True,1000,6.90875477931522,4.6,4.292525280152299,3.4517875773465194,0.8407377028057796,67.0,56.0
2148,56 Ristorante Italiano,Golf Course Road,True,2200,7.696667081526462,3.7,3.6632527543017366,3.529499611421586,0.1337531428801504,1564.0,1329.0
18450874,All Time Cafe,Golf Course Road,True,500,6.2166061010848646,3.6,3.449537416670463,3.3835207391251902,0.06601667754527263,2066.0,1775.0
18408063,Baba's,Golf Course Road,True,900,6.803505257608338,3.6,3.5233492500019334,3.4414067844659977,0.08194246553593576,1920.0,1648.0
18393697,Chilli Indiana,Golf Course Road,True,500,6.2166061010848646,3.8,3.621240087400874,3.3835207391251902,0.23771934827568364,1079.0,903.0
8931,Go Kylin,Golf Course Road,True,1500,7.313886831633462,3.5,3.4439425442331344,3.4917458769774545,-0.04780333274432014,3700.0,3341.0
306880,Just for Chai,Golf Course Road,True,450,6.111467339502679,3.5,3.455833519698833,3.3731508705500266,0.08268264914880641,1911.0,1640.0
18408031,Kabab Mistri,Golf Course Road,True,550,6.311734809152915,3.6,3.4566180088271468,3.3929033130260597,0.06371469580108702,2087.0,1795.0
304897,Nashta,Golf Course Road,True,700,6.55250788703459,3.7,3.637408537546914,3.416650836170689,0.22075770137622497,1146.0,960.0
309136,Nooba,Golf Course Road,True,1500,7.313886831633462,3.6,3.538134673859429,3.4917458769774545,0.0463887968819745,2272.0,1972.0
307580,Side Wok,Golf Course Road,True,2000,7.601402334583733,3.9,3.818275169453822,3.520103619964429,0.29817154948939306,846.0,703.0
18430557,Takamaka,Golf Course Road,True,1700,7.438971592395862,3.9,3.6682114719854098,3.50408302562123,0.16412844636417967,1404.0,1184.0
18441771,The Ark,Golf Course Road,True,2000,7.601402334583733,3.7,3.5182184122373132,3.520103619964429,-0.0018852077271156453,2888.0,2560.0
18460311,The Gathering Hut,Golf Course Road,True,700,6.55250788703459,3.5,3.404112246714572,3.416650836170689,-0.012538589456116966,3045.0,2710.0
18161583,Wangchuk's Ladakhi Kitchen,Golf Course Road,True,850,6.7464121285733745,3.6,3.557974243966578,3.435775671489889,0.12219857247668875,1633.0,1390.0
18237346,Daawat-e-Kashmir,Golf Course Road,True,1200,7.0909098220799835,4.2,3.986730926924654,3.4697535855565107,0.5169773413681433,321.0,259.0
311662,La Pino'z Pizza,Golf Course Road,True,1000,6.90875477931522,4.0,3.8967939310074917,3.4517875773465194,0.4450063536609723,448.0,367.0
18430602,The Diet Kitchen,Golf Course Road,True,700,6.55250788703459,4.0,3.539312039859529,3.416650836170689,0.12266120368883993,1629.0,1386.0
5172,Om Sweets & Snacks,"Hong Kong Bazaar Mall, Sector 57, Gurgaon",True,500,6.2166061010848646,3.1,3.165842410429452,3.3835207391251902,-0.21767832869573844,5475.0,5005.0
6643,Subway,"Hong Kong Bazaar Mall, Sector 57, Gurgaon",True,500,6.2166061010848646,2.8,2.9800835383353825,3.3835207391251902,-0.4034372007898077,6045.0,5433.0
300978,Taste of Tamil Nadu,"Hong Kong Bazaar Mall, Sector 57, Gurgaon",True,400,5.993961427306569,3.1,3.186101613638514,3.3615612260845467,-0.1754596124460326,5233.0,4782.0
311640,The Bridge - Hotel Clark Inn Gurgaon,"Hotel Clark Inn, Sector 15",True,1400,7.244941546337007,2.8,3.2823666205412048,3.4849457821633028,-0.202579161622098,5392.0,4931.0
303430,Gardenia - Hotel Grenville,"Hotel Grenville, MG Road",True,1500,7.313886831633462,2.8,3.2220707929735544,3.4917458769774545,-0.26967508400390017,5689.0,5177.0
309423,Armory - Hotel Haut.Monde,"Hotel Haute.Monde, Sector 15",True,1000,6.90875477931522,2.9,3.3020460136419545,3.4517875773465194,-0.14974156370456493,5062.0,4624.0
309421,Citron - Hotel Haut.Monde,"Hotel Haute.Monde, Sector 15",True,1300,7.170888478512505,2.7,3.214718237908185,3.477641905178529,-0.26292366727034366,5666.0,5158.0
308390,Gabbar Meals,"Huda City Centre Metro Station, Sector 29, Gurgaon",True,450,6.111467339502679,3.4,3.3922735622987297,3.3731508705500266,0.01912269174870307,2606.0,2292.0
308473,McDonald's,"Huda City Centre Metro Station, Sector 29, Gurgaon",True,500,6.2166061010848646,2.7,2.929586552160486,3.3835207391251902,-0.45393418696470444,6155.0,5514.0
308997,Crust Bistro,"Huda City Centre Metro Station, Sector 29, Gurgaon",True,800,6.68586094706836,3.6,3.5368524909342356,3.4298034897290544,0.10704900120518124,1733.0,1472.0
308470,Dunkin' Donuts,"Huda City Centre Metro Station, Sector 29, Gurgaon",True,600,6.398594934535208,3.6,3.5582620916106427,3.4014703540590903,0.1567917375515524,1440.0,1216.0
308477,Kabab Roll Cafe,"Huda City Centre Metro Station, Sector 29, Gurgaon",True,600,6.398594934535208,3.8,3.6706619455900436,3.4014703540590903,0.2691915915309533,953.0,790.0
307786,Starbucks,"Huda City Centre Metro Station, Sector 29, Gurgaon",True,700,6.55250788703459,3.8,3.7052264256478766,3.416650836170689,0.28857558947718775,886.0,736.0
308447,Eggers Madhouse,"Huda City Centre Metro Station, Sector 29, Gurgaon",True,500,6.2166061010848646,4.0,3.9543283487791774,3.3835207391251902,0.5708076096539871,256.0,204.0
17977796,Gallery Cafí© - Hyatt Place,Hyatt Place Gurgaon,True,1500,7.313886831633462,3.8,3.6197748422156346,3.4917458769774545,0.12802896523818008,1599.0,1360.0
4256,Spice It - Hotel IBIS,"IBIS Hotel, Golf Course Road",True,1000,6.90875477931522,2.7,2.920086418967638,3.4517875773465194,-0.5317011583788815,6266.0,5597.0
18306548,Nukkadwala,"JMD Megapolis Mall, Sohna Road",True,300,5.707110264748875,3.4,3.3734725638923053,3.3332690071959785,0.0402035566963268,2334.0,2034.0
5032,Power Play Resto Bar,"JMD Regent Arcade Mall, MG Road",True,1850,7.523481312573497,2.8,2.9929466482164817,3.512418245461925,-0.5194715972454431,6249.0,5582.0
7472,Daikichi,"JMD Regent Arcade Mall, MG Road",True,1000,6.90875477931522,3.6,3.4975842920193903,3.4517875773465194,0.04579671467287083,2277.0,1977.0
302336,The Atrium - By Jukaso It Suites,"Jukaso It Suites, Sector 14",True,1500,7.313886831633462,2.8,3.1858932964329636,3.4917458769774545,-0.30585258054449094,5800.0,5263.0
8413,Delhi - Kingdom of Dreams,"Kingdom of Dreams, Sector 29",True,500,6.2166061010848646,3.7,3.658625982446265,3.3835207391251902,0.2751052433210748,921.0,764.0
8437,Lucknow - Kingdom of Dreams,"Kingdom of Dreams, Sector 29",True,1000,6.90875477931522,3.7,3.625054959431173,3.4517875773465194,0.17326738208465375,1370.0,1154.0
8019,Longitude 77Á03' Bar - Le Meridien Gurgaon,"Le Meridien Gurgaon, MG Road",True,1600,7.3783837129967145,3.4,3.366840704865382,3.498107224335746,-0.13126651947036416,4905.0,4479.0
307416,I-Kandy - Le Meridien Gurgaon,"Le Meridien Gurgaon, MG Road",True,4500,8.412054873292933,3.6,3.554354047753961,3.6000585305990374,-0.045704482845076555,3667.0,3308.0
18369743,Bella Cucina - Le Meridien Gurgaon,"Le Meridien Gurgaon, MG Road",True,4000,8.294299608857235,4.1,3.6783049511529593,3.5884442924450406,0.0898606587079187,1852.0,1584.0
307533,Bar Code - Leisure Inn,"Leisure Inn, Sector 14, Gurgaon",True,1900,7.550135342488429,3.0,3.3129551045510452,3.5150471406767525,-0.20209203612570725,5389.0,4928.0
307225,Bites - Leisure Inn,"Leisure Inn, Sector 14, Gurgaon",True,1400,7.244941546337007,3.0,3.253125452210404,3.4849457821633028,-0.2318203299528987,5532.0,5055.0
307426,Outback Bar and Grill - Leisure Inn,"Leisure Inn, Sector 14, Gurgaon",True,1200,7.0909098220799835,3.0,3.2917378093272456,3.4697535855565107,-0.17801577622926512,5248.0,4796.0
6700,Citrus Cafe - Lemon Tree Premier,"Lemon Tree Premier, Sector 29",True,2000,7.601402334583733,3.2,3.2398523158618686,3.520103619964429,-0.2802513041025603,5720.0,5203.0
300538,Ammu's South Indian Restaurant,MG Road,True,300,5.707110264748875,2.8,3.087367348407526,3.3332690071959785,-0.2459016587884526,5597.0,5108.0
4879,Barista,MG Road,True,650,6.478509642208569,3.3,3.335387757046584,3.4093523663952126,-0.07396460934862858,4148.0,3769.0
18198441,Bengali By Nature,MG Road,True,400,5.993961427306569,3.3,3.328879663796638,3.3615612260845467,-0.03268156228790886,3406.0,3059.0
18334445,Burger Planet,MG Road,True,300,5.707110264748875,3.2,3.305893296432964,3.3332690071959785,-0.02737571076301437,3303.0,2959.0
302920,Cafe Coffee Day,MG Road,True,450,6.111467339502679,3.1,3.2784424746421372,3.3731508705500266,-0.09470839590788938,4466.0,4069.0
18430882,Chini Bowl,MG Road,True,800,6.68586094706836,2.8,3.2220707929735544,3.4298034897290544,-0.2077326967555,5431.0,4968.0
313204,E Yum,MG Road,True,750,6.621405651764134,3.4,3.3797672097483686,3.423446244016628,-0.043679034268259365,3619.0,3264.0
303477,Handi X-Press,MG Road,True,550,6.311734809152915,3.2,3.259778473792802,3.3929033130260597,-0.13312483923325757,4925.0,4499.0
5230,Ion Club & Dining Lounge,MG Road,True,1800,7.496097345175956,2.6,2.824466650916509,3.5097173562874113,-0.6852507053709025,6408.0,5714.0
3582,Komachi,MG Road,True,1200,7.0909098220799835,3.2,3.284233303980767,3.4697535855565107,-0.18552028157574352,5287.0,4834.0
303470,Mehfil-e-Handi,MG Road,True,400,5.993961427306569,2.8,3.117794479415382,3.3615612260845467,-0.24376674666916465,5589.0,5102.0
429,Mezbaan's,MG Road,True,600,6.398594934535208,2.7,2.9901139159118864,3.4014703540590903,-0.4113564381472039,6062.0,5445.0
18034040,Mini Mahal Delux,MG Road,True,1200,7.0909098220799835,2.8,3.175174038198715,3.4697535855565107,-0.2945795473577957,5768.0,5240.0
17953932,Pita Pan,MG Road,True,600,6.398594934535208,3.1,3.1939887843534924,3.4014703540590903,-0.20748156970559783,5429.0,4966.0
312668,SBar Club & Lounge,MG Road,True,2200,7.696667081526462,3.1,3.2985892056501207,3.529499611421586,-0.2309104057714655,5529.0,5052.0
997,China Club,MG Road,True,2000,7.601402334583733,3.8,3.7337726829828535,3.520103619964429,0.2136690630184246,1177.0,987.0
2144,Coriander Leaf,MG Road,True,1600,7.3783837129967145,3.8,3.7692052251404866,3.498107224335746,0.27109800080474056,938.0,779.0
305682,Doughlicious,MG Road,True,550,6.311734809152915,3.6,3.4967163622907416,3.3929033130260597,0.10381304926468182,1754.0,1490.0
17953934,FreshMenu,MG Road,True,600,6.398594934535208,3.7,3.6308199625518522,3.4014703540590903,0.22934960849276198,1105.0,925.0
3855,L'Angoor,MG Road,True,2500,7.824445930877619,3.5,3.43125029009724,3.542102478856175,-0.1108521887589351,4691.0,4282.0
310445,The Cakelicious Factory,MG Road,True,200,5.303304908059076,3.6,3.4675275081555164,3.2934415599652347,0.17408594819028167,1368.0,1152.0
892,Green's,MG Road,True,350,5.860786223465865,2.3,2.9439066343788434,3.348426114537516,-0.40451948015867245,6047.0,5435.0
2056,New Zaika,MG Road,True,600,6.398594934535208,2.4,2.9549110803608034,3.4014703540590903,-0.44655927369828685,6141.0,5505.0
307509,Love Is Cakes,MG Road,True,600,6.398594934535208,4.1,3.975635697458669,3.4014703540590903,0.5741653433995788,252.0,200.0
797,Costa Coffee,"MGF Mega City Mall, MG Road",True,600,6.398594934535208,3.3,3.331406634378843,3.4014703540590903,-0.07006371968024716,4078.0,3703.0
308013,Uforia,"MGF Mega City Mall, MG Road",True,1500,7.313886831633462,3.5,3.4747838434266693,3.4917458769774545,-0.016962033550785183,3129.0,2793.0
2760,Vapour Pub & Brewery,"MGF Mega City Mall, MG Road",True,1500,7.313886831633462,3.7,3.6912416866992865,3.4917458769774545,0.199495809721832,1248.0,1048.0
8913,Pirates of Grill,"MGF Mega City Mall, MG Road",True,2000,7.601402334583733,4.1,4.087149748073663,3.520103619964429,0.5670461281092338,262.0,209.0
311759,Barista Creme Lavazza,"MGF Metropolis Mall, MG Road",True,650,6.478509642208569,3.2,3.3195569475856046,3.4093523663952126,-0.08979541880960795,4385.0,3993.0
18446889,Frozen Adda,"MGF Metropolis Mall, MG Road",True,350,5.860786223465865,3.0,3.3187505694501387,3.348426114537516,-0.02967554508737713,3356.0,3010.0
9957,McDonald's,"MGF Metropolis Mall, MG Road",True,500,6.2166061010848646,3.2,3.2633549636778416,3.3835207391251902,-0.12016577544734863,4801.0,4380.0
308840,Mr Idli Xpress,"MGF Metropolis Mall, MG Road",True,450,6.111467339502679,2.6,2.817825625741464,3.3731508705500266,-0.5553252448085626,6301.0,5620.0
18432226,buí©no,"MGF Metropolis Mall, MG Road",True,650,6.478509642208569,3.7,3.444963145526977,3.4093523663952126,0.03561077913176458,2388.0,2084.0
311777,Starbucks,"MGF Metropolis Mall, MG Road",True,700,6.55250788703459,3.5,3.4366307021765867,3.416650836170689,0.01997986600589785,2588.0,2274.0
2064,Al Kabab,"MGF Metropolitan Mall, MG Road",True,800,6.68586094706836,2.7,2.9751080237095473,3.4298034897290544,-0.45469546601950706,6157.0,5515.0
311758,Bangkok 1,"MGF Metropolitan Mall, MG Road",True,550,6.311734809152915,3.3,3.328230682587724,3.3929033130260597,-0.0646726304383356,3982.0,3609.0
514,Barista,"MGF Metropolitan Mall, MG Road",True,650,6.478509642208569,3.4,3.3728696676171306,3.4093523663952126,-0.03648269877808197,3468.0,3119.0
18408212,Cafe Cravings,"MGF Metropolitan Mall, MG Road",True,600,6.398594934535208,3.4,3.364890158092757,3.4014703540590903,-0.03658019596633322,3472.0,3123.0
2061,Hello Sichuan,"MGF Metropolitan Mall, MG Road",True,750,6.621405651764134,2.9,3.142994843409972,3.423446244016628,-0.2804514006066561,5721.0,5204.0
2458,McDonald's,"MGF Metropolitan Mall, MG Road",True,500,6.2166061010848646,3.4,3.391563712898613,3.3835207391251902,0.00804297377342289,2740.0,2416.0
420,Rajasthali,"MGF Metropolitan Mall, MG Road",True,750,6.621405651764134,2.9,2.940204601364195,3.423446244016628,-0.4832416426524331,6205.0,5549.0
1599,Street Foods by Punjab Grill,"MGF Metropolitan Mall, MG Road",True,700,6.55250788703459,2.6,2.9346593704573407,3.416650836170689,-0.48199146571334817,6201.0,5546.0
159,Subway,"MGF Metropolitan Mall, MG Road",True,500,6.2166061010848646,3.3,3.31932715961775,3.3835207391251902,-0.0641935795074402,3977.0,3604.0
300119,Tibb's Frankie,"MGF Metropolitan Mall, MG Road",True,350,5.860786223465865,3.4,3.385703776947949,3.348426114537516,0.03727766241043318,2361.0,2058.0
18466924,Tunday Kababi Dastarkhwan-e-Awadh,"MGF Metropolitan Mall, MG Road",True,700,6.55250788703459,3.1,3.2985892056501207,3.416650836170689,-0.11806163052056817,4774.0,4356.0
18354984,Dunkin' Donuts,"MGF Metropolitan Mall, MG Road",True,600,6.398594934535208,3.7,3.4721670766707664,3.4014703540590903,0.07069672261167614,2027.0,1742.0
1096,Haldiram's,"MGF Metropolitan Mall, MG Road",True,600,6.398594934535208,3.6,3.547916798078237,3.4014703540590903,0.14644644401914686,1492.0,1262.0
18336208,Keventers,"MGF Metropolitan Mall, MG Road",True,400,5.993961427306569,3.6,3.439638562504046,3.3615612260845467,0.07807733641949932,1958.0,1682.0
3213,Khaaja Chowk,"MGF Metropolitan Mall, MG Road",True,1000,6.90875477931522,3.6,3.5776376711014817,3.4517875773465194,0.12585009375496226,1610.0,1370.0
18381642,Phantom,"MGF Metropolitan Mall, MG Road",True,1500,7.313886831633462,3.5,3.4299281802914177,3.4917458769774545,-0.06181769668603687,3944.0,3573.0
338,Sage,"MGF Metropolitan Mall, MG Road",True,900,6.803505257608338,3.5,3.471309176182313,3.4414067844659977,0.029902391716315257,2465.0,2159.0
1245,TGI Friday's,"MGF Metropolitan Mall, MG Road",True,2500,7.824445930877619,3.7,3.6780648661749775,3.542102478856175,0.1359623873188025,1558.0,1324.0
18381233,The Belgian Fries Company,"MGF Metropolitan Mall, MG Road",True,400,5.993961427306569,3.7,3.486406634378844,3.3615612260845467,0.12484540829429713,1614.0,1373.0
18153552,The Grills King,"MGF Metropolitan Mall, MG Road",True,1400,7.244941546337007,3.8,3.757471045938699,3.4849457821633028,0.2725252637753961,930.0,772.0
18082232,Chicago Pizza,"MGF Metropolitan Mall, MG Road",True,600,6.398594934535208,2.3,2.960417060901378,3.4014703540590903,-0.44105329315771247,6130.0,5497.0
3585,Suburbia - The Empire,"MGF Metropolitan Mall, MG Road",True,1800,7.496097345175956,2.1,2.5410973435273916,3.5097173562874113,-0.9686200127600197,6494.0,5799.0
305698,Viva Hyderabad,"MGF Metropolitan Mall, MG Road",True,600,6.398594934535208,2.3,2.920632900606114,3.4014703540590903,-0.48083745345297624,6198.0,5543.0
18337917,Queens Cafí©,"MGF Metropolitan Mall, MG Road",True,900,6.803505257608338,4.0,3.713626403155923,3.4414067844659977,0.2722196186899253,932.0,774.0
6847,Cafe Coffee Day,"Ninex City Mart Mall, Sohna Road",True,450,6.111467339502679,3.3,3.3302714548229817,3.3731508705500266,-0.0428794157270449,3602.0,3249.0
8147,FOA - The Flavours of Arabia,"Ninex City Mart Mall, Sohna Road",True,1500,7.313886831633462,3.4,3.3888436016369505,3.4917458769774545,-0.102902275340504,4578.0,4178.0
18198825,A1,Old Railway Road,True,200,5.303304908059076,3.0,3.324764731137877,3.2934415599652347,0.03132317117264227,2437.0,2131.0
302044,Apni Rasoi,Old Railway Road,True,400,5.993961427306569,2.9,3.317217561326556,3.3615612260845467,-0.04434366475799045,3630.0,3274.0
18399220,DBDN Deena Meat Vala,Old Railway Road,True,500,6.2166061010848646,3.2,3.337269087968657,3.3835207391251902,-0.0462516511565334,3674.0,3315.0
5084,Deep Chicken Corner,Old Railway Road,True,500,6.2166061010848646,3.2,3.310634787318022,3.3835207391251902,-0.07288595180716806,4130.0,3751.0
302024,Dilli Rasoi,Old Railway Road,True,700,6.55250788703459,3.2,3.2926566343788437,3.416650836170689,-0.12399420179184517,4829.0,4407.0
18396399,French Omelette,Old Railway Road,True,100,4.61512051684126,3.2,3.332366620541205,3.2255657205981403,0.10680089994306474,1736.0,1474.0
309987,Green Chick Chop,Old Railway Road,True,350,5.860786223465865,2.9,3.309491310190879,3.348426114537516,-0.03893480434663665,3526.0,3173.0
18358183,Hangout Cafe,Old Railway Road,True,200,5.303304908059076,3.4,3.3685859309250983,3.2934415599652347,0.0751443709598636,1989.0,1707.0
304713,Hari Om Rasoi,Old Railway Road,True,400,5.993961427306569,3.2,3.2962666331208763,3.3615612260845467,-0.06529459296367035,4002.0,3629.0
18396200,Harish Phulwari,Old Railway Road,True,600,6.398594934535208,3.1,3.3323119009491977,3.4014703540590903,-0.06915845310989255,4064.0,3690.0
301358,Hotel Rajvanshi Restaurant,Old Railway Road,True,600,6.398594934535208,3.3,3.3339531182473983,3.4014703540590903,-0.067517235811692,4048.0,3674.0
6834,Jagdish Vaishno Dhaba,Old Railway Road,True,150,5.017279836814924,3.1,3.3018447663984833,3.2652308187184387,0.03661394768004467,2373.0,2070.0
6835,JVR Jayka,Old Railway Road,True,200,5.303304908059076,2.9,3.309491310190879,3.2934415599652347,0.016049750225644477,2643.0,2327.0
302041,Kaza,Old Railway Road,True,1000,6.90875477931522,3.1,3.2663855506798307,3.4517875773465194,-0.1854020266666887,5286.0,4833.0
310412,Knight Delight Kafe,Old Railway Road,True,500,6.2166061010848646,2.6,3.2034841106607788,3.3835207391251902,-0.18003662846441149,5261.0,4809.0
18350120,Ko Jitters,Old Railway Road,True,450,6.111467339502679,3.0,3.3129551045510452,3.3731508705500266,-0.060195765998981354,3925.0,3554.0
301989,Laajawab Chaap Express,Old Railway Road,True,250,5.5254529391317835,3.1,3.28655349621678,3.3153520889822103,-0.028798592765430175,3337.0,2992.0
2107,Laddu Gopal,Old Railway Road,True,400,5.993961427306569,3.0,3.277621463714637,3.3615612260845467,-0.08393976236990985,4311.0,3922.0
1029,Mini's Royal Cafe,Old Railway Road,True,500,6.2166061010848646,3.3,3.335893296432964,3.3835207391251902,-0.047627442692226296,3698.0,3339.0
18144475,Pakwan,Old Railway Road,True,400,5.993961427306569,3.4,3.3780966123881417,3.3615612260845467,0.01653538630359508,2632.0,2317.0
18331053,Patiala,Old Railway Road,True,600,6.398594934535208,3.4,3.3708845213452134,3.4014703540590903,-0.030585832713876826,3370.0,3023.0
18383525,Pind Balluchi,Old Railway Road,True,800,6.68586094706836,2.7,3.231875512505125,3.4298034897290544,-0.1979279772239293,5365.0,4906.0
1019,Pizza Man,Old Railway Road,True,400,5.993961427306569,2.9,3.2879391359703063,3.3615612260845467,-0.07362209011424037,4139.0,3760.0
18311926,Punjabi Dhani,Old Railway Road,True,700,6.55250788703459,3.2,3.3001693344636145,3.416650836170689,-0.11648150170707439,4750.0,4332.0
302037,Raju Halwai,Old Railway Road,True,450,6.111467339502679,3.1,3.319866620541205,3.3731508705500266,-0.053284250008821754,3794.0,3428.0
18396397,Rupa Tikki Wala And Caterers,Old Railway Road,True,150,5.017279836814924,2.8,3.3096703915152355,3.2652308187184387,0.04443957279679678,2292.0,1992.0
302027,Samrat The Cake Shoppe,Old Railway Road,True,150,5.017279836814924,3.0,3.2868755125051248,3.2652308187184387,0.021644693786686098,2577.0,2264.0
306938,Samrat,Old Railway Road,True,400,5.993961427306569,2.9,3.2747886567848727,3.3615612260845467,-0.08677256929967392,4348.0,3958.0
17977759,Sanjha Chula,Old Railway Road,True,700,6.55250788703459,3.0,3.3129551045510452,3.416650836170689,-0.10369573161964363,4586.0,4184.0
309986,Silver Crown,Old Railway Road,True,500,6.2166061010848646,2.5,3.1838119795132376,3.3835207391251902,-0.19970875961195267,5376.0,4916.0
301800,Super Bakery,Old Railway Road,True,250,5.5254529391317835,3.3,3.3335004100040995,3.3153520889822103,0.018148321021889124,2618.0,2303.0
2177,The Chic,Old Railway Road,True,200,5.303304908059076,3.0,3.2689457929735544,3.2934415599652347,-0.024495766991680323,3250.0,2907.0
304718,Unique Bus Wales,Old Railway Road,True,200,5.303304908059076,2.8,3.2155773961585763,3.2934415599652347,-0.07786416380665839,4212.0,3829.0
310493,Dilli 6 Express,Old Railway Road,True,550,6.311734809152915,3.5,3.4089066343788432,3.3929033130260597,0.016003321352783484,2654.0,2338.0
18017239,Mangle Di Kulfi,Old Railway Road,True,100,4.61512051684126,3.6,3.418097473885186,3.2255657205981403,0.19253175328704586,1281.0,1075.0
18372397,The Oven Artist,Old Railway Road,True,800,6.68586094706836,3.5,3.401520685814966,3.4298034897290544,-0.02828280391408855,3323.0,2978.0
3603,Pizza Hut Delivery,"Omaxe Celebration Mall, Sohna Road, Gurgaon",True,800,6.68586094706836,2.2,2.5972713433120242,3.4298034897290544,-0.8325321464170301,6464.0,5770.0
313043,Hot Cherries,Omaxe Gurgaon Mall,True,400,5.993961427306569,3.6,3.508364892859455,3.3615612260845467,0.14680366677490841,1491.0,1261.0
230,Domino's Pizza,Omaxe Gurgaon Mall,True,700,6.55250788703459,2.4,2.6895188245360715,3.416650836170689,-0.7271320116346174,6427.0,5733.0
18322641,Coldpress Company,Omaxe Gurgaon Mall,True,500,6.2166061010848646,4.1,3.8017278922789224,3.3835207391251902,0.41820715315373214,506.0,415.0
18391155,Hahn's Kitchen,"One Horizon Center, Golf Course Road",True,1800,7.496097345175956,3.2,3.3215168975460245,3.5097173562874113,-0.1882004587413868,5305.0,4850.0
18285742,Shree Rathnam,"One Horizon Center, Golf Course Road",True,800,6.68586094706836,3.4,3.371912126474206,3.4298034897290544,-0.05789136325484856,3874.0,3504.0
18285725,Caffe Tonino,"One Horizon Center, Golf Course Road",True,1400,7.244941546337007,3.8,3.653416871668716,3.4849457821633028,0.16847108950541312,1389.0,1172.0
18383488,Carl's Jr.,"One Horizon Center, Golf Course Road",True,650,6.478509642208569,3.5,3.4224737313862494,3.4093523663952126,0.013121364991036888,2680.0,2364.0
18285745,Delhi Club House,"One Horizon Center, Golf Course Road",True,1700,7.438971592395862,3.9,3.693173313463903,3.50408302562123,0.189090287842673,1298.0,1091.0
18391159,GoGourmet,"One Horizon Center, Golf Course Road",True,600,6.398594934535208,3.7,3.491616228662286,3.4014703540590903,0.09014587460319579,1848.0,1580.0
18391132,Shophouse by Kylin,"One Horizon Center, Golf Course Road",True,1500,7.313886831633462,3.5,3.415261985468691,3.4917458769774545,-0.07648389150876334,4194.0,3813.0
18272387,Starbucks,"One Horizon Center, Golf Course Road",True,700,6.55250788703459,3.5,3.387885088466269,3.416650836170689,-0.028765747704420086,3336.0,2991.0
8651,Baskin Robbins,Palam Vihar,True,300,5.707110264748875,3.1,3.2954369960366265,3.3332690071959785,-0.037832011159351975,3506.0,3153.0
18291436,Bikaner Sweets & Restaurant,Palam Vihar,True,350,5.860786223465865,3.1,3.312285012936336,3.348426114537516,-0.03614110160117967,3462.0,3113.0
301936,Burger Bites & More,Palam Vihar,True,450,6.111467339502679,2.9,3.225184275739816,3.3731508705500266,-0.14796659481021068,5045.0,4608.0
18264717,Cafí© Gramophone,Palam Vihar,True,700,6.55250788703459,3.2,3.3158207929735544,3.416650836170689,-0.10083004319713451,4550.0,4151.0
7083,Chawla Bakers,Palam Vihar,True,200,5.303304908059076,3.2,3.310634787318022,3.2934415599652347,0.0171932273527875,2626.0,2311.0
312105,Crust N Cakes,Palam Vihar,True,550,6.311734809152915,3.2,3.334773286369227,3.3929033130260597,-0.058130026656832534,3877.0,3507.0
18311942,Darjeeling Kanchanjanga Momos,Palam Vihar,True,200,5.303304908059076,2.9,3.317217561326556,3.2934415599652347,0.02377600136132152,2535.0,2224.0
18430874,Desserts 83,Palam Vihar,True,200,5.303304908059076,3.2,3.3256361144119913,3.2934415599652347,0.03219455444675656,2421.0,2115.0
18144481,Express Kitchen,Palam Vihar,True,600,6.398594934535208,2.9,3.317217561326556,3.4014703540590903,-0.08425279273253405,4316.0,3927.0
18264977,Giani's,Palam Vihar,True,400,5.993961427306569,3.1,3.268664804798733,3.3615612260845467,-0.09289642128581388,4439.0,4043.0
303859,Hangover,Palam Vihar,True,800,6.68586094706836,2.7,3.231875512505125,3.4298034897290544,-0.1979279772239293,5365.0,4906.0
5106,Sangam Sweets,Palam Vihar,True,250,5.5254529391317835,2.5,3.219181564660474,3.3153520889822103,-0.09617052432173656,4484.0,4087.0
308726,Shree Bikaner Misthan Bhandar,Palam Vihar,True,300,5.707110264748875,3.0,3.324764731137877,3.3332690071959785,-0.008504276058101556,2985.0,2651.0
303209,Shree Shyam Rasoi,Palam Vihar,True,350,5.860786223465865,3.1,3.3018447663984833,3.348426114537516,-0.046581348139032475,3685.0,3326.0
18375401,Swad On Grill,Palam Vihar,True,400,5.993961427306569,3.1,3.28655349621678,3.3615612260845467,-0.07500772986776649,4172.0,3791.0
18396428,The Pepper's,Palam Vihar,True,250,5.5254529391317835,3.0,3.3187505694501387,3.3153520889822103,0.0033984804679283442,2795.0,2471.0
306037,Cafe 55 - Park Inn,"Park Inn, Sector 15, Gurgaon",True,1500,7.313886831633462,3.2,3.3195569475856046,3.4917458769774545,-0.17218892939184993,5216.0,4766.0
5720,New Town Lounge & Bar - Park Plaza,"Park Plaza, Sushant Lok",True,3000,8.006700845440367,3.4,3.3653989963812676,3.560078337452493,-0.1946793410712253,5344.0,4886.0
5721,New Town Pastry Shop - Park Plaza,"Park Plaza, Sushant Lok",True,1200,7.0909098220799835,3.2,3.298833743337433,3.4697535855565107,-0.17091984221907763,5211.0,4761.0
1670,New Town Cafe - Park Plaza,"Park Plaza, Sushant Lok",True,2200,7.696667081526462,3.7,3.624055692223589,3.529499611421586,0.09455608080200273,1817.0,1552.0
7573,The Great Kabab Factory - Park Plaza,"Park Plaza, Sushant Lok",True,3000,8.006700845440367,3.7,3.6560733438311246,3.560078337452493,0.09599500637863168,1808.0,1543.0
3243,K2 Restaurant,"Plaza Mall, MG Road",True,2000,7.601402334583733,3.0,3.245893296432964,3.520103619964429,-0.2742103235314648,5700.0,5187.0
305171,Angels in my Kitchen,"Qutab Plaza, DLF Phase 1",True,350,5.860786223465865,3.1,3.1925754191752445,3.348426114537516,-0.15585069536227136,5101.0,4661.0
3536,Barista,"Qutab Plaza, DLF Phase 1",True,650,6.478509642208569,3.3,3.3279170083367497,3.4093523663952126,-0.0814353580584628,4254.0,3869.0
6743,Cafe Coffee Day,"Qutab Plaza, DLF Phase 1",True,450,6.111467339502679,2.8,3.203172100750858,3.3731508705500266,-0.16997876979916882,5202.0,4752.0
18458663,Cafe Naklee,"Qutab Plaza, DLF Phase 1",True,400,5.993961427306569,3.2,3.3256361144119913,3.3615612260845467,-0.03592511167255541,3453.0,3104.0
312269,Chacha's Take Away,"Qutab Plaza, DLF Phase 1",True,700,6.55250788703459,2.8,3.2155773961585763,3.416650836170689,-0.20107344001211258,5382.0,4922.0
308732,Colonel's Kababz,"Qutab Plaza, DLF Phase 1",True,900,6.803505257608338,3.0,3.1564775522755224,3.4414067844659977,-0.2849292321904753,5734.0,5215.0
6747,Domino's Pizza,"Qutab Plaza, DLF Phase 1",True,700,6.55250788703459,2.8,3.0269960567252725,3.416650836170689,-0.3896547794454164,6018.0,5416.0
6804,Green Chick Chop,"Qutab Plaza, DLF Phase 1",True,350,5.860786223465865,2.8,3.2155773961585763,3.348426114537516,-0.13284871837893952,4920.0,4494.0
301506,Naushi's Kitchenette,"Qutab Plaza, DLF Phase 1",True,500,6.2166061010848646,3.4,3.37747670519158,3.3835207391251902,-0.006044033933610304,2943.0,2610.0
1284,Sapra Pastry Treat,"Qutab Plaza, DLF Phase 1",True,250,5.5254529391317835,3.0,3.2099089115891153,3.3153520889822103,-0.10544317739309506,4621.0,4218.0
1313,Subway,"Qutab Plaza, DLF Phase 1",True,500,6.2166061010848646,3.2,3.252571140073103,3.3835207391251902,-0.13094959905208725,4904.0,4478.0
301737,Sunny Sweets,"Qutab Plaza, DLF Phase 1",True,200,5.303304908059076,3.3,3.335387757046584,3.2934415599652347,0.04194619708134928,2323.0,2023.0
18455518,The Healthy Rasoi,"Qutab Plaza, DLF Phase 1",True,500,6.2166061010848646,3.7,3.469088253382533,3.3835207391251902,0.08556751425734266,1889.0,1619.0
18398606,Burger King,"Raheja Mall, Sohna Road",True,500,6.2166061010848646,3.0,3.143437756252562,3.3835207391251902,-0.2400829828726283,5574.0,5089.0
309030,Hong Kong Express,"Raheja Mall, Sohna Road",True,700,6.55250788703459,3.2,3.2497485285255534,3.416650836170689,-0.16690230764513547,5183.0,4733.0
3909,Viva Hyderabad,"Raheja Mall, Sohna Road",True,600,6.398594934535208,2.3,2.9359571697568825,3.4014703540590903,-0.4655131843022078,6175.0,5528.0
4290,Cafe Rouge - Ramada,"Ramada Gurgaon Central, Sector 44",True,1500,7.313886831633462,3.5,3.470010414610319,3.4917458769774545,-0.02173546236713575,3216.0,2874.0
1452,Shamji Sweets,Sadar Bazar,True,200,5.303304908059076,3.2,3.3158207929735544,3.2934415599652347,0.022379233008319677,2564.0,2251.0
303779,Sialkoti Vaishno Dhaba,Sadar Bazar,True,250,5.5254529391317835,3.1,3.2894235500047304,3.3153520889822103,-0.02592853897747993,3288.0,2944.0
554,Haldiram's,"Sahara Mall, MG Road",True,600,6.398594934535208,3.6,3.566517941621724,3.4014703540590903,0.1650475875626336,1399.0,1180.0
3953,Club Prison,"Sahara Mall, MG Road",True,1800,7.496097345175956,2.4,2.85698559559125,3.5097173562874113,-0.6527317606961613,6389.0,5696.0
18368009,Maa Bhagwati Tiffins,Sector 12,True,200,5.303304908059076,3.0,3.324764731137877,3.2934415599652347,0.03132317117264227,2437.0,2131.0
305242,Spices & Sauces,Sector 12,True,1500,7.313886831633462,3.0,3.301974223689605,3.4917458769774545,-0.1897716532878495,5313.0,4858.0
303730,Assam Tea Corner,Sector 14,True,150,5.017279836814924,2.8,3.291136922732863,3.2652308187184387,0.02590610401442417,2512.0,2203.0
18462214,Bakingo,Sector 14,True,400,5.993961427306569,3.0,3.324764731137877,3.3615612260845467,-0.0367964949466697,3478.0,3128.0
309272,Balaji Sweets & Snacks,Sector 14,True,400,5.993961427306569,2.9,3.3020460136419545,3.3615612260845467,-0.05951521244259217,3908.0,3537.0
18311957,Baxman Delivers,Sector 14,True,800,6.68586094706836,2.9,3.317217561326556,3.4298034897290544,-0.11258592840249815,4715.0,4301.0
18218304,Burger Point,Sector 14,True,300,5.707110264748875,3.2,3.307427981888514,3.3332690071959785,-0.02584102530746435,3280.0,2936.0
18252419,Burger Xpress,Sector 14,True,300,5.707110264748875,3.1,3.2784424746421372,3.3332690071959785,-0.05482653255384129,3832.0,3463.0
606,Cafe Coffee Day,Sector 14,True,450,6.111467339502679,2.8,3.125452177714548,3.3731508705500266,-0.24769869283547852,5609.0,5118.0
18133490,Cake Factory,Sector 14,True,300,5.707110264748875,3.3,3.3295591852977346,3.3332690071959785,-0.00370982189824387,2913.0,2582.0
18291476,Cake Maker,Sector 14,True,200,5.303304908059076,3.0,3.3187505694501387,3.2934415599652347,0.025309009484904,2515.0,2206.0
2071,Captain's Table,Sector 14,True,200,5.303304908059076,3.1,3.2368058972256386,3.2934415599652347,-0.05663566273959608,3854.0,3485.0
18445653,Carpedium,Sector 14,True,200,5.303304908059076,3.1,3.319866620541205,3.2934415599652347,0.02642506057597016,2502.0,2194.0
18466800,Chef Sack Kitchen,Sector 14,True,500,6.2166061010848646,3.1,3.319866620541205,3.3835207391251902,-0.0636541185839854,3961.0,3589.0
303743,Chinar Junction,Sector 14,True,600,6.398594934535208,2.8,3.2739040482510084,3.4014703540590903,-0.12756630580808181,4867.0,4444.0
300174,Frontier,Sector 14,True,200,5.303304908059076,2.9,3.2747886567848727,3.2934415599652347,-0.018652903180361946,3152.0,2814.0
18461280,Ganpati Rasoi,Sector 14,True,200,5.303304908059076,3.2,3.3235421791717914,3.2934415599652347,0.03010061920655671,2462.0,2156.0
6709,Indian & Chinese Corner,Sector 14,True,400,5.993961427306569,3.1,3.275893296432964,3.3615612260845467,-0.08566792965158276,4335.0,3945.0
18070491,Juice Lounge,Sector 14,True,350,5.860786223465865,3.4,3.367736902031182,3.348426114537516,0.019310787493666215,2604.0,2290.0
302907,KB's Kulfi & Icecream,Sector 14,True,200,5.303304908059076,3.3,3.3369489816221685,3.2934415599652347,0.043507421656933776,2302.0,2002.0
889,KB's Kulfi & Icecream,Sector 14,True,200,5.303304908059076,3.3,3.3273101168511685,3.2934415599652347,0.03386855688593382,2404.0,2099.0
18337904,Keventers,Sector 14,True,250,5.5254529391317835,2.6,3.149440757467276,3.3153520889822103,-0.16591133151493453,5174.0,4724.0
18415355,KFC,Sector 14,True,500,6.2166061010848646,2.7,3.183523193186477,3.3835207391251902,-0.1999975459387131,5377.0,4917.0
853,Madras Cafe,Sector 14,True,300,5.707110264748875,3.3,3.321292633477182,3.3332690071959785,-0.011976373718796562,3035.0,2700.0
2620,Madurai Meenakshi Bhawan,Sector 14,True,300,5.707110264748875,3.4,3.367736902031182,3.3332690071959785,0.034467894835203516,2398.0,2094.0
310155,Masala Fusion,Sector 14,True,600,6.398594934535208,3.2,3.273391393567401,3.4014703540590903,-0.1280789604916892,4876.0,4452.0
5061,Moti Mahal Delux Tandoori Trail,Sector 14,True,800,6.68586094706836,2.9,3.2401927807739614,3.4298034897290544,-0.1896107089550929,5311.0,4856.0
18460326,Mr. & Mrs. Idly,Sector 14,True,400,5.993961427306569,3.0,3.3187505694501387,3.3615612260845467,-0.04281065663440797,3594.0,3241.0
18471259,Pind Bawarchi,Sector 14,True,600,6.398594934535208,3.1,3.3160093114089033,3.4014703540590903,-0.08546104265018695,4328.0,3938.0
4122,Republic of Chicken,Sector 14,True,400,5.993961427306569,2.8,3.2657332887984047,3.3615612260845467,-0.09582793728614192,4478.0,4081.0
1140,Ridhi Sidhi,Sector 14,True,500,6.2166061010848646,3.0,3.2178801360798417,3.3835207391251902,-0.16564060304534856,5171.0,4722.0
1145,Romi Da Dhaba,Sector 14,True,450,6.111467339502679,3.2,3.2893075994012952,3.3731508705500266,-0.08384327114873136,4309.0,3920.0
887,Shamji Sweets,Sector 14,True,600,6.398594934535208,2.9,3.194833743337433,3.4014703540590903,-0.2066366107216573,5421.0,4958.0
18461599,Six Pack Kitchen,Sector 14,True,600,6.398594934535208,3.2,3.3195569475856046,3.4014703540590903,-0.08191340647348566,4267.0,3880.0
18387990,Taste of Dilli 6,Sector 14,True,650,6.478509642208569,2.7,3.250216047419095,3.4093523663952126,-0.15913631897611769,5128.0,4688.0
9169,The Guls,Sector 14,True,650,6.478509642208569,3.0,3.245893296432964,3.4093523663952126,-0.16345906996224846,5155.0,4710.0
5129,The League Restaurant,Sector 14,True,900,6.803505257608338,3.1,3.28655349621678,3.4414067844659977,-0.1548532882492175,5094.0,4654.0
1131,The Plaza Solitaire,Sector 14,True,900,6.803505257608338,3.3,3.331018898151944,3.4414067844659977,-0.1103878863140535,4683.0,4274.0
303747,Uttarakhand Fast Food,Sector 14,True,200,5.303304908059076,2.9,3.3020460136419545,3.2934415599652347,0.008604453676719803,2722.0,2398.0
329,Viva Hyderabad,Sector 14,True,600,6.398594934535208,2.5,2.8505254684899786,3.4014703540590903,-0.5509448855691117,6298.0,5618.0
303765,Wahid Food Corner,Sector 14,True,400,5.993961427306569,2.8,3.291136922732863,3.3615612260845467,-0.07042430335168381,4086.0,3710.0
7225,Zync - Rosewood Hotel,Sector 14,True,1000,6.90875477931522,3.0,3.3187505694501387,3.4517875773465194,-0.13303700789638073,4924.0,4498.0
18382626,Konetto Pizza,Sector 14,True,150,5.017279836814924,3.5,3.4100312438309563,3.2652308187184387,0.14480042511251767,1508.0,1277.0
5068,South Store,Sector 14,True,200,5.303304908059076,3.5,3.4355091216841367,3.2934415599652347,0.142067561718902,1524.0,1292.0
18025110,Captain Bill$ Deliverz,Sector 14,True,1000,6.90875477931522,2.4,3.0473962604209373,3.4517875773465194,-0.40439131692558217,6046.0,5434.0
308223,China Hut,Sector 14,True,300,5.707110264748875,2.4,3.0957094141836934,3.3332690071959785,-0.23755959301228513,5567.0,5084.0
6832,G Dot,Sector 14,True,400,5.993961427306569,2.4,3.0215004100040996,3.3615612260845467,-0.340060816080447,5908.0,5344.0
18286626,Cake2you,Sector 15,True,400,5.993961427306569,3.0,3.324764731137877,3.3615612260845467,-0.0367964949466697,3478.0,3128.0
311770,Delight Express,Sector 15,True,400,5.993961427306569,2.9,3.3020460136419545,3.3615612260845467,-0.05951521244259217,3908.0,3537.0
301221,Empress,Sector 15,True,1000,6.90875477931522,2.9,3.309491310190879,3.4517875773465194,-0.14229626715564025,5002.0,4566.0
8833,Hotel DDR,Sector 15,True,500,6.2166061010848646,2.8,3.2578395042424995,3.3835207391251902,-0.12568123488269078,4847.0,4425.0
312438,Khan Kabab Corner,Sector 15,True,500,6.2166061010848646,3.0,3.324764731137877,3.3835207391251902,-0.058756007987313286,3885.0,3514.0
18153548,Kwality Cakes and Bakes,Sector 15,True,350,5.860786223465865,3.2,3.3215168975460245,3.348426114537516,-0.02690921699149129,3296.0,2952.0
18449792,Nite Bites,Sector 15,True,650,6.478509642208569,2.9,3.317217561326556,3.4093523663952126,-0.09213480506865634,4430.0,4034.0
18380639,Oriental Kitchen Express,Sector 15,True,450,6.111467339502679,3.3,3.339881440481071,3.3731508705500266,-0.033269430068955774,3414.0,3067.0
17953920,Royal Mart,Sector 15,True,300,5.707110264748875,2.9,3.317217561326556,3.3332690071959785,-0.01605144586942231,3105.0,2769.0
2154,Sikkim Fast Food,Sector 15,True,350,5.860786223465865,2.7,3.0754415382389118,3.348426114537516,-0.27298457629860406,5695.0,5183.0
18384112,ZASTY,Sector 15,True,500,6.2166061010848646,3.5,3.405357542211785,3.3835207391251902,0.02183680308659497,2573.0,2260.0
9646,Maachh Bhaat,Sector 17,True,600,6.398594934535208,3.4,3.3921722319682215,3.4014703540590903,-0.009298122090868777,3009.0,2675.0
302251,Domino's Pizza,Sector 21,True,700,6.55250788703459,3.3,3.331018898151944,3.416650836170689,-0.08563193801874469,4333.0,3943.0
18466943,GoGourmet,Sector 21,True,600,6.398594934535208,3.2,3.330044399128201,3.4014703540590903,-0.0714259549308891,4116.0,3739.0
18238248,Snack Shack,Sector 21,True,400,5.993961427306569,2.7,3.1986332929735544,3.3615612260845467,-0.1629279331109923,5152.0,4707.0
18420426,Westí©ross,Sector 21,True,400,5.993961427306569,3.5,3.4181183230371626,3.3615612260845467,0.056557096952615904,2146.0,1852.0
18291458,Cake Desire,Sector 22,True,400,5.993961427306569,3.0,3.324764731137877,3.3615612260845467,-0.0367964949466697,3478.0,3128.0
18365988,Behrouz Biryani,Sector 23,True,600,6.398594934535208,3.4,3.363826223489507,3.4014703540590903,-0.03764413056958338,3503.0,3150.0
18463970,Biryani Art,Sector 23,True,1100,7.00397413672268,3.3,3.3440794868475,3.4611790920197736,-0.11709960517227369,4762.0,4344.0
309867,Daawat-e! Amritsar,Sector 23,True,700,6.55250788703459,2.9,3.1909543519777297,3.416650836170689,-0.22569648419295918,5507.0,5033.0
18412887,Faasos,Sector 23,True,600,6.398594934535208,3.0,3.277621463714637,3.4014703540590903,-0.12384889034445346,4826.0,4405.0
18423107,Ovenstory Pizza,Sector 23,True,500,6.2166061010848646,3.3,3.3392582929735544,3.3835207391251902,-0.04426244615163588,3628.0,3272.0
4121,Pizza Hut Delivery,Sector 23,True,800,6.68586094706836,2.7,3.0128679485324263,3.4298034897290544,-0.416935541196628,6080.0,5459.0
305072,Game n Grillz,Sector 23,True,850,6.7464121285733745,3.6,3.5440941777537036,3.435775671489889,0.10831850626381456,1726.0,1468.0
18421938,Hamoni Red: Play Cafe,Sector 23,True,900,6.803505257608338,3.9,3.536655820950101,3.4414067844659977,0.09524903648410321,1813.0,1548.0
313105,Machan,Sector 29,True,900,6.803505257608338,3.3,3.318339640513193,3.4414067844659977,-0.1230671439528046,4819.0,4398.0
300772,Mainland China,Sector 29,True,1800,7.496097345175956,3.3,3.304105442402463,3.5097173562874113,-0.20561191388494837,5415.0,4952.0
836,Pind Balluchi,Sector 29,True,800,6.68586094706836,3.4,3.3977708036884287,3.4298034897290544,-0.0320326860406257,3399.0,3052.0
3606,Sagar Ratna,Sector 29,True,600,6.398594934535208,2.7,2.8123680660222092,3.4014703540590903,-0.589102288036881,6330.0,5645.0
305996,Sasuraal,Sector 29,True,1400,7.244941546337007,3.3,3.3039567413390674,3.4849457821633028,-0.1809890408242354,5262.0,4810.0
18418247,feel ALIVE,Sector 29,True,1200,7.0909098220799835,4.7,4.139936701273792,3.4697535855565107,0.6701831157172817,150.0,123.0
18365987,Matchbox,Sector 29,True,1500,7.313886831633462,4.8,4.558546022960229,3.4917458769774545,1.0668001459827745,16.0,14.0
18337894,Prankster,Sector 29,True,1500,7.313886831633462,4.8,4.753511807956979,3.4917458769774545,1.2617659309795246,4.0,4.0
4398,21 Gun Salute,Sector 29,True,2000,7.601402334583733,3.9,3.880984816655097,3.520103619964429,0.3608811966906682,649.0,544.0
18336483,Backyard Underground,Sector 29,True,1400,7.244941546337007,3.5,3.460177763662882,3.4849457821633028,-0.024768018500420652,3258.0,2915.0
496,Bikanervala,Sector 29,True,550,6.311734809152915,3.8,3.7783374687195144,3.3929033130260597,0.3854341556934546,575.0,475.0
4133,Chin Chin,Sector 29,True,1500,7.313886831633462,3.5,3.4847542484316056,3.4917458769774545,-0.006991628545848894,2963.0,2629.0
5065,Domino's Pizza,Sector 29,True,700,6.55250788703459,3.6,3.5375001576938843,3.416650836170689,0.12084932152319539,1640.0,1397.0
313393,Eggjactly,Sector 29,True,500,6.2166061010848646,3.7,3.6410776922424395,3.3835207391251902,0.25755695311724924,996.0,828.0
5052,Gola Sizzlers,Sector 29,True,1500,7.313886831633462,3.5,3.491920765798567,3.4917458769774545,0.0001748888211126065,2851.0,2526.0
18128900,Hunter Valley,Sector 29,True,1600,7.3783837129967145,3.6,3.5597773292089356,3.498107224335746,0.06167010487318958,2107.0,1815.0
309339,Jungle Jamboree,Sector 29,True,1500,7.313886831633462,3.8,3.783903756039756,3.4917458769774545,0.2921578790623016,873.0,725.0
5104,McDonald's,Sector 29,True,500,6.2166061010848646,3.5,3.4691208930097774,3.3835207391251902,0.0856001538845872,1888.0,1618.0
18254529,My Bar Headquarters By Dockyard,Sector 29,True,1500,7.313886831633462,3.9,3.8402500683340164,3.4917458769774545,0.34850419135656185,684.0,574.0
17953909,Punjabi by Nature,Sector 29,True,1500,7.313886831633462,3.6,3.5652778653854913,3.4917458769774545,0.07353198840803676,2002.0,1719.0
310203,Sandys Cocktails & Kitchen,Sector 29,True,1800,7.496097345175956,3.9,3.8222905513014664,3.5097173562874113,0.3125731950140551,783.0,656.0
18238250,Sense Of Spirits,Sector 29,True,1200,7.0909098220799835,3.9,3.818275169453822,3.4697535855565107,0.34852158389731125,683.0,573.0
305272,Starbucks,Sector 29,True,700,6.55250788703459,3.7,3.646265819969521,3.416650836170689,0.22961498379883194,1103.0,923.0
1851,Swagath,Sector 29,True,1500,7.313886831633462,3.6,3.563942398669549,3.4917458769774545,0.07219652169209434,2012.0,1727.0
18446415,The Old School Brew House,Sector 29,True,2000,7.601402334583733,3.9,3.714569177588327,3.520103619964429,0.19446555762389828,1270.0,1066.0
18261703,Barcelos,Sector 29,True,1400,7.244941546337007,4.0,3.914319489893012,3.4849457821633028,0.42937370772970906,480.0,393.0
18241517,Boombox Brewstreet,Sector 29,True,1600,7.3783837129967145,4.4,4.28321029715979,3.498107224335746,0.7851030728240436,88.0,73.0
18252386,BRONX Bar Exchange,Sector 29,True,2100,7.650168700845001,4.1,4.040635163026387,3.524913461752629,0.5157217012737578,323.0,261.0
18281955,Djinggs,Sector 29,True,1500,7.313886831633462,4.1,3.861769680196802,3.4917458769774545,0.37002380321934725,617.0,515.0
4959,Downtown - Diners & Living Beer Cafe,Sector 29,True,1800,7.496097345175956,4.4,4.38579671938925,3.5097173562874113,0.8760793631018391,53.0,45.0
18037822,Drifters Cafe,Sector 29,True,400,5.993961427306569,4.1,3.9572472013630637,3.3615612260845467,0.5956859752785171,229.0,181.0
3575,Gung The Palace,Sector 29,True,2500,7.824445930877619,4.2,4.089395028591244,3.542102478856175,0.5472925497350687,286.0,230.0
18273972,Magadh and Awadh,Sector 29,True,1200,7.0909098220799835,4.0,3.8844092027283907,3.4697535855565107,0.41465561717188004,514.0,422.0
8430,Mamagoto,Sector 29,True,1600,7.3783837129967145,4.1,4.060294946699466,3.498107224335746,0.5621877223637202,269.0,215.0
18157413,Molecule Air Bar,Sector 29,True,1500,7.313886831633462,4.2,4.1776170779065165,3.4917458769774545,0.685871200929062,144.0,117.0
18422475,Nagai,Sector 29,True,3300,8.101980731853192,4.3,3.8572621976219756,3.5694758221202685,0.28778637550170716,890.0,740.0
18435794,PitStop BrewPub,Sector 29,True,1250,7.1316985104669115,4.4,4.160988515117709,3.473776586508402,0.6872119286093072,143.0,116.0
18429166,The Classroom,Sector 29,True,1200,7.0909098220799835,4.4,4.136474516668244,3.4697535855565107,0.6667209311117333,154.0,127.0
18264995,buí©no,Sector 30,True,650,6.478509642208569,3.8,3.651436018583159,3.4093523663952126,0.24208365218794636,1057.0,884.0
18025114,Bottles and Barrels,Sector 30,True,1850,7.523481312573497,4.0,3.890764710482156,3.512418245461925,0.3783464650202313,593.0,492.0
310799,A One Rasoi,Sector 31,True,500,6.2166061010848646,3.1,3.305208845838458,3.3835207391251902,-0.07831189328673238,4219.0,3835.0
306719,Angeethi,Sector 31,True,450,6.111467339502679,2.7,2.96157812090416,3.3731508705500266,-0.41157274964586676,6063.0,5446.0
18285721,Burger Point,Sector 31,True,300,5.707110264748875,2.7,3.269866620541205,3.3332690071959785,-0.06340238665477349,3959.0,3587.0
598,Cafe Coffee Day,Sector 31,True,450,6.111467339502679,3.1,3.2710073715320482,3.3731508705500266,-0.10214349901797837,4566.0,4167.0
300066,Cake Castle,Sector 31,True,250,5.5254529391317835,3.2,3.302951815976493,3.3153520889822103,-0.012400273005717555,3043.0,2708.0
18396412,CHA,Sector 31,True,200,5.303304908059076,3.2,3.332366620541205,3.2934415599652347,0.03892506057597034,2350.0,2050.0
18249121,Chai Point,Sector 31,True,200,5.303304908059076,2.9,3.2747886567848727,3.2934415599652347,-0.018652903180361946,3152.0,2814.0
18241877,Fees - The Cloud Kitchen,Sector 31,True,850,6.7464121285733745,2.9,3.309491310190879,3.435775671489889,-0.12628436129900988,4853.0,4431.0
310461,Food Ka Mood,Sector 31,True,500,6.2166061010848646,3.1,3.2483437439796083,3.3835207391251902,-0.1351769951455819,4942.0,4512.0
18385781,Frozen Factory,Sector 31,True,200,5.303304908059076,3.1,3.319866620541205,3.2934415599652347,0.02642506057597016,2502.0,2194.0
18360098,Goli Vada Pav No. 1,Sector 31,True,150,5.017279836814924,3.1,3.3280098287093978,3.2652308187184387,0.06277900999095909,2095.0,1803.0
300491,Green Chick Chop,Sector 31,True,350,5.860786223465865,3.1,3.2954369960366265,3.348426114537516,-0.052989118500889276,3788.0,3423.0
307678,Harichatni.com,Sector 31,True,500,6.2166061010848646,2.9,3.2948666205412054,3.3835207391251902,-0.08865411858398486,4369.0,3978.0
18352295,Kk Chaap Express,Sector 31,True,250,5.5254529391317835,3.3,3.3440794868475,3.3153520889822103,0.02872739786528955,2480.0,2174.0
18451594,Latenight.in,Sector 31,True,600,6.398594934535208,3.0,3.301974223689605,3.4014703540590903,-0.09949613036948524,4535.0,4137.0
18391176,Mitran Da Junction,Sector 31,True,500,6.2166061010848646,2.7,3.269866620541205,3.3835207391251902,-0.11365411858398522,4722.0,4308.0
313456,Mogambo Kitchen,Sector 31,True,350,5.860786223465865,3.1,3.312285012936336,3.348426114537516,-0.03614110160117967,3462.0,3113.0
304518,Mother Ringlet,Sector 31,True,450,6.111467339502679,2.5,2.91299535396344,3.3731508705500266,-0.4601555165865867,6163.0,5520.0
6896,Sna-X Point,Sector 31,True,300,5.707110264748875,3.2,3.284233303980767,3.3332690071959785,-0.049035703215211335,3720.0,3360.0
18441701,Wow! Momo,Sector 31,True,400,5.993961427306569,2.9,3.281250530177715,3.3615612260845467,-0.0803106959068316,4239.0,3855.0
4154,Yashna,Sector 31,True,500,6.2166061010848646,2.8,3.0214141864779296,3.3835207391251902,-0.36210655264726066,5953.0,5377.0
18376925,Twigly,Sector 31,True,500,6.2166061010848646,4.5,4.04970024600246,3.3835207391251902,0.6661795068772696,157.0,130.0
2180,Bakers Oven,Sector 31,True,600,6.398594934535208,3.6,3.547467804958222,3.4014703540590903,0.14599745089913174,1497.0,1266.0
18224532,Dilli 6 On Wheels,Sector 31,True,250,5.5254529391317835,3.8,3.684882359949254,3.3153520889822103,0.3695302709670436,621.0,519.0
18356357,La Pino'z Pizza,Sector 31,True,650,6.478509642208569,3.5,3.3973595880325,3.4093523663952126,-0.01199277836271273,3038.0,2703.0
18175268,LeanBodyMeals,Sector 31,True,600,6.398594934535208,3.9,3.7606866878254275,3.4014703540590903,0.3592163337663372,652.0,546.0
5004,Om Sweets & Snacks,Sector 31,True,500,6.2166061010848646,3.5,3.4863785621501076,3.3835207391251902,0.1028578230249173,1760.0,1496.0
308617,Tasty Tweets,Sector 31,True,400,5.993961427306569,3.9,3.7242649068647546,3.3615612260845467,0.362703680780208,640.0,536.0
304351,The Kathi Rolls,Sector 31,True,400,5.993961427306569,3.5,3.460608274325986,3.3615612260845467,0.0990470482414394,1790.0,1526.0
18354665,Flying Cakes,Sector 31,True,350,5.860786223465865,2.4,3.1518150121017334,3.348426114537516,-0.1966111024357824,5355.0,4896.0
309543,Bikkgane Biryani,Sector 31,True,800,6.68586094706836,4.0,3.945099362263053,3.4298034897290544,0.5152958725339984,324.0,262.0
18419875,Cafeast,Sector 39,True,500,6.2166061010848646,3.0,3.3129551045510452,3.3835207391251902,-0.070565634574145,4089.0,3713.0
18358189,Yomo-Your Only Momo Outlet,Sector 39,True,150,5.017279836814924,3.0,3.3187505694501387,3.2652308187184387,0.05351975073170001,2184.0,1885.0
304142,Midnight Sutra,Sector 43,True,600,6.398594934535208,3.0,3.077186236548464,3.4014703540590903,-0.32428411751062614,5861.0,5309.0
18433016,Paddy's - The Grub Grill,Sector 43,True,600,6.398594934535208,3.2,3.3235421791717914,3.4014703540590903,-0.07792817488729886,4214.0,3831.0
312683,Sugar Rush By Saiba,Sector 43,True,400,5.993961427306569,4.1,3.9369445811124772,3.3615612260845467,0.5753833550279306,248.0,197.0
18037824,Bamboo House,Sector 45,True,550,6.311734809152915,3.4,3.378871953542544,3.3929033130260597,-0.014031359483515526,3074.0,2738.0
303848,Burger Unlimited Kitchen,Sector 45,True,600,6.398594934535208,3.2,3.2823614527811946,3.4014703540590903,-0.11910890127789564,4785.0,4366.0
18273536,Cafeteria Point,Sector 45,True,500,6.2166061010848646,3.2,3.3015415171274998,3.3835207391251902,-0.08197922199769048,4270.0,3883.0
18291450,Choudhary Gohana Famous Jalebi,Sector 45,True,200,5.303304908059076,3.2,3.3256361144119913,3.2934415599652347,0.03219455444675656,2421.0,2115.0
18345780,Curry N' Tandoor,Sector 45,True,500,6.2166061010848646,3.2,3.310634787318022,3.3835207391251902,-0.07288595180716806,4130.0,3751.0
18303712,Dawat-e-Ishq,Sector 45,True,600,6.398594934535208,3.3,3.3232641736139583,3.4014703540590903,-0.07820618044513195,4216.0,3832.0
309021,Delish Bake N Choc,Sector 45,True,250,5.5254529391317835,2.9,3.1871757240299674,3.3153520889822103,-0.12817636495224294,4877.0,4453.0
306477,Flavours,Sector 45,True,600,6.398594934535208,3.3,3.3204270792707926,3.4014703540590903,-0.08104327478829765,4249.0,3864.0
18303698,Om Sweets & Snacks,Sector 45,True,500,6.2166061010848646,2.8,3.2287703293699597,3.3835207391251902,-0.15475040975523058,5090.0,4650.0
18381664,Om Sweets,Sector 45,True,300,5.707110264748875,3.2,3.2748740479829035,3.3332690071959785,-0.058394959213075026,3881.0,3510.0
18161601,Raj Restaurant,Sector 45,True,700,6.55250788703459,3.1,3.305208845838458,3.416650836170689,-0.11144199033223101,4699.0,4288.0
18279913,Tasha's Artisan Foods,Sector 45,True,200,5.303304908059076,3.2,3.3256361144119913,3.2934415599652347,0.03219455444675656,2421.0,2115.0
18268733,Urban Kitchen,Sector 45,True,500,6.2166061010848646,3.2,3.2541060638708577,3.3835207391251902,-0.1294146752543326,4889.0,4463.0
18204811,Nite Bites,Sector 45,True,650,6.478509642208569,3.7,3.664101955357789,3.4093523663952126,0.2547495889625764,1004.0,834.0
894,Raj Restaurant,Sector 45,True,700,6.55250788703459,2.4,2.730585324470266,3.416650836170689,-0.6860655117004231,6409.0,5715.0
5079,Burger Hut,Sector 5,True,300,5.707110264748875,2.8,3.2155773961585763,3.3332690071959785,-0.11769161103740222,4769.0,4351.0
18289241,Dancing Turkeys,Sector 50,True,800,6.68586094706836,3.3,3.3380686477319315,3.4298034897290544,-0.0917348419971229,4417.0,4022.0
18241896,Zizo,Sector 54,True,1600,7.3783837129967145,3.9,3.8046543643627926,3.498107224335746,0.3065471400270465,812.0,678.0
18363062,Grill King Kabab & Curries,Sector 54,True,500,6.2166061010848646,2.4,3.0755439239174995,3.3835207391251902,-0.3079768152076907,5808.0,5270.0
18380197,Aarush - A Mediterranean Kitchen,Sector 56,True,600,6.398594934535208,3.2,3.334773286369227,3.4014703540590903,-0.06669706768986305,4035.0,3661.0
18472639,Blossoms 4 U,Sector 56,True,300,5.707110264748875,3.0,3.3129551045510452,3.3332690071959785,-0.020313902644933268,3178.0,2838.0
18351822,Breakfast@60,Sector 56,True,120,4.795790545596741,3.1,3.323864195460136,3.243385261417069,0.08047893404306716,1932.0,1659.0
18388168,Bunny Burgers,Sector 56,True,400,5.993961427306569,3.3,3.3392582929735544,3.3615612260845467,-0.022302933110992296,3221.0,2879.0
18472449,Curry Haus,Sector 56,True,600,6.398594934535208,3.1,3.3323119009491977,3.4014703540590903,-0.06915845310989255,4064.0,3690.0
18314053,Droolfi,Sector 56,True,100,4.61512051684126,3.0,3.324764731137877,3.2255657205981403,0.09919901053973668,1784.0,1520.0
300654,Earthen Spices,Sector 56,True,600,6.398594934535208,2.7,3.1625004456566304,3.4014703540590903,-0.2389699084024599,5571.0,5086.0
18144467,FatPlates,Sector 56,True,600,6.398594934535208,3.0,3.25690344403444,3.4014703540590903,-0.14456691002465005,5023.0,4587.0
18332527,Food4U!,Sector 56,True,600,6.398594934535208,3.2,3.310634787318022,3.4014703540590903,-0.09083556674106807,4403.0,4010.0
18423797,Ghar Ki Handi,Sector 56,True,300,5.707110264748875,3.0,3.3129551045510452,3.3332690071959785,-0.020313902644933268,3178.0,2838.0
18265424,Giani,Sector 56,True,300,5.707110264748875,3.2,3.332366620541205,3.3332690071959785,-0.0009023866547734904,2866.0,2540.0
311534,Great Desserts Company,Sector 56,True,300,5.707110264748875,3.3,3.339881440481071,3.3332690071959785,0.006612433285092312,2764.0,2440.0
18124345,Green Chick Chop,Sector 56,True,350,5.860786223465865,2.9,3.317217561326556,3.348426114537516,-0.03120855321095961,3376.0,3029.0
5190,Mughlai Treat,Sector 56,True,500,6.2166061010848646,3.2,3.276417842786675,3.3835207391251902,-0.10710289633851522,4641.0,4234.0
310235,Munch,Sector 56,True,700,6.55250788703459,3.1,3.312285012936336,3.416650836170689,-0.10436582323435273,4599.0,4197.0
18251519,New Spice World,Sector 56,True,600,6.398594934535208,2.9,3.309491310190879,3.4014703540590903,-0.0919790438682111,4424.0,4028.0
6764,Pure Bliss,Sector 56,True,500,6.2166061010848646,3.0,3.2099089115891153,3.3835207391251902,-0.17361182753607496,5222.0,4771.0
18345767,Puskar Raj Momos & Chinese Corner,Sector 56,True,200,5.303304908059076,3.0,3.324764731137877,3.2934415599652347,0.03132317117264227,2437.0,2131.0
313401,Sai-Yo!,Sector 56,True,650,6.478509642208569,3.1,3.2431689622128776,3.4093523663952126,-0.1661834041823349,5175.0,4725.0
307398,Shanghai Cafe,Sector 56,True,600,6.398594934535208,2.6,3.1577656174289013,3.4014703540590903,-0.243704736630189,5588.0,5101.0
309763,The Blaze,Sector 56,True,750,6.621405651764134,2.9,3.2879391359703063,3.423446244016628,-0.1355071080463217,4944.0,4514.0
18439540,Ullu Delivers,Sector 56,True,500,6.2166061010848646,2.8,3.30023205093162,3.3835207391251902,-0.08328868819357016,4300.0,3911.0
5011,Yomo-Your Only Momo Outlet,Sector 56,True,150,5.017279836814924,3.0,3.3129551045510452,3.2652308187184387,0.04772428583260657,2254.0,1954.0
18265720,Dimsum Democracy,Sector 56,True,500,6.2166061010848646,3.6,3.473047195315703,3.3835207391251902,0.0895264561905127,1854.0,1586.0
18444356,Midnight Hunger,Sector 56,True,400,5.993961427306569,3.8,3.5685529552663944,3.3615612260845467,0.20699172918184772,1215.0,1017.0
18419894,The Punjab Kitchen,Sector 56,True,350,5.860786223465865,3.9,3.587355008724505,3.348426114537516,0.23892889418698937,1072.0,897.0
18254541,Too Maach,Sector 56,True,800,6.68586094706836,3.5,3.423289797371657,3.4298034897290544,-0.006513692357397183,2948.0,2614.0
306540,Chawla's_,Sector 56,True,800,6.68586094706836,2.2,2.690543745654848,3.4298034897290544,-0.7392597440742064,6433.0,5739.0
304524,Chy - Na Express,Sector 56,True,400,5.993961427306569,2.2,2.7938161131611317,3.3615612260845467,-0.567745112923415,6308.0,5626.0
2087,Kwality,Sector 56,True,650,6.478509642208569,2.4,2.861510205448589,3.4093523663952126,-0.5478421609466237,6293.0,5613.0
18439516,Brother's Snacks and Shakes,Sector 57,True,300,5.707110264748875,3.2,3.3215168975460245,3.3332690071959785,-0.01175210964995399,3032.0,2697.0
5588,Ginger Garlic,Sector 57,True,600,6.398594934535208,2.8,2.9742743919374672,3.4014703540590903,-0.42719596212162303,6098.0,5473.0
311975,Arabicaa 9,Sector 7,True,500,6.2166061010848646,3.3,3.335387757046584,3.3835207391251902,-0.04813298207860628,3701.0,3342.0
6897,Burger Xpress,Sector 7,True,300,5.707110264748875,3.4,3.383304410841311,3.3332690071959785,0.050035403645332543,2235.0,1935.0
313122,Dilli Light,Sector 7,True,600,6.398594934535208,2.6,3.1663466269278073,3.4014703540590903,-0.23512372713128293,5551.0,5071.0
306976,KB's Kulfi & Icecream,Sector 7,True,200,5.303304908059076,2.8,3.2502088458384577,3.2934415599652347,-0.04323271412677698,3611.0,3257.0
308191,MyLoveBiryani.Com,Sector 7,True,350,5.860786223465865,3.2,3.314038934620115,3.348426114537516,-0.0343871799174007,3430.0,3082.0
18336484,Tandoori Adda,Sector 7,True,450,6.111467339502679,3.2,3.291512725312438,3.3731508705500266,-0.0816381452375885,4261.0,3874.0
312665,Tiffins 4 U,Sector 7,True,200,5.303304908059076,3.1,3.2620069835566774,3.2934415599652347,-0.03143457640855729,3393.0,3046.0
18357570,Cafe Cup of Life,Sector 7,True,550,6.311734809152915,3.7,3.5182184122373132,3.3929033130260597,0.1253150992112535,1612.0,1372.0
310829,DCK- Dana Choga's Kitchen,Sector 7,True,800,6.68586094706836,3.5,3.4630077703061293,3.4298034897290544,0.03320428057707492,2412.0,2106.0
9852,Kishu Di Hatti Sweets,Sector 7,True,150,5.017279836814924,3.6,3.4233700108740215,3.2652308187184387,0.1581391921555828,1431.0,1209.0
18357912,KC Bakers,Sector 8,True,350,5.860786223465865,3.2,3.3195569475856046,3.348426114537516,-0.028869166951911218,3339.0,2994.0
311455,Sham Sweets,Sector 8,True,200,5.303304908059076,2.8,3.2823666205412048,3.2934415599652347,-0.011074939424029928,3024.0,2689.0
1920,Gopala,"Shopping Mall, DLF Phase 1",True,250,5.5254529391317835,3.4,3.372238729654738,3.3153520889822103,0.056886640672527466,2142.0,1848.0
358,Halki Aanch,"Shopping Mall, DLF Phase 1",True,700,6.55250788703459,3.3,3.3222347854009513,3.416650836170689,-0.09441605076973758,4464.0,4067.0
5080,New Sukh Sagar,"Shopping Mall, DLF Phase 1",True,100,4.61512051684126,3.2,3.314038934620115,3.2255657205981403,0.08847321402197483,1861.0,1592.0
1655,Sweets Corner,"Shopping Mall, DLF Phase 1",True,450,6.111467339502679,2.7,3.1144484513026947,3.3731508705500266,-0.25870241924733195,5648.0,5146.0
18397469,Minus5degree,"Shopping Mall, DLF Phase 1",True,200,5.303304908059076,3.6,3.4417211785754214,3.2934415599652347,0.14827961861018668,1479.0,1252.0
1654,Qureshi's Kabab Corner,"Shopping Mall, DLF Phase 1",True,650,6.478509642208569,4.0,3.9288870934011353,3.4093523663952126,0.5195347270059227,318.0,257.0
313085,Burger Singh,Sohna Road,True,500,6.2166061010848646,3.4,3.3900105889134204,3.3835207391251902,0.006489849788230195,2767.0,2443.0
307502,Captain Bill$ Deliverz,Sohna Road,True,1000,6.90875477931522,2.5,2.865899392546557,3.4517875773465194,-0.5858881847999626,6326.0,5642.0
18237318,Chaayos,Sohna Road,True,400,5.993961427306569,3.3,3.3285514857989487,3.3615612260845467,-0.033009740285598,3409.0,3062.0
18336504,Chai Point,Sohna Road,True,200,5.303304908059076,3.4,3.3653989963812676,3.2934415599652347,0.07195743641603292,2013.0,1728.0
18277212,Cyber Adda 24,Sohna Road,True,500,6.2166061010848646,3.3,3.3380686477319315,3.3835207391251902,-0.04545209139325879,3656.0,3297.0
18411846,Desi Thaat,Sohna Road,True,400,5.993961427306569,3.2,3.305893296432964,3.3615612260845467,-0.055667929651582515,3842.0,3473.0
300938,Doughlicious,Sohna Road,True,550,6.311734809152915,3.3,3.311216655135301,3.3929033130260597,-0.08168665789075868,4263.0,3876.0
309466,Dunkin' Donuts,Sohna Road,True,600,6.398594934535208,3.4,3.387232784761003,3.4014703540590903,-0.014237569298087394,3075.0,2739.0
303606,Gulshan Dhaba,Sohna Road,True,150,5.017279836814924,3.4,3.3653989963812676,3.2652308187184387,0.10016817766282893,1780.0,1516.0
18441175,Karari Kurry,Sohna Road,True,600,6.398594934535208,3.4,3.376125307503075,3.4014703540590903,-0.025345046556015216,3270.0,2927.0
18292438,Moti Mahal Delux,Sohna Road,True,1000,6.90875477931522,3.2,3.291512725312438,3.4517875773465194,-0.16027485203408132,5137.0,4696.0
301383,Needs Gourmet,Sohna Road,True,750,6.621405651764134,3.1,3.216155950474599,3.423446244016628,-0.20729029354202888,5427.0,4964.0
310500,Rao's Meeting Point,Sohna Road,True,300,5.707110264748875,3.4,3.376820686896189,3.3332690071959785,0.04355167970021068,2301.0,2001.0
6867,Sadabahar Hotel,Sohna Road,True,400,5.993961427306569,2.9,3.1456947861145275,3.3615612260845467,-0.2158664399700192,5465.0,4997.0
301310,Sagar Ratna,Sohna Road,True,600,6.398594934535208,2.5,2.676002239452774,3.4014703540590903,-0.7254681146063162,6425.0,5731.0
18232128,Shri Ram Restaurant,Sohna Road,True,400,5.993961427306569,3.1,3.205235305558184,3.3615612260845467,-0.15632592052636252,5106.0,4666.0
4820,Shri Ram Restaurant,Sohna Road,True,400,5.993961427306569,2.6,3.065981401902626,3.3615612260845467,-0.2955798241819205,5771.0,5242.0
306883,Subway,Sohna Road,True,500,6.2166061010848646,2.9,3.1066591658907243,3.3835207391251902,-0.2768615732344659,5711.0,5194.0
4817,Subway,Sohna Road,True,500,6.2166061010848646,2.9,3.047416871668716,3.3835207391251902,-0.33610386745647425,5895.0,5333.0
18423106,Sugarcraft Patisserie,Sohna Road,True,800,6.68586094706836,3.3,3.3386543192354994,3.4298034897290544,-0.09114917049355498,4411.0,4018.0
18161567,Tea Halt,Sohna Road,True,500,6.2166061010848646,2.8,3.1804581795817954,3.3835207391251902,-0.2030625595433948,5400.0,4939.0
303003,The Golden Dragon,Sohna Road,True,1500,7.313886831633462,2.6,2.878882808714451,3.4917458769774545,-0.6128630682630036,6358.0,5669.0
309033,The Spice Room,Sohna Road,True,1350,7.208600337960199,3.4,3.388296719364252,3.4813614375404534,-0.09306471817620121,4444.0,4048.0
18258571,The Tongue Twister,Sohna Road,True,600,6.398594934535208,3.4,3.3731745028124434,3.4014703540590903,-0.028295851246646908,3324.0,2979.0
18322684,56 Fresca,Sohna Road,True,750,6.621405651764134,3.7,3.483702920889968,3.423446244016628,0.06025667687333991,2116.0,1824.0
18261309,BreakfastBay,Sohna Road,True,200,5.303304908059076,3.5,3.4077535538013604,3.2934415599652347,0.11431199383612567,1689.0,1439.0
304192,Cafe Maple Street,Sohna Road,True,500,6.2166061010848646,3.5,3.4452069981226123,3.3835207391251902,0.06168625899742208,2106.0,1814.0
18381235,Fat Lulu's,Sohna Road,True,1250,7.1316985104669115,3.7,3.455893296432964,3.473776586508402,-0.017883290075437763,3149.0,2811.0
18365865,Fat Monk,Sohna Road,True,400,5.993961427306569,3.9,3.5213032500043306,3.3615612260845467,0.15974202391978398,1422.0,1202.0
18282037,First Eat,Sohna Road,True,300,5.707110264748875,3.6,3.485023875002901,3.3332690071959785,0.15175486780692227,1463.0,1237.0
18415385,Flying Tuk Tuk,Sohna Road,True,1100,7.00397413672268,3.9,3.550812087666331,3.4611790920197736,0.08963299564655758,1853.0,1585.0
18180062,FreshMenu,Sohna Road,True,600,6.398594934535208,3.9,3.7207502050020493,3.4014703540590903,0.3192798509429591,766.0,641.0
18368007,Little Skillet,Sohna Road,True,500,6.2166061010848646,3.5,3.402833743337433,3.3835207391251902,0.019313004212242912,2600.0,2286.0
18383504,PKay,Sohna Road,True,1600,7.3783837129967145,3.7,3.478084814939058,3.498107224335746,-0.02002240939668809,3173.0,2833.0
17977749,Shama Chicken Corner,Sohna Road,True,500,6.2166061010848646,3.6,3.454911080360803,3.3835207391251902,0.07139034123561272,2018.0,1733.0
312684,Starbucks,Sohna Road,True,700,6.55250788703459,3.7,3.529125307503075,3.416650836170689,0.1124744713323862,1698.0,1448.0
18303696,Tandoori Nation,Sohna Road,True,950,6.85751406254539,3.5,3.417187849435312,3.446733689602322,-0.029545840167009896,3352.0,3006.0
303174,Truffle Tangles,Sohna Road,True,300,5.707110264748875,3.5,3.415261985468691,3.3332690071959785,0.08199297827271268,1916.0,1644.0
6877,Domino's Pizza,Sohna Road,True,700,6.55250788703459,2.3,2.732878409666449,3.416650836170689,-0.6837724265042397,6406.0,5712.0
306975,KB's Icecream & Kulfis,Sohna Road,True,200,5.303304908059076,2.3,2.986833743337433,3.2934415599652347,-0.3066078166278019,5802.0,5264.0
18014135,Wah Ji Wah,Sohna Road,True,450,6.111467339502679,2.4,2.9122256126407415,3.3731508705500266,-0.46092525790928507,6169.0,5524.0
18306533,The Brewhouse,Sohna Road,True,2500,7.824445930877619,4.1,3.750595530955309,3.542102478856175,0.20849305209913416,1200.0,1006.0
18246068,Cake Point,South City 2,True,600,6.398594934535208,2.8,3.2823666205412048,3.4014703540590903,-0.1191037335178855,4784.0,4365.0
304564,Shyam Sweets,South City 2,True,100,4.61512051684126,2.8,3.2657332887984047,3.2255657205981403,0.04016756820026446,2335.0,2035.0
312265,Uma Foodies' Hut,South City 2,True,700,6.55250788703459,3.1,3.25015281402814,3.416650836170689,-0.16649802214254894,5179.0,4729.0
313316,Bikanervala,"Suncity Business Tower, Golf Course Road",True,600,6.398594934535208,3.4,3.3894825143185345,3.4014703540590903,-0.011987839740555728,3037.0,2702.0
7528,Indian Grill Room,"Suncity Business Tower, Golf Course Road",True,1800,7.496097345175956,4.5,4.457065240846917,3.5097173562874113,0.9473478845595054,29.0,27.0
1216,Oriental Fusion,"Supermart 1, DLF Phase 4",True,650,6.478509642208569,3.3,3.3101311723802715,3.4093523663952126,-0.099221194014941,4527.0,4129.0
305662,Purani Dilli's Al Karam Kebab House,"Supermart 1, DLF Phase 4",True,950,6.85751406254539,3.4,3.3955122758464427,3.446733689602322,-0.0512214137558793,3758.0,3396.0
305792,Rollmaal,"Supermart 1, DLF Phase 4",True,500,6.2166061010848646,3.4,3.393955774051411,3.3835207391251902,0.010435034926220776,2702.0,2381.0
305776,Speedy Chow,"Supermart 1, DLF Phase 4",True,850,6.7464121285733745,3.2,3.2255604508631293,3.435775671489889,-0.2102152206267598,5443.0,4979.0
18355106,Arabian Nites,"Supermart 1, DLF Phase 4",True,450,6.111467339502679,3.8,3.6937803417889246,3.3731508705500266,0.32062947123889796,764.0,639.0
308274,Giani's,"Supermart 1, DLF Phase 4",True,400,5.993961427306569,3.7,3.5788122748248763,3.3615612260845467,0.21725104874032963,1156.0,970.0
3538,Giani,"Supermart 1, DLF Phase 4",True,400,5.993961427306569,3.6,3.5256861631116307,3.3615612260845467,0.16412493702708408,1405.0,1185.0
18420450,Juste Miam,"Supermart 1, DLF Phase 4",True,300,5.707110264748875,3.9,3.71197573951264,3.3332690071959785,0.3787067323166613,592.0,491.0
306401,Patiala Shahi,"Supermart 1, DLF Phase 4",True,800,6.68586094706836,3.5,3.4563624595826794,3.4298034897290544,0.026558969853625047,2499.0,2191.0
18257542,The Kathis,"Supermart 1, DLF Phase 4",True,300,5.707110264748875,3.8,3.5733250592815198,3.3332690071959785,0.24005605208554126,1068.0,893.0
9290,Wai Yu Mun Ching,"Supermart 1, DLF Phase 4",True,800,6.68586094706836,3.6,3.5670608939197503,3.4298034897290544,0.137257404190696,1548.0,1314.0
301499,Bernardo's,"Supermart 1, DLF Phase 4",True,2000,7.601402334583733,4.0,3.9334990183060827,3.520103619964429,0.41339539834165384,518.0,425.0
18025103,Biryani Art,"Supermart 1, DLF Phase 4",True,1100,7.00397413672268,4.1,4.006647660942257,3.4611790920197736,0.5454685689224839,288.0,232.0
18424627,Nosh,"Supermart 1, DLF Phase 4",True,700,6.55250788703459,4.1,3.8586350707257067,3.416650836170689,0.4419842345550178,458.0,374.0
18403465,Tandoor Express,"Supermart 1, DLF Phase 4",True,500,6.2166061010848646,4.2,3.841487334054375,3.3835207391251902,0.4579665949291849,431.0,352.0
18372668,Tandoori KnockOuts,"Supermart 1, DLF Phase 4",True,500,6.2166061010848646,4.2,3.94169273757955,3.3835207391251902,0.5581719984543598,278.0,223.0
18224536,Udaipuri,"Supermart 1, DLF Phase 4",True,700,6.55250788703459,4.0,3.845691896846153,3.416650836170689,0.429041060675464,482.0,395.0
18128902,Begonia,Sushant Lok,True,500,6.2166061010848646,3.0,3.301974223689605,3.3835207391251902,-0.08154651543558522,4257.0,3871.0
18138454,Cakes & Muffins,Sushant Lok,True,400,5.993961427306569,3.3,3.335893296432964,3.3615612260845467,-0.02566792965158271,3277.0,2933.0
4602,Halki Aanch,Sushant Lok,True,700,6.55250788703459,2.7,3.062642394889858,3.416650836170689,-0.35400844128083087,5939.0,5367.0
18341082,Hungry Gopal,Sushant Lok,True,450,6.111467339502679,3.2,3.297533299346151,3.3731508705500266,-0.07561757120387558,4182.0,3801.0
18382055,Kuzo,Sushant Lok,True,300,5.707110264748875,3.2,3.3256361144119913,3.3332690071959785,-0.007632892783987266,2972.0,2638.0
18391189,Lovecrumbs Bakery,Sushant Lok,True,1000,6.90875477931522,3.4,3.3632697038508845,3.4517875773465194,-0.08851787349563489,4366.0,3975.0
311837,Organic Express,Sushant Lok,True,700,6.55250788703459,3.4,3.3653989963812676,3.416650836170689,-0.05125183978942127,3759.0,3397.0
254,Pizza Hut,Sushant Lok,True,1000,6.90875477931522,2.8,3.009399463180678,3.4517875773465194,-0.44238811416584145,6134.0,5500.0
308113,Roti Te Boti,Sushant Lok,True,600,6.398594934535208,2.8,3.096840997256126,3.4014703540590903,-0.3046293568029643,5794.0,5259.0
18365890,Behrouz Biryani,Sushant Lok,True,600,6.398594934535208,3.7,3.525638068880689,3.4014703540590903,0.12416771482159872,1620.0,1379.0
18354631,Cafí© Burger BC,Sushant Lok,True,300,5.707110264748875,3.7,3.550109918862346,3.3332690071959785,0.21684091166636765,1160.0,974.0
18336214,Dilli Darbar,Sushant Lok,True,550,6.311734809152915,3.7,3.5308171361416583,3.3929033130260597,0.13791382311559852,1545.0,1311.0
18265365,Fu.D,Sushant Lok,True,250,5.5254529391317835,3.7,3.5403040257038083,3.3153520889822103,0.22495193672159797,1127.0,945.0
18363405,Jarfull,Sushant Lok,True,200,5.303304908059076,3.7,3.469088253382533,3.2934415599652347,0.17564669341729822,1362.0,1147.0
18322661,Mochamania,Sushant Lok,True,300,5.707110264748875,3.7,3.527399300508156,3.3332690071959785,0.19413029331217757,1271.0,1067.0
18261725,Mukhtalif Biryanis,Sushant Lok,True,600,6.398594934535208,3.7,3.601796153737399,3.4014703540590903,0.20032579967830877,1244.0,1044.0
18157408,Mummy's Kitchen,Sushant Lok,True,150,5.017279836814924,3.5,3.402833743337433,3.2652308187184387,0.13760292461899448,1547.0,1313.0
18429378,Ovenstory Pizza,Sushant Lok,True,500,6.2166061010848646,3.7,3.462674038198715,3.3835207391251902,0.07915329907352486,1947.0,1672.0
18439519,The Godinho's,Sushant Lok,True,600,6.398594934535208,3.8,3.4946184826431597,3.4014703540590903,0.0931481285840694,1830.0,1565.0
313275,Chin Chow,Sushant Lok,True,550,6.311734809152915,2.4,2.9357762155207756,3.3929033130260597,-0.45712709750528413,6160.0,5518.0
18343001,Cafe Sante,Sushant Lok,True,1100,7.00397413672268,4.3,3.8811939707234906,3.4611790920197736,0.420014878703717,504.0,414.0
18377905,Mughal Dine-Esty,Sushant Lok,True,1500,7.313886831633462,4.0,3.607562108028487,3.4917458769774545,0.11581623105103267,1675.0,1426.0
18406140,Nuterro,Sushant Lok,True,600,6.398594934535208,4.0,3.788083538335383,3.4014703540590903,0.38661318427629254,572.0,472.0
18472606,Sandburg Shakes,Sushant Lok,True,750,6.621405651764134,4.0,3.6170184427747887,3.423446244016628,0.19357219875816067,1274.0,1069.0
18451577,The Millionaire Express,Sushant Lok,True,400,5.993961427306569,4.0,3.6883581446108575,3.3615612260845467,0.3267969185263109,750.0,628.0
312540,Ammu's South Indian Restaurant,"Sushant Shopping Arcade, Sushant Lok, Gurgaon",True,250,5.5254529391317835,3.1,3.3086869618696184,3.3153520889822103,-0.006665127112591929,2955.0,2621.0
18386419,Elma's Delivers,"Sushant Shopping Arcade, Sushant Lok, Gurgaon",True,500,6.2166061010848646,3.1,3.3280098287093978,3.3835207391251902,-0.05551091041579248,3838.0,3469.0
18412886,Faasos,"Sushant Shopping Arcade, Sushant Lok, Gurgaon",True,600,6.398594934535208,3.2,3.3215168975460245,3.4014703540590903,-0.07995345651306573,4237.0,3853.0
18421029,Foodrath,"Sushant Shopping Arcade, Sushant Lok, Gurgaon",True,400,5.993961427306569,3.0,3.324764731137877,3.3615612260845467,-0.0367964949466697,3478.0,3128.0
18332044,Hyderabad House,"Sushant Shopping Arcade, Sushant Lok, Gurgaon",True,500,6.2166061010848646,2.7,3.269866620541205,3.3835207391251902,-0.11365411858398522,4722.0,4308.0
18306553,Kake Da Hotel,"Sushant Shopping Arcade, Sushant Lok, Gurgaon",True,700,6.55250788703459,3.1,3.2465777470274695,3.416650836170689,-0.1700730891432194,5203.0,4753.0
309451,Mitraao,"Sushant Shopping Arcade, Sushant Lok, Gurgaon",True,650,6.478509642208569,3.4,3.3856176551223345,3.4093523663952126,-0.023734711272878073,3240.0,2898.0
18203171,PomoDoro Bistro,"Sushant Shopping Arcade, Sushant Lok, Gurgaon",True,700,6.55250788703459,3.4,3.3794183685371335,3.416650836170689,-0.037232467633555366,3500.0,3148.0
312570,Shri Shyam Ji Ke Mashhoor Chhole Bhature,"Sushant Shopping Arcade, Sushant Lok, Gurgaon",True,200,5.303304908059076,3.3,3.3335004100040995,3.2934415599652347,0.04005885003886478,2339.0,2039.0
18273621,Spice Aangan Express,"Sushant Shopping Arcade, Sushant Lok, Gurgaon",True,400,5.993961427306569,3.0,3.2099089115891153,3.3615612260845467,-0.15165231449543137,5073.0,4634.0
305919,Subway,"Sushant Shopping Arcade, Sushant Lok, Gurgaon",True,500,6.2166061010848646,3.3,3.3232641736139583,3.3835207391251902,-0.06025656551123193,3927.0,3556.0
304520,Swaad Ka Khazana,"Sushant Shopping Arcade, Sushant Lok, Gurgaon",True,600,6.398594934535208,2.6,3.213542179171791,3.4014703540590903,-0.18792817488729918,5302.0,4847.0
18292458,The Toddy Shop,"Sushant Shopping Arcade, Sushant Lok, Gurgaon",True,1200,7.0909098220799835,3.4,3.365893296432964,3.4697535855565107,-0.1038602891235465,4588.0,4186.0
4215,Truffles,"Sushant Shopping Arcade, Sushant Lok, Gurgaon",True,300,5.707110264748875,3.2,3.3158207929735544,3.3332690071959785,-0.017448214222424152,3139.0,2803.0
18360143,Cafe Bonkerz,"Sushant Shopping Arcade, Sushant Lok, Gurgaon",True,850,6.7464121285733745,3.6,3.4645836750034165,3.435775671489889,0.028808003513527414,2479.0,2173.0
18423890,Wrapchick,"Sushant Shopping Arcade, Sushant Lok, Gurgaon",True,650,6.478509642208569,3.9,3.6682114719854098,3.4093523663952126,0.2588591055901972,991.0,823.0
312555,WoW - Vada Pav & More,"Sushant Shopping Arcade, Sushant Lok, Gurgaon",True,300,5.707110264748875,2.2,2.826805897225639,3.3332690071959785,-0.5064631099703396,6233.0,5570.0
18420454,Me Kong Bowl,"Sushant Shopping Arcade, Sushant Lok, Gurgaon",True,700,6.55250788703459,4.0,3.58174382566194,3.416650836170689,0.16509298949125117,1398.0,1179.0
3961,Palmyra - The Bristol Hotel,"The Bristol Hotel, DLF Phase 1",True,2500,7.824445930877619,3.3,3.3237031202859195,3.542102478856175,-0.2183993585702555,5479.0,5009.0
3288,Shanghai Bar & Lounge - The Bristol Hotel,"The Bristol Hotel, DLF Phase 1",True,2400,7.783640596221253,3.0,3.2607959204592043,3.538077836077581,-0.27728191561837656,5712.0,5195.0
7231,Zaffran - The Bristol Hotel,"The Bristol Hotel, DLF Phase 1",True,2000,7.601402334583733,3.2,3.273391393567401,3.520103619964429,-0.24671222639702783,5600.0,5110.0
18291211,Zaffran - The Claremont,"The Claremont, MG Road",True,2500,7.824445930877619,3.0,3.324764731137877,3.542102478856175,-0.21733774771829806,5471.0,5003.0
5768,Clove - The Galgotias,"The Galgotias, Sector 23",True,1500,7.313886831633462,2.7,3.1693019227986396,3.4917458769774545,-0.3224439541788149,5852.0,5302.0
304276,Green Leaf,"The Habitare Hotel, Sector 14",True,800,6.68586094706836,3.0,3.3129551045510452,3.4298034897290544,-0.1168483851780091,4756.0,4338.0
304279,Tokyo,"The Habitare Hotel, Sector 14",True,1600,7.3783837129967145,3.0,3.2917378093272456,3.498107224335746,-0.20636941500850048,5419.0,4956.0
5717,Cigar Lounge - The Oberoi,"The Oberoi, Udyog Vihar",True,3000,8.006700845440367,3.2,3.312311071974356,3.560078337452493,-0.24776726547813688,5610.0,5119.0
7496,Melange - The Pllazio Hotel,"The Pllazio Hotel, Sector 29",True,2500,7.824445930877619,3.6,3.514772942309843,3.542102478856175,-0.02732953654633219,3302.0,2958.0
309377,Qureshi's Kabab Corner,"The Sapphire Mall, Sohna Road",True,650,6.478509642208569,3.3,3.317327798277982,3.4093523663952126,-0.09202456811723048,4428.0,4032.0
5042,EEST - The Westin Gurgaon,"The Westin Gurgaon, Sector 29",True,3000,8.006700845440367,3.9,3.8162384135523597,3.560078337452493,0.2561600760998668,1000.0,832.0
5044,Prego - The Westin Gurgaon,"The Westin Gurgaon, Sector 29",True,3000,8.006700845440367,3.8,3.7499146486339576,3.560078337452493,0.1898363111814647,1294.0,1087.0
5046,Seasonal Tastes - The Westin Gurgaon,"The Westin Gurgaon, Sector 29",True,3000,8.006700845440367,3.9,3.8393059384882786,3.560078337452493,0.2792276010357857,910.0,756.0
310700,Xiao Chi - The Westin Sohna Resort & Spa,"The Westin Sohna Resort & Spa, Sohna Road",True,3000,8.006700845440367,3.4,3.3663736725395417,3.560078337452493,-0.19370466491295124,5337.0,4880.0
310699,The Living Room - The Westin Sohna Resort & Spa,"The Westin Sohna Resort & Spa, Sohna Road",True,3000,8.006700845440367,3.7,3.5182184122373132,3.560078337452493,-0.04185992521517967,3576.0,3223.0
2711,The Bar - Trident Gurgaon,"Trident, Udyog Vihar",True,2000,7.601402334583733,3.3,3.3295591852977346,3.520103619964429,-0.19054443466669424,5316.0,4861.0
2710,Konomi - Trident Gurgaon,"Trident, Udyog Vihar",True,3000,8.006700845440367,3.5,3.404112246714572,3.560078337452493,-0.155966090737921,5105.0,4665.0
18285736,L'Opera,"Two Horizon Center, Golf Course Road",True,400,5.993961427306569,3.7,3.437115857697038,3.3615612260845467,0.07555463161249154,1983.0,1704.0
18291200,Town Hall,"Two Horizon Center, Golf Course Road",True,2500,7.824445930877619,3.5,3.3824601733920563,3.542102478856175,-0.15964230546411873,5132.0,4692.0
18291198,Whisky Samba,"Two Horizon Center, Golf Course Road",True,2500,7.824445930877619,3.8,3.675071197444929,3.542102478856175,0.1329687185887538,1571.0,1335.0
18446404,Chokola,Udyog Vihar,True,700,6.55250788703459,3.1,3.323864195460136,3.416650836170689,-0.09278664071055287,4437.0,4041.0
6690,Citrus Cafe - Lemon Tree Hotel,Udyog Vihar,True,2000,7.601402334583733,2.7,3.119901720398783,3.520103619964429,-0.400201899565646,6039.0,5430.0
306032,Green Hut,Udyog Vihar,True,600,6.398594934535208,2.8,3.175174038198715,3.4014703540590903,-0.22629631586037524,5515.0,5041.0
18216898,My Plate,Udyog Vihar,True,200,5.303304908059076,3.1,3.323864195460136,3.2934415599652347,0.030422635494901318,2456.0,2150.0
310487,PiccoLicko,Udyog Vihar,True,200,5.303304908059076,3.3,3.3411890286935653,3.2934415599652347,0.04774746872833058,2252.0,1952.0
18352277,Pind Balluchi,Udyog Vihar,True,1000,6.90875477931522,2.7,3.269866620541205,3.4517875773465194,-0.1819209568053144,5266.0,4814.0
4185,Raj Xpresso,Udyog Vihar,True,650,6.478509642208569,2.9,3.256653721779153,3.4093523663952126,-0.15269864461605964,5081.0,4642.0
18374686,Riders Hub,Udyog Vihar,True,800,6.68586094706836,3.1,3.305208845838458,3.4298034897290544,-0.12459464389059649,4835.0,4413.0
310870,Shivani Catering Services,Udyog Vihar,True,500,6.2166061010848646,3.1,3.28655349621678,3.3835207391251902,-0.09696724290841008,4494.0,4097.0
18435802,The Diet Kitchen,Udyog Vihar,True,700,6.55250788703459,3.3,3.3448666205412048,3.416650836170689,-0.07178421562948412,4118.0,3741.0
311788,The Gr8 Taste of India,Udyog Vihar,True,400,5.993961427306569,3.0,3.2917378093272456,3.3615612260845467,-0.06982341675730108,4074.0,3699.0
312301,World Art Cafe,Udyog Vihar,True,500,6.2166061010848646,3.3,3.342585266954364,3.3835207391251902,-0.04093547217082616,3552.0,3199.0
18175242,XLNC Bakers,Udyog Vihar,True,150,5.017279836814924,2.9,3.317217561326556,3.2652308187184387,0.05198674260811753,2201.0,1902.0
312592,Tea Halt,"Unitech Cyber Park, Sector 39, Gurgaon",True,400,5.993961427306569,3.1,3.1939887843534924,3.3615612260845467,-0.16757244173105423,5189.0,4739.0
9273,Dunkin' Donuts,"Unitech Cyber Park, Sector 39, Gurgaon",True,600,6.398594934535208,3.5,3.4792379793456054,3.4014703540590903,0.07776762528651515,1962.0,1685.0
309134,Indian Bistro Company,"Unitech Cyber Park, Sector 39, Gurgaon",True,750,6.621405651764134,3.7,3.647423171539408,3.423446244016628,0.22397692752277987,1131.0,949.0
18237342,Anaaj,"Unitech Infospace, Sector 21, Gurgaon",True,500,6.2166061010848646,2.9,3.2948666205412054,3.3835207391251902,-0.08865411858398486,4369.0,3978.0
18383550,Au Bon Pain,"Unitech Infospace, Sector 21, Gurgaon",True,600,6.398594934535208,2.8,3.2739040482510084,3.4014703540590903,-0.12756630580808181,4867.0,4444.0
302243,Cafe Coffee Day,"Unitech Infospace, Sector 21, Gurgaon",True,450,6.111467339502679,3.1,3.3086869618696184,3.3731508705500266,-0.06446390868040819,3979.0,3606.0
18294576,Cafe Friends,"Unitech Infospace, Sector 21, Gurgaon",True,600,6.398594934535208,3.2,3.2926566343788437,3.4014703540590903,-0.10881371968024656,4654.0,4247.0
18233603,Chinese Bistro,"Unitech Infospace, Sector 21, Gurgaon",True,600,6.398594934535208,2.9,3.309491310190879,3.4014703540590903,-0.0919790438682111,4424.0,4028.0
304182,Dunkin' Donuts,"Unitech Infospace, Sector 21, Gurgaon",True,600,6.398594934535208,3.4,3.382445079046379,3.4014703540590903,-0.01902527501271134,3157.0,2818.0
18396424,Madras Coffee House,"Unitech Infospace, Sector 21, Gurgaon",True,300,5.707110264748875,3.0,3.324764731137877,3.3332690071959785,-0.008504276058101556,2985.0,2651.0
9967,McDonald's,"Unitech Infospace, Sector 21, Gurgaon",True,500,6.2166061010848646,3.3,3.329911080360803,3.3835207391251902,-0.05360965876438728,3807.0,3441.0
18350125,Nukkadwala,"Unitech Infospace, Sector 21, Gurgaon",True,300,5.707110264748875,3.2,3.3001693344636145,3.3332690071959785,-0.03309967273236403,3413.0,3066.0
302248,Salad Chef,"Unitech Infospace, Sector 21, Gurgaon",True,400,5.993961427306569,3.2,3.2797046317237366,3.3615612260845467,-0.08185659436081005,4266.0,3879.0
310531,Subway,"Unitech Infospace, Sector 21, Gurgaon",True,500,6.2166061010848646,3.3,3.3330596151356247,3.3835207391251902,-0.05046112398956559,3746.0,3384.0
312708,Tea Halt,"Unitech Infospace, Sector 21, Gurgaon",True,400,5.993961427306569,2.7,3.206548107147738,3.3615612260845467,-0.1550131189368087,5097.0,4657.0
18175288,The Kachori Co.,"Unitech Infospace, Sector 21, Gurgaon",True,200,5.303304908059076,2.5,3.195208845838458,3.2934415599652347,-0.0982327141267767,4514.0,4116.0
18124368,Urban Dhaba,"Unitech Infospace, Sector 21, Gurgaon",True,700,6.55250788703459,3.2,3.3235421791717914,3.416650836170689,-0.09310865699889748,4447.0,4051.0
18371415,A Piece of Paris,"Unitech Infospace, Sector 21, Gurgaon",True,600,6.398594934535208,3.9,3.607744899459864,3.4014703540590903,0.20627454540077395,1219.0,1021.0
305687,Chaayos,"Unitech Infospace, Sector 21, Gurgaon",True,400,5.993961427306569,3.8,3.675071197444929,3.3615612260845467,0.31350997136038217,780.0,653.0
309642,Doughlicious,"Unitech Infospace, Sector 21, Gurgaon",True,550,6.311734809152915,3.6,3.488188355507408,3.3929033130260597,0.09528504248134828,1811.0,1546.0
18273546,Eggers Madhouse,"Unitech Infospace, Sector 21, Gurgaon",True,500,6.2166061010848646,3.7,3.529125307503075,3.3835207391251902,0.14560456837788482,1501.0,1270.0
18349911,Live Wok,"Unitech Infospace, Sector 21, Gurgaon",True,500,6.2166061010848646,3.6,3.4703460718117816,3.3835207391251902,0.08682533268659132,1878.0,1609.0
300652,Orange Chopsticks,"Unitech Infospace, Sector 21, Gurgaon",True,1300,7.170888478512505,3.5,3.470733055222118,3.477641905178529,-0.006908849956410723,2962.0,2628.0
302239,Pizzoccheri,"Unitech Infospace, Sector 21, Gurgaon",True,800,6.68586094706836,3.6,3.5025002460024597,3.4298034897290544,0.07269675627340533,2007.0,1724.0
309308,Chai Point,"Unitech Infospace, Sector 21, Gurgaon",True,200,5.303304908059076,2.4,2.8756380688806886,3.2934415599652347,-0.41780349108454606,6082.0,5461.0
301559,Latitude - Vivanta By Taj,"Vivanta by Taj, Sector 44, Gurgaon",True,3500,8.160803920954665,3.8,3.7378885049443715,3.5752775714558593,0.1626109334885122,1412.0,1192.0
301562,Thai Pavilion - Vivanta By Taj,"Vivanta by Taj, Sector 44, Gurgaon",True,4000,8.294299608857235,4.0,3.8813900401130876,3.5884442924450406,0.29294574766804704,870.0,722.0
311480,3H Kitchen,"Vyapar Kendra, Palam Vihar",True,600,6.398594934535208,2.9,3.2455082929735544,3.4014703540590903,-0.1559620610855359,5104.0,4664.0
303866,Manish Sweets & Bakers,"Vyapar Kendra, Palam Vihar",True,200,5.303304908059076,2.8,3.30023205093162,3.2934415599652347,0.0067904909663853985,2761.0,2437.0
4188,Oasis Kitchen,"Vyapar Kendra, Palam Vihar",True,250,5.5254529391317835,2.9,3.3020460136419545,3.3153520889822103,-0.013306075340255852,3054.0,2718.0
311844,Ramchandra Chinese Food,"Vyapar Kendra, Palam Vihar",True,250,5.5254529391317835,2.7,3.2408903517001266,3.3153520889822103,-0.07446173728208372,4156.0,3777.0
308681,Sona Chinese,"Vyapar Kendra, Palam Vihar",True,400,5.993961427306569,2.8,3.2287703293699597,3.3615612260845467,-0.132790896714587,4917.0,4491.0
2817,The Pastry Hut,"Vyapar Kendra, Palam Vihar",True,150,5.017279836814924,2.9,3.256653721779153,3.2652308187184387,-0.008577096939285767,3001.0,2667.0
301734,Bhoomika,"Vyapar Kendra, Sushant Lok",True,250,5.5254529391317835,2.9,3.3020460136419545,3.3153520889822103,-0.013306075340255852,3054.0,2718.0
309851,FoodZilla,"Vyapar Kendra, Sushant Lok",True,700,6.55250788703459,3.3,3.3124382710411258,3.416650836170689,-0.10421256512956312,4596.0,4194.0
300097,Goli Vada Pav No. 1,"Vyapar Kendra, Sushant Lok",True,150,5.017279836814924,3.4,3.388062653751537,3.2652308187184387,0.12283183503309836,1626.0,1383.0
18466966,Indo Chinese,"Vyapar Kendra, Sushant Lok",True,200,5.303304908059076,3.2,3.3215168975460245,3.2934415599652347,0.02807533758078984,2483.0,2177.0
306524,Kathi Junction,"Vyapar Kendra, Sushant Lok",True,400,5.993961427306569,3.0,3.12472848369788,3.3615612260845467,-0.23683274238666652,5564.0,5081.0
1453,Romi da Dhaba,"Vyapar Kendra, Sushant Lok",True,550,6.311734809152915,3.1,3.1720031038029677,3.3929033130260597,-0.22090020922309206,5489.0,5018.0
1451,Shamji Snacks,"Vyapar Kendra, Sushant Lok",True,400,5.993961427306569,2.7,2.9417615965932384,3.3615612260845467,-0.4197996294913082,6084.0,5463.0
300082,The Lunch Break,"Vyapar Kendra, Sushant Lok",True,200,5.303304908059076,2.9,3.2948666205412054,3.2934415599652347,0.0014250605759706936,2834.0,2509.0
313479,Veg O Non,"Vyapar Kendra, Sushant Lok",True,650,6.478509642208569,3.1,3.275893296432964,3.4093523663952126,-0.13345906996224866,4930.0,4504.0
9122,Alwar Sweets,"Vyapar Kendra, Sushant Lok",True,200,5.303304908059076,3.5,3.4366307021765867,3.2934415599652347,0.14318914221135204,1518.0,1287.0
3559,Bakers Oven,"Vyapar Kendra, Sushant Lok",True,600,6.398594934535208,3.6,3.4967163622907416,3.4014703540590903,0.0952460082316513,1814.0,1549.0
18265678,Burgzz Bee,"Vyapar Kendra, Sushant Lok",True,250,5.5254529391317835,3.6,3.488188355507408,3.3153520889822103,0.17283626652519768,1372.0,1156.0
2165,Chinese Corner,"Vyapar Kendra, Sushant Lok",True,500,6.2166061010848646,3.6,3.570843375000736,3.3835207391251902,0.18732263587554554,1304.0,1095.0
6769,Iroha,"Vyapar Kendra, Sushant Lok",True,400,5.993961427306569,3.7,3.5474333102706024,3.3615612260845467,0.18587208418605572,1314.0,1104.0
1454,Curry 'n' Phulka,"Vyapar Kendra, Sushant Lok",True,400,5.993961427306569,2.4,2.753125232956875,3.3615612260845467,-0.6084359931276717,6353.0,5664.0
6775,Wah Ji Wah,"Vyapar Kendra, Sushant Lok",True,400,5.993961427306569,2.2,2.495353564137736,3.3615612260845467,-0.8662076619468109,6476.0,5782.0
306043,Woods Spice,"Woods Resort, Gurgaon",True,1300,7.170888478512505,3.2,3.287206244121265,3.477641905178529,-0.19043566105726395,5315.0,4860.0
2100712,Mocha,"Anil Plaza, Christian Basti",False,800,6.68586094706836,4.6,4.46187930191943,3.851211528533131,0.6106677733862984,206.0,45.0
2100478,Terra Mayaa Restaurant and Lounge,"Anil Plaza, Christian Basti",False,1400,7.244941546337007,3.9,3.8342604663821698,3.9683718567991653,-0.1341113904169955,4934.0,429.0
18384506,The Basement Cafí©,Chandmari,False,600,6.398594934535208,4.7,4.322357318573186,3.791012372325447,0.5313449462477386,305.0,59.0
2100108,Strawberry Fields,Chandmari,False,500,6.2166061010848646,4.1,3.991777376844565,3.752874988385302,0.23890238845926293,1073.0,176.0
2100921,Brooklyn Blues,Christian Basti,False,1400,7.244941546337007,4.2,3.9384435896245753,3.9683718567991653,-0.029928267174589962,3363.0,347.0
2100565,Confucius,Christian Basti,False,750,6.621405651764134,4.1,3.9960694922105024,3.83770434626602,0.1583651459444826,1428.0,222.0
2100870,The Woking Mama,Christian Basti,False,1300,7.170888478512505,4.4,4.111306352529818,3.952853375659281,0.1584529768705365,1427.0,221.0
2100861,Underdoggs Sports Bar & Grill,Christian Basti,False,1650,7.409136443920128,4.4,4.210378342252057,4.0027803627026275,0.20759797954942982,1207.0,197.0
18381932,The Zouq : Resto-Cafe,Dispur,False,500,6.2166061010848646,4.1,3.8879337037590025,3.752874988385302,0.13505871537370062,1562.0,235.0
18397909,BrewBakes,Six Mile,False,500,6.2166061010848646,4.0,3.587175724029967,3.752874988385302,-0.165699264355335,5172.0,450.0
2100702,Barbeque Nation,Ulubari,False,1500,7.313886831633462,4.9,4.807791653402561,3.982819956533434,0.8249716968691274,70.0,12.0
2100101,Yo! China,Ulubari,False,800,6.68586094706836,3.6,3.5675865179529453,3.851211528533131,-0.28362501058018585,5731.0,519.0
2100322,4 Seasons,Uzan Bazaar,False,300,5.707110264748875,3.6,3.536191260472814,3.6461055896378083,-0.10991432916499422,4675.0,409.0
2100784,11th Avenue Cafe Bistro,Uzan Bazaar,False,400,5.993961427306569,4.1,4.01387918016504,3.7062178103314185,0.3076613698336219,807.0,132.0
2100849,Cafí© Riverrun,Uzan Bazaar,False,500,6.2166061010848646,4.2,3.9190035861507266,3.752874988385302,0.16612859776542477,1392.0,219.0
18480196,Fat Belly,Uzan Bazaar,False,500,6.2166061010848646,4.1,3.6042233885176684,3.752874988385302,-0.14865159986763343,5051.0,438.0
2100719,The Corner Cafe,Uzan Bazaar,False,850,6.7464121285733745,4.1,3.9390900471504713,3.8639005689171184,0.07518947823335287,1987.0,282.0
2100676,Chung Fa,Zoo Tiniali,False,600,6.398594934535208,4.3,4.188785958732793,3.791012372325447,0.3977735864073457,547.0,97.0
2100074,Shanghai Salsa,Zoo Tiniali,False,1000,6.90875477931522,4.0,3.8957787893452704,3.8979209199673495,-0.0021421306220790193,2891.0,329.0
18224282,Three Guys,Zoo Tiniali,False,700,6.55250788703459,4.3,4.135150818263502,3.823266204890575,0.3118846133729267,786.0,128.0
2100776,Ziya,Zoo Tiniali,False,700,6.55250788703459,4.3,3.9793967637952234,3.823266204890575,0.15613055890464844,1443.0,225.0
90744,Exotica,"12th Square Building, Banjara Hills",False,1500,7.313886831633462,4.3,4.286419085816625,3.982819956533434,0.30359912928319144,824.0,136.0
18452864,AB's - Absolute Barbecues,Banjara Hills,False,1500,7.313886831633462,4.9,4.595231047189991,3.982819956533434,0.6124110906565567,203.0,44.0
97824,Chili's,Banjara Hills,False,1800,7.496097345175956,4.7,4.666639339096571,4.021003795514946,0.6456355435816254,172.0,33.0
18443506,The Fisherman's Wharf,Gachibowli,False,1500,7.313886831633462,3.8,3.686075288861696,3.982819956533434,-0.2967446676717378,5777.0,530.0
90847,Chili's,Hitech City,False,1800,7.496097345175956,4.6,4.576484446867912,4.021003795514946,0.5554806513529664,279.0,56.0
18280329,Pine & Dine,Hitech City,False,700,6.55250788703459,4.0,3.956515089945701,3.823266204890575,0.1332488850551261,1569.0,236.0
96626,Jonathan's Kitchen - Holiday Inn Express & Suites,Holiday Inn Express & Suites,False,1900,7.550135342488429,4.3,4.248858669692307,4.032327940034091,0.21653072965821618,1163.0,187.0
94286,AB's - Absolute Barbecues,Jubilee Hills,False,1500,7.313886831633462,4.9,4.886159498586597,3.982819956533434,0.9033395420531631,39.0,5.0
96776,Coní_u,Jubilee Hills,False,600,6.398594934535208,4.8,4.733780345849167,3.791012372325447,0.9427679735237202,30.0,3.0
18418733,Dock Forty Five,Jubilee Hills,False,1400,7.244941546337007,4.2,3.8750978964867775,3.9683718567991653,-0.09327396031238777,4450.0,397.0
18418730,Mocha Bar,Jubilee Hills,False,1200,7.0909098220799835,4.2,4.04597233611225,3.9360931345524204,0.10987920155982955,1719.0,257.0
93766,Olive Bistro,Jubilee Hills,False,2000,7.601402334583733,4.4,4.377332391155849,4.043071395684233,0.3342609954716158,723.0,120.0
18356469,Prost Brew Pub,Jubilee Hills,False,1200,7.0909098220799835,4.1,4.042943282659887,3.9360931345524204,0.1068501481074664,1735.0,262.0
97503,United Kitchens of India,Jubilee Hills,False,1100,7.00397413672268,4.1,4.0752111694258835,3.91787498595664,0.15733618346924327,1434.0,223.0
92577,Heart Cup Coffee,Kondapur,False,1800,7.496097345175956,4.2,4.178203632468715,4.021003795514946,0.15719983695376882,1435.0,224.0
18307251,Churrolto,Madhapur,False,500,6.2166061010848646,4.7,4.531838500636915,3.752874988385302,0.7789635122516128,91.0,16.0
18313013,The Grand Trunk Road,Madhapur,False,1100,7.00397413672268,3.9,3.8595677154139962,3.91787498595664,-0.05830727054264395,3880.0,371.0
18312984,Sahibäó»s Barbeque by Ohriäó»s,Ohri' Hitech City,False,1400,7.244941546337007,4.1,4.040826662500495,3.9683718567991653,0.07245480570133012,2010.0,285.0
1401756,KYRO,Bhawar Kuan,False,1300,7.170888478512505,3.7,3.6404617796177963,3.952853375659281,-0.3123915960414849,5821.0,541.0
1400544,JAL - A Jungle Restaurant,Bhawar Kuan,False,850,6.7464121285733745,4.1,3.853775374163137,3.8639005689171184,-0.010125194753981326,3017.0,335.0
18254231,Oye24,HIG-LIG,False,250,5.5254529391317835,4.1,3.9174752773647135,3.608037676122173,0.3094376012425406,799.0,131.0
1402314,Hobnob Gourmet Cafí©bar,"Infiniti Hotel, Vijay Nagar",False,1950,7.576097340623111,4.1,3.673401520352413,4.037768508402731,-0.3643669880503184,5956.0,578.0
1400466,Mangosteen Cafe,New Palasia,False,700,6.55250788703459,3.9,3.843867496347197,3.823266204890575,0.02060129145662204,2582.0,314.0
1401934,Mama Loca,New Palasia,False,1000,6.90875477931522,4.2,4.082188472380475,3.8979209199673495,0.1842675524131252,1325.0,212.0
1401548,Vidorra,New Palasia,False,1200,7.0909098220799835,4.0,3.9298289862037694,3.9360931345524204,-0.006264148348650966,2944.0,334.0
1400460,Cafe Palette,Old Palasia,False,800,6.68586094706836,3.8,3.716397455324363,3.851211528533131,-0.13481407320876837,4938.0,430.0
1400056,Nafees Restaurant,Old Palasia,False,850,6.7464121285733745,4.0,3.941674368349188,3.8639005689171184,0.07777379943206952,1961.0,277.0
1400169,The Creative Kitchen - Radisson Blu Hotel,"Radisson Blu Hotel, Vijay Nagar",False,2000,7.601402334583733,3.8,3.7147772509701835,4.043071395684233,-0.3282941447140497,5873.0,553.0
1400186,Square - Sayaji Hotel,"Sayaji Hotel, Vijay Nagar",False,1500,7.313886831633462,4.3,4.178622795692709,3.982819956533434,0.195802839159275,1265.0,203.0
1402335,Freito,Vijay Nagar,False,650,6.478509642208569,3.1,3.264167076670766,3.8077592123992092,-0.543592135728443,6285.0,677.0
1400555,Cafe Terazza,Vijay Nagar,False,700,6.55250788703459,3.9,3.851202415154823,3.823266204890575,0.027936210264248196,2490.0,307.0
1401948,Cafe Yolo,Vijay Nagar,False,650,6.478509642208569,3.8,3.6136655148331145,3.8077592123992092,-0.19409369756609474,5338.0,458.0
18395137,Just My Bakes,Vijay Nagar,False,500,6.2166061010848646,3.9,3.6721400911043007,3.752874988385302,-0.08073489728100114,4247.0,385.0
1400121,10 Downing Street,Vijay Nagar,False,1500,7.313886831633462,4.0,3.9311959540049943,3.982819956533434,-0.05162400252843957,3762.0,364.0
1402028,Cakesmith's Alley,Vijay Nagar,False,400,5.993961427306569,4.3,3.9581803731640255,3.7062178103314185,0.251962562832607,1016.0,171.0
1401857,The Yellow Chilli,Vijay Nagar,False,1100,7.00397413672268,4.1,3.940489264131771,3.91787498595664,0.022614278175130842,2556.0,313.0
1402089,Waffle House,Vijay Nagar,False,500,6.2166061010848646,4.3,4.088693321592307,3.752874988385302,0.3358183332070048,722.0,119.0
1402050,Mocha,YN Road,False,800,6.68586094706836,4.0,3.918493668590532,3.851211528533131,0.06728214005740085,2056.0,289.0
101212,Tapri Central,C Scheme,False,750,6.621405651764134,4.7,4.656464117753826,3.83770434626602,0.8187597714878061,72.0,14.0
101834,Blackout,C Scheme,False,1650,7.409136443920128,3.9,3.8629138355176655,4.0027803627026275,-0.13986652718496195,4981.0,434.0
101884,Mamu's Infusion,C Scheme,False,1400,7.244941546337007,4.0,3.949623662044861,3.9683718567991653,-0.018748194754304226,3155.0,339.0
102813,Nibs Cafe,C Scheme,False,750,6.621405651764134,4.4,4.282677010845451,3.83770434626602,0.4449726645794314,449.0,82.0
101259,On The House,C Scheme,False,1300,7.170888478512505,4.4,4.342390729540703,3.952853375659281,0.3895373538814222,567.0,100.0
103065,WTF,C Scheme,False,1000,6.90875477931522,4.0,3.878208930077806,3.8979209199673495,-0.019711989889543258,3170.0,340.0
100080,Chokhi Dhani,"Chokhi Dhani Village Resort, Tonk Road",False,1600,7.3783837129967145,4.3,4.269556339718603,3.996335853530287,0.27322048618831607,928.0,158.0
103147,Meraaki Kitchen,Civil Lines,False,1500,7.313886831633462,3.9,3.6682114719854098,3.982819956533434,-0.31460848454802415,5834.0,548.0
101311,Taruveda Bistro,Civil Lines,False,1000,6.90875477931522,4.2,4.139021306085494,3.8979209199673495,0.24110038611814488,1062.0,175.0
100305,The Forresta Kitchen & Bar,"Devraj Niwas, Bani Park",False,1800,7.496097345175956,4.0,3.9670596173578314,4.021003795514946,-0.053944178157114386,3813.0,367.0
102215,Monarch Restaurant - Holiday Inn Jaipur City Centre,"Holiday Inn Jaipur City Centre, Bais Godam",False,2300,7.741099090035366,4.5,4.379984074094472,4.072346097306546,0.3076379767879258,808.0,133.0
102216,Chao Chinese Bistro - Holiday Inn Jaipur City Centre,"Holiday Inn Jaipur City Centre, Bais Godam",False,2500,7.824445930877619,4.3,4.169782999300581,4.089812171510854,0.07997082778972686,1937.0,274.0
18209498,Zolocrust - Hotel Clarks Amer,"Hotel Clarks Amer, Malviya Nagar",False,2000,7.601402334583733,4.9,4.695451565364711,4.043071395684233,0.6523801696804776,165.0,28.0
103019,Mutual's,Lal Kothi,False,650,6.478509642208569,4.2,4.031629679151043,3.8077592123992092,0.22387046675183342,1133.0,184.0
103090,O2- The Plant Cafe,Lal Kothi,False,700,6.55250788703459,4.1,3.913769191625926,3.823266204890575,0.09050298673535107,1843.0,268.0
102531,Cafe LazyMojo,Malviya Nagar,False,800,6.68586094706836,4.3,4.245115148465533,3.851211528533131,0.3939036199324022,556.0,99.0
100306,Replay,Tonk Road,False,1500,7.313886831633462,4.3,4.2602671202994085,3.982819956533434,0.27744716376597456,916.0,157.0
18454586,Sky Beach,Vaishali Nagar,False,1000,6.90875477931522,2.6,2.987500323687447,3.8979209199673495,-0.9104205962799026,6486.0,695.0
102504,Decked Up By Garden Cafe,Vaishali Nagar,False,1200,7.0909098220799835,3.9,3.825104542479965,3.9360931345524204,-0.11098859207245537,4692.0,410.0
102867,Calzone- Dine & Rooftop Lounge,Vidhyadhar Nagar,False,800,6.68586094706836,3.7,3.593866650623028,3.851211528533131,-0.2573448779101031,5641.0,502.0
2300061,Hucka,Arya Nagar,False,550,6.311734809152915,3.3,3.31275396319953,3.7728100579966535,-0.4600560947971233,6162.0,643.0
2300483,The Zaffran,Ashok Nagar,False,800,6.68586094706836,3.3,3.3251253075030744,3.851211528533131,-0.5260862210300568,6258.0,668.0
2300065,Gyan Vaishnav,Ashok Nagar,False,400,5.993961427306569,3.9,3.715839251714435,3.7062178103314185,0.00962144138301646,2708.0,322.0
18377936,Liquid,Ashok Nagar,False,1000,6.90875477931522,4.0,3.564555215757636,3.8979209199673495,-0.33336570420971334,5889.0,560.0
2300188,Royal Dine - Hotel Royal Cliff,Hotel Royal Cliff,False,1500,7.313886831633462,4.0,3.6913837936923053,3.982819956533434,-0.2914361628411286,5757.0,525.0
18407105,Urban Crave Express,IIT Kanpur,False,600,6.398594934535208,3.5,3.4207883777207333,3.791012372325447,-0.3702239946047139,5973.0,583.0
2300183,Mr Brown,Mall Road,False,500,6.2166061010848646,3.9,3.715839251714435,3.752874988385302,-0.0370357366708669,3497.0,351.0
2300476,Dunkin Donuts,Mall Road,False,500,6.2166061010848646,4.1,3.8302391966934373,3.752874988385302,0.0773642083081354,1964.0,278.0
2300018,Little Chef,Mall Road,False,1000,6.90875477931522,4.1,3.9227658490353017,3.8979209199673495,0.024844929067952215,2524.0,310.0
2300042,Chin Mi,"Rave 3, Tilak Nagar",False,1500,7.313886831633462,3.9,3.7008335611133885,3.982819956533434,-0.28198639542004544,5724.0,518.0
2300048,Tadka,"Rave Moti, Kakadeo",False,1000,6.90875477931522,3.8,3.649400895550051,3.8979209199673495,-0.24852002441729848,5613.0,492.0
2300058,Dhuaan,"Status Club, Kanpur Cantonment",False,1500,7.313886831633462,4.3,4.072120248776017,3.982819956533434,0.08930029224258274,1856.0,269.0
2300162,Upper Crust,Swaroop Nagar,False,350,5.860786223465865,3.4,3.3756380688806886,3.6783097580411344,-0.30267168916044573,5789.0,534.0
2300003,Anaicha's Food Joint,Swaroop Nagar,False,850,6.7464121285733745,3.6,3.521371166131016,3.8639005689171184,-0.34252940278610255,5914.0,565.0
2300176,Aromas,Swaroop Nagar,False,350,5.860786223465865,4.1,3.9332387761377605,3.6783097580411344,0.25492901809662616,1003.0,170.0
2300187,Waterside - The Landmark Hotel,"The Landmark Hotel, Mall Road",False,3000,8.006700845440367,3.9,3.7340279675944905,4.128005315122351,-0.39397734752786073,6028.0,606.0
2300009,Verandah,Tilak Nagar,False,1500,7.313886831633462,3.7,3.618241773924916,3.982819956533434,-0.36457818260851793,5957.0,579.0
18391601,Barbeque Nation,"Z Square Mall, Mall Road",False,1400,7.244941546337007,4.0,3.6468058972256383,3.9683718567991653,-0.32156595957352696,5851.0,550.0
900682,Nawras Seafood Restaurant,Chittoor Road,False,1000,6.90875477931522,4.6,4.418971984468365,3.8979209199673495,0.5210510645010151,315.0,61.0
95361,Ifthar,Edappally,False,350,5.860786223465865,3.8,3.7333713053039617,3.6783097580411344,0.055061547262827304,2170.0,298.0
95421,Dhe Puttu,Edappally,False,600,6.398594934535208,4.4,4.327725078411122,3.791012372325447,0.5367127060856749,299.0,57.0
95256,Kashi Art Cafe,Fort Kochi,False,600,6.398594934535208,4.2,4.1412606366529765,3.791012372325447,0.3502482643275293,676.0,109.0
95286,Grand Hotel Restaurant,"Grand Hotel, MG Road",False,1000,6.90875477931522,4.2,4.106123094244487,3.8979209199673495,0.2082021742771376,1202.0,195.0
900969,Barbeque Nation,Kacheripady,False,1500,7.313886831633462,4.5,4.285162331108044,3.982819956533434,0.3023423745746099,827.0,137.0
95333,Chiyang,Kacheripady,False,800,6.68586094706836,3.7,3.6475844501543175,3.851211528533131,-0.20362707837881366,5407.0,463.0
900547,Slice of Spice,Kacheripady,False,400,5.993961427306569,4.0,3.8922458669501947,3.7062178103314185,0.1860280566187762,1312.0,210.0
901089,Mustake Multicuisine Restaurant,Kakkanad,False,1000,6.90875477931522,3.7,3.611920261599523,3.8979209199673495,-0.2860006583678265,5737.0,520.0
901035,Palaaram,Kakkanad,False,550,6.311734809152915,3.7,3.589042407469529,3.7728100579966535,-0.18376765052712463,5277.0,453.0
900561,Tonico Cafe,Kakkanad,False,400,5.993961427306569,4.0,3.930137430220456,3.7062178103314185,0.2239196198890374,1132.0,183.0
900524,Cafe 17,Kaloor,False,700,6.55250788703459,4.4,4.265477829189287,3.823266204890575,0.44221162429871175,456.0,84.0
900800,ChaiCofi,Kaloor,False,800,6.68586094706836,4.0,3.8479068456952508,3.851211528533131,-0.003304682837880435,2909.0,330.0
95304,Bloomsbury's Boutique Cafe and Artisan Bakery,"LuLu Mall, Edappally",False,650,6.478509642208569,4.2,4.121680848870636,3.8077592123992092,0.31392163647142635,779.0,127.0
900533,Paragon,"LuLu Mall, Edappally",False,900,6.803505257608338,4.3,4.2397049685477395,3.875864943549723,0.36384002499801626,638.0,104.0
901004,Aangan - Downtown Multicuisine Restaurant,Palarivattom,False,650,6.478509642208569,4.2,3.986730926924654,3.8077592123992092,0.1789717145254448,1350.0,215.0
900111,Ali Baba & 41 Dishes,Panampilly Nagar,False,400,5.993961427306569,3.5,3.48164365428289,3.7062178103314185,-0.22457415604852837,5506.0,474.0
95331,Cocoa Tree,Panampilly Nagar,False,1000,6.90875477931522,4.3,4.234246861032966,3.8979209199673495,0.336325941065617,719.0,117.0
900032,French Toast,Panampilly Nagar,False,700,6.55250788703459,4.3,4.17122584695376,3.823266204890575,0.3479596420631852,685.0,111.0
900282,Thakkaaram,Vyttila,False,600,6.398594934535208,3.6,3.5702744652446525,3.791012372325447,-0.22073790708079466,5487.0,471.0
18217475,Asia Kitchen by Mainland China,"Acropolis Mall, Kasba ",False,1400,7.244941546337007,4.6,4.538443189889645,3.9683718567991653,0.5700713330904801,257.0,53.0
18249144,Hoppipola,"Acropolis Mall, Kasba ",False,1200,7.0909098220799835,4.2,4.163899766276309,3.9360931345524204,0.2278066317238885,1114.0,182.0
18017612,Spice Kraft,Ballygunge,False,1200,7.0909098220799835,4.8,4.75180755651752,3.9360931345524204,0.8157144219651,73.0,15.0
18377112,Nawwarah,Ballygunge,False,1000,6.90875477931522,3.9,3.8283000820008195,3.8979209199673495,-0.06962083796652996,4071.0,375.0
20002,6 Ballygunge Place,Ballygunge,False,1000,6.90875477931522,4.4,4.3718733063767425,3.8979209199673495,0.4739523864093931,384.0,72.0
18343731,Mumbai Local,Ballygunge,False,1200,7.0909098220799835,4.2,4.1447709571717235,3.9360931345524204,0.20867782261930312,1198.0,194.0
25664,Gabbar's Bar & Kitchen,Camac Street Area,False,1400,7.244941546337007,4.4,4.366479145955843,3.9683718567991653,0.3981072891566777,546.0,96.0
25587,TGI Friday's,Elgin,False,1800,7.496097345175956,4.0,3.9668880528649035,4.021003795514946,-0.054115742650042264,3815.0,368.0
24530,Santa's Fantasea,Golpark,False,800,6.68586094706836,4.2,4.1842052908280705,3.851211528533131,0.33299376229493927,728.0,121.0
20747,India Restaurant,Kidderpore,False,800,6.68586094706836,4.6,4.5517448980680655,3.851211528533131,0.7005333695349343,133.0,26.0
21220,Flame & Grill,"Mani Square Mall, Kankurgachi",False,1500,7.313886831633462,3.9,3.8758423456876074,3.982819956533434,-0.10697761084582647,4639.0,406.0
25570,Barbeque Nation,Park Street Area,False,1600,7.3783837129967145,4.9,4.857887086986853,3.996335853530287,0.861551233456566,59.0,10.0
20350,Mocambo,Park Street Area,False,1050,6.957497370876951,3.5,3.4983852272879035,3.9081353649603967,-0.40975013767249324,6056.0,615.0
20870,BarBQ,Park Street Area,False,900,6.803505257608338,4.2,4.192207706717315,3.875864943549723,0.31634276316759147,772.0,126.0
20404,Peter Cat,Park Street Area,False,1000,6.90875477931522,4.3,4.2939016831628365,3.8979209199673495,0.39598076319548703,554.0,98.0
24286,The Irish House,"Quest Mall, Ballygunge",False,1900,7.550135342488429,4.4,4.37739222646296,4.032327940034091,0.3450642864288689,696.0,112.0
20842,Barbeque Nation,"Sector 5, Salt Lake",False,1600,7.3783837129967145,4.9,4.887383629384923,3.996335853530287,0.8910477758546356,46.0,7.0
18259462,Ocean Grill,"Sector 5, Salt Lake",False,1500,7.313886831633462,3.6,3.5888085681821007,3.982819956533434,-0.3940113883513332,6029.0,607.0
24452,Sigree Global Grill,"Silver Spring Arcade, Science City Area",False,1600,7.3783837129967145,4.1,4.077965483934118,3.996335853530287,0.08162963040383131,1923.0,273.0
18017615,What's Up,Southern Avenue,False,1000,6.90875477931522,4.0,3.9729468346811125,3.8979209199673495,0.07502591471376308,1990.0,283.0
800468,Grandson of Tunday Kababi,Aminabad,False,300,5.707110264748875,4.9,4.8313856516729725,3.6461055896378083,1.1852800620351642,7.0,1.0
801675,Frozen Factory,Gomti Nagar,False,200,5.303304908059076,4.5,4.20835508160781,3.5614845739787997,0.6468705076290107,170.0,31.0
801690,Mocha,Gomti Nagar,False,800,6.68586094706836,4.6,4.500669692776473,3.851211528533131,0.6494581642433417,169.0,30.0
801684,Chemistry Cafí©,Gomti Nagar,False,650,6.478509642208569,3.5,3.462819034440344,3.8077592123992092,-0.3449401779588652,5919.0,567.0
18296995,Homeys Cafe,Gomti Nagar,False,450,6.111467339502679,3.9,3.7989192885349903,3.7308422227401214,0.06807706579486883,2050.0,287.0
800237,Percussion,Gomti Nagar,False,1000,6.90875477931522,3.7,3.6696492553291433,3.8979209199673495,-0.22827166463820614,5522.0,476.0
800273,The Urban Terrace,Gomti Nagar,False,1100,7.00397413672268,3.9,3.8151814850167427,3.91787498595664,-0.10269350093989749,4576.0,400.0
18375866,Free Spirit,Gomti Nagar,False,450,6.111467339502679,4.3,4.0000808435503705,3.7308422227401214,0.2692386208102491,951.0,163.0
801170,Spice Caves,Gomti Nagar,False,1200,7.0909098220799835,4.2,4.143800717230145,3.9360931345524204,0.20770758267772482,1205.0,196.0
801636,The Chocolate Heaven,Gomti Nagar,False,400,5.993961427306569,4.1,3.9285632278051743,3.7062178103314185,0.2223454174737558,1140.0,186.0
18385021,The Pebbles Bistro,Gomti Nagar,False,1000,6.90875477931522,4.1,3.815601013568275,3.8979209199673495,-0.0823199063990745,4283.0,389.0
801640,Underdoggs Sports Bar & Grill,Gomti Nagar,False,1300,7.170888478512505,4.3,4.031286304915072,3.952853375659281,0.07843292925579037,1956.0,276.0
801269,Vintage Machine,Gomti Nagar,False,1000,6.90875477931522,4.3,4.25033390037426,3.8979209199673495,0.3524129804069105,668.0,108.0
801693,Bar Bar,Hazratganj,False,1000,6.90875477931522,4.0,3.751660396486777,3.8979209199673495,-0.1462605234805725,5033.0,437.0
800483,Dastarkhwan,Hazratganj,False,400,5.993961427306569,4.4,4.3407295625724425,3.7062178103314185,0.634511752241024,184.0,37.0
800891,The Cherry Tree Cafe,Hazratganj,False,400,5.993961427306569,4.1,3.9911351060839984,3.7062178103314185,0.28491729575257985,896.0,152.0
800326,Royal Sky,Lalbagh,False,1100,7.00397413672268,4.2,4.148720753082993,3.91787498595664,0.23084576712635307,1101.0,180.0
801384,L 14 - Renaissance Lucknow Hotel,Renaissance Lucknow Hotel,False,2000,7.601402334583733,4.2,3.9899622765167044,4.043071395684233,-0.05310911916752881,3793.0,366.0
800089,Barbeque Nation,"Riverside Mall, Gomti Nagar",False,1600,7.3783837129967145,4.7,4.640887773479703,3.996335853530287,0.6445519199494156,174.0,34.0
801247,Colours by Royal Cafe - Royal Inn,"Royal Inn, Hazratganj",False,1000,6.90875477931522,4.2,4.109592458152842,3.8979209199673495,0.21167153818549256,1182.0,192.0
800576,Cappuccino Blast,Sadar Bazaar,False,700,6.55250788703459,4.0,3.9500197024375905,3.823266204890575,0.12675349754701548,1605.0,240.0
15239,Basant Restaurant,"A Hotel, Gurdev Nagar",False,800,6.68586094706836,3.6,3.514172751762729,3.851211528533131,-0.3370387767704024,5900.0,564.0
18444271,Hawai Adda,Aggar Nagar,False,1500,7.313886831633462,3.5,3.389583799247083,3.982819956533434,-0.5932361572863507,6334.0,686.0
15005,Indian Summer,BRS Nagar,False,1400,7.244941546337007,4.1,3.9471355447929475,3.9683718567991653,-0.021236312006217783,3212.0,342.0
15221,Basant,Civil Lines,False,400,5.993961427306569,3.9,3.7298261439892877,3.7062178103314185,0.023608333657869185,2547.0,312.0
15292,Bistro 226,Civil Lines,False,1400,7.244941546337007,4.2,4.043656130640254,3.9683718567991653,0.07528427384108838,1986.0,281.0
15309,Mocha,Gurdev Nagar,False,800,6.68586094706836,3.7,3.615408568070829,3.851211528533131,-0.2358029604623022,5554.0,482.0
18400368,Pirates Of Grill,Gurdev Nagar,False,1300,7.170888478512505,3.9,3.601250341670083,3.952853375659281,-0.351603033989198,5934.0,571.0
15132,Bistro Flamme Bois,Gurdev Nagar,False,1500,7.313886831633462,4.1,3.9383811927326318,3.982819956533434,-0.04443876380080214,3641.0,357.0
15705,Kitchen At 95 - Hyatt Regency,"Hyatt Regency, Rajguru Nagar",False,2000,7.601402334583733,4.3,3.9581803731640255,4.043071395684233,-0.08489102252020775,4326.0,390.0
15078,Domino's Pizza,"Main Market, Sarabha Nagar",False,700,6.55250788703459,3.6,3.5097224500022777,3.823266204890575,-0.31354375488829733,5830.0,546.0
15104,Nando's,"Main Market, Sarabha Nagar",False,1200,7.0909098220799835,3.8,3.6927440524405237,3.9360931345524204,-0.24334908211189665,5586.0,487.0
15774,Belfrance Luxury Chocolates,"Main Market, Sarabha Nagar",False,1100,7.00397413672268,4.4,4.125200699199505,3.91787498595664,0.20732571324286475,1211.0,198.0
15008,Hot Breads,"Main Market, Sarabha Nagar",False,800,6.68586094706836,4.2,4.065846873388089,3.851211528533131,0.2146353448549574,1168.0,188.0
15321,The Yellow Chilli,"Main Market, Sarabha Nagar",False,1200,7.0909098220799835,4.4,4.2626003495997535,3.9360931345524204,0.32650721504733315,752.0,123.0
15368,Spice Cube,PAU,False,1000,6.90875477931522,3.5,3.455833519698833,3.8979209199673495,-0.44208740026851645,6133.0,634.0
15853,Barbeque Nation,Rajguru Nagar,False,1400,7.244941546337007,3.9,3.6915700058163368,3.9683718567991653,-0.2768018509828285,5710.0,517.0
15497,Nik Bakers,Sarabha Nagar,False,800,6.68586094706836,4.2,4.039430620657558,3.851211528533131,0.18821909212442645,1300.0,208.0
15091,Aman Chicken,Shastri Nagar,False,800,6.68586094706836,4.6,4.350255227552275,3.851211528533131,0.49904369901914336,346.0,66.0
15777,District 6,"Silver Arc Mall, Gurdev Nagar",False,1600,7.3783837129967145,3.8,3.584436575983406,3.996335853530287,-0.41189927754688105,6065.0,618.0
15717,The BrewMaster - The Mix Fine Dine,"Westend Mall, Rajguru Nagar",False,1500,7.313886831633462,3.9,3.767549412563091,3.982819956533434,-0.21527054397034284,5462.0,468.0
3100446,#45,Attavar,False,600,6.398594934535208,3.6,3.5527617470942148,3.791012372325447,-0.23825062523123242,5569.0,485.0
3100159,Crave Desserts & Bakes,Balmatta,False,200,5.303304908059076,3.9,3.7902552275522754,3.5614845739787997,0.2287706535734757,1107.0,181.0
3100010,Diesel Cafe,Balmatta,False,900,6.803505257608338,3.8,3.7102552275522753,3.875864943549723,-0.1656097159974479,5170.0,449.0
3100145,Froth On Top,Balmatta,False,700,6.55250788703459,3.7,3.6577042840354146,3.823266204890575,-0.16556192085516042,5169.0,448.0
3100013,Hao Ming,Balmatta,False,600,6.398594934535208,3.5,3.4778496375389283,3.791012372325447,-0.3131627347865189,5826.0,543.0
3100143,Kobe Sizzlers,Balmatta,False,1000,6.90875477931522,3.7,3.5883171944464545,3.8979209199673495,-0.309603725520895,5811.0,539.0
3100033,Liquid Lounge,Balmatta,False,800,6.68586094706836,3.8,3.7351402087029717,3.851211528533131,-0.1160713198301595,4745.0,417.0
3100153,Maharaja Restaurant,Balmatta,False,700,6.55250788703459,3.6,3.5623843541676155,3.823266204890575,-0.26088185072295955,5657.0,505.0
3100142,Giri Manja's,Bhavathi,False,500,6.2166061010848646,4.2,4.0739773659100225,3.752874988385302,0.3211023775247206,763.0,125.0
3100030,Kabab Studio,"Goldfinch Hotel, Balmatta",False,1500,7.313886831633462,3.5,3.4685884946133942,3.982819956533434,-0.5142314619200397,6243.0,665.0
18237384,Brio Cafe and Grill,Hampankatta,False,500,6.2166061010848646,3.6,3.508364892859455,3.752874988385302,-0.2445100955258468,5593.0,488.0
3100008,Gajalee Sea Food,Kadri,False,750,6.621405651764134,3.9,3.812132453432377,3.83770434626602,-0.025571892833642806,3273.0,344.0
3100148,Smoke N Oven,Kadri,False,600,6.398594934535208,3.5,3.458593924717656,3.791012372325447,-0.3324184476077914,5885.0,557.0
3100044,Village Restaurant,Kadri,False,1000,6.90875477931522,3.7,3.644700746764749,3.8979209199673495,-0.2532201732026005,5632.0,500.0
3100441,Barbeque Nation,Kankanady,False,1600,7.3783837129967145,3.7,3.629390622935155,3.996335853530287,-0.3669452305951322,5961.0,581.0
3100302,Machali,Kodailbail,False,800,6.68586094706836,4.1,3.975212689626896,3.851211528533131,0.1240011610937648,1621.0,242.0
3100422,Punjab Da Pind,KS Rao Nagar,False,1000,6.90875477931522,3.7,3.6230294177941778,3.8979209199673495,-0.2748915021731717,5706.0,515.0
3100014,Sizzler's Ranch,Lalbagh,False,700,6.55250788703459,3.8,3.7416778003986932,3.823266204890575,-0.08158840449188176,4259.0,387.0
3100448,Spindrift,Lalbagh,False,700,6.55250788703459,3.9,3.768841613416134,3.823266204890575,-0.05442459147444101,3830.0,369.0
3100017,Sagar Ratna,"The Ocean Pearl, Kodailbail",False,500,6.2166061010848646,3.7,3.623716655135301,3.752874988385302,-0.1291583332500008,4888.0,426.0
18424018,The Shooters Cafe,Sector 70,False,550,6.311734809152915,4.3,3.985895478042618,3.7728100579966535,0.21308542004596465,1179.0,191.0
35217,Joey's Pizza,Azad Nagar,False,800,6.68586094706836,4.0,3.9938799635637867,3.851211528533131,0.14266843503065552,1520.0,232.0
18447068,Cafe Hydro,Borivali East,False,1000,6.90875477931522,4.0,3.844939174391744,3.8979209199673495,-0.05298174557560564,3787.0,365.0
18458563,The American Joint,Borivali West,False,850,6.7464121285733745,3.4,3.3890983139283444,3.8639005689171184,-0.47480225498877404,6188.0,653.0
18075122,The Fusion Kitchen,Borivali West,False,1000,6.90875477931522,4.7,4.669002125117405,3.8979209199673495,0.7710812051500557,99.0,17.0
18233317,145 Kala Ghoda,Fort,False,1500,7.313886831633462,4.2,4.174871619788706,3.982819956533434,0.19205166325527223,1285.0,207.0
18237753,Tea Villa Cafe,"Hill Road, Bandra West",False,1000,6.90875477931522,4.1,4.082437783987701,3.8979209199673495,0.1845168640203516,1322.0,211.0
18388642,Grandmama's Cafe,Juhu,False,1100,7.00397413672268,3.8,3.766985781907368,3.91787498595664,-0.15088920404927197,5065.0,439.0
18463285,Mumbai Vibe,"Linking Road, Bandra West",False,1000,6.90875477931522,3.8,3.6872437474374737,3.8979209199673495,-0.21067717252987572,5446.0,465.0
16527711,The Rolling Pin,Lower Parel,False,700,6.55250788703459,3.9,3.8873470732942628,3.823266204890575,0.06408086840368776,2082.0,292.0
18313566,Farzi Cafe,Lower Parel,False,1500,7.313886831633462,4.3,4.26393524495757,3.982819956533434,0.2811152884241359,907.0,154.0
49003,SpiceKlub,Lower Parel,False,1500,7.313886831633462,4.2,4.1878363646534975,3.982819956533434,0.2050164081200636,1227.0,199.0
18441580,Tea Villa Cafe,"Majiwada, Thane West",False,1000,6.90875477931522,3.9,3.826536969263135,3.8979209199673495,-0.07138395070421444,4115.0,377.0
34757,Joey's Pizza,Malad West,False,800,6.68586094706836,4.5,4.479237377628295,3.851211528533131,0.628025849095164,187.0,39.0
18408295,Stacks And Racks,Malad West,False,500,6.2166061010848646,4.6,4.467559590368631,3.752874988385302,0.7146846019833291,123.0,23.0
18216876,The English Department Bar & Diner,Malad West,False,1500,7.313886831633462,3.9,3.8712125596898366,3.982819956533434,-0.11160739684359733,4703.0,412.0
17806994,Mirchi And Mime,Powai,False,1500,7.313886831633462,4.9,4.8769549136806285,3.982819956533434,0.8941349571471946,42.0,6.0
18435740,38 Degree East,Powai,False,1000,6.90875477931522,3.8,3.704402307610032,3.8979209199673495,-0.19351861235731738,5335.0,457.0
18318116,R' ADDA,"Ramee Guestline Hotel, Juhu",False,1200,7.0909098220799835,4.0,3.945662445727021,3.9360931345524204,0.009569311174600692,2709.0,323.0
18270976,Tea Villa Cafe,"Versova, Andheri West",False,1000,6.90875477931522,4.1,4.072702775855883,3.8979209199673495,0.17478185588853368,1365.0,216.0
49486,Tea Villa Cafe,Vile Parle East,False,1000,6.90875477931522,3.6,3.592207500479736,3.8979209199673495,-0.30571341948761344,5799.0,537.0
3600252,Hotel RRR Mysore,Chamrajpura,False,290,5.673323267171493,3.4,3.387300695480359,3.639025222813297,-0.25172452733293804,5624.0,496.0
3600265,Jalpaan Dining Saga,Chamrajpura,False,900,6.803505257608338,3.7,3.6226811346167755,3.875864943549723,-0.2531838089329477,5631.0,499.0
3600375,The Old House,Chamrajpura,False,800,6.68586094706836,3.9,3.81409754233325,3.851211528533131,-0.037113986199881044,3499.0,352.0
3600015,Vinayaka Mylari,Doora,False,300,5.707110264748875,4.2,4.105697348640153,3.6461055896378083,0.45959175900234506,424.0,79.0
3600012,Empire Restaurant,Gokulam,False,500,6.2166061010848646,3.7,3.6613405673083883,3.752874988385302,-0.09153442107691356,4413.0,395.0
3600013,Green Leaf,Gokulam,False,400,5.993961427306569,3.5,3.472290991446036,3.7062178103314185,-0.23392681888538247,5545.0,479.0
3600071,Pakva Lounge,Gokulam,False,650,6.478509642208569,3.7,3.64505636897205,3.8077592123992092,-0.16270284342715913,5151.0,445.0
3600192,Spring - Radisson Blu Plaza,Ittige Gudu,False,1700,7.438971592395862,3.8,3.6957939845986134,4.009032584285446,-0.31323859968683276,5827.0,544.0
3600119,Big Chicken,Jayalakhsmipuram,False,500,6.2166061010848646,3.5,3.465131726078026,3.752874988385302,-0.28774326230727576,5742.0,522.0
3600352,Barbeque Nation,Jayalakhsmipuram,False,1600,7.3783837129967145,4.0,3.90511203209047,3.996335853530287,-0.09122382143981689,4412.0,394.0
3600009,Pizza Hut,Jayalakhsmipuram,False,700,6.55250788703459,4.0,3.909950512040531,3.823266204890575,0.08668430714995612,1881.0,270.0
3600361,Tandooriwala,Kuvempunagar,False,700,6.55250788703459,3.5,3.458593924717656,3.823266204890575,-0.3646722801729192,5958.0,580.0
3600148,Jungle The Restaurant,"Pai Hotels, Doora",False,1000,6.90875477931522,3.7,3.605594092543136,3.8979209199673495,-0.2923268274242137,5759.0,526.0
3600436,The Barge Restaurant,Vijay Nagar,False,1500,7.313886831633462,3.3,3.3418755125051245,3.982819956533434,-0.6409444440283094,6380.0,693.0
3600008,By The Way,Vijay Nagar,False,650,6.478509642208569,3.6,3.5490064048130017,3.8077592123992092,-0.25875280758620756,5649.0,503.0
3600354,Cafe Cornucopia,Vijay Nagar,False,700,6.55250788703459,3.6,3.5355160357159123,3.823266204890575,-0.2877501691746627,5743.0,523.0
3600285,Mezzaluna,Vijay Nagar,False,650,6.478509642208569,3.8,3.7262165461419716,3.8077592123992092,-0.0815426662572376,4256.0,386.0
3600072,Nanking,Vijay Nagar,False,550,6.311734809152915,3.7,3.6335117928027527,3.7728100579966535,-0.13929826519390076,4972.0,433.0
3600022,Oyster Bay,Vijay Nagar,False,1000,6.90875477931522,3.6,3.561794767242343,3.8979209199673495,-0.33612615272500657,5896.0,563.0
3600014,Purple Haze,Vijay Nagar,False,1200,7.0909098220799835,3.7,3.6263471153030493,3.9360931345524204,-0.30974601924937106,5812.0,540.0
3301308,House of Caffeine,Bajaj Nagar,False,500,6.2166061010848646,3.3,3.3330596151356247,3.752874988385302,-0.4198153732496772,6085.0,622.0
3300780,Hide Out The Street Cafe,Bajaj Nagar,False,250,5.5254529391317835,3.8,3.6197748422156346,3.608037676122173,0.01173716609346176,2690.0,319.0
3301236,Tapri The Chai Books Cafe,Bajaj Nagar,False,250,5.5254529391317835,3.9,3.5415004100040997,3.608037676122173,-0.0665372661180732,4028.0,374.0
3300369,Eat Street Express,Bajaj Nagar,False,500,6.2166061010848646,4.0,3.79087191283097,3.752874988385302,0.037996924445668157,2357.0,303.0
3301013,Zaikart,Bajaj Nagar,False,550,6.311734809152915,4.3,3.9606754069365504,3.7728100579966535,0.18786534893989693,1301.0,209.0
3300741,Cafe Zinea,Civil Lines,False,400,5.993961427306569,3.7,3.63165012300123,3.7062178103314185,-0.07456768733018837,4161.0,380.0
3300138,Checker's,Civil Lines,False,550,6.311734809152915,4.0,3.864156114317553,3.7728100579966535,0.09134605632089965,1840.0,267.0
3300949,The B.A.W.A,Civil Lines,False,600,6.398594934535208,4.2,4.004753665494402,3.791012372325447,0.21374129316895463,1174.0,189.0
3300065,FSB,Dhantoli,False,1100,7.00397413672268,4.3,4.154271256270556,3.91787498595664,0.2363962703139162,1085.0,178.0
3300416,NESCAFí Illusions,Dharampeth,False,350,5.860786223465865,3.9,3.7577382579381347,3.6783097580411344,0.0794284998970003,1942.0,275.0
3301169,Nineties,Dharampeth,False,250,5.5254529391317835,3.9,3.504596040445698,3.608037676122173,-0.10344163567647469,4583.0,402.0
3300061,Mocha,Dharampeth,False,750,6.621405651764134,4.0,3.9045421343853075,3.83770434626602,0.06683778811928764,2062.0,290.0
3300107,The Zuree Urban Kitchen,Mohan Nagar,False,1200,7.0909098220799835,4.4,4.232067093955254,3.9360931345524204,0.29597395940283366,855.0,144.0
3300058,The Breakfast Story,Pratap Nagar,False,600,6.398594934535208,4.5,4.4010765039548465,3.791012372325447,0.6100641316293993,208.0,46.0
3300057,Ten Downing Street Restaurant & Bar,Ramdaspeth,False,1000,6.90875477931522,4.0,3.9104578330994575,3.8979209199673495,0.01253691313210803,2684.0,318.0
3300041,Ashoka Restaurant,Sadar,False,1300,7.170888478512505,4.2,4.0716436134268745,3.952853375659281,0.11879023776759334,1655.0,246.0
3300958,Barbeque Nation,Sitabuldi,False,1600,7.3783837129967145,4.9,4.624045566364755,3.996335853530287,0.6277097128344677,189.0,41.0
3300707,KFC,Sitabuldi,False,550,6.311734809152915,2.2,2.487819034440345,3.7728100579966535,-1.2849910235563087,6502.0,696.0
3300070,Moksh The Restro Lounge,Sitabuldi,False,1000,6.90875477931522,4.0,3.786661280203406,3.8979209199673495,-0.1112596397639436,4695.0,411.0
3301035,Mainland China,Vivekanand Nagar,False,1000,6.90875477931522,3.8,3.5660907526628454,3.8979209199673495,-0.3318301673045041,5881.0,555.0
1600227,Divtya Budhlya Wada Restaurant,Anand Wali Goan,False,400,5.993961427306569,3.8,3.62410024600246,3.7062178103314185,-0.08211756432895845,4277.0,388.0
1600280,Spice Route,Anand Wali Goan,False,1000,6.90875477931522,3.6,3.512946648216482,3.8979209199673495,-0.3849742717508673,6009.0,599.0
1600169,Veg Aroma,Anand Wali Goan,False,600,6.398594934535208,3.6,3.529957073277629,3.791012372325447,-0.2610552990478183,5659.0,507.0
1600109,Eastern Spice,"Bon Vivant, College Road",False,800,6.68586094706836,3.5,3.4614419616418384,3.851211528533131,-0.38976956689129283,6020.0,603.0
1600108,The Bake Studio,"Bon Vivant, College Road",False,400,5.993961427306569,3.6,3.5097224500022777,3.7062178103314185,-0.19649536032914083,5353.0,459.0
1600258,Barbeque Nation,"City Center, Parijat Nagar",False,1500,7.313886831633462,3.8,3.6675453659657076,3.982819956533434,-0.31527459056772633,5835.0,549.0
1600252,Chai Tapri,College Road,False,150,5.017279836814924,3.4,3.38231504259487,3.501545468091175,-0.1192304254963048,4786.0,420.0
1600007,Curry Leaves,College Road,False,600,6.398594934535208,3.4,3.388684979859277,3.791012372325447,-0.40232739246617033,6044.0,612.0
1600053,Enter The Dragon,College Road,False,700,6.55250788703459,3.4,3.3894359767712716,3.823266204890575,-0.4338302281193034,6119.0,631.0
1600326,The Cafe Katta,College Road,False,600,6.398594934535208,3.3,3.3392582929735544,3.791012372325447,-0.4517540793518928,6151.0,639.0
1600307,White X Sky Lounge,College Road,False,800,6.68586094706836,3.4,3.3672949417850337,3.851211528533131,-0.48391658674809745,6208.0,657.0
1600219,12212,College Road,False,400,5.993961427306569,3.5,3.443507990312461,3.7062178103314185,-0.2627098200189577,5665.0,508.0
1600067,Al Arabian Express,College Road,False,500,6.2166061010848646,3.7,3.6190167334137793,3.752874988385302,-0.1338582549715226,4933.0,428.0
1600039,RiverDine Restaurant & Bar,College Road,False,500,6.2166061010848646,3.5,3.4661047941874763,3.752874988385302,-0.28677019419782557,5740.0,521.0
1600029,Barbeque Ville,Parijat Nagar,False,1100,7.00397413672268,3.8,3.6967724448371238,3.91787498595664,-0.22110254111951644,5493.0,473.0
1600292,Little Italy,Satpur,False,800,6.68586094706836,3.0,3.232601766896047,3.851211528533131,-0.6186097616370843,6363.0,691.0
1600298,Soma at Sula,Satpur,False,1000,6.90875477931522,3.3,3.330640618906189,3.8979209199673495,-0.5672803010611607,6307.0,682.0
1600095,Hotel Radhakrishna,Satpur,False,400,5.993961427306569,3.5,3.4421629424627573,3.7062178103314185,-0.26405486786866117,5674.0,509.0
1600205,Sadhana Restaurant,Satpur,False,100,4.61512051684126,3.9,3.7992978679786793,3.4172693941136565,0.3820284738650228,585.0,101.0
1600212,House Of Flavours,"SSK Solitaire, Satpur",False,900,6.803505257608338,3.4,3.380104422919229,3.875864943549723,-0.49576052063049403,6218.0,661.0
18216944,Burger.in,Adchini,True,350,5.860786223465865,3.2,3.278026639476921,3.348426114537516,-0.07039947506059496,4085.0,3709.0
313333,Days of the Raj,Adchini,True,1500,7.313886831633462,3.4,3.3746013909607178,3.4917458769774545,-0.11714448601673677,4765.0,4347.0
18384127,Dilli Ka Dhaba,Adchini,True,500,6.2166061010848646,2.6,3.213542179171791,3.3835207391251902,-0.16997855995339917,5201.0,4751.0
582,Govardhan,Adchini,True,500,6.2166061010848646,3.4,3.3916812918129176,3.3835207391251902,0.008160552687727307,2739.0,2415.0
18414465,Mezbaan Grills,Adchini,True,400,5.993961427306569,3.1,3.3160093114089033,3.3615612260845467,-0.045551914675643346,3661.0,3302.0
304243,Say Cheese,Adchini,True,400,5.993961427306569,2.7,2.982411776551394,3.3615612260845467,-0.3791494495331529,5992.0,5401.0
3554,Southy,Adchini,True,450,6.111467339502679,2.6,2.827237844137701,3.3731508705500266,-0.5459130264123258,6291.0,5611.0
18369872,Monosoz,Adchini,True,300,5.707110264748875,3.7,3.551413310872239,3.3332690071959785,0.2181443036762607,1154.0,968.0
948,Waves,Adchini,True,1500,7.313886831633462,3.5,3.4616448986858286,3.4917458769774545,-0.030100978291625946,3364.0,3017.0
2853,Delhi Darbar,Adchini,True,500,6.2166061010848646,2.2,2.6477184980183135,3.3835207391251902,-0.7358022411068768,6431.0,5737.0
18433900,Chateau,Adchini,True,1600,7.3783837129967145,4.0,3.6428374241607577,3.498107224335746,0.14473019982501167,1509.0,1278.0
18425159,Nariyal Cafe,Adchini,True,1200,7.0909098220799835,4.2,3.7622371657927105,3.4697535855565107,0.2924835802361998,871.0,723.0
310958,Rustom's Parsi Bhonu,Adchini,True,1500,7.313886831633462,4.2,4.14175424474833,3.4917458769774545,0.6500083677708752,168.0,139.0
18334443,BarShala,"Aditya Mega Mall, Karkardooma",True,600,6.398594934535208,3.2,3.2926566343788437,3.4014703540590903,-0.10881371968024656,4654.0,4247.0
18255141,Chawla's_,"Aditya Mega Mall, Karkardooma",True,800,6.68586094706836,3.4,3.3705250709914503,3.4298034897290544,-0.05927841873760409,3904.0,3533.0
197,Domino's Pizza,"Aditya Mega Mall, Karkardooma",True,700,6.55250788703459,2.8,3.004640384472026,3.416650836170689,-0.4120104516986629,6066.0,5448.0
308235,Sultanat,"Aditya Mega Mall, Karkardooma",True,1000,6.90875477931522,3.7,3.6492953434727227,3.4517875773465194,0.19750776612620324,1256.0,1054.0
18258757,Bella Italia,Aerocity,True,550,6.311734809152915,3.2,3.290396716467164,3.3929033130260597,-0.1025065965588956,4572.0,4173.0
307383,Clever Fox Cafe,Aerocity,True,900,6.803505257608338,3.2,3.298833743337433,3.4414067844659977,-0.14257304112856461,5007.0,4571.0
310491,4 on 44 Restaurant & Bar,"Aggarwal City Mall, Pitampura",True,1000,6.90875477931522,2.6,2.9756380688806887,3.4517875773465194,-0.4761495084658307,6189.0,5536.0
18337789,Rambhog,"Aggarwal City Mall, Pitampura",True,200,5.303304908059076,3.3,3.3405246895210885,3.2934415599652347,0.04708312955585381,2263.0,1963.0
18222573,Selfie Lounge Restro & Bar,"Aggarwal City Mall, Pitampura",True,1500,7.313886831633462,3.2,3.2655976172593584,3.4917458769774545,-0.22614825971809616,5512.0,5038.0
3370,BTW,"Aggarwal City Plaza, Rohini",True,400,5.993961427306569,3.4,3.3889469016217935,3.3615612260845467,0.0273856755372468,2493.0,2185.0
307439,Chilli Pepper,"Aggarwal City Plaza, Rohini",True,900,6.803505257608338,3.3,3.3169765591236993,3.4414067844659977,-0.12443022534229842,4833.0,4411.0
1078,Pizza Hut,"Aggarwal City Plaza, Rohini",True,1000,6.90875477931522,2.6,2.811566268679928,3.4517875773465194,-0.6402213086665913,6379.0,5687.0
9340,Puri Bakers,"Aggarwal City Plaza, Rohini",True,300,5.707110264748875,3.7,3.6012285014468643,3.3332690071959785,0.26795949425088583,959.0,795.0
306761,Jaiveer Naan & Chaap,"Aggarwal City Plaza, Rohini",True,500,6.2166061010848646,2.2,2.6407228964867775,3.3835207391251902,-0.7427978426384128,6436.0,5742.0
7580,Aggarwal's Sweets Paradise,Alaknanda,True,400,5.993961427306569,2.9,3.2879391359703063,3.3615612260845467,-0.07362209011424037,4139.0,3760.0
7584,Bikaner Sweets,Alaknanda,True,200,5.303304908059076,3.3,3.336413489134891,3.2934415599652347,0.04297192916965642,2311.0,2011.0
7582,Cafe Coffee Day,Alaknanda,True,450,6.111467339502679,3.2,3.302951815976493,3.3731508705500266,-0.07019905457353381,4079.0,3704.0
18351495,Cakeophony By Sonali,Alaknanda,True,400,5.993961427306569,3.4,3.364890158092757,3.3615612260845467,0.0033289320082103835,2800.0,2476.0
7594,Chandra Sweets,Alaknanda,True,400,5.993961427306569,3.0,3.307366620541205,3.3615612260845467,-0.054194605543341545,3817.0,3449.0
7583,Chhotu Mashhoor Kathi Roll,Alaknanda,True,150,5.017279836814924,2.7,3.231875512505125,3.2652308187184387,-0.03335530621331362,3418.0,3070.0
7610,Green Chick Chop,Alaknanda,True,350,5.860786223465865,3.2,3.2882444136941364,3.348426114537516,-0.06018170084337937,3924.0,3553.0
18412603,Lazeez Restaurant,Alaknanda,True,600,6.398594934535208,3.0,3.2868755125051248,3.4014703540590903,-0.11459484155396549,4735.0,4319.0
7639,Madhuvan Chinese Fast Food,Alaknanda,True,300,5.707110264748875,2.5,3.0149695154358946,3.3332690071959785,-0.3182994917600839,5843.0,5294.0
18441545,Mr Wong,Alaknanda,True,800,6.68586094706836,3.2,3.3256361144119913,3.4298034897290544,-0.1041673753170631,4594.0,4192.0
9971,Mughlai Shahi Rasoi,Alaknanda,True,600,6.398594934535208,3.2,3.302951815976493,3.4014703540590903,-0.09851853808259747,4518.0,4120.0
18451572,Mumbai Central Street Food,Alaknanda,True,400,5.993961427306569,3.1,3.319866620541205,3.3615612260845467,-0.04169460554334181,3565.0,3212.0
7593,Neha's Treat,Alaknanda,True,450,6.111467339502679,2.9,3.142994843409972,3.3731508705500266,-0.23015602714005468,5528.0,5051.0
301440,New Bakers Shoppee,Alaknanda,True,200,5.303304908059076,3.2,3.305893296432964,3.2934415599652347,0.012451736467729457,2685.0,2367.0
7585,Pant  Ice Cream Parlour,Alaknanda,True,150,5.017279836814924,3.3,3.3386543192354994,3.2652308187184387,0.0734235005170607,2003.0,1720.0
306531,PM 2 AM Food Bank,Alaknanda,True,500,6.2166061010848646,2.5,2.9850294273291564,3.3835207391251902,-0.3984913117960338,6036.0,5427.0
18354658,Punjabi Chaap Corner,Alaknanda,True,250,5.5254529391317835,2.9,3.317217561326556,3.3153520889822103,0.0018654723443458643,2821.0,2496.0
18337782,Sartaj Food Corner,Alaknanda,True,500,6.2166061010848646,2.8,3.2823666205412048,3.3835207391251902,-0.10115411858398549,4552.0,4153.0
18258759,The Sugar Therapy,Alaknanda,True,450,6.111467339502679,3.4,3.3663736725395417,3.3731508705500266,-0.0067771980104849305,2958.0,2624.0
18057805,Biryani Binge,Alaknanda,True,600,6.398594934535208,3.9,3.715839251714435,3.4014703540590903,0.3143688976553447,777.0,651.0
3428,City of Joy,Alaknanda,True,800,6.68586094706836,3.9,3.8463323967072003,3.4298034897290544,0.41652890697814593,511.0,419.0
18425771,Letz Roll,Alaknanda,True,250,5.5254529391317835,3.6,3.4065481071477377,3.3153520889822103,0.09119601816552736,1841.0,1574.0
18304836,Nukkad,Alaknanda,True,650,6.478509642208569,3.6,3.5069658835901336,3.4093523663952126,0.09761351719492106,1803.0,1539.0
306795,Shree Rathnam,Alaknanda,True,800,6.68586094706836,2.4,2.9826566343788437,3.4298034897290544,-0.4471468553502107,6143.0,5507.0
7249,Alaturka,"Ambience Mall, Vasant Kunj",True,600,6.398594934535208,2.5,2.7799498708074326,3.4014703540590903,-0.6215204832516577,6365.0,5674.0
7246,Amici Gourmet Pizza,"Ambience Mall, Vasant Kunj",True,800,6.68586094706836,3.1,3.1441309345889157,3.4298034897290544,-0.2856725551401387,5735.0,5216.0
310723,Burger King,"Ambience Mall, Vasant Kunj",True,500,6.2166061010848646,3.2,3.2146203762333485,3.3835207391251902,-0.16890036289184174,5198.0,4748.0
7253,Kylin Express,"Ambience Mall, Vasant Kunj",True,700,6.55250788703459,2.6,2.7636112477791444,3.416650836170689,-0.6530395883915445,6390.0,5697.0
18180041,Big Fat Sandwich,"Ambience Mall, Vasant Kunj",True,800,6.68586094706836,3.5,3.4740659457306315,3.4298034897290544,0.04426245600157719,2294.0,1994.0
18434414,Fashion Tv Cafe,"Ambience Mall, Vasant Kunj",True,2200,7.696667081526462,3.6,3.439638562504046,3.529499611421586,-0.08986104891754021,4386.0,3994.0
4905,Kylin Skybar,"Ambience Mall, Vasant Kunj",True,2200,7.696667081526462,3.6,3.5529441341710712,3.529499611421586,0.023444522749485053,2548.0,2236.0
18421232,Lemon Drops,"Ambience Mall, Vasant Kunj",True,500,6.2166061010848646,3.9,3.6108874274226612,3.3835207391251902,0.22736668829747098,1116.0,934.0
7228,Punjabi By Nature Express,"Ambience Mall, Vasant Kunj",True,600,6.398594934535208,3.5,3.471421689216892,3.4014703540590903,0.06995133515780161,2030.0,1745.0
7068,Red Mango,"Ambience Mall, Vasant Kunj",True,700,6.55250788703459,3.7,3.626976627138066,3.416650836170689,0.21032579096737702,1186.0,994.0
302152,Starbucks,"Ambience Mall, Vasant Kunj",True,700,6.55250788703459,3.7,3.643975510656746,3.416650836170689,0.2273246744860571,1117.0,935.0
312300,Peninsular Kitchen,"Ambience Mall, Vasant Kunj",True,1500,7.313886831633462,4.2,4.091980599351448,3.4917458769774545,0.6002347223739934,221.0,173.0
5565,Mithapur,Anand Lok,True,450,6.111467339502679,3.4,3.392743254560205,3.3731508705500266,0.0195923840101786,2591.0,2277.0
307113,Diggin,Anand Lok,True,1400,7.244941546337007,4.2,4.180923179243261,3.4849457821633028,0.6959773970799583,136.0,110.0
6258,Aggarwal Sweet India,Anand Vihar,True,200,5.303304908059076,2.8,3.235685979843669,3.2934415599652347,-0.057755580121565675,3870.0,3500.0
6094,Banzara's,Anand Vihar,True,400,5.993961427306569,3.1,3.241523341957557,3.3615612260845467,-0.12003788412698979,4800.0,4379.0
304592,Bobby Tikki Wala,Anand Vihar,True,150,5.017279836814924,2.8,3.02891975212125,3.2652308187184387,-0.2363110665971888,5558.0,5076.0
18421481,Chennai Junction,Anand Vihar,True,500,6.2166061010848646,3.3,3.3418755125051245,3.3835207391251902,-0.041645226620065756,3564.0,3211.0
310874,Chicken Bite,Anand Vihar,True,200,5.303304908059076,3.1,3.323864195460136,3.2934415599652347,0.030422635494901318,2456.0,2150.0
18313972,Chocolate Dreams,Anand Vihar,True,400,5.993961427306569,3.0,3.324764731137877,3.3615612260845467,-0.0367964949466697,3478.0,3128.0
18128860,Dial n Dine,Anand Vihar,True,650,6.478509642208569,3.4,3.3814924864364917,3.4093523663952126,-0.027859879958720857,3317.0,2972.0
310877,Fresh n Refresh,Anand Vihar,True,500,6.2166061010848646,3.4,3.3672949417850337,3.3835207391251902,-0.0162257973401565,3119.0,2783.0
304687,Garden Hut,Anand Vihar,True,250,5.5254529391317835,3.1,3.2985892056501207,3.3153520889822103,-0.01676288333208964,3126.0,2790.0
312444,Giani,Anand Vihar,True,400,5.993961427306569,3.3,3.3411890286935653,3.3615612260845467,-0.020372197390981395,3186.0,2846.0
18337975,Jugnu Gaming Zone and Cafe,Anand Vihar,True,600,6.398594934535208,2.9,3.317217561326556,3.4014703540590903,-0.08425279273253405,4316.0,3927.0
18124373,Keventer's South Indian & Chinese Food,Anand Vihar,True,200,5.303304908059076,2.8,3.2657332887984047,3.2934415599652347,-0.027708271166829945,3312.0,2968.0
305913,KTS,Anand Vihar,True,250,5.5254529391317835,3.3,3.337500458959813,3.3153520889822103,0.022148369977602833,2570.0,2257.0
310447,Mandarin,Anand Vihar,True,600,6.398594934535208,2.8,3.2287703293699597,3.4014703540590903,-0.1727000246891306,5219.0,4768.0
310858,Penguin Bakers & Shakers,Anand Vihar,True,400,5.993961427306569,2.8,3.2657332887984047,3.3615612260845467,-0.09582793728614192,4478.0,4081.0
18332083,Rollmates,Anand Vihar,True,200,5.303304908059076,3.2,3.314038934620115,3.2934415599652347,0.02059737465488043,2583.0,2269.0
18361241,Tandoori Nights,Anand Vihar,True,650,6.478509642208569,3.0,3.3187505694501387,3.4093523663952126,-0.09060179694507386,4401.0,4008.0
305630,Burger Dominion,Anand Vihar,True,500,6.2166061010848646,3.6,3.559375102501025,3.3835207391251902,0.17585436337583493,1360.0,1145.0
18034049,Cafe Gainz,Anand Vihar,True,350,5.860786223465865,3.5,3.4199179203330488,3.348426114537516,0.07149180579553294,2017.0,1732.0
6092,Chaskaa,Anand Vihar,True,650,6.478509642208569,3.5,3.472909036246496,3.4093523663952126,0.0635566698512835,2088.0,1796.0
18124361,Fabulous Cake Bites,Anand Vihar,True,400,5.993961427306569,3.6,3.453163021088042,3.3615612260845467,0.0916017950034953,1838.0,1572.0
6088,Hangout - A House Of Kathis,Anand Vihar,True,250,5.5254529391317835,3.7,3.5875824391467597,3.3153520889822103,0.27223035016454933,931.0,773.0
18394366,Malais By Anands,Anand Vihar,True,300,5.707110264748875,3.7,3.520131902634816,3.3332690071959785,0.18686289543883738,1306.0,1097.0
18354639,Panchwati Rasoi,Anand Vihar,True,250,5.5254529391317835,3.8,3.6019146914442115,3.3153520889822103,0.28656260246200116,893.0,743.0
311657,Sprinkles Cup & Cake,Anand Vihar,True,300,5.707110264748875,3.6,3.4660717664868956,3.3332690071959785,0.13280275929091712,1574.0,1338.0
18350112,Target Ice Cream & Bakers,Anand Vihar,True,350,5.860786223465865,3.6,3.486098418227173,3.348426114537516,0.13767230368965722,1546.0,1312.0
18377924,The Sweeet Jar,Anand Vihar,True,1000,6.90875477931522,3.9,3.7265324564535964,3.4517875773465194,0.274744879107077,924.0,767.0
18429396,Juniper Bar - Andaz Delhi,"Andaz Delhi, Aerocity",True,1500,7.313886831633462,3.0,3.324764731137877,3.4917458769774545,-0.16698114583957757,5184.0,4734.0
179,McDonald's,"Ansal Plaza Mall, Khel Gaon Marg",True,500,6.2166061010848646,3.4,3.3753869149516236,3.3835207391251902,-0.008133824173566673,2983.0,2649.0
307843,Pizza Hut Delivery,"Ansal Plaza Mall, Khel Gaon Marg",True,800,6.68586094706836,3.2,3.274125307503075,3.4298034897290544,-0.15567818222597918,5099.0,4659.0
18421042,The Arena,"Ansal Plaza Mall, Khel Gaon Marg",True,1600,7.3783837129967145,3.4,3.364890158092757,3.498107224335746,-0.133217066242989,4927.0,4501.0
3295,Restaurant De Seoul,"Ansal Plaza Mall, Khel Gaon Marg",True,2500,7.824445930877619,3.6,3.487153062502847,3.542102478856175,-0.05494941635332795,3834.0,3465.0
18414499,Taksim,"Ansal Plaza Mall, Khel Gaon Marg",True,1500,7.313886831633462,3.9,3.786550762659525,3.4917458769774545,0.2948048856820704,861.0,714.0
18441775,Jom Jom Malay,"Ansal Plaza Mall, Khel Gaon Marg",True,1800,7.496097345175956,4.4,3.992162942462758,3.5097173562874113,0.4824455861753467,366.0,299.0
18427565,Kofuku,"Ansal Plaza Mall, Khel Gaon Marg",True,1500,7.313886831633462,4.0,3.665395060529552,3.4917458769774545,0.17364918355209769,1369.0,1153.0
18395381,The Sky High,"Ansal Plaza Mall, Khel Gaon Marg",True,1400,7.244941546337007,4.1,4.015854428326393,3.4849457821633028,0.5309086461630903,306.0,247.0
310281,Haldiram's,"ARSS Mall, Paschim Vihar",True,500,6.2166061010848646,3.1,3.174171871989804,3.3835207391251902,-0.20934886713538603,5439.0,4976.0
18207831,Jux Pux - The Dreamer's Cafe,Asaf Ali Road,True,350,5.860786223465865,3.1,3.319866620541205,3.348426114537516,-0.02855949399631097,3329.0,2984.0
5452,Pizzaon,Asaf Ali Road,True,500,6.2166061010848646,3.0,3.2917378093272456,3.3835207391251902,-0.09178292979794467,4419.0,4024.0
18258778,"34, Chowringhee Lane",Ashok Vihar Phase 1,True,350,5.860786223465865,2.8,3.2823666205412048,3.348426114537516,-0.06605949399631106,4010.0,3637.0
6560,Aapni Dhani,Ashok Vihar Phase 1,True,200,5.303304908059076,2.8,3.175174038198715,3.2934415599652347,-0.11826752176651967,4778.0,4360.0
3322,Bengal Sweet Corner,Ashok Vihar Phase 1,True,500,6.2166061010848646,2.8,2.9788909321212413,3.3835207391251902,-0.4046298070039489,6048.0,5436.0
18249102,Chicken Vicken,Ashok Vihar Phase 1,True,600,6.398594934535208,3.4,3.364890158092757,3.4014703540590903,-0.03658019596633322,3472.0,3123.0
18241609,Cup-a-licious,Ashok Vihar Phase 1,True,200,5.303304908059076,3.2,3.3158207929735544,3.2934415599652347,0.022379233008319677,2564.0,2251.0
8743,Frontier,Ashok Vihar Phase 1,True,200,5.303304908059076,3.0,3.2917378093272456,3.2934415599652347,-0.0017037506379891099,2880.0,2553.0
5294,Metro Fast Food,Ashok Vihar Phase 1,True,400,5.993961427306569,2.7,3.183523193186477,3.3615612260845467,-0.17803803289806952,5249.0,4797.0
4651,Nagpal's,Ashok Vihar Phase 1,True,200,5.303304908059076,3.4,3.3870246236429753,3.2934415599652347,0.09358306367774061,1824.0,1559.0
5315,Nile Restro & Bar,Ashok Vihar Phase 1,True,1000,6.90875477931522,2.7,3.079911080360803,3.4517875773465194,-0.37187649698571645,5979.0,5395.0
6577,Popular Chicken,Ashok Vihar Phase 1,True,450,6.111467339502679,3.0,3.3187505694501387,3.3731508705500266,-0.054400301099887916,3826.0,3458.0
309395,Sardar A Pure Meat Shop,Ashok Vihar Phase 1,True,150,5.017279836814924,3.4,3.3663736725395417,3.2652308187184387,0.101142853821103,1772.0,1508.0
300784,Shankar Fast Food,Ashok Vihar Phase 1,True,300,5.707110264748875,3.2,3.2602644776447764,3.3332690071959785,-0.07300452955120207,4135.0,3756.0
18430692,Singh's Zaika ,Ashok Vihar Phase 1,True,500,6.2166061010848646,3.0,3.324764731137877,3.3835207391251902,-0.058756007987313286,3885.0,3514.0
309503,The Mirch Masala,Ashok Vihar Phase 1,True,700,6.55250788703459,3.0,3.307366620541205,3.416650836170689,-0.10928421562948376,4665.0,4257.0
3326,The Mirch Masala,Ashok Vihar Phase 1,True,650,6.478509642208569,3.2,3.3044018415536267,3.4093523663952126,-0.10495052484158585,4610.0,4207.0
309384,Uncle Cake Shop,Ashok Vihar Phase 1,True,300,5.707110264748875,3.1,3.312285012936336,3.3332690071959785,-0.02098399425964237,3202.0,2861.0
3079,Kays Bar-Be-Que,Ashok Vihar Phase 1,True,700,6.55250788703459,3.5,3.469635544792948,3.416650836170689,0.052984708622259014,2194.0,1895.0
303093,Master Bakers,Ashok Vihar Phase 1,True,350,5.860786223465865,3.7,3.631098914315756,3.348426114537516,0.28267279977824034,902.0,749.0
309375,The Master's Fast Food Centre,Ashok Vihar Phase 1,True,400,5.993961427306569,3.5,3.433142483947775,3.3615612260845467,0.07158125786322822,2016.0,1731.0
5296,Chhabra Sweets,Ashok Vihar Phase 1,True,100,4.61512051684126,2.4,3.1283207929735544,3.2255657205981403,-0.09724492762458592,4498.0,4101.0
310802,Kanwarji's,Ashok Vihar Phase 2,True,300,5.707110264748875,2.9,3.183493983978301,3.3332690071959785,-0.14977502321767755,5063.0,4625.0
310777,Pizza Hut,Ashok Vihar Phase 2,True,1000,6.90875477931522,3.4,3.3715777470274695,3.4517875773465194,-0.08020983031904994,4238.0,3854.0
309,Sagar Ratna,Ashok Vihar Phase 2,True,600,6.398594934535208,2.7,2.7975918371569035,3.4014703540590903,-0.6038785169021867,6349.0,5661.0
18390678,Smelling Salts,Ashok Vihar Phase 2,True,1200,7.0909098220799835,3.3,3.3246326544147786,3.4697535855565107,-0.14512093114173208,5026.0,4590.0
3329,Wah Ji Wah,Ashok Vihar Phase 2,True,350,5.860786223465865,2.6,2.792735763090615,3.348426114537516,-0.5556903514469007,6302.0,5621.0
18216896,Wheelyz,Ashok Vihar Phase 2,True,550,6.311734809152915,2.5,2.963472563892305,3.3929033130260597,-0.42943074913375456,6107.0,5479.0
307767,Bell Pepperz,Ashok Vihar Phase 2,True,1300,7.170888478512505,3.9,3.8503004265255223,3.477641905178529,0.3726585213469935,609.0,507.0
3332,Bharat Sweets,Ashok Vihar Phase 2,True,250,5.5254529391317835,3.5,3.405357542211785,3.3153520889822103,0.09000545322957487,1850.0,1582.0
980,Invitation,Ashok Vihar Phase 2,True,1300,7.170888478512505,3.6,3.575914092391912,3.477641905178529,0.09827218721338316,1799.0,1535.0
18232098,Mystique Melange,Ashok Vihar Phase 2,True,1800,7.496097345175956,3.9,3.778885273650033,3.5097173562874113,0.2691679173626218,954.0,791.0
6574,Pandit Ji Paranthe Wale,Ashok Vihar Phase 2,True,200,5.303304908059076,3.7,3.605069615279486,3.2934415599652347,0.3116280553142512,787.0,659.0
2379,Raju Chat Palace,Ashok Vihar Phase 2,True,200,5.303304908059076,3.9,3.7436775043622528,3.2934415599652347,0.4502359443970181,439.0,359.0
309390,Seasonings - The Spice Mysteries,Ashok Vihar Phase 2,True,1200,7.0909098220799835,3.9,3.8167570611464625,3.4697535855565107,0.3470034755899518,688.0,577.0
300809,SGF - Spice Grill Flame,Ashok Vihar Phase 2,True,500,6.2166061010848646,3.5,3.4464156672816726,3.3835207391251902,0.06289492815648234,2093.0,1801.0
1192,Apni Rasoi,Ashok Vihar Phase 3,True,300,5.707110264748875,3.0,3.135531738191397,3.3332690071959785,-0.19773726900458133,5362.0,4903.0
310803,Bablu Kabab Shop,Ashok Vihar Phase 3,True,500,6.2166061010848646,3.1,3.3086869618696184,3.3835207391251902,-0.07483377725557183,4166.0,3786.0
18250797,Cake o' Cuisine,Ashok Vihar Phase 3,True,300,5.707110264748875,3.3,3.3335004100040995,3.3332690071959785,0.0002314028081209507,2849.0,2524.0
198,Domino's Pizza,Ashok Vihar Phase 3,True,700,6.55250788703459,3.2,3.249416871668717,3.416650836170689,-0.16723396450197203,5188.0,4738.0
18449782,Hunger Flames,Ashok Vihar Phase 3,True,500,6.2166061010848646,3.4,3.363826223489507,3.3835207391251902,-0.019694515635683363,3168.0,2829.0
18057820,Puran Chand Ambala Wale Di Hatti,Ashok Vihar Phase 3,True,600,6.398594934535208,3.3,3.3302714548229817,3.4014703540590903,-0.07119889923610856,4104.0,3728.0
310215,The Cake Gallery,Ashok Vihar Phase 3,True,500,6.2166061010848646,3.3,3.3411890286935653,3.3835207391251902,-0.04233171043162498,3588.0,3235.0
306841,Bablu Chic Inn,Ashok Vihar Phase 3,True,750,6.621405651764134,3.6,3.453163021088042,3.423446244016628,0.029716777071413958,2466.0,2160.0
18412952,Masala Basket,Ashok Vihar Phase 3,True,400,5.993961427306569,3.6,3.4717108500032365,3.3615612260845467,0.11014962391868988,1716.0,1460.0
18432191,Udta Punjab,Ashok Vihar Phase 3,True,600,6.398594934535208,3.5,3.4089066343788432,3.4014703540590903,0.007436280319752964,2753.0,2429.0
18375420,Munch Nation,Ashok Vihar Phase 3,True,350,5.860786223465865,4.0,3.7807760741400513,3.348426114537516,0.4323499596025355,477.0,390.0
6286,Bengali Pastry Shop & Snack Bar,Barakhamba Road,True,550,6.311734809152915,3.2,3.2622901743723314,3.3929033130260597,-0.13061313865372837,4902.0,4476.0
1914,Bhimsain's Bengali Sweet House,Barakhamba Road,True,400,5.993961427306569,3.4,3.3960796892451683,3.3615612260845467,0.03451846316062168,2397.0,2093.0
18163907,Cafe Coffee Day,Barakhamba Road,True,450,6.111467339502679,2.9,3.317217561326556,3.3731508705500266,-0.055933309223470395,3846.0,3477.0
18344490,Colonel's Kababz,Barakhamba Road,True,600,6.398594934535208,3.4,3.372557824716178,3.4014703540590903,-0.02891252934291222,3340.0,2995.0
18412878,Faasos,Barakhamba Road,True,600,6.398594934535208,2.8,3.2502088458384577,3.4014703540590903,-0.15126150822063256,5069.0,4630.0
18294263,Karachi Bakery,Barakhamba Road,True,200,5.303304908059076,3.0,3.324764731137877,3.2934415599652347,0.03132317117264227,2437.0,2131.0
588,Nathu's Sweets,Barakhamba Road,True,600,6.398594934535208,3.3,3.305345810107037,3.4014703540590903,-0.09612454395205328,4483.0,4086.0
7150,Sachdeva Confectioners,Barakhamba Road,True,550,6.311734809152915,3.1,3.205235305558184,3.3929033130260597,-0.1876680074678756,5300.0,4846.0
18264634,Bengali Sweet House,Barakhamba Road,True,400,5.993961427306569,3.6,3.509048736942593,3.3615612260845467,0.14748751085804646,1483.0,1256.0
301534,Bijoli Grill,Barakhamba Road,True,800,6.68586094706836,3.7,3.6564095172201725,3.4298034897290544,0.22660602749111813,1119.0,937.0
8340,Nathu's Pastry Shop,Barakhamba Road,True,300,5.707110264748875,3.8,3.669896631658624,3.3332690071959785,0.3366276244626456,718.0,602.0
18249122,Habibi Express,Barakhamba Road,True,750,6.621405651764134,2.3,2.795312795676033,3.423446244016628,-0.6281334483405949,6369.0,5678.0
7354,Cafe Coffee Day,"Basant Lok Market, Vasant Vihar",True,450,6.111467339502679,3.2,3.275638068880689,3.3731508705500266,-0.09751280166933762,4504.0,4107.0
9267,China Town,"Basant Lok Market, Vasant Vihar",True,400,5.993961427306569,2.9,3.2948666205412054,3.3615612260845467,-0.06669460554334128,4031.0,3657.0
7352,Domino's Pizza,"Basant Lok Market, Vasant Vihar",True,700,6.55250788703459,3.3,3.3180757607935787,3.416650836170689,-0.09857507537711019,4521.0,4123.0
304211,High Street Kitchen & Bar,"Basant Lok Market, Vasant Vihar",True,1200,7.0909098220799835,2.9,3.2685421791717912,3.4697535855565107,-0.20121140638471946,5384.0,4924.0
262,Pizza Hut,"Basant Lok Market, Vasant Vihar",True,1000,6.90875477931522,3.1,3.158631098810988,3.4517875773465194,-0.2931564785355314,5762.0,5236.0
4621,Sugar & Spice - Le Marche,"Basant Lok Market, Vasant Vihar",True,800,6.68586094706836,3.0,3.1483838857785127,3.4298034897290544,-0.28141960395054166,5722.0,5205.0
2134,The Kathis,"Basant Lok Market, Vasant Vihar",True,300,5.707110264748875,2.8,3.175174038198715,3.3332690071959785,-0.1580949689972635,5120.0,4680.0
303472,The Kylin Experience,"Basant Lok Market, Vasant Vihar",True,1700,7.438971592395862,3.3,3.3230507408285086,3.50408302562123,-0.1810322847927215,5263.0,4811.0
758,Arabian Nites,"Basant Lok Market, Vasant Vihar",True,450,6.111467339502679,3.5,3.4746962873274563,3.3731508705500266,0.10154541677742968,1770.0,1506.0
7217,Asia Kitchen,"Basant Lok Market, Vasant Vihar",True,1300,7.170888478512505,3.7,3.6081318857543416,3.477641905178529,0.13048998057581285,1587.0,1349.0
307054,Dunkin' Donuts,"Basant Lok Market, Vasant Vihar",True,600,6.398594934535208,3.7,3.6345307691582662,3.4014703540590903,0.23306041509917597,1096.0,917.0
771,Krips Restaurant,"Basant Lok Market, Vasant Vihar",True,1000,6.90875477931522,3.5,3.46988649070375,3.4517875773465194,0.01809891335723046,2620.0,2305.0
171,McDonald's,"Basant Lok Market, Vasant Vihar",True,500,6.2166061010848646,3.5,3.4709662579693523,3.3835207391251902,0.08744551884416207,1869.0,1600.0
304675,Yo! China,"Basant Lok Market, Vasant Vihar",True,1300,7.170888478512505,3.5,3.4808727841215417,3.477641905178529,0.0032308789430128826,2805.0,2481.0
3269,RPM,"Basant Lok Market, Vasant Vihar",True,1800,7.496097345175956,2.4,2.730585324470266,3.5097173562874113,-0.7791320318171455,6449.0,5755.0
3935,By The Way - Bellagio,"Bellagio, Ashok Vihar Phase 2",True,1000,6.90875477931522,2.9,3.030843377220754,3.4517875773465194,-0.4209442001257653,6086.0,5464.0
4166,Red - Bellagio,"Bellagio, Ashok Vihar Phase 2",True,1500,7.313886831633462,3.4,3.3871641438188576,3.4917458769774545,-0.10458173315859698,4607.0,4204.0
3936,Soul Curry - Bellagio,"Bellagio, Ashok Vihar Phase 2",True,1100,7.00397413672268,3.6,3.5411233369580075,3.4611790920197736,0.07994424493823393,1938.0,1664.0
5227,Alpha 63,"Best Western Taurus Hotel, Mahipalpur",True,1500,7.313886831633462,2.7,3.250216047419095,3.4917458769774545,-0.24152982955835967,5581.0,5095.0
1862,Bite-N-Sip,Bhikaji Cama Place,True,300,5.707110264748875,2.6,3.023132537359856,3.3332690071959785,-0.3101364698361224,5814.0,5274.0
819,Lotus Garden,Bhikaji Cama Place,True,2000,7.601402334583733,3.2,3.2686345439843287,3.520103619964429,-0.25146907598010015,5623.0,5128.0
2236,Meethas Sweets,Bhikaji Cama Place,True,200,5.303304908059076,2.8,3.3096703915152355,3.2934415599652347,0.016228831550000766,2639.0,2323.0
4150,Nirula's,Bhikaji Cama Place,True,1100,7.00397413672268,2.5,2.7837587125871255,3.4611790920197736,-0.6774203794326481,6403.0,5709.0
6394,Punjabi Tadka,Bhikaji Cama Place,True,250,5.5254529391317835,2.8,3.2502088458384577,3.3153520889822103,-0.06514324314375264,3999.0,3626.0
1867,Snack Bar,Bhikaji Cama Place,True,250,5.5254529391317835,3.0,3.2868755125051248,3.3153520889822103,-0.02847657647708557,3326.0,2981.0
2608,South Indian Food,Bhikaji Cama Place,True,150,5.017279836814924,3.1,3.2954369960366265,3.2652308187184387,0.030206177318187866,2460.0,2154.0
8388,Domino's Pizza,Bhikaji Cama Place,True,700,6.55250788703459,2.4,2.7884377562525624,3.416650836170689,-0.6282130799181265,6370.0,5679.0
3465,Southy,Bhikaji Cama Place,True,400,5.993961427306569,2.4,2.9684454969549696,3.3615612260845467,-0.39311572912957704,6027.0,5422.0
823,Al Kuresh,Chanakyapuri,True,850,6.7464121285733745,3.3,3.3187502294799063,3.435775671489889,-0.11702544200998277,4761.0,4343.0
18421499,Angan Bakery & Cafe,Chanakyapuri,True,600,6.398594934535208,2.9,3.2747886567848727,3.4014703540590903,-0.12668169727421752,4858.0,4436.0
846,Bamboo Chopstix,Chanakyapuri,True,700,6.55250788703459,2.7,3.25986896053171,3.416650836170689,-0.15678187563897872,5110.0,4670.0
816,Bawarchis,Chanakyapuri,True,700,6.55250788703459,2.9,3.2401927807739614,3.416650836170689,-0.17645805539672743,5235.0,4784.0
4055,Bikanervala,Chanakyapuri,True,450,6.111467339502679,3.4,3.385262535495725,3.3731508705500266,0.012111664945698486,2687.0,2369.0
18312487,Cafe Coffee Day,Chanakyapuri,True,450,6.111467339502679,3.0,3.324764731137877,3.3731508705500266,-0.04838613941214964,3706.0,3347.0
1630,Chanakya Bar-Be-Que,Chanakyapuri,True,800,6.68586094706836,3.2,3.312311071974356,3.4298034897290544,-0.11749241775469832,4767.0,4349.0
308261,Chattisgarh Bhawan,Chanakyapuri,True,450,6.111467339502679,2.7,3.0891772042720422,3.3731508705500266,-0.28397366627798437,5732.0,5213.0
2587,Chimney,Chanakyapuri,True,800,6.68586094706836,2.9,3.09228287608963,3.4298034897290544,-0.3375206136394242,5901.0,5337.0
849,China Town Sizzlers,Chanakyapuri,True,800,6.68586094706836,3.4,3.371235310244668,3.4298034897290544,-0.058568179484386196,3883.0,3512.0
848,Chinese Bite,Chanakyapuri,True,700,6.55250788703459,2.8,3.1376566343788435,3.416650836170689,-0.2789942017918454,5716.0,5199.0
852,Chinese Garden,Chanakyapuri,True,900,6.803505257608338,3.2,3.312311071974356,3.4414067844659977,-0.12909571249164165,4887.0,4462.0
312194,Costa Coffee,Chanakyapuri,True,600,6.398594934535208,3.0,3.324764731137877,3.4014703540590903,-0.0767056229212133,4196.0,3815.0
7643,Food Point,Chanakyapuri,True,200,5.303304908059076,2.8,3.30023205093162,3.2934415599652347,0.0067904909663853985,2761.0,2437.0
3238,Ikko,Chanakyapuri,True,1650,7.409136443920128,2.9,3.2747886567848727,3.501140375698803,-0.22635171891393036,5517.0,5043.0
18396184,Jammu And Kashmir House,Chanakyapuri,True,500,6.2166061010848646,2.9,3.317217561326556,3.3835207391251902,-0.06630317779863404,4020.0,3647.0
847,Laguna,Chanakyapuri,True,900,6.803505257608338,3.4,3.3780966123881417,3.4414067844659977,-0.06331017207785594,3957.0,3585.0
7575,Momo Point,Chanakyapuri,True,700,6.55250788703459,3.2,3.317659218258849,3.416650836170689,-0.09899161791183975,4525.0,4127.0
850,New Zaika,Chanakyapuri,True,700,6.55250788703459,3.1,3.3086869618696184,3.416650836170689,-0.10796387430107046,4651.0,4244.0
311856,Organic Express,Chanakyapuri,True,700,6.55250788703459,3.0,3.307366620541205,3.416650836170689,-0.10928421562948376,4665.0,4257.0
851,Tamil Nadu House Canteen,Chanakyapuri,True,600,6.398594934535208,3.4,3.3886310988109876,3.4014703540590903,-0.012839255248102699,3048.0,2713.0
18228885,The Chocolate Avenue,Chanakyapuri,True,300,5.707110264748875,3.4,3.3689939058481495,3.3332690071959785,0.03572489865217099,2385.0,2082.0
824,Chimney Sizzlers,Chanakyapuri,True,800,6.68586094706836,3.7,3.6081318857543416,3.4298034897290544,0.17832839602528727,1352.0,1137.0
301102,Gujarat Bhawan Restaurant,Chanakyapuri,True,400,5.993961427306569,3.7,3.63219258234249,3.3615612260845467,0.27063135625794343,942.0,781.0
18238246,Itäó»s Sinful,Chanakyapuri,True,450,6.111467339502679,3.5,3.3943845036276445,3.3731508705500266,0.02123363307761794,2581.0,2268.0
6003,Jakoi,Chanakyapuri,True,600,6.398594934535208,3.5,3.472706107679054,3.4014703540590903,0.07123575361996393,2019.0,1734.0
815,Moti Mahal Delux,Chanakyapuri,True,1600,7.3783837129967145,2.4,2.618838172536655,3.498107224335746,-0.8792690517990911,6478.0,5784.0
305296,The Treat,Chanakyapuri,True,500,6.2166061010848646,2.1,2.4278744959909493,3.3835207391251902,-0.955646243134241,6491.0,5796.0
6079,Break Fast Point,Chander Nagar,True,200,5.303304908059076,3.3,3.335893296432964,3.2934415599652347,0.04245173646772926,2319.0,2019.0
6117,Breakfast Corner,Chander Nagar,True,150,5.017279836814924,3.1,3.323864195460136,3.2652308187184387,0.05863337674169733,2128.0,1835.0
18082202,Domino's Pizza,Chander Nagar,True,700,6.55250788703459,3.0,3.2917378093272456,3.416650836170689,-0.1249130268434433,4838.0,4416.0
308574,Frontier,Chander Nagar,True,200,5.303304908059076,3.2,3.3256361144119913,3.2934415599652347,0.03219455444675656,2421.0,2115.0
6123,Prince Cafe,Chander Nagar,True,300,5.707110264748875,2.9,3.3020460136419545,3.3332690071959785,-0.031222993554024026,3381.0,3034.0
312157,Spicy Eleven,Chander Nagar,True,500,6.2166061010848646,3.1,3.2923832929735544,3.3835207391251902,-0.09113744615163588,4409.0,4016.0
302490,Vaishno Punjabi Dhaba,Chander Nagar,True,400,5.993961427306569,3.0,3.282172635250942,3.3615612260845467,-0.0793885908336045,4230.0,3846.0
304697,Adarsh Bhojnalaya,Chandni Chowk,True,300,5.707110264748875,3.4,3.3693914198757366,3.3332690071959785,0.03612241267975813,2382.0,2079.0
307713,Al Haj Bakery,Chandni Chowk,True,150,5.017279836814924,3.0,3.2967677715570254,3.2652308187184387,0.03153695283858671,2432.0,2126.0
18384137,Anmol Chicken,Chandni Chowk,True,300,5.707110264748875,3.1,3.3323119009491977,3.3332690071959785,-0.0009571062467808034,2867.0,2541.0
5459,Babu Ram Paranthe Wale,Chandni Chowk,True,150,5.017279836814924,3.2,3.2270530319354287,3.2652308187184387,-0.03817778678300998,3515.0,3162.0
311703,Bhaijaan Kababs,Chandni Chowk,True,100,4.61512051684126,3.2,3.330044399128201,3.2255657205981403,0.10447867853006088,1750.0,1486.0
308006,Bhikharam's,Chandni Chowk,True,300,5.707110264748875,3.0,3.3187505694501387,3.3332690071959785,-0.01451843774583983,3078.0,2742.0
4053,Bikanervala,Chandni Chowk,True,550,6.311734809152915,2.8,3.096840997256126,3.3929033130260597,-0.2960623157699338,5773.0,5244.0
5468,Brijwasi Bhoj,Chandni Chowk,True,200,5.303304908059076,3.1,3.2894235500047304,3.2934415599652347,-0.004018009960504276,2916.0,2585.0
5453,Brijwasi Restaurant,Chandni Chowk,True,400,5.993961427306569,3.2,3.284233303980767,3.3615612260845467,-0.07732792210377948,4205.0,3822.0
681,Comesum,Chandni Chowk,True,350,5.860786223465865,2.5,2.9256380688806884,3.348426114537516,-0.42278804565682737,6092.0,5469.0
308008,Inderpuri Restaurant,Chandni Chowk,True,250,5.5254529391317835,3.0,3.2494569673957607,3.3153520889822103,-0.06589512158644961,4007.0,3634.0
18272386,Kamdhenu Family Corner,Chandni Chowk,True,300,5.707110264748875,2.8,3.3096703915152355,3.3332690071959785,-0.023598615680743062,3232.0,2890.0
306380,Khalsa Hindu Hotel,Chandni Chowk,True,450,6.111467339502679,2.9,3.309491310190879,3.3731508705500266,-0.06365956035914744,3963.0,3591.0
312936,Mahalaxmi Mishthan Bhandar,Chandni Chowk,True,100,4.61512051684126,3.3,3.3386543192354994,3.2255657205981403,0.1130885986373591,1695.0,1445.0
6698,McDonald's,Chandni Chowk,True,500,6.2166061010848646,3.0,3.1623823655689383,3.3835207391251902,-0.221138373556252,5494.0,5021.0
9961,McDonald's,Chandni Chowk,True,500,6.2166061010848646,3.0,3.1891486895638184,3.3835207391251902,-0.19437204956137188,5339.0,4881.0
312925,Natraj Cafe,Chandni Chowk,True,300,5.707110264748875,3.4,3.365893296432964,3.3332690071959785,0.03262428923698568,2416.0,2110.0
18342132,Padam Chaat Corner,Chandni Chowk,True,100,4.61512051684126,3.0,3.324764731137877,3.2255657205981403,0.09919901053973668,1784.0,1520.0
18323461,Pandit Ved Prakash Lemon Wale,Chandni Chowk,True,50,3.9318256327243257,3.2,3.3235421791717914,3.1581721348287717,0.16537004434301972,1396.0,1177.0
5466,Pt. Babu Ram Devi Dayal Paranthe Wale,Chandni Chowk,True,150,5.017279836814924,3.0,3.1687503014736023,3.2652308187184387,-0.09648051724483642,4488.0,4091.0
18232088,Rabri Bhandar,Chandni Chowk,True,150,5.017279836814924,3.2,3.332366620541205,3.2652308187184387,0.06713580182276635,2058.0,1769.0
304743,Ram Parshad Makhan Lal,Chandni Chowk,True,100,4.61512051684126,3.4,3.366840704865382,3.2255657205981403,0.1412749842672416,1528.0,1296.0
18128897,Rambhoj,Chandni Chowk,True,150,5.017279836814924,2.9,3.317217561326556,3.2652308187184387,0.05198674260811753,2201.0,1902.0
18211151,Rehmatullah's Hotel,Chandni Chowk,True,100,4.61512051684126,3.0,3.3187505694501387,3.2255657205981403,0.0931848488519984,1826.0,1561.0
5460,Sharma Bhojnalay,Chandni Chowk,True,100,4.61512051684126,3.0,3.2967677715570254,3.2255657205981403,0.0712020509588851,2020.0,1735.0
311492,Shree Balaji Chaat Bhandar,Chandni Chowk,True,100,4.61512051684126,3.2,3.314038934620115,3.2255657205981403,0.08847321402197483,1861.0,1592.0
303643,Shri Duli Chand Naresh Gupta,Chandni Chowk,True,100,4.61512051684126,3.4,3.364366130601604,3.2255657205981403,0.13880041000346388,1540.0,1306.0
9156,Shri Hari Sharnam,Chandni Chowk,True,400,5.993961427306569,3.1,3.2954369960366265,3.3615612260845467,-0.06612423004792012,4015.0,3642.0
9160,Sindhi Chicken,Chandni Chowk,True,400,5.993961427306569,2.9,3.2948666205412054,3.3615612260845467,-0.06669460554334128,4031.0,3657.0
18235302,Soni Bhojnalaya,Chandni Chowk,True,300,5.707110264748875,3.0,3.324764731137877,3.3332690071959785,-0.008504276058101556,2985.0,2651.0
9157,Super Restaurant,Chandni Chowk,True,250,5.5254529391317835,2.9,3.309491310190879,3.3153520889822103,-0.005860778791331178,2937.0,2605.0
9159,Tiwari Ji Confectioner,Chandni Chowk,True,100,4.61512051684126,3.1,3.3280098287093978,3.2255657205981403,0.10244410811125748,1763.0,1499.0
6706,Wah Ji Wah,Chandni Chowk,True,450,6.111467339502679,2.8,3.05011602546581,3.3731508705500266,-0.32303484508421665,5855.0,5305.0
18082089,Zaika Mughlai Foods,Chandni Chowk,True,550,6.311734809152915,3.3,3.342585266954364,3.3929033130260597,-0.050318046071695655,3744.0,3382.0
312693,Al Yousuf,Chandni Chowk,True,200,5.303304908059076,3.7,3.483702920889968,3.2934415599652347,0.19026136092473322,1291.0,1084.0
308209,Amritsari Lassi Wala,Chandni Chowk,True,100,4.61512051684126,3.8,3.663431868014332,3.2255657205981403,0.4378661474161918,466.0,380.0
306017,Annapurna Bhandar,Chandni Chowk,True,100,4.61512051684126,3.8,3.5964123217621062,3.2255657205981403,0.37084660116396595,614.0,512.0
304737,Bishan Swaroop Chaat Bhandar,Chandni Chowk,True,150,5.017279836814924,3.7,3.5080059634866005,3.2652308187184387,0.24277514476816187,1052.0,879.0
308318,Gole Hatti,Chandni Chowk,True,150,5.017279836814924,3.8,3.6667426106079235,3.2652308187184387,0.4015117918894848,540.0,445.0
552,Haldiram's,Chandni Chowk,True,600,6.398594934535208,3.9,3.845461522820096,3.4014703540590903,0.44399116876100564,452.0,370.0
6704,Kanwarji's,Chandni Chowk,True,300,5.707110264748875,3.9,3.7731723148599405,3.3332690071959785,0.439903307663962,462.0,376.0
309722,Kedarnath Prem Chand Halwai,Chandni Chowk,True,100,4.61512051684126,3.7,3.4487136875045215,3.2255657205981403,0.22314796690638117,1136.0,952.0
18286206,Keventers,Chandni Chowk,True,400,5.993961427306569,3.7,3.5474333102706024,3.3615612260845467,0.18587208418605572,1314.0,1104.0
308894,Khan Omelette Corner,Chandni Chowk,True,150,5.017279836814924,3.6,3.4675275081555164,3.2652308187184387,0.20229668943707768,1238.0,1038.0
7545,Natraj Dahi Bhalle Wala,Chandni Chowk,True,100,4.61512051684126,3.9,3.8824951372072314,3.2255657205981403,0.6569294166090911,162.0,135.0
9165,Old Famous Jalebi Wala,Chandni Chowk,True,100,4.61512051684126,3.9,3.8664326226595596,3.2255657205981403,0.6408669020614193,176.0,141.0
5458,Pt. Gaya Prasad Shiv Charan Paranthe Wale,Chandni Chowk,True,150,5.017279836814924,3.6,3.5749229027784106,3.2652308187184387,0.30969208405997195,798.0,668.0
5467,Pt.Kanhaiyalal & Durga Prasad Dixit Paranthe Wale,Chandni Chowk,True,150,5.017279836814924,3.6,3.5647761004344147,3.2652308187184387,0.29954528171597605,839.0,699.0
9161,Shiv Misthan Bhandar,Chandni Chowk,True,100,4.61512051684126,3.8,3.62410024600246,3.2255657205981403,0.3985345254043198,544.0,449.0
302869,Special Jalebi Wala,Chandni Chowk,True,100,4.61512051684126,3.5,3.395893296432964,3.2255657205981403,0.17032757583482372,1381.0,1164.0
1889,Tewari Bros Confectioners,Chandni Chowk,True,200,5.303304908059076,3.5,3.4271253075030743,3.2934415599652347,0.13368374753783963,1565.0,1330.0
300178,Chaina Ram Sindhi Confectioners,Chandni Chowk,True,200,5.303304908059076,4.2,4.103509352088881,3.2934415599652347,0.8100677921236459,75.0,60.0
1155,Giani's di Hatti,Chandni Chowk,True,150,5.017279836814924,4.3,4.2184430364040475,3.2652308187184387,0.9532122176856088,28.0,26.0
9166,Jung Bahadur Kachori Wala,Chandni Chowk,True,50,3.9318256327243257,4.1,4.0191905963663155,3.1581721348287717,0.8610184615375438,60.0,50.0
18264992,Lakhori - Haveli Dharampura,Chandni Chowk,True,3000,8.006700845440367,4.4,4.254837657486744,3.560078337452493,0.6947593200342514,138.0,112.0
18282012,Milk n More,Chawri Bazar,True,100,4.61512051684126,3.1,3.323864195460136,3.2255657205981403,0.09829847486199572,1797.0,1533.0
303642,Kuremal Mohan Lal Kulfi Wale,Chawri Bazar,True,200,5.303304908059076,4.5,4.4052399507580935,3.2934415599652347,1.1117983907928588,11.0,9.0
18281967,Hira Chaat Corner,Chawri Bazar,True,100,4.61512051684126,3.6,3.418097473885186,3.2255657205981403,0.19253175328704586,1281.0,1075.0
18082228,Kuremal Mahavir Prasad Kulfi Wale,Chawri Bazar,True,300,5.707110264748875,3.9,3.5836768323565584,3.3332690071959785,0.2504078251605799,1021.0,850.0
301287,Shakahari Restaurant,Chawri Bazar,True,300,5.707110264748875,3.6,3.547916798078237,3.3332690071959785,0.2146477908822586,1167.0,980.0
308192,Shri Gujrat Namkeen Bhandar,Chawri Bazar,True,100,4.61512051684126,3.6,3.439638562504046,3.2255657205981403,0.2140728419059057,1173.0,985.0
306015,Standard Sweets,Chawri Bazar,True,200,5.303304908059076,3.6,3.4476566343788435,3.2934415599652347,0.15421507441360882,1449.0,1223.0
311002,Sudarshan,Chawri Bazar,True,150,5.017279836814924,3.7,3.534102240294248,3.2652308187184387,0.26887142157580923,955.0,792.0
313511,Ustad Moinuddin Kebab,Chawri Bazar,True,100,4.61512051684126,3.7,3.455893296432964,3.2255657205981403,0.23032757583482377,1102.0,922.0
311022,Ashok Chaat Corner,Chawri Bazar,True,100,4.61512051684126,4.1,3.8803145553910623,3.2255657205981403,0.654748834792922,164.0,137.0
303644,Jain Coffee House,Chawri Bazar,True,150,5.017279836814924,4.1,3.9317088566527865,3.2652308187184387,0.6664780379343478,155.0,128.0
307218,Shyam Sweets,Chawri Bazar,True,150,5.017279836814924,4.1,3.9526607660654913,3.2652308187184387,0.6874299473470527,142.0,115.0
304018,Spicy Food Court,Chhatarpur,True,500,6.2166061010848646,2.7,3.1432295937542705,3.3835207391251902,-0.24029114537091978,5575.0,5090.0
18239781,Aristocrat Sweet Shop,Chittaranjan Park,True,300,5.707110264748875,3.1,3.319866620541205,3.3332690071959785,-0.013402386654773668,3061.0,2725.0
18364354,Balluchi's - The Royal Cuisine,Chittaranjan Park,True,800,6.68586094706836,3.0,3.324764731137877,3.4298034897290544,-0.1050387585911774,4615.0,4212.0
18175256,Bunty Dhaba,Chittaranjan Park,True,500,6.2166061010848646,3.2,3.298833743337433,3.3835207391251902,-0.08468699578775718,4325.0,3936.0
7623,Gopal's Restaurant & Caterer's,Chittaranjan Park,True,300,5.707110264748875,2.7,3.1494722640888377,3.3332690071959785,-0.18379674310714078,5278.0,4825.0
17953899,Horn Please,Chittaranjan Park,True,1000,6.90875477931522,3.0,3.144643115548802,3.4517875773465194,-0.3071444617977175,5805.0,5267.0
309756,Khatey Raho,Chittaranjan Park,True,250,5.5254529391317835,3.3,3.3335004100040995,3.3153520889822103,0.018148321021889124,2618.0,2303.0
2595,Kolkata Biryani House,Chittaranjan Park,True,500,6.2166061010848646,3.4,3.394729648455425,3.3835207391251902,0.011208909330234551,2695.0,2374.0
7620,Kolkata Hot Kathi Roll,Chittaranjan Park,True,150,5.017279836814924,3.2,3.2882444136941364,3.2652308187184387,0.02301359497569777,2550.0,2238.0
309161,Madly Bangalee,Chittaranjan Park,True,400,5.993961427306569,2.7,2.873437667121236,3.3615612260845467,-0.4881235589633106,6212.0,5553.0
18249081,Oh! China,Chittaranjan Park,True,600,6.398594934535208,2.9,3.2401927807739614,3.4014703540590903,-0.16127757328512882,5142.0,4700.0
3632,Punjabi Zaika,Chittaranjan Park,True,500,6.2166061010848646,2.9,3.1512787585262214,3.3835207391251902,-0.23224198059896883,5537.0,5059.0
7602,Rabi Snacks Corner,Chittaranjan Park,True,300,5.707110264748875,3.4,3.364366130601604,3.3332690071959785,0.03109712340562565,2449.0,2143.0
1712,Republic of Chicken,Chittaranjan Park,True,400,5.993961427306569,2.7,3.109135009619327,3.3615612260845467,-0.2524262164652198,5628.0,5130.0
300984,Roll n Roast,Chittaranjan Park,True,250,5.5254529391317835,3.3,3.3330596151356247,3.3153520889822103,0.01770752615341431,2622.0,2307.0
18429374,Roller's High,Chittaranjan Park,True,500,6.2166061010848646,3.2,3.3195569475856046,3.3835207391251902,-0.06396379153958565,3972.0,3599.0
18354627,Royal Chick 'N',Chittaranjan Park,True,300,5.707110264748875,3.3,3.337500458959813,3.3332690071959785,0.004231451763834659,2791.0,2467.0
301522,Royal Kolkata Biryani,Chittaranjan Park,True,500,6.2166061010848646,2.7,3.206548107147738,3.3835207391251902,-0.17697263197745228,5238.0,4786.0
4973,Sameer's Restaurant,Chittaranjan Park,True,600,6.398594934535208,2.5,2.8862271365769208,3.4014703540590903,-0.5152432174821695,6244.0,5579.0
3504,Sanjha Chulha,Chittaranjan Park,True,550,6.311734809152915,2.7,2.968172527313508,3.3929033130260597,-0.42473078571255174,6095.0,5472.0
18459885,Shepherd's,Chittaranjan Park,True,250,5.5254529391317835,3.1,3.312285012936336,3.3153520889822103,-0.0030670760458741952,2906.0,2577.0
301405,Soya King,Chittaranjan Park,True,350,5.860786223465865,2.6,2.9067710895858956,3.348426114537516,-0.44165502495162023,6132.0,5499.0
18457499,Tasty Tonight,Chittaranjan Park,True,1000,6.90875477931522,3.1,3.3280098287093978,3.4517875773465194,-0.12377774863712165,4824.0,4403.0
18445801,The Mustard,Chittaranjan Park,True,500,6.2166061010848646,2.9,3.2948666205412054,3.3835207391251902,-0.08865411858398486,4369.0,3978.0
18355107,Tibb's Frankie,Chittaranjan Park,True,250,5.5254529391317835,3.2,3.314038934620115,3.3153520889822103,-0.0013131543620952257,2876.0,2550.0
18175328,Wazwaan Restaurant,Chittaranjan Park,True,1200,7.0909098220799835,3.2,3.317659218258849,3.4697535855565107,-0.15209436729766157,5076.0,4637.0
7613,Yummi Kolkataa,Chittaranjan Park,True,150,5.017279836814924,3.2,3.312311071974356,3.2652308187184387,0.04708025325591736,2265.0,1965.0
7599,Annapurna Sweet House,Chittaranjan Park,True,150,5.017279836814924,3.7,3.5356974110606485,3.2652308187184387,0.2704665923422098,944.0,783.0
302936,Ashirbad,Chittaranjan Park,True,100,4.61512051684126,3.6,3.4717108500032365,3.2255657205981403,0.24614512940509625,1038.0,866.0
4608,Chocolatiers - The Chocolate Boutique,Chittaranjan Park,True,100,4.61512051684126,3.8,3.663431868014332,3.2255657205981403,0.4378661474161918,466.0,380.0
7636,Dadu Cutlet Shop,Chittaranjan Park,True,100,4.61512051684126,3.7,3.584544126691267,3.2255657205981403,0.3589784060931267,654.0,548.0
18373691,Dogs & Wiches,Chittaranjan Park,True,600,6.398594934535208,3.9,3.7298261439892877,3.4014703540590903,0.32835578993019743,746.0,624.0
7634,Maa Tara,Chittaranjan Park,True,500,6.2166061010848646,3.6,3.5759615991130325,3.3835207391251902,0.19244085998784222,1283.0,1077.0
306028,My Spice Kitchen,Chittaranjan Park,True,650,6.478509642208569,3.5,3.485188070630706,3.4093523663952126,0.07583570423549357,1982.0,1703.0
311637,The Singing Tree,Chittaranjan Park,True,100,4.61512051684126,3.7,3.491616228662286,3.2255657205981403,0.26605050806414576,968.0,803.0
309080,Chulha Punjabi Da,Chittaranjan Park,True,600,6.398594934535208,2.4,2.91791700833675,3.4014703540590903,-0.4835533457223402,6206.0,5550.0
1358,Viva Hyderabad,Chittaranjan Park,True,600,6.398594934535208,2.3,2.8920980546012354,3.4014703540590903,-0.5093722994578549,6234.0,5571.0
5890,Metro Grill,"City Centre Mall, Rohini",True,1200,7.0909098220799835,3.4,3.3869537199470354,3.4697535855565107,-0.08279986560947528,4292.0,3903.0
306513,Cafe Cruise,"City Square Mall, Rajouri Garden",True,1300,7.170888478512505,2.8,2.9337253997539974,3.477641905178529,-0.5439165054245314,6287.0,5609.0
3089,Etal The Lounge Bar,"City Square Mall, Rajouri Garden",True,2000,7.601402334583733,3.2,3.214707402282356,3.520103619964429,-0.3053962176820728,5797.0,5261.0
7061,"Game of Legends - Sports Bar, Grill, & Lounge","City Square Mall, Rajouri Garden",True,1450,7.280008252884188,3.5,3.488924818769464,3.4884044222764814,0.0005203964929827443,2847.0,2522.0
18466981,Al-raaya,Civil Lines,True,600,6.398594934535208,3.1,3.323864195460136,3.4014703540590903,-0.07760615859895426,4207.0,3824.0
311093,Authentique Bites,Civil Lines,True,300,5.707110264748875,3.2,3.312311071974356,3.3332690071959785,-0.02095793522162248,3199.0,2858.0
1055,Embassy,Civil Lines,True,1200,7.0909098220799835,3.0,3.0983573185731856,3.4697535855565107,-0.37139626698332506,5978.0,5394.0
18144470,Narang's Bake 'n' Cake,Civil Lines,True,400,5.993961427306569,3.0,3.324764731137877,3.3615612260845467,-0.0367964949466697,3478.0,3128.0
4089,New Darvesh,Civil Lines,True,150,5.017279836814924,3.0,3.2732147738144044,3.2652308187184387,0.007983955095965722,2743.0,2419.0
311030,1UP,Civil Lines,True,1200,7.0909098220799835,3.5,3.4779834765870317,3.4697535855565107,0.008229891030520964,2736.0,2412.0
9927,Gujarati Samaj Santushti,Civil Lines,True,300,5.707110264748875,3.6,3.515364796877135,3.3332690071959785,0.18209578968115636,1334.0,1122.0
18245298,Boa Village,Civil Lines,True,1500,7.313886831633462,4.0,3.8839873385047716,3.4917458769774545,0.3922414615273171,560.0,461.0
2578,Anand Ji Restaurant,"Community Centre, New Friends Colony",True,400,5.993961427306569,3.1,3.2599029967572397,3.3615612260845467,-0.10165822932730695,4559.0,4160.0
709,Baskin Robbins,"Community Centre, New Friends Colony",True,300,5.707110264748875,3.3,3.328879663796638,3.3332690071959785,-0.004389343399340717,2920.0,2589.0
1530,Bhoj Restaurant,"Community Centre, New Friends Colony",True,600,6.398594934535208,2.8,3.0622575801000727,3.4014703540590903,-0.3392127739590176,5905.0,5341.0
1401,Brijwasi Restaurant,"Community Centre, New Friends Colony",True,400,5.993961427306569,2.8,3.1334880339544133,3.3615612260845467,-0.22807319213013333,5521.0,5046.0
602,Cafe Coffee Day - The Lounge,"Community Centre, New Friends Colony",True,750,6.621405651764134,3.2,3.281456381871511,3.423446244016628,-0.14198986214511722,4999.0,4563.0
18175255,Cafe Coffee Day,"Community Centre, New Friends Colony",True,450,6.111467339502679,2.9,3.2747886567848727,3.3731508705500266,-0.09836221376515386,4517.0,4119.0
2245,Chaat Tadka,"Community Centre, New Friends Colony",True,300,5.707110264748875,2.8,3.155428036188256,3.3332690071959785,-0.17784097100772245,5247.0,4795.0
2585,Chawla's Unique Chicken Corner,"Community Centre, New Friends Colony",True,600,6.398594934535208,3.2,3.2882444136941364,3.4014703540590903,-0.11322594036495381,4719.0,4305.0
908,Dawat Khana,"Community Centre, New Friends Colony",True,1600,7.3783837129967145,2.5,2.8184162652695224,3.498107224335746,-0.6796909590662237,6404.0,5710.0
924,Eat n Joy,"Community Centre, New Friends Colony",True,500,6.2166061010848646,3.2,3.3015415171274998,3.3835207391251902,-0.08197922199769048,4270.0,3883.0
7715,Khan Chicken Biryani,"Community Centre, New Friends Colony",True,500,6.2166061010848646,2.9,3.2509925515921823,3.3835207391251902,-0.132528187533008,4915.0,4489.0
9476,Kolkata Roll,"Community Centre, New Friends Colony",True,200,5.303304908059076,2.8,3.2155773961585763,3.2934415599652347,-0.07786416380665839,4212.0,3829.0
7686,R. Ahmad Food,"Community Centre, New Friends Colony",True,450,6.111467339502679,3.0,3.2868755125051248,3.3731508705500266,-0.08627535804490183,4343.0,3953.0
305621,Sab Ke Khatir,"Community Centre, New Friends Colony",True,600,6.398594934535208,3.1,3.2954369960366265,3.4014703540590903,-0.10603335802246372,4627.0,4224.0
1324,Bon Bon Pastry Shop,"Community Centre, New Friends Colony",True,150,5.017279836814924,3.5,3.447946648216482,3.2652308187184387,0.1827158294980431,1331.0,1119.0
927,Moksha,"Community Centre, New Friends Colony",True,1400,7.244941546337007,3.7,3.5925316399390406,3.4849457821633028,0.10758585777573781,1731.0,1471.0
929,Pebble Street,"Community Centre, New Friends Colony",True,2400,7.783640596221253,3.9,3.871243348396051,3.538077836077581,0.33316551231847,727.0,607.0
53,Amber,Connaught Place,True,1800,7.496097345175956,2.6,2.7831469191557585,3.5097173562874113,-0.7265704371316528,6426.0,5732.0
307271,Attitude Kitchen & Bar,Connaught Place,True,1300,7.170888478512505,2.9,3.0169975171973937,3.477641905178529,-0.46064438798113505,6165.0,5522.0
596,Cafe Coffee Day,Connaught Place,True,450,6.111467339502679,3.4,3.3926764746941944,3.3731508705500266,0.01952560414416782,2592.0,2278.0
1127,Castle 9,Connaught Place,True,1350,7.208600337960199,3.1,3.11072520100201,3.4813614375404534,-0.37063623653844324,5976.0,5392.0
4237,Costa Coffee,Connaught Place,True,600,6.398594934535208,3.4,3.3809002460024593,3.4014703540590903,-0.020570108056630954,3191.0,2850.0
6357,Delhi Darbar Dhaba,Connaught Place,True,400,5.993961427306569,3.2,3.253713990944257,3.3615612260845467,-0.10784723514028949,4648.0,4241.0
18124357,Garam Dharam,Connaught Place,True,1300,7.170888478512505,3.4,3.3984812536579563,3.477641905178529,-0.0791606515205725,4227.0,3843.0
2913,Gola Sizzlers,Connaught Place,True,1600,7.3783837129967145,3.0,3.0239062927087605,3.498107224335746,-0.4742009316269855,6187.0,5535.0
3506,Indian Coffee House,Connaught Place,True,200,5.303304908059076,3.3,3.3018625135287674,3.2934415599652347,0.008420953563532674,2733.0,2409.0
6957,My Bar Lounge & Restaurant,Connaught Place,True,1000,6.90875477931522,2.7,2.7127192230969737,3.4517875773465194,-0.7390683542495458,6432.0,5738.0
304154,My Bar Square,Connaught Place,True,1000,6.90875477931522,2.5,2.5364301578605306,3.4517875773465194,-0.9153574194859888,6488.0,5793.0
320,Sagar Ratna,Connaught Place,True,600,6.398594934535208,3.4,3.395643304288882,3.4014703540590903,-0.005827049770208426,2933.0,2601.0
310097,The Immigrant Cafe,Connaught Place,True,1100,7.00397413672268,3.2,3.2121119783501757,3.4611790920197736,-0.24906711366959788,5615.0,5123.0
18418277,MOB Brewpub,Connaught Place,True,1500,7.313886831633462,4.7,4.045668621290173,3.4917458769774545,0.5539227443127186,280.0,224.0
310143,Naturals Ice Cream,Connaught Place,True,150,5.017279836814924,4.9,4.871567077838258,3.2652308187184387,1.6063362591198196,1.0,1.0
18357940,Zabardast Indian Kitchen,Connaught Place,True,1800,7.496097345175956,4.7,4.472895294674596,3.5097173562874113,0.9631779383871848,26.0,24.0
300595,Anand Restaurant,Connaught Place,True,550,6.311734809152915,3.6,3.57717702387698,3.3929033130260597,0.18427371085092048,1324.0,1113.0
55,Berco's,Connaught Place,True,1100,7.00397413672268,3.9,3.8899972212612757,3.4611790920197736,0.4288181292415021,483.0,396.0
3168,Blues,Connaught Place,True,1100,7.00397413672268,3.7,3.6773675903977585,3.4611790920197736,0.21618849837798493,1164.0,977.0
310448,Burger King,Connaught Place,True,500,6.2166061010848646,3.8,3.7897350750468286,3.3835207391251902,0.40621433592163836,533.0,440.0
18237356,Burger Singh,Connaught Place,True,500,6.2166061010848646,3.6,3.5795854786437316,3.3835207391251902,0.1960647395185413,1264.0,1062.0
303034,Cafe Coffee Day The Square,Connaught Place,True,700,6.55250788703459,3.6,3.5702744652446525,3.416650836170689,0.15362362907396365,1451.0,1225.0
18070476,Cafe Dalal Street,Connaught Place,True,1500,7.313886831633462,3.7,3.6814669530914403,3.4917458769774545,0.1897210761139858,1295.0,1088.0
18208892,Cafe Hawkers,Connaught Place,True,1200,7.0909098220799835,3.7,3.6763331450835284,3.4697535855565107,0.20657955952701768,1218.0,1020.0
18157403,Cafe Public Connection,Connaught Place,True,1200,7.0909098220799835,3.7,3.680648392695705,3.4697535855565107,0.21089480713919428,1183.0,991.0
18306523,Cafí© MRP,Connaught Place,True,800,6.68586094706836,3.6,3.5868385861234424,3.4298034897290544,0.15703509639438806,1437.0,1213.0
309664,Caffe Tonino,Connaught Place,True,1400,7.244941546337007,3.9,3.8826755997102493,3.4849457821633028,0.3977298175469466,548.0,451.0
302878,Cha Bar,Connaught Place,True,500,6.2166061010848646,3.9,3.8917396407835048,3.3835207391251902,0.5082189016583145,335.0,272.0
18237315,Chaayos,Connaught Place,True,400,5.993961427306569,3.9,3.84983681110132,3.3615612260845467,0.4882755850167735,361.0,294.0
305453,Chew - Pan Asian Cafe,Connaught Place,True,1700,7.438971592395862,3.9,3.886896944810091,3.50408302562123,0.3828139191888611,583.0,483.0
308804,China Garden,Connaught Place,True,1800,7.496097345175956,3.9,3.8506651940372616,3.5097173562874113,0.34094783774985027,709.0,594.0
311373,Desi Vibes,Connaught Place,True,1400,7.244941546337007,3.9,3.8697893603936038,3.4849457821633028,0.384843578230301,579.0,479.0
143,Domino's Pizza,Connaught Place,True,700,6.55250788703459,3.7,3.6556169629878115,3.416650836170689,0.2389661268171226,1070.0,895.0
308772,Dunkin' Donuts,Connaught Place,True,600,6.398594934535208,3.8,3.7312891585947106,3.4014703540590903,0.3298188045356203,740.0,618.0
7855,Dunkin' Donuts,Connaught Place,True,600,6.398594934535208,3.9,3.883763605525548,3.4014703540590903,0.48229325146645774,368.0,301.0
66,Embassy,Connaught Place,True,2000,7.601402334583733,3.5,3.4903477228480893,3.520103619964429,-0.029755897116339636,3358.0,3012.0
18235515,FLYP@MTV,Connaught Place,True,1200,7.0909098220799835,3.9,3.8811712400212235,3.4697535855565107,0.4114176544647128,522.0,429.0
18247029,GoGourmet,Connaught Place,True,600,6.398594934535208,3.7,3.5356974110606485,3.4014703540590903,0.13422705700155824,1563.0,1328.0
2298,Haldiram's,Connaught Place,True,550,6.311734809152915,3.9,3.877593775625256,3.3929033130260597,0.48469046259919635,364.0,297.0
310490,Indian Grill Company,Connaught Place,True,1300,7.170888478512505,3.7,3.6746852307411966,3.477641905178529,0.1970433255626678,1257.0,1055.0
1896,Jain Chawal Wale,Connaught Place,True,250,5.5254529391317835,3.8,3.7371786592865925,3.3153520889822103,0.4218265703043822,500.0,411.0
18157384,Jungle Jamboree,Connaught Place,True,1200,7.0909098220799835,3.8,3.7820216931727777,3.4697535855565107,0.312268107616267,784.0,657.0
2903,Kake Da Hotel,Connaught Place,True,600,6.398594934535208,3.5,3.4967379278201913,3.4014703540590903,0.09526757376110107,1812.0,1547.0
301653,Kebab Xpress,Connaught Place,True,600,6.398594934535208,3.5,3.4803041371629932,3.4014703540590903,0.07883378310390299,1950.0,1675.0
2195,KFC,Connaught Place,True,500,6.2166061010848646,3.7,3.664101955357789,3.3835207391251902,0.2805812162325987,909.0,755.0
7367,Khan Chacha,Connaught Place,True,650,6.478509642208569,3.7,3.6861975207999254,3.4093523663952126,0.2768451544047128,920.0,763.0
309586,Kinbuck 2,Connaught Place,True,1600,7.3783837129967145,3.9,3.8798595735957355,3.498107224335746,0.38175234925998947,586.0,485.0
18398577,La Americana,Connaught Place,True,450,6.111467339502679,3.7,3.510139230558972,3.3731508705500266,0.13698836000894543,1550.0,1316.0
18435302,Lady Baga,Connaught Place,True,1200,7.0909098220799835,3.7,3.6475844501543175,3.4697535855565107,0.17783086459780684,1354.0,1139.0
9747,Life Caffe,Connaught Place,True,1500,7.313886831633462,3.6,3.572301206250699,3.4917458769774545,0.0805553292732446,1931.0,1658.0
312603,Lord of the Drinks,Connaught Place,True,2200,7.696667081526462,3.9,3.889807631065318,3.529499611421586,0.3603080196437318,650.0,545.0
177,McDonald's,Connaught Place,True,500,6.2166061010848646,3.8,3.7496854250579115,3.3835207391251902,0.3661646859327212,632.0,530.0
9959,McDonald's,Connaught Place,True,500,6.2166061010848646,3.7,3.5911626162439965,3.3835207391251902,0.20764187711880622,1206.0,1010.0
17953940,Moets Arabica,Connaught Place,True,400,5.993961427306569,3.5,3.449392574654913,3.3615612260845467,0.08783134857036634,1866.0,1597.0
18441674,Mother India,Connaught Place,True,1400,7.244941546337007,3.9,3.666195919567891,3.4849457821633028,0.18125013740458806,1339.0,1127.0
307485,Mughlai Junction,Connaught Place,True,650,6.478509642208569,3.9,3.825104542479965,3.4093523663952126,0.41575217608475246,512.0,420.0
311057,My Bar Headquarters,Connaught Place,True,1000,6.90875477931522,3.7,3.6944140342433176,3.4517875773465194,0.24262645689679818,1053.0,880.0
309955,Nando's,Connaught Place,True,1200,7.0909098220799835,3.7,3.6911920261599525,3.4697535855565107,0.22143844060344176,1143.0,957.0
870,Nizam's Kathi Kabab,Connaught Place,True,900,6.803505257608338,3.8,3.7878522269338712,3.4414067844659977,0.34644544246787357,690.0,579.0
18265711,Oh My God,Connaught Place,True,1400,7.244941546337007,3.8,3.7471455066113157,3.4849457821633028,0.262199724448013,980.0,814.0
312601,Open House Cafe,Connaught Place,True,1700,7.438971592395862,3.8,3.7817833726183157,3.50408302562123,0.27770034699708557,914.0,759.0
3393,Parikrama - The Revolving Restaurant,Connaught Place,True,2400,7.783640596221253,3.8,3.7919695145180086,3.538077836077581,0.2538916784404277,1007.0,837.0
2504,Pind Balluchi,Connaught Place,True,1000,6.90875477931522,3.6,3.591781881827585,3.4517875773465194,0.13999430448106542,1533.0,1301.0
249,Pizza Hut,Connaught Place,True,1000,6.90875477931522,3.5,3.487648357203911,3.4517875773465194,0.035860779857391556,2383.0,2080.0
18423119,Playboy Cafe,Connaught Place,True,1100,7.00397413672268,3.7,3.6095901097899867,3.4611790920197736,0.14841101777021315,1477.0,1250.0
18255131,Privee',Connaught Place,True,5000,8.517393171418904,3.6,3.4892048250027954,3.6104480795252334,-0.121243254522438,4809.0,4388.0
306497,Punjabi By Nature,Connaught Place,True,1100,7.00397413672268,3.7,3.686906153831653,3.4611790920197736,0.22572706181187963,1124.0,942.0
308244,Quote - The Eclectic Bar and Lounge,Connaught Place,True,1700,7.438971592395862,3.5,3.484527666136534,3.50408302562123,-0.019555359484696222,3165.0,2826.0
1286,Rajdhani Thali Restaurant,Connaught Place,True,950,6.85751406254539,3.6,3.5896978281913,3.446733689602322,0.14296413858897816,1519.0,1288.0
4815,Route 04,Connaught Place,True,1350,7.208600337960199,3.5,3.496188562107901,3.4813614375404534,0.014827124567447836,2667.0,2351.0
310463,Sbarro,Connaught Place,True,600,6.398594934535208,3.5,3.494641566728167,3.4014703540590903,0.09317121266907691,1829.0,1564.0
5738,Shake Square,Connaught Place,True,400,5.993961427306569,3.7,3.687635695188356,3.3615612260845467,0.32607446910380933,754.0,630.0
302310,South Indian Snacks,Connaught Place,True,300,5.707110264748875,3.6,3.4768942500031055,3.3332690071959785,0.14362524280712696,1515.0,1284.0
5608,SSKY Bar & Lounge,Connaught Place,True,2800,7.937731775260109,3.5,3.4483158209241664,3.5532758967278943,-0.1049600758037279,4611.0,4208.0
307535,Starbucks,Connaught Place,True,700,6.55250788703459,3.8,3.7634151925961854,3.416650836170689,0.3467643564254965,689.0,578.0
302156,Subway,Connaught Place,True,500,6.2166061010848646,3.5,3.4775770176932537,3.3835207391251902,0.09405627856806342,1822.0,1557.0
18238278,Tamasha,Connaught Place,True,1600,7.3783837129967145,3.7,3.690763530135302,3.498107224335746,0.19265630579955584,1278.0,1072.0
905,Taste of China,Connaught Place,True,1200,7.0909098220799835,3.5,3.4806184328465624,3.4697535855565107,0.01086484729005166,2698.0,2377.0
18281985,Teddy Boy,Connaught Place,True,1200,7.0909098220799835,3.9,3.8748480175400446,3.4697535855565107,0.4050944319835339,535.0,442.0
307060,The Beer Cafe - BIGGIE,Connaught Place,True,1250,7.1316985104669115,3.8,3.7683177676517396,3.473776586508402,0.2945411811433378,862.0,715.0
18425735,The Flying Saucer Cafe,Connaught Place,True,1500,7.313886831633462,3.9,3.759961097657851,3.4917458769774545,0.26821522068039627,957.0,794.0
313256,The Junkyard Cafe,Connaught Place,True,1500,7.313886831633462,3.9,3.883132077007721,3.4917458769774545,0.39138620003026636,564.0,465.0
18337893,The Luggage Room Kitchen And Bar,Connaught Place,True,1400,7.244941546337007,3.5,3.434933310270602,3.4849457821633028,-0.05001247189270064,3741.0,3379.0
307190,The Rolling Joint,Connaught Place,True,450,6.111467339502679,3.9,3.8676833302287346,3.3731508705500266,0.49453245967870796,351.0,284.0
309790,The Vault Cafe,Connaught Place,True,1600,7.3783837129967145,3.9,3.892233544410834,3.498107224335746,0.39412632007508774,555.0,457.0
1800,Veda,Connaught Place,True,1600,7.3783837129967145,3.9,3.8763314531252706,3.498107224335746,0.37822422878952455,594.0,493.0
301605,Warehouse Cafe,Connaught Place,True,1500,7.313886831633462,3.7,3.696557028158434,3.4917458769774545,0.2048111511809796,1232.0,1033.0
3394,Zaffran,Connaught Place,True,1800,7.496097345175956,3.9,3.871904420846716,3.5097173562874113,0.3621870645593046,645.0,540.0
930,Zen,Connaught Place,True,1500,7.313886831633462,3.5,3.4932272590616242,3.4917458769774545,0.0014813820841697023,2833.0,2508.0
309073,Zizo,Connaught Place,True,1600,7.3783837129967145,3.9,3.87599333102706,3.498107224335746,0.37788610669131373,595.0,494.0
18241537,38 Barracks,Connaught Place,True,1600,7.3783837129967145,4.4,4.342196322553777,3.498107224335746,0.8440890982180309,65.0,55.0
309478,Ambrosia Bliss,Connaught Place,True,1800,7.496097345175956,4.0,3.986655134655881,3.5097173562874113,0.4769377783684696,378.0,308.0
7713,Ardor 2.1,Connaught Place,True,2000,7.601402334583733,4.1,4.0803810324867955,3.520103619964429,0.5602774125223666,272.0,218.0
301489,Barbeque Nation,Connaught Place,True,1600,7.3783837129967145,4.1,4.088581553299194,3.498107224335746,0.5904743289634475,233.0,184.0
18219558,Bikkgane Biryani,Connaught Place,True,800,6.68586094706836,4.1,4.0535013064008965,3.4298034897290544,0.6236978166718421,194.0,152.0
18216915,Biryani Blues,Connaught Place,True,1000,6.90875477931522,4.0,3.9431351176213014,3.4517875773465194,0.491347540274782,355.0,288.0
306913,Caffe 9,Connaught Place,True,2000,7.601402334583733,4.2,4.158824287871592,3.520103619964429,0.6387206679071635,178.0,143.0
307036,Excuse Me Boss,Connaught Place,True,1800,7.496097345175956,4.1,4.0567364749414,3.5097173562874113,0.5470191186539886,287.0,231.0
67,Fa Yian,Connaught Place,True,1200,7.0909098220799835,4.0,3.9310467044475215,3.4697535855565107,0.46129311889101077,418.0,340.0
18233593,Farzi Cafe,Connaught Place,True,2200,7.696667081526462,4.4,4.374190120919292,3.529499611421586,0.8446905094977057,64.0,54.0
310123,Fuji Japanese Restaurant,Connaught Place,True,2000,7.601402334583733,4.0,3.9119460685604084,3.520103619964429,0.3918424485959795,561.0,462.0
18198427,Healthy Routes,Connaught Place,True,800,6.68586094706836,4.0,3.922469587195872,3.4298034897290544,0.49266609746681755,353.0,286.0
18279449,HotMess,Connaught Place,True,1900,7.550135342488429,4.3,4.2605369530987325,3.5150471406767525,0.74548981242198,112.0,94.0
18237357,House of Commons,Connaught Place,True,1400,7.244941546337007,4.0,3.9431351176213014,3.4849457821633028,0.45818933545799867,430.0,351.0
18254558,Johnny Rockets,Connaught Place,True,1000,6.90875477931522,4.0,3.9516172461952928,3.4517875773465194,0.49982966884877333,344.0,279.0
18246991,Odeon Social,Connaught Place,True,1600,7.3783837129967145,4.1,4.081729347983221,3.498107224335746,0.583622123647475,239.0,189.0
309859,Pebble Street,Connaught Place,True,1800,7.496097345175956,4.0,3.9632939154160596,3.5097173562874113,0.45357655912864825,436.0,357.0
18294220,Piali - The Curry Bistro,Connaught Place,True,1200,7.0909098220799835,4.1,4.01829071436594,3.4697535855565107,0.5485371288094294,285.0,229.0
900,Saravana Bhavan,Connaught Place,True,500,6.2166061010848646,4.3,4.291096060285445,3.3835207391251902,0.9075753211602544,36.0,32.0
18294269,Smoke On Water,Connaught Place,True,1300,7.170888478512505,4.1,4.028900253392068,3.477641905178529,0.5512583482135396,281.0,225.0
301011,Starbucks,Connaught Place,True,700,6.55250788703459,4.1,4.085122680758437,3.416650836170689,0.6684718445877484,152.0,125.0
18423151,The Darzi Bar & Kitchen,Connaught Place,True,1500,7.313886831633462,4.1,3.83606137230437,3.4917458769774545,0.3443154953269154,699.0,587.0
18454488,The G.T. Road,Connaught Place,True,1500,7.313886831633462,4.3,3.9961603317013563,3.4917458769774545,0.5044144547239018,339.0,275.0
308579,The Town House Cafe,Connaught Place,True,2100,7.650168700845001,4.0,3.9861853675577175,3.524913461752629,0.46127190580508826,420.0,342.0
910,United Coffee House,Connaught Place,True,2200,7.696667081526462,4.1,4.080557779941869,3.529499611421586,0.5510581685202829,283.0,227.0
18216901,Unplugged Courtyard,Connaught Place,True,1600,7.3783837129967145,4.0,3.982408705451194,3.498107224335746,0.4843014811154478,365.0,298.0
301114,Wenger's Deli,Connaught Place,True,400,5.993961427306569,4.3,4.2691318265274285,3.3615612260845467,0.9075706004428818,37.0,33.0
4249,Wenger's,Connaught Place,True,400,5.993961427306569,4.3,4.2872287172390955,3.3615612260845467,0.9256674911545488,34.0,31.0
18222559,{Niche} - Cafe & Bar,Connaught Place,True,1500,7.313886831633462,4.1,4.032185823937722,3.4917458769774545,0.5404399469602672,294.0,238.0
303204,Chicken Minar,"Crescent Square Mall, Rohini",True,550,6.311734809152915,2.6,2.892162942462758,3.3929033130260597,-0.5007403705633018,6228.0,5566.0
8881,G Lounge,"Crescent Square Mall, Rohini",True,1900,7.550135342488429,3.2,3.245756362656219,3.5150471406767525,-0.2692907780205336,5686.0,5174.0
310435,Gyms Kook,"Crescent Square Mall, Rohini",True,1000,6.90875477931522,3.3,3.31329381349369,3.4517875773465194,-0.1384937638528294,4968.0,4536.0
309051,Burger Joint,"Crescent Square Mall, Rohini",True,300,5.707110264748875,3.5,3.4657865293441663,3.3332690071959785,0.1325175221481878,1576.0,1340.0
1258,Eleven to Eleven,"Cross River Mall, Karkardooma",True,800,6.68586094706836,3.1,3.1794356822600482,3.4298034897290544,-0.2503678074690061,5620.0,5126.0
2308,Le Chef,"Cross River Mall, Karkardooma",True,800,6.68586094706836,3.3,3.3137296762311883,3.4298034897290544,-0.11607381349786605,4746.0,4329.0
195,McDonald's,"Cross River Mall, Karkardooma",True,500,6.2166061010848646,3.4,3.381051831351647,3.3835207391251902,-0.0024689077735433607,2899.0,2570.0
307940,The Buffet Wagon,"Cross River Mall, Karkardooma",True,950,6.85751406254539,3.3,3.3166392764921024,3.446733689602322,-0.13009441311021952,4897.0,4471.0
2299,Haldiram's,"Cross River Mall, Karkardooma",True,600,6.398594934535208,3.5,3.4726034990613064,3.4014703540590903,0.07113314500221612,2024.0,1739.0
5997,Connexions Bar - Crowne Plaza,"Crowne Plaza Hotel, Rohini",True,2500,7.824445930877619,3.5,3.432523432873217,3.542102478856175,-0.10957904598295798,4668.0,4260.0
6030,Deli - Crowne Plaza,"Crowne Plaza Hotel, Rohini",True,1000,6.90875477931522,3.7,3.5432342270670407,3.4517875773465194,0.0914466497205213,1839.0,1573.0
307362,Lobby Lounge - Crowne Plaza,"Crowne Plaza, Mayur Vihar Phase 1",True,2000,7.601402334583733,3.2,3.3215168975460245,3.520103619964429,-0.19858672241840436,5372.0,4912.0
307361,Infinity - Crowne Plaza,"Crowne Plaza, Mayur Vihar Phase 1",True,3000,8.006700845440367,3.5,3.455564211892119,3.560078337452493,-0.1045141255603741,4605.0,4203.0
3105,Fiery Grills,"D Mall, Netaji Subhash Place",True,1000,6.90875477931522,3.3,3.311740797898633,3.4517875773465194,-0.14004677944788657,4982.0,4548.0
9960,McDonald's,"D Mall, Netaji Subhash Place",True,500,6.2166061010848646,3.4,3.3734725638923053,3.3835207391251902,-0.010048175232884926,3016.0,2682.0
18014114,Cafe Desire,"D Mall, Netaji Subhash Place",True,1000,6.90875477931522,3.5,3.455833519698833,3.4517875773465194,0.004045942352313592,2793.0,2469.0
3894,Haldiram's,"D Mall, Netaji Subhash Place",True,550,6.311734809152915,3.7,3.64505636897205,3.3929033130260597,0.25215305594599036,1014.0,844.0
306479,Kake Di Hatti,"D Mall, Netaji Subhash Place",True,400,5.993961427306569,3.5,3.482354796005587,3.3615612260845467,0.12079356992104051,1641.0,1398.0
3183,Akash Deep,Daryaganj,True,600,6.398594934535208,2.8,3.150812087666331,3.4014703540590903,-0.25065826639275945,5621.0,5127.0
5451,Al Saad Foods,Daryaganj,True,400,5.993961427306569,3.2,3.3215168975460245,3.3615612260845467,-0.040044328538522134,3539.0,3186.0
5464,Cafe Coffee Day,Daryaganj,True,450,6.111467339502679,2.8,3.1804581795817954,3.3731508705500266,-0.19269269096823116,5331.0,4875.0
3182,Chandrika,Daryaganj,True,400,5.993961427306569,2.9,3.3020460136419545,3.3615612260845467,-0.05951521244259217,3908.0,3537.0
18057826,Dawat-E-Chaman,Daryaganj,True,400,5.993961427306569,3.4,3.3746013909607178,3.3615612260845467,0.013040164876171101,2682.0,2365.0
18275791,Kallu Nihari,Daryaganj,True,150,5.017279836814924,3.0,3.3129551045510452,3.2652308187184387,0.04772428583260657,2254.0,1954.0
18261700,King Bikaneri,Daryaganj,True,400,5.993961427306569,2.9,3.3020460136419545,3.3615612260845467,-0.05951521244259217,3908.0,3537.0
18228864,Manchanda Bakery,Daryaganj,True,200,5.303304908059076,3.1,3.3160093114089033,3.2934415599652347,0.022567751443668627,2557.0,2244.0
310792,McDonald's,Daryaganj,True,500,6.2166061010848646,2.8,3.175174038198715,3.3835207391251902,-0.20834670092647523,5436.0,4973.0
18222587,Mehta Restaurant,Daryaganj,True,150,5.017279836814924,3.2,3.334773286369227,3.2652308187184387,0.06954246765078853,2038.0,1753.0
309530,Shree Jee Rasoi,Daryaganj,True,500,6.2166061010848646,3.0,3.2099089115891153,3.3835207391251902,-0.17361182753607496,5222.0,4771.0
5462,Taj Snacks,Daryaganj,True,200,5.303304908059076,3.0,3.3187505694501387,3.2934415599652347,0.025309009484904,2515.0,2206.0
3181,Zaika,Daryaganj,True,600,6.398594934535208,3.4,3.3885217824534015,3.4014703540590903,-0.012948571605688741,3049.0,2714.0
9912,Bagli's Kitchen,Daryaganj,True,500,6.2166061010848646,3.7,3.5724815727634884,3.3835207391251902,0.1889608336382982,1299.0,1092.0
3180,Bhaja Govindam,Daryaganj,True,700,6.55250788703459,3.8,3.7076156754214598,3.416650836170689,0.2909648392507709,877.0,729.0
4092,Changezi Chicken,Daryaganj,True,500,6.2166061010848646,3.7,3.669916427377302,3.3835207391251902,0.2863956882521119,894.0,744.0
18261683,Dilli Gate,Daryaganj,True,500,6.2166061010848646,3.5,3.402833743337433,3.3835207391251902,0.019313004212242912,2600.0,2286.0
4715,Jahangeer Foods,Daryaganj,True,600,6.398594934535208,3.8,3.672904802024899,3.4014703540590903,0.2714344479658086,937.0,778.0
481,Moti Mahal,Daryaganj,True,1100,7.00397413672268,3.6,3.5839638562504046,3.4611790920197736,0.122784764230631,1628.0,1385.0
302232,Nandlal Ka Dhaba,Daryaganj,True,500,6.2166061010848646,3.6,3.5228641186728327,3.3835207391251902,0.13934337954764242,1536.0,1302.0
1044,Sugandh,Daryaganj,True,400,5.993961427306569,3.7,3.538797459908561,3.3615612260845467,0.17723623382401454,1355.0,1140.0
3185,Suvidha Vegetarian,Daryaganj,True,350,5.860786223465865,3.6,3.5110403704402007,3.348426114537516,0.16261425590268486,1411.0,1191.0
303637,Domino's Pizza,Daryaganj,True,700,6.55250788703459,2.3,2.9359571697568825,3.416650836170689,-0.4806936664138064,6197.0,5542.0
304181,Delhi 6 - Royal Cuisine Of The Walled City,Daryaganj,True,500,6.2166061010848646,4.1,3.9853516585947104,3.3835207391251902,0.6018309194695202,218.0,171.0
308183,Food Hub,"DDA Market, Kalu Sarai, Hauz Khas",True,150,5.017279836814924,3.0,3.324764731137877,3.2652308187184387,0.059533912419438284,2121.0,1828.0
763,Aka Saka,Defence Colony,True,1200,7.0909098220799835,3.3,3.3111668033346997,3.4697535855565107,-0.158586782221811,5125.0,4685.0
7557,Anil Mishtan Wala,Defence Colony,True,100,4.61512051684126,3.1,3.3086869618696184,3.2255657205981403,0.08312124127147813,1906.0,1635.0
525,Barista,Defence Colony,True,650,6.478509642208569,3.3,3.3205945143467823,3.4093523663952126,-0.08875785204843023,4373.0,3982.0
7561,Cafe 1 Fast Food,Defence Colony,True,200,5.303304908059076,3.0,3.282172635250942,3.2934415599652347,-0.011268924714292528,3028.0,2693.0
18387105,Cake Central - Premier Cake Design Studio,Defence Colony,True,300,5.707110264748875,3.4,3.361492431456572,3.3332690071959785,0.028223424260593433,2482.0,2176.0
18451576,Chawla's Tandoori Junction,Defence Colony,True,600,6.398594934535208,3.3,3.330640618906189,3.4014703540590903,-0.07082973515290147,4095.0,3719.0
580,Chawnsan Chef,Defence Colony,True,700,6.55250788703459,3.4,3.384395625819003,3.416650836170689,-0.03225521035168599,3401.0,3054.0
308703,Choco Kraft,Defence Colony,True,300,5.707110264748875,3.2,3.3215168975460245,3.3332690071959785,-0.01175210964995399,3032.0,2697.0
60,Colonel's Kababz,Defence Colony,True,900,6.803505257608338,3.2,3.2114214649465445,3.4414067844659977,-0.22998531951945322,5527.0,5050.0
305123,Confectionately Seerat's,Defence Colony,True,600,6.398594934535208,3.2,3.3195569475856046,3.4014703540590903,-0.08191340647348566,4267.0,3880.0
18265689,Country Curries,Defence Colony,True,700,6.55250788703459,2.7,3.25986896053171,3.416650836170689,-0.15678187563897872,5110.0,4670.0
199,Domino's Pizza,Defence Colony,True,700,6.55250788703459,2.5,2.828445124018169,3.416650836170689,-0.5882057121525199,6329.0,5644.0
756,Duggal's Rasoi,Defence Colony,True,600,6.398594934535208,3.4,3.3715777470274695,3.4014703540590903,-0.029892607031620777,3361.0,3015.0
309801,Firefly India,Defence Colony,True,500,6.2166061010848646,3.4,3.3632697038508845,3.3835207391251902,-0.020251035274305718,3177.0,2837.0
18433907,Fluffles - The Fluffy Waffle Co.,Defence Colony,True,300,5.707110264748875,2.5,3.244866620541205,3.3332690071959785,-0.0884023866547734,4361.0,3970.0
311511,Giani's,Defence Colony,True,400,5.993961427306569,2.8,3.160167076670766,3.3615612260845467,-0.20139414941378053,5385.0,4925.0
308279,Giani,Defence Colony,True,400,5.993961427306569,3.3,3.33221193269625,3.3615612260845467,-0.029349293388296616,3350.0,3004.0
7621,Green Chick Chop,Defence Colony,True,350,5.860786223465865,2.7,3.190962011543192,3.348426114537516,-0.15746410299432378,5116.0,4676.0
306779,Gulshan Fish & Chicken Fry,Defence Colony,True,450,6.111467339502679,3.2,3.317659218258849,3.3731508705500266,-0.05549165229117747,3837.0,3468.0
312980,Kitchen22,Defence Colony,True,500,6.2166061010848646,3.1,3.312285012936336,3.3835207391251902,-0.0712357261888541,4107.0,3731.0
18222580,La Chocoallure,Defence Colony,True,250,5.5254529391317835,2.9,3.2948666205412054,3.3153520889822103,-0.02048546844100496,3188.0,2848.0
2878,Little Dragon,Defence Colony,True,300,5.707110264748875,2.9,3.046440600995414,3.3332690071959785,-0.2868284062005646,5741.0,5220.0
8902,Maddi Sweet Centre,Defence Colony,True,150,5.017279836814924,3.2,3.3044018415536267,3.2652308187184387,0.03917102283518803,2347.0,2047.0
18374707,Man Vs Food The Kitchen,Defence Colony,True,600,6.398594934535208,3.1,3.312285012936336,3.4014703540590903,-0.08918534112275411,4380.0,3989.0
678,MB's,Defence Colony,True,1600,7.3783837129967145,3.1,3.169562320623206,3.498107224335746,-0.32854490371253986,5874.0,5321.0
3568,Moet's Sizzlers,Defence Colony,True,1600,7.3783837129967145,3.0,3.031582625229922,3.498107224335746,-0.4665245991058242,6176.0,5529.0
18354969,Oberoi's,Defence Colony,True,450,6.111467339502679,3.2,3.330044399128201,3.3731508705500266,-0.04310647142182544,3608.0,3255.0
313242,Punjabee's Darbar,Defence Colony,True,550,6.311734809152915,3.3,3.3369489816221685,3.3929033130260597,-0.05595433140389128,3849.0,3480.0
309838,Qureshi's Kabab Corner,Defence Colony,True,600,6.398594934535208,3.4,3.3715777470274695,3.4014703540590903,-0.029892607031620777,3361.0,3015.0
437,Saleem's Restaurant,Defence Colony,True,600,6.398594934535208,3.2,3.2726718701010538,3.4014703540590903,-0.1287984839580365,4882.0,4458.0
18303851,Suri Saab Restaurant,Defence Colony,True,600,6.398594934535208,3.0,3.195596940344403,3.4014703540590903,-0.20587341371468737,5417.0,4954.0
307500,The Sweet Boutique,Defence Colony,True,300,5.707110264748875,3.3,3.3339531182473983,3.3332690071959785,0.0006841110514197446,2842.0,2517.0
736,Tibb's Frankie,Defence Colony,True,300,5.707110264748875,3.2,3.2962666331208763,3.3332690071959785,-0.03700237407510221,3496.0,3146.0
18294230,Veg Ex,Defence Colony,True,500,6.2166061010848646,3.4,3.3743282876377148,3.3835207391251902,-0.009192451487475495,3007.0,2673.0
7851,Zaaika Junction,Defence Colony,True,500,6.2166061010848646,2.6,2.9505955309553094,3.3835207391251902,-0.4329252081698809,6116.0,5486.0
2437,28 Capri Italy,Defence Colony,True,1500,7.313886831633462,3.9,3.8085460229602295,3.4917458769774545,0.31680014598277495,771.0,646.0
573,4S Chinese Restaurant,Defence Colony,True,700,6.55250788703459,3.5,3.4723959498117707,3.416650836170689,0.05574511364108181,2162.0,1866.0
9706,Amici Cafe,Defence Colony,True,1200,7.0909098220799835,3.6,3.571982829311052,3.4697535855565107,0.10222924375454134,1768.0,1504.0
1507,Angels in my Kitchen,Defence Colony,True,350,5.860786223465865,3.8,3.7568026144406828,3.348426114537516,0.40837649990316693,527.0,434.0
302655,Arabian Delites,Defence Colony,True,600,6.398594934535208,3.6,3.5375001576938843,3.4014703540590903,0.136029803634794,1555.0,1321.0
705,Baskin Robbins,Defence Colony,True,300,5.707110264748875,3.7,3.5356974110606485,3.3332690071959785,0.20242840386466998,1236.0,1036.0
1395,Cafe Brown Sugar,Defence Colony,True,1000,6.90875477931522,3.7,3.661076379841247,3.4517875773465194,0.20928880249472748,1191.0,998.0
18418273,Chakhnaa Wala,Defence Colony,True,400,5.993961427306569,3.5,3.3861332929735544,3.3615612260845467,0.024572066889007704,2526.0,2215.0
2067,Cocoberry,Defence Colony,True,300,5.707110264748875,3.6,3.531913579610656,3.3332690071959785,0.1986445724146777,1254.0,1052.0
3492,Concept,Defence Colony,True,600,6.398594934535208,3.9,3.8231786592865924,3.4014703540590903,0.42170830522750213,501.0,412.0
576,Deez Biryani & Kebabs,Defence Colony,True,800,6.68586094706836,3.7,3.6558463326881334,3.4298034897290544,0.22604284295907906,1122.0,940.0
311211,Def Col Social,Defence Colony,True,1600,7.3783837129967145,3.9,3.8682556443333027,3.498107224335746,0.37014841999755665,615.0,513.0
311661,Dí_ner Grill,Defence Colony,True,900,6.803505257608338,3.8,3.7087656877606117,3.4414067844659977,0.267358903294614,962.0,798.0
566,Hong Kong Express,Defence Colony,True,700,6.55250788703459,3.8,3.7102552275522753,3.416650836170689,0.29360439138158645,867.0,719.0
556,Kent's Fast Food,Defence Colony,True,500,6.2166061010848646,3.7,3.679033780061727,3.3835207391251902,0.29551304093653696,858.0,712.0
18322644,Koyla Kebab,Defence Colony,True,700,6.55250788703459,3.6,3.4660717664868956,3.416650836170689,0.04942093031620676,2244.0,1944.0
17953931,Meraki Cafe & Bar,Defence Colony,True,1400,7.244941546337007,3.6,3.535173035905891,3.4849457821633028,0.050227253742588296,2233.0,1933.0
18396187,Milk Patisserie,Defence Colony,True,300,5.707110264748875,3.8,3.498801791100102,3.3332690071959785,0.16553278390412363,1395.0,1176.0
730,Moets Curry Leaf,Defence Colony,True,1500,7.313886831633462,3.5,3.471644088522597,3.4917458769774545,-0.020101788454857328,3174.0,2834.0
18247032,Moets Oh! Bao,Defence Colony,True,1200,7.0909098220799835,3.6,3.5176522347993755,3.4697535855565107,0.0478986492428648,2251.0,1951.0
570,Moets Shack,Defence Colony,True,1800,7.496097345175956,3.7,3.6737115857697042,3.5097173562874113,0.16399422948229292,1406.0,1186.0
760,Moets Stone,Defence Colony,True,2000,7.601402334583733,3.8,3.7454405229536167,3.520103619964429,0.22533690298918785,1126.0,944.0
134,Moti Mahal Delux,Defence Colony,True,1000,6.90875477931522,3.8,3.677164976258701,3.4517875773465194,0.22537739891218145,1125.0,943.0
3039,Nizam's Kathi Kabab,Defence Colony,True,900,6.803505257608338,3.8,3.737535598722464,3.4414067844659977,0.2961288142564662,854.0,711.0
310816,NYC.PIE,Defence Colony,True,900,6.803505257608338,3.8,3.7380634669022745,3.4414067844659977,0.29665668243627685,852.0,709.0
304735,Raro,Defence Colony,True,800,6.68586094706836,3.7,3.651593571530616,3.4298034897290544,0.22179008180156146,1141.0,955.0
306,Sagar Ratna,Defence Colony,True,600,6.398594934535208,3.7,3.652135940477052,3.4014703540590903,0.2506655864179619,1019.0,848.0
312586,Subway,Defence Colony,True,500,6.2166061010848646,3.6,3.508364892859455,3.3835207391251902,0.12484415373426483,1615.0,1374.0
451,Swagath,Defence Colony,True,1500,7.313886831633462,3.9,3.8663064295116634,3.4917458769774545,0.37456055253420883,604.0,502.0
18254518,The Jugaad Cafe Bar,Defence Colony,True,1800,7.496097345175956,3.8,3.723388608886089,3.5097173562874113,0.2136712525986777,1176.0,986.0
9569,Mehfil,Defence Colony,True,600,6.398594934535208,2.4,2.9549110803608034,3.4014703540590903,-0.44655927369828685,6141.0,5505.0
305269,Bonne Bouche,Defence Colony,True,1750,7.467942332285852,4.1,4.051727014145142,3.506940418657476,0.5447865954876656,289.0,233.0
18415346,Cafe Yell,Defence Colony,True,1000,6.90875477931522,4.4,3.8809346540435103,3.4517875773465194,0.4291470766969909,481.0,394.0
4268,Defence Bakery,Defence Colony,True,400,5.993961427306569,4.1,4.039856607787389,3.3615612260845467,0.6782953817028421,147.0,120.0
18350143,Desi Vibes,Defence Colony,True,1500,7.313886831633462,4.0,3.862985046337532,3.4917458769774545,0.3712391693600776,612.0,510.0
18161723,Ek Bar,Defence Colony,True,1700,7.438971592395862,4.1,3.9739262225096477,3.50408302562123,0.4698431968884176,398.0,324.0
18232097,Hwealthcafe,Defence Colony,True,800,6.68586094706836,4.1,3.9651195983467185,3.4298034897290544,0.5353161086176641,302.0,244.0
309882,Kathputli,Defence Colony,True,900,6.803505257608338,4.1,4.055149793093285,3.4414067844659977,0.6137430086272877,201.0,158.0
303215,Kulfiano,Defence Colony,True,200,5.303304908059076,4.0,3.85418592087297,3.2934415599652347,0.5607443609077354,270.0,216.0
18400744,Number 31,Defence Colony,True,1600,7.3783837129967145,4.2,3.8286833102706024,3.498107224335746,0.3305760859348563,734.0,613.0
312567,RoadRomeo,Defence Colony,True,1650,7.409136443920128,4.0,3.937549176326734,3.501140375698803,0.43640880062793075,468.0,382.0
305,Sagar Ratna,Defence Colony,True,600,6.398594934535208,4.0,3.9617479311074697,3.4014703540590903,0.5602775770483794,271.0,217.0
18363787,The Culinary Pitaara,Defence Colony,True,900,6.803505257608338,4.2,3.9111981302104684,3.4414067844659977,0.4697913457444707,399.0,325.0
305646,Whipped,Defence Colony,True,550,6.311734809152915,4.2,4.101217412708569,3.3929033130260597,0.708314099682509,127.0,103.0
6953,A Vaishno Bhojnalaya,Delhi University-GTB Nagar,True,100,4.61512051684126,3.1,3.2578529583372755,3.2255657205981403,0.03228723773913522,2419.0,2113.0
7691,Aim Delhi Cafe,Delhi University-GTB Nagar,True,400,5.993961427306569,3.4,3.3797672097483686,3.3615612260845467,0.01820598366382198,2615.0,2300.0
3252,Apni Rasoi,Delhi University-GTB Nagar,True,400,5.993961427306569,2.8,2.970965384495617,3.3615612260845467,-0.39059584158892946,6024.0,5420.0
18400732,Blue Bull Cafe,Delhi University-GTB Nagar,True,800,6.68586094706836,2.8,3.2220707929735544,3.4298034897290544,-0.2077326967555,5431.0,4968.0
18337757,Cafe Bethak,Delhi University-GTB Nagar,True,600,6.398594934535208,3.4,3.3809002460024593,3.4014703540590903,-0.020570108056630954,3191.0,2850.0
9014,Cafe Coffee Day,Delhi University-GTB Nagar,True,450,6.111467339502679,3.4,3.3748687447400787,3.3731508705500266,0.0017178741900520933,2829.0,2504.0
9453,Cafe Coffee Day,Delhi University-GTB Nagar,True,450,6.111467339502679,3.2,3.2545039025757907,3.3731508705500266,-0.1186469679742359,4779.0,4361.0
18273614,Chakhlo Food Court,Delhi University-GTB Nagar,True,300,5.707110264748875,2.6,2.991622667556462,3.3332690071959785,-0.3416463396395164,5910.0,5346.0
6625,Domino's Pizza,Delhi University-GTB Nagar,True,700,6.55250788703459,2.5,2.7640033591791613,3.416650836170689,-0.6526474769915276,6388.0,5695.0
300869,Frontier,Delhi University-GTB Nagar,True,200,5.303304908059076,3.0,3.301974223689605,3.2934415599652347,0.008532663724370337,2730.0,2406.0
18256980,Good Foods,Delhi University-GTB Nagar,True,300,5.707110264748875,3.3,3.329911080360803,3.3332690071959785,-0.003357926835175551,2910.0,2580.0
2279,Grain Bell Restaurant,Delhi University-GTB Nagar,True,450,6.111467339502679,2.8,3.0077886980792883,3.3731508705500266,-0.3653621724707383,5960.0,5380.0
307894,Green Chick Chop,Delhi University-GTB Nagar,True,350,5.860786223465865,3.1,3.20175645248188,3.348426114537516,-0.1466696620556358,5036.0,4599.0
6949,Grover's - The Baker Shop,Delhi University-GTB Nagar,True,100,4.61512051684126,3.0,3.25690344403444,3.2255657205981403,0.031337723436299925,2436.0,2130.0
311962,Hookups Cafe & Lounge,Delhi University-GTB Nagar,True,850,6.7464121285733745,3.3,3.3155094490759716,3.435775671489889,-0.12026622241391749,4805.0,4384.0
9433,Jai Hind Dairy,Delhi University-GTB Nagar,True,100,4.61512051684126,2.8,3.30023205093162,3.2255657205981403,0.0746663303334798,1991.0,1708.0
4065,Kaveri,Delhi University-GTB Nagar,True,300,5.707110264748875,3.3,3.3251253075030744,3.3332690071959785,-0.008143699692904072,2984.0,2650.0
5767,Khushboo Vaishno Dhaba,Delhi University-GTB Nagar,True,150,5.017279836814924,2.9,3.309491310190879,3.2652308187184387,0.04426049147244049,2295.0,1995.0
7681,Korea Restaurant,Delhi University-GTB Nagar,True,900,6.803505257608338,3.0,3.1313933645061636,3.4414067844659977,-0.3100134199598341,5813.0,5273.0
18395106,Kukkad Nukkad,Delhi University-GTB Nagar,True,600,6.398594934535208,3.0,3.282172635250942,3.4014703540590903,-0.1192977188081481,4787.0,4367.0
5436,Metro Fast Food,Delhi University-GTB Nagar,True,350,5.860786223465865,2.6,3.090833743337433,3.348426114537516,-0.25759237120008294,5642.0,5140.0
18370586,Mughlai Flavours,Delhi University-GTB Nagar,True,300,5.707110264748875,3.2,3.312311071974356,3.3332690071959785,-0.02095793522162248,3199.0,2858.0
306847,Pitstop,Delhi University-GTB Nagar,True,600,6.398594934535208,3.3,3.3187502294799063,3.4014703540590903,-0.08272012457918398,4290.0,3901.0
4857,Pizza Hut,Delhi University-GTB Nagar,True,1000,6.90875477931522,3.4,3.387565264324518,3.4517875773465194,-0.06422231302200121,3978.0,3605.0
4088,Prince Snacks & Momo's Point,Delhi University-GTB Nagar,True,300,5.707110264748875,3.4,3.3728696676171306,3.3332690071959785,0.03960066042115207,2344.0,2044.0
9969,Qash Retro Bar,Delhi University-GTB Nagar,True,2000,7.601402334583733,2.7,2.945481005771596,3.520103619964429,-0.5746226141928328,6316.0,5633.0
307106,Red Chillies,Delhi University-GTB Nagar,True,250,5.5254529391317835,3.3,3.321292633477182,3.3153520889822103,0.005940544494971611,2776.0,2452.0
5909,Samrat Bakers,Delhi University-GTB Nagar,True,200,5.303304908059076,2.6,3.1663466269278073,3.2934415599652347,-0.12709493303742736,4862.0,4440.0
2287,Samrat Restaurant,Delhi University-GTB Nagar,True,700,6.55250788703459,3.4,3.389245634010394,3.416650836170689,-0.027405202160295072,3305.0,2961.0
2288,Shammi Bhai Lassi Wala,Delhi University-GTB Nagar,True,400,5.993961427306569,3.2,3.2788567101096535,3.3615612260845467,-0.08270451597489314,4285.0,3896.0
312391,Shooters Lounge and Bar,Delhi University-GTB Nagar,True,1100,7.00397413672268,2.7,3.022348795457651,3.4611790920197736,-0.4388302965621227,6127.0,5494.0
302370,Singh Ching,Delhi University-GTB Nagar,True,600,6.398594934535208,3.4,3.394984308298965,3.4014703540590903,-0.006486045760125236,2947.0,2613.0
9779,Southy,Delhi University-GTB Nagar,True,450,6.111467339502679,2.6,2.7968584532102008,3.3731508705500266,-0.5762924173398258,6319.0,5635.0
307387,Take n Taste Shawarma Zone,Delhi University-GTB Nagar,True,100,4.61512051684126,3.0,3.2732147738144044,3.2255657205981403,0.047649053216264114,2258.0,1958.0
18350499,The Night Owl,Delhi University-GTB Nagar,True,450,6.111467339502679,2.8,3.0701253075030746,3.3731508705500266,-0.30302556304695205,5790.0,5256.0
2290,Tilak's The Diners,Delhi University-GTB Nagar,True,700,6.55250788703459,3.1,3.1687850879905444,3.416650836170689,-0.2478657481801445,5611.0,5120.0
18161577,Spezia Bistro,Delhi University-GTB Nagar,True,900,6.803505257608338,4.6,4.54536833102706,3.4414067844659977,1.1039615465610622,13.0,11.0
6647,Cent Percent The Pastry Shop,Delhi University-GTB Nagar,True,250,5.5254529391317835,3.6,3.5603014030954645,3.3153520889822103,0.24494931411325416,1046.0,874.0
313267,For God's Cake,Delhi University-GTB Nagar,True,250,5.5254529391317835,3.9,3.853801599227332,3.3153520889822103,0.5384495102451217,296.0,240.0
5455,Laxmi Ice Cream,Delhi University-GTB Nagar,True,150,5.017279836814924,3.7,3.5796657095092077,3.2652308187184387,0.31443489079076903,776.0,650.0
3401,Mirch Masala MM Cafe,Delhi University-GTB Nagar,True,550,6.311734809152915,3.7,3.6679409582557367,3.3929033130260597,0.275037645229677,922.0,765.0
18456762,Moh Maya Cafe,Delhi University-GTB Nagar,True,1000,6.90875477931522,3.7,3.525638068880689,3.4517875773465194,0.07385049153416956,2001.0,1718.0
4825,QD's Restaurant,Delhi University-GTB Nagar,True,800,6.68586094706836,3.9,3.8903038336640132,3.4298034897290544,0.46050034393495887,422.0,344.0
311674,SuperHero Cafe,Delhi University-GTB Nagar,True,550,6.311734809152915,3.8,3.7627331029666222,3.3929033130260597,0.3698297899405625,619.0,517.0
6646,Suresh Fast Food,Delhi University-GTB Nagar,True,250,5.5254529391317835,3.7,3.577946648216482,3.3153520889822103,0.2625945592342718,979.0,813.0
304307,Wood Box Cafe,Delhi University-GTB Nagar,True,650,6.478509642208569,3.8,3.7891097230065913,3.4093523663952126,0.37975735661137877,589.0,488.0
300883,Sagar Ratna,Delhi University-GTB Nagar,True,600,6.398594934535208,2.4,2.6378190344403443,3.4014703540590903,-0.763651319618746,6441.0,5747.0
3036,Slice of Italy,Delhi University-GTB Nagar,True,700,6.55250788703459,2.4,2.636611831219835,3.416650836170689,-0.7800390049508539,6450.0,5756.0
18342940,Bakar The Cafe,Delhi University-GTB Nagar,True,400,5.993961427306569,4.1,3.8707033171894216,3.3615612260845467,0.509142091104875,333.0,270.0
6144,Indus Flavour,Delhi University-GTB Nagar,True,700,6.55250788703459,4.1,4.074398137299586,3.416650836170689,0.6577473011288975,161.0,134.0
18365861,Raw Creams,Delhi University-GTB Nagar,True,250,5.5254529391317835,4.3,4.073231857318572,3.3153520889822103,0.7578797683363621,103.0,86.0
304262,Ricos,Delhi University-GTB Nagar,True,900,6.803505257608338,4.3,4.288754845367757,3.4414067844659977,0.8473480609017594,63.0,53.0
312345,The Hudson Cafe,Delhi University-GTB Nagar,True,850,6.7464121285733745,4.4,4.367599325819866,3.435775671489889,0.9318236543299774,32.0,29.0
306407,YOLO 21,Delhi University-GTB Nagar,True,700,6.55250788703459,4.2,4.173595257619243,3.416650836170689,0.7569444214485541,104.0,87.0
7777,Assam Food Stall,"Dilli Haat, INA",True,400,5.993961427306569,2.8,3.087367348407526,3.3615612260845467,-0.27419387767702075,5699.0,5186.0
3167,Darbar E Awadh,"Dilli Haat, INA",True,750,6.621405651764134,3.2,3.298833743337433,3.423446244016628,-0.12461250067919494,4836.0,4414.0
302555,Hotel Tamil Nadu,"Dilli Haat, INA",True,350,5.860786223465865,3.1,3.2985892056501207,3.348426114537516,-0.049836908887395115,3737.0,3375.0
309841,Incrivel Goa,"Dilli Haat, INA",True,700,6.55250788703459,2.5,3.0347760352603523,3.416650836170689,-0.38187480091033654,6000.0,5405.0
3158,Lakshadweep,"Dilli Haat, INA",True,200,5.303304908059076,2.8,3.2502088458384577,3.2934415599652347,-0.04323271412677698,3611.0,3257.0
7814,Odisha,"Dilli Haat, INA",True,450,6.111467339502679,3.1,3.2219062450525495,3.3731508705500266,-0.15124462549747708,5067.0,4628.0
7770,Rajasthan Food Stall No. 1,"Dilli Haat, INA",True,400,5.993961427306569,3.4,3.3797672097483686,3.3615612260845467,0.01820598366382198,2615.0,2300.0
7789,Shillong View,"Dilli Haat, INA",True,350,5.860786223465865,3.0,3.202500361768323,3.348426114537516,-0.14592575276919284,5031.0,4595.0
302537,Wazwan,"Dilli Haat, INA",True,700,6.55250788703459,3.1,3.2323928037667473,3.416650836170689,-0.18425803240394156,5280.0,4827.0
7790,Zayaka,"Dilli Haat, INA",True,450,6.111467339502679,2.8,3.2739040482510084,3.3731508705500266,-0.09924682229901816,4529.0,4131.0
18025092,Bihar ki Rasoi,"Dilli Haat, INA",True,500,6.2166061010848646,3.5,3.405357542211785,3.3835207391251902,0.02183680308659497,2573.0,2260.0
7768,Bijoli Grill,"Dilli Haat, INA",True,800,6.68586094706836,3.7,3.6260282716463523,3.4298034897290544,0.19622478191729797,1261.0,1059.0
302264,Maharashtra Food Stall,"Dilli Haat, INA",True,350,5.860786223465865,3.6,3.514172751762729,3.348426114537516,0.165746637225213,1393.0,1174.0
300975,Manipur Food Stall,"Dilli Haat, INA",True,450,6.111467339502679,3.6,3.499277113638905,3.3731508705500266,0.12612624308887854,1606.0,1366.0
7772,Momo Mia,"Dilli Haat, INA",True,400,5.993961427306569,3.8,3.6906096057229227,3.3615612260845467,0.3290483796383761,743.0,621.0
7834,Mother Dairy Ice Cream,"Dilli Haat, INA",True,250,5.5254529391317835,3.5,3.392831334563345,3.3153520889822103,0.07747924558113484,1963.0,1686.0
302542,Nagaland,"Dilli Haat, INA",True,800,6.68586094706836,3.7,3.611002764324518,3.4298034897290544,0.1811992745954636,1340.0,1128.0
7774,Navdanya Organic Food Cafe,"Dilli Haat, INA",True,450,6.111467339502679,3.5,3.400171654113801,3.3731508705500266,0.027020783563774575,2496.0,2188.0
7769,Tashi Delek Food Stall,"Dilli Haat, INA",True,400,5.993961427306569,3.5,3.4077535538013604,3.3615612260845467,0.0461923277168137,2275.0,1975.0
7788,Punjabi Rasoi,"Dilli Haat, INA",True,700,6.55250788703459,2.3,2.952057351269715,3.416650836170689,-0.46459348490097385,6173.0,5527.0
309037,Aggarwal Bikaner Sweets,Dilshad Garden,True,350,5.860786223465865,3.0,3.2967677715570254,3.348426114537516,-0.051658342980490435,3764.0,3400.0
18454058,Angels Kitchen,Dilshad Garden,True,500,6.2166061010848646,3.2,3.3256361144119913,3.3835207391251902,-0.057884624713198995,3872.0,3502.0
312579,Bedi's Kabab Corner,Dilshad Garden,True,500,6.2166061010848646,3.2,3.3158207929735544,3.3835207391251902,-0.06769994615163588,4052.0,3678.0
18398753,Bravo Diet Food and Nutrition,Dilshad Garden,True,300,5.707110264748875,3.0,3.307366620541205,3.3332690071959785,-0.0259023866547734,3282.0,2938.0
301313,Chacha Chicken,Dilshad Garden,True,600,6.398594934535208,2.8,3.2657332887984047,3.4014703540590903,-0.13573706526068552,4945.0,4515.0
301305,Chao Cart,Dilshad Garden,True,350,5.860786223465865,3.3,3.331018898151944,3.348426114537516,-0.017407216385571633,3137.0,2801.0
18124346,Chimney,Dilshad Garden,True,400,5.993961427306569,2.9,3.317217561326556,3.3615612260845467,-0.04434366475799045,3630.0,3274.0
310664,Chutneez Ishtyle Bar and Dining,Dilshad Garden,True,1200,7.0909098220799835,3.3,3.3239288642886424,3.4697535855565107,-0.14582472126786827,5030.0,4594.0
6266,Deep Chicken Point,Dilshad Garden,True,600,6.398594934535208,3.0,3.2648081653893457,3.4014703540590903,-0.13666218866974456,4955.0,4524.0
5060,Domino's Pizza,Dilshad Garden,True,700,6.55250788703459,3.3,3.3184744908110844,3.416650836170689,-0.09817634535960451,4512.0,4114.0
312566,Govind Dhaba,Dilshad Garden,True,200,5.303304908059076,3.4,3.3728696676171306,3.2934415599652347,0.0794281076518959,1943.0,1668.0
18368621,Huddle Cafe,Dilshad Garden,True,250,5.5254529391317835,3.4,3.366840704865382,3.3153520889822103,0.05148861588317155,2209.0,1909.0
310319,Kovilakam,Dilshad Garden,True,400,5.993961427306569,3.2,3.3235421791717914,3.3615612260845467,-0.03801904691275526,3511.0,3158.0
302497,Mathur's Kitchen,Dilshad Garden,True,450,6.111467339502679,2.6,3.1751957929735544,3.3731508705500266,-0.19795507757647224,5367.0,4908.0
302528,McDonald's,Dilshad Garden,True,500,6.2166061010848646,3.3,3.3220397434237494,3.3835207391251902,-0.06148099570144083,3941.0,3570.0
305209,New South Indian Hut,Dilshad Garden,True,300,5.707110264748875,3.1,3.319866620541205,3.3332690071959785,-0.013402386654773668,3061.0,2725.0
313046,Night Bite,Dilshad Garden,True,500,6.2166061010848646,2.6,3.184325884925516,3.3835207391251902,-0.19919485419967442,5375.0,4915.0
313473,Pizza Station,Dilshad Garden,True,300,5.707110264748875,3.0,3.307366620541205,3.3332690071959785,-0.0259023866547734,3282.0,2938.0
9817,Pummy Restaurant,Dilshad Garden,True,500,6.2166061010848646,2.7,3.206548107147738,3.3835207391251902,-0.17697263197745228,5238.0,4786.0
18255138,Republic of Chicken,Dilshad Garden,True,400,5.993961427306569,3.0,3.324764731137877,3.3615612260845467,-0.0367964949466697,3478.0,3128.0
309727,Salt N' Pepper,Dilshad Garden,True,500,6.2166061010848646,2.7,2.841205888275697,3.3835207391251902,-0.5423148508494933,6284.0,5608.0
18204499,Shahi Zaikaa,Dilshad Garden,True,800,6.68586094706836,3.0,3.3129551045510452,3.4298034897290544,-0.1168483851780091,4756.0,4338.0
311187,Shubham,Dilshad Garden,True,350,5.860786223465865,2.7,3.062642394889858,3.348426114537516,-0.2857837196476578,5736.0,5217.0
301498,South Indian Corner,Dilshad Garden,True,200,5.303304908059076,3.3,3.3330596151356247,3.2934415599652347,0.039618055170389965,2343.0,2043.0
18378033,Sultan Food,Dilshad Garden,True,300,5.707110264748875,3.1,3.2954369960366265,3.3332690071959785,-0.037832011159351975,3506.0,3153.0
309043,Uncle Bakery,Dilshad Garden,True,100,4.61512051684126,3.1,3.2923832929735544,3.2255657205981403,0.06681757237541408,2063.0,1773.0
308509,Urban Chopstick,Dilshad Garden,True,400,5.993961427306569,2.6,2.9718437449526007,3.3615612260845467,-0.38971748113194593,6019.0,5417.0
6242,Urban Kabab,Dilshad Garden,True,600,6.398594934535208,3.1,3.184332402399366,3.4014703540590903,-0.21713795165972405,5468.0,5000.0
303994,Urban Punjab,Dilshad Garden,True,600,6.398594934535208,3.2,3.2487666496730756,3.4014703540590903,-0.15270370438601466,5082.0,4643.0
9002,Haldiram's,Dilshad Garden,True,600,6.398594934535208,3.5,3.446806793797865,3.4014703540590903,0.04533643973877455,2281.0,1981.0
307364,Pizza Hut Delivery,Dilshad Garden,True,800,6.68586094706836,3.6,3.521875197117356,3.4298034897290544,0.0920717073883015,1832.0,1567.0
18153563,Slice of Italy,Dilshad Garden,True,700,6.55250788703459,2.3,2.7859672712293158,3.416650836170689,-0.6306835649413731,6374.0,5683.0
357,Bemisaal,"District Centre, Janakpuri",True,800,6.68586094706836,3.4,3.386038191522266,3.4298034897290544,-0.043765298206788206,3621.0,3266.0
8453,Grillz,"District Centre, Janakpuri",True,500,6.2166061010848646,2.5,2.811287542912742,3.3835207391251902,-0.5722331962124483,6311.0,5629.0
306856,Tandoor Ka Zaika,"District Centre, Janakpuri",True,400,5.993961427306569,2.6,2.9539666418298793,3.3615612260845467,-0.4075945842546673,6052.0,5439.0
18332009,The Barley House,"District Centre, Janakpuri",True,1200,7.0909098220799835,3.4,3.3715777470274695,3.4697535855565107,-0.09817583852904121,4511.0,4113.0
6875,Muffins,"District Centre, Janakpuri",True,300,5.707110264748875,3.5,3.430595530955309,3.3332690071959785,0.09732652375933037,1804.0,1540.0
2530,Dilli Darbar,"District Centre, Janakpuri",True,1200,7.0909098220799835,2.3,2.6084582679659127,3.4697535855565107,-0.861295317590598,6473.0,5779.0
5260,Cafe Coffee Day,"DLF City Centre Mall, Shalimar Bagh",True,450,6.111467339502679,3.0,3.220673471157788,3.3731508705500266,-0.1524773993922386,5077.0,4638.0
3224,Domino's Pizza,"DLF City Centre Mall, Shalimar Bagh",True,700,6.55250788703459,3.0,3.153683310270602,3.416650836170689,-0.26296752590008676,5667.0,5159.0
5293,Kings Kulfi,"DLF City Centre Mall, Shalimar Bagh",True,150,5.017279836814924,3.3,3.339881440481071,3.2652308187184387,0.07465062176263215,1994.0,1711.0
307578,McDonald's,"DLF City Centre Mall, Shalimar Bagh",True,500,6.2166061010848646,3.6,3.4902029797325,3.3835207391251902,0.1066822406073098,1739.0,1477.0
4919,Cafe E,"DLF Emporio Mall, Vasant Kunj",True,1600,7.3783837129967145,3.5,3.4447918996235414,3.498107224335746,-0.05331532471220468,3800.0,3434.0
4921,Cha-Shi,"DLF Emporio Mall, Vasant Kunj",True,1500,7.313886831633462,3.8,3.6683385074868706,3.4917458769774545,0.1765926305094161,1356.0,1141.0
307321,Habibi,"DLF Place Mall, Saket",True,1800,7.496097345175956,3.1,3.167281588799495,3.5097173562874113,-0.3424357674879164,5913.0,5349.0
2616,Tikka Town,"DLF Place Mall, Saket",True,550,6.311734809152915,2.8,2.9444520360979007,3.3929033130260597,-0.448451276928159,6147.0,5510.0
302212,4700BC Popcorn,"DLF Place Mall, Saket",True,400,5.993961427306569,3.8,3.6906096057229227,3.3615612260845467,0.3290483796383761,743.0,621.0
3814,Al Zaitoon,"DLF Place Mall, Saket",True,850,6.7464121285733745,3.5,3.475296714407822,3.435775671489889,0.0395210429179329,2345.0,2045.0
8201,Dunkin' Donuts,"DLF Place Mall, Saket",True,600,6.398594934535208,3.8,3.7537105910532786,3.4014703540590903,0.3522402369941884,669.0,561.0
306571,Foodhall,"DLF Place Mall, Saket",True,700,6.55250788703459,3.9,3.6759377562525617,3.416650836170689,0.2592869200818728,988.0,822.0
2300,Haldiram's,"DLF Place Mall, Saket",True,350,5.860786223465865,3.7,3.6385342832744874,3.348426114537516,0.29010816873697154,882.0,733.0
3719,TGI Friday's,"DLF Place Mall, Saket",True,2500,7.824445930877619,3.7,3.6834584034368905,3.542102478856175,0.14135592458071544,1526.0,1294.0
9720,The Beer Cafe,"DLF Place Mall, Saket",True,1200,7.0909098220799835,3.5,3.4788154963671727,3.4697535855565107,0.009061910810661988,2718.0,2394.0
3192,Big Chill,"DLF Place Mall, Saket",True,1500,7.313886831633462,4.4,4.381816182148022,3.4917458769774545,0.8900703051705672,47.0,40.0
305781,Cinnabon,"DLF Place Mall, Saket",True,400,5.993961427306569,4.1,4.017741100337012,3.3615612260845467,0.6561798742524649,163.0,136.0
18337927,RollsKing,"DLF Place Mall, Saket",True,400,5.993961427306569,4.1,3.7942710895858958,3.3615612260845467,0.4327098635013491,475.0,389.0
2615,Tikka Town,"DLF Promenade Mall, Vasant Kunj",True,550,6.311734809152915,3.2,3.2443864116784877,3.3929033130260597,-0.148516901347572,5049.0,4612.0
2893,Cafe Brown Sugar,"DLF Promenade Mall, Vasant Kunj",True,750,6.621405651764134,3.6,3.5419644321443213,3.423446244016628,0.11851818812769332,1659.0,1412.0
18237314,Chaayos,"DLF Promenade Mall, Vasant Kunj",True,400,5.993961427306569,3.9,3.7079466482164816,3.3615612260845467,0.3463854221319349,691.0,580.0
2436,Cinnabon,"DLF Promenade Mall, Vasant Kunj",True,400,5.993961427306569,3.9,3.8342604663821698,3.3615612260845467,0.4726992402976231,389.0,317.0
306572,Foodhall,"DLF Promenade Mall, Vasant Kunj",True,700,6.55250788703459,3.7,3.5551909385619282,3.416650836170689,0.13854010239123937,1542.0,1308.0
2301,Haldiram's,"DLF Promenade Mall, Vasant Kunj",True,600,6.398594934535208,3.7,3.606625851094577,3.4014703540590903,0.20515549703548652,1226.0,1028.0
312542,Keventers,"DLF Promenade Mall, Vasant Kunj",True,400,5.993961427306569,3.8,3.6916873435975734,3.3615612260845467,0.3301261175130268,735.0,614.0
310887,Krispy Kreme,"DLF Promenade Mall, Vasant Kunj",True,350,5.860786223465865,3.9,3.717092045920459,3.348426114537516,0.36866593138294323,624.0,522.0
7256,L'Opera,"DLF Promenade Mall, Vasant Kunj",True,400,5.993961427306569,3.8,3.6942910132226316,3.3615612260845467,0.332729787138085,730.0,609.0
8593,Mad Over Donuts,"DLF Promenade Mall, Vasant Kunj",True,450,6.111467339502679,3.7,3.621617113533521,3.3731508705500266,0.2484662429834943,1032.0,860.0
311353,Starbucks,"DLF Promenade Mall, Vasant Kunj",True,700,6.55250788703459,3.9,3.7298261439892877,3.416650836170689,0.3131753078185988,782.0,655.0
311423,The Beer Cafe,"DLF Promenade Mall, Vasant Kunj",True,1250,7.1316985104669115,3.8,3.6996005970333674,3.473776586508402,0.2258240105249656,1123.0,941.0
7247,Ooh Lala !,"DLF Promenade Mall, Vasant Kunj",True,500,6.2166061010848646,4.0,3.8434114815286082,3.3835207391251902,0.459890742403418,423.0,345.0
8396,Domino's Pizza,"DLF South Square, Sarojini Nagar",True,700,6.55250788703459,2.7,2.995486395836181,3.416650836170689,-0.42116444033450806,6087.0,5465.0
308544,Flaming Wok,"DLF South Square, Sarojini Nagar",True,1500,7.313886831633462,2.7,2.8982144767099847,3.4917458769774545,-0.5935314002674699,6336.0,5650.0
301237,Frontier,"DLF South Square, Sarojini Nagar",True,200,5.303304908059076,3.0,3.2868755125051248,3.2934415599652347,-0.006566047460109914,2952.0,2618.0
300408,Haldiram's,"DLF South Square, Sarojini Nagar",True,300,5.707110264748875,3.6,3.550051355534047,3.3332690071959785,0.21678234833806842,1162.0,976.0
9657,McDonald's,"DLF South Square, Sarojini Nagar",True,500,6.2166061010848646,3.5,3.451090810404748,3.3835207391251902,0.06757007127955772,2053.0,1765.0
307167,Subway,"DLF South Square, Sarojini Nagar",True,500,6.2166061010848646,2.4,2.8088818486869074,3.3835207391251902,-0.5746388904382829,6317.0,5634.0
303264,Twenty Four Seven,Dr. Zakir Hussain Marg,True,300,5.707110264748875,2.9,3.2948666205412054,3.3332690071959785,-0.038402386654773135,3517.0,3164.0
311712,Wah Ji Wah,Durga Puri,True,350,5.860786223465865,2.9,3.2879391359703063,3.348426114537516,-0.060486978567209526,3930.0,3559.0
9886,Aggarwal Sweets,East of Kailash,True,100,4.61512051684126,2.7,3.2408903517001266,3.2255657205981403,0.015324631101986341,2659.0,2343.0
9891,Al-Malik,East of Kailash,True,600,6.398594934535208,3.2,3.305893296432964,3.4014703540590903,-0.09557705762612612,4475.0,4078.0
9887,Bikaner Sweets,East of Kailash,True,200,5.303304908059076,2.8,3.235685979843669,3.2934415599652347,-0.057755580121565675,3870.0,3500.0
7893,Cafe Coffee Day,East of Kailash,True,450,6.111467339502679,2.7,3.1371579554836644,3.3731508705500266,-0.23599291506636222,5555.0,5073.0
18266888,Delhi Rasoi,East of Kailash,True,500,6.2166061010848646,3.3,3.3369489816221685,3.3835207391251902,-0.04657175750302178,3683.0,3324.0
7884,Food Land,East of Kailash,True,300,5.707110264748875,3.2,3.314038934620115,3.3332690071959785,-0.0192300725758634,3162.0,2823.0
18377458,Froshier Fruits,East of Kailash,True,100,4.61512051684126,3.0,3.307366620541205,3.2255657205981403,0.08180089994306483,1921.0,1649.0
7897,Govinda's Confectionery,East of Kailash,True,150,5.017279836814924,3.1,3.3018447663984833,3.2652308187184387,0.03661394768004467,2373.0,2070.0
18391937,Halka Fulka,East of Kailash,True,400,5.993961427306569,3.1,3.305208845838458,3.3615612260845467,-0.056352380246088796,3852.0,3483.0
7888,Hasty Tasty,East of Kailash,True,300,5.707110264748875,2.8,3.2428283729558602,3.3332690071959785,-0.09044063424011828,4396.0,4003.0
18037834,Ikreate,East of Kailash,True,400,5.993961427306569,3.1,3.312285012936336,3.3615612260845467,-0.04927621314821051,3727.0,3365.0
312605,Khan's Dilli-6 Biryani,East of Kailash,True,500,6.2166061010848646,3.0,3.253125452210404,3.3835207391251902,-0.1303952869147862,4900.0,4474.0
7876,Kolkata Hot Kathi Roll,East of Kailash,True,250,5.5254529391317835,2.7,3.1558932964329642,3.3153520889822103,-0.1594587925492461,5129.0,4689.0
18358157,Kowloon Express,East of Kailash,True,400,5.993961427306569,3.4,3.363826223489507,3.3615612260845467,0.002264997404960223,2819.0,2495.0
18272344,LaDiDa,East of Kailash,True,500,6.2166061010848646,3.2,3.317659218258849,3.3835207391251902,-0.06586152086634112,4006.0,3633.0
18458308,Litti.In,East of Kailash,True,300,5.707110264748875,2.8,3.3096703915152355,3.3332690071959785,-0.023598615680743062,3232.0,2890.0
4302,Mughals Rasoi,East of Kailash,True,700,6.55250788703459,3.2,3.2852015028770976,3.416650836170689,-0.13144933329359132,4906.0,4480.0
7886,Naagar Foods,East of Kailash,True,200,5.303304908059076,3.1,3.28655349621678,3.2934415599652347,-0.00688806374845452,2961.0,2627.0
7873,Novelty Chicken Corner,East of Kailash,True,650,6.478509642208569,3.3,3.322841188639159,3.4093523663952126,-0.08651117775605366,4345.0,3955.0
303625,Raju Vaishnav Dhaba,East of Kailash,True,350,5.860786223465865,3.2,3.3090078051515808,3.348426114537516,-0.039418309385935046,3533.0,3180.0
310794,Republic of Chicken,East of Kailash,True,400,5.993961427306569,2.9,3.317217561326556,3.3615612260845467,-0.04434366475799045,3630.0,3274.0
920,Shiv Shakti Vaishno Bhojnalaya,East of Kailash,True,500,6.2166061010848646,3.1,3.273415926060669,3.3835207391251902,-0.11010481306452125,4678.0,4269.0
18381237,Spice Tree,East of Kailash,True,400,5.993961427306569,2.7,3.2231562418083195,3.3615612260845467,-0.13840498427622716,4966.0,4534.0
18371426,Vadapav Junction,East of Kailash,True,350,5.860786223465865,3.2,3.317659218258849,3.348426114537516,-0.03076689627866669,3371.0,3024.0
312173,Zaaika Junction,East of Kailash,True,500,6.2166061010848646,3.1,3.2663855506798307,3.3835207391251902,-0.11713518844535953,4763.0,4345.0
8959,Asian Haus,East of Kailash,True,1500,7.313886831633462,4.1,4.050085075850759,3.4917458769774545,0.5583391988733042,276.0,222.0
304176,Bake Club,East Patel Nagar,True,250,5.5254529391317835,3.2,3.2797046317237366,3.3153520889822103,-0.035647457258473736,3451.0,3102.0
8822,Barichi,East Patel Nagar,True,1000,6.90875477931522,2.9,3.2685421791717912,3.4517875773465194,-0.18324539817472818,5272.0,4820.0
511,Barista,East Patel Nagar,True,650,6.478509642208569,3.2,3.2797046317237366,3.4093523663952126,-0.12964773467147594,4892.0,4466.0
309166,Baskin Robbins,East Patel Nagar,True,300,5.707110264748875,2.6,3.213542179171791,3.3332690071959785,-0.11972682802418744,4796.0,4376.0
18268708,Bite & More,East Patel Nagar,True,350,5.860786223465865,3.3,3.3344182294562668,3.348426114537516,-0.01400788508124906,3073.0,2737.0
18265722,Blue Water Grille Express,East Patel Nagar,True,700,6.55250788703459,2.6,3.0843754046093093,3.416650836170689,-0.3322754315613796,5883.0,5327.0
18453878,Brainfreezzers,East Patel Nagar,True,500,6.2166061010848646,3.0,3.3187505694501387,3.3835207391251902,-0.06477016967505156,3985.0,3612.0
309013,Caboose X Cafe & Lounge,East Patel Nagar,True,700,6.55250788703459,3.2,3.284233303980767,3.416650836170689,-0.1324175321899217,4914.0,4488.0
305077,Cafe Buddy's,East Patel Nagar,True,100,4.61512051684126,2.9,3.309491310190879,3.2255657205981403,0.08392558959273888,1896.0,1626.0
5262,Cafe Coffee Day,East Patel Nagar,True,450,6.111467339502679,2.9,3.154167020118477,3.3731508705500266,-0.21898385043154978,5481.0,5011.0
7375,Chinese Food,East Patel Nagar,True,300,5.707110264748875,3.1,3.2985892056501207,3.3332690071959785,-0.034679801545857813,3436.0,3088.0
18337880,Chinese King,East Patel Nagar,True,400,5.993961427306569,2.5,3.2584096500055906,3.3615612260845467,-0.10315157607895609,4579.0,4179.0
306978,Cocoberry,East Patel Nagar,True,300,5.707110264748875,3.3,3.332630269484513,3.3332690071959785,-0.000638737711465609,2864.0,2538.0
18312478,Eggless Dukes,East Patel Nagar,True,200,5.303304908059076,3.1,3.3280098287093978,3.2934415599652347,0.03456826874416308,2395.0,2091.0
3979,Empire The Meat Shop,East Patel Nagar,True,400,5.993961427306569,3.3,3.331406634378843,3.3615612260845467,-0.03015459170570356,3366.0,3019.0
18336207,FOG Cafe and Lounge,East Patel Nagar,True,500,6.2166061010848646,3.0,3.324764731137877,3.3835207391251902,-0.058756007987313286,3885.0,3514.0
7377,Forty 3 East,East Patel Nagar,True,1100,7.00397413672268,3.2,3.2852015028770976,3.4611790920197736,-0.17597758914267603,5234.0,4783.0
307506,Green Chick Chop,East Patel Nagar,True,350,5.860786223465865,3.3,3.331406634378843,3.348426114537516,-0.017019480158672717,3130.0,2794.0
3125,Gyan's,East Patel Nagar,True,550,6.311734809152915,3.4,3.383186836269771,3.3929033130260597,-0.009716476756288728,3012.0,2678.0
305674,Indi-QUE,East Patel Nagar,True,1400,7.244941546337007,3.3,3.3264476921084998,3.4849457821633028,-0.15849809005480298,5124.0,4684.0
18391167,Keventers,East Patel Nagar,True,400,5.993961427306569,3.0,3.3129551045510452,3.3615612260845467,-0.04860612153350141,3709.0,3350.0
8727,Pick Fresh Fish,East Patel Nagar,True,400,5.993961427306569,3.2,3.312311071974356,3.3615612260845467,-0.049250154110190625,3723.0,3362.0
3980,Sat Guru Dhaba,East Patel Nagar,True,350,5.860786223465865,2.6,3.0001362038076897,3.348426114537516,-0.34828991072982607,5924.0,5355.0
312183,Sharazz,East Patel Nagar,True,700,6.55250788703459,3.2,3.291512725312438,3.416650836170689,-0.12513811085825077,4841.0,4419.0
311945,Spice Box,East Patel Nagar,True,250,5.5254529391317835,3.4,3.365893296432964,3.3153520889822103,0.050541207450753856,2229.0,1929.0
3126,The Baithak's,East Patel Nagar,True,1000,6.90875477931522,3.2,3.2545039025757907,3.4517875773465194,-0.19728367477072872,5359.0,4900.0
18475269,The Taste of India,East Patel Nagar,True,400,5.993961427306569,3.2,3.3215168975460245,3.3615612260845467,-0.040044328538522134,3539.0,3186.0
303124,Twenty Four Seven,East Patel Nagar,True,300,5.707110264748875,3.0,3.2390629270876037,3.3332690071959785,-0.09420608010837483,4461.0,4064.0
18034042,Wrapss,East Patel Nagar,True,350,5.860786223465865,3.1,3.224368997477853,3.348426114537516,-0.12405711705966294,4830.0,4408.0
201,Domino's Pizza,East Patel Nagar,True,700,6.55250788703459,3.5,3.4566222068470682,3.416650836170689,0.03997137067637935,2340.0,2040.0
303575,Dunkin' Donuts,East Patel Nagar,True,600,6.398594934535208,3.6,3.546073144912865,3.4014703540590903,0.1446027908537748,1510.0,1279.0
410,Naivedyam,East Patel Nagar,True,500,6.2166061010848646,3.6,3.5701287518389893,3.3835207391251902,0.186608012713799,1308.0,1099.0
308107,Punjabi Chaap Corner,East Patel Nagar,True,300,5.707110264748875,3.5,3.42855422304223,3.3332690071959785,0.0952852158462516,1810.0,1545.0
4885,Rice Bowl,East Patel Nagar,True,1100,7.00397413672268,3.7,3.6410776922424395,3.4611790920197736,0.1798986002226659,1342.0,1130.0
18273627,The Diet Kitchen,East Patel Nagar,True,700,6.55250788703459,3.9,3.7815529989000325,3.416650836170689,0.3649021627293436,635.0,533.0
311539,The Yellow Chef,East Patel Nagar,True,350,5.860786223465865,3.7,3.6123719525656797,3.348426114537516,0.26394583802816385,975.0,809.0
2635,Tsui Wong,East Patel Nagar,True,800,6.68586094706836,3.8,3.6866625296407602,3.4298034897290544,0.2568590399117059,997.0,829.0
18237962,VC's Food Paradise,East Patel Nagar,True,500,6.2166061010848646,3.5,3.402833743337433,3.3835207391251902,0.019313004212242912,2600.0,2286.0
18261486,WeDesi Flavours,East Patel Nagar,True,350,5.860786223465865,3.9,3.638956609226286,3.348426114537516,0.29053049468877035,879.0,730.0
311327,Stabbers,East Patel Nagar,True,400,5.993961427306569,2.4,2.7107502050020496,3.3615612260845467,-0.6508110210824971,6386.0,5693.0
7372,Duke's Pastry Shop,East Patel Nagar,True,200,5.303304908059076,4.1,3.915640858041746,3.2934415599652347,0.6221992980765112,196.0,153.0
306016,Cafe Coffee Day,"Epicuria Food Mall, Nehru Place",True,450,6.111467339502679,3.1,3.2323928037667473,3.3731508705500266,-0.1407580667832793,4986.0,4551.0
304906,Chicago Pizza,"Epicuria Food Mall, Nehru Place",True,600,6.398594934535208,2.5,2.793750216551461,3.4014703540590903,-0.6077201375076293,6352.0,5663.0
18447890,Drool Waffles,"Epicuria Food Mall, Nehru Place",True,500,6.2166061010848646,3.1,3.312285012936336,3.3835207391251902,-0.0712357261888541,4107.0,3731.0
18375391,Gelato Vinto,"Epicuria Food Mall, Nehru Place",True,250,5.5254529391317835,3.3,3.3433194956949563,3.3153520889822103,0.027967406712746,2489.0,2183.0
18355123,Joost Juice Bar,"Epicuria Food Mall, Nehru Place",True,300,5.707110264748875,3.2,3.3278022543156465,3.3332690071959785,-0.005466752880332049,2926.0,2594.0
304915,Karim's,"Epicuria Food Mall, Nehru Place",True,700,6.55250788703459,3.1,3.1526176527790915,3.416650836170689,-0.2640331833915974,5673.0,5165.0
304913,Moti Mahal Delux,"Epicuria Food Mall, Nehru Place",True,800,6.68586094706836,3.1,3.1826344345658217,3.4298034897290544,-0.24716905516323262,5603.0,5113.0
304923,Sagar Ratna,"Epicuria Food Mall, Nehru Place",True,600,6.398594934535208,3.3,3.3211137037840963,3.4014703540590903,-0.08035665027499395,4242.0,3858.0
309738,Yo! China,"Epicuria Food Mall, Nehru Place",True,1300,7.170888478512505,2.6,2.8315253506308644,3.477641905178529,-0.6461165545476644,6383.0,5690.0
18261188,Chaayos,"Epicuria Food Mall, Nehru Place",True,400,5.993961427306569,3.6,3.521371166131016,3.3615612260845467,0.1598099400464692,1421.0,1201.0
18336192,Dimcha,"Epicuria Food Mall, Nehru Place",True,1500,7.313886831633462,3.9,3.761404797681997,3.4917458769774545,0.26965892070454256,949.0,787.0
18277187,Keventers,"Epicuria Food Mall, Nehru Place",True,400,5.993961427306569,3.9,3.6463446297198816,3.3615612260845467,0.28478340363533494,898.0,746.0
18381663,Khan Chacha,"Epicuria Food Mall, Nehru Place",True,650,6.478509642208569,3.6,3.43072959375427,3.4093523663952126,0.02137722735905756,2580.0,2267.0
304917,Sona Pure Veg Paradise,"Epicuria Food Mall, Nehru Place",True,500,6.2166061010848646,3.8,3.6937803417889246,3.3835207391251902,0.3102596026637343,794.0,665.0
306031,Subway,"Epicuria Food Mall, Nehru Place",True,500,6.2166061010848646,3.8,3.649400895550051,3.3835207391251902,0.26588015642486074,970.0,804.0
18180083,The Crunch Box,"Epicuria Food Mall, Nehru Place",True,300,5.707110264748875,3.7,3.455893296432964,3.3332690071959785,0.12262428923698554,1631.0,1388.0
304239,FIO Cookhouse and Bar,"Epicuria Food Mall, Nehru Place",True,3500,8.160803920954665,4.0,3.960315269351195,3.5752775714558593,0.3850376978953358,578.0,478.0
18294261,Lord of the Drinks Forum,"Epicuria Food Mall, Nehru Place",True,2500,7.824445930877619,4.2,4.14833854751591,3.542102478856175,0.6062360686597348,211.0,164.0
305240,The Chatter House,"Epicuria Food Mall, Nehru Place",True,1800,7.496097345175956,4.0,3.981825346340942,3.5097173562874113,0.47210799005353055,392.0,319.0
304299,The Flying Saucer Cafe,"Epicuria Food Mall, Nehru Place",True,1600,7.3783837129967145,4.3,4.2847632024747,3.498107224335746,0.7866559781389539,85.0,70.0
305547,Tea Lounge - Eros Hotel,"Eros Hotel, Nehru Place",True,1800,7.496097345175956,3.3,3.335893296432964,3.5097173562874113,-0.17382405985444738,5224.0,4773.0
305545,Blooms - Eros Hotel,"Eros Hotel, Nehru Place",True,4000,8.294299608857235,3.9,3.764887089197525,3.5884442924450406,0.1764427967524842,1357.0,1142.0
305549,Lounge & Bar - Eros Hotel,"Eros Hotel, Nehru Place",True,3650,8.202756381655638,3.5,3.391231802243395,3.5794153556310486,-0.18818355338765347,5304.0,4849.0
305546,Sweet & Crusty - Eros Hotel,"Eros Hotel, Nehru Place",True,700,6.55250788703459,3.7,3.516263771508683,3.416650836170689,0.0996129353379942,1781.0,1517.0
305548,Empress of China - Eros Hotel,"Eros Hotel, Nehru Place",True,4800,8.476579508530941,4.2,3.952455540180402,3.6064226153305805,0.3460329248498213,693.0,582.0
9640,Essex Collections Patisserie,Essex Farms,True,300,5.707110264748875,3.4,3.3758841489930047,3.3332690071959785,0.04261514179702619,2313.0,2013.0
6200,Essex Village Garden,Essex Farms,True,1500,7.313886831633462,3.4,3.3910581676041476,3.4917458769774545,-0.10068770937330696,4547.0,4148.0
18128883,Yes Minister - Pub & Kitchen,Essex Farms,True,1800,7.496097345175956,3.7,3.6396202500010872,3.5097173562874113,0.12990289371367592,1590.0,1351.0
4631,Andhra Bhavan,Feroze Shah Road,True,200,5.303304908059076,4.2,4.18640488092524,3.2934415599652347,0.8929633209600052,43.0,37.0
302682,Barista,Friends Colony,True,650,6.478509642208569,3.2,3.3158207929735544,3.4093523663952126,-0.09353157342165819,4451.0,4054.0
2004,Indian Accent - The Manor,Friends Colony,True,4000,8.294299608857235,4.9,4.8617309786940535,3.5884442924450406,1.2732866862490129,3.0,3.0
4283,FIO Country Kitchen and Bar,"Garden of Five Senses, Saket",True,3300,8.101980731853192,4.2,4.174169273757955,3.5694758221202685,0.6046934516376865,213.0,166.0
18335816,Amul Ice-Cream Parlour,Geeta Colony,True,200,5.303304908059076,3.0,3.324764731137877,3.2934415599652347,0.03132317117264227,2437.0,2131.0
17977792,Bunty Dhaba,Geeta Colony,True,500,6.2166061010848646,2.8,3.2739040482510084,3.3835207391251902,-0.1096166908741818,4669.0,4261.0
301214,Chawla's,Geeta Colony,True,800,6.68586094706836,3.3,3.325379098487954,3.4298034897290544,-0.10442439124110026,4600.0,4198.0
312227,China Town,Geeta Colony,True,150,5.017279836814924,3.0,3.301974223689605,3.2652308187184387,0.03674340497116635,2370.0,2067.0
303860,Chinese Inn,Geeta Colony,True,500,6.2166061010848646,2.8,3.150812087666331,3.3835207391251902,-0.23270865145885944,5539.0,5061.0
18244236,Grub Street,Geeta Colony,True,350,5.860786223465865,3.4,3.3701566343788434,3.348426114537516,0.021730519841327567,2576.0,2263.0
305577,Guru Kripa,Geeta Colony,True,200,5.303304908059076,3.0,3.324764731137877,3.2934415599652347,0.03132317117264227,2437.0,2131.0
18014118,Himcream,Geeta Colony,True,300,5.707110264748875,3.3,3.3380686477319315,3.3332690071959785,0.004799640535952943,2783.0,2459.0
5996,Kashish Restaurant & Caterers,Geeta Colony,True,550,6.311734809152915,2.8,3.2739040482510084,3.3929033130260597,-0.1189992647750513,4781.0,4363.0
313487,Punjabi's Veg Grill,Geeta Colony,True,350,5.860786223465865,3.2,3.330044399128201,3.348426114537516,-0.01838171540931466,3151.0,2813.0
313004,Rahul Meat Corner,Geeta Colony,True,300,5.707110264748875,3.1,3.323864195460136,3.3332690071959785,-0.009404811735842511,3010.0,2676.0
312942,Ramesh Vaishno Dhaba,Geeta Colony,True,500,6.2166061010848646,2.7,3.183523193186477,3.3835207391251902,-0.1999975459387131,5377.0,4917.0
309168,The Chinese Hut,Geeta Colony,True,300,5.707110264748875,2.8,3.0728538459627015,3.3332690071959785,-0.260415161233277,5654.0,5150.0
308994,Nagpal Di Hatti,Geeta Colony,True,200,5.303304908059076,3.5,3.4065709070552237,3.2934415599652347,0.11312934708998901,1693.0,1443.0
312943,Ramesh Vaishno Dhaba,Geeta Colony,True,500,6.2166061010848646,3.5,3.4089066343788432,3.3835207391251902,0.02538589525365298,2514.0,2205.0
9909,Barbeque Nation,"Ginger Hotel, Vivek Vihar",True,1600,7.3783837129967145,4.0,3.960512460559388,3.498107224335746,0.46240523622364194,414.0,337.0
18423111,Burger King,"Gourmet Hub, Pashim Vihar",True,500,6.2166061010848646,3.4,3.3708845213452134,3.3835207391251902,-0.01263621777997681,3046.0,2711.0
18469938,BED,Greater Kailash (GK) 1,True,2700,7.901377353792616,3.0,3.2967677715570254,3.549690248893824,-0.2529224773367984,5629.0,5131.0
651,Cafe Coffee Day - The Lounge,Greater Kailash (GK) 1,True,750,6.621405651764134,2.6,2.9093489979017435,3.423446244016628,-0.5140972461148845,6242.0,5578.0
17953916,Hunger Strike,Greater Kailash (GK) 1,True,300,5.707110264748875,3.3,3.3211137037840963,3.3332690071959785,-0.012155303411882201,3040.0,2705.0
18168168,Karim's,Greater Kailash (GK) 1,True,1000,6.90875477931522,3.3,3.320262344760544,3.4517875773465194,-0.13152523258597526,4909.0,4483.0
7589,Nescafe,Greater Kailash (GK) 1,True,200,5.303304908059076,3.4,3.371912126474206,3.2934415599652347,0.0784705665089711,1955.0,1680.0
1934,New Bengal Sweets,Greater Kailash (GK) 1,True,250,5.5254529391317835,3.1,3.264167076670766,3.3153520889822103,-0.05118501231144412,3755.0,3393.0
4385,Red Wok,Greater Kailash (GK) 1,True,800,6.68586094706836,3.3,3.3128847730784994,3.4298034897290544,-0.11691871665055498,4759.0,4341.0
309477,Room Service,Greater Kailash (GK) 1,True,1000,6.90875477931522,3.4,3.391906883899347,3.4517875773465194,-0.059880693447172284,3920.0,3549.0
9835,Samavar,Greater Kailash (GK) 1,True,800,6.68586094706836,3.3,3.3182067445674455,3.4298034897290544,-0.11159674516160889,4701.0,4290.0
147,Subway,Greater Kailash (GK) 1,True,500,6.2166061010848646,2.5,2.7543446996969965,3.3835207391251902,-0.6291760394281938,6372.0,5681.0
18237320,The Cocktail House,Greater Kailash (GK) 1,True,2000,7.601402334583733,3.4,3.377687203273902,3.520103619964429,-0.14241641669052685,5005.0,4569.0
9980,The Food Junction,Greater Kailash (GK) 1,True,350,5.860786223465865,2.8,3.0126970925221057,3.348426114537516,-0.3357290220154101,5894.0,5332.0
732,The Kathis,Greater Kailash (GK) 1,True,300,5.707110264748875,3.0,3.1483838857785127,3.3332690071959785,-0.18488512141746583,5285.0,4832.0
311515,The Munchbox,Greater Kailash (GK) 1,True,850,6.7464121285733745,3.4,3.3903731078641433,3.435775671489889,-0.045402563625745795,3655.0,3296.0
309520,The Sugar Story,Greater Kailash (GK) 1,True,400,5.993961427306569,3.3,3.3369489816221685,3.3615612260845467,-0.024612244462378197,3257.0,2914.0
18400736,Owl is Well,Greater Kailash (GK) 1,True,1000,6.90875477931522,4.5,4.233234742892452,3.4517875773465194,0.7814471655459325,89.0,74.0
18255193,A Piece of Paris,Greater Kailash (GK) 1,True,600,6.398594934535208,3.6,3.459914146555259,3.4014703540590903,0.05844379249616871,2131.0,1838.0
311584,Baking Bad,Greater Kailash (GK) 1,True,1000,6.90875477931522,3.8,3.770526180630439,3.4517875773465194,0.31873860328391945,768.0,643.0
702,Baskin Robbins,Greater Kailash (GK) 1,True,300,5.707110264748875,3.6,3.4839288642886426,3.3332690071959785,0.15065985709266405,1467.0,1241.0
18313122,Bliss Bakery,Greater Kailash (GK) 1,True,500,6.2166061010848646,3.8,3.580125307503075,3.3835207391251902,0.19660456837788454,1259.0,1057.0
309156,Bread & More,Greater Kailash (GK) 1,True,500,6.2166061010848646,3.7,3.6045392779346783,3.3835207391251902,0.22101853880948807,1144.0,958.0
18268706,Bun Intended,Greater Kailash (GK) 1,True,850,6.7464121285733745,3.9,3.832443544598762,3.435775671489889,0.3966678731088731,553.0,456.0
18415352,Cafe Culture,Greater Kailash (GK) 1,True,1000,6.90875477931522,3.8,3.5779043510132067,3.4517875773465194,0.12611677366668728,1607.0,1367.0
3620,Cafe Diva,Greater Kailash (GK) 1,True,2200,7.696667081526462,3.9,3.8321023503795644,3.529499611421586,0.3026027389579782,826.0,690.0
1902,Cafe Turtle,Greater Kailash (GK) 1,True,1000,6.90875477931522,3.5,3.475708435834358,3.4517875773465194,0.023920858487838537,2533.0,2222.0
18434596,Cafí© Healthilicious,Greater Kailash (GK) 1,True,400,5.993961427306569,3.5,3.400171654113801,3.3615612260845467,0.03861042802925452,2353.0,2052.0
311671,Captain Grub,Greater Kailash (GK) 1,True,1000,6.90875477931522,3.7,3.64523247035355,3.4517875773465194,0.1934448930070305,1275.0,1070.0
2653,Cocoberry,Greater Kailash (GK) 1,True,300,5.707110264748875,3.9,3.768198680148566,3.3332690071959785,0.43492967295258733,472.0,386.0
18377926,Ding Ding,Greater Kailash (GK) 1,True,600,6.398594934535208,3.9,3.7106516250021655,3.4014703540590903,0.30918127094307524,801.0,670.0
309820,Dí_ner Grill,Greater Kailash (GK) 1,True,900,6.803505257608338,3.7,3.654065942877171,3.4414067844659977,0.21265915841117344,1180.0,989.0
18034050,Elation,Greater Kailash (GK) 1,True,1500,7.313886831633462,3.8,3.720335256341693,3.4917458769774545,0.22858937936423862,1109.0,928.0
18382372,Fluffles - The Fluffy Waffle Co.,Greater Kailash (GK) 1,True,300,5.707110264748875,3.5,3.404112246714572,3.3332690071959785,0.07084323951859339,2025.0,1740.0
302478,For the Love of Cake,Greater Kailash (GK) 1,True,400,5.993961427306569,3.8,3.6667426106079235,3.3615612260845467,0.30518138452337684,820.0,685.0
18466978,Gatsby Kitchen & Bar by Club BW,Greater Kailash (GK) 1,True,2100,7.650168700845001,3.5,3.3973595880325,3.524913461752629,-0.12755387372012938,4866.0,4443.0
9840,Grills & Platters,Greater Kailash (GK) 1,True,1600,7.3783837129967145,3.5,3.4633795515090826,3.498107224335746,-0.03472767282666345,3438.0,3090.0
18279463,Hungry Pistals,Greater Kailash (GK) 1,True,700,6.55250788703459,3.7,3.5911626162439965,3.416650836170689,0.1745117800733076,1366.0,1150.0
18317517,Jon's head Grill,Greater Kailash (GK) 1,True,1100,7.00397413672268,3.9,3.725406043833165,3.4611790920197736,0.2642269518133915,973.0,807.0
1215,Kebabs & Curries,Greater Kailash (GK) 1,True,600,6.398594934535208,3.7,3.6380888795300996,3.4014703540590903,0.23661852547100937,1083.0,906.0
18241531,Londoners,Greater Kailash (GK) 1,True,1700,7.438971592395862,3.8,3.724957442833814,3.50408302562123,0.22087441721258383,1145.0,959.0
3589,Mad Over Donuts,Greater Kailash (GK) 1,True,450,6.111467339502679,3.8,3.706832757416557,3.3731508705500266,0.33368188686653033,725.0,605.0
1056,New Minar,Greater Kailash (GK) 1,True,1250,7.1316985104669115,3.6,3.556160182555063,3.473776586508402,0.08238359604666101,1914.0,1642.0
5797,Prince Chaat Corner,Greater Kailash (GK) 1,True,250,5.5254529391317835,3.7,3.571522787596297,3.3153520889822103,0.2561706986140866,999.0,831.0
300007,Side Wok,Greater Kailash (GK) 1,True,2000,7.601402334583733,3.8,3.719163715993777,3.520103619964429,0.19906009602934827,1253.0,1051.0
303288,Starbucks,Greater Kailash (GK) 1,True,700,6.55250788703459,3.5,3.4691208930097774,3.416650836170689,0.052470056839088564,2198.0,1899.0
18371438,Thai House by Kylin,Greater Kailash (GK) 1,True,1800,7.496097345175956,3.8,3.586529424760267,3.5097173562874113,0.07681206847285571,1967.0,1689.0
308766,The Chocolate Haven,Greater Kailash (GK) 1,True,250,5.5254529391317835,3.6,3.5025002460024597,3.3153520889822103,0.18714815702024934,1305.0,1096.0
18203180,The Laidback Cafe,Greater Kailash (GK) 1,True,2000,7.601402334583733,3.8,3.6359144085843838,3.520103619964429,0.11581078861995486,1676.0,1427.0
305166,Tibb's Frankie,Greater Kailash (GK) 1,True,200,5.303304908059076,3.6,3.4940220065244127,3.2934415599652347,0.20058044655917806,1243.0,1043.0
18291475,Tirupati Vrindavan,Greater Kailash (GK) 1,True,500,6.2166061010848646,3.7,3.532475791669681,3.3835207391251902,0.14895505254449093,1475.0,1248.0
311737,Wagh Bakri Tea Lounge,Greater Kailash (GK) 1,True,400,5.993961427306569,3.7,3.523840523199046,3.3615612260845467,0.1622792971144995,1414.0,1194.0
18363391,Depot48,Greater Kailash (GK) 1,True,1800,7.496097345175956,4.2,3.9334136586558177,3.5097173562874113,0.4236963023684064,494.0,406.0
18271497,Dezertfox,Greater Kailash (GK) 1,True,550,6.311734809152915,4.1,3.924461869618696,3.3929033130260597,0.5315585565926364,304.0,246.0
18456728,Druk,Greater Kailash (GK) 1,True,1000,6.90875477931522,4.1,3.583275080990246,3.4517875773465194,0.13148750364372663,1581.0,1344.0
310776,Gastronomica Kitchen & Bar,Greater Kailash (GK) 1,True,1400,7.244941546337007,4.1,4.058071463714637,3.4849457821633028,0.5731256815513346,254.0,202.0
18456764,Karate Kitchen,Greater Kailash (GK) 1,True,950,6.85751406254539,4.4,3.835302535717665,3.446733689602322,0.3885688461153429,569.0,469.0
18418209,Nimtho,Greater Kailash (GK) 1,True,750,6.621405651764134,4.0,3.713626403155923,3.423446244016628,0.29018015913929496,881.0,732.0
18382342,Noshi - Yum Asian Delivery,Greater Kailash (GK) 1,True,1000,6.90875477931522,4.2,3.940078317189422,3.4517875773465194,0.4882907398429026,360.0,293.0
312302,Nutri Punch,Greater Kailash (GK) 1,True,600,6.398594934535208,4.0,3.846437346619843,3.4014703540590903,0.44496699256075267,450.0,368.0
18312632,Pho King Awesome,Greater Kailash (GK) 1,True,850,6.7464121285733745,4.1,3.9785183137427396,3.435775671489889,0.5427426422528505,292.0,236.0
18386761,Roadhouse Cafe,Greater Kailash (GK) 1,True,1400,7.244941546337007,4.1,3.786431886754764,3.4849457821633028,0.3014861045914614,832.0,694.0
307065,Sakley's The Mountain Cafe,Greater Kailash (GK) 1,True,1900,7.550135342488429,4.3,4.2662155019987695,3.5150471406767525,0.751168361322017,107.0,90.0
9834,Shikhara,Greater Kailash (GK) 1,True,800,6.68586094706836,4.2,4.054589268357718,3.4298034897290544,0.6247857786286639,193.0,151.0
18025105,Sinyora's,Greater Kailash (GK) 1,True,500,6.2166061010848646,4.0,3.6821253075030747,3.3835207391251902,0.2986045683778844,845.0,702.0
18396409,Stop My Starvation,Greater Kailash (GK) 1,True,450,6.111467339502679,4.3,3.9478222026538443,3.3731508705500266,0.5746713321038177,250.0,199.0
18365895,The Grill Kitchen - Gourmet,Greater Kailash (GK) 1,True,800,6.68586094706836,4.1,3.8177886980792883,3.4298034897290544,0.387985208350234,571.0,471.0
308865,The Sugar Cube,Greater Kailash (GK) 1,True,500,6.2166061010848646,4.1,3.9347411295058894,3.3835207391251902,0.5512203903806991,282.0,226.0
18278203,A Lot Like Cake,Greater Kailash (GK) 2,True,350,5.860786223465865,3.1,3.319866620541205,3.348426114537516,-0.02855949399631097,3329.0,2984.0
305652,A W Foods,Greater Kailash (GK) 2,True,500,6.2166061010848646,3.4,3.3743282876377148,3.3835207391251902,-0.009192451487475495,3007.0,2673.0
4299,Angels in my Kitchen,Greater Kailash (GK) 2,True,350,5.860786223465865,2.9,3.075496275796091,3.348426114537516,-0.27292983874142474,5693.0,5181.0
18423108,Brown Sugar,Greater Kailash (GK) 2,True,1000,6.90875477931522,3.2,3.3215168975460245,3.4517875773465194,-0.1302706798004949,4899.0,4473.0
17953926,Cakes and Bakes,Greater Kailash (GK) 2,True,300,5.707110264748875,3.2,3.3278022543156465,3.3332690071959785,-0.005466752880332049,2926.0,2594.0
310321,CDB Cafe,Greater Kailash (GK) 2,True,1800,7.496097345175956,3.4,3.3715777470274695,3.5097173562874113,-0.13813960925994184,4964.0,4532.0
69,Chungwa,Greater Kailash (GK) 2,True,1100,7.00397413672268,3.3,3.3046701315061475,3.4611790920197736,-0.15650896051362606,5108.0,4668.0
202,Domino's Pizza,Greater Kailash (GK) 2,True,700,6.55250788703459,3.2,3.239639201873302,3.416650836170689,-0.17701163429738687,5241.0,4789.0
309902,Fudged,Greater Kailash (GK) 2,True,400,5.993961427306569,3.0,3.2607959204592043,3.3615612260845467,-0.10076530562534236,4548.0,4149.0
1916,Gopala,Greater Kailash (GK) 2,True,250,5.5254529391317835,3.2,3.3215168975460245,3.3153520889822103,0.006164808563814184,2772.0,2448.0
5735,Gourmet Affaire's,Greater Kailash (GK) 2,True,300,5.707110264748875,3.4,3.3792393978287607,3.3332690071959785,0.04597039063278219,2276.0,1976.0
2591,Hot N Chilly,Greater Kailash (GK) 2,True,300,5.707110264748875,2.8,3.2287703293699597,3.3332690071959785,-0.10449867782601885,4603.0,4201.0
306264,Kabooze,Greater Kailash (GK) 2,True,1900,7.550135342488429,3.3,3.31275396319953,3.5150471406767525,-0.2022931774772223,5391.0,4930.0
305817,Koyla Kebab,Greater Kailash (GK) 2,True,650,6.478509642208569,3.1,3.183192775339916,3.4093523663952126,-0.2261595910552967,5513.0,5039.0
18432940,LaBontí©,Greater Kailash (GK) 2,True,500,6.2166061010848646,3.4,3.363826223489507,3.3835207391251902,-0.019694515635683363,3168.0,2829.0
311690,MR.D - Deliciousness Delivered,Greater Kailash (GK) 2,True,700,6.55250788703459,3.3,3.31275396319953,3.416650836170689,-0.10389687297115868,4589.0,4187.0
309072,Panda Wokk,Greater Kailash (GK) 2,True,950,6.85751406254539,3.4,3.381051831351647,3.446733689602322,-0.06568185825067507,4005.0,3632.0
18277002,Relax Xpress,Greater Kailash (GK) 2,True,650,6.478509642208569,3.2,3.3001693344636145,3.4093523663952126,-0.10918303193159806,4662.0,4254.0
18433883,Rollplay,Greater Kailash (GK) 2,True,300,5.707110264748875,2.9,3.2948666205412054,3.3332690071959785,-0.038402386654773135,3517.0,3164.0
301435,Sagar Ratna,Greater Kailash (GK) 2,True,700,6.55250788703459,2.7,2.8743854139361065,3.416650836170689,-0.5422654222345824,6283.0,5607.0
18352256,Spanish Delights,Greater Kailash (GK) 2,True,200,5.303304908059076,3.1,3.3086869618696184,3.2934415599652347,0.015245401904383726,2660.0,2344.0
308367,Subway,Greater Kailash (GK) 2,True,500,6.2166061010848646,3.3,3.317327798277982,3.3835207391251902,-0.06619294084720817,4016.0,3643.0
309741,The Beer Cafe,Greater Kailash (GK) 2,True,1250,7.1316985104669115,3.4,3.3828239622324277,3.473776586508402,-0.09095262427597417,4408.0,4015.0
18241869,Tashan,Greater Kailash (GK) 2,True,2000,7.601402334583733,4.6,4.426664393060361,3.520103619964429,0.906560773095932,38.0,34.0
305125,Amalfi,Greater Kailash (GK) 2,True,1800,7.496097345175956,3.9,3.849554466698513,3.5097173562874113,0.33983711041110176,712.0,597.0
312270,Backkerei,Greater Kailash (GK) 2,True,400,5.993961427306569,3.6,3.494935609916444,3.3615612260845467,0.13337438383189726,1568.0,1333.0
18249082,Beeryani,Greater Kailash (GK) 2,True,700,6.55250788703459,3.8,3.6811488148665266,3.416650836170689,0.2644979786958377,971.0,805.0
18279452,Beijing Street,Greater Kailash (GK) 2,True,650,6.478509642208569,3.6,3.527884797339097,3.4093523663952126,0.11853243094388466,1658.0,1411.0
305303,Bikanervala,Greater Kailash (GK) 2,True,550,6.311734809152915,3.5,3.477297603583512,3.3929033130260597,0.0843942905574524,1893.0,1623.0
18354645,Chaayos,Greater Kailash (GK) 2,True,400,5.993961427306569,3.8,3.61207291239579,3.3615612260845467,0.2505116863112433,1020.0,849.0
1218,China Garden,Greater Kailash (GK) 2,True,1800,7.496097345175956,3.8,3.769118722963915,3.5097173562874113,0.2594013666765038,986.0,820.0
8429,Chocolateria San Churro,Greater Kailash (GK) 2,True,1000,6.90875477931522,3.8,3.765804868974039,3.4517875773465194,0.3140172916275197,778.0,652.0
7819,Cocoberry,Greater Kailash (GK) 2,True,300,5.707110264748875,3.5,3.4366307021765867,3.3332690071959785,0.10336169498060821,1757.0,1493.0
785,Costa Coffee,Greater Kailash (GK) 2,True,600,6.398594934535208,3.5,3.452056123357286,3.4014703540590903,0.05058576929819569,2228.0,1928.0
312486,Country Curries,Greater Kailash (GK) 2,True,800,6.68586094706836,3.5,3.4612368656931247,3.4298034897290544,0.031433375964070365,2434.0,2128.0
1922,Culinaire,Greater Kailash (GK) 2,True,1000,6.90875477931522,3.8,3.7753503707963083,3.4517875773465194,0.3235627934497889,757.0,633.0
7642,Defence Bakery,Greater Kailash (GK) 2,True,400,5.993961427306569,3.6,3.5247687083352317,3.3615612260845467,0.16320748225068504,1408.0,1188.0
64,Diva - The Italian Restaurant,Greater Kailash (GK) 2,True,2500,7.824445930877619,3.8,3.7477732321860033,3.542102478856175,0.20567075332982832,1223.0,1025.0
18413250,Fig & Maple,Greater Kailash (GK) 2,True,1650,7.409136443920128,3.8,3.5583794587945876,3.501140375698803,0.057239083095784515,2140.0,1847.0
312787,Fitoor,Greater Kailash (GK) 2,True,1350,7.208600337960199,3.5,3.4614419616418384,3.4813614375404534,-0.01991947589861498,3172.0,2832.0
3611,Giani's,Greater Kailash (GK) 2,True,400,5.993961427306569,3.6,3.54510148986625,3.3615612260845467,0.1835402637817034,1326.0,1114.0
309815,Happy Hakka,Greater Kailash (GK) 2,True,650,6.478509642208569,3.8,3.73909288296484,3.4093523663952126,0.32974051656962766,741.0,619.0
1018,Mainland China,Greater Kailash (GK) 2,True,1800,7.496097345175956,3.7,3.679387853739816,3.5097173562874113,0.1696704974524046,1383.0,1166.0
8689,Mini Mughal,Greater Kailash (GK) 2,True,1200,7.0909098220799835,3.5,3.4761066581977293,3.4697535855565107,0.006353072641218649,2768.0,2444.0
18383512,Movenpick,Greater Kailash (GK) 2,True,650,6.478509642208569,3.9,3.5462175098724664,3.4093523663952126,0.13686514347725387,1551.0,1317.0
308238,New York Slice - Express,Greater Kailash (GK) 2,True,800,6.68586094706836,3.6,3.541686750001471,3.4298034897290544,0.11188326027241668,1702.0,1451.0
5944,Nirula's Ice Cream,Greater Kailash (GK) 2,True,250,5.5254529391317835,3.6,3.4566180088271468,3.3153520889822103,0.14126591984493642,1529.0,1297.0
285,Not Just Paranthas,Greater Kailash (GK) 2,True,1100,7.00397413672268,3.7,3.6681203931908724,3.4611790920197736,0.20694130117109877,1217.0,1019.0
304635,Nutritious Nation,Greater Kailash (GK) 2,True,900,6.803505257608338,3.5,3.4818267599758292,3.4414067844659977,0.04041997550983156,2333.0,2033.0
1021,Open Oven,Greater Kailash (GK) 2,True,250,5.5254529391317835,3.7,3.6495944859891076,3.3153520889822103,0.3342423970068973,724.0,604.0
307532,Starbucks,Greater Kailash (GK) 2,True,700,6.55250788703459,3.5,3.459737738951975,3.416650836170689,0.04308690278128591,2310.0,2010.0
1913,Swagath,Greater Kailash (GK) 2,True,1500,7.313886831633462,3.5,3.470496075912176,3.4917458769774545,-0.02124980106527863,3213.0,2871.0
311601,The Health Box,Greater Kailash (GK) 2,True,600,6.398594934535208,3.5,3.4578759002907944,3.4014703540590903,0.05640554623170413,2152.0,1858.0
18254553,Twisted Tacos,Greater Kailash (GK) 2,True,650,6.478509642208569,3.8,3.7009573457221054,3.4093523663952126,0.2916049793268929,874.0,726.0
4821,Uber Lounge,Greater Kailash (GK) 2,True,2200,7.696667081526462,3.6,3.574556431629034,3.529499611421586,0.045056820207447945,2285.0,1985.0
308018,Yeti - The Himalayan Kitchen,Greater Kailash (GK) 2,True,1300,7.170888478512505,3.7,3.6800380032129762,3.477641905178529,0.20239609803444747,1237.0,1037.0
310342,Zai,Greater Kailash (GK) 2,True,1550,7.346655163176539,3.8,3.737357637465263,3.494977827653072,0.2423798098121912,1054.0,881.0
307344,Al Bake,Greater Kailash (GK) 2,True,300,5.707110264748875,2.4,2.9900320348140186,3.3332690071959785,-0.34323697238195994,5916.0,5351.0
307801,Artusi Ristorante e Bar,Greater Kailash (GK) 2,True,3000,8.006700845440367,4.1,4.032683542661115,3.560078337452493,0.4726052052086218,390.0,318.0
18462002,Baris,Greater Kailash (GK) 2,True,2000,7.601402334583733,4.3,3.7947014211989942,3.520103619964429,0.27459780123456534,925.0,768.0
18208886,Carnatic Cafe,Greater Kailash (GK) 2,True,550,6.311734809152915,4.4,4.2855512934305295,3.3929033130260597,0.8926479804044698,44.0,38.0
18435305,Chhalava - ö__Lava,Greater Kailash (GK) 2,True,1200,7.0909098220799835,4.4,4.001647525196182,3.4697535855565107,0.5318939396396711,303.0,245.0
18260641,Dilli BC,Greater Kailash (GK) 2,True,700,6.55250788703459,4.1,3.9839004137667953,3.416650836170689,0.5672495775961064,261.0,208.0
18349921,Sumo Sushi,Greater Kailash (GK) 2,True,1000,6.90875477931522,4.0,3.732878409666449,3.4517875773465194,0.2810908323199297,908.0,754.0
18380149,The Heroes Bistro & Bar,Greater Kailash (GK) 2,True,900,6.803505257608338,4.0,3.668880528649036,3.4414067844659977,0.22747374418303812,1115.0,933.0
2649,Whipped,Greater Kailash (GK) 2,True,550,6.311734809152915,4.2,4.164576261286463,3.3929033130260597,0.7716729482604032,98.0,82.0
601,Cafe Coffee Day,Greater Kailash (GK) 3,True,450,6.111467339502679,3.2,3.290396716467164,3.3731508705500266,-0.08275415408286246,4291.0,3902.0
18462572,Paparazzi,Greater Kailash (GK) 3,True,1900,7.550135342488429,3.2,3.332366620541205,3.5150471406767525,-0.18268052013554748,5270.0,4818.0
309105,Chehel Pehel,Greater Kailash (GK) 3,True,700,6.55250788703459,3.5,3.464964090145709,3.416650836170689,0.048313253975019954,2247.0,1947.0
18089222,Cress Bistro,Greater Kailash (GK) 3,True,1200,7.0909098220799835,3.6,3.5322918375017083,3.4697535855565107,0.06253825194519758,2097.0,1805.0
309688,Frosted Heaven,Greater Kailash (GK) 3,True,300,5.707110264748875,3.6,3.4717108500032365,3.3332690071959785,0.13844184280725802,1543.0,1309.0
18334422,Baskin Robbins,Green Park,True,300,5.707110264748875,2.9,3.281250530177715,3.3332690071959785,-0.052018477018263454,3768.0,3404.0
18365388,Behrouz Biryani,Green Park,True,600,6.398594934535208,3.2,3.274125307503075,3.4014703540590903,-0.12734504655601508,4864.0,4442.0
18312607,Cafe Coffee Day,Green Park,True,450,6.111467339502679,3.0,3.324764731137877,3.3731508705500266,-0.04838613941214964,3706.0,3347.0
309322,Cakeatouille,Green Park,True,800,6.68586094706836,3.3,3.3392582929735544,3.4298034897290544,-0.09054519675549999,4397.0,4004.0
18429154,Chilli Singh,Green Park,True,800,6.68586094706836,3.1,3.319866620541205,3.4298034897290544,-0.1099368691878495,4676.0,4267.0
18336220,Da Pizza Corner,Green Park,True,600,6.398594934535208,2.9,3.317217561326556,3.4014703540590903,-0.08425279273253405,4316.0,3927.0
203,Domino's Pizza,Green Park,True,700,6.55250788703459,2.5,2.6453398283982836,3.416650836170689,-0.7713110077724052,6445.0,5751.0
18414479,Faasos,Green Park,True,600,6.398594934535208,2.8,3.235685979843669,3.4014703540590903,-0.16578437421542125,5173.0,4723.0
1625,Gupta Ji Ka Dhaba,Green Park,True,300,5.707110264748875,2.6,2.9756380688806887,3.3332690071959785,-0.3576309383152898,5946.0,5374.0
2899,Karim's,Green Park,True,750,6.621405651764134,3.3,3.3088469392616457,3.423446244016628,-0.11459930475498226,4736.0,4320.0
18180081,Let's Tango,Green Park,True,400,5.993961427306569,3.0,3.3187505694501387,3.3615612260845467,-0.04281065663440797,3594.0,3241.0
473,Madras Cafe,Green Park,True,300,5.707110264748875,2.5,2.6738022114596145,3.3332690071959785,-0.659466795736364,6394.0,5701.0
18355419,Nachos And Company,Green Park,True,700,6.55250788703459,3.4,3.3621036627032934,3.416650836170689,-0.05454717346739546,3831.0,3462.0
18432237,Ovenstory Pizza,Green Park,True,500,6.2166061010848646,3.3,3.3456823772783175,3.3835207391251902,-0.037838361846872726,3510.0,3157.0
259,Pizza Hut,Green Park,True,1000,6.90875477931522,3.3,3.3077308638471,3.4517875773465194,-0.1440567134994195,5020.0,4584.0
7316,Red Chilli,Green Park,True,1500,7.313886831633462,3.1,3.1804740571915526,3.4917458769774545,-0.3112718197859019,5817.0,5277.0
18222566,The Groghead,Green Park,True,1700,7.438971592395862,3.4,3.392444717564264,3.50408302562123,-0.11163830805696628,4704.0,4292.0
443,The Tandoor,Green Park,True,600,6.398594934535208,3.4,3.3859560632371024,3.4014703540590903,-0.015514290821987853,3099.0,2763.0
308315,Twenty Ten - Ashtan Sarovar Portico,Green Park,True,1000,6.90875477931522,3.3,3.3348962604209373,3.4517875773465194,-0.11689131692558208,4758.0,4340.0
769,Adyar Ananda Bhavan,Green Park,True,500,6.2166061010848646,3.5,3.4825240545570924,3.3835207391251902,0.0990033154319021,1791.0,1527.0
312011,Baked Love By Vatsala,Green Park,True,720,6.580639137284949,3.6,3.459914146555259,3.4194254300841167,0.04048871647114227,2332.0,2032.0
65,Drums of Heaven,Green Park,True,1800,7.496097345175956,3.5,3.474249225266104,3.5097173562874113,-0.035468131021307414,3445.0,3096.0
9672,Dunkin' Donuts,Green Park,True,600,6.398594934535208,3.7,3.6644011057298074,3.4014703540590903,0.2629307516707171,977.0,811.0
472,Evergreen Sweet House,Green Park,True,450,6.111467339502679,3.5,3.4941559989978406,3.3731508705500266,0.12100512844781397,1639.0,1396.0
3400,Gung The Palace,Green Park,True,2500,7.824445930877619,3.7,3.6514560532679194,3.542102478856175,0.10935357441174443,1720.0,1463.0
18337744,Keventers,Green Park,True,250,5.5254529391317835,3.5,3.387885088466269,3.3153520889822103,0.07253299948405845,2009.0,1725.0
18268360,La Seine -The Chocolate Emporium,Green Park,True,300,5.707110264748875,3.8,3.502872037166317,3.3332690071959785,0.1696030299703386,1384.0,1167.0
4096,Nagaland's Kitchen,Green Park,True,1200,7.0909098220799835,3.8,3.7636570756203422,3.4697535855565107,0.29390349006383154,866.0,718.0
18358700,Pasta La Vista,Green Park,True,600,6.398594934535208,3.8,3.6473092413215795,3.4014703540590903,0.24583888726248926,1043.0,871.0
2217,Tamura,Green Park,True,1500,7.313886831633462,3.5,3.46562514504862,3.4917458769774545,-0.026120731928834573,3290.0,2946.0
18398571,The Chai Story,Green Park,True,300,5.707110264748875,3.6,3.4660717664868956,3.3332690071959785,0.13280275929091712,1574.0,1338.0
1621,The Clay Oven,Green Park,True,1200,7.0909098220799835,3.5,3.468315351088293,3.4697535855565107,-0.0014382344682175585,2877.0,2551.0
3468,Hot n Hot,Green Park,True,450,6.111467339502679,2.4,3.0473962604209373,3.3731508705500266,-0.32575461012908935,5864.0,5312.0
18463949,Feng Shuii,Green Park,True,1200,7.0909098220799835,4.3,3.7189066343788433,3.4697535855565107,0.24915304882233258,1028.0,856.0
310949,Bikaner Sweets,GTB Nagar,True,250,5.5254529391317835,2.8,3.2578395042424995,3.3153520889822103,-0.05751258473971088,3865.0,3495.0
18356808,Coalition Cafe,GTB Nagar,True,800,6.68586094706836,3.4,3.371235310244668,3.4298034897290544,-0.058568179484386196,3883.0,3512.0
18361758,Keventers,GTB Nagar,True,400,5.993961427306569,3.0,3.3187505694501387,3.3615612260845467,-0.04281065663440797,3594.0,3241.0
312755,Mid Night Khana,GTB Nagar,True,400,5.993961427306569,3.3,3.3318041867127524,3.3615612260845467,-0.029757039371794303,3359.0,3013.0
18241525,Ministry of Cafe,GTB Nagar,True,1000,6.90875477931522,3.3,3.3196291464867773,3.4517875773465194,-0.1321584308597421,4912.0,4486.0
313492,Officer's Kitchen,GTB Nagar,True,300,5.707110264748875,3.3,3.3330596151356247,3.3332690071959785,-0.00020939206035386349,2854.0,2528.0
18472658,Oh Boy Lounge,GTB Nagar,True,1000,6.90875477931522,3.1,3.3280098287093978,3.4517875773465194,-0.12377774863712165,4824.0,4403.0
18418248,Sahni's Fish Corner,GTB Nagar,True,450,6.111467339502679,3.0,3.3129551045510452,3.3731508705500266,-0.060195765998981354,3925.0,3554.0
18427869,Sardar A Pure Meat Shop,GTB Nagar,True,150,5.017279836814924,2.9,3.309491310190879,3.2652308187184387,0.04426049147244049,2295.0,1995.0
310948,Singh Mutton & Chicken Shop,GTB Nagar,True,300,5.707110264748875,3.0,3.324764731137877,3.3332690071959785,-0.008504276058101556,2985.0,2651.0
18463997,The Mashup,GTB Nagar,True,1100,7.00397413672268,3.2,3.3215168975460245,3.4611790920197736,-0.13966219447374906,4979.0,4546.0
18337898,Vaishnu Bhojanalaya,GTB Nagar,True,150,5.017279836814924,3.1,3.2985892056501207,3.2652308187184387,0.03335838693168203,2411.0,2105.0
18427234,Central Perk,GTB Nagar,True,500,6.2166061010848646,3.8,3.63215672328479,3.3835207391251902,0.24863598415959975,1030.0,858.0
18382697,Diet Dabba,GTB Nagar,True,250,5.5254529391317835,3.7,3.501308497096599,3.3153520889822103,0.18595640811438852,1313.0,1103.0
18400720,Mama's Buoi,GTB Nagar,True,1000,6.90875477931522,3.9,3.8362856178917237,3.4517875773465194,0.3844980405452043,580.0,480.0
3363,New Vikrant Restaurant,GTB Nagar,True,550,6.311734809152915,3.5,3.4475721636712766,3.3929033130260597,0.05466885064521687,2174.0,1875.0
310592,The Vintage Avenue,GTB Nagar,True,800,6.68586094706836,3.9,3.881930464213916,3.4298034897290544,0.4521269744848615,437.0,358.0
18375397,Big Yellow Door,GTB Nagar,True,600,6.398594934535208,4.3,4.123241561788242,3.4014703540590903,0.7217712077291516,118.0,97.0
6628,Amritsar Juction,Gujranwala Town,True,450,6.111467339502679,3.1,3.2985892056501207,3.3731508705500266,-0.0745616648999059,4159.0,3780.0
4079,Bawarchi,Gujranwala Town,True,450,6.111467339502679,3.3,3.331018898151944,3.3731508705500266,-0.04213197239808242,3583.0,3230.0
9392,Bawarchi,Gujranwala Town,True,600,6.398594934535208,3.3,3.329911080360803,3.4014703540590903,-0.0715592736982873,4117.0,3740.0
9386,Bhogalji Bikaner Sweets,Gujranwala Town,True,100,4.61512051684126,2.9,3.3020460136419545,3.2255657205981403,0.07648029304381421,1970.0,1691.0
312400,Bikanervala,Gujranwala Town,True,550,6.311734809152915,3.2,3.2661833102706024,3.3929033130260597,-0.12672000275545736,4859.0,4437.0
310982,Changezi Chicken,Gujranwala Town,True,650,6.478509642208569,3.1,3.235302535717665,3.4093523663952126,-0.17404983067754776,5225.0,4774.0
9421,Giani's,Gujranwala Town,True,400,5.993961427306569,3.4,3.3697788702570564,3.3615612260845467,0.008217644172509697,2737.0,2413.0
1147,Gola Northend,Gujranwala Town,True,1300,7.170888478512505,3.1,3.160355542893664,3.477641905178529,-0.31728636228486495,5839.0,5290.0
18057825,Kay's Chik-In,Gujranwala Town,True,650,6.478509642208569,2.6,3.257366620541205,3.4093523663952126,-0.1519857458540077,5074.0,4635.0
18444811,Mr. Lobo,Gujranwala Town,True,400,5.993961427306569,3.0,3.324764731137877,3.3615612260845467,-0.0367964949466697,3478.0,3128.0
9366,Nut Khut Rasoi,Gujranwala Town,True,300,5.707110264748875,3.4,3.3697788702570564,3.3332690071959785,0.03650986306107784,2377.0,2074.0
18361754,Purani Delhi 6,Gujranwala Town,True,400,5.993961427306569,3.0,3.324764731137877,3.3615612260845467,-0.0367964949466697,3478.0,3128.0
18245254,Raahgiri,Gujranwala Town,True,400,5.993961427306569,3.2,3.3256361144119913,3.3615612260845467,-0.03592511167255541,3453.0,3104.0
18219524,Singh Dhaba,Gujranwala Town,True,600,6.398594934535208,3.0,3.324764731137877,3.4014703540590903,-0.0767056229212133,4196.0,3815.0
305276,Sugar Boutique,Gujranwala Town,True,300,5.707110264748875,3.1,3.305208845838458,3.3332690071959785,-0.028060161357520652,3319.0,2974.0
312355,Zaika Amritsari,Gujranwala Town,True,400,5.993961427306569,3.0,3.2868755125051248,3.3615612260845467,-0.07468571357942189,4163.0,3783.0
6599,Ashok Meat Wala,Gujranwala Town,True,500,6.2166061010848646,3.5,3.4529840693568223,3.3835207391251902,0.06946333023163209,2040.0,1755.0
300022,Baker's Stop,Gujranwala Town,True,350,5.860786223465865,3.8,3.6996005970333674,3.348426114537516,0.3511744824958516,671.0,563.0
6605,Nut Khat Caterers,Gujranwala Town,True,300,5.707110264748875,3.6,3.4984377562525624,3.3332690071959785,0.16516874905658385,1397.0,1178.0
18034044,Penta Cafe,Gujranwala Town,True,500,6.2166061010848646,3.6,3.433048366442568,3.3835207391251902,0.04952762731737792,2242.0,1942.0
300946,Penta Cafeteria,Gujranwala Town,True,500,6.2166061010848646,3.6,3.515364796877135,3.3835207391251902,0.13184405775194463,1579.0,1342.0
18457090,Railway Yard,Gujranwala Town,True,300,5.707110264748875,3.8,3.5382444136941364,3.3332690071959785,0.20497540649815793,1228.0,1029.0
310409,Roti Aur Boti,Gujranwala Town,True,100,4.61512051684126,3.5,3.391231802243395,3.2255657205981403,0.16566608164525487,1394.0,1175.0
307228,Sahni Fish Corner,Gujranwala Town,True,300,5.707110264748875,3.5,3.4100312438309563,3.3332690071959785,0.07676223663497783,1968.0,1690.0
5897,34 Parkstreet Lane,Hauz Khas,True,250,5.5254529391317835,3.2,3.297533299346151,3.3153520889822103,-0.017818789636059318,3146.0,2808.0
18381236,Al Forno by Aishwarya,Hauz Khas,True,800,6.68586094706836,3.4,3.363826223489507,3.4298034897290544,-0.06597726623954747,4009.0,3636.0
18416840,Bakingo,Hauz Khas,True,300,5.707110264748875,2.7,3.231875512505125,3.3332690071959785,-0.10139349469085346,4556.0,4157.0
18222563,Bandstand,Hauz Khas,True,1700,7.438971592395862,3.3,3.3064755947172872,3.50408302562123,-0.19760743090394284,5361.0,4902.0
18449796,Big Fat Sandwich,Hauz Khas,True,800,6.68586094706836,2.9,3.2158932964329643,3.4298034897290544,-0.21391019329609007,5454.0,4988.0
18471243,Blue Tokai Coffee Roasters,Hauz Khas,True,350,5.860786223465865,3.3,3.342585266954364,3.348426114537516,-0.0058408475831517315,2935.0,2603.0
652,Cafe Coffee Day - The Lounge,Hauz Khas,True,750,6.621405651764134,2.6,2.8945002460024596,3.423446244016628,-0.5289459980141684,6263.0,5594.0
9841,Cakes & Bakes,Hauz Khas,True,250,5.5254529391317835,2.9,3.3020460136419545,3.3153520889822103,-0.013306075340255852,3054.0,2718.0
313482,Captain Grub,Hauz Khas,True,1000,6.90875477931522,3.3,3.322841188639159,3.4517875773465194,-0.12894638870736053,4885.0,4460.0
308599,Chaat Corner,Hauz Khas,True,100,4.61512051684126,3.2,3.3215168975460245,3.2255657205981403,0.09595117694788424,1809.0,1544.0
807,Cosy Restaurant,Hauz Khas,True,1100,7.00397413672268,3.4,3.3902152899602767,3.4611790920197736,-0.07096380205949693,4098.0,3722.0
18423871,Food Refill,Hauz Khas,True,300,5.707110264748875,3.1,3.2710073715320482,3.3332690071959785,-0.06226163566393028,3949.0,3578.0
308188,Ganesh Anna South Indian Food Corner,Hauz Khas,True,150,5.017279836814924,3.0,3.301974223689605,3.2652308187184387,0.03674340497116635,2370.0,2067.0
3156,Giani,Hauz Khas,True,400,5.993961427306569,3.3,3.3220397434237494,3.3615612260845467,-0.03952148266079725,3534.0,3181.0
306319,Gravies,Hauz Khas,True,700,6.55250788703459,3.3,3.312196751215085,3.416650836170689,-0.10445408495560393,4601.0,4199.0
311033,Green Chick Chop,Hauz Khas,True,350,5.860786223465865,3.1,3.3018447663984833,3.348426114537516,-0.046581348139032475,3685.0,3326.0
4250,Grub Pub,Hauz Khas,True,1000,6.90875477931522,3.4,3.389574370088679,3.4517875773465194,-0.06221320725784052,3948.0,3577.0
300607,Handi Masala Restaurant,Hauz Khas,True,500,6.2166061010848646,2.6,3.1663466269278073,3.3835207391251902,-0.21717411219738292,5469.0,5001.0
301325,Himalaya Dhaba,Hauz Khas,True,400,5.993961427306569,2.6,3.125893296432964,3.3615612260845467,-0.23566792965158267,5553.0,5072.0
308277,Hot & Hot,Hauz Khas,True,350,5.860786223465865,2.9,3.2747886567848727,3.348426114537516,-0.07363745775264308,4143.0,3764.0
301328,Hot Box,Hauz Khas,True,500,6.2166061010848646,2.6,2.825843746934402,3.3835207391251902,-0.557676992190788,6303.0,5622.0
18313482,Indrani's Kitchen,Hauz Khas,True,800,6.68586094706836,3.3,3.3405246895210885,3.4298034897290544,-0.08927880020796586,4382.0,3991.0
18287406,Kallu Hot Zaika,Hauz Khas,True,800,6.68586094706836,2.9,3.2879391359703063,3.4298034897290544,-0.14186435375874806,4997.0,4561.0
18354624,Kathi Roll Corner 44,Hauz Khas,True,250,5.5254529391317835,3.1,3.3323119009491977,3.3153520889822103,0.01695981196698737,2628.0,2313.0
307025,Mama Dhaba,Hauz Khas,True,150,5.017279836814924,2.8,3.2739040482510084,3.2652308187184387,0.00867322953256977,2720.0,2396.0
18469980,Miam,Hauz Khas,True,800,6.68586094706836,3.2,3.330044399128201,3.4298034897290544,-0.0997590906008532,4539.0,4141.0
309593,Momos House,Hauz Khas,True,350,5.860786223465865,3.3,3.331018898151944,3.348426114537516,-0.017407216385571633,3137.0,2801.0
18252376,Nirula's Ice Cream,Hauz Khas,True,300,5.707110264748875,2.9,3.281250530177715,3.3332690071959785,-0.052018477018263454,3768.0,3404.0
312809,Overdose,Hauz Khas,True,600,6.398594934535208,2.7,3.2408903517001266,3.4014703540590903,-0.16058000235896364,5139.0,4698.0
304546,Punjabi Chaap Corner,Hauz Khas,True,350,5.860786223465865,2.8,3.1858932964329636,3.348426114537516,-0.16253281810455222,5149.0,4705.0
301327,Punjabi Tadka,Hauz Khas,True,500,6.2166061010848646,3.1,3.275893296432964,3.3835207391251902,-0.10762744269222635,4644.0,4237.0
303170,Rapti Chinese Food,Hauz Khas,True,500,6.2166061010848646,3.2,3.2882444136941364,3.3835207391251902,-0.0952763254310538,4472.0,4075.0
306658,Riyaz Chicken Corner,Hauz Khas,True,250,5.5254529391317835,3.4,3.380589680896809,3.3153520889822103,0.06523759191459844,2073.0,1782.0
300564,Sharda Pastry Shop,Hauz Khas,True,150,5.017279836814924,2.8,3.1650341993284794,3.2652308187184387,-0.10019661938995927,4543.0,4145.0
5630,Southy,Hauz Khas,True,450,6.111467339502679,3.1,3.154966655135301,3.3731508705500266,-0.21818421541472555,5478.0,5008.0
306511,Spicy,Hauz Khas,True,500,6.2166061010848646,2.9,3.256653721779153,3.3835207391251902,-0.12686701734603734,4861.0,4439.0
306247,Subway,Hauz Khas,True,500,6.2166061010848646,2.8,2.998621549634614,3.3835207391251902,-0.38489918949057644,6008.0,5410.0
18245263,The Foodie Cafe,Hauz Khas,True,250,5.5254529391317835,3.4,3.364890158092757,3.3153520889822103,0.0495380691105467,2241.0,1941.0
305040,Uncle's Kabab Point,Hauz Khas,True,350,5.860786223465865,3.4,3.377893803243588,3.348426114537516,0.02946768870607208,2473.0,2167.0
673,Wimpy,Hauz Khas,True,350,5.860786223465865,2.6,2.7368495566925928,3.348426114537516,-0.611576557844923,6355.0,5666.0
304542,Zaika,Hauz Khas,True,350,5.860786223465865,2.7,3.1255004100041,3.348426114537516,-0.22292570453341565,5500.0,5027.0
18349919,Natural Ice Cream,Hauz Khas,True,150,5.017279836814924,4.5,4.01476319612334,3.2652308187184387,0.7495323774049014,109.0,91.0
4251,Cafe 6,Hauz Khas,True,500,6.2166061010848646,3.9,3.8409066609896865,3.3835207391251902,0.4573859218644962,433.0,354.0
305736,Cafe Coffee Day,Hauz Khas,True,450,6.111467339502679,3.5,3.4132444136941364,3.3731508705500266,0.040093543144109844,2338.0,2038.0
308257,Dzukou Tribal Kitchen,Hauz Khas,True,1300,7.170888478512505,3.8,3.6866625296407602,3.477641905178529,0.20902062446223146,1194.0,1001.0
18359259,Havmor Ice Cream,Hauz Khas,True,200,5.303304908059076,3.6,3.445728237345664,3.2934415599652347,0.15228667738042923,1460.0,1234.0
18335682,Lost in Frost,Hauz Khas,True,600,6.398594934535208,3.7,3.444963145526977,3.4014703540590903,0.04349279146788687,2304.0,2004.0
303716,Pink Box,Hauz Khas,True,300,5.707110264748875,3.8,3.724700447775026,3.3332690071959785,0.39143144057904733,563.0,464.0
18430873,Potet,Hauz Khas,True,300,5.707110264748875,3.7,3.462674038198715,3.3332690071959785,0.1294050310027366,1593.0,1354.0
18440414,Root'd,Hauz Khas,True,1000,6.90875477931522,3.7,3.444963145526977,3.4517875773465194,-0.006824431819542287,2960.0,2626.0
5267,South Cafe,Hauz Khas,True,350,5.860786223465865,3.5,3.449392574654913,3.348426114537516,0.10096646011739718,1775.0,1511.0
310259,Sri Balaji,Hauz Khas,True,300,5.707110264748875,3.5,3.436074831143048,3.3332690071959785,0.10280582394706927,1761.0,1497.0
18402768,Thalaivar,Hauz Khas,True,800,6.68586094706836,3.8,3.575638068880689,3.4298034897290544,0.14583457915163445,1500.0,1269.0
18418258,The Junction,Hauz Khas,True,1200,7.0909098220799835,3.9,3.7106516250021655,3.4697535855565107,0.2408980394456548,1063.0,888.0
18436439,Cravity ,Hauz Khas,True,350,5.860786223465865,4.0,3.6943512572144948,3.348426114537516,0.34592514267697894,694.0,583.0
18365575,Little Saigon,Hauz Khas,True,1000,6.90875477931522,4.0,3.759185839017481,3.4517875773465194,0.3073982616709614,810.0,676.0
307490,Summer House Cafe,Hauz Khas,True,1850,7.523481312573497,4.1,4.080401992922172,3.512418245461925,0.5679837474602474,260.0,207.0
301001,Elf Cafe & Bar,Hauz Khas Village,True,1600,7.3783837129967145,3.3,3.303336694223516,3.498107224335746,-0.19477053011223022,5345.0,4887.0
8369,Garage Inc.,Hauz Khas Village,True,1900,7.550135342488429,3.4,3.397059766933876,3.5150471406767525,-0.11798737374287649,4773.0,4355.0
304296,My Bar Grill,Hauz Khas Village,True,1200,7.0909098220799835,3.3,3.301779412712682,3.4697535855565107,-0.16797417284382865,5193.0,4743.0
18082196,Wow! Momo,Hauz Khas Village,True,350,5.860786223465865,3.4,3.3955787606487173,3.348426114537516,0.04715264611120151,2262.0,1962.0
307931,Coast Cafe,Hauz Khas Village,True,1400,7.244941546337007,4.5,4.44797830938106,3.4849457821633028,0.9630325272177576,27.0,25.0
313304,Chaayos,Hauz Khas Village,True,400,5.993961427306569,3.9,3.8465457867799353,3.3615612260845467,0.48498456069538864,362.0,295.0
5732,"Elma's Bakery, Bar, and Kitchen",Hauz Khas Village,True,1900,7.550135342488429,3.9,3.8851038951525245,3.5150471406767525,0.370056754475772,616.0,514.0
301131,Fork You,Hauz Khas Village,True,1600,7.3783837129967145,3.8,3.788390987724555,3.498107224335746,0.2902837633888091,880.0,731.0
312437,High5 Cafe & Bar,Hauz Khas Village,True,1200,7.0909098220799835,3.7,3.660076006425952,3.4697535855565107,0.19032242086944118,1290.0,1083.0
301442,Imperfecto,Hauz Khas Village,True,1800,7.496097345175956,3.7,3.6925577224522246,3.5097173562874113,0.18284036616481325,1329.0,1117.0
301574,Maison Des Desserts,Hauz Khas Village,True,1200,7.0909098220799835,3.9,3.8552621143931898,3.4697535855565107,0.3855085288366791,574.0,474.0
308463,Maquina,Hauz Khas Village,True,1800,7.496097345175956,3.8,3.7643060564128366,3.5097173562874113,0.2545887001254252,1005.0,835.0
304027,Masha,Hauz Khas Village,True,1200,7.0909098220799835,3.5,3.483169816975306,3.4697535855565107,0.01341623141879511,2679.0,2363.0
307330,Moonshine Cafe & Bar,Hauz Khas Village,True,2400,7.783640596221253,3.5,3.4921892076637806,3.538077836077581,-0.04588862841380026,3670.0,3311.0
306334,New York Slice,Hauz Khas Village,True,800,6.68586094706836,3.7,3.668238904740349,3.4298034897290544,0.23843541501129462,1078.0,902.0
5030,Out Of The Box,Hauz Khas Village,True,1800,7.496097345175956,3.7,3.6954384759077175,3.5097173562874113,0.18572111962030613,1316.0,1106.0
8893,Raasta,Hauz Khas Village,True,2000,7.601402334583733,3.9,3.8860469801506525,3.520103619964429,0.36594336018622364,634.0,532.0
308322,Hauz Khas Social,Hauz Khas Village,True,1600,7.3783837129967145,4.3,4.294174502600288,3.498107224335746,0.7960672782645424,79.0,64.0
3392,Kunzum Travel Cafe,Hauz Khas Village,True,200,5.303304908059076,4.2,4.129632031726409,3.2934415599652347,0.8361904717611743,68.0,57.0
18408040,Lord of the Drinks Meadow,Hauz Khas Village,True,2200,7.696667081526462,4.2,4.072821194955069,3.529499611421586,0.543321583533483,290.0,234.0
307360,Matchbox,Hauz Khas Village,True,1700,7.438971592395862,4.0,3.9687745881633667,3.50408302562123,0.4646915625421366,407.0,330.0
89,Naivedyam,Hauz Khas Village,True,500,6.2166061010848646,4.2,4.175186474194694,3.3835207391251902,0.791665735069504,82.0,67.0
18208924,Rang De Basanti Urban Dhaba,Hauz Khas Village,True,1300,7.170888478512505,4.4,4.312902594492047,3.477641905178529,0.8352606893135182,69.0,58.0
303092,Smoke House Deli,Hauz Khas Village,True,1600,7.3783837129967145,4.1,4.070602989383259,3.498107224335746,0.5724957650475129,255.0,203.0
307436,Viva Deli - Holiday Inn,"Holiday Inn, Aerocity",True,1000,6.90875477931522,3.3,3.3318041867127524,3.4517875773465194,-0.11998339063376706,4798.0,4377.0
306510,Cafe on 3 - Holiday Inn,"Holiday Inn, Mayur Vihar",True,2000,7.601402334583733,3.4,3.3892938598668496,3.520103619964429,-0.13080976009757928,4903.0,4477.0
312801,The Kylin Experience - Holiday Inn,"Holiday Inn, Mayur Vihar",True,1800,7.496097345175956,3.7,3.603460625707952,3.5097173562874113,0.09374326942054045,1823.0,1558.0
3293,Thugs - Hotel Broadway,"Hotel Broadway, Daryaganj",True,1100,7.00397413672268,3.4,3.380268849176095,3.4611790920197736,-0.08091024284367876,4248.0,3863.0
422,Chor Bizarre - Hotel Broadway,"Hotel Broadway, Daryaganj",True,2000,7.601402334583733,3.9,3.8218387521811263,3.520103619964429,0.30173513221669745,830.0,692.0
3260,Opium Bar - Hotel City Park,"Hotel City Park, Pitampura",True,2000,7.601402334583733,2.8,3.1972430992692273,3.520103619964429,-0.32286052069520155,5854.0,5304.0
1267,Yellow Mirchi - Hotel City Park,"Hotel City Park, Pitampura",True,2500,7.824445930877619,3.9,3.812703021916583,3.542102478856175,0.27060054306040815,943.0,782.0
308069,Cafe Regent,"Hotel Regent Grand, Karol Bagh",True,700,6.55250788703459,3.0,3.307366620541205,3.416650836170689,-0.10928421562948376,4665.0,4257.0
4367,Lutyen's - Hotel The Royal Plaza,"Hotel The Royal Plaza, Janpath",True,3000,8.006700845440367,3.3,3.3174481302104684,3.560078337452493,-0.24263020724202455,5584.0,5098.0
4364,Onyx Bar - Hotel The Royal Plaza,"Hotel The Royal Plaza, Janpath",True,2500,7.824445930877619,3.0,3.253125452210404,3.542102478856175,-0.28897702664577096,5749.0,5226.0
310365,SKY Lounge Bar & Grill - Hotel The Royal Plaza,"Hotel The Royal Plaza, Janpath",True,2500,7.824445930877619,3.4,3.3923965947462023,3.542102478856175,-0.14970588410997276,5061.0,4623.0
4366,Jasmine - Hotel The Royal Plaza,"Hotel The Royal Plaza, Janpath",True,4000,8.294299608857235,3.7,3.516263771508683,3.5884442924450406,-0.07218052093635752,4123.0,3745.0
4365,Lord William Tea Lounge - Hotel The Royal Plaza,"Hotel The Royal Plaza, Janpath",True,2500,7.824445930877619,3.6,3.459914146555259,3.542102478856175,-0.08218833230091604,4279.0,3891.0
18419892,Royal Brewery Bistro,"Hotel The Royal Plaza, Janpath",True,2000,7.601402334583733,3.5,3.3843258849255156,3.520103619964429,-0.13577773503891333,4947.0,4517.0
4357,Cafe - Hyatt Regency,"Hyatt Regency, Bhikaji Cama Place",True,3500,8.160803920954665,3.6,3.560685583065508,3.5752775714558593,-0.01459198839035114,3088.0,2752.0
3379,La Piazza - Hyatt Regency,"Hyatt Regency, Bhikaji Cama Place",True,4500,8.412054873292933,3.9,3.8414216356215847,3.6000585305990374,0.24136310502254732,1061.0,887.0
3264,Polo Lounge - Hyatt Regency,"Hyatt Regency, Bhikaji Cama Place",True,2500,7.824445930877619,3.6,3.4756380688806887,3.542102478856175,-0.0664644099754863,4027.0,3654.0
4368,Sidewalk - Hyatt Regency,"Hyatt Regency, Bhikaji Cama Place",True,1000,6.90875477931522,3.8,3.6282228964867773,3.4517875773465194,0.1764353191402579,1358.0,1143.0
4356,T.K'S Oriental Grill - Hyatt Regency,"Hyatt Regency, Bhikaji Cama Place",True,4000,8.294299608857235,3.9,3.820685931416836,3.5884442924450406,0.23224163897179562,1098.0,919.0
3378,China Kitchen - Hyatt Regency,"Hyatt Regency, Bhikaji Cama Place",True,4500,8.412054873292933,4.0,3.9327960480979014,3.6000585305990374,0.33273751749886404,729.0,608.0
310032,The Hub -  ibis New Delhi,"ibis New Delhi, Aerocity",True,1500,7.313886831633462,3.1,3.312285012936336,3.4917458769774545,-0.17946086404111838,5258.0,4806.0
18436483,Baked and Wrapped,INA,True,500,6.2166061010848646,3.1,3.3280098287093978,3.3835207391251902,-0.05551091041579248,3838.0,3469.0
18245249,M.D. Kitchen,INA,True,600,6.398594934535208,2.6,3.065981401902626,3.4014703540590903,-0.3354889521564641,5892.0,5331.0
301448,Kerala Hotel,INA,True,400,5.993961427306569,3.9,3.728742234078392,3.3615612260845467,0.3671810079938451,629.0,527.0
312231,M.P. Canteen,India Gate,True,350,5.860786223465865,3.1,3.2985892056501207,3.348426114537516,-0.049836908887395115,3737.0,3375.0
18057802,Mysore Cafe,India Gate,True,200,5.303304908059076,3.2,3.3215168975460245,3.2934415599652347,0.02807533758078984,2483.0,2177.0
307622,Maharashtra Sadan,India Gate,True,300,5.707110264748875,3.8,3.730198510318436,3.3332690071959785,0.39692950312245756,552.0,455.0
1546,Abhishek Restaurant,IP Extension,True,400,5.993961427306569,2.9,3.1601474205918527,3.3615612260845467,-0.20141380549269394,5386.0,4926.0
4673,AL Maroosh,IP Extension,True,500,6.2166061010848646,2.8,3.191485952903007,3.3835207391251902,-0.1920347862221834,5326.0,4871.0
18440187,Ambarsari Kababs & Curries,IP Extension,True,400,5.993961427306569,3.0,3.324764731137877,3.3615612260845467,-0.0367964949466697,3478.0,3128.0
304304,Ambrosia - The Golden Palms Hotel,IP Extension,True,1500,7.313886831633462,2.8,3.0308763311992086,3.4917458769774545,-0.4608695457782459,6168.0,5523.0
18107859,Bala's Kitchen,IP Extension,True,300,5.707110264748875,2.9,3.317217561326556,3.3332690071959785,-0.01605144586942231,3105.0,2769.0
303582,Cafe Meadows,IP Extension,True,200,5.303304908059076,3.1,3.264167076670766,3.2934415599652347,-0.029274483294468467,3349.0,3003.0
306595,Dee The Baker,IP Extension,True,300,5.707110264748875,3.4,3.360208845838458,3.3332690071959785,0.026939838642479508,2497.0,2189.0
305348,Dilli Darbaar,IP Extension,True,100,4.61512051684126,3.1,3.283769115676231,3.2255657205981403,0.058203395078090914,2135.0,1842.0
303586,Finger Licious,IP Extension,True,200,5.303304908059076,3.2,3.2398523158618686,3.2934415599652347,-0.053589244103366074,3805.0,3439.0
18289231,Garden Hut,IP Extension,True,450,6.111467339502679,2.7,3.25986896053171,3.3731508705500266,-0.11328191001831645,4721.0,4307.0
9803,Hari Mirch Masala,IP Extension,True,350,5.860786223465865,2.8,2.9800835383353825,3.348426114537516,-0.3683425762021333,5969.0,5387.0
3700,Kamal's,IP Extension,True,550,6.311734809152915,2.8,2.9777140180941277,3.3929033130260597,-0.415189294931932,6074.0,5455.0
3093,Kocktails & Kurries,IP Extension,True,950,6.85751406254539,3.1,3.186101613638514,3.446733689602322,-0.2606320759638079,5655.0,5151.0
308849,Madras Cafe,IP Extension,True,150,5.017279836814924,3.2,3.3044018415536267,3.2652308187184387,0.03917102283518803,2347.0,2047.0
301149,Mahalaxmi Dairy & Sweets,IP Extension,True,100,4.61512051684126,2.6,3.1663466269278073,3.2255657205981403,-0.059219093670332956,3903.0,3532.0
305159,Meet n Eat,IP Extension,True,450,6.111467339502679,2.7,3.003928864288643,3.3731508705500266,-0.3692220062613836,5972.0,5390.0
6256,Punjabi Mirchi,IP Extension,True,650,6.478509642208569,3.3,3.325638068880689,3.4093523663952126,-0.08371429751452375,4307.0,3918.0
18258483,The Garam Masala,IP Extension,True,400,5.993961427306569,3.4,3.3780966123881417,3.3615612260845467,0.01653538630359508,2632.0,2317.0
9806,Unique Pastry Shop,IP Extension,True,200,5.303304908059076,3.4,3.38231504259487,3.2934415599652347,0.08887348262963535,1859.0,1590.0
303590,Vaishno Amritsari Dhaba,IP Extension,True,350,5.860786223465865,3.2,3.274125307503075,3.348426114537516,-0.07430080703444064,4153.0,3774.0
311263,Zara Restaurant,IP Extension,True,400,5.993961427306569,3.3,3.3344182294562668,3.3615612260845467,-0.027142996628279903,3299.0,2955.0
303592,Bhatia Sweets,IP Extension,True,150,5.017279836814924,3.5,3.4500858270569004,3.2652308187184387,0.1848550083384617,1321.0,1111.0
18228856,De Cafepedia,IP Extension,True,250,5.5254529391317835,3.5,3.433142483947775,3.3153520889822103,0.11779039496556454,1666.0,1418.0
18308458,Icy Curls,IP Extension,True,300,5.707110264748875,3.7,3.469088253382533,3.3332690071959785,0.1358192461865544,1560.0,1326.0
6777,Chutneez Restaurant Lounge & Bar,IP Extension,True,1200,7.0909098220799835,2.4,2.669436593932413,3.4697535855565107,-0.8003169916240975,6455.0,5761.0
8376,Domino's Pizza,IP Extension,True,700,6.55250788703459,2.4,2.6877316712981942,3.416650836170689,-0.7289191648724946,6429.0,5735.0
8619,Mangal Sweets,IP Extension,True,400,5.993961427306569,2.4,2.616802468606081,3.3615612260845467,-0.7447587574784658,6437.0,5743.0
18228125,Sweet Tickles,IP Extension,True,500,6.2166061010848646,4.1,3.7942710895858958,3.3835207391251902,0.4107503504607055,524.0,431.0
306026,Ira - The Waterside Bar - ITC Maurya,"ITC Maurya, Chanakyapuri",True,2000,7.601402334583733,3.2,3.312311071974356,3.520103619964429,-0.20779254799007285,5434.0,4971.0
302636,Nutmeg The Gourmet Shop - ITC Maurya,"ITC Maurya, Chanakyapuri",True,1000,6.90875477931522,3.4,3.367736902031182,3.4517875773465194,-0.08405067531533739,4313.0,3924.0
18376494,Fabelle Chocolate Boutique - ITC Maurya,"ITC Maurya, Chanakyapuri",True,1200,7.0909098220799835,3.8,3.481341025366775,3.4697535855565107,0.011587439810264222,2693.0,2373.0
2745,Golf Bar - ITC Maurya,"ITC Maurya, Chanakyapuri",True,3500,8.160803920954665,3.5,3.4224737313862494,3.5752775714558593,-0.1528038400696099,5083.0,4644.0
2742,Bukhara - ITC Maurya,"ITC Maurya, Chanakyapuri",True,6500,8.77971129020447,4.4,4.382126097652281,3.636320596718277,0.7458055009340043,111.0,93.0
309548,Tian - Asian Cuisine Studio - ITC Maurya,"ITC Maurya, Chanakyapuri",True,7000,8.853808274977197,4.1,3.945200551689061,3.6436288052452386,0.30157174644382234,831.0,693.0
311078,Ashish Lal Dhaba,ITO,True,400,5.993961427306569,3.2,3.298833743337433,3.3615612260845467,-0.0627274827471136,3952.0,3581.0
18144464,Lal Dhaba,ITO,True,200,5.303304908059076,3.1,3.3086869618696184,3.2934415599652347,0.015245401904383726,2660.0,2344.0
311117,McDonald's,ITO,True,500,6.2166061010848646,3.2,3.3001693344636145,3.3835207391251902,-0.08335140466157576,4302.0,3913.0
303261,Udupi Cafe,ITO,True,300,5.707110264748875,3.5,3.4560995828331773,3.3332690071959785,0.12283057563719879,1627.0,1384.0
18037812,"34, Chowringhee Lane",Jail Road,True,350,5.860786223465865,2.7,3.231875512505125,3.348426114537516,-0.11655060203239076,4752.0,4334.0
18037793,Amritsar Express,Jail Road,True,100,4.61512051684126,3.1,3.323864195460136,3.2255657205981403,0.09829847486199572,1797.0,1533.0
301818,Anand Chicken & Fast Food,Jail Road,True,400,5.993961427306569,2.8,3.2657332887984047,3.3615612260845467,-0.09582793728614192,4478.0,4081.0
18427235,Baba Chicken Ludhiana Wale,Jail Road,True,300,5.707110264748875,3.1,3.319866620541205,3.3332690071959785,-0.013402386654773668,3061.0,2725.0
307002,Bombay Vada Pav,Jail Road,True,150,5.017279836814924,2.8,3.100139230558972,3.2652308187184387,-0.16509158815946678,5167.0,4720.0
18037806,Cafe Coffee Day,Jail Road,True,450,6.111467339502679,3.1,3.3280098287093978,3.3731508705500266,-0.04514104184062884,3648.0,3290.0
309087,Chin Pokli,Jail Road,True,400,5.993961427306569,3.1,3.2985892056501207,3.3615612260845467,-0.06297202043442596,3954.0,3583.0
18367977,Curries,Jail Road,True,600,6.398594934535208,2.7,3.2802278318237725,3.4014703540590903,-0.12124252223531773,4808.0,4387.0
1106,Deepak Vaishno Dhaba,Jail Road,True,350,5.860786223465865,3.4,3.377893803243588,3.348426114537516,0.02946768870607208,2473.0,2167.0
301857,Delhi Dhaba,Jail Road,True,300,5.707110264748875,3.1,3.2923832929735544,3.3332690071959785,-0.04088571422242415,3550.0,3197.0
302836,Dewan Sweets,Jail Road,True,100,4.61512051684126,3.3,3.337500458959813,3.2255657205981403,0.11193473836167289,1701.0,1450.0
18279090,Flirty Momo's,Jail Road,True,350,5.860786223465865,3.1,3.2431689622128776,3.348426114537516,-0.10525715232463817,4620.0,4217.0
300502,Frontier,Jail Road,True,200,5.303304908059076,3.2,3.317659218258849,3.2934415599652347,0.02421765829361444,2528.0,2217.0
18203169,Giani,Jail Road,True,400,5.993961427306569,3.0,3.3129551045510452,3.3615612260845467,-0.04860612153350141,3709.0,3350.0
306891,Green Chick Chop,Jail Road,True,350,5.860786223465865,3.3,3.3230507408285086,3.348426114537516,-0.02537537370900722,3271.0,2928.0
6959,Khalsa Veg Corner,Jail Road,True,300,5.707110264748875,3.4,3.3663736725395417,3.3332690071959785,0.033104665343563155,2413.0,2107.0
18282019,Kings Kulfi,Jail Road,True,150,5.017279836814924,3.3,3.342585266954364,3.2652308187184387,0.07735444823592541,1965.0,1687.0
2399,Kohli Dhaba,Jail Road,True,600,6.398594934535208,3.4,3.380589680896809,3.4014703540590903,-0.020880673162281482,3197.0,2856.0
5420,Laxmi Ice Cream,Jail Road,True,200,5.303304908059076,3.4,3.367736902031182,3.2934415599652347,0.07429534206594735,1996.0,1713.0
8521,Mosaic - SK Premium Park,Jail Road,True,2500,7.824445930877619,2.9,3.2509925515921823,3.542102478856175,-0.29110992726399276,5756.0,5232.0
18292455,Moti Mahal Delux,Jail Road,True,800,6.68586094706836,2.7,3.2231562418083195,3.4298034897290544,-0.20664724792073486,5422.0,4959.0
4000,Mukesh Chic-Inn Hot & Spice,Jail Road,True,400,5.993961427306569,3.0,3.2967677715570254,3.3615612260845467,-0.06479345452752128,3993.0,3620.0
18241858,Muradabadi Biryani,Jail Road,True,300,5.707110264748875,2.6,3.149440757467276,3.3332690071959785,-0.1838282497287027,5279.0,4826.0
310732,Muradabadi Shahi Biryani & Chicken Corner,Jail Road,True,450,6.111467339502679,3.3,3.3214746217974995,3.3731508705500266,-0.051676248752527076,3766.0,3402.0
300522,Nagi Fish Corner,Jail Road,True,250,5.5254529391317835,3.1,3.319866620541205,3.3153520889822103,0.004514531558994506,2786.0,2462.0
18408034,Nirula's Ice Cream,Jail Road,True,250,5.5254529391317835,3.0,3.324764731137877,3.3153520889822103,0.009412642155666617,2711.0,2387.0
301803,Papa Veg Chinese Food,Jail Road,True,400,5.993961427306569,2.9,3.1696650091500915,3.3615612260845467,-0.19189621693445513,5324.0,4869.0
18282017,Pindi's Kitchen,Jail Road,True,450,6.111467339502679,3.3,3.3418755125051245,3.3731508705500266,-0.03127535804490211,3384.0,3037.0
18455615,Rewari Sweets,Jail Road,True,400,5.993961427306569,3.2,3.337269087968657,3.3615612260845467,-0.024292138115889816,3249.0,2906.0
5400,Roti Aur Boti,Jail Road,True,100,4.61512051684126,3.2,3.2852015028770976,3.2255657205981403,0.05963578227895727,2119.0,1826.0
300561,Sahni Chicken Corner,Jail Road,True,500,6.2166061010848646,3.2,3.302951815976493,3.3835207391251902,-0.08056892314869746,4244.0,3860.0
301823,Sarpal Restaurant,Jail Road,True,550,6.311734809152915,3.1,3.2954369960366265,3.3929033130260597,-0.0974663169894332,4500.0,4103.0
18282009,SGF - Spice Grill Flame,Jail Road,True,500,6.2166061010848646,2.9,3.2879391359703063,3.3835207391251902,-0.09558160315488395,4476.0,4079.0
6978,Shanta Fresh Fish Corner,Jail Road,True,400,5.993961427306569,3.1,3.312285012936336,3.3615612260845467,-0.04927621314821051,3727.0,3365.0
18281946,Shree Meenakshi Dosai,Jail Road,True,250,5.5254529391317835,2.9,3.2879391359703063,3.3153520889822103,-0.02741295301190405,3306.0,2962.0
6052,Singz,Jail Road,True,600,6.398594934535208,2.9,3.108608780663278,3.4014703540590903,-0.2928615733958124,5761.0,5235.0
5965,Sona Bakers,Jail Road,True,200,5.303304908059076,3.4,3.363826223489507,3.2934415599652347,0.0703846635242722,2029.0,1744.0
18381639,Tak - a - Tak,Jail Road,True,300,5.707110264748875,3.3,3.339881440481071,3.3332690071959785,0.006612433285092312,2764.0,2440.0
18289278,The Great Indian Food Truck,Jail Road,True,250,5.5254529391317835,3.0,3.3129551045510452,3.3153520889822103,-0.0023969844311650945,2896.0,2567.0
308716,Tihar Food Court,Jail Road,True,300,5.707110264748875,2.9,3.2509925515921823,3.3332690071959785,-0.08227645560379626,4281.0,3893.0
306985,Uncle Da Dhabha,Jail Road,True,200,5.303304908059076,3.0,3.3129551045510452,3.2934415599652347,0.01951354458581056,2593.0,2279.0
307861,Variety Chicken Corner,Jail Road,True,450,6.111467339502679,2.9,3.2401927807739614,3.3731508705500266,-0.13295808977606516,4922.0,4496.0
18429381,Wah Ji Wah,Jail Road,True,450,6.111467339502679,2.5,3.219181564660474,3.3731508705500266,-0.15396930588955282,5086.0,4647.0
18366009,9 Scoops,Jail Road,True,300,5.707110264748875,3.6,3.451372326223262,3.3332690071959785,0.11810331902728333,1664.0,1417.0
18415357,Kati Roll Cottage,Jail Road,True,200,5.303304908059076,3.5,3.3843258849255156,3.2934415599652347,0.09088432496028087,1842.0,1575.0
300501,Pul Bangash Wale,Jail Road,True,300,5.707110264748875,3.7,3.5761777590601995,3.3332690071959785,0.242908751864221,1051.0,878.0
307006,Sunny Chicken Soup,Jail Road,True,200,5.303304908059076,3.6,3.5017139576637697,3.2934415599652347,0.208272397698535,1201.0,1007.0
18424895,Yo Momos,Jail Road,True,300,5.707110264748875,3.7,3.480929881414199,3.3332690071959785,0.1476608742182206,1482.0,1255.0
18245258,Grillz,Jail Road,True,500,6.2166061010848646,2.2,3.0295960404456985,3.3835207391251902,-0.3539246986794917,5938.0,5366.0
17977777,The Barbeque Company,Jail Road,True,1200,7.0909098220799835,4.2,4.137929150373593,3.4697535855565107,0.6681755648170826,153.0,126.0
18349901,Anmol Chicken Corner,Jama Masjid,True,400,5.993961427306569,3.1,3.319866620541205,3.3615612260845467,-0.04169460554334181,3565.0,3212.0
18349910,Babu Bhai Kabab Wale,Jama Masjid,True,200,5.303304908059076,3.4,3.360861159841106,3.2934415599652347,0.06741959987587132,2054.0,1766.0
304091,Chicken Mughlai,Jama Masjid,True,350,5.860786223465865,3.0,3.3129551045510452,3.348426114537516,-0.03547100998647057,3446.0,3097.0
18420675,Cool Point Shahi Tukda,Jama Masjid,True,100,4.61512051684126,3.1,3.3280098287093978,3.2255657205981403,0.10244410811125748,1763.0,1499.0
308014,Jawahar Hotel,Jama Masjid,True,500,6.2166061010848646,3.4,3.3731745028124434,3.3835207391251902,-0.010346236312746893,3020.0,2685.0
18291241,Lalu Kababe,Jama Masjid,True,200,5.303304908059076,3.2,3.3195569475856046,3.2934415599652347,0.026115387620369912,2508.0,2200.0
18336178,Phelwan Biryani Wala,Jama Masjid,True,150,5.017279836814924,3.0,3.3187505694501387,3.2652308187184387,0.05351975073170001,2184.0,1885.0
18454466,Qureshi Kabab Corner,Jama Masjid,True,300,5.707110264748875,3.0,3.3187505694501387,3.3332690071959785,-0.01451843774583983,3078.0,2742.0
993,Al Jawahar,Jama Masjid,True,600,6.398594934535208,3.8,3.786543776468976,3.4014703540590903,0.38507342240988596,576.0,476.0
305598,Aslam Chicken,Jama Masjid,True,400,5.993961427306569,3.9,3.860690834430274,3.3615612260845467,0.4991296083457275,345.0,280.0
18336494,Dil Pasand Biryani Point,Jama Masjid,True,200,5.303304908059076,3.5,3.380533290988647,3.2934415599652347,0.0870917310234125,1874.0,1605.0
18340727,Haji Mohd. Hussain,Jama Masjid,True,300,5.707110264748875,3.6,3.4283455035254575,3.3332690071959785,0.09507649632947901,1815.0,1550.0
308001,Kallan Sweets,Jama Masjid,True,100,4.61512051684126,3.8,3.6226816995992537,3.2255657205981403,0.3971159790011134,551.0,454.0
18396855,The Walled City - Cafí© & Lounge,Jama Masjid,True,700,6.55250788703459,3.8,3.5529497837113198,3.416650836170689,0.13629894754063088,1553.0,1319.0
18079620,Cool Point,Jama Masjid,True,100,4.61512051684126,4.2,3.8475638199178603,3.2255657205981403,0.62199809931972,197.0,154.0
304617,Haji Shabrati Nihari Wale,Jama Masjid,True,200,5.303304908059076,4.0,3.8061739679896798,3.2934415599652347,0.5127324080244451,327.0,265.0
463,Karim's,Jama Masjid,True,800,6.68586094706836,4.0,3.9932909520367894,3.4298034897290544,0.563487462307735,266.0,212.0
18291442,Qureshi Kabab Corner,Jama Masjid,True,200,5.303304908059076,4.3,3.9281002460024603,3.2934415599652347,0.6346586860372256,183.0,147.0
300430,Bake Bikaner,Janakpuri,True,500,6.2166061010848646,3.3,3.318611338891167,3.3835207391251902,-0.06490940023402336,3996.0,3623.0
533,Barista,Janakpuri,True,650,6.478509642208569,3.3,3.3204270792707926,3.4093523663952126,-0.08892528712441994,4375.0,3984.0
18365984,Behrouz Biryani,Janakpuri,True,600,6.398594934535208,3.4,3.3756380688806886,3.4014703540590903,-0.025832285178401637,3279.0,2935.0
18057812,Brunchilli,Janakpuri,True,800,6.68586094706836,3.2,3.2557333139120868,3.4298034897290544,-0.1740701758169676,5226.0,4775.0
7012,Cafe Coffee Day,Janakpuri,True,450,6.111467339502679,3.4,3.3758841489930047,3.3731508705500266,0.0027332784429781043,2812.0,2488.0
313194,Chawla Dillivala,Janakpuri,True,600,6.398594934535208,2.7,2.927946648216482,3.4014703540590903,-0.47352370584260806,6186.0,5534.0
18466975,Dhaba Ambarsariya,Janakpuri,True,700,6.55250788703459,3.3,3.3348962604209373,3.416650836170689,-0.08175457574975153,4264.0,3877.0
8365,Domino's Pizza,Janakpuri,True,700,6.55250788703459,3.4,3.3825732171555294,3.416650836170689,-0.03407761901515949,3428.0,3080.0
307699,GPW - The Food Hub,Janakpuri,True,400,5.993961427306569,3.0,3.144643115548802,3.3615612260845467,-0.21691811053574472,5467.0,4999.0
305723,Green Bhojanalya,Janakpuri,True,400,5.993961427306569,3.2,3.251120901726259,3.3615612260845467,-0.11044032435828788,4684.0,4275.0
18175283,Hira Sweets,Janakpuri,True,600,6.398594934535208,2.5,2.811287542912742,3.4014703540590903,-0.5901828111463483,6331.0,5646.0
4018,Hot Curries,Janakpuri,True,700,6.55250788703459,3.4,3.3780966123881417,3.416650836170689,-0.03855422378254714,3521.0,3168.0
4019,Meenu Caterers,Janakpuri,True,600,6.398594934535208,2.7,2.943607104964179,3.4014703540590903,-0.45786324909491105,6161.0,5519.0
482,Moti Mahal Delux,Janakpuri,True,1000,6.90875477931522,2.6,2.839042407469529,3.4517875773465194,-0.6127451698769906,6357.0,5668.0
355,New Kadimi,Janakpuri,True,600,6.398594934535208,2.5,2.69768971919577,3.4014703540590903,-0.7037806348633202,6418.0,5724.0
1104,Polka Pastry & Snack Bar,Janakpuri,True,350,5.860786223465865,3.2,3.2667795563090762,3.348426114537516,-0.08164655822843958,4262.0,3875.0
300994,Pudding & Pie,Janakpuri,True,450,6.111467339502679,3.4,3.3792393978287607,3.3731508705500266,0.006088527278734102,2773.0,2449.0
310691,Singz,Janakpuri,True,700,6.55250788703459,2.5,2.939079271055868,3.416650836170689,-0.4775715651148209,6195.0,5541.0
303247,Slice of Italy,Janakpuri,True,700,6.55250788703459,3.4,3.3903341325923377,3.416650836170689,-0.02631670357835114,3291.0,2947.0
311616,Subway,Janakpuri,True,500,6.2166061010848646,3.1,3.204343480934809,3.3835207391251902,-0.17917725819038122,5256.0,4804.0
7025,Suruchee,Janakpuri,True,500,6.2166061010848646,3.4,3.3763616905971037,3.3835207391251902,-0.007159048528086576,2966.0,2632.0
301335,The Bubble Tea Cafe,Janakpuri,True,600,6.398594934535208,3.0,3.074513120131201,3.4014703540590903,-0.3269572339278892,5871.0,5319.0
4016,The Destination,Janakpuri,True,1400,7.244941546337007,3.3,3.3187502294799063,3.4849457821633028,-0.16619555268339647,5176.0,4726.0
18238968,The Night Delights,Janakpuri,True,800,6.68586094706836,3.4,3.384188945366275,3.4298034897290544,-0.04561454436277934,3666.0,3307.0
18175340,Tingling Pepper,Janakpuri,True,400,5.993961427306569,3.4,3.3797672097483686,3.3615612260845467,0.01820598366382198,2615.0,2300.0
313498,Wah G Wah,Janakpuri,True,450,6.111467339502679,2.7,3.0710759389570637,3.3731508705500266,-0.30207493159296295,5788.0,5255.0
18421049,Midnight Hunger Hub,Janakpuri,True,800,6.68586094706836,4.5,3.93143970454856,3.4298034897290544,0.5016362148195057,343.0,278.0
18345739,BarShala,Janakpuri,True,600,6.398594934535208,3.5,3.4181183230371626,3.4014703540590903,0.016647968978072303,2631.0,2316.0
18261158,Bemisaal Reloaded,Janakpuri,True,1250,7.1316985104669115,3.8,3.6757770098887423,3.473776586508402,0.20200042338034052,1239.0,1039.0
4010,Bon Appí©tit,Janakpuri,True,350,5.860786223465865,3.8,3.7157568227981126,3.348426114537516,0.36733070826059677,628.0,526.0
309283,Burger Point,Janakpuri,True,300,5.707110264748875,3.6,3.5427818345084856,3.3332690071959785,0.2095128273125071,1189.0,996.0
17977755,Cakes 'n' Crumbs,Janakpuri,True,400,5.993961427306569,3.6,3.4975842920193903,3.3615612260845467,0.1360230659348436,1556.0,1322.0
5388,China Fort,Janakpuri,True,700,6.55250788703459,3.5,3.440752282522825,3.416650836170689,0.02410144635213607,2531.0,2220.0
4723,Giani,Janakpuri,True,400,5.993961427306569,3.5,3.411128423784237,3.3615612260845467,0.049567197699690535,2238.0,1938.0
311889,Hot Cherries,Janakpuri,True,400,5.993961427306569,3.6,3.5261365500018633,3.3615612260845467,0.16457532391731666,1402.0,1183.0
311922,KFC,Janakpuri,True,500,6.2166061010848646,3.5,3.434347123876644,3.3835207391251902,0.050826384751453624,2220.0,1920.0
185,McDonald's,Janakpuri,True,500,6.2166061010848646,3.6,3.5465461875013484,3.3835207391251902,0.16302544837615818,1409.0,1189.0
18268370,Pasta Xpress,Janakpuri,True,700,6.55250788703459,3.6,3.4839288642886426,3.416650836170689,0.06727802811795369,2057.0,1768.0
4021,Tandoor Bar-Be-Que,Janakpuri,True,600,6.398594934535208,3.5,3.4595140597239302,3.4014703540590903,0.05804370566483996,2136.0,1843.0
300527,TBK Kulcha's,Janakpuri,True,300,5.707110264748875,3.6,3.5402575036779775,3.3332690071959785,0.20698849648199902,1216.0,1018.0
18219547,The Pindi,Janakpuri,True,1300,7.170888478512505,3.5,3.451090810404748,3.477641905178529,-0.026551094773780815,3293.0,2949.0
18412874,The Tangy Tomatoes,Janakpuri,True,400,5.993961427306569,3.7,3.489043589509969,3.3615612260845467,0.1274823634254223,1602.0,1363.0
18244719,Thela,Janakpuri,True,500,6.2166061010848646,3.5,3.4464156672816726,3.3835207391251902,0.06289492815648234,2093.0,1801.0
18322665,Wah Ji Wah,Janakpuri,True,450,6.111467339502679,3.7,3.544659370457341,3.3731508705500266,0.17150849990731443,1375.0,1159.0
7018,Muffins,Janakpuri,True,250,5.5254529391317835,1.9,2.5183698326113695,3.3153520889822103,-0.7969822563708409,6454.0,5760.0
18446409,Food Scouts,Janakpuri,True,700,6.55250788703459,4.3,3.6452469119761615,3.416650836170689,0.2285960758054726,1108.0,927.0
7891,Aggarwal Sweet India,Jangpura,True,150,5.017279836814924,2.8,3.2220707929735544,3.2652308187184387,-0.04316002574488431,3609.0,3256.0
304445,Bhola Dhaba,Jangpura,True,300,5.707110264748875,2.8,3.141930768991234,3.3332690071959785,-0.19133823820474438,5320.0,4865.0
18337922,Cake Me Up,Jangpura,True,400,5.993961427306569,3.1,3.319866620541205,3.3615612260845467,-0.04169460554334181,3565.0,3212.0
18357562,Chawla Snacks,Jangpura,True,250,5.5254529391317835,2.9,3.317217561326556,3.3153520889822103,0.0018654723443458643,2821.0,2496.0
9602,Chef Joint,Jangpura,True,400,5.993961427306569,3.2,3.2788567101096535,3.3615612260845467,-0.08270451597489314,4285.0,3896.0
310305,China Hut,Jangpura,True,400,5.993961427306569,3.0,3.2648081653893457,3.3615612260845467,-0.09675306069520095,4491.0,4094.0
18025100,Chinese Hut,Jangpura,True,450,6.111467339502679,2.8,3.30023205093162,3.3731508705500266,-0.07291881961840652,4134.0,3755.0
18355110,Curries & Kebabs,Jangpura,True,500,6.2166061010848646,2.7,3.269866620541205,3.3835207391251902,-0.11365411858398522,4722.0,4308.0
18322676,Giani's,Jangpura,True,400,5.993961427306569,3.1,3.312285012936336,3.3615612260845467,-0.04927621314821051,3727.0,3365.0
308488,Green Chick Chop,Jangpura,True,350,5.860786223465865,3.1,3.2923832929735544,3.348426114537516,-0.056042821563961454,3851.0,3482.0
7874,Kabul Restaurant,Jangpura,True,450,6.111467339502679,2.8,3.1650341993284794,3.3731508705500266,-0.2081166712215472,5435.0,4972.0
18313115,Kadimi Dukan,Jangpura,True,200,5.303304908059076,3.2,3.3256361144119913,3.2934415599652347,0.03219455444675656,2421.0,2115.0
302514,Kadimi Sweets,Jangpura,True,200,5.303304908059076,3.1,3.235302535717665,3.2934415599652347,-0.05813902424756989,3879.0,3509.0
9573,McDonald's,Jangpura,True,500,6.2166061010848646,3.4,3.378491268020788,3.3835207391251902,-0.005029471104402106,2922.0,2591.0
7892,Modi Pastry Corner,Jangpura,True,100,4.61512051684126,2.6,3.1577656174289013,3.2255657205981403,-0.06780010316923901,4054.0,3680.0
9568,New Evergreen Hotel,Jangpura,True,450,6.111467339502679,2.9,3.2948666205412054,3.3731508705500266,-0.07828425000882122,4218.0,3834.0
3681,Nikku Hotel,Jangpura,True,500,6.2166061010848646,2.6,3.234698806039784,3.3835207391251902,-0.14882193308540614,5053.0,4615.0
3337,Om Hotel,Jangpura,True,600,6.398594934535208,3.3,3.31329381349369,3.4014703540590903,-0.08817654056540025,4360.0,3969.0
310101,Pakeeza Burger,Jangpura,True,600,6.398594934535208,2.6,3.1751957929735544,3.4014703540590903,-0.2262745610855359,5514.0,5040.0
7889,Paljees Fresh Baked,Jangpura,True,200,5.303304908059076,3.1,3.2894235500047304,3.2934415599652347,-0.004018009960504276,2916.0,2585.0
7879,Pinka's Rasoi,Jangpura,True,500,6.2166061010848646,3.1,3.275893296432964,3.3835207391251902,-0.10762744269222635,4644.0,4237.0
310469,Republic of Chicken,Jangpura,True,400,5.993961427306569,2.8,3.30023205093162,3.3615612260845467,-0.061329175152926574,3937.0,3566.0
18449787,Sandwich & Sons,Jangpura,True,500,6.2166061010848646,3.2,3.3015415171274998,3.3835207391251902,-0.08197922199769048,4270.0,3883.0
303608,Simple Restaurant,Jangpura,True,500,6.2166061010848646,3.0,3.2689457929735544,3.3835207391251902,-0.11457494615163588,4734.0,4318.0
307785,Subway,Jangpura,True,500,6.2166061010848646,3.3,3.319783706695334,3.3835207391251902,-0.06373703242985629,3968.0,3596.0
310100,Tempting Bar-B-Que,Jangpura,True,650,6.478509642208569,3.3,3.33221193269625,3.4093523663952126,-0.07714043369896251,4204.0,3821.0
310468,The Biryani Hut,Jangpura,True,400,5.993961427306569,2.9,3.309491310190879,3.3615612260845467,-0.052069915893667496,3773.0,3409.0
3339,Beliram Degchiwala,Jangpura,True,900,6.803505257608338,3.5,3.453285453527612,3.4414067844659977,0.011878669061614389,2689.0,2371.0
18369763,Instapizza,Jangpura,True,900,6.803505257608338,3.9,3.6414666418298793,3.4414067844659977,0.20005985736388165,1245.0,1045.0
312949,Janta Bakery,Jangpura,True,150,5.017279836814924,3.6,3.449537416670463,3.2652308187184387,0.1843065979520242,1323.0,1112.0
3684,Pal Refreshment Corner,Jangpura,True,500,6.2166061010848646,3.5,3.4100312438309563,3.3835207391251902,0.026510504705766103,2500.0,2192.0
18463963,Transform Nutrition,Jangpura,True,400,5.993961427306569,3.5,3.392831334563345,3.3615612260845467,0.03127010847879852,2448.0,2142.0
300744,Chawla's_,Jangpura,True,800,6.68586094706836,2.3,2.594357318573185,3.4298034897290544,-0.8354461711558692,6465.0,5771.0
8509,Barbeque Nation,Jangpura,True,1600,7.3783837129967145,4.0,3.95991491897895,3.498107224335746,0.46180769464320415,417.0,339.0
3338,Novelty Dairy & Stores,Jangpura,True,200,5.303304908059076,4.1,4.008510051746402,3.2934415599652347,0.7150684917811674,122.0,100.0
18133513,Caara Cafe,Janpath,True,600,6.398594934535208,3.3,3.3232641736139583,3.4014703540590903,-0.07820618044513195,4216.0,3832.0
619,Cafe Coffee Day - The Lounge,Janpath,True,750,6.621405651764134,3.3,3.31932715961775,3.423446244016628,-0.10411908439887796,4592.0,4190.0
300581,Cafe Coffee Day,Janpath,True,450,6.111467339502679,3.1,3.2483437439796083,3.3731508705500266,-0.12480712657041826,4837.0,4415.0
300577,Costa Coffee,Janpath,True,600,6.398594934535208,3.4,3.3701566343788434,3.4014703540590903,-0.031313719680246876,3391.0,3044.0
6174,Gulnar - Hotel Janpath,Janpath,True,2000,7.601402334583733,3.2,3.283286862363005,3.520103619964429,-0.23681675760142396,5563.0,5080.0
300593,Kalpana Restaurant,Janpath,True,500,6.2166061010848646,3.2,3.283286862363005,3.3835207391251902,-0.10023387676218531,4545.0,4146.0
300589,Meenas,Janpath,True,550,6.311734809152915,2.9,3.2948666205412054,3.3929033130260597,-0.09803669248485436,4509.0,4111.0
261,Pizza Hut,Janpath,True,1000,6.90875477931522,3.4,3.3855304893958027,3.4517875773465194,-0.06625708795071672,4019.0,3646.0
18400724,Prince Chaat Corner,Janpath,True,150,5.017279836814924,3.2,3.3215168975460245,3.2652308187184387,0.05628607882758585,2155.0,1860.0
300591,Rajeev Restaurant,Janpath,True,200,5.303304908059076,3.0,3.3187505694501387,3.2934415599652347,0.025309009484904,2515.0,2206.0
18372578,RSVP,Janpath,True,3000,8.006700845440367,2.7,3.190962011543192,3.560078337452493,-0.3691163259093009,5971.0,5389.0
307371,Samridhi,Janpath,True,350,5.860786223465865,3.2,3.255317393659011,3.348426114537516,-0.09310872087850486,4448.0,4052.0
300584,Shan E Dilli,Janpath,True,400,5.993961427306569,3.0,3.307366620541205,3.3615612260845467,-0.054194605543341545,3817.0,3449.0
18462606,Svasti Cafe,Janpath,True,800,6.68586094706836,3.1,3.323864195460136,3.4298034897290544,-0.10593929426891835,4625.0,4222.0
18357558,The Zest,Janpath,True,1100,7.00397413672268,3.2,3.3235421791717914,3.4611790920197736,-0.13763691284798218,4961.0,4529.0
18345728,Masala Library,Janpath,True,5000,8.517393171418904,4.9,4.7339442686002355,3.6104480795252334,1.1234961890750021,10.0,8.0
301301,Bhogal Chole Bhature Wala,Janpath,True,150,5.017279836814924,3.8,3.5709638619823694,3.2652308187184387,0.3057330432639307,818.0,683.0
18249111,Bunta Bar,Janpath,True,1200,7.0909098220799835,3.9,3.8461172960928005,3.4697535855565107,0.3763637105362898,598.0,496.0
308280,Cafe Coffee Day The Square,Janpath,True,700,6.55250788703459,3.7,3.525638068880689,3.416650836170689,0.1089872327100001,1722.0,1465.0
309807,Cottage Cafí© by Smoothie factory,Janpath,True,650,6.478509642208569,3.7,3.6371784218761305,3.4093523663952126,0.22782605548091794,1113.0,932.0
8451,Depaul's,Janpath,True,200,5.303304908059076,3.7,3.6673903258593654,3.2934415599652347,0.37394876589413073,606.0,504.0
3782,Fresc Co,Janpath,True,1900,7.550135342488429,3.8,3.7842496638612513,3.5150471406767525,0.2692025231844988,952.0,789.0
18168125,Informal,Janpath,True,1200,7.0909098220799835,3.9,3.855484322434284,3.4697535855565107,0.38573073687777315,573.0,473.0
311982,Lutyens Cocktail House,Janpath,True,2100,7.650168700845001,3.9,3.8227371573284694,3.524913461752629,0.2978236955758402,848.0,705.0
182,McDonald's,Janpath,True,500,6.2166061010848646,3.8,3.6937803417889246,3.3835207391251902,0.3102596026637343,794.0,665.0
18349923,Office Office,Janpath,True,1200,7.0909098220799835,3.9,3.820919208089139,3.4697535855565107,0.3511656225326285,672.0,564.0
311871,Pappu Chat Bhandar,Janpath,True,150,5.017279836814924,3.5,3.392831334563345,3.2652308187184387,0.1276005158449065,1601.0,1362.0
8911,The Beer Cafe,Janpath,True,1250,7.1316985104669115,3.6,3.588990542683205,3.473776586508402,0.11521395617480312,1682.0,1433.0
18398618,The Masala Trail,Janpath,True,800,6.68586094706836,3.9,3.82361514417701,3.4298034897290544,0.39381165444795574,557.0,458.0
18306547,52 Janpath,Janpath,True,1550,7.346655163176539,4.2,4.098567148171481,3.494977827653072,0.6035893205184095,215.0,168.0
18424189,Cafe Southall,Janpath,True,1350,7.208600337960199,4.2,4.00290298933795,3.4813614375404534,0.5215415517974966,314.0,254.0
899,Saravana Bhavan,Janpath,True,500,6.2166061010848646,4.2,4.178317273592444,3.3835207391251902,0.7947965344672534,80.0,65.0
18357911,Tourist Janpath,Janpath,True,2000,7.601402334583733,4.1,4.033295510455105,3.520103619964429,0.5131918904906758,326.0,264.0
7901,Cafe Coffee Day,Jasola,True,450,6.111467339502679,3.1,3.2710073715320482,3.3731508705500266,-0.10214349901797837,4566.0,4167.0
309778,Cafe Punjabi,Jasola,True,300,5.707110264748875,3.3,3.330640618906189,3.3332690071959785,-0.0026283882897897293,2900.0,2571.0
18359262,Chai Garam,Jasola,True,300,5.707110264748875,2.9,3.3020460136419545,3.3332690071959785,-0.031222993554024026,3381.0,3034.0
18358682,Chai Shots,Jasola,True,200,5.303304908059076,3.0,3.2689457929735544,3.2934415599652347,-0.024495766991680323,3250.0,2907.0
18413811,Chao Cart,Jasola,True,400,5.993961427306569,3.1,3.3323119009491977,3.3615612260845467,-0.029249325135348947,3346.0,3000.0
8160,Deli Belly,Jasola,True,1000,6.90875477931522,2.6,2.9756380688806887,3.4517875773465194,-0.4761495084658307,6189.0,5536.0
18240023,Ego,Jasola,True,800,6.68586094706836,3.3,3.339881440481071,3.4298034897290544,-0.08992204924798353,4388.0,3995.0
306038,Fresh n Refresh,Jasola,True,500,6.2166061010848646,2.8,3.1804581795817954,3.3835207391251902,-0.2030625595433948,5400.0,4939.0
18337775,Jack Po!tato's,Jasola,True,150,5.017279836814924,3.3,3.3392582929735544,3.2652308187184387,0.07402747425511569,1999.0,1716.0
18241514,Moti Mahal Delux,Jasola,True,950,6.85751406254539,2.8,3.160167076670766,3.446733689602322,-0.28656661293155583,5739.0,5219.0
7912,Pizza Hut Delivery,Jasola,True,800,6.68586094706836,2.5,2.934505528649036,3.4298034897290544,-0.49529796108001856,6216.0,5556.0
18387753,Riviera,Jasola,True,1000,6.90875477931522,3.2,3.330044399128201,3.4517875773465194,-0.12174317821831826,4812.0,4391.0
9700,Subway,Jasola,True,500,6.2166061010848646,2.8,3.0328666443992023,3.3835207391251902,-0.35065409472598796,5930.0,5360.0
307342,Tamura,Jasola,True,1500,7.313886831633462,3.3,3.3369489816221685,3.4917458769774545,-0.15479689535528607,5093.0,4653.0
301898,ANF Kitchen Express,Jasola,True,450,6.111467339502679,3.5,3.4256380688806884,3.3731508705500266,0.052487198330661844,2197.0,1898.0
18322937,Mumu Dahlin,Jasola,True,1000,6.90875477931522,3.8,3.6440605017752303,3.4517875773465194,0.1922729244287109,1284.0,1078.0
18303834,Startup Cafe,Jasola,True,500,6.2166061010848646,3.7,3.565452998033917,3.3835207391251902,0.18193225890872666,1335.0,1123.0
18241883,Starvin' Marvin,Jasola,True,600,6.398594934535208,3.8,3.6996005970333674,3.4014703540590903,0.29813024297427715,847.0,704.0
18285180,Wok On Wheels,Jasola,True,550,6.311734809152915,3.8,3.6295545019403677,3.3929033130260597,0.23665118891430792,1082.0,905.0
7908,Sagar Ratna,Jasola,True,600,6.398594934535208,2.4,2.77290024600246,3.4014703540590903,-0.6285701080566302,6371.0,5680.0
4503,Paatra - Jaypee Siddharth,"Jaypee Siddharth, Rajendra Place",True,3500,8.160803920954665,3.4,3.3858729630195707,3.5752775714558593,-0.1894046084362886,5309.0,4854.0
4502,Eggspectation - Jaypee Siddharth,"Jaypee Siddharth, Rajendra Place",True,3000,8.006700845440367,3.5,3.4709662579693523,3.560078337452493,-0.0891120794831406,4377.0,3986.0
4499,Ano Tai - Jaypee Vasant Continental,"Jaypee Vasant Continental, Vasant Vihar",True,2500,7.824445930877619,3.4,3.378871953542544,3.542102478856175,-0.1632305253136308,5154.0,4709.0
4235,Tapas - Jaypee Vasant Continental,"Jaypee Vasant Continental, Vasant Vihar",True,3000,8.006700845440367,3.2,3.3015415171274998,3.560078337452493,-0.25853682032499314,5647.0,5145.0
4500,The Old Baker - Jaypee Vasant Continental,"Jaypee Vasant Continental, Vasant Vihar",True,500,6.2166061010848646,3.3,3.3380686477319315,3.3835207391251902,-0.04545209139325879,3656.0,3297.0
4234,Eggspectation - Jaypee Vasant Continental,"Jaypee Vasant Continental, Vasant Vihar",True,3000,8.006700845440367,3.6,3.5422394822289456,3.560078337452493,-0.017838855223547334,3148.0,2810.0
4501,Paatra - Jaypee Vasant Continental,"Jaypee Vasant Continental, Vasant Vihar",True,2500,7.824445930877619,3.5,3.443066646486777,3.542102478856175,-0.09903583236939806,4526.0,4128.0
308243,Ambarsaria by Gourmet Affaire's,"JMD Kohinoor Mall, Greater Kailash",True,400,5.993961427306569,3.1,3.2338318559816033,3.3615612260845467,-0.12772937010294338,4872.0,4448.0
703,August Moon,"JMD Kohinoor Mall, Greater Kailash",True,1250,7.1316985104669115,2.8,2.941426862567055,3.473776586508402,-0.5323497239413468,6268.0,5598.0
18334427,Keventers,"JMD Kohinoor Mall, Greater Kailash",True,400,5.993961427306569,3.3,3.342585266954364,3.3615612260845467,-0.018975959130182574,3156.0,2817.0
310529,Moets Curry Leaf Express,"JMD Kohinoor Mall, Greater Kailash",True,900,6.803505257608338,3.2,3.302951815976493,3.4414067844659977,-0.1384549684895049,4967.0,4535.0
309844,Natural Ice Cream,"JMD Kohinoor Mall, Greater Kailash",True,150,5.017279836814924,4.5,4.421166009454212,3.2652308187184387,1.1559351907357733,8.0,7.0
306034,"34, Chowringhee Lane",JNU,True,300,5.707110264748875,3.2,3.3158207929735544,3.3332690071959785,-0.017448214222424152,3139.0,2803.0
303604,Qureshi,JNU,True,350,5.860786223465865,3.0,3.2264806677672038,3.348426114537516,-0.12194544677031205,4814.0,4393.0
1505,Shree Ram Sweet Centre,JNU,True,150,5.017279836814924,2.7,3.214718237908185,3.2652308187184387,-0.05051258081025356,3748.0,3386.0
303583,Teflas,JNU,True,300,5.707110264748875,3.4,3.376593438728505,3.3332690071959785,0.0433244315325263,2307.0,2007.0
18175324,The Viraj Food Zone,JNU,True,500,6.2166061010848646,3.2,3.295032445516763,3.3835207391251902,-0.08848829360842725,4362.0,3971.0
18391147,RollsKing,JNU,True,300,5.707110264748875,3.5,3.3843258849255156,3.3332690071959785,0.05105687772953704,2215.0,1915.0
301130,Secular House Canteen,JNU,True,600,6.398594934535208,3.8,3.7525108655514194,3.4014703540590903,0.3510405114923292,673.0,565.0
7807,Kerala Cafe,JNU,True,150,5.017279836814924,2.3,2.8538981801108334,3.2652308187184387,-0.41133263860760527,6061.0,5444.0
300887,Veer Jee Restaurant,Jor Bagh,True,450,6.111467339502679,3.1,3.2465777470274695,3.3731508705500266,-0.12657312352255712,4855.0,4433.0
306251,Oval Bar - JW Marriott New Delhi,JW Marriott New Delhi,True,4500,8.412054873292933,3.3,3.3392582929735544,3.6000585305990374,-0.260800237625483,5656.0,5152.0
18144453,Bakey Wish,Kailash Colony,True,300,5.707110264748875,3.0,3.3129551045510452,3.3332690071959785,-0.020313902644933268,3178.0,2838.0
7862,Bikaner Namkeen Bhandar,Kailash Colony,True,150,5.017279836814924,3.1,3.312285012936336,3.2652308187184387,0.04705419421789747,2266.0,1966.0
7857,Chhole Bhature Corner,Kailash Colony,True,150,5.017279836814924,3.3,3.335893296432964,3.2652308187184387,0.07066247771452527,2028.0,1743.0
2874,Fresh n Frozen,Kailash Colony,True,200,5.303304908059076,3.1,3.312285012936336,3.2934415599652347,0.01884345297110146,2609.0,2294.0
18458625,Pind Punjabi,Kailash Colony,True,500,6.2166061010848646,3.0,3.324764731137877,3.3835207391251902,-0.058756007987313286,3885.0,3514.0
18252369,Sanjha Chulha,Kailash Colony,True,700,6.55250788703459,3.1,3.2985892056501207,3.416650836170689,-0.11806163052056817,4774.0,4356.0
18228895,Shaan e Punjab,Kailash Colony,True,600,6.398594934535208,3.1,3.275893296432964,3.4014703540590903,-0.12557705762612636,4844.0,4422.0
2583,Cafe 27,Kailash Colony,True,1550,7.346655163176539,3.6,3.5758185133934672,3.494977827653072,0.08084068574039538,1929.0,1656.0
304876,MR.D - Deliciousness Delivered,Kailash Colony,True,700,6.55250788703459,3.5,3.4824820450728544,3.416650836170689,0.06583120890216554,2067.0,1776.0
308407,Pita Pit,Kailash Colony,True,600,6.398594934535208,3.8,3.7626698314945797,3.4014703540590903,0.3611994774354894,648.0,543.0
3190,Big Chill,Kailash Colony,True,1500,7.313886831633462,4.4,4.367269127866439,3.4917458769774545,0.8755232508889841,54.0,46.0
3041,Maxims Pastry Shop,Kailash Colony,True,300,5.707110264748875,4.2,4.146545669344868,3.3332690071959785,0.8132766621488896,74.0,59.0
18441798,Uncultured Cafe & Bar,Kailash Colony,True,1500,7.313886831633462,4.3,3.965557775182068,3.4917458769774545,0.47381189820461334,385.0,313.0
306505,2 Nice 2 Slice,Kalkaji,True,1750,7.467942332285852,3.2,3.312311071974356,3.506940418657476,-0.19462934668311993,5343.0,4885.0
302868,Aggarwal Bikaneri Sweets,Kalkaji,True,250,5.5254529391317835,2.9,3.2685421791717912,3.3153520889822103,-0.046809909810419104,3690.0,3331.0
7383,Aggarwal Sweet Corner & Restaurant,Kalkaji,True,300,5.707110264748875,2.6,3.023132537359856,3.3332690071959785,-0.3101364698361224,5814.0,5274.0
302793,Aggarwal Sweets India,Kalkaji,True,100,4.61512051684126,2.8,3.2657332887984047,3.2255657205981403,0.04016756820026446,2335.0,2035.0
9993,Aggarwal's Sweets Paradise,Kalkaji,True,300,5.707110264748875,2.7,3.190962011543192,3.3332690071959785,-0.14230699565278648,5003.0,4567.0
9985,Aggarwal's Sweets,Kalkaji,True,150,5.017279836814924,2.9,3.2948666205412054,3.2652308187184387,0.029635801822766705,2467.0,2161.0
18138461,Anna Ka Dosa,Kalkaji,True,200,5.303304908059076,3.4,3.3734725638923053,3.2934415599652347,0.08003100392707063,1935.0,1662.0
306957,Big Chow Xpress,Kalkaji,True,550,6.311734809152915,2.6,2.944042343460818,3.3929033130260597,-0.4488609695652417,6148.0,5511.0
7590,Bikaner Sweets & Namkeen,Kalkaji,True,200,5.303304908059076,2.9,3.317217561326556,3.2934415599652347,0.02377600136132152,2535.0,2224.0
9620,Cafe Coffee Day,Kalkaji,True,450,6.111467339502679,2.9,3.1696650091500915,3.3731508705500266,-0.20348586139993508,5405.0,4943.0
302884,Cake Plaza,Kalkaji,True,200,5.303304908059076,3.1,3.2599029967572397,3.2934415599652347,-0.033538563207994976,3422.0,3074.0
309238,Crispy Tokri,Kalkaji,True,200,5.303304908059076,3.1,3.1826344345658217,3.2934415599652347,-0.11080712539941295,4690.0,4281.0
309609,De Royale Food's,Kalkaji,True,550,6.311734809152915,3.2,3.3044018415536267,3.3929033130260597,-0.08850147147243304,4363.0,3972.0
18414477,Faasos,Kalkaji,True,600,6.398594934535208,3.0,3.324764731137877,3.4014703540590903,-0.0767056229212133,4196.0,3815.0
9992,Fouji Da Vaishno Dhaba,Kalkaji,True,400,5.993961427306569,2.9,3.2509925515921823,3.3615612260845467,-0.1105686744923644,4688.0,4279.0
18224572,Fun Bytes,Kalkaji,True,250,5.5254529391317835,2.5,3.1727827540372173,3.3153520889822103,-0.14256933494499302,5006.0,4570.0
312594,G's Patisserie,Kalkaji,True,600,6.398594934535208,2.8,3.2739040482510084,3.4014703540590903,-0.12756630580808181,4867.0,4444.0
312728,Giani,Kalkaji,True,400,5.993961427306569,3.2,3.312311071974356,3.3615612260845467,-0.049250154110190625,3723.0,3362.0
18025133,Gopals 56,Kalkaji,True,200,5.303304908059076,3.2,3.330044399128201,3.2934415599652347,0.03660283916296647,2375.0,2072.0
7329,Green Chick Chop,Kalkaji,True,350,5.860786223465865,3.2,3.298833743337433,3.348426114537516,-0.04959237120008275,3733.0,3371.0
302892,Heaven's Kitchen,Kalkaji,True,500,6.2166061010848646,3.3,3.3187502294799063,3.3835207391251902,-0.06477050964528397,3992.0,3619.0
302893,Heavens Food Corner,Kalkaji,True,500,6.2166061010848646,2.8,3.2287703293699597,3.3835207391251902,-0.15475040975523058,5090.0,4650.0
309533,Just Kababs,Kalkaji,True,250,5.5254529391317835,3.4,3.367736902031182,3.3153520889822103,0.05238481304897169,2199.0,1900.0
18376487,Keventers,Kalkaji,True,400,5.993961427306569,3.2,3.3256361144119913,3.3615612260845467,-0.03592511167255541,3453.0,3104.0
302895,Komal Kitchen,Kalkaji,True,250,5.5254529391317835,2.8,3.2823666205412048,3.3153520889822103,-0.03298546844100558,3408.0,3061.0
302896,Kwality Sweets & Restaurant,Kalkaji,True,250,5.5254529391317835,2.9,3.2747886567848727,3.3153520889822103,-0.0405634321973376,3544.0,3191.0
9776,Mehak Food Corner,Kalkaji,True,350,5.860786223465865,3.2,3.2545039025757907,3.348426114537516,-0.09392221196172512,4455.0,4058.0
18245255,Mr. Sub,Kalkaji,True,400,5.993961427306569,3.2,3.269929535380259,3.3615612260845467,-0.09163169070428756,4414.0,4019.0
309648,Muradabadi Shahi Biryani & Chicken Corner,Kalkaji,True,450,6.111467339502679,2.6,3.104281243154897,3.3731508705500266,-0.26886962739512965,5684.0,5172.0
18285214,Muradabadi,Kalkaji,True,400,5.993961427306569,3.0,3.3187505694501387,3.3615612260845467,-0.04281065663440797,3594.0,3241.0
302938,New Radhe Radhe Snacks Corner,Kalkaji,True,150,5.017279836814924,3.1,3.312285012936336,3.2652308187184387,0.04705419421789747,2266.0,1966.0
18396545,Nirula's Ice Cream,Kalkaji,True,250,5.5254529391317835,3.2,3.317659218258849,3.3153520889822103,0.0023071292766387863,2818.0,2494.0
18414495,Noor Restaurant,Kalkaji,True,550,6.311734809152915,3.4,3.3653989963812676,3.3929033130260597,-0.027504316644792137,3309.0,2965.0
311891,Paul's Homemade,Kalkaji,True,500,6.2166061010848646,3.1,3.305208845838458,3.3835207391251902,-0.07831189328673238,4219.0,3835.0
312372,Pinkom's Bar-Be-Que,Kalkaji,True,350,5.860786223465865,3.2,3.3215168975460245,3.348426114537516,-0.02690921699149129,3296.0,2952.0
8949,Prince of China,Kalkaji,True,800,6.68586094706836,3.1,3.203466644960567,3.4298034897290544,-0.22633684476848748,5516.0,5042.0
302898,Punjabi Corner,Kalkaji,True,250,5.5254529391317835,3.3,3.324158949522187,3.3153520889822103,0.00880686053997648,2719.0,2395.0
302710,Punjabi Snacks,Kalkaji,True,200,5.303304908059076,2.9,3.317217561326556,3.2934415599652347,0.02377600136132152,2535.0,2224.0
9998,Quality Food Point,Kalkaji,True,450,6.111467339502679,3.0,3.2917378093272456,3.3731508705500266,-0.08141306122278102,4252.0,3867.0
18317229,Radhe Shyam,Kalkaji,True,150,5.017279836814924,2.8,3.2578395042424995,3.2652308187184387,-0.007391314475939215,2970.0,2636.0
9623,Raj South Indian Food,Kalkaji,True,250,5.5254529391317835,3.0,3.301974223689605,3.3153520889822103,-0.013377865292605318,3059.0,2723.0
3634,Roll Club,Kalkaji,True,250,5.5254529391317835,3.3,3.3179466482164823,3.3153520889822103,0.002594559234271987,2816.0,2492.0
7382,Shameem Kabab Corner,Kalkaji,True,700,6.55250788703459,3.3,3.321659747847478,3.416650836170689,-0.09499108832321079,4468.0,4071.0
1866,Shiv Dhaba,Kalkaji,True,550,6.311734809152915,3.1,3.187322913122748,3.3929033130260597,-0.20558039990331167,5414.0,4951.0
304783,Silver Spoons,Kalkaji,True,350,5.860786223465865,2.7,3.2802278318237725,3.348426114537516,-0.06819828271374329,4057.0,3683.0
302811,Takkar Dhaba,Kalkaji,True,450,6.111467339502679,2.6,3.104281243154897,3.3731508705500266,-0.26886962739512965,5684.0,5172.0
308664,The Biryani Wallas,Kalkaji,True,650,6.478509642208569,3.2,3.298833743337433,3.4093523663952126,-0.11051862305777949,4687.0,4278.0
18133506,The Tuck Shop,Kalkaji,True,700,6.55250788703459,3.3,3.3380686477319315,3.416650836170689,-0.07858218843875742,4226.0,3842.0
305293,Uncle Xpress,Kalkaji,True,400,5.993961427306569,3.4,3.3814924864364917,3.3615612260845467,0.019931260351945035,2590.0,2276.0
2211,Vaishno Rasoi,Kalkaji,True,350,5.860786223465865,2.6,3.1112851493098264,3.348426114537516,-0.23714096522768946,5565.0,5082.0
9622,Vatika,Kalkaji,True,550,6.311734809152915,2.7,3.0159656509931434,3.3929033130260597,-0.37693766203291634,5990.0,5399.0
18281989,Walk To Italy,Kalkaji,True,300,5.707110264748875,3.1,3.305208845838458,3.3332690071959785,-0.028060161357520652,3319.0,2974.0
18365855,Behrouz Biryani,Kalkaji,True,600,6.398594934535208,3.6,3.445728237345664,3.4014703540590903,0.04425788328657365,2299.0,1999.0
309737,Big Dragon,Kalkaji,True,800,6.68586094706836,3.6,3.5223728073267995,3.4298034897290544,0.09256931759774512,1831.0,1566.0
18386707,Cafe Filter,Kalkaji,True,600,6.398594934535208,3.6,3.4283455035254575,3.4014703540590903,0.026875149466367265,2498.0,2190.0
309338,Chowki,Kalkaji,True,750,6.621405651764134,3.7,3.5761777590601995,3.423446244016628,0.15273151504357152,1454.0,1228.0
18380155,Circle Cafe and Bar,Kalkaji,True,800,6.68586094706836,3.5,3.4077535538013604,3.4298034897290544,-0.022049935927693998,3218.0,2876.0
18372686,FreshMenu,Kalkaji,True,600,6.398594934535208,3.6,3.4566180088271468,3.4014703540590903,0.0551476547680565,2169.0,1872.0
3610,Giani's,Kalkaji,True,400,5.993961427306569,3.5,3.443507990312461,3.3615612260845467,0.08194676422791414,1919.0,1647.0
3054,Gopal's 56,Kalkaji,True,200,5.303304908059076,3.8,3.616771089585896,3.2934415599652347,0.3233295296206613,758.0,634.0
311267,Instapizza,Kalkaji,True,900,6.803505257608338,3.8,3.759357727819422,3.4414067844659977,0.31795094335342444,769.0,644.0
307951,Just Vada Pav,Kalkaji,True,150,5.017279836814924,3.6,3.514772942309843,3.2652308187184387,0.24954212359140415,1025.0,853.0
1876,Khidmat,Kalkaji,True,1300,7.170888478512505,3.6,3.571051141924721,3.477641905178529,0.09340923674619228,1825.0,1560.0
412,Naivedyam,Kalkaji,True,500,6.2166061010848646,3.8,3.7595818579968885,3.3835207391251902,0.37606111887169824,600.0,498.0
3635,New Shere Punjab Dhaba,Kalkaji,True,600,6.398594934535208,3.6,3.512946648216482,3.4014703540590903,0.11147629415739191,1705.0,1454.0
9654,Sant Sweets,Kalkaji,True,250,5.5254529391317835,3.5,3.433142483947775,3.3153520889822103,0.11779039496556454,1666.0,1418.0
18354973,Tikka- Way,Kalkaji,True,850,6.7464121285733745,3.5,3.398785149309826,3.435775671489889,-0.036990522180063046,3495.0,3145.0
4325,Punjabi Rasoi,Kalkaji,True,350,5.860786223465865,2.4,3.176875512505125,3.348426114537516,-0.17155060203239092,5213.0,4763.0
18322653,Punjabi Xpress,Kalkaji,True,400,5.993961427306569,2.3,3.1881470819018527,3.3615612260845467,-0.17341414418269396,5221.0,4770.0
9557,The Cake Factory,Kalkaji,True,400,5.993961427306569,2.3,3.057537216916286,3.3615612260845467,-0.30402400916826045,5792.0,5257.0
9470,"34, Chowringhee Lane",Kamla Nagar,True,300,5.707110264748875,3.3,3.318611338891167,3.3332690071959785,-0.014657668304811633,3089.0,2753.0
306491,Annapurna Restaurant,Kamla Nagar,True,250,5.5254529391317835,2.5,2.8972621976219757,3.3153520889822103,-0.41808989136023467,6083.0,5462.0
18416860,BTW,Kamla Nagar,True,400,5.993961427306569,3.1,3.3086869618696184,3.3615612260845467,-0.052874264214928246,3782.0,3418.0
640,Cafe Coffee Day,Kamla Nagar,True,450,6.111467339502679,3.3,3.319179624048149,3.3731508705500266,-0.05397124650187779,3814.0,3447.0
305161,Chawla's Chic Inn,Kamla Nagar,True,650,6.478509642208569,3.3,3.3335004100040995,3.4093523663952126,-0.07585195639111308,4189.0,3808.0
306149,Chennai Hot Cafe,Kamla Nagar,True,300,5.707110264748875,3.4,3.3807462157282857,3.3332690071959785,0.04747720853230719,2261.0,1961.0
1197,Daawat E Mezbaan,Kamla Nagar,True,800,6.68586094706836,3.1,3.1977184980183133,3.4298034897290544,-0.23208499171074104,5535.0,5057.0
18198467,Dessert in Desert,Kamla Nagar,True,450,6.111467339502679,3.4,3.372557824716178,3.3731508705500266,-0.00059304583384856,2863.0,2537.0
311903,Domino's Pizza,Kamla Nagar,True,700,6.55250788703459,3.4,3.371912126474206,3.416650836170689,-0.04473870969648308,3645.0,3287.0
18458665,Filmy Cafe & Bar,Kamla Nagar,True,1200,7.0909098220799835,2.9,3.317217561326556,3.4697535855565107,-0.1525360242299545,5079.0,4640.0
6651,Firenze,Kamla Nagar,True,500,6.2166061010848646,2.8,3.1650341993284794,3.3835207391251902,-0.21848653979671084,5480.0,5010.0
311076,Giani,Kamla Nagar,True,400,5.993961427306569,3.4,3.3734725638923053,3.3615612260845467,0.01191133780775866,2688.0,2370.0
9001,Gullu's,Kamla Nagar,True,550,6.311734809152915,3.1,3.204343480934809,3.3929033130260597,-0.1885598320912507,5307.0,4852.0
8995,Manwhar,Kamla Nagar,True,650,6.478509642208569,3.2,3.2628180572059957,3.4093523663952126,-0.14653430918921684,5034.0,4597.0
18489508,Midnight Hunger Hub,Kamla Nagar,True,800,6.68586094706836,3.3,3.3456823772783175,3.4298034897290544,-0.08412111245073683,4314.0,3925.0
7689,Mini Shop,Kamla Nagar,True,150,5.017279836814924,3.3,3.325638068880689,3.2652308187184387,0.060407250162250126,2114.0,1822.0
307959,Nine 75 Lounge & Bar,Kamla Nagar,True,800,6.68586094706836,3.2,3.2382089213933374,3.4298034897290544,-0.19159456833571697,5323.0,4868.0
18222571,Pradhan Ji Multi Cuisine Restaurant,Kamla Nagar,True,650,6.478509642208569,3.3,3.3279170083367497,3.4093523663952126,-0.0814353580584628,4254.0,3869.0
310202,Punjabi Chaap Corner,Kamla Nagar,True,400,5.993961427306569,2.9,3.2455082929735544,3.3615612260845467,-0.1160529331109923,4744.0,4328.0
301470,Sagar Ratna,Kamla Nagar,True,600,6.398594934535208,2.7,2.9019780427234654,3.4014703540590903,-0.4994923113356249,6223.0,5561.0
5433,Shiva Coffee & South Indian Fast Food,Kamla Nagar,True,300,5.707110264748875,2.7,3.0545836750034168,3.3332690071959785,-0.27868533219256175,5713.0,5196.0
18349733,The Ice Cafe,Kamla Nagar,True,400,5.993961427306569,3.2,3.2962666331208763,3.3615612260845467,-0.06529459296367035,4002.0,3629.0
18421019,Tikka Junction,Kamla Nagar,True,750,6.621405651764134,3.4,3.365893296432964,3.423446244016628,-0.057552947583663805,3868.0,3498.0
18317510,Trending Eats,Kamla Nagar,True,800,6.68586094706836,3.4,3.365893296432964,3.4298034897290544,-0.06391019329609016,3969.0,3597.0
303104,Twenty Four Seven,Kamla Nagar,True,300,5.707110264748875,3.3,3.3246326544147786,3.3332690071959785,-0.008636352781199896,3002.0,2668.0
8991,Vikrant Cafe,Kamla Nagar,True,550,6.311734809152915,3.3,3.3129511894345747,3.3929033130260597,-0.07995212359148507,4236.0,3852.0
6662,Vishal Restaurant,Kamla Nagar,True,600,6.398594934535208,3.1,3.268664804798733,3.4014703540590903,-0.13280554926035748,4919.0,4493.0
18365889,Badri Prasad Ramesh Kumar Caterers,Kamla Nagar,True,200,5.303304908059076,3.5,3.380533290988647,3.2934415599652347,0.0870917310234125,1874.0,1605.0
18245268,Bistro,Kamla Nagar,True,150,5.017279836814924,3.9,3.6414666418298793,3.2652308187184387,0.37623582311144066,599.0,497.0
309856,Chaudhary Sweets Corner,Kamla Nagar,True,300,5.707110264748875,3.8,3.5413238911800877,3.3332690071959785,0.2080548839841092,1203.0,1008.0
309604,Chowringhee,Kamla Nagar,True,250,5.5254529391317835,3.6,3.5223728073267995,3.3153520889822103,0.20702071834458913,1214.0,1016.0
18332062,Cones & Curries,Kamla Nagar,True,250,5.5254529391317835,3.7,3.6145626537515376,3.3153520889822103,0.2992105647693273,841.0,701.0
6658,Darvesh Corner,Kamla Nagar,True,550,6.311734809152915,3.6,3.512946648216482,3.3929033130260597,0.12004333519042243,1645.0,1402.0
9644,Deez Biryani & Kebabs,Kamla Nagar,True,650,6.478509642208569,3.7,3.6613405673083883,3.4093523663952126,0.25198820091317575,1015.0,845.0
18349974,Frozen Pan,Kamla Nagar,True,250,5.5254529391317835,3.9,3.67778951033312,3.3153520889822103,0.3624374213509096,643.0,538.0
2267,Giani's,Kamla Nagar,True,400,5.993961427306569,3.8,3.6982061608810533,3.3615612260845467,0.3366449347965066,717.0,601.0
18377630,Havmor Ice Cream,Kamla Nagar,True,200,5.303304908059076,3.7,3.4523555181203984,3.2934415599652347,0.15891395815516374,1426.0,1206.0
18289256,Keventers,Kamla Nagar,True,250,5.5254529391317835,3.5,3.4337502795482497,3.3153520889822103,0.1183981905660394,1661.0,1414.0
300849,Manohar Bikkaneri,Kamla Nagar,True,200,5.303304908059076,3.8,3.633428263259905,3.2934415599652347,0.3399867032946702,710.0,595.0
6675,Manohar Bikkaneri,Kamla Nagar,True,200,5.303304908059076,3.6,3.4902029797325,3.2934415599652347,0.19676141976726536,1258.0,1056.0
18430598,Nukkadwala,Kamla Nagar,True,300,5.707110264748875,3.7,3.5403040257038083,3.3332690071959785,0.2070350185078298,1213.0,1015.0
303082,Om Di Hatti,Kamla Nagar,True,100,4.61512051684126,3.7,3.596439580304894,3.2255657205981403,0.3708738597067538,613.0,511.0
18445775,Orange Tree Cafe,Kamla Nagar,True,600,6.398594934535208,3.5,3.395893296432964,3.4014703540590903,-0.005577057626126258,2932.0,2600.0
309805,Rigo Noodles,Kamla Nagar,True,500,6.2166061010848646,3.5,3.4599589601665244,3.3835207391251902,0.07643822104133413,1973.0,1694.0
302972,Sethi's The Cake Shop,Kamla Nagar,True,200,5.303304908059076,3.9,3.764887089197525,3.2934415599652347,0.4714455292322901,394.0,320.0
7667,Shake Square,Kamla Nagar,True,400,5.993961427306569,3.6,3.560685583065508,3.3615612260845467,0.19912435698096154,1252.0,1050.0
307327,Sharma Kachoriwala,Kamla Nagar,True,50,3.9318256327243257,3.7,3.605069615279486,3.1581721348287717,0.4468974804507142,446.0,365.0
304461,Shawarma Wala,Kamla Nagar,True,300,5.707110264748875,3.7,3.6396202500010872,3.3332690071959785,0.3063512428051087,814.0,680.0
300854,Shree Rathnam,Kamla Nagar,True,800,6.68586094706836,3.5,3.4456159011216974,3.4298034897290544,0.015812411392643,2656.0,2340.0
306402,Shri Bankey Bihari Brajwasi Rasgulle Wala,Kamla Nagar,True,150,5.017279836814924,3.5,3.414265067650676,3.2652308187184387,0.14903424893223738,1473.0,1246.0
18157402,Sid's Kitchen,Kamla Nagar,True,500,6.2166061010848646,3.8,3.665930065550655,3.3835207391251902,0.2824093264254648,903.0,750.0
2272,Subway,Kamla Nagar,True,500,6.2166061010848646,3.5,3.4620444309911846,3.3835207391251902,0.0785236918659944,1953.0,1678.0
18261675,Sweet Life By Henna,Kamla Nagar,True,400,5.993961427306569,3.5,3.4240888619823693,3.3615612260845467,0.06252763589782262,2098.0,1806.0
18458347,The Midnight Heroes,Kamla Nagar,True,950,6.85751406254539,3.8,3.555694786114527,3.446733689602322,0.1089610965122052,1723.0,1466.0
307415,Urban Hub,Kamla Nagar,True,1900,7.550135342488429,3.6,3.569145647469133,3.5150471406767525,0.05409850679238071,2179.0,1880.0
8985,Vaishno Chat Bhandar,Kamla Nagar,True,150,5.017279836814924,3.9,3.8011490101114247,3.2652308187184387,0.535918191392986,300.0,243.0
6667,Ved Dhaba,Kamla Nagar,True,300,5.707110264748875,3.5,3.4500858270569004,3.3332690071959785,0.11681681986092185,1672.0,1424.0
18294234,Veg Ex,Kamla Nagar,True,500,6.2166061010848646,3.6,3.433048366442568,3.3835207391251902,0.04952762731737792,2242.0,1942.0
18458013,Wokin Street,Kamla Nagar,True,300,5.707110264748875,3.6,3.4353044695987496,3.3332690071959785,0.10203546240277106,1769.0,1505.0
18218265,Yadav Namkeens & Bakers,Kamla Nagar,True,100,4.61512051684126,3.5,3.3861332929735544,3.2255657205981403,0.16056757237541408,1417.0,1197.0
4227,Chill'm Bar & Cafe,Kamla Nagar,True,600,6.398594934535208,4.2,4.080838196992285,3.4014703540590903,0.6793678429331944,146.0,119.0
18418240,Coffee & Cream,Kamla Nagar,True,400,5.993961427306569,4.0,3.7975320429955888,3.3615612260845467,0.4359708169110421,469.0,383.0
5083,Chawla Di Hutti,Kapashera,True,700,6.55250788703459,3.1,3.214004914354699,3.416650836170689,-0.20264592181598973,5394.0,4933.0
302254,Sher 'A' Punjab Bhojnalya,Kapashera,True,600,6.398594934535208,3.3,3.3295591852977346,3.4014703540590903,-0.07191116876135561,4119.0,3742.0
300973,Guru Rakha,Karampura,True,600,6.398594934535208,3.1,3.2109237004532205,3.4014703540590903,-0.19054665360586975,5317.0,4862.0
307069,Shudh Vaishno Hotel,Karampura,True,450,6.111467339502679,3.4,3.3743282876377148,3.3731508705500266,0.0011774170876881485,2840.0,2515.0
305289,Kumar Samose Wala,Karampura,True,100,4.61512051684126,4.1,3.9445446218233364,3.2255657205981403,0.7189789012251961,119.0,98.0
18376493,Amigo's Deli,Karkardooma,True,350,5.860786223465865,3.2,3.3235421791717914,3.348426114537516,-0.02488393536572442,3260.0,2917.0
307989,Ananda Food Express,Karkardooma,True,450,6.111467339502679,3.2,3.297533299346151,3.3731508705500266,-0.07561757120387558,4182.0,3801.0
310899,Green Chick Chop,Karkardooma,True,350,5.860786223465865,3.4,3.3708845213452134,3.348426114537516,0.022458406807697617,2562.0,2249.0
18322591,Khana Vaana,Karkardooma,True,300,5.707110264748875,3.4,3.3705250709914503,3.3332690071959785,0.03725606379547175,2362.0,2059.0
18486915,Momoholic,Karkardooma,True,200,5.303304908059076,3.3,3.3418755125051245,3.2934415599652347,0.0484339525398898,2246.0,1946.0
302488,Nazeer Foods,Karkardooma,True,550,6.311734809152915,3.3,3.3184744908110844,3.3929033130260597,-0.07442882221497538,4155.0,3776.0
3173,Pind Balluchi,Karkardooma,True,850,6.7464121285733745,2.6,2.7527490902502385,3.435775671489889,-0.6830265812396505,6405.0,5711.0
313413,Rumours,Karkardooma,True,1000,6.90875477931522,3.4,3.3915036681505604,3.4517875773465194,-0.06028390919595905,3928.0,3557.0
307818,Spice Grill,Karkardooma,True,1300,7.170888478512505,3.2,3.232798808629679,3.477641905178529,-0.24484309654884973,5595.0,5106.0
310332,Utopia,Karkardooma,True,1500,7.313886831633462,3.2,3.2221269574636047,3.4917458769774545,-0.26961891951384986,5687.0,5175.0
2295,Aroma Rest O Bar,Karkardooma,True,800,6.68586094706836,3.6,3.5656691007050916,3.4298034897290544,0.13586561097603722,1559.0,1325.0
18361742,Cafe Shloka,Karkardooma,True,1000,6.90875477931522,3.5,3.434933310270602,3.4517875773465194,-0.016854267075917306,3128.0,2792.0
303578,Chawla's Tandoori Junction,Karkardooma,True,800,6.68586094706836,3.5,3.464964090145709,3.4298034897290544,0.035160600416654475,2390.0,2086.0
18429394,Desi Villa,Karkardooma,True,800,6.68586094706836,3.7,3.478084814939058,3.4298034897290544,0.04828132521000361,2248.0,1948.0
6705,Kanwarji's,Karkardooma,True,400,5.993961427306569,3.5,3.4181183230371626,3.3615612260845467,0.056557096952615904,2146.0,1852.0
18250020,Palomino,Karkardooma,True,1600,7.3783837129967145,3.7,3.6347806517187307,3.498107224335746,0.1366734273829846,1552.0,1318.0
18235498,Raasa The Luxuriate Fine Dine,Karkardooma,True,1150,7.048386408721883,3.7,3.618241773924916,3.465559488144148,0.15268228578076792,1456.0,1230.0
300910,Shiv Tikki Wala,Karkardooma,True,250,5.5254529391317835,3.8,3.736998655445007,3.3153520889822103,0.42164656646279663,502.0,413.0
18317477,The Barbeque Company,Karkardooma,True,1300,7.170888478512505,3.8,3.7259681170044026,3.477641905178529,0.24832621182587378,1033.0,861.0
308638,The Wrap Factory,Karkardooma,True,250,5.5254529391317835,3.6,3.5228641186728327,3.3153520889822103,0.20751202969062232,1209.0,1012.0
1270,Urban Punjab,Karkardooma,True,750,6.621405651764134,3.5,3.459737738951975,3.423446244016628,0.03629149493534678,2381.0,2078.0
18268715,Classic,Karkardooma,True,250,5.5254529391317835,4.0,3.779253685766024,3.3153520889822103,0.4639015967838138,409.0,332.0
312518,Goosebumps,Karkardooma,True,300,5.707110264748875,4.0,3.906781615103541,3.3332690071959785,0.5735126079075625,253.0,201.0
304028,Adyar Ananda Bhavan,Karol Bagh,True,500,6.2166061010848646,2.8,3.10696057670804,3.3835207391251902,-0.2765601624171503,5709.0,5193.0
7422,Amma Mess,Karol Bagh,True,250,5.5254529391317835,3.4,3.379594279917158,3.3153520889822103,0.06424219093494754,2078.0,1787.0
306096,Amritsari Chaap Corner,Karol Bagh,True,200,5.303304908059076,2.9,3.056826459222039,3.2934415599652347,-0.23661510074319558,5562.0,5079.0
7450,Aroma Spice,Karol Bagh,True,800,6.68586094706836,3.4,3.376125307503075,3.4298034897290544,-0.05367818222597931,3810.0,3444.0
306106,Boheme Cafe Bar,Karol Bagh,True,1100,7.00397413672268,3.2,3.2388090615199348,3.4611790920197736,-0.22237003049983883,5498.0,5025.0
303963,Cafe Coffee Day,Karol Bagh,True,450,6.111467339502679,2.6,3.125893296432964,3.3731508705500266,-0.24725757411706262,5604.0,5114.0
18124379,Chinese King,Karol Bagh,True,450,6.111467339502679,2.5,2.8476044229192286,3.3731508705500266,-0.525546447630798,6256.0,5589.0
310758,Chopsuey,Karol Bagh,True,600,6.398594934535208,3.2,3.261771089585896,3.4014703540590903,-0.13969926447319425,4980.0,4547.0
309606,Chowringhee,Karol Bagh,True,600,6.398594934535208,3.4,3.386038191522266,3.4014703540590903,-0.015432162536824112,3098.0,2762.0
2408,Crossroad Bar and Restaurant,Karol Bagh,True,700,6.55250788703459,3.0,3.195596940344403,3.416650836170689,-0.22105389582628598,5492.0,5020.0
309560,Domino's Pizza,Karol Bagh,True,700,6.55250788703459,3.4,3.374049247285951,3.416650836170689,-0.04260158888473775,3592.0,3239.0
306405,Giani's,Karol Bagh,True,400,5.993961427306569,3.4,3.372557824716178,3.3615612260845467,0.010996598631631382,2697.0,2376.0
5529,Giani,Karol Bagh,True,400,5.993961427306569,2.7,3.062642394889858,3.3615612260845467,-0.29891883119468865,5779.0,5249.0
9459,Gulnar Bar Be Que,Karol Bagh,True,700,6.55250788703459,3.1,3.200922383199242,3.416650836170689,-0.21572845297144694,5464.0,4996.0
300359,Kwality Bengali Sweets,Karol Bagh,True,200,5.303304908059076,2.9,3.2747886567848727,3.2934415599652347,-0.018652903180361946,3152.0,2814.0
18128869,Little Chef,Karol Bagh,True,500,6.2166061010848646,2.7,3.0939818611149073,3.3835207391251902,-0.289538878010283,5754.0,5230.0
9011,M J Dosa Corner,Karol Bagh,True,150,5.017279836814924,2.9,3.1601474205918527,3.2652308187184387,-0.10508339812658596,4617.0,4214.0
5507,Moolchand's,Karol Bagh,True,450,6.111467339502679,3.3,3.3295591852977346,3.3731508705500266,-0.043591685252291956,3617.0,3262.0
303704,New Angaar Hyderabadi,Karol Bagh,True,750,6.621405651764134,3.1,3.167281588799495,3.423446244016628,-0.25616465521713305,5637.0,5136.0
1924,New Frontier Hotel,Karol Bagh,True,350,5.860786223465865,3.3,3.324158949522187,3.348426114537516,-0.024267165015328995,3248.0,2905.0
300257,Oberoi Biryani,Karol Bagh,True,600,6.398594934535208,2.9,3.0590829550381833,3.4014703540590903,-0.342387399020907,5912.0,5348.0
7534,Om Ji Om,Karol Bagh,True,500,6.2166061010848646,3.2,3.268004869268876,3.3835207391251902,-0.11551586985631435,4741.0,4325.0
1925,Om Saravana Bhavan,Karol Bagh,True,400,5.993961427306569,2.7,3.032422195315703,3.3615612260845467,-0.32913903076884354,5877.0,5324.0
311719,Pindi Meat,Karol Bagh,True,300,5.707110264748875,3.4,3.374049247285951,3.3332690071959785,0.04078024008997261,2330.0,2030.0
1926,Punjab Sweet Corner,Karol Bagh,True,350,5.860786223465865,3.3,3.3088158973694997,3.348426114537516,-0.03961021716801616,3535.0,3182.0
306392,R1 Lounge,Karol Bagh,True,1100,7.00397413672268,2.6,3.0601566343788433,3.4611790920197736,-0.40102245764093025,6041.0,5431.0
306338,R1 Take Away,Karol Bagh,True,700,6.55250788703459,2.5,2.9794543764403154,3.416650836170689,-0.43719645973037347,6124.0,5491.0
1905,Raffles,Karol Bagh,True,800,6.68586094706836,3.1,3.171584481106439,3.4298034897290544,-0.2582190086226155,5646.0,5144.0
300350,Raj Sweets,Karol Bagh,True,150,5.017279836814924,2.8,3.2657332887984047,3.2652308187184387,0.0005024700799660664,2848.0,2523.0
7424,Ramas Cafe,Karol Bagh,True,350,5.860786223465865,3.3,3.3211137037840963,3.348426114537516,-0.027312410753419503,3301.0,2957.0
1906,Sandoz,Karol Bagh,True,550,6.311734809152915,3.4,3.3853529493883894,3.3929033130260597,-0.007550363637670365,2971.0,2637.0
1908,Sandoz,Karol Bagh,True,550,6.311734809152915,2.7,3.003928864288643,3.3929033130260597,-0.3889744487374167,6017.0,5415.0
1618,Shudh,Karol Bagh,True,600,6.398594934535208,3.1,3.1415963876699577,3.4014703540590903,-0.2598739663891325,5652.0,5148.0
309064,Southy,Karol Bagh,True,450,6.111467339502679,3.1,3.1885793579158808,3.3731508705500266,-0.18457151263414584,5283.0,4830.0
1931,Spicy by Nature,Karol Bagh,True,900,6.803505257608338,2.7,2.939943840227876,3.4414067844659977,-0.5014629442381215,6229.0,5567.0
18277018,Spicy N Karara,Karol Bagh,True,650,6.478509642208569,3.3,3.3176938785232917,3.4093523663952126,-0.09165848787192088,4415.0,4020.0
18425764,Spooky Sky,Karol Bagh,True,650,6.478509642208569,3.4,3.3743282876377148,3.4093523663952126,-0.0350240787574978,3441.0,3092.0
1933,Sri Krishna Udupi,Karol Bagh,True,400,5.993961427306569,3.0,3.2264806677672038,3.3615612260845467,-0.1350805583173429,4940.0,4510.0
2411,Tempting Restaurant,Karol Bagh,True,750,6.621405651764134,2.7,2.972756673079551,3.423446244016628,-0.45068957093707684,6149.0,5512.0
18377922,The Smokin' Grill by The Flashback,Karol Bagh,True,400,5.993961427306569,3.3,3.3348962604209373,3.3615612260845467,-0.02666496566360932,3294.0,2950.0
18138437,Three Tuns,Karol Bagh,True,1400,7.244941546337007,3.2,3.293829503168449,3.4849457821633028,-0.19111627899485395,5318.0,4863.0
4655,Wah Ji Wah,Karol Bagh,True,500,6.2166061010848646,2.5,2.8534960233076903,3.3835207391251902,-0.5300247158175,6265.0,5596.0
18289258,Wow! Momo,Karol Bagh,True,350,5.860786223465865,2.6,3.0090281194478607,3.348426114537516,-0.33939799508965507,5906.0,5342.0
18198463,Wrap & Roll,Karol Bagh,True,400,5.993961427306569,3.4,3.371912126474206,3.3615612260845467,0.010350900389659135,2703.0,2382.0
300347,Anjlika Pastry Shop,Karol Bagh,True,400,5.993961427306569,3.6,3.5465461875013484,3.3615612260845467,0.18498496141680176,1320.0,1110.0
18423807,Bakeology,Karol Bagh,True,450,6.111467339502679,3.5,3.3973595880325,3.3731508705500266,0.02420871748247322,2530.0,2219.0
300661,Changezi Chicken,Karol Bagh,True,650,6.478509642208569,3.7,3.666163427228332,3.4093523663952126,0.25681106083311933,998.0,830.0
18349796,Chargrill Resto Bar,Karol Bagh,True,900,6.803505257608338,3.6,3.4675275081555164,3.4414067844659977,0.026120723689518677,2507.0,2199.0
306643,Chowringhee,Karol Bagh,True,200,5.303304908059076,3.7,3.5988907144988604,3.2934415599652347,0.30544915453362576,819.0,684.0
305758,Glenz Cafe N Bakers,Karol Bagh,True,700,6.55250788703459,3.8,3.721191866488557,3.416650836170689,0.30454103031786817,821.0,686.0
18240475,Happy2Bake,Karol Bagh,True,300,5.707110264748875,3.5,3.402833743337433,3.3332690071959785,0.06956473614145464,2037.0,1752.0
18238241,Nazeer Foods,Karol Bagh,True,600,6.398594934535208,3.5,3.404112246714572,3.4014703540590903,0.002641892655481648,2813.0,2489.0
306071,Pakode Ki Dukaan,Karol Bagh,True,50,3.9318256327243257,3.6,3.454911080360803,3.1581721348287717,0.2967389455320313,851.0,708.0
8864,Peshawari Chicken Corner,Karol Bagh,True,500,6.2166061010848646,3.6,3.5025002460024597,3.3835207391251902,0.11897950687726944,1653.0,1408.0
9643,Prem Dhaba,Karol Bagh,True,650,6.478509642208569,3.7,3.624391728983661,3.4093523663952126,0.21503936258844858,1165.0,978.0
9016,Ravi Raj Di Kulfi,Karol Bagh,True,150,5.017279836814924,3.6,3.5176522347993755,3.2652308187184387,0.2524214160809368,1013.0,843.0
300594,Shawarma King's,Karol Bagh,True,250,5.5254529391317835,3.7,3.6076353013530134,3.3153520889822103,0.292283212370803,872.0,724.0
8872,Shri Rama Restaurant,Karol Bagh,True,600,6.398594934535208,3.5,3.4397729814074998,3.4014703540590903,0.0383026273484095,2355.0,2054.0
2407,Sri Balaji,Karol Bagh,True,600,6.398594934535208,3.5,3.446806793797865,3.4014703540590903,0.04533643973877455,2281.0,1981.0
7526,Standard Burfee,Karol Bagh,True,200,5.303304908059076,3.8,3.6524330922839425,3.2934415599652347,0.35899153231870784,653.0,547.0
306403,Subway,Karol Bagh,True,500,6.2166061010848646,3.6,3.5270211422174103,3.3835207391251902,0.14350040309222,1517.0,1286.0
1301,Suruchi,Karol Bagh,True,700,6.55250788703459,3.8,3.766276887653846,3.416650836170689,0.34962605148315706,680.0,570.0
1904,Tera Hotel,Karol Bagh,True,350,5.860786223465865,3.5,3.4631945997490274,3.348426114537516,0.11476848521151162,1685.0,1436.0
18322672,The Diet Kitchen,Karol Bagh,True,700,6.55250788703459,3.7,3.5058242130716764,3.416650836170689,0.08917337690098748,1857.0,1588.0
5560,The Spot,Karol Bagh,True,350,5.860786223465865,3.5,3.45387677690068,3.348426114537516,0.10545066236316414,1745.0,1481.0
307332,Wrapss,Karol Bagh,True,350,5.860786223465865,3.5,3.472290991446036,3.348426114537516,0.12386487690852022,1622.0,1380.0
311755,Wrapss,Karol Bagh,True,350,5.860786223465865,3.5,3.4355091216841367,3.348426114537516,0.08708300714662087,1876.0,1607.0
305360,Cafe Coffee Day,Karol Bagh,True,450,6.111467339502679,2.3,2.9359571697568825,3.3731508705500266,-0.4371937007931441,6123.0,5490.0
1923,Jade Garden,Karol Bagh,True,1000,6.90875477931522,2.4,2.861510205448589,3.4517875773465194,-0.5902773718979306,6332.0,5647.0
8933,Art of Spices,Karol Bagh,True,500,6.2166061010848646,4.0,3.9642837424160757,3.3835207391251902,0.5807630032908855,244.0,193.0
312003,Sindhi Corner,Karol Bagh,True,200,5.303304908059076,4.0,3.741565290652906,3.2934415599652347,0.44812373068767153,443.0,362.0
18446504,The Feast House,Karol Bagh,True,1050,6.957497370876951,4.3,4.056610108640354,3.456595074228751,0.6000150344116029,223.0,175.0
3541,Zaffran,"Kasbah, Greater Kailash (GK) 1",True,2000,7.601402334583733,4.5,4.401767069372264,3.520103619964429,0.881663449407835,51.0,43.0
189,McDonald's,Kashmiri Gate,True,500,6.2166061010848646,3.3,3.3138813853608147,3.3835207391251902,-0.06963935376437558,4072.0,3697.0
18322651,Captain Grub,Khan Market,True,1000,6.90875477931522,3.1,3.283769115676231,3.4517875773465194,-0.16801846167028822,5194.0,4744.0
5586,M:Eat by Blanco,Khan Market,True,300,5.707110264748875,3.3,3.33221193269625,3.3332690071959785,-0.001057074499728472,2871.0,2545.0
303574,Omazoni,Khan Market,True,650,6.478509642208569,2.5,2.7468197085817008,3.4093523663952126,-0.6625326578135118,6396.0,5703.0
304628,Prabhu Chaat Bhandar,Khan Market,True,150,5.017279836814924,3.2,3.2254726142622254,3.2652308187184387,-0.03975820445621325,3538.0,3185.0
4624,Sugar & Spice - Le Marche,Khan Market,True,800,6.68586094706836,3.3,3.3182067445674455,3.4298034897290544,-0.11159674516160889,4701.0,4290.0
1614,Big Chill,Khan Market,True,1500,7.313886831633462,4.5,4.488820760824292,3.4917458769774545,0.9970748838468375,23.0,21.0
8244,Big Chill,Khan Market,True,1500,7.313886831633462,4.6,4.562183269932205,3.4917458769774545,1.0704373929547502,15.0,13.0
3406,Amici Cafe,Khan Market,True,1200,7.0909098220799835,3.8,3.775890932840249,3.4697535855565107,0.3061373472837383,815.0,681.0
309576,Azam's Mughlai,Khan Market,True,600,6.398594934535208,3.9,3.7694783046131426,3.4014703540590903,0.36800795055405233,626.0,524.0
4741,Boombox Cafe,Khan Market,True,2000,7.601402334583733,3.6,3.591748497461278,3.520103619964429,0.071644877496849,2014.0,1729.0
310674,Cafe Illuminatii,Khan Market,True,2500,7.824445930877619,3.6,3.565078884671368,3.542102478856175,0.02297640581519289,2551.0,2239.0
1901,Cafe Turtle,Khan Market,True,1000,6.90875477931522,3.6,3.5804374490374116,3.4517875773465194,0.12864987169089215,1596.0,1357.0
813,China Fare,Khan Market,True,1000,6.90875477931522,3.7,3.641481269692834,3.4517875773465194,0.1896936923463146,1296.0,1089.0
304989,Chokola,Khan Market,True,700,6.55250788703459,3.8,3.7500284789779714,3.416650836170689,0.33337764280728255,726.0,606.0
300642,Cravings By Arshi Dhupia,Khan Market,True,800,6.68586094706836,3.6,3.443750394234711,3.4298034897290544,0.013946904505656832,2670.0,2354.0
307284,Harry's Bar + Cafe,Khan Market,True,1700,7.438971592395862,3.7,3.661514708897089,3.50408302562123,0.15743168327585888,1433.0,1211.0
844,Khan Chacha,Khan Market,True,650,6.478509642208569,3.7,3.6941259988828836,3.4093523663952126,0.28477363248767107,899.0,747.0
308337,La Bodega,Khan Market,True,1700,7.438971592395862,3.6,3.578000958033046,3.50408302562123,0.07391793241181599,2000.0,1717.0
307822,La Vie,Khan Market,True,1400,7.244941546337007,3.9,3.8465457867799353,3.4849457821633028,0.36160000461663255,647.0,542.0
3425,Latitude 28,Khan Market,True,2000,7.601402334583733,3.8,3.7127481378980454,3.520103619964429,0.19264451793361648,1279.0,1073.0
6271,Laziz Kabab (Subhash Restaurant),Khan Market,True,400,5.993961427306569,3.7,3.5665041464867775,3.3615612260845467,0.20494292040223083,1229.0,1030.0
312710,Mr. Choy,Khan Market,True,1200,7.0909098220799835,3.9,3.8199777700902007,3.4697535855565107,0.35022418453369,677.0,568.0
18255125,Public Affair,Khan Market,True,2100,7.650168700845001,3.8,3.7113408497996265,3.524913461752629,0.18642738804699732,1311.0,1102.0
18285728,Qureshi Kabab,Khan Market,True,450,6.111467339502679,3.5,3.389583799247083,3.3731508705500266,0.016432928697056592,2636.0,2321.0
305686,Side Wok,Khan Market,True,2000,7.601402334583733,3.9,3.8361342773166447,3.520103619964429,0.3160306573522158,773.0,647.0
154,Subway,Khan Market,True,500,6.2166061010848646,3.7,3.6279009736299894,3.3835207391251902,0.24438023450479918,1047.0,875.0
18361747,t Lounge by Dilmah,Khan Market,True,800,6.68586094706836,3.6,3.453163021088042,3.4298034897290544,0.023359531358987606,2549.0,2237.0
9618,The Blue Door Cafe,Khan Market,True,1700,7.438971592395862,3.7,3.679237582928685,3.50408302562123,0.17515455730745488,1364.0,1149.0
307370,The Coffee Bean & Tea Leaf,Khan Market,True,700,6.55250788703459,3.8,3.727909936886254,3.416650836170689,0.31125910071556495,789.0,661.0
307802,Town Hall,Khan Market,True,2500,7.824445930877619,3.8,3.782196381174338,3.542102478856175,0.2400939023181632,1067.0,892.0
307799,Wok  In The Clouds,Khan Market,True,2000,7.601402334583733,3.8,3.7693767837748013,3.520103619964429,0.24927316381037246,1027.0,855.0
18419910,Civil House,Khan Market,True,1700,7.438971592395862,4.2,3.9432872268537498,3.50408302562123,0.4392042012325197,463.0,377.0
4296,L'Opera,Khan Market,True,400,5.993961427306569,4.0,3.9439374440040695,3.3615612260845467,0.5823762179195229,241.0,191.0
2632,Mamagoto,Khan Market,True,1600,7.3783837129967145,4.1,4.073395598803703,3.498107224335746,0.5752883744679571,249.0,198.0
7227,Out Of The Box,Khan Market,True,1550,7.346655163176539,4.0,3.9746106475641434,3.494977827653072,0.47963281991107154,371.0,303.0
18221038,Parallel,Khan Market,True,2000,7.601402334583733,4.0,3.751660396486777,3.520103619964429,0.23155677652234807,1100.0,921.0
313299,Perch Wine & Coffee Bar,Khan Market,True,2000,7.601402334583733,4.2,4.130687551250513,3.520103619964429,0.6105839312860839,207.0,162.0
300656,Smoke House Deli,Khan Market,True,1650,7.409136443920128,4.0,3.972165088222686,3.501140375698803,0.4710247125238829,396.0,322.0
313207,Smokey's BBQ and Grill,Khan Market,True,2100,7.650168700845001,4.2,4.13367229784738,3.524913461752629,0.6087588360947511,210.0,163.0
309788,SodaBottleOpenerWala,Khan Market,True,1300,7.170888478512505,4.2,4.178814330489204,3.477641905178529,0.7011724253106753,131.0,106.0
18082237,The Artful Baker,Khan Market,True,600,6.398594934535208,4.0,3.881830969331998,3.4014703540590903,0.48036061527290785,370.0,302.0
311531,The Big Chill Cakery,Khan Market,True,700,6.55250788703459,4.4,4.3465270871491235,3.416650836170689,0.9298762509784346,33.0,30.0
18273615,The Chatter House,Khan Market,True,1800,7.496097345175956,4.2,4.114252640722284,3.5097173562874113,0.6045352844348724,214.0,167.0
17953908,Amaze Dining,Kirti Nagar,True,1100,7.00397413672268,3.1,3.3086869618696184,3.4611790920197736,-0.15249213015015517,5078.0,4639.0
305722,Amritsari Naan & Kulcha,Kirti Nagar,True,250,5.5254529391317835,3.1,3.3018447663984833,3.3153520889822103,-0.013507322583727,3067.0,2731.0
18430600,Bangla Sweets,Kirti Nagar,True,450,6.111467339502679,3.3,3.3405246895210885,3.3731508705500266,-0.032626181028938106,3405.0,3058.0
18441800,Bj's Lounge & Cafe,Kirti Nagar,True,700,6.55250788703459,3.0,3.2868755125051248,3.416650836170689,-0.1297753236655641,4896.0,4470.0
18337965,BTW,Kirti Nagar,True,400,5.993961427306569,3.2,3.3090078051515808,3.3615612260845467,-0.05255342093296589,3778.0,3414.0
300452,Cabana's Kabab & Curry's,Kirti Nagar,True,450,6.111467339502679,3.3,3.3205945143467823,3.3731508705500266,-0.05255635620324428,3781.0,3417.0
5590,Cafe Coffee Day,Kirti Nagar,True,450,6.111467339502679,3.2,3.302951815976493,3.3731508705500266,-0.07019905457353381,4079.0,3704.0
18070502,Chaap Point,Kirti Nagar,True,150,5.017279836814924,3.2,3.3235421791717914,3.2652308187184387,0.05831136045335272,2133.0,1840.0
312098,Chicken Chilli Corner,Kirti Nagar,True,500,6.2166061010848646,3.1,3.3086869618696184,3.3835207391251902,-0.07483377725557183,4166.0,3786.0
303635,Chinese Dragon,Kirti Nagar,True,550,6.311734809152915,2.6,2.9756380688806887,3.3929033130260597,-0.41726524414537103,6081.0,5460.0
302456,Copper Restro Bar,Kirti Nagar,True,1200,7.0909098220799835,2.8,3.2220707929735544,3.4697535855565107,-0.24768279258295633,5608.0,5117.0
9549,Corner Sweets,Kirti Nagar,True,200,5.303304908059076,3.2,3.2497485285255534,3.2934415599652347,-0.043693031439681285,3620.0,3265.0
306488,D'Casa,Kirti Nagar,True,1100,7.00397413672268,2.7,2.9849333102706024,3.4611790920197736,-0.4762457817491712,6191.0,5538.0
302142,Delhi 15,Kirti Nagar,True,800,6.68586094706836,2.7,3.0394950079819947,3.4298034897290544,-0.3903084817470597,6023.0,5419.0
18350118,Dialogue Lounge & Cafí©,Kirti Nagar,True,750,6.621405651764134,3.0,3.324764731137877,3.423446244016628,-0.09868151287875104,4522.0,4124.0
7396,Domino's Pizza,Kirti Nagar,True,700,6.55250788703459,3.3,3.3237031202859195,3.416650836170689,-0.09294771588476936,4442.0,4046.0
18435836,Flavours From Heaven,Kirti Nagar,True,650,6.478509642208569,3.3,3.3411890286935653,3.4093523663952126,-0.06816333770164729,4056.0,3682.0
18277180,Flavours Of Biryani,Kirti Nagar,True,400,5.993961427306569,3.3,3.329911080360803,3.3615612260845467,-0.031650145723743695,3395.0,3048.0
18366018,Flirty Momo's,Kirti Nagar,True,350,5.860786223465865,3.0,3.3129551045510452,3.348426114537516,-0.03547100998647057,3446.0,3097.0
308555,Gedi Grill,Kirti Nagar,True,700,6.55250788703459,3.4,3.387565264324518,3.416650836170689,-0.029085571846170666,3342.0,2996.0
306662,Green Chick Chop,Kirti Nagar,True,350,5.860786223465865,2.7,3.1432295937542705,3.348426114537516,-0.20519652078324535,5410.0,4947.0
310253,Indian Bites,Kirti Nagar,True,550,6.311734809152915,2.7,3.0545836750034168,3.3929033130260597,-0.338319638022643,5903.0,5339.0
5664,Karan's Vaishno Dhaba,Kirti Nagar,True,300,5.707110264748875,3.2,3.295032445516763,3.3332690071959785,-0.03823656167921552,3516.0,3163.0
18460329,Le Swaadik,Kirti Nagar,True,500,6.2166061010848646,3.3,3.3405246895210885,3.3835207391251902,-0.04299604960410175,3605.0,3252.0
18360284,Let's Meet Up,Kirti Nagar,True,350,5.860786223465865,3.2,3.314038934620115,3.348426114537516,-0.0343871799174007,3430.0,3082.0
9552,Madan's Kabab Centre,Kirti Nagar,True,600,6.398594934535208,3.2,3.2926566343788437,3.4014703540590903,-0.10881371968024656,4654.0,4247.0
308156,Midnight Fries,Kirti Nagar,True,550,6.311734809152915,2.7,3.0359213763190263,3.3929033130260597,-0.3569819367070335,5945.0,5373.0
308189,Moradabadi Biryani,Kirti Nagar,True,300,5.707110264748875,3.1,3.312285012936336,3.3332690071959785,-0.02098399425964237,3202.0,2861.0
300448,Namdhari's Icecream & Bakers,Kirti Nagar,True,300,5.707110264748875,2.8,3.175174038198715,3.3332690071959785,-0.1580949689972635,5120.0,4680.0
311944,Pahariya Chicken Corner,Kirti Nagar,True,400,5.993961427306569,3.1,3.319866620541205,3.3615612260845467,-0.04169460554334181,3565.0,3212.0
9550,Pahariya Chicken,Kirti Nagar,True,450,6.111467339502679,2.7,3.1986332929735544,3.3731508705500266,-0.17451757757647224,5230.0,4779.0
18198179,Pappi Machhi Wala,Kirti Nagar,True,450,6.111467339502679,3.2,3.3278022543156465,3.3731508705500266,-0.045348616234380135,3654.0,3295.0
7400,Pizza Hut Delivery,Kirti Nagar,True,800,6.68586094706836,2.6,2.9173494030198923,3.4298034897290544,-0.512454086709162,6238.0,5574.0
309289,Polka Cakes & Coffee,Kirti Nagar,True,400,5.993961427306569,3.3,3.3380686477319315,3.3615612260845467,-0.0234925783526152,3230.0,2888.0
18365872,Punjabi Joint,Kirti Nagar,True,600,6.398594934535208,2.8,3.3096703915152355,3.4014703540590903,-0.09179996254385481,4421.0,4026.0
9050,Rain Tree Grill,Kirti Nagar,True,1200,7.0909098220799835,3.2,3.2602644776447764,3.4697535855565107,-0.20948910791173425,5440.0,4977.0
18366011,Resunga Food Corner,Kirti Nagar,True,600,6.398594934535208,3.0,3.3187505694501387,3.4014703540590903,-0.08271978460895157,4287.0,3898.0
305720,Shri Ram Poori Wale,Kirti Nagar,True,50,3.9318256327243257,2.8,3.2739040482510084,3.1581721348287717,0.11573191342223677,1677.0,1428.0
4036,Supa's Restaurant,Kirti Nagar,True,800,6.68586094706836,3.2,3.2748740479829035,3.4298034897290544,-0.15492944174615086,5096.0,4656.0
5658,Swad Fast Food,Kirti Nagar,True,300,5.707110264748875,2.9,3.2401927807739614,3.3332690071959785,-0.09307622642201707,4445.0,4049.0
5659,Syall Kotian Da Dhaba,Kirti Nagar,True,600,6.398594934535208,3.0,3.2494569673957607,3.4014703540590903,-0.15201338666332953,5075.0,4636.0
18265677,The Krib,Kirti Nagar,True,2500,7.824445930877619,3.2,3.317659218258849,3.542102478856175,-0.2244432605973259,5505.0,5032.0
309998,Turtle Bay,Kirti Nagar,True,1100,7.00397413672268,3.4,3.380589680896809,3.4611790920197736,-0.0805894111229648,4246.0,3862.0
18201995,Yakooz,Kirti Nagar,True,550,6.311734809152915,3.1,3.2784424746421372,3.3929033130260597,-0.11446083838392251,4731.0,4316.0
306245,Above & Beyond,Kirti Nagar,True,1200,7.0909098220799835,3.5,3.4599589601665244,3.4697535855565107,-0.009794625389986322,3015.0,2681.0
306168,Bawa Chicken,Kirti Nagar,True,650,6.478509642208569,3.5,3.450425379253792,3.4093523663952126,0.04107301285857945,2328.0,2028.0
18365996,Chatore,Kirti Nagar,True,250,5.5254529391317835,3.6,3.4375004100040996,3.3153520889822103,0.12214832102188922,1634.0,1391.0
311448,Chocomore,Kirti Nagar,True,500,6.2166061010848646,3.7,3.553953254276132,3.3835207391251902,0.17043251515094182,1380.0,1163.0
303350,Clay 1 Grill,Kirti Nagar,True,1000,6.90875477931522,3.6,3.563290755272011,3.4517875773465194,0.11150317792549158,1703.0,1452.0
18378056,Firangi Island,Kirti Nagar,True,1200,7.0909098220799835,3.5,3.395893296432964,3.4697535855565107,-0.0738602891235467,4147.0,3768.0
9513,Jeet Chaat Bhandar,Kirti Nagar,True,150,5.017279836814924,3.5,3.398785149309826,3.2652308187184387,0.13355433059138733,1567.0,1332.0
18303704,Mr. Grill,Kirti Nagar,True,600,6.398594934535208,3.6,3.482812795676033,3.4014703540590903,0.08134244161694282,1926.0,1653.0
308111,Tikka Junction,Kirti Nagar,True,750,6.621405651764134,3.5,3.4517386142404467,3.423446244016628,0.028292370223818697,2481.0,2175.0
312922,Momos Hut & Chinese Food,Kirti Nagar,True,500,6.2166061010848646,2.4,3.0755439239174995,3.3835207391251902,-0.3079768152076907,5808.0,5270.0
3918,Wah Ji Wah,Kirti Nagar,True,350,5.860786223465865,2.1,2.6952672888379365,3.348426114537516,-0.6531588256995793,6391.0,5698.0
308784,Yo! China,Kirti Nagar,True,800,6.68586094706836,2.4,2.9296878494353122,3.4298034897290544,-0.5001156402937421,6225.0,5563.0
2316,Aapki Apni Rasoi,Krishna Nagar,True,200,5.303304908059076,2.9,3.3020460136419545,3.2934415599652347,0.008604453676719803,2722.0,2398.0
2315,Aapki Rasoi,Krishna Nagar,True,250,5.5254529391317835,3.0,3.2689457929735544,3.3153520889822103,-0.04640629600865598,3680.0,3321.0
313307,Advance Bakery,Krishna Nagar,True,200,5.303304908059076,2.9,3.2948666205412054,3.2934415599652347,0.0014250605759706936,2834.0,2509.0
301208,Apni Rasoi,Krishna Nagar,True,300,5.707110264748875,2.9,3.2401927807739614,3.3332690071959785,-0.09307622642201707,4445.0,4049.0
18386203,Bakeyard,Krishna Nagar,True,300,5.707110264748875,3.0,3.3129551045510452,3.3332690071959785,-0.020313902644933268,3178.0,2838.0
18258507,Bharat Chicken Inn Foods,Krishna Nagar,True,400,5.993961427306569,2.9,3.281250530177715,3.3615612260845467,-0.0803106959068316,4239.0,3855.0
313091,Bobby Veg Corner,Krishna Nagar,True,350,5.860786223465865,2.9,3.309491310190879,3.348426114537516,-0.03893480434663665,3526.0,3173.0
313381,Brunch Point,Krishna Nagar,True,150,5.017279836814924,2.9,3.317217561326556,3.2652308187184387,0.05198674260811753,2201.0,1902.0
301201,Bunty Dhaba,Krishna Nagar,True,500,6.2166061010848646,2.5,2.92133869444755,3.3835207391251902,-0.4621820446776401,6170.0,5525.0
309496,Chandni Chowk Ka Sonu Parathe Wala,Krishna Nagar,True,100,4.61512051684126,3.1,3.3018447663984833,3.2255657205981403,0.07627904580034306,1976.0,1697.0
2297,Chankya,Krishna Nagar,True,500,6.2166061010848646,3.2,3.2579103964867775,3.3835207391251902,-0.12561034263841275,4846.0,4424.0
305003,Chaudhary Di Hatti,Krishna Nagar,True,150,5.017279836814924,3.3,3.336413489134891,3.2652308187184387,0.07118267041645243,2023.0,1738.0
306310,Cook Du Kdu,Krishna Nagar,True,650,6.478509642208569,3.2,3.273391393567401,3.4093523663952126,-0.1359609728278115,4949.0,4519.0
18332058,Daawat Restaurant,Krishna Nagar,True,500,6.2166061010848646,3.3,3.3335004100040995,3.3835207391251902,-0.05002032912109078,3742.0,3380.0
18128895,Delhi Dairy,Krishna Nagar,True,350,5.860786223465865,3.2,3.3235421791717914,3.348426114537516,-0.02488393536572442,3260.0,2917.0
312747,Domino's Pizza,Krishna Nagar,True,700,6.55250788703459,2.9,3.256653721779153,3.416650836170689,-0.15999711439153597,5135.0,4694.0
6128,Domino's Pizza,Krishna Nagar,True,700,6.55250788703459,3.1,3.19929460282506,3.416650836170689,-0.2173562333456287,5472.0,5004.0
304994,F 2 Pastry Shop,Krishna Nagar,True,150,5.017279836814924,3.3,3.3335004100040995,3.2652308187184387,0.06826959128566079,2048.0,1762.0
313132,Food Villa,Krishna Nagar,True,700,6.55250788703459,2.9,3.2747886567848727,3.416650836170689,-0.14186217938581613,4995.0,4559.0
18423095,Goosebumps,Krishna Nagar,True,300,5.707110264748875,3.2,3.334773286369227,3.3332690071959785,0.0015042791732486904,2832.0,2507.0
18378024,Gulab,Krishna Nagar,True,500,6.2166061010848646,3.3,3.3411890286935653,3.3835207391251902,-0.04233171043162498,3588.0,3235.0
313508,Health Buzzz,Krishna Nagar,True,350,5.860786223465865,3.1,3.273415926060669,3.348426114537516,-0.07501018847684682,4176.0,3795.0
301213,Jain Dhaba,Krishna Nagar,True,400,5.993961427306569,3.2,3.293829503168449,3.3615612260845467,-0.06773172291609786,4053.0,3679.0
8293,Jeeta Kulfi Walle,Krishna Nagar,True,100,4.61512051684126,3.3,3.3411890286935653,3.2255657205981403,0.11562330809542498,1678.0,1429.0
309495,Kamal Meat House,Krishna Nagar,True,400,5.993961427306569,2.6,3.1751957929735544,3.3615612260845467,-0.1863654331109923,5294.0,4840.0
305565,Katyani Rasoi,Krishna Nagar,True,300,5.707110264748875,3.2,3.3256361144119913,3.3332690071959785,-0.007632892783987266,2972.0,2638.0
309489,Magic Masala,Krishna Nagar,True,400,5.993961427306569,3.0,3.2868755125051248,3.3615612260845467,-0.07468571357942189,4163.0,3783.0
3772,Masala Magic,Krishna Nagar,True,400,5.993961427306569,3.0,3.2648081653893457,3.3615612260845467,-0.09675306069520095,4491.0,4094.0
301204,Mother Sweets,Krishna Nagar,True,100,4.61512051684126,3.4,3.3626957929735544,3.2255657205981403,0.13713007237541408,1549.0,1315.0
18421495,Panj Taara,Krishna Nagar,True,600,6.398594934535208,3.1,3.3160093114089033,3.4014703540590903,-0.08546104265018695,4328.0,3938.0
306656,Prince Fried N Grilled Chicken,Krishna Nagar,True,450,6.111467339502679,2.7,3.176306429109067,3.3731508705500266,-0.1968444414409598,5356.0,4897.0
18126085,Punjabi's Veg Grill,Krishna Nagar,True,400,5.993961427306569,3.1,3.3086869618696184,3.3615612260845467,-0.052874264214928246,3782.0,3418.0
308942,Raja Chat Corner,Krishna Nagar,True,100,4.61512051684126,3.3,3.336413489134891,3.2255657205981403,0.11084776853675082,1711.0,1458.0
309254,Rajshree,Krishna Nagar,True,550,6.311734809152915,3.3,3.3386543192354994,3.3929033130260597,-0.05424899379056036,3825.0,3457.0
301417,Sachdeva Chicken Corner,Krishna Nagar,True,500,6.2166061010848646,3.4,3.3728696676171306,3.3835207391251902,-0.010651071508059662,3022.0,2687.0
301203,Shree Rathnam,Krishna Nagar,True,800,6.68586094706836,2.9,3.09228287608963,3.4298034897290544,-0.3375206136394242,5901.0,5337.0
18014143,Sialkot,Krishna Nagar,True,250,5.5254529391317835,3.1,3.319866620541205,3.3153520889822103,0.004514531558994506,2786.0,2462.0
309793,Singh-O-Singh Kebabs,Krishna Nagar,True,500,6.2166061010848646,3.1,3.219539133498131,3.3835207391251902,-0.16398160562705932,5157.0,4711.0
6131,Super Snacks,Krishna Nagar,True,500,6.2166061010848646,3.1,3.2323928037667473,3.3835207391251902,-0.15112793535844293,5066.0,4627.0
309498,Tandoori Night,Krishna Nagar,True,600,6.398594934535208,3.1,3.2923832929735544,3.4014703540590903,-0.1090870610855359,4659.0,4251.0
1274,The Chaupal Bar And Restaurant,Krishna Nagar,True,800,6.68586094706836,2.9,3.2509925515921823,3.4298034897290544,-0.1788109381368721,5255.0,4803.0
18431416,The Grill Point,Krishna Nagar,True,350,5.860786223465865,3.0,3.324764731137877,3.348426114537516,-0.023661383399638858,3237.0,2895.0
309481,The Roll Hut,Krishna Nagar,True,200,5.303304908059076,3.1,3.2985892056501207,3.2934415599652347,0.005147645684886015,2781.0,2457.0
301207,Triveni,Krishna Nagar,True,300,5.707110264748875,3.2,3.2926566343788437,3.3332690071959785,-0.04061237281713481,3547.0,3194.0
18409201,Gokul Foods,Krishna Nagar,True,550,6.311734809152915,3.6,3.4283455035254575,3.3929033130260597,0.035442190499397785,2389.0,2085.0
308938,Papa Pizza,Krishna Nagar,True,450,6.111467339502679,3.5,3.395893296432964,3.3731508705500266,0.0227424258829374,2553.0,2241.0
18382338,Rainbows,Lado Sarai,True,400,5.993961427306569,3.1,3.3086869618696184,3.3615612260845467,-0.052874264214928246,3782.0,3418.0
17977751,The Nest,Lado Sarai,True,2200,7.696667081526462,3.5,3.472706107679054,3.529499611421586,-0.056793503742532,3857.0,3488.0
9571,Ambersari Dhaba,Lajpat Nagar 1,True,250,5.5254529391317835,3.4,3.3743282876377148,3.3153520889822103,0.05897619865550441,2126.0,1833.0
313491,Arabian Knites,Lajpat Nagar 1,True,500,6.2166061010848646,3.0,3.307366620541205,3.3835207391251902,-0.07615411858398513,4190.0,3809.0
18260714,Aryan's Rajasthani Pyaz Ki Kachori,Lajpat Nagar 1,True,100,4.61512051684126,3.1,3.3323119009491977,3.2255657205981403,0.10674618035105743,1737.0,1475.0
310344,Aviram's Chinese Kitchen,Lajpat Nagar 1,True,250,5.5254529391317835,2.7,3.3021232217039147,3.3153520889822103,-0.013228867278295642,3053.0,2717.0
9875,Bhagwan Sweets,Lajpat Nagar 1,True,250,5.5254529391317835,2.8,3.2739040482510084,3.3153520889822103,-0.041448040731201896,3559.0,3206.0
18396161,Chawla,Lajpat Nagar 1,True,400,5.993961427306569,2.7,3.269866620541205,3.3615612260845467,-0.09169460554334163,4416.0,4021.0
9572,Chinese Hut,Lajpat Nagar 1,True,450,6.111467339502679,3.2,3.2705955309553096,3.3731508705500266,-0.10255533959471697,4574.0,4175.0
18371289,Flavourz,Lajpat Nagar 1,True,150,5.017279836814924,3.3,3.3456823772783175,3.2652308187184387,0.08045155855987884,1933.0,1660.0
18356840,Lets Bake Love,Lajpat Nagar 1,True,600,6.398594934535208,3.0,3.324764731137877,3.4014703540590903,-0.0767056229212133,4196.0,3815.0
303784,Mahadev Dhaba,Lajpat Nagar 1,True,100,4.61512051684126,2.6,3.223941199157754,3.2255657205981403,-0.001624521440386495,2879.0,2552.0
9906,Sethi's Food Corner,Lajpat Nagar 1,True,550,6.311734809152915,3.3,3.328230682587724,3.3929033130260597,-0.0646726304383356,3982.0,3609.0
305581,Sethi's Restaurant,Lajpat Nagar 1,True,700,6.55250788703459,3.4,3.3756380688806886,3.416650836170689,-0.04101276729000025,3555.0,3202.0
9588,Sindhi Kulfi,Lajpat Nagar 1,True,100,4.61512051684126,3.0,3.324764731137877,3.2255657205981403,0.09919901053973668,1784.0,1520.0
312798,Sri Kamakshi Vilas,Lajpat Nagar 1,True,400,5.993961427306569,2.7,3.250216047419095,3.3615612260845467,-0.1113451786654518,4696.0,4285.0
18361738,The Midnight Hub - C,Lajpat Nagar 1,True,450,6.111467339502679,2.6,2.8437915943728975,3.3731508705500266,-0.5293592761771291,6264.0,5595.0
9579,Anand Ji,Lajpat Nagar 1,True,200,5.303304908059076,3.8,3.7052264256478766,3.2934415599652347,0.41178486568264194,520.0,427.0
309816,Happy Hakka,Lajpat Nagar 1,True,650,6.478509642208569,3.7,3.646434265674945,3.4093523663952126,0.23708189927973233,1081.0,904.0
307283,Oberoi's,Lajpat Nagar 1,True,600,6.398594934535208,3.6,3.5017139576637697,3.4014703540590903,0.10024360360467943,1778.0,1514.0
311150,Relax Restaurant,Lajpat Nagar 1,True,800,6.68586094706836,3.5,3.455833519698833,3.4298034897290544,0.026030029969778656,2509.0,2201.0
7856,Aggarwal Sweet Corner,Lajpat Nagar 2,True,300,5.707110264748875,3.4,3.3663736725395417,3.3332690071959785,0.033104665343563155,2413.0,2107.0
18365894,Behrouz Biryani,Lajpat Nagar 2,True,600,6.398594934535208,3.0,3.2125003796334255,3.4014703540590903,-0.18896997442566477,5308.0,4853.0
18441523,Biryani Blues,Lajpat Nagar 2,True,1000,6.90875477931522,3.1,3.3160093114089033,3.4517875773465194,-0.1357782659376161,4948.0,4518.0
18400728,Burger King,Lajpat Nagar 2,True,500,6.2166061010848646,3.4,3.3746013909607178,3.3835207391251902,-0.008919348164472485,3004.0,2670.0
310345,Domino's Pizza,Lajpat Nagar 2,True,700,6.55250788703459,2.5,2.934505528649036,3.416650836170689,-0.4821453075216531,6203.0,5547.0
9596,Gopal (Sindhi) Restaurant,Lajpat Nagar 2,True,650,6.478509642208569,3.4,3.377893803243588,3.4093523663952126,-0.03145856315162465,3394.0,3047.0
302577,Kabul Delhi,Lajpat Nagar 2,True,550,6.311734809152915,2.9,3.1512787585262214,3.3929033130260597,-0.24162455449983833,5582.0,5096.0
18334458,Khan Chacha,Lajpat Nagar 2,True,650,6.478509642208569,2.9,3.1764066343788437,3.4093523663952126,-0.2329457320163688,5542.0,5064.0
4847,Pizza Hut Delivery,Lajpat Nagar 2,True,800,6.68586094706836,2.8,3.0622575801000727,3.4298034897290544,-0.3675459096289817,5962.0,5381.0
2601,Punjabi Jaika,Lajpat Nagar 2,True,250,5.5254529391317835,3.3,3.328230682587724,3.3153520889822103,0.0128785936055138,2683.0,2366.0
3490,Rozy Restaurant,Lajpat Nagar 2,True,500,6.2166061010848646,2.6,2.9718437449526007,3.3835207391251902,-0.4116769941725895,6064.0,5447.0
18349930,Taj Cafe,Lajpat Nagar 2,True,600,6.398594934535208,3.1,3.283769115676231,3.4014703540590903,-0.11770123838285906,4770.0,4352.0
7735,Tewari Sweets,Lajpat Nagar 2,True,500,6.2166061010848646,3.1,3.25015281402814,3.3835207391251902,-0.1333679250970503,4929.0,4503.0
301239,The Burger Hut & Cake Shop,Lajpat Nagar 2,True,300,5.707110264748875,3.0,3.1912503416700826,3.3332690071959785,-0.14201866552589593,5000.0,4564.0
7861,Angel's Basket,Lajpat Nagar 2,True,200,5.303304908059076,3.5,3.4387607626076258,3.2934415599652347,0.14531920264239107,1502.0,1271.0
491,Bikanervala,Lajpat Nagar 2,True,550,6.311734809152915,3.7,3.646265819969521,3.3929033130260597,0.2533625069434611,1009.0,839.0
553,Haldiram's,Lajpat Nagar 2,True,600,6.398594934535208,3.8,3.7577975638201675,3.4014703540590903,0.35632720976107723,661.0,555.0
18426285,Moon of Taj,Lajpat Nagar 2,True,500,6.2166061010848646,3.8,3.485893296432964,3.3835207391251902,0.10237255730777362,1767.0,1503.0
18345810,Tongue Thai'd,Lajpat Nagar 2,True,1000,6.90875477931522,3.7,3.538797459908561,3.4517875773465194,0.08700988256204178,1877.0,1608.0
7906,Udupi Sai Sarover,Lajpat Nagar 2,True,550,6.311734809152915,3.8,3.603683310270602,3.3929033130260597,0.2107799972445421,1184.0,992.0
311593,Wagh Bakri Tea Lounge,Lajpat Nagar 2,True,550,6.311734809152915,3.5,3.4292478713622083,3.3929033130260597,0.03634455833614858,2379.0,2076.0
1533,Tibet Kitchen,Lajpat Nagar 4,True,500,6.2166061010848646,3.5,3.4870789552310417,3.3835207391251902,0.10355821610585147,1755.0,1491.0
9529,Baba Nagpal Corner,Lajpat Nagar 4,True,150,5.017279836814924,4.1,4.041393819089948,3.2652308187184387,0.7761630003715094,95.0,79.0
311466,Burger Street,Lawrence Road,True,300,5.707110264748875,3.4,3.3705250709914503,3.3332690071959785,0.03725606379547175,2362.0,2059.0
5358,Dilli Zaika,Lawrence Road,True,300,5.707110264748875,3.2,3.302951815976493,3.3332690071959785,-0.03031719121948573,3368.0,3021.0
301532,Mughal Chic Inn,Lawrence Road,True,600,6.398594934535208,3.3,3.3348962604209373,3.4014703540590903,-0.06657409363815292,4029.0,3655.0
18336529,Nutrition Theka,Lawrence Road,True,500,6.2166061010848646,3.3,3.3411890286935653,3.3835207391251902,-0.04233171043162498,3588.0,3235.0
301530,Punjabi Chaap Corner,Lawrence Road,True,550,6.311734809152915,3.1,3.2784424746421372,3.3929033130260597,-0.11446083838392251,4731.0,4316.0
18317975,Samosa Street,Lawrence Road,True,200,5.303304908059076,3.3,3.3448666205412048,3.2934415599652347,0.05142506057597007,2211.0,1911.0
18469935,Shanu's Chicken Planet,Lawrence Road,True,450,6.111467339502679,3.2,3.3235421791717914,3.3731508705500266,-0.049608691378235203,3734.0,3372.0
300874,Shanu's Food Shop,Lawrence Road,True,450,6.111467339502679,2.8,3.235685979843669,3.3731508705500266,-0.1374648907063576,4959.0,4527.0
301677,Rahul Eggs,Lawrence Road,True,400,5.993961427306569,4.2,4.148720753082993,3.3615612260845467,0.7871595269984466,84.0,69.0
8537,7 Stick,Laxmi Nagar,True,250,5.5254529391317835,2.8,3.2739040482510084,3.3153520889822103,-0.041448040731201896,3559.0,3206.0
18268367,Aashirwad Restaurant,Laxmi Nagar,True,400,5.993961427306569,2.6,3.2817135324131015,3.3615612260845467,-0.07984769367144517,4234.0,3850.0
18244534,Amar Bakery,Laxmi Nagar,True,250,5.5254529391317835,3.3,3.3405246895210885,3.3153520889822103,0.025172600538878154,2522.0,2213.0
8517,Apni Rasoi,Laxmi Nagar,True,400,5.993961427306569,3.1,3.268664804798733,3.3615612260845467,-0.09289642128581388,4439.0,4043.0
310653,Baked Buns,Laxmi Nagar,True,500,6.2166061010848646,3.1,3.283769115676231,3.3835207391251902,-0.09975162344895905,4538.0,4140.0
312479,Banspi,Laxmi Nagar,True,350,5.860786223465865,2.9,3.256653721779153,3.348426114537516,-0.09177239275836291,4418.0,4023.0
18222593,Benchmark,Laxmi Nagar,True,500,6.2166061010848646,2.8,3.2287703293699597,3.3835207391251902,-0.15475040975523058,5090.0,4650.0
2012,Bobby Tikki Wala,Laxmi Nagar,True,250,5.5254529391317835,3.0,3.1399392743927437,3.3153520889822103,-0.17541281458946667,5232.0,4781.0
6265,Cafe Coffee Day,Laxmi Nagar,True,450,6.111467339502679,2.7,3.176306429109067,3.3731508705500266,-0.1968444414409598,5356.0,4897.0
9829,Cafe Coffee Day,Laxmi Nagar,True,450,6.111467339502679,2.8,3.2287703293699597,3.3731508705500266,-0.14438054118006693,5021.0,4585.0
311949,Canteeno,Laxmi Nagar,True,200,5.303304908059076,3.0,3.307366620541205,3.2934415599652347,0.013925060575970427,2673.0,2357.0
18421027,Chai Mantra,Laxmi Nagar,True,200,5.303304908059076,3.2,3.3158207929735544,3.2934415599652347,0.022379233008319677,2564.0,2251.0
304957,Chandni Chowk ke Mashhoor Makkhan Wale Paranthe,Laxmi Nagar,True,200,5.303304908059076,2.8,3.2657332887984047,3.2934415599652347,-0.027708271166829945,3312.0,2968.0
305948,Chandni Chowk Parantha Corner,Laxmi Nagar,True,100,4.61512051684126,3.1,3.3160093114089033,3.2255657205981403,0.09044359081076303,1844.0,1576.0
306113,Chauhan Laxmi Sweets,Laxmi Nagar,True,150,5.017279836814924,3.0,3.2868755125051248,3.2652308187184387,0.021644693786686098,2577.0,2264.0
305987,Chawla's The Cake Room,Laxmi Nagar,True,250,5.5254529391317835,3.4,3.363826223489507,3.3153520889822103,0.04847413450729654,2245.0,1945.0
4935,China Town,Laxmi Nagar,True,250,5.5254529391317835,2.9,3.2685421791717912,3.3153520889822103,-0.046809909810419104,3690.0,3331.0
313265,Domino's Pizza,Laxmi Nagar,True,700,6.55250788703459,2.6,2.987500323687447,3.416650836170689,-0.429150512483242,6103.0,5476.0
18414470,Faasos,Laxmi Nagar,True,600,6.398594934535208,2.6,3.223941199157754,3.4014703540590903,-0.17752915490133647,5243.0,4791.0
18377903,Fast Trax,Laxmi Nagar,True,250,5.5254529391317835,3.2,3.339859070760519,3.3153520889822103,0.024506981778308567,2527.0,2216.0
300729,Finger Licious,Laxmi Nagar,True,200,5.303304908059076,3.4,3.3899262900856852,3.2934415599652347,0.09648473012045056,1806.0,1541.0
9850,Gulshan Pastry Shop,Laxmi Nagar,True,200,5.303304908059076,3.0,3.2967677715570254,3.2934415599652347,0.0033262115917906954,2801.0,2477.0
4939,Handa's,Laxmi Nagar,True,500,6.2166061010848646,2.6,3.2458338728124123,3.3835207391251902,-0.13768686631277793,4962.0,4530.0
18416369,Homely Delight,Laxmi Nagar,True,400,5.993961427306569,3.1,3.319866620541205,3.3615612260845467,-0.04169460554334181,3565.0,3212.0
311194,Jahangeer Foods,Laxmi Nagar,True,500,6.2166061010848646,2.7,2.982411776551394,3.3835207391251902,-0.40110896257379647,6042.0,5432.0
1205,Kaleva,Laxmi Nagar,True,400,5.993961427306569,3.3,3.322841188639159,3.3615612260845467,-0.03872003744538777,3523.0,3170.0
305949,Laxmi Vaishno Dhaba,Laxmi Nagar,True,300,5.707110264748875,3.0,3.277621463714637,3.3332690071959785,-0.05564754348134171,3841.0,3472.0
18400760,Little Pleasure Restaurant & Cafe,Laxmi Nagar,True,600,6.398594934535208,2.9,3.2948666205412054,3.4014703540590903,-0.10660373351788488,4632.0,4228.0
18372696,Mauryan Multi Cuisine Restaurant,Laxmi Nagar,True,900,6.803505257608338,3.4,3.3701566343788434,3.4414067844659977,-0.0712501500871543,4111.0,3735.0
9849,Mehta Food Junction,Laxmi Nagar,True,300,5.707110264748875,3.0,3.301974223689605,3.3332690071959785,-0.03129478350637349,3387.0,3040.0
305298,Om Bikaner Wale,Laxmi Nagar,True,200,5.303304908059076,2.8,3.2739040482510084,3.2934415599652347,-0.01953751171422624,3163.0,2824.0
18451584,Ovenstory Pizza,Laxmi Nagar,True,500,6.2166061010848646,2.9,3.2350383447016284,3.3835207391251902,-0.14848239442356181,5048.0,4611.0
18291212,Prasadam,Laxmi Nagar,True,400,5.993961427306569,2.8,3.125452177714548,3.3615612260845467,-0.23610904836999858,5557.0,5075.0
6072,Priyanshi Fast Food,Laxmi Nagar,True,300,5.707110264748875,3.3,3.33221193269625,3.3332690071959785,-0.001057074499728472,2871.0,2545.0
308253,Punjabi Tadka,Laxmi Nagar,True,350,5.860786223465865,3.1,3.275893296432964,3.348426114537516,-0.07253281810455192,4127.0,3749.0
18354257,Pyaali,Laxmi Nagar,True,200,5.303304908059076,2.8,3.2823666205412048,3.2934415599652347,-0.011074939424029928,3024.0,2689.0
6095,Ruby Dhaba,Laxmi Nagar,True,500,6.2166061010848646,2.7,3.1312504155446956,3.3835207391251902,-0.2522703235804946,5627.0,5129.0
305942,Shree Manakamna Fast Food,Laxmi Nagar,True,300,5.707110264748875,3.4,3.3701566343788434,3.3332690071959785,0.03688762718286487,2366.0,2063.0
18208895,The Chinese Hut,Laxmi Nagar,True,350,5.860786223465865,3.0,3.2917378093272456,3.348426114537516,-0.05668830521027024,3855.0,3486.0
309190,The Chinese Hut,Laxmi Nagar,True,300,5.707110264748875,3.2,3.302951815976493,3.3332690071959785,-0.03031719121948573,3368.0,3021.0
18472702,The Chinese Kitchen,Laxmi Nagar,True,350,5.860786223465865,3.1,3.319866620541205,3.348426114537516,-0.02855949399631097,3329.0,2984.0
311331,Twenty Four Seven,Laxmi Nagar,True,250,5.5254529391317835,3.1,3.2985892056501207,3.3153520889822103,-0.01676288333208964,3126.0,2790.0
18418242,Vegie Kitchen,Laxmi Nagar,True,250,5.5254529391317835,3.1,3.3086869618696184,3.3153520889822103,-0.006665127112591929,2955.0,2621.0
18365372,Behrouz Biryani,Laxmi Nagar,True,600,6.398594934535208,3.5,3.3973595880325,3.4014703540590903,-0.00411076602659044,2918.0,2587.0
18415367,Burger King,Laxmi Nagar,True,500,6.2166061010848646,3.5,3.4366307021765867,3.3835207391251902,0.05310996305139648,2191.0,1892.0
18382755,Mohit di Hatti,Laxmi Nagar,True,200,5.303304908059076,3.8,3.6152313508429197,3.2934415599652347,0.321789790877685,761.0,637.0
312385,Play Pizza,Laxmi Nagar,True,600,6.398594934535208,3.8,3.731073764107547,3.4014703540590903,0.3296034100484566,742.0,620.0
18345730,Sushiya Express,Laxmi Nagar,True,800,6.68586094706836,3.7,3.5080059634866005,3.4298034897290544,0.07820247375754619,1957.0,1681.0
312639,Tantrum Coffee Bar,Laxmi Nagar,True,500,6.2166061010848646,3.5,3.4292478713622083,3.3835207391251902,0.045727132237018076,2279.0,1979.0
6122,Bharat Chicken Inn,Laxmi Nagar,True,800,6.68586094706836,2.4,2.91791700833675,3.4298034897290544,-0.5118864813923043,6237.0,5573.0
584,Nathu's Sweets,Laxmi Nagar,True,400,5.993961427306569,2.1,2.460661945590044,3.3615612260845467,-0.9008992804945026,6484.0,5790.0
4725,Wah Ji Wah,Laxmi Nagar,True,500,6.2166061010848646,2.2,2.533801957102411,3.3835207391251902,-0.8497187820227792,6470.0,5776.0
18070486,QD's Restaurant,Laxmi Nagar,True,800,6.68586094706836,4.1,4.049326699931363,3.4298034897290544,0.6195232102023089,198.0,155.0
3943,Henri's Bar - Le Meridien,"Le Meridien, Janpath",True,2000,7.601402334583733,3.3,3.336413489134891,3.520103619964429,-0.18369013082953778,5276.0,4824.0
3246,Le Belvedere - Le Meridien,"Le Meridien, Janpath",True,5000,8.517393171418904,3.5,3.455291599695138,3.6104480795252334,-0.1551564798300955,5098.0,4658.0
4380,Longitude - Le Meridien,"Le Meridien, Janpath",True,2000,7.601402334583733,3.9,3.7065649694266725,3.520103619964429,0.18646134946224358,1309.0,1100.0
6600,Nero - Le Meridien,"Le Meridien, Janpath",True,3000,8.006700845440367,3.5,3.417187849435312,3.560078337452493,-0.14289048801718085,5009.0,4573.0
3937,The One - Le Meridien,"Le Meridien, Janpath",True,4500,8.412054873292933,3.8,3.7317159340071657,3.6000585305990374,0.13165740340812837,1580.0,1343.0
3235,Eau De Monsoon - Le Meridien,"Le Meridien, Janpath",True,4500,8.412054873292933,4.0,3.866439204833225,3.6000585305990374,0.26638067423418743,965.0,800.0
306815,Slounge - Lemon Tree Premier,"Lemon Tree Premier, Aerocity",True,1000,6.90875477931522,3.5,3.402833743337433,3.4517875773465194,-0.04895383400908626,3717.0,3358.0
5869,Al Bake,"Living Style Mall, Jasola",True,600,6.398594934535208,2.5,2.8627176586983256,3.4014703540590903,-0.5387526953607646,6276.0,5603.0
18273623,Al-Bawarchi,"Living Style Mall, Jasola",True,650,6.478509642208569,3.1,3.2923832929735544,3.4093523663952126,-0.11696907342165819,4760.0,4342.0
2997,Big Dragon,"Living Style Mall, Jasola",True,650,6.478509642208569,3.1,3.1947117750023653,3.4093523663952126,-0.2146405913928473,5458.0,4991.0
3371,BTW,"Living Style Mall, Jasola",True,400,5.993961427306569,3.3,3.309891853347667,3.3615612260845467,-0.05166937273687955,3765.0,3401.0
3003,Capital Curry,"Living Style Mall, Jasola",True,1000,6.90875477931522,3.1,3.219539133498131,3.4517875773465194,-0.2322484438483885,5538.0,5060.0
3004,Domino's Pizza,"Living Style Mall, Jasola",True,700,6.55250788703459,2.5,2.8208656211562113,3.416650836170689,-0.5957852150144776,6338.0,5652.0
3744,Ekta's Kitchen,"Living Style Mall, Jasola",True,650,6.478509642208569,3.2,3.263901127157823,3.4093523663952126,-0.14545123923738945,5028.0,4592.0
9996,Gopal's,"Living Style Mall, Jasola",True,150,5.017279836814924,2.9,3.2879391359703063,3.2652308187184387,0.022708317251867616,2554.0,2242.0
2999,Moti Mahal Delux,"Living Style Mall, Jasola",True,1000,6.90875477931522,2.6,2.9042357913248553,3.4517875773465194,-0.5475517860216641,6292.0,5612.0
9929,Open Oven,"Living Style Mall, Jasola",True,250,5.5254529391317835,3.4,3.376125307503075,3.3153520889822103,0.0607732185208647,2112.0,1820.0
3002,Relax Xpress,"Living Style Mall, Jasola",True,700,6.55250788703459,3.2,3.259778473792802,3.416650836170689,-0.1568723623778867,5113.0,4673.0
5899,Roll Club,"Living Style Mall, Jasola",True,250,5.5254529391317835,2.7,3.119901720398783,3.3153520889822103,-0.19545036858342746,5348.0,4890.0
2995,SM Gopal Ice Cream & Cakes,"Living Style Mall, Jasola",True,200,5.303304908059076,3.2,3.3158207929735544,3.2934415599652347,0.022379233008319677,2564.0,2251.0
9316,Bangla Sweet Corner,Lodhi Colony,True,400,5.993961427306569,2.6,3.054475688275401,3.3615612260845467,-0.3070855378091455,5804.0,5266.0
311766,Chinois,Lodhi Colony,True,1500,7.313886831633462,3.0,3.307366620541205,3.4917458769774545,-0.18437925643624942,5281.0,4828.0
3493,Dawat,Lodhi Colony,True,450,6.111467339502679,2.9,3.1256380688806886,3.3731508705500266,-0.24751280166933798,5606.0,5116.0
18027962,Establishment Ristorante,Lodhi Colony,True,400,5.993961427306569,3.1,3.3018447663984833,3.3615612260845467,-0.05971645968606332,3918.0,3547.0
1407,Ganesha Sweets & Restaurant,Lodhi Colony,True,500,6.2166061010848646,2.6,3.090833743337433,3.3835207391251902,-0.29268699578775736,5760.0,5234.0
1917,Gopala,Lodhi Colony,True,250,5.5254529391317835,3.3,3.3339531182473983,3.3153520889822103,0.01860102926518792,2611.0,2296.0
3497,Green Chick Chop,Lodhi Colony,True,350,5.860786223465865,2.9,3.262500504103401,3.348426114537516,-0.08592561043411484,4341.0,3951.0
3494,Hot Chimney,Lodhi Colony,True,850,6.7464121285733745,2.5,2.901082026445264,3.435775671489889,-0.5346936450446251,6272.0,5600.0
18222557,Icon,Lodhi Colony,True,1000,6.90875477931522,3.2,3.310634787318022,3.4517875773465194,-0.14115279002849723,4992.0,4556.0
1397,Juneja's Eating Plaza,Lodhi Colony,True,700,6.55250788703459,3.4,3.383758712587126,3.416650836170689,-0.03289212358356286,3407.0,3060.0
18346857,Lodhi Knights,Lodhi Colony,True,200,5.303304908059076,3.1,3.3160093114089033,3.2934415599652347,0.022567751443668627,2557.0,2244.0
6222,Ram Singh's Bhoj,Lodhi Colony,True,350,5.860786223465865,2.9,3.3020460136419545,3.348426114537516,-0.04638010089556133,3677.0,3318.0
5727,Republic of Chicken,Lodhi Colony,True,400,5.993961427306569,2.7,3.2408903517001266,3.3615612260845467,-0.12067087438442003,4807.0,4386.0
776,Slice of Italy,Lodhi Colony,True,700,6.55250788703459,3.3,3.311420594319579,3.416650836170689,-0.10523024185110996,4619.0,4216.0
305604,Subway,Lodhi Colony,True,500,6.2166061010848646,3.2,3.2644567891331087,3.3835207391251902,-0.11906394999208159,4783.0,4364.0
18391309,The Altitude Cafe and Deli,Lodhi Colony,True,600,6.398594934535208,3.1,3.305208845838458,3.4014703540590903,-0.0962615082206324,4485.0,4088.0
18255171,Tokyo Mon Amour,Lodhi Colony,True,2200,7.696667081526462,3.1,3.3086869618696184,3.529499611421586,-0.22081264955196778,5488.0,5017.0
313280,Bhane,Lodhi Colony,True,300,5.707110264748875,3.6,3.4375004100040996,3.3332690071959785,0.10423140280812104,1751.0,1487.0
18279453,Celeste,Lodhi Colony,True,500,6.2166061010848646,3.5,3.3843258849255156,3.3835207391251902,0.0008051458003253131,2841.0,2516.0
9315,Chidambaram's New Madras Hotel,Lodhi Colony,True,400,5.993961427306569,3.8,3.7419855692620247,3.3615612260845467,0.3804243431774781,588.0,487.0
18438416,CJ's Fresh,Lodhi Colony,True,1000,6.90875477931522,3.8,3.502872037166317,3.4517875773465194,0.0510844598197977,2214.0,1914.0
303753,Elma's Brasserie,Lodhi Colony,True,2000,7.601402334583733,3.7,3.6613405673083883,3.520103619964429,0.14123694734395942,1530.0,1298.0
7515,Kunafa,Lodhi Colony,True,300,5.707110264748875,3.9,3.792018195784367,3.3332690071959785,0.45874918858838853,427.0,348.0
308195,Lahori Gate,Lodhi Colony,True,1800,7.496097345175956,3.5,3.4630077703061293,3.5097173562874113,-0.046709585981282054,3689.0,3330.0
306088,M I Food Center,Lodhi Colony,True,600,6.398594934535208,3.8,3.712400520917559,3.4014703540590903,0.31093016685846875,791.0,663.0
307223,Sugar Blossoms,Lodhi Colony,True,300,5.707110264748875,3.6,3.486098418227173,3.3332690071959785,0.15282941103119452,1453.0,1227.0
658,Cafe Coffee Day,Lodhi Colony,True,450,6.111467339502679,2.3,2.8100250569337373,3.3731508705500266,-0.5631258136162893,6304.0,5623.0
304931,Guppy,Lodhi Colony,True,2900,7.972810784121404,4.1,4.048616989846368,3.5567357502221197,0.4918812396242487,354.0,287.0
18277165,Ping's Cafí© Orient,Lodhi Colony,True,2100,7.650168700845001,4.1,3.987805904435191,3.524913461752629,0.4628924426825618,413.0,336.0
1819,The All American Diner,Lodhi Colony,True,1000,6.90875477931522,4.1,4.0896480052907185,3.4517875773465194,0.6378604279441991,181.0,146.0
6203,Armaan's Restaurant,Lodhi Road,True,500,6.2166061010848646,2.8,3.2739040482510084,3.3835207391251902,-0.1096166908741818,4669.0,4261.0
5840,Garden Chef,Lodhi Road,True,450,6.111467339502679,3.0,3.153683310270602,3.3731508705500266,-0.2194675602794245,5484.0,5014.0
307695,Golooji's Chat Waat,Lodhi Road,True,400,5.993961427306569,3.3,3.3405246895210885,3.3615612260845467,-0.021036536563458164,3208.0,2867.0
307693,Oriental Lee,Lodhi Road,True,500,6.2166061010848646,2.7,3.1693019227986396,3.3835207391251902,-0.2142188163265506,5456.0,4989.0
301654,Peshawari Restaurant,Lodhi Road,True,700,6.55250788703459,3.1,3.2183897187529564,3.416650836170689,-0.19826111741773245,5370.0,4910.0
307696,Tikka Town,Lodhi Road,True,550,6.311734809152915,3.1,3.2207110857873285,3.3929033130260597,-0.1721922272387313,5217.0,4767.0
6202,Titu Restaurant,Lodhi Road,True,300,5.707110264748875,2.9,3.256653721779153,3.3332690071959785,-0.07661528541682561,4195.0,3814.0
300888,Vijay Dhaba,Lodhi Road,True,150,5.017279836814924,2.9,3.2948666205412054,3.2652308187184387,0.029635801822766705,2467.0,2161.0
307694,Wild Willy,Lodhi Road,True,500,6.2166061010848646,3.2,3.3090078051515808,3.3835207391251902,-0.07451293397360947,4157.0,3778.0
311470,Diva Spiced,Lodhi Road,True,2000,7.601402334583733,3.7,3.605069615279486,3.520103619964429,0.084965995315057,1890.0,1620.0
307692,Granma's Homemade,Lodhi Road,True,200,5.303304908059076,3.6,3.4353044695987496,3.2934415599652347,0.1418629096335149,1525.0,1293.0
4924,Karim's,Lodhi Road,True,1000,6.90875477931522,3.8,3.7095165874498246,3.4517875773465194,0.2577290101033052,994.0,826.0
302742,Sab Ki Khatir,Lodhi Road,True,450,6.111467339502679,3.7,3.6190167334137793,3.3731508705500266,0.24586586286375267,1042.0,870.0
1188,Lodi - The Garden Restaurant,Lodhi Road,True,2600,7.8636512654486515,4.2,4.1839925060624745,3.545969313131459,0.6380231929310156,179.0,144.0
7353,Aggarwal Sweets & Restaurant,Mahipalpur,True,400,5.993961427306569,2.7,3.231875512505125,3.3615612260845467,-0.1296857135794216,4893.0,4467.0
7365,Ashirwad Dhaba,Mahipalpur,True,200,5.303304908059076,2.9,3.309491310190879,3.2934415599652347,0.016049750225644477,2643.0,2327.0
303851,Barichi Restaurant,Mahipalpur,True,1000,6.90875477931522,2.9,3.2948666205412054,3.4517875773465194,-0.15692095680531404,5114.0,4674.0
9097,Bikaner Sweets,Mahipalpur,True,200,5.303304908059076,2.7,3.206548107147738,3.2934415599652347,-0.08689345281749672,4351.0,3961.0
7317,Bikaner,Mahipalpur,True,600,6.398594934535208,2.9,3.3020460136419545,3.4014703540590903,-0.09942434041713577,4531.0,4133.0
311067,Chatori Zubaan 2,Mahipalpur,True,550,6.311734809152915,3.0,3.3187505694501387,3.3929033130260597,-0.07415274357592105,4150.0,3771.0
305201,Chinese Mania,Mahipalpur,True,300,5.707110264748875,3.2,3.312311071974356,3.3332690071959785,-0.02095793522162248,3199.0,2858.0
18312458,Da Pizza Corner,Mahipalpur,True,600,6.398594934535208,2.5,3.2584096500055906,3.4014703540590903,-0.1430607040534997,5010.0,4574.0
7332,Dhaba Cash 'N' Carry Kitchen,Mahipalpur,True,600,6.398594934535208,3.1,3.2894235500047304,3.4014703540590903,-0.11204680405435985,4710.0,4296.0
305180,Dom Dang Kins Restaurant,Mahipalpur,True,400,5.993961427306569,3.1,3.3018447663984833,3.3615612260845467,-0.05971645968606332,3918.0,3547.0
4312,First Choice,Mahipalpur,True,600,6.398594934535208,2.9,3.2685421791717912,3.4014703540590903,-0.13292817488729902,4921.0,4495.0
18356811,Hungry Hut,Mahipalpur,True,700,6.55250788703459,3.1,3.323864195460136,3.416650836170689,-0.09278664071055287,4437.0,4041.0
7315,Le Seasons Restaurant,Mahipalpur,True,950,6.85751406254539,2.8,3.2092807689440526,3.446733689602322,-0.2374529206582694,5566.0,5083.0
9145,Moti Mahal Delux,Mahipalpur,True,800,6.68586094706836,3.0,3.242430010567711,3.4298034897290544,-0.1873734791613435,5298.0,4844.0
18025111,Popsy's,Mahipalpur,True,550,6.311734809152915,3.0,3.3187505694501387,3.3929033130260597,-0.07415274357592105,4150.0,3771.0
303958,Prabhu,Mahipalpur,True,500,6.2166061010848646,3.1,3.3160093114089033,3.3835207391251902,-0.06751142771628693,4043.0,3669.0
4311,Saptagiri,Mahipalpur,True,900,6.803505257608338,2.8,3.2578395042424995,3.4414067844659977,-0.18356728022349822,5275.0,4823.0
7309,Spice Hut,Mahipalpur,True,500,6.2166061010848646,2.9,3.2455082929735544,3.3835207391251902,-0.13801244615163588,4963.0,4531.0
7307,Taste of Vishal,Mahipalpur,True,900,6.803505257608338,2.9,3.3020460136419545,3.4414067844659977,-0.1393607708240432,4973.0,4540.0
4315,The Tandoori Night,Mahipalpur,True,300,5.707110264748875,2.8,3.30023205093162,3.3332690071959785,-0.03303695626435843,3412.0,3065.0
305151,Traffic Jaam,Mahipalpur,True,550,6.311734809152915,2.9,3.309491310190879,3.3929033130260597,-0.08341200283518058,4303.0,3914.0
7366,Tripti,Mahipalpur,True,1000,6.90875477931522,3.1,3.2894235500047304,3.4517875773465194,-0.162364027341789,5148.0,4704.0
9141,Uttaranchal Dhaba & Restaurant,Mahipalpur,True,200,5.303304908059076,2.9,3.309491310190879,3.2934415599652347,0.016049750225644477,2643.0,2327.0
18333396,Wah Ji Wah,Mahipalpur,True,450,6.111467339502679,2.9,3.3020460136419545,3.3731508705500266,-0.07110485690807211,4099.0,3723.0
7363,Resto 37,Mahipalpur,True,700,6.55250788703459,3.9,3.526562927087604,3.416650836170689,0.10991209091691534,1718.0,1462.0
3286,The Cavalry Bar - Maidens Hotel,"Maidens Hotel, Civil Lines",True,2000,7.601402334583733,2.7,3.183523193186477,3.520103619964429,-0.33658042677795175,5897.0,5334.0
4374,The Curzon Room - Maidens Hotel,"Maidens Hotel, Civil Lines",True,3200,8.071218539969863,3.4,3.3728696676171306,3.566441737619808,-0.1935720700026775,5336.0,4879.0
4373,The Garden Terrace - Maidens Hotel,"Maidens Hotel, Civil Lines",True,3000,8.006700845440367,3.3,3.3237031202859195,3.560078337452493,-0.2363752171665734,5561.0,5078.0
18232577,Ama Rabsel House,Majnu ka Tila,True,500,6.2166061010848646,3.0,3.301974223689605,3.3835207391251902,-0.08154651543558522,4257.0,3871.0
18317502,Cafe Plus,Majnu ka Tila,True,500,6.2166061010848646,3.2,3.3195569475856046,3.3835207391251902,-0.06396379153958565,3972.0,3599.0
18410770,Hornbill,Majnu ka Tila,True,450,6.111467339502679,3.1,3.319866620541205,3.3731508705500266,-0.053284250008821754,3794.0,3428.0
18303701,Orange Cafe & Restaurant,Majnu ka Tila,True,450,6.111467339502679,3.1,3.3160093114089033,3.3731508705500266,-0.05714155914112329,3860.0,3490.0
308286,33 Food,Malviya Nagar,True,700,6.55250788703459,3.2,3.252200920776813,3.416650836170689,-0.16444991539387566,5160.0,4714.0
18261723,Burger Point,Malviya Nagar,True,400,5.993961427306569,3.3,3.319783706695334,3.3615612260845467,-0.0417775193892127,3574.0,3221.0
18463424,Cafe Blur,Malviya Nagar,True,450,6.111467339502679,3.1,3.319866620541205,3.3731508705500266,-0.053284250008821754,3794.0,3428.0
650,Cafe Coffee Day,Malviya Nagar,True,450,6.111467339502679,2.5,2.91299535396344,3.3731508705500266,-0.4601555165865867,6163.0,5520.0
1037,Cafe Rendezvous,Malviya Nagar,True,1550,7.346655163176539,3.3,3.3104688781262808,3.494977827653072,-0.1845089495267911,5282.0,4829.0
6377,Cakes & Bakes,Malviya Nagar,True,500,6.2166061010848646,3.4,3.3807462157282857,3.3835207391251902,-0.002774523396904538,2902.0,2573.0
311609,Chatorey Chacha,Malviya Nagar,True,350,5.860786223465865,3.3,3.3251253075030744,3.348426114537516,-0.023300807034441373,3226.0,2884.0
18175252,Chilli Dragon,Malviya Nagar,True,650,6.478509642208569,3.3,3.329911080360803,3.4093523663952126,-0.07944128603440959,4232.0,3848.0
309448,DCK- Dana Choga's Kitchen,Malviya Nagar,True,800,6.68586094706836,3.4,3.3930997998563797,3.4298034897290544,-0.036703689872674694,3476.0,3127.0
2863,Divya's Rimpy Restaurant,Malviya Nagar,True,800,6.68586094706836,3.2,3.225212689626896,3.4298034897290544,-0.20459080010215835,5409.0,4946.0
5135,Express Dhaba,Malviya Nagar,True,650,6.478509642208569,2.7,2.972756673079551,3.4093523663952126,-0.4365956933156614,6122.0,5489.0
300828,Go Foodie,Malviya Nagar,True,500,6.2166061010848646,3.3,3.3163151347422564,3.3835207391251902,-0.06720560438293388,4041.0,3667.0
18238307,Health Pan,Malviya Nagar,True,200,5.303304908059076,3.4,3.3746013909607178,3.2934415599652347,0.08115983099548307,1927.0,1654.0
1040,Karim's,Malviya Nagar,True,800,6.68586094706836,3.0,3.0741919428892563,3.4298034897290544,-0.355611546839798,5943.0,5371.0
18285199,Karuna,Malviya Nagar,True,200,5.303304908059076,3.0,3.2689457929735544,3.2934415599652347,-0.024495766991680323,3250.0,2907.0
303423,Kathi,Malviya Nagar,True,400,5.993961427306569,2.8,3.017842989921834,3.3615612260845467,-0.34371823616271246,5917.0,5352.0
18354972,King Chilly Kitchen,Malviya Nagar,True,400,5.993961427306569,3.2,3.312311071974356,3.3615612260845467,-0.049250154110190625,3723.0,3362.0
18332076,Kolhapuri Veg Non-Veg Foods,Malviya Nagar,True,300,5.707110264748875,3.3,3.336413489134891,3.3332690071959785,0.003144481938912591,2809.0,2485.0
1406,Mehfil Dhaba,Malviya Nagar,True,300,5.707110264748875,3.4,3.39092217015326,3.3332690071959785,0.05765316295728162,2138.0,1845.0
308444,Moti Mahal Delux - Legendary Culinary,Malviya Nagar,True,600,6.398594934535208,2.6,2.788782208975936,3.4014703540590903,-0.6126881450831543,6356.0,5667.0
309452,Open Oven,Malviya Nagar,True,250,5.5254529391317835,3.4,3.3842929654625493,3.3153520889822103,0.06894087648033898,2043.0,1758.0
310312,Paapi Paet,Malviya Nagar,True,550,6.311734809152915,3.3,3.3084031128772824,3.3929033130260597,-0.08450020014877735,4323.0,3934.0
305162,Pepper Corn Express,Malviya Nagar,True,800,6.68586094706836,3.4,3.3758841489930047,3.4298034897290544,-0.05391934073604965,3812.0,3446.0
18471299,Pinch Of China,Malviya Nagar,True,400,5.993961427306569,3.2,3.317659218258849,3.3615612260845467,-0.04390200782569753,3624.0,3269.0
4855,Pizza Hut Delivery,Malviya Nagar,True,800,6.68586094706836,2.8,2.959837460060991,3.4298034897290544,-0.46996602966806345,6179.0,5531.0
18272382,Punjabee's Darbar,Malviya Nagar,True,700,6.55250788703459,3.0,3.207379888557921,3.416650836170689,-0.20927094761276788,5438.0,4975.0
313398,Ramjee's,Malviya Nagar,True,150,5.017279836814924,3.3,3.3226354121649324,3.2652308187184387,0.057404593446493735,2139.0,1846.0
307746,Rollmaal,Malviya Nagar,True,500,6.2166061010848646,3.4,3.3910581676041476,3.3835207391251902,0.007537428478957331,2752.0,2428.0
3043,Shaolin,Malviya Nagar,True,800,6.68586094706836,3.4,3.391024551692885,3.4298034897290544,-0.038778938036169386,3525.0,3172.0
301190,Subway,Malviya Nagar,True,500,6.2166061010848646,2.8,2.916433322199601,3.3835207391251902,-0.4670874169255894,6177.0,5530.0
18233599,The Chocolate Room,Malviya Nagar,True,850,6.7464121285733745,3.4,3.388296719364252,3.435775671489889,-0.04747895212563691,3695.0,3336.0
1036,The Delhi Heights,Malviya Nagar,True,800,6.68586094706836,2.8,2.9093624726733096,3.4298034897290544,-0.5204410170557447,6250.0,5583.0
310665,Thok (The House of Kakori),Malviya Nagar,True,600,6.398594934535208,3.4,3.395529083802074,3.4014703540590903,-0.005941270257016296,2942.0,2609.0
18322671,Uloo,Malviya Nagar,True,600,6.398594934535208,3.2,3.2405056325153416,3.4014703540590903,-0.16096472154374863,5141.0,4699.0
18353692,Vadapav Junction & More,Malviya Nagar,True,350,5.860786223465865,3.3,3.3292154738407844,3.348426114537516,-0.019210640696731396,3161.0,2822.0
18365877,Behrouz Biryani,Malviya Nagar,True,600,6.398594934535208,3.6,3.4892048250027954,3.4014703540590903,0.08773447094370512,1867.0,1598.0
310848,Beliram Degchiwala,Malviya Nagar,True,900,6.803505257608338,3.5,3.4735001118192996,3.4414067844659977,0.03209332735330195,2427.0,2121.0
18398602,Bhukkhar,Malviya Nagar,True,500,6.2166061010848646,3.9,3.719547186243674,3.3835207391251902,0.33602644711848395,720.0,603.0
18376472,Biryani Blues,Malviya Nagar,True,1000,6.90875477931522,3.9,3.7340279675944905,3.4517875773465194,0.2822403902479711,904.0,751.0
18455531,Bun Intended,Malviya Nagar,True,850,6.7464121285733745,3.9,3.628409401518257,3.435775671489889,0.1926337300283678,1280.0,1074.0
18208912,Casa Asia,Malviya Nagar,True,650,6.478509642208569,3.8,3.7380634669022745,3.4093523663952126,0.328711100507062,745.0,623.0
2586,Chic Fish,Malviya Nagar,True,750,6.621405651764134,3.5,3.4822256847568474,3.423446244016628,0.058779440740219346,2127.0,1834.0
301722,Dunkin' Donuts,Malviya Nagar,True,600,6.398594934535208,3.6,3.564048763275243,3.4014703540590903,0.16257840921615285,1413.0,1193.0
18285729,Farratta,Malviya Nagar,True,800,6.68586094706836,3.7,3.5796657095092077,3.4298034897290544,0.14986221978015335,1471.0,1244.0
305526,Flavors of Chennai,Malviya Nagar,True,400,5.993961427306569,3.7,3.6592184504780607,3.3615612260845467,0.29765722439351405,850.0,707.0
18357542,Food For Thought,Malviya Nagar,True,700,6.55250788703459,3.8,3.588582026445264,3.416650836170689,0.17193119027457504,1374.0,1158.0
18291199,FreshMenu,Malviya Nagar,True,600,6.398594934535208,3.7,3.605594092543136,3.4014703540590903,0.20412373848404552,1233.0,1034.0
5726,Giani's,Malviya Nagar,True,400,5.993961427306569,3.7,3.611920261599523,3.3615612260845467,0.2503590355149763,1022.0,851.0
302922,Gopala,Malviya Nagar,True,250,5.5254529391317835,3.8,3.5660907526628454,3.3153520889822103,0.250738663680635,1017.0,846.0
7658,Green Chick Chop,Malviya Nagar,True,350,5.860786223465865,3.5,3.4278468391119548,3.348426114537516,0.07942072457443894,1944.0,1669.0
18286490,Hunger Must Die,Malviya Nagar,True,500,6.2166061010848646,3.7,3.584544126691267,3.3835207391251902,0.20102338756607674,1242.0,1042.0
7654,Kolkata Kathi Roll,Malviya Nagar,True,150,5.017279836814924,3.6,3.5069658835901336,3.2652308187184387,0.24173506487169494,1059.0,886.0
18254534,Max Grille and Kitchen,Malviya Nagar,True,850,6.7464121285733745,3.5,3.4507603429074827,3.435775671489889,0.014984671417593631,2665.0,2349.0
9100,Moti Sweets,Malviya Nagar,True,100,4.61512051684126,3.6,3.525230250001887,3.2255657205981403,0.29966452940374655,838.0,698.0
6475,Nazeer Foods,Malviya Nagar,True,650,6.478509642208569,3.6,3.5743960730048476,3.4093523663952126,0.16504370660963508,1400.0,1181.0
300302,Nikashee,Malviya Nagar,True,600,6.398594934535208,3.7,3.662609476477697,3.4014703540590903,0.2611391224186068,984.0,818.0
304302,Noodle Box,Malviya Nagar,True,700,6.55250788703459,3.5,3.433142483947775,3.416650836170689,0.016491647777086005,2635.0,2320.0
306166,Pema's,Malviya Nagar,True,700,6.55250788703459,3.6,3.573562973427999,3.416650836170689,0.15691213725731012,1438.0,1214.0
18345755,Plumber - The Lounge,Malviya Nagar,True,1500,7.313886831633462,3.9,3.5909486293138793,3.4917458769774545,0.09920275233642473,1783.0,1519.0
9751,Pudding & Pie,Malviya Nagar,True,450,6.111467339502679,3.7,3.6081318857543416,3.3731508705500266,0.23498101520431502,1090.0,912.0
2867,RP's Restaurant,Malviya Nagar,True,700,6.55250788703459,3.5,3.4763393855529463,3.416650836170689,0.05968854938225743,2118.0,1825.0
8346,Soi Thai,Malviya Nagar,True,1500,7.313886831633462,3.6,3.538134673859429,3.4917458769774545,0.0463887968819745,2272.0,1972.0
305871,Speedy Chow,Malviya Nagar,True,850,6.7464121285733745,3.6,3.5615537247643774,3.435775671489889,0.12577805327448832,1611.0,1371.0
18425151,Stoned Age Kitchen,Malviya Nagar,True,400,5.993961427306569,3.9,3.7079466482164816,3.3615612260845467,0.3463854221319349,691.0,580.0
998,Suribachi,Malviya Nagar,True,1500,7.313886831633462,3.5,3.4523694820281534,3.4917458769774545,-0.03937639494930112,3532.0,3179.0
452,Swagath,Malviya Nagar,True,1500,7.313886831633462,3.5,3.46641719239773,3.4917458769774545,-0.02532868457972448,3269.0,2926.0
18163892,The Delhi Canteen,Malviya Nagar,True,1000,6.90875477931522,3.6,3.5655721207635804,3.4517875773465194,0.11378454341706101,1691.0,1441.0
18432219,The Grill Kitchen,Malviya Nagar,True,650,6.478509642208569,3.8,3.6226816995992537,3.4093523663952126,0.21332933320404113,1178.0,988.0
18458339,The Midnight Heroes,Malviya Nagar,True,950,6.85751406254539,3.7,3.510139230558972,3.446733689602322,0.06340554095665007,2089.0,1797.0
18375421,The Salad Bowl,Malviya Nagar,True,800,6.68586094706836,3.5,3.4121991656663546,3.4298034897290544,-0.01760432406269974,3143.0,2807.0
209,Domino's Pizza,Malviya Nagar,True,700,6.55250788703459,2.3,2.520139020300459,3.416650836170689,-0.8965118158702299,6482.0,5788.0
18428394,Food Army,Malviya Nagar,True,450,6.111467339502679,2.3,3.068843742541903,3.3731508705500266,-0.30430712800812376,5793.0,5258.0
1030,Moti Restaurant,Malviya Nagar,True,550,6.311734809152915,2.4,2.6506050040339115,3.3929033130260597,-0.7422983089921482,6435.0,5741.0
7661,New Baba Da Dhaba,Malviya Nagar,True,400,5.993961427306569,2.0,2.497838577069981,3.3615612260845467,-0.8637226490145657,6475.0,5781.0
6179,Tunday Kababi,Malviya Nagar,True,600,6.398594934535208,2.2,2.444210089828171,3.4014703540590903,-0.9572602642309191,6492.0,5797.0
18446475,Dilli BC,Malviya Nagar,True,700,6.55250788703459,4.4,4.013628050754192,3.416650836170689,0.5969772145835028,225.0,177.0
311161,Litti.In,Malviya Nagar,True,300,5.707110264748875,4.0,3.9109594698888164,3.3332690071959785,0.5776904626928379,246.0,195.0
313206,Nizam's Kathi Kabab,Malviya Nagar,True,900,6.803505257608338,4.0,3.842636290843106,3.4414067844659977,0.4012295063771085,541.0,446.0
18334452,Pepper Kitchen,Malviya Nagar,True,500,6.2166061010848646,4.0,3.891510343857705,3.3835207391251902,0.5079896047325145,337.0,274.0
18253111,Rustom's Cafe & Bakery,Malviya Nagar,True,700,6.55250788703459,4.1,3.824154366543665,3.416650836170689,0.40750353037297593,528.0,435.0
18219545,Salad Days,Malviya Nagar,True,800,6.68586094706836,4.0,3.895435956415485,3.4298034897290544,0.46563246668643066,406.0,329.0
18348970,Stop My Starvation,Malviya Nagar,True,300,5.707110264748875,4.3,4.034357318573186,3.3332690071959785,0.7010883113772071,132.0,107.0
18334465,Sushi Junction,Malviya Nagar,True,1000,6.90875477931522,4.0,3.6883581446108575,3.4517875773465194,0.23657056726433812,1084.0,907.0
18272370,Vero Gusto,Malviya Nagar,True,250,5.5254529391317835,4.1,3.9006115801647145,3.3153520889822103,0.5852594911825042,237.0,188.0
311846,Snack Junction,Mandi House,True,300,5.707110264748875,3.2,3.3256361144119913,3.3332690071959785,-0.007632892783987266,2972.0,2638.0
311432,Turant,Mandi House,True,300,5.707110264748875,3.3,3.326172195315703,3.3332690071959785,-0.007096811880275666,2964.0,2630.0
313175,Aromas of Pind,Mathura Road,True,1200,7.0909098220799835,4.2,4.072821194955069,3.4697535855565107,0.6030676093985585,216.0,169.0
301842,Apna Dhaba and Caters,Mayapuri Phase 2,True,300,5.707110264748875,3.2,3.307427981888514,3.3332690071959785,-0.02584102530746435,3280.0,2936.0
311378,Green Chick Chop,Mayapuri Phase 2,True,350,5.860786223465865,2.7,3.269866620541205,3.348426114537516,-0.07855949399631079,4225.0,3841.0
301830,Jai Shree Durga South Indian Corner,Mayapuri Phase 2,True,350,5.860786223465865,3.0,3.3129551045510452,3.348426114537516,-0.03547100998647057,3446.0,3097.0
18323144,Malabar Catering House,Mayapuri Phase 2,True,400,5.993961427306569,3.2,3.3195569475856046,3.3615612260845467,-0.04200427849894206,3578.0,3225.0
311377,Meenakshi Bhawan,Mayapuri Phase 2,True,300,5.707110264748875,3.1,3.2954369960366265,3.3332690071959785,-0.037832011159351975,3506.0,3153.0
301848,New Raja Sweets,Mayapuri Phase 2,True,150,5.017279836814924,2.9,3.2300377723926488,3.2652308187184387,-0.0351930463257899,3444.0,3095.0
307998,Pizza Treat,Mayapuri Phase 2,True,250,5.5254529391317835,3.0,3.3129551045510452,3.3153520889822103,-0.0023969844311650945,2896.0,2567.0
5940,Pudding & Pie,Mayapuri Phase 2,True,450,6.111467339502679,3.1,3.319866620541205,3.3731508705500266,-0.053284250008821754,3794.0,3428.0
301826,Rita Chinese Food,Mayapuri Phase 2,True,350,5.860786223465865,3.1,3.3086869618696184,3.348426114537516,-0.039739152667897404,3536.0,3183.0
312923,Vibes of Punjab,Mayapuri Phase 2,True,700,6.55250788703459,3.2,3.305893296432964,3.416650836170689,-0.11075753973772473,4689.0,4280.0
301817,Ramji Di Hatti & Caterers,Mayapuri Phase 2,True,350,5.860786223465865,3.5,3.401520685814966,3.348426114537516,0.05309457127744999,2193.0,1894.0
301820,Spicy Tadka,Mayapuri Phase 2,True,600,6.398594934535208,3.5,3.400171654113801,3.4014703540590903,-0.0012986999452890835,2875.0,2549.0
18429423,9 is Mine,Mayur Vihar Phase 1,True,300,5.707110264748875,2.6,3.294576051892594,3.3332690071959785,-0.03869295530338457,3522.0,3169.0
6180,Aashirwad,Mayur Vihar Phase 1,True,450,6.111467339502679,3.2,3.3090078051515808,3.3731508705500266,-0.06414306539844583,3975.0,3602.0
301108,Aggarwal Sweet & Bakers,Mayur Vihar Phase 1,True,150,5.017279836814924,2.9,3.309491310190879,3.2652308187184387,0.04426049147244049,2295.0,1995.0
8105,Amit Hotel,Mayur Vihar Phase 1,True,150,5.017279836814924,2.9,3.2948666205412054,3.2652308187184387,0.029635801822766705,2467.0,2161.0
313185,Angrezee Dhaba,Mayur Vihar Phase 1,True,350,5.860786223465865,2.8,3.2823666205412048,3.348426114537516,-0.06605949399631106,4010.0,3637.0
8109,Ankur Family Restaurant,Mayur Vihar Phase 1,True,300,5.707110264748875,2.9,3.317217561326556,3.3332690071959785,-0.01605144586942231,3105.0,2769.0
304267,Bansal Sweet,Mayur Vihar Phase 1,True,150,5.017279836814924,2.7,3.1625004456566304,3.2652308187184387,-0.10273037306180832,4577.0,4177.0
313351,Baskin Robbins,Mayur Vihar Phase 1,True,300,5.707110264748875,3.1,3.2985892056501207,3.3332690071959785,-0.034679801545857813,3436.0,3088.0
309227,Caravan Resto Bar,Mayur Vihar Phase 1,True,1100,7.00397413672268,3.2,3.274125307503075,3.4611790920197736,-0.1870537845166984,5296.0,4842.0
18285695,Celebration Multi Cuisine Restaurant,Mayur Vihar Phase 1,True,500,6.2166061010848646,2.7,3.206548107147738,3.3835207391251902,-0.17697263197745228,5238.0,4786.0
18146358,Chatto Chapati,Mayur Vihar Phase 1,True,250,5.5254529391317835,3.0,3.301974223689605,3.3153520889822103,-0.013377865292605318,3059.0,2723.0
312715,Chawla's_,Mayur Vihar Phase 1,True,750,6.621405651764134,2.7,3.109135009619327,3.423446244016628,-0.31431123439730113,5832.0,5285.0
311245,China Town,Mayur Vihar Phase 1,True,300,5.707110264748875,2.7,3.231875512505125,3.3332690071959785,-0.10139349469085346,4556.0,4157.0
6173,China Town,Mayur Vihar Phase 1,True,350,5.860786223465865,2.7,3.1144484513026947,3.348426114537516,-0.23397766323482116,5546.0,5067.0
301353,Dazzle Pastry Shop,Mayur Vihar Phase 1,True,150,5.017279836814924,2.6,3.097466631760912,3.2652308187184387,-0.16776418695752682,5190.0,4740.0
300957,Delicacy Foods,Mayur Vihar Phase 1,True,650,6.478509642208569,3.2,3.254907635187463,3.4093523663952126,-0.1544447312077497,5087.0,4648.0
312703,Dolphin Rolls,Mayur Vihar Phase 1,True,200,5.303304908059076,2.9,3.3020460136419545,3.2934415599652347,0.008604453676719803,2722.0,2398.0
6183,Durbar Restaurant,Mayur Vihar Phase 1,True,500,6.2166061010848646,2.7,3.0891772042720422,3.3835207391251902,-0.294343534853148,5767.0,5239.0
301037,Ever Green Pastry Shop,Mayur Vihar Phase 1,True,200,5.303304908059076,3.1,3.2483437439796083,3.2934415599652347,-0.045097815985626344,3647.0,3289.0
8069,Evergreen Sweets Corner,Mayur Vihar Phase 1,True,100,4.61512051684126,3.0,3.301974223689605,3.2255657205981403,0.07640850309146474,1974.0,1695.0
306107,Great Plates By AJ,Mayur Vihar Phase 1,True,900,6.803505257608338,3.1,3.1977184980183133,3.4414067844659977,-0.24368828644768437,5587.0,5100.0
308359,Green Chick Chop,Mayur Vihar Phase 1,True,350,5.860786223465865,3.2,3.3015415171274998,3.348426114537516,-0.04688459741001605,3693.0,3334.0
18260604,Haqeem's,Mayur Vihar Phase 1,True,250,5.5254529391317835,2.7,3.206548107147738,3.3153520889822103,-0.10880398183447237,4653.0,4246.0
6185,Himalaya Food Corner,Mayur Vihar Phase 1,True,500,6.2166061010848646,2.7,3.0359213763190263,3.3835207391251902,-0.347599362806164,5923.0,5354.0
304259,Hot Joint Fast Food,Mayur Vihar Phase 1,True,350,5.860786223465865,2.6,2.9346593704573407,3.348426114537516,-0.4137667440801751,6070.0,5451.0
300959,Hyderabadi Dum Biryani,Mayur Vihar Phase 1,True,650,6.478509642208569,2.7,2.9927755114707106,3.4093523663952126,-0.4165768549245019,6076.0,5456.0
18238249,Kasturi Family Restaurant,Mayur Vihar Phase 1,True,400,5.993961427306569,3.0,3.2494569673957607,3.3615612260845467,-0.11210425868878593,4711.0,4297.0
309346,Kerala Cafe,Mayur Vihar Phase 1,True,300,5.707110264748875,3.3,3.3267290505351856,3.3332690071959785,-0.006539956660792878,2949.0,2615.0
307306,Keuchen Paradise,Mayur Vihar Phase 1,True,300,5.707110264748875,2.8,3.2739040482510084,3.3332690071959785,-0.05936495894497007,3905.0,3534.0
18203881,Kook For Health,Mayur Vihar Phase 1,True,500,6.2166061010848646,3.3,3.335893296432964,3.3835207391251902,-0.047627442692226296,3698.0,3339.0
18138441,Lahorian's Sweets & Bakers,Mayur Vihar Phase 1,True,250,5.5254529391317835,2.9,3.309491310190879,3.3153520889822103,-0.005860778791331178,2937.0,2605.0
8531,Mr. Baker's,Mayur Vihar Phase 1,True,100,4.61512051684126,3.0,3.242430010567711,3.2255657205981403,0.016864289969570567,2630.0,2315.0
18267785,Night Food Delivery,Mayur Vihar Phase 1,True,500,6.2166061010848646,2.7,3.2909727916723606,3.3835207391251902,-0.09254794745282968,4432.0,4036.0
8110,Nine 2 Nine Snacks & Restaurant,Mayur Vihar Phase 1,True,250,5.5254529391317835,2.9,3.309491310190879,3.3153520889822103,-0.005860778791331178,2937.0,2605.0
18281964,Punjabi Mirch,Mayur Vihar Phase 1,True,400,5.993961427306569,3.0,3.324764731137877,3.3615612260845467,-0.0367964949466697,3478.0,3128.0
2932,Rasoi The Food Express,Mayur Vihar Phase 1,True,600,6.398594934535208,2.6,2.960907164218701,3.4014703540590903,-0.4405631898403892,6129.0,5496.0
6182,Republic of Chicken,Mayur Vihar Phase 1,True,400,5.993961427306569,2.8,3.2502088458384577,3.3615612260845467,-0.11135238024608896,4698.0,4287.0
18324529,Sandwichai,Mayur Vihar Phase 1,True,350,5.860786223465865,3.3,3.323481595797266,3.348426114537516,-0.024944518740249944,3266.0,2923.0
308237,SB's Raisins,Mayur Vihar Phase 1,True,350,5.860786223465865,2.8,3.2220707929735544,3.348426114537516,-0.12635532156396145,4854.0,4432.0
311894,Shanghai Kitchen,Mayur Vihar Phase 1,True,300,5.707110264748875,3.1,3.264167076670766,3.3332690071959785,-0.0691019305252123,4062.0,3688.0
300960,Shiv Shakti Restaurant,Mayur Vihar Phase 1,True,200,5.303304908059076,3.0,3.25690344403444,3.2934415599652347,-0.03653811593079448,3471.0,3122.0
308222,Smoky Chettinad,Mayur Vihar Phase 1,True,600,6.398594934535208,2.8,3.075638068880689,3.4014703540590903,-0.32583228517840146,5865.0,5313.0
18258510,Spice Fusion,Mayur Vihar Phase 1,True,400,5.993961427306569,3.1,3.319866620541205,3.3615612260845467,-0.04169460554334181,3565.0,3212.0
308526,Sweet Toof Designer Cakes,Mayur Vihar Phase 1,True,250,5.5254529391317835,3.1,3.319866620541205,3.3153520889822103,0.004514531558994506,2786.0,2462.0
301118,The Chef,Mayur Vihar Phase 1,True,600,6.398594934535208,3.2,3.302951815976493,3.4014703540590903,-0.09851853808259747,4518.0,4120.0
309551,The Edge Cafe,Mayur Vihar Phase 1,True,400,5.993961427306569,3.1,3.2207110857873285,3.3615612260845467,-0.1408501402972182,4989.0,4553.0
9736,The Epicure - Fraser Suites,Mayur Vihar Phase 1,True,2000,7.601402334583733,3.1,3.195445974808585,3.520103619964429,-0.32465764515584405,5862.0,5310.0
18022625,Udupidarshini Veg Restaurant,Mayur Vihar Phase 1,True,550,6.311734809152915,3.4,3.3708845213452134,3.3929033130260597,-0.022018791680846306,3217.0,2875.0
18420679,36 lebzelter,Mayur Vihar Phase 1,True,150,5.017279836814924,3.7,3.5058242130716764,3.2652308187184387,0.24059339435323768,1065.0,890.0
301361,Baked Buns,Mayur Vihar Phase 1,True,500,6.2166061010848646,3.6,3.5430492091135863,3.3835207391251902,0.1595284699883961,1424.0,1204.0
312991,Freakin Beans,Mayur Vihar Phase 1,True,250,5.5254529391317835,3.7,3.55878124587031,3.3153520889822103,0.24342915688809974,1049.0,877.0
18277153,Nutri Cafe,Mayur Vihar Phase 1,True,500,6.2166061010848646,3.7,3.525638068880689,3.3835207391251902,0.14211732975549873,1523.0,1291.0
18273548,Senorita's,Mayur Vihar Phase 1,True,550,6.311734809152915,3.7,3.538797459908561,3.3929033130260597,0.14589414688250146,1499.0,1268.0
18399818,Village - The House of Food,Mayur Vihar Phase 1,True,300,5.707110264748875,3.7,3.550109918862346,3.3332690071959785,0.21684091166636765,1160.0,974.0
6190,Cafe Coffee Day,Mayur Vihar Phase 1,True,450,6.111467339502679,2.4,2.8756380688806886,3.3731508705500266,-0.497512801669338,6221.0,5559.0
2017,Food Fantasy,Mayur Vihar Phase 1,True,500,6.2166061010848646,2.4,2.77290024600246,3.3835207391251902,-0.6106204931227301,6354.0,5665.0
308812,Just Chinese,Mayur Vihar Phase 1,True,300,5.707110264748875,2.4,2.9483827147094996,3.3332690071959785,-0.3848862924864789,6007.0,5409.0
308848,Agarwal Bikaneri Sweets,Mayur Vihar Phase 2,True,100,4.61512051684126,3.1,3.3018447663984833,3.2255657205981403,0.07627904580034306,1976.0,1697.0
301056,Bikaner Sweets,Mayur Vihar Phase 2,True,100,4.61512051684126,2.8,3.2287703293699597,3.2255657205981403,0.003204608771819384,2807.0,2483.0
301692,Breadz,Mayur Vihar Phase 2,True,300,5.707110264748875,3.3,3.3259023788691486,3.3332690071959785,-0.007366628326829883,2968.0,2634.0
18265707,Desi Jugaad,Mayur Vihar Phase 2,True,350,5.860786223465865,3.2,3.3215168975460245,3.348426114537516,-0.02690921699149129,3296.0,2952.0
18368006,Food Trax,Mayur Vihar Phase 2,True,300,5.707110264748875,2.9,3.317217561326556,3.3332690071959785,-0.01605144586942231,3105.0,2769.0
18225277,Hub Tub,Mayur Vihar Phase 2,True,300,5.707110264748875,3.0,3.307366620541205,3.3332690071959785,-0.0259023866547734,3282.0,2938.0
2936,Malabar Foods,Mayur Vihar Phase 2,True,500,6.2166061010848646,2.7,3.025638068880689,3.3835207391251902,-0.35788267024450127,5947.0,5375.0
18291201,Mitra Di Chaap,Mayur Vihar Phase 2,True,300,5.707110264748875,3.0,3.3187505694501387,3.3332690071959785,-0.01451843774583983,3078.0,2742.0
3854,New Hyderabadi Biryani House,Mayur Vihar Phase 2,True,500,6.2166061010848646,2.5,3.063682847977128,3.3835207391251902,-0.31983789114806216,5845.0,5296.0
308831,New Madras Cafe,Mayur Vihar Phase 2,True,250,5.5254529391317835,2.8,3.2502088458384577,3.3153520889822103,-0.06514324314375264,3999.0,3626.0
301062,Roll Club,Mayur Vihar Phase 2,True,250,5.5254529391317835,3.2,3.2797046317237366,3.3153520889822103,-0.035647457258473736,3451.0,3102.0
5186,Sanju Cool & Hot Hut,Mayur Vihar Phase 2,True,250,5.5254529391317835,2.8,3.2739040482510084,3.3153520889822103,-0.041448040731201896,3559.0,3206.0
3851,Sethi's Kabab & Curries,Mayur Vihar Phase 2,True,500,6.2166061010848646,3.1,3.273415926060669,3.3835207391251902,-0.11010481306452125,4678.0,4269.0
305357,South Indian Fast Food,Mayur Vihar Phase 2,True,300,5.707110264748875,3.3,3.3348962604209373,3.3332690071959785,0.0016272532249588245,2830.0,2505.0
2019,Sweets and Spices,Mayur Vihar Phase 2,True,400,5.993961427306569,2.8,3.02891975212125,3.3615612260845467,-0.3326414739632968,5886.0,5329.0
305370,Urban Degchi Kitchen & Bar,Mayur Vihar Phase 2,True,1000,6.90875477931522,2.6,2.8574302849671853,3.4517875773465194,-0.5943572923793341,6337.0,5651.0
301053,Wah Ji Wah,Mayur Vihar Phase 2,True,400,5.993961427306569,3.1,3.1947117750023653,3.3615612260845467,-0.1668494510821814,5182.0,4732.0
308844,Zaiqa Kathi Roll & Momos,Mayur Vihar Phase 2,True,150,5.017279836814924,3.3,3.3386543192354994,3.2652308187184387,0.0734235005170607,2003.0,1720.0
308839,Duggal Snacks,Mayur Vihar Phase 2,True,50,3.9318256327243257,3.6,3.449537416670463,3.1581721348287717,0.2913652818416912,875.0,727.0
18440191,Granny's Flavour,Mayur Vihar Phase 2,True,150,5.017279836814924,3.5,3.387885088466269,3.2652308187184387,0.12265426974783011,1630.0,1387.0
18203185,Moustache Coffee,Mayur Vihar Phase 2,True,400,5.993961427306569,3.7,3.5665041464867775,3.3615612260845467,0.20494292040223083,1229.0,1030.0
301047,Pradeep Pav Bhaji,Mayur Vihar Phase 2,True,200,5.303304908059076,3.8,3.646241473778374,3.2934415599652347,0.35279991381313947,666.0,559.0
312492,Sandwich Factory,Mayur Vihar Phase 2,True,500,6.2166061010848646,3.9,3.8112624777237873,3.3835207391251902,0.4277417385985971,486.0,399.0
4672,Scorpio Cafe,Mayur Vihar Phase 2,True,400,5.993961427306569,3.7,3.662772398148818,3.3615612260845467,0.30121117206427117,833.0,695.0
311336,Veggie-Licious,Mayur Vihar Phase 2,True,450,6.111467339502679,3.6,3.5182049043644796,3.3731508705500266,0.14505403381445303,1505.0,1274.0
2942,Slice Of Italy,Mayur Vihar Phase 2,True,700,6.55250788703459,2.2,2.5357888735137353,3.416650836170689,-0.8808619626569536,6479.0,5785.0
301103,Anokha Chinese Hut,Mayur Vihar Phase 3,True,700,6.55250788703459,2.6,3.0843754046093093,3.416650836170689,-0.3322754315613796,5883.0,5327.0
18292451,Bobby Dhaba & Caterers,Mayur Vihar Phase 3,True,450,6.111467339502679,3.1,3.3280098287093978,3.3731508705500266,-0.04514104184062884,3648.0,3290.0
9740,Clever Fox Cafe,Mayur Vihar Phase 3,True,900,6.803505257608338,3.0,3.232601766896047,3.4414067844659977,-0.20880501756995073,5437.0,4974.0
301106,Dana Pani,Mayur Vihar Phase 3,True,300,5.707110264748875,2.8,3.3096703915152355,3.3332690071959785,-0.023598615680743062,3232.0,2890.0
6225,Hotel Malabar,Mayur Vihar Phase 3,True,300,5.707110264748875,3.0,3.2357880924699653,3.3332690071959785,-0.09748091472601317,4502.0,4105.0
301120,Lumbini Fast Point,Mayur Vihar Phase 3,True,400,5.993961427306569,3.0,3.2178801360798417,3.3615612260845467,-0.14368109000470497,5016.0,4580.0
307850,Mayur Restaurant,Mayur Vihar Phase 3,True,400,5.993961427306569,2.8,3.1972430992692273,3.3615612260845467,-0.16431812681531932,5158.0,4712.0
18292449,MOC - The American Restaurant,Mayur Vihar Phase 3,True,400,5.993961427306569,2.6,3.0382444136941364,3.3615612260845467,-0.3233168123904102,5856.0,5306.0
301116,Muradabadi Chicken Biryani,Mayur Vihar Phase 3,True,450,6.111467339502679,3.3,3.332630269484513,3.3731508705500266,-0.040520601065513695,3543.0,3190.0
8462,New Aggarwal Sweet Corner,Mayur Vihar Phase 3,True,100,4.61512051684126,2.7,3.231875512505125,3.2255657205981403,0.006309791906984774,2769.0,2445.0
309599,Pizza Castle,Mayur Vihar Phase 3,True,500,6.2166061010848646,2.7,3.109135009619327,3.3835207391251902,-0.2743857295058634,5702.0,5189.0
309499,Punjabi Dhaba,Mayur Vihar Phase 3,True,200,5.303304908059076,3.0,3.3129551045510452,3.2934415599652347,0.01951354458581056,2593.0,2279.0
300958,Qureshi Chicken Corner,Mayur Vihar Phase 3,True,200,5.303304908059076,3.0,3.3129551045510452,3.2934415599652347,0.01951354458581056,2593.0,2279.0
301105,Samarpan Fast Food,Mayur Vihar Phase 3,True,300,5.707110264748875,2.9,3.281250530177715,3.3332690071959785,-0.052018477018263454,3768.0,3404.0
311228,Shaan-E-Tandoorz,Mayur Vihar Phase 3,True,400,5.993961427306569,2.9,3.309491310190879,3.3615612260845467,-0.052069915893667496,3773.0,3409.0
6226,Sonu Sudh Bhojnalaya,Mayur Vihar Phase 3,True,250,5.5254529391317835,2.8,3.2578395042424995,3.3153520889822103,-0.05751258473971088,3865.0,3495.0
311229,The Test,Mayur Vihar Phase 3,True,500,6.2166061010848646,2.9,3.317217561326556,3.3835207391251902,-0.06630317779863404,4020.0,3647.0
306555,True Blue,Mayur Vihar Phase 3,True,900,6.803505257608338,3.3,3.3335004100040995,3.4414067844659977,-0.10790637446189821,4650.0,4243.0
301110,Zaika Kathi Rolls,Mayur Vihar Phase 3,True,150,5.017279836814924,3.0,3.277621463714637,3.2652308187184387,0.01239064499619813,2686.0,2368.0
304986,Baked Buns,Mayur Vihar Phase 3,True,500,6.2166061010848646,3.5,3.4475721636712766,3.3835207391251902,0.06405142454608637,2083.0,1791.0
309979,Green Chick Chop,Mehrauli,True,350,5.860786223465865,3.0,3.307366620541205,3.348426114537516,-0.0410594939963107,3556.0,3203.0
18025093,Mahara Hotel,Mehrauli,True,400,5.993961427306569,2.9,3.317217561326556,3.3615612260845467,-0.04434366475799045,3630.0,3274.0
307990,Malik Vegetarian Rasoi,Mehrauli,True,250,5.5254529391317835,2.9,3.281250530177715,3.3153520889822103,-0.03410155880449528,3429.0,3081.0
309517,Yash Aadi Food Corner,Mehrauli,True,400,5.993961427306569,2.9,3.3020460136419545,3.3615612260845467,-0.05951521244259217,3908.0,3537.0
6341,McDonald's,"Metro Walk Mall, Rohini",True,500,6.2166061010848646,3.4,3.382946648216482,3.3835207391251902,-0.0005740909087084134,2861.0,2535.0
1951,Moti Mahal Delux Tandoori Trail,"Metro Walk Mall, Rohini",True,1000,6.90875477931522,3.2,3.2370626537515377,3.4517875773465194,-0.21472492359498174,5459.0,4992.0
250,Pizza Hut,"Metro Walk Mall, Rohini",True,1000,6.90875477931522,2.8,3.004640384472026,3.4517875773465194,-0.44714719287449345,6144.0,5508.0
312753,Dill's Chawla Chik-Inn,MG Road,True,700,6.55250788703459,2.9,3.317217561326556,3.416650836170689,-0.09943327484413267,4533.0,4135.0
312983,Tandoori Zaaika,MG Road,True,500,6.2166061010848646,3.0,3.324764731137877,3.3835207391251902,-0.058756007987313286,3885.0,3514.0
3207,Buzz,"MGF Metropolitan Mall, Saket",True,2000,7.601402334583733,3.4,3.3911246496293956,3.520103619964429,-0.12897897033503325,4886.0,4461.0
4752,Lighthouse 13,"MGF Metropolitan Mall, Saket",True,2100,7.650168700845001,3.4,3.3961430222137436,3.524913461752629,-0.12877043953888556,4881.0,4457.0
4830,Berco's,"MGF Metropolitan Mall, Saket",True,1100,7.00397413672268,3.8,3.7641897894956147,3.4611790920197736,0.3030106974758411,825.0,689.0
4341,The Great Kabab Factory,"MGF Metropolitan Mall, Saket",True,2200,7.696667081526462,3.5,3.4866773871120795,3.529499611421586,-0.04282222430950666,3601.0,3248.0
307237,The Tea Place by Manjushree,"MGF Metropolitan Mall, Saket",True,700,6.55250788703459,4.1,3.8398051826262942,3.416650836170689,0.42315434645560535,497.0,408.0
18260028,Victoria,"MGM Club, Daryaganj",True,1200,7.0909098220799835,3.2,3.307427981888514,3.4697535855565107,-0.16232560366799653,5147.0,4703.0
312576,Munch Nation,Model Town 1,True,350,5.860786223465865,3.8,3.77166563241019,3.348426114537516,0.4232395178726742,496.0,407.0
5347,"34, Chowringhee Lane",Model Town 2,True,250,5.5254529391317835,3.2,3.2667795563090762,3.3153520889822103,-0.048572532673134106,3708.0,3349.0
300945,Any Time Food,Model Town 2,True,400,5.993961427306569,2.6,2.964480502478292,3.3615612260845467,-0.3970807236062548,6032.0,5425.0
300934,Bikaner Sweet House,Model Town 2,True,200,5.303304908059076,3.2,3.314038934620115,3.2934415599652347,0.02059737465488043,2583.0,2269.0
3223,Domino's Pizza,Model Town 2,True,700,6.55250788703459,2.8,2.9888988164357166,3.416650836170689,-0.42775201973497223,6101.0,5474.0
307554,Giani,Model Town 2,True,400,5.993961427306569,2.9,3.1512787585262214,3.3615612260845467,-0.21028246755832525,5444.0,4980.0
967,Grand Plaza,Model Town 2,True,800,6.68586094706836,3.3,3.3082649037839063,3.4298034897290544,-0.1215385859451481,4811.0,4390.0
6196,Great Wall,Model Town 2,True,1200,7.0909098220799835,2.7,3.032422195315703,3.4697535855565107,-0.4373313902408076,6125.0,5492.0
18381220,Healthy Food Station,Model Town 2,True,400,5.993961427306569,3.1,3.2663855506798307,3.3615612260845467,-0.09517567540471594,4469.0,4072.0
2491,Hostess Tasty Bites,Model Town 2,True,500,6.2166061010848646,3.1,3.2894235500047304,3.3835207391251902,-0.09409718912045983,4456.0,4059.0
1041,Hot Pot,Model Town 2,True,500,6.2166061010848646,3.1,3.1799514983786197,3.3835207391251902,-0.20356924074657057,5406.0,4944.0
982,Kabab Factory,Model Town 2,True,700,6.55250788703459,3.0,3.282172635250942,3.416650836170689,-0.13447820091974672,4936.0,4507.0
18352186,Keventers,Model Town 2,True,400,5.993961427306569,3.1,3.28655349621678,3.3615612260845467,-0.07500772986776649,4172.0,3791.0
9380,Krishna Sweet House,Model Town 2,True,200,5.303304908059076,3.3,3.331018898151944,3.2934415599652347,0.0375773381867095,2359.0,2056.0
1303,Mitraz,Model Town 2,True,850,6.7464121285733745,3.4,3.384083538335383,3.435775671489889,-0.05169213315450616,3767.0,3403.0
18168462,Nut Khut Chaats & Snacks,Model Town 2,True,300,5.707110264748875,3.2,3.330044399128201,3.3332690071959785,-0.003224608067777357,2908.0,2579.0
311734,Subway,Model Town 2,True,500,6.2166061010848646,3.4,3.379594279917158,3.3835207391251902,-0.003926459208032362,2915.0,2584.0
2291,The Host,Model Town 2,True,450,6.111467339502679,2.7,3.1625004456566304,3.3731508705500266,-0.21065042489339625,5445.0,4981.0
9427,Chacha Di Hatti,Model Town 2,True,100,4.61512051684126,3.7,3.565452998033917,3.2255657205981403,0.3398872774357766,711.0,596.0
5874,Cocoberry,Model Town 2,True,300,5.707110264748875,3.5,3.434347123876644,3.3332690071959785,0.10107811668066535,1773.0,1509.0
3375,Eating Corner,Model Town 2,True,300,5.707110264748875,3.7,3.6105368102110336,3.3332690071959785,0.27726780301505505,918.0,761.0
312353,El Posto,Model Town 2,True,300,5.707110264748875,3.5,3.4190281194478604,3.3332690071959785,0.08575911225188193,1885.0,1615.0
180,McDonald's,Model Town 2,True,500,6.2166061010848646,3.6,3.528728250001798,3.3835207391251902,0.14520751087660777,1503.0,1272.0
18057822,Pizza Station,Model Town 2,True,300,5.707110264748875,3.5,3.3943845036276445,3.3332690071959785,0.06111549643166603,2110.0,1818.0
6607,Puri Bakers,Model Town 2,True,300,5.707110264748875,3.7,3.603460625707952,3.3332690071959785,0.27019161851197326,946.0,784.0
18247031,JAIL - Behind The Bar,Model Town 2,True,1600,7.3783837129967145,4.1,3.9201594644622912,3.498107224335746,0.4220522401265452,499.0,410.0
18264447,Curry Shurry,Model Town 3,True,600,6.398594934535208,3.3,3.332630269484513,3.4014703540590903,-0.06884008457457735,4060.0,3686.0
300911,Frontier,Model Town 3,True,200,5.303304908059076,3.2,3.3158207929735544,3.2934415599652347,0.022379233008319677,2564.0,2251.0
4090,Hari Om Bhojnalaya,Model Town 3,True,400,5.993961427306569,3.2,3.305893296432964,3.3615612260845467,-0.055667929651582515,3842.0,3473.0
5729,Nirmal's,Model Town 3,True,400,5.993961427306569,2.7,3.250216047419095,3.3615612260845467,-0.1113451786654518,4696.0,4285.0
309704,Sardar A Pure Meat Shop,Model Town 3,True,150,5.017279836814924,2.8,3.235685979843669,3.2652308187184387,-0.029544838874769663,3351.0,3005.0
964,The Dragon Hucks,Model Town 3,True,800,6.68586094706836,3.3,3.3172091147281333,3.4298034897290544,-0.11259437500092107,4716.0,4302.0
307333,Green Chick Chop,Model Town 3,True,350,5.860786223465865,3.5,3.416235985635718,3.348426114537516,0.06780987109820202,2051.0,1764.0
5765,New Arjun Bombay Pav Bhaji,Model Town 3,True,250,5.5254529391317835,3.8,3.7223057623685776,3.3153520889822103,0.40695367338636723,531.0,438.0
18400738,Madaari,Model Town 3,True,1200,7.0909098220799835,4.3,4.013040313273502,3.4697535855565107,0.5432867277169917,291.0,235.0
307730,Amritsari Express,"Moments Mall, Kirti Nagar",True,400,5.993961427306569,3.4,3.3708845213452134,3.3615612260845467,0.009323295260666775,2716.0,2392.0
305251,Barista,"Moments Mall, Kirti Nagar",True,650,6.478509642208569,3.1,3.283769115676231,3.4093523663952126,-0.12558325071898135,4845.0,4423.0
312087,Baskin Robbins,"Moments Mall, Kirti Nagar",True,300,5.707110264748875,3.1,3.323864195460136,3.3332690071959785,-0.009404811735842511,3010.0,2676.0
18070503,Bikano's Chat Cafe,"Moments Mall, Kirti Nagar",True,500,6.2166061010848646,2.7,3.0989066343788436,3.3835207391251902,-0.28461410474634663,5733.0,5214.0
18454460,Burger Singh,"Moments Mall, Kirti Nagar",True,500,6.2166061010848646,3.3,3.3369489816221685,3.3835207391251902,-0.04657175750302178,3683.0,3324.0
18419902,Cafe Grub,"Moments Mall, Kirti Nagar",True,300,5.707110264748875,3.2,3.3195569475856046,3.3332690071959785,-0.013712059610373917,3071.0,2735.0
307356,Chicago Pizza,"Moments Mall, Kirti Nagar",True,800,6.68586094706836,2.9,3.1279642345392524,3.4298034897290544,-0.3018392551898019,5787.0,5254.0
8580,Cocoberry,"Moments Mall, Kirti Nagar",True,300,5.707110264748875,3.1,3.2663855506798307,3.3332690071959785,-0.0668834565161478,4036.0,3662.0
18324914,Dosa Plaza,"Moments Mall, Kirti Nagar",True,400,5.993961427306569,3.2,3.3195569475856046,3.3615612260845467,-0.04200427849894206,3578.0,3225.0
300473,Karim's,"Moments Mall, Kirti Nagar",True,700,6.55250788703459,3.3,3.3196291464867773,3.416650836170689,-0.09702168968391156,4495.0,4098.0
306250,Kebab Xpress,"Moments Mall, Kirti Nagar",True,600,6.398594934535208,3.2,3.291512725312438,3.4014703540590903,-0.10995762874665216,4677.0,4268.0
18356784,Keventers,"Moments Mall, Kirti Nagar",True,400,5.993961427306569,3.3,3.3418755125051245,3.3615612260845467,-0.01968571357942217,3166.0,2827.0
8373,KFC,"Moments Mall, Kirti Nagar",True,500,6.2166061010848646,2.6,2.8706803731640256,3.3835207391251902,-0.5128403659611647,6241.0,5577.0
308101,Paranthas 21,"Moments Mall, Kirti Nagar",True,350,5.860786223465865,3.3,3.332630269484513,3.348426114537516,-0.01579584505300291,3103.0,2767.0
8840,Subway,"Moments Mall, Kirti Nagar",True,500,6.2166061010848646,2.6,2.911970599578877,3.3835207391251902,-0.4715501395463133,6183.0,5532.0
18228870,Wow! Momo,"Moments Mall, Kirti Nagar",True,350,5.860786223465865,3.2,3.2823614527811946,3.348426114537516,-0.0660646617563212,4013.0,3640.0
7066,Berco's,"Moments Mall, Kirti Nagar",True,1100,7.00397413672268,3.5,3.456878880179334,3.4611790920197736,-0.004300211840439605,2919.0,2588.0
305479,Dunkin' Donuts,"Moments Mall, Kirti Nagar",True,600,6.398594934535208,3.5,3.453285453527612,3.4014703540590903,0.05181509946852181,2207.0,1907.0
8845,Giani's,"Moments Mall, Kirti Nagar",True,400,5.993961427306569,3.5,3.411128423784237,3.3615612260845467,0.049567197699690535,2238.0,1938.0
7509,The Beer Cafe,"Moments Mall, Kirti Nagar",True,1200,7.0909098220799835,3.8,3.7476488827388272,3.4697535855565107,0.27789529718231654,913.0,758.0
302715,Basil Tree,"Moments Mall, Kirti Nagar",True,1000,6.90875477931522,2.4,2.721465729312465,3.4517875773465194,-0.7303218480340545,6430.0,5736.0
18241509,Chaayos,"Moments Mall, Kirti Nagar",True,400,5.993961427306569,4.1,3.763417713305573,3.3615612260845467,0.4018564872210262,539.0,444.0
18277003,QD's Restaurant,"Moments Mall, Kirti Nagar",True,800,6.68586094706836,4.1,3.902755541668319,3.4298034897290544,0.4729520519392647,388.0,316.0
7547,Ada e Handi Restaurant,Moti Bagh,True,700,6.55250788703459,2.6,3.0435244668711747,3.416650836170689,-0.37312636929951415,5983.0,5397.0
301236,Darjeeling Momos,Moti Bagh,True,250,5.5254529391317835,2.9,3.211444095074753,3.3153520889822103,-0.1039079939074572,4590.0,4188.0
18082630,Ingredients,Moti Bagh,True,750,6.621405651764134,3.3,3.3330596151356247,3.423446244016628,-0.09038662888100335,4395.0,4002.0
7548,Al Quresh,Moti Bagh,True,600,6.398594934535208,3.6,3.4902029797325,3.4014703540590903,0.08873262567340978,1860.0,1591.0
310419,Angels in my Kitchen,Moti Bagh,True,350,5.860786223465865,3.5,3.43125029009724,3.348426114537516,0.0828241755597241,1908.0,1637.0
4634,Aapki Rasoi,Moti Nagar,True,300,5.707110264748875,3.1,3.2923832929735544,3.3332690071959785,-0.04088571422242415,3550.0,3197.0
18228874,Bats On Delivery,Moti Nagar,True,700,6.55250788703459,3.1,3.28655349621678,3.416650836170689,-0.1300973399539087,4898.0,4472.0
18433904,Bimbo Cakes,Moti Nagar,True,400,5.993961427306569,3.2,3.3256361144119913,3.3615612260845467,-0.03592511167255541,3453.0,3104.0
312145,Burger Bros,Moti Nagar,True,300,5.707110264748875,3.1,3.275893296432964,3.3332690071959785,-0.05737571076301462,3863.0,3493.0
304585,Chinese Food Corner,Moti Nagar,True,500,6.2166061010848646,2.5,3.1045294311638765,3.3835207391251902,-0.2789913079613138,5715.0,5198.0
312916,CL Snacks,Moti Nagar,True,150,5.017279836814924,3.1,3.319866620541205,3.2652308187184387,0.05463580182276617,2175.0,1876.0
313006,Kapoor's Sanjha Chulha,Moti Nagar,True,500,6.2166061010848646,3.0,3.3187505694501387,3.3835207391251902,-0.06477016967505156,3985.0,3612.0
305861,King's,Moti Nagar,True,150,5.017279836814924,3.2,3.332366620541205,3.2652308187184387,0.06713580182276635,2058.0,1769.0
9026,Kumar Hotel,Moti Nagar,True,700,6.55250788703459,3.4,3.37747670519158,3.416650836170689,-0.039174130979108934,3531.0,3178.0
309178,Kumar Pastry Shop,Moti Nagar,True,300,5.707110264748875,3.2,3.2926566343788437,3.3332690071959785,-0.04061237281713481,3547.0,3194.0
18249097,Midnight Adda,Moti Nagar,True,600,6.398594934535208,3.0,3.3129551045510452,3.4014703540590903,-0.08851524950804501,4364.0,3973.0
308880,Mughlaai Daawat,Moti Nagar,True,550,6.311734809152915,2.9,3.2879391359703063,3.3929033130260597,-0.10496417705575345,4612.0,4209.0
18382113,Pindiwala,Moti Nagar,True,500,6.2166061010848646,3.0,3.324764731137877,3.3835207391251902,-0.058756007987313286,3885.0,3514.0
18241861,Pipes & Hipes,Moti Nagar,True,900,6.803505257608338,3.0,3.301974223689605,3.4414067844659977,-0.13943256077639266,4975.0,4542.0
310162,Sai Rasoi,Moti Nagar,True,500,6.2166061010848646,3.1,3.312285012936336,3.3835207391251902,-0.0712357261888541,4107.0,3731.0
303589,Snaxpress Tastes & Cakes,Moti Nagar,True,200,5.303304908059076,2.9,3.309491310190879,3.2934415599652347,0.016049750225644477,2643.0,2327.0
311459,Veggie Adda,Moti Nagar,True,400,5.993961427306569,3.4,3.367736902031182,3.3615612260845467,0.006175675946635373,2771.0,2447.0
9053,C L Corner,Moti Nagar,True,100,4.61512051684126,3.8,3.6359144085843838,3.2255657205981403,0.41034868798624347,526.0,433.0
312893,Chin 10,Moti Nagar,True,500,6.2166061010848646,3.5,3.42855422304223,3.3835207391251902,0.045033483917039874,2286.0,1986.0
18273640,Kati Roll Cottage,Moti Nagar,True,200,5.303304908059076,3.7,3.5058242130716764,3.2934415599652347,0.21238265310644167,1181.0,990.0
308130,Kings Kulfi,Moti Nagar,True,150,5.017279836814924,3.7,3.5058242130716764,3.2652308187184387,0.24059339435323768,1065.0,890.0
5663,Paramjeet Machi Wala,Moti Nagar,True,700,6.55250788703459,3.6,3.5176522347993755,3.416650836170689,0.10100139862868662,1774.0,1510.0
18247005,Rajan Corner,Moti Nagar,True,400,5.993961427306569,3.6,3.4233700108740215,3.3615612260845467,0.061808784789474824,2104.0,1812.0
4084,34 Parkstreet Lane,Mukherjee Nagar,True,200,5.303304908059076,2.9,3.317217561326556,3.2934415599652347,0.02377600136132152,2535.0,2224.0
310947,Bhikaram Bhujawala,Mukherjee Nagar,True,100,4.61512051684126,3.0,3.3187505694501387,3.2255657205981403,0.0931848488519984,1826.0,1561.0
310989,Chawla The Pastry Palace,Mukherjee Nagar,True,200,5.303304908059076,2.9,3.309491310190879,3.2934415599652347,0.016049750225644477,2643.0,2327.0
18358295,Food Box,Mukherjee Nagar,True,300,5.707110264748875,3.0,3.324764731137877,3.3332690071959785,-0.008504276058101556,2985.0,2651.0
18317756,Foody Box,Mukherjee Nagar,True,300,5.707110264748875,3.1,3.3160093114089033,3.3332690071959785,-0.017259695787075202,3133.0,2797.0
310936,Giani,Mukherjee Nagar,True,300,5.707110264748875,3.1,3.312285012936336,3.3332690071959785,-0.02098399425964237,3202.0,2861.0
308796,Green Chick Chop,Mukherjee Nagar,True,350,5.860786223465865,3.1,3.2954369960366265,3.348426114537516,-0.052989118500889276,3788.0,3423.0
18460320,Heaven's Shawarma,Mukherjee Nagar,True,200,5.303304908059076,3.0,3.3129551045510452,3.2934415599652347,0.01951354458581056,2593.0,2279.0
18241893,Hyderabad Spl. Chicken Biryani Point,Mukherjee Nagar,True,350,5.860786223465865,3.0,3.324764731137877,3.348426114537516,-0.023661383399638858,3237.0,2895.0
18363053,Keshar,Mukherjee Nagar,True,400,5.993961427306569,3.0,3.324764731137877,3.3615612260845467,-0.0367964949466697,3478.0,3128.0
310997,Madras Cafe,Mukherjee Nagar,True,450,6.111467339502679,2.7,3.231875512505125,3.3731508705500266,-0.14127535804490154,4993.0,4557.0
6629,Milan Chole Bhature,Mukherjee Nagar,True,100,4.61512051684126,3.1,3.3018447663984833,3.2255657205981403,0.07627904580034306,1976.0,1697.0
302685,New Laxmi Sweets,Mukherjee Nagar,True,200,5.303304908059076,2.8,3.2502088458384577,3.2934415599652347,-0.04323271412677698,3611.0,3257.0
18241860,Pasta Hub,Mukherjee Nagar,True,250,5.5254529391317835,3.1,3.319866620541205,3.3153520889822103,0.004514531558994506,2786.0,2462.0
2920,Patna Roll Center,Mukherjee Nagar,True,200,5.303304908059076,3.1,3.3086869618696184,3.2934415599652347,0.015245401904383726,2660.0,2344.0
18238281,Refuel,Mukherjee Nagar,True,150,5.017279836814924,3.1,3.323864195460136,3.2652308187184387,0.05863337674169733,2128.0,1835.0
18204485,Saara Veg,Mukherjee Nagar,True,400,5.993961427306569,3.0,3.324764731137877,3.3615612260845467,-0.0367964949466697,3478.0,3128.0
18126086,SGF - Spice Grill Flame,Mukherjee Nagar,True,500,6.2166061010848646,3.1,3.3160093114089033,3.3835207391251902,-0.06751142771628693,4043.0,3669.0
9031,Shivam Corner,Mukherjee Nagar,True,100,4.61512051684126,3.0,3.2732147738144044,3.2255657205981403,0.047649053216264114,2258.0,1958.0
18254532,Swad Mubarak,Mukherjee Nagar,True,200,5.303304908059076,3.0,3.2868755125051248,3.2934415599652347,-0.006566047460109914,2952.0,2618.0
18380219,The Little Fork,Mukherjee Nagar,True,700,6.55250788703459,3.1,3.3280098287093978,3.416650836170689,-0.08864100746129111,4368.0,3977.0
18258473,The Metro Fast Food,Mukherjee Nagar,True,250,5.5254529391317835,2.6,3.2693187409146813,3.3153520889822103,-0.04603334806752901,3671.0,3312.0
303602,Tibet Kujing,Mukherjee Nagar,True,400,5.993961427306569,2.9,3.2685421791717912,3.3615612260845467,-0.09301904691275542,4443.0,4047.0
18396163,Yummy Adda,Mukherjee Nagar,True,400,5.993961427306569,3.5,3.3843258849255156,3.3615612260845467,0.0227646588409689,2552.0,2240.0
300264,Asli Alam Muradabadi Biryani Centre,Munirka,True,250,5.5254529391317835,2.8,3.1804581795817954,3.3153520889822103,-0.1348939094004149,4939.0,4509.0
18425751,Cafe Rasoi,Munirka,True,350,5.860786223465865,3.2,3.3235421791717914,3.348426114537516,-0.02488393536572442,3260.0,2917.0
7388,Chinese Food,Munirka,True,250,5.5254529391317835,2.9,3.2879391359703063,3.3153520889822103,-0.02741295301190405,3306.0,2962.0
311485,Green Chick Chop,Munirka,True,350,5.860786223465865,2.9,3.2747886567848727,3.348426114537516,-0.07363745775264308,4143.0,3764.0
2870,Hasty Tasty,Munirka,True,400,5.993961427306569,3.3,3.318611338891167,3.3615612260845467,-0.04294988719337978,3604.0,3251.0
18397908,Hunter's Kitchen,Munirka,True,1000,6.90875477931522,3.0,3.3129551045510452,3.4517875773465194,-0.13883247279547417,4970.0,4538.0
312765,Manahang Restaurant,Munirka,True,500,6.2166061010848646,3.2,3.3215168975460245,3.3835207391251902,-0.06200384157916572,3945.0,3574.0
5879,Mezbaan Restaurant,Munirka,True,600,6.398594934535208,3.4,3.3870246236429753,3.4014703540590903,-0.014445730416114966,3077.0,2741.0
304621,Moon Light Sweets,Munirka,True,200,5.303304908059076,3.3,3.3386543192354994,3.2934415599652347,0.04521275927026469,2283.0,1983.0
18472788,North East Castle,Munirka,True,500,6.2166061010848646,2.9,3.317217561326556,3.3835207391251902,-0.06630317779863404,4020.0,3647.0
309510,Pizza Point,Munirka,True,350,5.860786223465865,2.9,3.2747886567848727,3.348426114537516,-0.07363745775264308,4143.0,3764.0
300259,Roll Point,Munirka,True,200,5.303304908059076,2.8,3.2823666205412048,3.2934415599652347,-0.011074939424029928,3024.0,2689.0
310430,Sanjha Tandoor,Munirka,True,700,6.55250788703459,2.8,3.2092807689440526,3.416650836170689,-0.2073700672266363,5428.0,4965.0
300273,Sayyam,Munirka,True,250,5.5254529391317835,2.7,3.190962011543192,3.3153520889822103,-0.12439007743901831,4832.0,4410.0
7393,Shiv Bhojnalaya,Munirka,True,250,5.5254529391317835,2.8,3.2428283729558602,3.3153520889822103,-0.0725237160263501,4124.0,3746.0
311451,Subway,Munirka,True,500,6.2166061010848646,3.4,3.38120102952998,3.3835207391251902,-0.0023197095952101066,2895.0,2566.0
7240,Take Away,Munirka,True,400,5.993961427306569,2.9,3.220471460149384,3.3615612260845467,-0.14108976593516287,4991.0,4555.0
300268,Vedanta's,Munirka,True,650,6.478509642208569,2.7,2.977500267393978,3.4093523663952126,-0.43185209900123445,6111.0,5483.0
310328,Asian Chopstick,Munirka,True,400,5.993961427306569,3.5,3.404112246714572,3.3615612260845467,0.04255102063002525,2314.0,2014.0
309471,Chinese Delights,Munirka,True,400,5.993961427306569,3.5,3.395893296432964,3.3615612260845467,0.03433207034841734,2400.0,2096.0
18383522,Dezertfox,Munirka,True,550,6.311734809152915,3.7,3.455893296432964,3.3929033130260597,0.06298998340690432,2092.0,1800.0
300275,Anupam Restaurant,Munirka,True,500,6.2166061010848646,2.3,2.9359571697568825,3.3835207391251902,-0.44756356936830777,6145.0,5509.0
9251,Bobby Di Punjabi Rasoi,Najafgarh,True,150,5.017279836814924,2.9,3.317217561326556,3.2652308187184387,0.05198674260811753,2201.0,1902.0
302694,Agarwal Sweets,Naraina,True,150,5.017279836814924,3.0,3.301974223689605,3.2652308187184387,0.03674340497116635,2370.0,2067.0
18358184,Aurangzeb Rd,Naraina,True,500,6.2166061010848646,3.4,3.366840704865382,3.3835207391251902,-0.016680034259808352,3124.0,2788.0
8715,Bengali Sweet Corner,Naraina,True,200,5.303304908059076,3.0,3.307366620541205,3.2934415599652347,0.013925060575970427,2673.0,2357.0
641,Cafe Coffee Day,Naraina,True,450,6.111467339502679,2.6,3.1112851493098264,3.3731508705500266,-0.26186572124020024,5660.0,5153.0
308033,Chinese K. Food,Naraina,True,300,5.707110264748875,2.9,3.317217561326556,3.3332690071959785,-0.01605144586942231,3105.0,2769.0
307099,Chocowell,Naraina,True,150,5.017279836814924,3.2,3.3158207929735544,3.2652308187184387,0.05058997425511569,2226.0,1926.0
18312575,Choice,Naraina,True,500,6.2166061010848646,3.0,3.324764731137877,3.3835207391251902,-0.058756007987313286,3885.0,3514.0
18312652,Desi Street,Naraina,True,350,5.860786223465865,3.1,3.2985892056501207,3.348426114537516,-0.049836908887395115,3737.0,3375.0
310666,Enigma Lounge,Naraina,True,750,6.621405651764134,2.8,3.2739040482510084,3.423446244016628,-0.14954219576561956,5058.0,4620.0
7434,Flavors Of London,Naraina,True,200,5.303304908059076,3.0,3.307366620541205,3.2934415599652347,0.013925060575970427,2673.0,2357.0
305859,Frontier,Naraina,True,200,5.303304908059076,3.0,3.324764731137877,3.2934415599652347,0.03132317117264227,2437.0,2131.0
308037,Green Chick Chop,Naraina,True,350,5.860786223465865,3.2,3.314038934620115,3.348426114537516,-0.0343871799174007,3430.0,3082.0
18435837,Hot House Grill,Naraina,True,300,5.707110264748875,3.2,3.3256361144119913,3.3332690071959785,-0.007632892783987266,2972.0,2638.0
18441658,Kanshi Ram Chole Kulche Wala,Naraina,True,150,5.017279836814924,3.4,3.361492431456572,3.2652308187184387,0.09626161273813327,1807.0,1542.0
558,Kents Fast Food,Naraina,True,900,6.803505257608338,2.8,3.2428283729558602,3.4414067844659977,-0.19857841151013744,5371.0,4911.0
300485,Paharia Meat & Chicken Shop,Naraina,True,250,5.5254529391317835,2.8,3.2428283729558602,3.3153520889822103,-0.0725237160263501,4124.0,3746.0
7416,Palji Corner,Naraina,True,150,5.017279836814924,3.3,3.3318041867127524,3.2652308187184387,0.06657336799431368,2064.0,1774.0
301927,Paratha Hi Paratha,Naraina,True,100,4.61512051684126,3.1,3.3086869618696184,3.2255657205981403,0.08312124127147813,1906.0,1635.0
18288199,Picasso Roof Top,Naraina,True,1100,7.00397413672268,3.1,3.2923832929735544,3.4611790920197736,-0.16879579904621922,5197.0,4747.0
301931,RK Dosa,Naraina,True,150,5.017279836814924,2.8,3.2428283729558602,3.2652308187184387,-0.022402445762578438,3222.0,2880.0
311385,Sandoz,Naraina,True,600,6.398594934535208,2.6,3.054475688275401,3.4014703540590903,-0.3469946657836891,5922.0,5353.0
18175322,Sardar Ji,Naraina,True,120,4.795790545596741,3.0,3.307366620541205,3.243385261417069,0.06398135912413627,2084.0,1792.0
7419,Satkar Fast Food,Naraina,True,200,5.303304908059076,2.8,3.191485952903007,3.2934415599652347,-0.10195560706222784,4564.0,4165.0
9280,Sweetheart Cupcakes,Naraina,True,150,5.017279836814924,3.1,3.275893296432964,3.2652308187184387,0.01066247771452522,2700.0,2379.0
18241874,The Earthen Grill,Naraina,True,350,5.860786223465865,3.2,3.317659218258849,3.348426114537516,-0.03076689627866669,3371.0,3024.0
303250,Twenty Four Seven,Naraina,True,300,5.707110264748875,2.8,3.2287703293699597,3.3332690071959785,-0.10449867782601885,4603.0,4201.0
310408,Al Bake,Nehru Place,True,400,5.993961427306569,2.7,3.0668106982793963,3.3615612260845467,-0.2947505278051503,5769.0,5241.0
1185,Americana Kitchen and Bar,Nehru Place,True,1900,7.550135342488429,2.8,2.975406043833165,3.5150471406767525,-0.5396410968435874,6278.0,5605.0
5536,Bawa Snacks Corner,Nehru Place,True,150,5.017279836814924,2.8,3.2502088458384577,3.2652308187184387,-0.015021972879980972,3092.0,2756.0
18393213,Bhimsain's Bengali Sweet House,Nehru Place,True,450,6.111467339502679,2.9,3.317217561326556,3.3731508705500266,-0.055933309223470395,3846.0,3477.0
308336,Cafe Coffee Day,Nehru Place,True,450,6.111467339502679,3.1,3.2985892056501207,3.3731508705500266,-0.0745616648999059,4159.0,3780.0
637,Cafe Coffee Day,Nehru Place,True,450,6.111467339502679,3.0,3.1978451810380166,3.3731508705500266,-0.17530568951200998,5231.0,4780.0
313159,Dolce Gelato,Nehru Place,True,300,5.707110264748875,3.2,3.3278022543156465,3.3332690071959785,-0.005466752880332049,2926.0,2594.0
3608,Domino's Pizza,Nehru Place,True,700,6.55250788703459,3.0,3.143437756252562,3.416650836170689,-0.27321307991812693,5696.0,5184.0
3636,Gopala,Nehru Place,True,150,5.017279836814924,3.0,3.282172635250942,3.2652308187184387,0.016941816532503484,2629.0,2314.0
312790,New Punjabi Khana,Nehru Place,True,200,5.303304908059076,3.1,3.3160093114089033,3.2934415599652347,0.022567751443668627,2557.0,2244.0
5537,New Vishal Corner,Nehru Place,True,250,5.5254529391317835,3.1,3.2954369960366265,3.3153520889822103,-0.0199150929455838,3171.0,2831.0
308347,Punjabi Khana,Nehru Place,True,200,5.303304908059076,3.2,3.317659218258849,3.2934415599652347,0.02421765829361444,2528.0,2217.0
2602,Rajshree,Nehru Place,True,250,5.5254529391317835,3.1,3.305208845838458,3.3153520889822103,-0.010143243143752478,3018.0,2683.0
3638,Snack Junction,Nehru Place,True,250,5.5254529391317835,3.0,3.2264806677672038,3.3153520889822103,-0.08887142121500657,4374.0,3983.0
18017281,Sona,Nehru Place,True,400,5.993961427306569,3.4,3.3693914198757366,3.3615612260845467,0.007830193791189988,2747.0,2423.0
3607,Southy,Nehru Place,True,450,6.111467339502679,2.5,2.791696019232919,3.3731508705500266,-0.5814548513171074,6320.0,5636.0
3069,The First Floor,Nehru Place,True,1000,6.90875477931522,3.1,3.2954369960366265,3.4517875773465194,-0.15635058130989288,5107.0,4667.0
18268390,Hype,Nehru Place,True,4700,8.45553053102413,3.7,3.6105368102110336,3.604346548168456,0.0061902620425775545,2770.0,2446.0
196,McDonald's,Nehru Place,True,500,6.2166061010848646,3.7,3.624391728983661,3.3835207391251902,0.24087098985847089,1064.0,889.0
5487,New Punjabi Khana,Nehru Place,True,200,5.303304908059076,3.9,3.7242649068647546,3.2934415599652347,0.43082334689951995,479.0,392.0
308331,Pizza Hut Delivery,Nehru Place,True,800,6.68586094706836,3.6,3.519819281252023,3.4298034897290544,0.09001579152296868,1849.0,1581.0
18126080,Shree Rathnam,Nehru Place,True,800,6.68586094706836,3.6,3.486098418227173,3.4298034897290544,0.05629492849811868,2153.0,1859.0
148,Subway,Nehru Place,True,500,6.2166061010848646,3.6,3.536191260472814,3.3835207391251902,0.15267052134762382,1457.0,1231.0
2232,Pind Balluchi,Nehru Place,True,1000,6.90875477931522,2.4,2.600053780044238,3.4517875773465194,-0.8517337973022814,6471.0,5777.0
2775,Oh! Calcutta,Nehru Place,True,1400,7.244941546337007,4.4,4.361708294150751,3.4849457821633028,0.8767625119874483,52.0,44.0
311623,Alcoholic Lounge & Bar,Netaji Subhash Place,True,1800,7.496097345175956,2.8,3.1858932964329636,3.5097173562874113,-0.32382405985444773,5857.0,5307.0
311077,Baljeet's Amritsari Koolcha,Netaji Subhash Place,True,300,5.707110264748875,3.1,3.177437300316399,3.3332690071959785,-0.15583170687957937,5100.0,4660.0
492,Bikanervala,Netaji Subhash Place,True,550,6.311734809152915,3.4,3.3826994981906338,3.3929033130260597,-0.010203814835425984,3019.0,2684.0
304030,Cafe Coffee Day,Netaji Subhash Place,True,450,6.111467339502679,3.3,3.331018898151944,3.3731508705500266,-0.04213197239808242,3583.0,3230.0
18366028,Chicago Pizza,Netaji Subhash Place,True,500,6.2166061010848646,3.4,3.3737640741792028,3.3835207391251902,-0.009756664945987481,3014.0,2680.0
18168143,Cocoberry,Netaji Subhash Place,True,300,5.707110264748875,3.3,3.331018898151944,3.3332690071959785,-0.002250109044034332,2892.0,2563.0
18294246,Dilli Chaap Wale,Netaji Subhash Place,True,450,6.111467339502679,3.4,3.3672949417850337,3.3731508705500266,-0.005855928764992857,2936.0,2604.0
2370,Dips,Netaji Subhash Place,True,300,5.707110264748875,2.8,3.175174038198715,3.3332690071959785,-0.1580949689972635,5120.0,4680.0
3893,Domino's Pizza,Netaji Subhash Place,True,700,6.55250788703459,3.4,3.382183065300802,3.416650836170689,-0.03446777086988684,3434.0,3086.0
5366,Gullu's,Netaji Subhash Place,True,550,6.311734809152915,2.9,3.135239688833058,3.3929033130260597,-0.2576636241930017,5644.0,5142.0
18037828,Hashtag Foods,Netaji Subhash Place,True,300,5.707110264748875,3.4,3.3814924864364917,3.3332690071959785,0.04822347924051318,2249.0,1949.0
2377,Mini Meals,Netaji Subhash Place,True,300,5.707110264748875,2.7,2.977500267393978,3.3332690071959785,-0.3557687398020004,5944.0,5372.0
18384151,No Name - Taste Hi Kaafi Hai,Netaji Subhash Place,True,400,5.993961427306569,3.2,3.2926566343788437,3.3615612260845467,-0.06890459170570296,4061.0,3687.0
2966,Pind Balluchi,Netaji Subhash Place,True,1000,6.90875477931522,2.7,2.802943647581637,3.4517875773465194,-0.6488439297648823,6385.0,5692.0
257,Pizza Hut,Netaji Subhash Place,True,1000,6.90875477931522,3.3,3.3096635798088747,3.4517875773465194,-0.1421239975376447,5001.0,4565.0
2380,Raj Bhature wala,Netaji Subhash Place,True,350,5.860786223465865,3.4,3.3820491033857705,3.348426114537516,0.033622988848254654,2406.0,2101.0
18285222,Rolls Tiger,Netaji Subhash Place,True,450,6.111467339502679,3.4,3.3756380688806886,3.3731508705500266,0.0024871983306620216,2817.0,2493.0
309463,SGF - Spice Grill Flame,Netaji Subhash Place,True,500,6.2166061010848646,3.4,3.3814924864364917,3.3835207391251902,-0.002028252688698551,2890.0,2562.0
18219550,Smoksha Cafe and Lounge,Netaji Subhash Place,True,600,6.398594934535208,3.4,3.3780966123881417,3.4014703540590903,-0.023373741670948522,3228.0,2886.0
3230,Subway,Netaji Subhash Place,True,500,6.2166061010848646,3.4,3.386736281946152,3.3835207391251902,0.0032155428209619252,2806.0,2482.0
309542,Sura Vie,Netaji Subhash Place,True,1400,7.244941546337007,3.4,3.3945739335234255,3.4849457821633028,-0.09037184863987724,4394.0,4001.0
2965,Billu's Hut,Netaji Subhash Place,True,350,5.860786223465865,3.9,3.8688080403135814,3.348426114537516,0.5203819257760656,316.0,255.0
3372,BTW,Netaji Subhash Place,True,200,5.303304908059076,3.7,3.6663632495084797,3.2934415599652347,0.372921689543245,607.0,505.0
312223,Burger King,Netaji Subhash Place,True,500,6.2166061010848646,3.6,3.5743421700006475,3.3835207391251902,0.19082143087545722,1289.0,1082.0
8828,Cafe Coffee Day,Netaji Subhash Place,True,450,6.111467339502679,3.5,3.426389199498055,3.3731508705500266,0.05323832894802827,2190.0,1891.0
2524,Chills 'n' Grills,Netaji Subhash Place,True,350,5.860786223465865,3.6,3.4967163622907416,3.348426114537516,0.14829024775322575,1478.0,1251.0
18458640,Fusion N Food,Netaji Subhash Place,True,300,5.707110264748875,3.8,3.490317334511373,3.3332690071959785,0.15704832731539442,1436.0,1212.0
2532,Giani,Netaji Subhash Place,True,400,5.993961427306569,3.6,3.5103862555169667,3.3615612260845467,0.14882502943242004,1476.0,1249.0
5368,Hot Spot,Netaji Subhash Place,True,400,5.993961427306569,3.8,3.7120501230012297,3.3615612260845467,0.35048889691668306,675.0,567.0
18272383,La Americana,Netaji Subhash Place,True,450,6.111467339502679,3.6,3.535173035905891,3.3731508705500266,0.16202216535586444,1415.0,1195.0
18332018,Mogambo Khush Hua,Netaji Subhash Place,True,400,5.993961427306569,3.8,3.6706619455900436,3.3615612260845467,0.3091007195054969,802.0,671.0
18423901,Niti Shake & Ice Cream Hub,Netaji Subhash Place,True,200,5.303304908059076,3.8,3.4946184826431597,3.2934415599652347,0.20117692267792497,1241.0,1041.0
1969,Pacific Asia,Netaji Subhash Place,True,1200,7.0909098220799835,3.7,3.6145626537515376,3.4697535855565107,0.14480906819502692,1507.0,1276.0
18455548,Papa Veg Chinese Food,Netaji Subhash Place,True,450,6.111467339502679,3.8,3.5181093685936857,3.3731508705500266,0.14495849804365912,1506.0,1275.0
310126,Pasta Hut,Netaji Subhash Place,True,400,5.993961427306569,3.5,3.4443704637428048,3.3615612260845467,0.0828092376582581,1909.0,1638.0
5291,Ram G Snacks & Food Corner,Netaji Subhash Place,True,150,5.017279836814924,3.5,3.4121991656663546,3.2652308187184387,0.14696834694791594,1489.0,1259.0
3522,Sandwich King,Netaji Subhash Place,True,500,6.2166061010848646,3.8,3.651436018583159,3.3835207391251902,0.26791527945796867,960.0,796.0
18345519,Shake Eat Up,Netaji Subhash Place,True,400,5.993961427306569,3.9,3.768198680148566,3.3615612260845467,0.4066374540640192,532.0,439.0
305967,Starbucks,Netaji Subhash Place,True,700,6.55250788703459,3.7,3.650182305394482,3.416650836170689,0.2335314692237933,1093.0,915.0
18432015,The Chai Story,Netaji Subhash Place,True,300,5.707110264748875,3.6,3.4283455035254575,3.3332690071959785,0.09507649632947901,1815.0,1550.0
18204820,Themis Barbecue House,Netaji Subhash Place,True,1400,7.244941546337007,3.8,3.7565465034591052,3.4849457821633028,0.2716007212958025,935.0,776.0
18361244,Utsav,Netaji Subhash Place,True,250,5.5254529391317835,3.5,3.3824601733920563,3.3153520889822103,0.06710808440984595,2060.0,1771.0
9561,Barbeque Nation,Netaji Subhash Place,True,1600,7.3783837129967145,4.1,4.062791613337025,3.498107224335746,0.5646843890012794,265.0,211.0
18466059,Bistro 57,Netaji Subhash Place,True,500,6.2166061010848646,4.0,3.539312039859529,3.3835207391251902,0.15579130073433856,1444.0,1219.0
18361780,Calendar Khana Laao,Netaji Subhash Place,True,1000,6.90875477931522,4.2,3.7429948434099725,3.4517875773465194,0.29120726606345304,876.0,728.0
18208880,Chaayos,Netaji Subhash Place,True,400,5.993961427306569,4.1,3.9210367353673528,3.3615612260845467,0.5594755092828061,273.0,219.0
307620,Eleven Course,Netaji Subhash Place,True,1650,7.409136443920128,4.0,3.945755171928852,3.501140375698803,0.44461479623004907,451.0,369.0
302242,Sinciti,Netaji Subhash Place,True,1200,7.0909098220799835,4.0,3.90249242561444,3.4697535855565107,0.4327388400579295,474.0,388.0
310348,Admission Lounge,New Friends Colony,True,2500,7.824445930877619,2.7,3.1371579554836644,3.542102478856175,-0.40494452337251063,6049.0,5437.0
309680,Al Zaika,New Friends Colony,True,700,6.55250788703459,2.9,3.2879391359703063,3.416650836170689,-0.12871170020038258,4879.0,4455.0
1508,Angels in my Kitchen,New Friends Colony,True,350,5.860786223465865,3.2,3.2541060638708577,3.348426114537516,-0.09432005066665816,4463.0,4066.0
18312565,Asian Curry,New Friends Colony,True,800,6.68586094706836,3.0,3.3187505694501387,3.4298034897290544,-0.11105292027891567,4694.0,4284.0
311553,Chaska,New Friends Colony,True,500,6.2166061010848646,3.3,3.326172195315703,3.3835207391251902,-0.057348543809487396,3862.0,3492.0
7720,Chik Chow,New Friends Colony,True,650,6.478509642208569,3.3,3.3226354121649324,3.4093523663952126,-0.08671695423028014,4346.0,3956.0
308332,Deep Sweet Corner,New Friends Colony,True,400,5.993961427306569,2.7,3.190962011543192,3.3615612260845467,-0.17059921454135463,5209.0,4759.0
306331,Deepika Khaitan's Cakes,New Friends Colony,True,700,6.55250788703459,2.9,3.317217561326556,3.416650836170689,-0.09943327484413267,4533.0,4135.0
18303863,Dhaba On Wheels,New Friends Colony,True,600,6.398594934535208,2.7,3.1986332929735544,3.4014703540590903,-0.2028370610855359,5397.0,4936.0
212,Domino's Pizza,New Friends Colony,True,700,6.55250788703459,2.8,2.987587019099357,3.416650836170689,-0.4290638170713317,6102.0,5475.0
304183,Evergreen Sweets,New Friends Colony,True,350,5.860786223465865,2.8,3.2287703293699597,3.348426114537516,-0.11965578516755615,4792.0,4372.0
1915,Gopala,New Friends Colony,True,250,5.5254529391317835,3.0,3.307366620541205,3.3153520889822103,-0.007985468441005228,2980.0,2646.0
5901,Green Chick Chop,New Friends Colony,True,350,5.860786223465865,3.0,3.282172635250942,3.348426114537516,-0.06625347928657366,4017.0,3644.0
311824,Halal Pizza Fun,New Friends Colony,True,450,6.111467339502679,3.1,3.319866620541205,3.3731508705500266,-0.053284250008821754,3794.0,3428.0
18376488,Keventers,New Friends Colony,True,400,5.993961427306569,3.3,3.3405246895210885,3.3615612260845467,-0.021036536563458164,3208.0,2867.0
300013,Khan Chicken Biryani,New Friends Colony,True,500,6.2166061010848646,2.9,3.281250530177715,3.3835207391251902,-0.10227020894747518,4569.0,4170.0
181,McDonald's,New Friends Colony,True,500,6.2166061010848646,3.4,3.3864348338085652,3.3835207391251902,0.0029140946833750014,2811.0,2487.0
18277019,Midnight Bites,New Friends Colony,True,550,6.311734809152915,3.1,3.3086869618696184,3.3929033130260597,-0.08421635115644133,4315.0,3926.0
7721,Moti Mahal Delux,New Friends Colony,True,800,6.68586094706836,2.9,3.1377691478527687,3.4298034897290544,-0.29203434187628563,5758.0,5233.0
308334,MT Everest Food Corner,New Friends Colony,True,700,6.55250788703459,2.9,3.1871757240299674,3.416650836170689,-0.22947511214072147,5526.0,5049.0
309675,Muradabad Ki Mashoor Sama Chicken Biryani,New Friends Colony,True,350,5.860786223465865,2.9,3.309491310190879,3.348426114537516,-0.03893480434663665,3526.0,3173.0
300020,New Laziz,New Friends Colony,True,550,6.311734809152915,2.9,3.3020460136419545,3.3929033130260597,-0.09085729938410525,4406.0,4013.0
7717,Talab South Indian Restaurant,New Friends Colony,True,200,5.303304908059076,2.7,3.206548107147738,3.2934415599652347,-0.08689345281749672,4351.0,3961.0
303547,Tipu Sultan Chicken Point,New Friends Colony,True,250,5.5254529391317835,3.2,3.297533299346151,3.3153520889822103,-0.017818789636059318,3146.0,2808.0
18228903,Yo Wok,New Friends Colony,True,750,6.621405651764134,2.8,3.3096703915152355,3.423446244016628,-0.11377585250139255,4726.0,4312.0
18428200,Zoet Desserts,New Friends Colony,True,600,6.398594934535208,3.0,3.301974223689605,3.4014703540590903,-0.09949613036948524,4535.0,4137.0
18144480,Zooby's Kitchen,New Friends Colony,True,800,6.68586094706836,2.8,3.1858932964329636,3.4298034897290544,-0.24391019329609076,5590.0,5103.0
302945,Hotel Malabar,New Friends Colony,True,400,5.993961427306569,3.6,3.5315310716309414,3.3615612260845467,0.16996984554639472,1382.0,1165.0
18471283,Hwealthcafe,New Friends Colony,True,800,6.68586094706836,3.5,3.4065709070552237,3.4298034897290544,-0.02323258267383066,3224.0,2882.0
18337892,Noorjahan,New Friends Colony,True,700,6.55250788703459,3.8,3.4668565265198104,3.416650836170689,0.05020569034912148,2234.0,1934.0
267,Pizza Hut Delivery,New Friends Colony,True,800,6.68586094706836,3.9,3.7870274401273423,3.4298034897290544,0.3572239503982879,659.0,553.0
18424893,Sushiya Express,New Friends Colony,True,800,6.68586094706836,3.5,3.4077535538013604,3.4298034897290544,-0.022049935927693998,3218.0,2876.0
306526,Tuptakes,New Friends Colony,True,350,5.860786223465865,3.6,3.4793319876268067,3.348426114537516,0.13090587308929091,1583.0,1346.0
112,Lotus Pond,New Friends Colony,True,1800,7.496097345175956,4.2,4.105483024432517,3.5097173562874113,0.5957656681451056,228.0,180.0
1903,Cafe Turtle,Nizamuddin,True,1000,6.90875477931522,3.2,3.287206244121265,3.4517875773465194,-0.1645813332252546,5162.0,4716.0
300710,Gulfam Kashmiri Wazwan,Nizamuddin,True,300,5.707110264748875,3.4,3.372557824716178,3.3332690071959785,0.039288817520199526,2346.0,2046.0
308065,Kit Care Kabab Corner,Nizamuddin,True,350,5.860786223465865,2.9,3.2747886567848727,3.348426114537516,-0.07363745775264308,4143.0,3764.0
18441549,Liter Basar,Nizamuddin,True,350,5.860786223465865,3.1,3.319866620541205,3.348426114537516,-0.02855949399631097,3329.0,2984.0
3685,N. Iqbal Restaurant,Nizamuddin,True,350,5.860786223465865,3.2,3.283286862363005,3.348426114537516,-0.06513925217451089,3998.0,3625.0
303599,Ghalib Kabab Corner,Nizamuddin,True,300,5.707110264748875,3.9,3.810375102501025,3.3332690071959785,0.47710609530504655,377.0,307.0
462,Karim's,Nizamuddin,True,800,6.68586094706836,3.7,3.658221346577769,3.4298034897290544,0.22841785684871452,1111.0,930.0
680,Comesum,Nizamuddin,True,350,5.860786223465865,2.2,2.3880417691676916,3.348426114537516,-0.9603843453698242,6493.0,5798.0
18222581,Lunch Express,Okhla Phase 1,True,250,5.5254529391317835,3.3,3.3330596151356247,3.3153520889822103,0.01770752615341431,2622.0,2307.0
310164,Chawla Dhaba,Okhla Phase 2,True,500,6.2166061010848646,3.0,3.2917378093272456,3.3835207391251902,-0.09178292979794467,4419.0,4024.0
7712,Shri Gupta'z,Okhla Phase 2,True,500,6.2166061010848646,3.2,3.310634787318022,3.3835207391251902,-0.07288595180716806,4130.0,3751.0
18311948,The Golden Leaf,Okhla Phase 2,True,700,6.55250788703459,3.0,3.3129551045510452,3.416650836170689,-0.10369573161964363,4586.0,4184.0
7483,Red Moon Bakery,Okhla Phase 2,True,400,5.993961427306569,3.5,3.402833743337433,3.3615612260845467,0.0412725172528865,2326.0,2026.0
18472436,Berco's,"Pacific Mall, Tagore Garden",True,1100,7.00397413672268,3.1,3.3280098287093978,3.4611790920197736,-0.13316926331037582,4926.0,4500.0
9037,Bikano Chat Cafe,"Pacific Mall, Tagore Garden",True,500,6.2166061010848646,2.6,2.9539666418298793,3.3835207391251902,-0.4295540972953109,6108.0,5480.0
18391581,BonJuz,"Pacific Mall, Tagore Garden",True,200,5.303304908059076,3.1,3.3160093114089033,3.2934415599652347,0.022567751443668627,2557.0,2244.0
7077,Cafe Coffee Day - The Lounge,"Pacific Mall, Tagore Garden",True,750,6.621405651764134,2.6,3.0719555224398394,3.423446244016628,-0.3514907215767886,5933.0,5363.0
306586,Chicago Pizza,"Pacific Mall, Tagore Garden",True,800,6.68586094706836,3.2,3.2628180572059957,3.4298034897290544,-0.16698543252305864,5186.0,4736.0
306495,Domino's Pizza,"Pacific Mall, Tagore Garden",True,700,6.55250788703459,3.3,3.321292633477182,3.416650836170689,-0.09535820269350692,4473.0,4076.0
9061,Dosa Village,"Pacific Mall, Tagore Garden",True,500,6.2166061010848646,3.2,3.287206244121265,3.3835207391251902,-0.09631449500392542,4487.0,4090.0
18357946,Dunkin' Donuts,"Pacific Mall, Tagore Garden",True,600,6.398594934535208,3.4,3.371912126474206,3.4014703540590903,-0.029558227584884467,3353.0,3007.0
308991,Gelato Italiano,"Pacific Mall, Tagore Garden",True,200,5.303304908059076,3.3,3.337500458959813,3.2934415599652347,0.04405889899457849,2300.0,2000.0
7071,Gelato Vinto,"Pacific Mall, Tagore Garden",True,250,5.5254529391317835,2.7,3.183523193186477,3.3153520889822103,-0.1318288957957332,4910.0,4484.0
18282040,Keventers,"Pacific Mall, Tagore Garden",True,400,5.993961427306569,3.2,3.3090078051515808,3.3615612260845467,-0.05255342093296589,3778.0,3414.0
8379,KFC,"Pacific Mall, Tagore Garden",True,500,6.2166061010848646,2.6,2.98346386198237,3.3835207391251902,-0.40005687714282034,6038.0,5429.0
9040,Kings Kulfi,"Pacific Mall, Tagore Garden",True,150,5.017279836814924,3.3,3.337500458959813,3.2652308187184387,0.0722696402413745,2011.0,1726.0
18367984,Mr. Sub,"Pacific Mall, Tagore Garden",True,400,5.993961427306569,2.8,3.291136922732863,3.3615612260845467,-0.07042430335168381,4086.0,3710.0
4455,Shanghai Moon,"Pacific Mall, Tagore Garden",True,800,6.68586094706836,2.6,2.9067710895858956,3.4298034897290544,-0.5230324001431588,6254.0,5587.0
4454,The Blue Tandoor,"Pacific Mall, Tagore Garden",True,700,6.55250788703459,2.6,2.987500323687447,3.416650836170689,-0.429150512483242,6103.0,5476.0
4560,Costa Coffee,"Pacific Mall, Tagore Garden",True,600,6.398594934535208,3.6,3.480515007355956,3.4014703540590903,0.07904465329686561,1948.0,1673.0
4563,Giani's,"Pacific Mall, Tagore Garden",True,400,5.993961427306569,3.9,3.631125307503075,3.3615612260845467,0.2695640814185283,950.0,788.0
5062,Hinglish - Cafe Beach Bar,"Pacific Mall, Tagore Garden",True,1600,7.3783837129967145,3.7,3.6796819628422206,3.498107224335746,0.18157473850647454,1336.0,1124.0
4568,Spaghetti Kitchen,"Pacific Mall, Tagore Garden",True,2000,7.601402334583733,3.8,3.766173124231242,3.520103619964429,0.24606950426681307,1039.0,867.0
4566,Subway,"Pacific Mall, Tagore Garden",True,500,6.2166061010848646,3.5,3.436074831143048,3.3835207391251902,0.052554092017857545,2196.0,1897.0
18383434,Swiss Softy,"Pacific Mall, Tagore Garden",True,250,5.5254529391317835,3.9,3.5639066343788435,3.3153520889822103,0.24855454539663313,1031.0,859.0
308972,The Bubble Tea,"Pacific Mall, Tagore Garden",True,250,5.5254529391317835,3.5,3.4132444136941364,3.3153520889822103,0.0978923247119261,1800.0,1536.0
6283,Al-Sameer,Paharganj,True,400,5.993961427306569,2.9,3.309491310190879,3.3615612260845467,-0.052069915893667496,3773.0,3409.0
6356,Allure,Paharganj,True,600,6.398594934535208,2.8,3.291136922732863,3.4014703540590903,-0.11033343132622742,4682.0,4273.0
18356800,BarShala,Paharganj,True,600,6.398594934535208,3.1,3.2954369960366265,3.4014703540590903,-0.10603335802246372,4627.0,4224.0
18253103,Bikaner House,Paharganj,True,500,6.2166061010848646,3.0,3.324764731137877,3.3835207391251902,-0.058756007987313286,3885.0,3514.0
304152,Cafe Coffee Day,Paharganj,True,450,6.111467339502679,2.7,3.190962011543192,3.3731508705500266,-0.18218885900683457,5267.0,4815.0
18287392,Cafe CoffeeCo,Paharganj,True,350,5.860786223465865,3.4,3.365893296432964,3.348426114537516,0.01746718189544838,2624.0,2309.0
3116,Cafe Festa,Paharganj,True,600,6.398594934535208,3.2,3.2852015028770976,3.4014703540590903,-0.1162688511819927,4749.0,4331.0
308620,Cheers Lounge Bar,Paharganj,True,1100,7.00397413672268,2.8,3.2739040482510084,3.4611790920197736,-0.18727504376876514,5297.0,4843.0
300608,Chowmein Hut,Paharganj,True,200,5.303304908059076,2.9,3.317217561326556,3.2934415599652347,0.02377600136132152,2535.0,2224.0
302162,Club India Cafe & Restaurant,Paharganj,True,900,6.803505257608338,2.9,3.1729942067939194,3.4414067844659977,-0.26841257767207827,5682.0,5170.0
308187,Domino's Pizza,Paharganj,True,700,6.55250788703459,3.1,3.2578529583372755,3.416650836170689,-0.15879787783341337,5126.0,4686.0
8292,Everest Bakery Cafe,Paharganj,True,700,6.55250788703459,2.8,3.1972430992692273,3.416650836170689,-0.21940773690146154,5482.0,5012.0
307114,Everest Kitchen,Paharganj,True,550,6.311734809152915,3.2,3.310634787318022,3.3929033130260597,-0.08226852570803755,4280.0,3892.0
18408059,Exotic Rooftop Restaurant,Paharganj,True,600,6.398594934535208,3.0,3.3187505694501387,3.4014703540590903,-0.08271978460895157,4287.0,3898.0
308614,Flavours,Paharganj,True,500,6.2166061010848646,2.9,3.2685421791717912,3.3835207391251902,-0.114978559953399,4739.0,4323.0
304217,Gagan Assam Bengal Restaurant,Paharganj,True,300,5.707110264748875,2.9,3.2948666205412054,3.3332690071959785,-0.038402386654773135,3517.0,3164.0
302724,Gold Resto Bar,Paharganj,True,850,6.7464121285733745,2.9,3.2879391359703063,3.435775671489889,-0.14783653551958276,5042.0,4605.0
5799,Grand Madras Cafe,Paharganj,True,250,5.5254529391317835,2.9,3.317217561326556,3.3153520889822103,0.0018654723443458643,2821.0,2496.0
3117,Green Chilli,Paharganj,True,800,6.68586094706836,2.8,3.2092807689440526,3.4298034897290544,-0.2205227207850018,5486.0,5016.0
300639,Gurdev Punjabi Restaurant,Paharganj,True,200,5.303304908059076,3.0,3.301974223689605,3.2934415599652347,0.008532663724370337,2730.0,2406.0
18384879,Haji Irshad Biryani Centre,Paharganj,True,200,5.303304908059076,3.0,3.3129551045510452,3.2934415599652347,0.01951354458581056,2593.0,2279.0
18481280,Hungerzz Grill,Paharganj,True,250,5.5254529391317835,3.0,3.324764731137877,3.3153520889822103,0.009412642155666617,2711.0,2387.0
300635,Janta Sweets,Paharganj,True,200,5.303304908059076,3.0,3.2967677715570254,3.2934415599652347,0.0033262115917906954,2801.0,2477.0
302159,Khosla Cafe,Paharganj,True,400,5.993961427306569,3.2,3.310634787318022,3.3615612260845467,-0.05092643876652447,3752.0,3390.0
18204494,King Bar & Restaurant,Paharganj,True,900,6.803505257608338,3.0,3.2917378093272456,3.4414067844659977,-0.1496689751387521,5060.0,4622.0
305135,Le Fairway Restaurant & Bar,Paharganj,True,1000,6.90875477931522,3.1,3.28655349621678,3.4517875773465194,-0.16523408112973925,5168.0,4721.0
302155,Madan Cafe & Restaurant,Paharganj,True,300,5.707110264748875,3.1,3.2599029967572397,3.3332690071959785,-0.0733660104387388,4136.0,3757.0
3119,Malhotra Restaurant,Paharganj,True,800,6.68586094706836,2.9,3.1729942067939194,3.4298034897290544,-0.25680928293513494,5638.0,5137.0
3254,Metropolis Bar,Paharganj,True,700,6.55250788703459,3.0,3.242430010567711,3.416650836170689,-0.17422082560297802,5227.0,4776.0
302272,Mikky Restaurant,Paharganj,True,800,6.68586094706836,2.8,3.203172100750858,3.4298034897290544,-0.22663138897819657,5519.0,5044.0
300616,Mourya Sweets Chat Bhandar,Paharganj,True,200,5.303304908059076,2.9,3.317217561326556,3.2934415599652347,0.02377600136132152,2535.0,2224.0
5796,My Bar & Restaurant,Paharganj,True,700,6.55250788703459,3.2,3.210182047733939,3.416650836170689,-0.20646878843674976,5420.0,4957.0
310595,My Love Restaurant & Bar,Paharganj,True,1000,6.90875477931522,2.7,3.1693019227986396,3.4517875773465194,-0.28248565454787977,5728.0,5210.0
303788,Organic German Bakeshop - Brown Bread Bakery,Paharganj,True,600,6.398594934535208,3.2,3.3044018415536267,3.4014703540590903,-0.09706851250546356,4496.0,4099.0
305490,Paankhuri Restaurant,Paharganj,True,500,6.2166061010848646,3.0,3.3187505694501387,3.3835207391251902,-0.06477016967505156,3985.0,3612.0
300620,Pardeep Corner,Paharganj,True,300,5.707110264748875,3.3,3.3339531182473983,3.3332690071959785,0.0006841110514197446,2842.0,2517.0
18218076,Pehalwan Da Hotel,Paharganj,True,350,5.860786223465865,3.1,3.323864195460136,3.348426114537516,-0.024561919077379812,3253.0,2910.0
308682,Pizza Hut Delivery,Paharganj,True,800,6.68586094706836,2.8,3.160167076670766,3.4298034897290544,-0.2696364130582882,5688.0,5176.0
18198465,Re Cafe,Paharganj,True,1300,7.170888478512505,3.1,3.2954369960366265,3.477641905178529,-0.18220490914190224,5269.0,4817.0
311879,Rumi Amritsari Naan,Paharganj,True,200,5.303304908059076,3.2,3.3215168975460245,3.2934415599652347,0.02807533758078984,2483.0,2177.0
1888,Sagar Bar-Be Que,Paharganj,True,500,6.2166061010848646,2.7,3.0710759389570637,3.3835207391251902,-0.3124448001681266,5822.0,5281.0
301191,Satyam Rooftop Restaurant,Paharganj,True,600,6.398594934535208,2.9,3.281250530177715,3.4014703540590903,-0.1202198238813752,4802.0,4381.0
6345,Sethi Restaurant,Paharganj,True,800,6.68586094706836,2.8,3.2739040482510084,3.4298034897290544,-0.1558994414780459,5103.0,4663.0
18272388,Shri Bankey Bihari Samosa Wala,Paharganj,True,100,4.61512051684126,3.1,3.3280098287093978,3.2255657205981403,0.10244410811125748,1763.0,1499.0
6355,Sonu South Indian Restaurant,Paharganj,True,300,5.707110264748875,2.9,3.2879391359703063,3.3332690071959785,-0.045329871225672225,3653.0,3294.0
300571,Southern Welcome Restaurant,Paharganj,True,250,5.5254529391317835,2.7,3.269866620541205,3.3153520889822103,-0.04548546844100532,3659.0,3300.0
302173,Swagat Dhaba,Paharganj,True,200,5.303304908059076,2.7,3.2231562418083195,3.2934415599652347,-0.07028531815691519,4082.0,3706.0
5801,Tadka 4986,Paharganj,True,600,6.398594934535208,3.4,3.372238729654738,3.4014703540590903,-0.029231624404352452,3345.0,2999.0
18261165,The Drunkyard Cafe,Paharganj,True,850,6.7464121285733745,3.0,3.301974223689605,3.435775671489889,-0.13380144780028402,4932.0,4505.0
302188,The Gem Bar & Restaurant,Paharganj,True,1400,7.244941546337007,3.2,3.310634787318022,3.4849457821633028,-0.17431099484528056,5228.0,4777.0
18017258,The Indian Grill Restaurant,Paharganj,True,600,6.398594934535208,2.8,3.2578395042424995,3.4014703540590903,-0.1436308498165908,5014.0,4578.0
3094,True Blue,Paharganj,True,900,6.803505257608338,3.0,3.2868755125051248,3.4414067844659977,-0.1545312719608729,5088.0,4649.0
3118,U Like,Paharganj,True,600,6.398594934535208,3.0,3.2648081653893457,3.4014703540590903,-0.13666218866974456,4955.0,4524.0
6359,Vaga Bond,Paharganj,True,550,6.311734809152915,2.9,3.2948666205412054,3.3929033130260597,-0.09803669248485436,4509.0,4111.0
18252250,Vrinda Vaishno Dhaba,Paharganj,True,200,5.303304908059076,2.8,3.3096703915152355,3.2934415599652347,0.016228831550000766,2639.0,2323.0
5949,White Heart Restro Bar,Paharganj,True,1100,7.00397413672268,2.7,3.214718237908185,3.4611790920197736,-0.24646085411158847,5599.0,5109.0
18409188,Haldiram Bhujiawala,Paharganj,True,400,5.993961427306569,3.5,3.404112246714572,3.3615612260845467,0.04255102063002525,2314.0,2014.0
5753,Maa Bhagwati,Paharganj,True,400,5.993961427306569,3.5,3.417187849435312,3.3615612260845467,0.0556266233507654,2163.0,1867.0
18273527,Bajaj Vaishno Dhaba,Paharganj,True,400,5.993961427306569,2.2,3.0678850884662694,3.3615612260845467,-0.29367613761827727,5764.0,5237.0
6075,Sita Ram Diwan Chand,Paharganj,True,100,4.61512051684126,4.3,4.265968177708863,3.2255657205981403,1.0404024571107224,19.0,17.0
306750,Aayush Food Plaza,Palam,True,300,5.707110264748875,2.9,3.309491310190879,3.3332690071959785,-0.023777697005099352,3241.0,2899.0
306739,Ankit Fast Food Corner,Palam,True,200,5.303304908059076,2.9,3.309491310190879,3.2934415599652347,0.016049750225644477,2643.0,2327.0
18312564,Da Pizza Corner,Palam,True,600,6.398594934535208,3.0,3.307366620541205,3.4014703540590903,-0.09410373351788515,4458.0,4061.0
306741,Mughal Zaika Chicken Point,Palam,True,400,5.993961427306569,2.9,3.317217561326556,3.3615612260845467,-0.04434366475799045,3630.0,3274.0
9974,Nawab Restaurant,Palam,True,400,5.993961427306569,2.9,3.2948666205412054,3.3615612260845467,-0.06669460554334128,4031.0,3657.0
300529,New Bikaner Sweets,Palam,True,200,5.303304908059076,3.0,3.2917378093272456,3.2934415599652347,-0.0017037506379891099,2880.0,2553.0
312169,Pizza Yum,Palam,True,650,6.478509642208569,2.7,3.25986896053171,3.4093523663952126,-0.1494834058635024,5056.0,4618.0
301783,Radhika Sweets,Palam,True,100,4.61512051684126,2.9,3.309491310190879,3.2255657205981403,0.08392558959273888,1896.0,1626.0
9218,Satguru Di Hatti,Palam,True,200,5.303304908059076,2.8,3.291136922732863,3.2934415599652347,-0.0023046372323718423,2894.0,2565.0
301994,Sher-E-Punjab,Palam,True,450,6.111467339502679,3.0,3.3187505694501387,3.3731508705500266,-0.054400301099887916,3826.0,3458.0
306729,Shudh Vaishno Amritsari Naan,Palam,True,150,5.017279836814924,3.0,3.3129551045510452,3.2652308187184387,0.04772428583260657,2254.0,1954.0
9207,Sumit Sweets,Palam,True,100,4.61512051684126,2.8,3.291136922732863,3.2255657205981403,0.06557120213472256,2068.0,1777.0
18433910,Burger King,"Palate of Delhi, Chanakyapuri",True,500,6.2166061010848646,3.2,3.3256361144119913,3.3835207391251902,-0.057884624713198995,3872.0,3502.0
18435287,Chaayos,"Palate of Delhi, Chanakyapuri",True,400,5.993961427306569,3.2,3.339859070760519,3.3615612260845467,-0.02170215532402775,3215.0,2873.0
7618,Aalis Kathi Kabab,Panchsheel Park,True,400,5.993961427306569,3.3,3.3264476921084998,3.3615612260845467,-0.035113533976046885,3443.0,3094.0
3637,Dill's Chawla Chik Inn,Panchsheel Park,True,550,6.311734809152915,3.4,3.3792393978287607,3.3929033130260597,-0.013663915197299037,3069.0,2733.0
302277,Ipshita's Cakes Mamma Bakes,Panchsheel Park,True,700,6.55250788703459,3.1,3.305208845838458,3.416650836170689,-0.11144199033223101,4699.0,4288.0
18216942,Big Wong,Panchsheel Park,True,900,6.803505257608338,4.3,4.003901469747181,3.4414067844659977,0.562494685281183,267.0,213.0
5784,Giani's,Pandara Road Market,True,400,5.993961427306569,3.3,3.3285514857989487,3.3615612260845467,-0.033009740285598,3409.0,3062.0
5783,Baskin Robbins,Pandara Road Market,True,300,5.707110264748875,3.5,3.417187849435312,3.3332690071959785,0.08391884223933355,1901.0,1631.0
800,Chicken Inn,Pandara Road Market,True,1500,7.313886831633462,3.6,3.5754284894159425,3.4917458769774545,0.08368261243848796,1902.0,1632.0
73,Ichiban,Pandara Road Market,True,1200,7.0909098220799835,3.9,3.8670900009183686,3.4697535855565107,0.39733641536185793,550.0,453.0
308537,Krishna Di Kulfi,Pandara Road Market,True,200,5.303304908059076,3.8,3.6916873435975734,3.2934415599652347,0.39824578363233876,545.0,450.0
803,Pindi,Pandara Road Market,True,1700,7.438971592395862,3.8,3.743037644430848,3.50408302562123,0.23895461880961788,1071.0,896.0
103,Veg Gulati,Pandara Road Market,True,1200,7.0909098220799835,3.8,3.76612100269693,3.4697535855565107,0.29636741714041914,853.0,710.0
18421051,Chor Bizarre,Pandara Road Market,True,1600,7.3783837129967145,4.4,3.9452436349584734,3.498107224335746,0.44713641062272735,445.0,364.0
799,Gulati,Pandara Road Market,True,1500,7.313886831633462,4.4,4.388379134045751,3.4917458769774545,0.8966332570682964,40.0,35.0
801,Havemore,Pandara Road Market,True,1500,7.313886831633462,4.1,4.069579212894118,3.4917458769774545,0.5778333359166639,245.0,194.0
308845,Aggarwal Sweets,Pandav Nagar,True,250,5.5254529391317835,2.9,3.309491310190879,3.3153520889822103,-0.005860778791331178,2937.0,2605.0
306826,Om Sai Dosa Corner,Pandav Nagar,True,350,5.860786223465865,2.9,3.317217561326556,3.348426114537516,-0.03120855321095961,3376.0,3029.0
18303817,"34, Chowringhee Lane",Paschim Vihar,True,350,5.860786223465865,2.7,3.10395608544693,3.348426114537516,-0.24447002909058568,5592.0,5105.0
312913,A Pizza House,Paschim Vihar,True,500,6.2166061010848646,2.9,3.154167020118477,3.3835207391251902,-0.22935371900671342,5525.0,5048.0
5645,Amrit Family Rasoi,Paschim Vihar,True,400,5.993961427306569,2.8,3.064828732846151,3.3615612260845467,-0.29673249323839546,5775.0,5246.0
312387,Bake Club,Paschim Vihar,True,250,5.5254529391317835,3.1,3.2923832929735544,3.3153520889822103,-0.02296879600865598,3223.0,2881.0
5594,Cafe Coffee Day,Paschim Vihar,True,450,6.111467339502679,3.3,3.328230682587724,3.3731508705500266,-0.04492018796230246,3646.0,3288.0
18175309,Cake O Frost,Paschim Vihar,True,350,5.860786223465865,3.3,3.339881440481071,3.348426114537516,-0.00854467405644499,2999.0,2665.0
312990,Chawla Kitchen,Paschim Vihar,True,600,6.398594934535208,3.3,3.325638068880689,3.4014703540590903,-0.07583228517840146,4188.0,3807.0
18233577,Cherry Fresh,Paschim Vihar,True,200,5.303304908059076,3.3,3.335893296432964,3.2934415599652347,0.04245173646772926,2319.0,2019.0
309836,Chocooze,Paschim Vihar,True,300,5.707110264748875,3.2,3.3278022543156465,3.3332690071959785,-0.005466752880332049,2926.0,2594.0
7692,Chuk Chuk Mail,Paschim Vihar,True,300,5.707110264748875,2.9,3.1377691478527687,3.3332690071959785,-0.1954998593432098,5350.0,4892.0
18224548,Da Pizza Bakers,Paschim Vihar,True,500,6.2166061010848646,3.1,3.268664804798733,3.3835207391251902,-0.11485593432645747,4737.0,4321.0
213,Domino's Pizza,Paschim Vihar,True,700,6.55250788703459,3.2,3.246328317189422,3.416650836170689,-0.17032251898126693,5207.0,4757.0
7488,Green Chick Chop,Paschim Vihar,True,350,5.860786223465865,3.3,3.3251253075030744,3.348426114537516,-0.023300807034441373,3226.0,2884.0
18356817,Grill Zone,Paschim Vihar,True,300,5.707110264748875,3.4,3.366840704865382,3.3332690071959785,0.03357169766940338,2408.0,2103.0
1987,Grover Mithaivala,Paschim Vihar,True,100,4.61512051684126,3.4,3.3748687447400787,3.2255657205981403,0.1493030241419384,1472.0,1245.0
18241871,Hong Kong Express,Paschim Vihar,True,700,6.55250788703459,3.2,3.2748740479829035,3.416650836170689,-0.14177678818778539,4994.0,4558.0
300337,Hot Spot Roll Corner,Paschim Vihar,True,150,5.017279836814924,3.2,3.2893075994012952,3.2652308187184387,0.02407678068285657,2532.0,2221.0
18232113,Jaiveer Naan & Chaap,Paschim Vihar,True,400,5.993961427306569,3.4,3.3685859309250983,3.3615612260845467,0.007024704840551621,2758.0,2434.0
303018,Jaiveer Naan & Chaap,Paschim Vihar,True,300,5.707110264748875,3.1,3.2620069835566774,3.3332690071959785,-0.07126202363930112,4112.0,3736.0
300318,Kabab Hut,Paschim Vihar,True,600,6.398594934535208,2.9,3.1571224505849704,3.4014703540590903,-0.24434790347411983,5591.0,5104.0
18070479,Kabbaba,Paschim Vihar,True,500,6.2166061010848646,3.3,3.331406634378843,3.3835207391251902,-0.052114104746347145,3776.0,3412.0
9956,McDonald's,Paschim Vihar,True,500,6.2166061010848646,3.3,3.3175701451070454,3.3835207391251902,-0.06595059401814485,4008.0,3635.0
5652,New Durga Corner,Paschim Vihar,True,250,5.5254529391317835,3.2,3.286192218026831,3.3153520889822103,-0.029159870955379308,3344.0,2998.0
7330,New Durga Dosa Corner,Paschim Vihar,True,300,5.707110264748875,3.0,3.18709272554682,3.3332690071959785,-0.1461762816491583,5032.0,4596.0
4801,Pishori Chicken,Paschim Vihar,True,700,6.55250788703459,3.4,3.3748687447400787,3.416650836170689,-0.04178209143061018,3575.0,3222.0
9853,Pizza Break,Paschim Vihar,True,800,6.68586094706836,3.4,3.3807462157282857,3.4298034897290544,-0.04905727400076865,3721.0,3361.0
308929,Pizza Hut Delivery,Paschim Vihar,True,800,6.68586094706836,3.1,3.2150703808439953,3.4298034897290544,-0.21473310888505903,5460.0,4993.0
300344,PK Shoppe,Paschim Vihar,True,200,5.303304908059076,2.7,3.0754415382389118,3.2934415599652347,-0.21800002172632293,5477.0,5007.0
18372287,Pudding & Pie,Paschim Vihar,True,450,6.111467339502679,2.7,3.190962011543192,3.3731508705500266,-0.18218885900683457,5267.0,4815.0
18198449,Punjabi Angithi,Paschim Vihar,True,400,5.993961427306569,3.3,3.331406634378843,3.3615612260845467,-0.03015459170570356,3366.0,3019.0
300343,Punjabi Handi,Paschim Vihar,True,650,6.478509642208569,3.4,3.3728696676171306,3.4093523663952126,-0.03648269877808197,3468.0,3119.0
300323,Quality Cake Shop,Paschim Vihar,True,350,5.860786223465865,3.2,3.252571140073103,3.348426114537516,-0.09585497446441282,4482.0,4085.0
2366,Rahul's Rasoi,Paschim Vihar,True,600,6.398594934535208,2.5,2.828445124018169,3.4014703540590903,-0.5730252300409213,6315.0,5632.0
300334,RTW,Paschim Vihar,True,150,5.017279836814924,2.6,2.9756380688806887,3.2652308187184387,-0.28959274983774996,5755.0,5231.0
300321,Sahib e Aalam,Paschim Vihar,True,450,6.111467339502679,3.2,3.275638068880689,3.3731508705500266,-0.09751280166933762,4504.0,4107.0
5655,Shree Durga Dosa,Paschim Vihar,True,250,5.5254529391317835,3.4,3.3715777470274695,3.3153520889822103,0.05622565804525914,2156.0,1861.0
7274,Shree Durga Dosa,Paschim Vihar,True,250,5.5254529391317835,2.7,3.119901720398783,3.3153520889822103,-0.19545036858342746,5348.0,4890.0
9670,Shree Rathnam,Paschim Vihar,True,800,6.68586094706836,3.2,3.251475907988246,3.4298034897290544,-0.17832758174080832,5250.0,4798.0
311957,Sunil Momos.Com,Paschim Vihar,True,200,5.303304908059076,3.4,3.379057287283399,3.2934415599652347,0.08561572731816414,1887.0,1617.0
1990,Temptation Food,Paschim Vihar,True,300,5.707110264748875,2.8,3.1463144967988135,3.3332690071959785,-0.18695451039716504,5295.0,4841.0
18279470,Wheelyz,Paschim Vihar,True,550,6.311734809152915,3.2,3.291512725312438,3.3929033130260597,-0.10139058771362164,4555.0,4156.0
307965,Ashok Meat Wala,Paschim Vihar,True,500,6.2166061010848646,3.6,3.4630621432618813,3.3835207391251902,0.07954140413669109,1940.0,1666.0
18336183,Biryani Sons & Co.,Paschim Vihar,True,400,5.993961427306569,3.8,3.603683310270602,3.3615612260845467,0.2421220841860552,1056.0,883.0
18472416,Curry Tree,Paschim Vihar,True,700,6.55250788703459,3.5,3.391231802243395,3.416650836170689,-0.02541903392729372,3272.0,2929.0
306636,Deli 63,Paschim Vihar,True,300,5.707110264748875,3.6,3.4793319876268067,3.3332690071959785,0.14606298043082822,1496.0,1265.0
300335,Friends Shawarma,Paschim Vihar,True,350,5.860786223465865,3.5,3.453285453527612,3.348426114537516,0.10485933899009625,1749.0,1485.0
311379,Ganesh Restaurant,Paschim Vihar,True,550,6.311734809152915,3.8,3.657224225651347,3.3929033130260597,0.26432091262528745,972.0,806.0
18379474,Kake Da Hotel,Paschim Vihar,True,600,6.398594934535208,3.6,3.443750394234711,3.4014703540590903,0.042280040175620925,2322.0,2022.0
309307,Nirmal Vada Pav,Paschim Vihar,True,200,5.303304908059076,3.5,3.4412300866960277,3.2934415599652347,0.147788526730793,1481.0,1254.0
312425,Oasis Baklawa,Paschim Vihar,True,400,5.993961427306569,3.5,3.4417002460024597,3.3615612260845467,0.08013901991791306,1934.0,1661.0
7291,Puri Bakers,Paschim Vihar,True,300,5.707110264748875,3.6,3.5223728073267995,3.3332690071959785,0.18910380013082095,1297.0,1090.0
18163915,Wonder Taste of Spices,Paschim Vihar,True,600,6.398594934535208,3.6,3.5017139576637697,3.4014703540590903,0.10024360360467943,1778.0,1514.0
18233583,Biryaniwala,Paschim Vihar,True,300,5.707110264748875,2.1,2.624038724361603,3.3332690071959785,-0.7092302828343757,6421.0,5727.0
310630,Firangi N More,Paschim Vihar,True,400,5.993961427306569,2.2,2.8131796820685593,3.3615612260845467,-0.5483815440159874,6295.0,5615.0
7271,Pakwan,Paschim Vihar,True,700,6.55250788703459,2.1,2.752260965428803,3.416650836170689,-0.664389870741886,6397.0,5704.0
18138442,Subway,Paschim Vihar,True,500,6.2166061010848646,2.3,2.9439066343788434,3.3835207391251902,-0.4396141047463469,6128.0,5495.0
308559,24x7,Patparganj,True,1200,7.0909098220799835,3.1,3.283769115676231,3.4697535855565107,-0.1859844698802795,5293.0,4839.0
18358841,Cafe Cook,Patparganj,True,400,5.993961427306569,2.8,3.2220707929735544,3.3615612260845467,-0.1394904331109923,4977.0,4544.0
18397140,La-Nawaab,Patparganj,True,500,6.2166061010848646,3.0,3.3187505694501387,3.3835207391251902,-0.06477016967505156,3985.0,3612.0
18168171,Roadside Cafe,Patparganj,True,450,6.111467339502679,2.8,3.05973587259911,3.3731508705500266,-0.31341499795091643,5828.0,5284.0
18458961,Royal India Food Plaza,Patparganj,True,400,5.993961427306569,3.2,3.3215168975460245,3.3615612260845467,-0.040044328538522134,3539.0,3186.0
18208914,Sir John Bakery Cafe,Patparganj,True,500,6.2166061010848646,3.4,3.3685859309250983,3.3835207391251902,-0.014934808200091965,3090.0,2754.0
18231410,Bikku Bakes,Patparganj,True,300,5.707110264748875,3.7,3.541782692132477,3.3332690071959785,0.20851368493649858,1199.0,1005.0
18037850,Giani,Patparganj,True,400,5.993961427306569,3.5,3.436074831143048,3.3615612260845467,0.07451360505850113,1995.0,1712.0
307501,Zune - Piccadily Hotel,"Piccadily Hotel, Janakpuri",True,2000,7.601402334583733,2.6,2.9173494030198923,3.520103619964429,-0.6027542169445366,6347.0,5659.0
3362,361 Restaurant & Banquet,Pitampura,True,1100,7.00397413672268,3.4,3.3794183685371335,3.4611790920197736,-0.08176072348264007,4265.0,3878.0
18424879,6 Pack Momos,Pitampura,True,300,5.707110264748875,2.8,3.2823666205412048,3.3332690071959785,-0.05090238665477376,3750.0,3388.0
18363074,Amritsari Kulcha,Pitampura,True,100,4.61512051684126,3.1,3.3323119009491977,3.2255657205981403,0.10674618035105743,1737.0,1475.0
18386078,Bake Houz,Pitampura,True,300,5.707110264748875,3.0,3.324764731137877,3.3332690071959785,-0.008504276058101556,2985.0,2651.0
313146,Ben's Foods,Pitampura,True,350,5.860786223465865,3.2,3.3278022543156465,3.348426114537516,-0.02062386022186935,3193.0,2852.0
3967,Bobby Punjabi Rasoi,Pitampura,True,650,6.478509642208569,2.6,2.827237844137701,3.4093523663952126,-0.5821145222575117,6322.0,5638.0
18378050,Bromfy Public House,Pitampura,True,1600,7.3783837129967145,2.8,3.155428036188256,3.498107224335746,-0.34267918814749,5915.0,5350.0
309685,BTW,Pitampura,True,400,5.993961427306569,2.8,3.041183310270602,3.3615612260845467,-0.3203779158139448,5846.0,5297.0
8940,Chacha Shankar,Pitampura,True,650,6.478509642208569,3.2,3.295032445516763,3.4093523663952126,-0.11431992087844955,4729.0,4314.0
300672,Chaska,Pitampura,True,500,6.2166061010848646,3.2,3.2352977654776547,3.3835207391251902,-0.14822297364753556,5047.0,4610.0
313355,Chatore.e.e,Pitampura,True,400,5.993961427306569,3.2,3.2852015028770976,3.3615612260845467,-0.0763597232074491,4193.0,3812.0
2958,Chawla's Tandoori Xpress,Pitampura,True,600,6.398594934535208,2.5,2.8363913770186087,3.4014703540590903,-0.5650789770404816,6306.0,5625.0
304093,Chawla's Tandoori Xpress,Pitampura,True,600,6.398594934535208,3.2,3.2788567101096535,3.4014703540590903,-0.12261364394943675,4815.0,4394.0
6453,Chinese Hut,Pitampura,True,450,6.111467339502679,2.9,3.1028672545899765,3.3731508705500266,-0.2702836159600501,5691.0,5179.0
18456456,Culinaria,Pitampura,True,1000,6.90875477931522,3.3,3.342585266954364,3.4517875773465194,-0.10920231039215533,4663.0,4255.0
18306511,Deli Cake Cafe,Pitampura,True,250,5.5254529391317835,3.4,3.3708845213452134,3.3153520889822103,0.05553243236300309,2165.0,1869.0
214,Domino's Pizza,Pitampura,True,700,6.55250788703459,3.2,3.260758448773012,3.416650836170689,-0.15589238739767675,5102.0,4662.0
3892,Domino's Pizza,Pitampura,True,700,6.55250788703459,2.6,2.9229169364062058,3.416650836170689,-0.4937338997644831,6214.0,5554.0
300873,Dragon Hut,Pitampura,True,400,5.993961427306569,3.3,3.32076471694469,3.3615612260845467,-0.040796509139856774,3549.0,3196.0
307419,Frontier Restaurant,Pitampura,True,600,6.398594934535208,2.5,3.244866620541205,3.4014703540590903,-0.15660373351788515,5109.0,4669.0
5862,Giani's,Pitampura,True,400,5.993961427306569,3.1,3.2448533029447937,3.3615612260845467,-0.11670792313975298,4754.0,4336.0
18477957,Giani,Pitampura,True,400,5.993961427306569,2.9,3.3020460136419545,3.3615612260845467,-0.05951521244259217,3908.0,3537.0
18398575,Grand Bikaner,Pitampura,True,200,5.303304908059076,3.0,3.3187505694501387,3.2934415599652347,0.025309009484904,2515.0,2206.0
1123,Hill Chillz 26,Pitampura,True,150,5.017279836814924,3.1,3.2368058972256386,3.2652308187184387,-0.02842492149280007,3325.0,2980.0
313443,K's Town,Pitampura,True,500,6.2166061010848646,2.8,3.191485952903007,3.3835207391251902,-0.1920347862221834,5326.0,4871.0
306816,Laxmi Ice Cream Parlour,Pitampura,True,200,5.303304908059076,3.1,3.3018447663984833,3.2934415599652347,0.008403206433248656,2734.0,2410.0
312471,Make My Day,Pitampura,True,400,5.993961427306569,3.1,3.2663855506798307,3.3615612260845467,-0.09517567540471594,4469.0,4072.0
194,McDonald's,Pitampura,True,500,6.2166061010848646,3.3,3.323481595797266,3.3835207391251902,-0.06003914332792437,3922.0,3551.0
1959,Mikky Peshawari,Pitampura,True,600,6.398594934535208,2.8,3.075638068880689,3.4014703540590903,-0.32583228517840146,5865.0,5313.0
17977763,Moroca,Pitampura,True,350,5.860786223465865,3.2,3.2926566343788437,3.348426114537516,-0.05576948015867211,3845.0,3476.0
8941,New Punjabi Dhaba and Caterers,Pitampura,True,400,5.993961427306569,3.2,3.284233303980767,3.3615612260845467,-0.07732792210377948,4205.0,3822.0
308607,Pandey Chinese Hut,Pitampura,True,500,6.2166061010848646,2.7,3.0468753342424724,3.3835207391251902,-0.3366454048827179,5898.0,5335.0
313442,Pandey Chinese Hut,Pitampura,True,500,6.2166061010848646,2.7,3.269866620541205,3.3835207391251902,-0.11365411858398522,4722.0,4308.0
18358201,Peppers & Pipes,Pitampura,True,600,6.398594934535208,3.1,3.2923832929735544,3.4014703540590903,-0.1090870610855359,4659.0,4251.0
5392,Punjabi Zaika,Pitampura,True,400,5.993961427306569,3.3,3.315802080190613,3.3615612260845467,-0.045759145893933706,3669.0,3310.0
312334,Punjabi's Eating Hub,Pitampura,True,550,6.311734809152915,3.3,3.331406634378843,3.3929033130260597,-0.06149667864721664,3942.0,3571.0
18396440,Punjabian Di Shaan,Pitampura,True,500,6.2166061010848646,2.6,3.294576051892594,3.3835207391251902,-0.0889446872325963,4376.0,3985.0
3966,Puran Chand,Pitampura,True,750,6.621405651764134,2.6,2.9795106262918303,3.423446244016628,-0.4439356177247977,6137.0,5502.0
304389,Ram Chinese Food,Pitampura,True,400,5.993961427306569,2.9,3.281250530177715,3.3615612260845467,-0.0803106959068316,4239.0,3855.0
18175260,Rooftop,Pitampura,True,600,6.398594934535208,3.3,3.3344182294562668,3.4014703540590903,-0.0670521246028235,4039.0,3665.0
18057827,Ruchi's Food Junction,Pitampura,True,400,5.993961427306569,2.7,3.25986896053171,3.3615612260845467,-0.1016922655528365,4560.0,4161.0
8961,Sahni Veg & Non Veg,Pitampura,True,600,6.398594934535208,3.1,3.264167076670766,3.4014703540590903,-0.13730327738832404,4958.0,4526.0
312327,Shiv Chinese Chat Bhandar,Pitampura,True,400,5.993961427306569,3.1,3.2985892056501207,3.3615612260845467,-0.06297202043442596,3954.0,3583.0
306809,Shutup 'N' Eat,Pitampura,True,500,6.2166061010848646,3.2,3.235809327296171,3.3835207391251902,-0.14771141182901903,5040.0,4603.0
9792,Sindhi Chicken Corner,Pitampura,True,600,6.398594934535208,3.0,3.1334304709326157,3.4014703540590903,-0.26803988312647453,5681.0,5169.0
18218787,Smokshh The Lounge,Pitampura,True,600,6.398594934535208,3.4,3.367736902031182,3.4014703540590903,-0.03373345202790823,3426.0,3078.0
311512,Subway,Pitampura,True,500,6.2166061010848646,3.3,3.3199407202405355,3.3835207391251902,-0.0635800188846547,3960.0,3588.0
18421020,The Blessing Bliss,Pitampura,True,1000,6.90875477931522,3.4,3.365893296432964,3.4517875773465194,-0.08589428091355522,4339.0,3949.0
308364,The Butter Cup,Pitampura,True,400,5.993961427306569,3.0,3.307366620541205,3.3615612260845467,-0.054194605543341545,3817.0,3449.0
307276,The Cake Bucks,Pitampura,True,300,5.707110264748875,3.3,3.3187502294799063,3.3332690071959785,-0.01451877771607224,3086.0,2750.0
18350101,The Taste of Delhi,Pitampura,True,500,6.2166061010848646,3.3,3.3141950889847878,3.3835207391251902,-0.06932565014040248,4068.0,3694.0
18361220,The Taste,Pitampura,True,250,5.5254529391317835,3.0,3.324764731137877,3.3153520889822103,0.009412642155666617,2711.0,2387.0
311576,VadaPav 'n' Frankie,Pitampura,True,100,4.61512051684126,3.0,3.3187505694501387,3.2255657205981403,0.0931848488519984,1826.0,1561.0
300836,Vaishnav Chat & Caterers,Pitampura,True,300,5.707110264748875,3.3,3.3302714548229817,3.3332690071959785,-0.0029975523729968145,2905.0,2576.0
18265418,Yellowtail,Pitampura,True,600,6.398594934535208,3.1,3.2810666286809926,3.4014703540590903,-0.12040372537809763,4806.0,4385.0
18017253,Baker's Stop,Pitampura,True,350,5.860786223465865,3.7,3.557604422919229,3.348426114537516,0.20917830838171314,1192.0,999.0
300872,Bansal Sweets,Pitampura,True,100,4.61512051684126,3.9,3.7079466482164816,3.2255657205981403,0.4823809276183413,367.0,300.0
3333,Bharat Sweets,Pitampura,True,250,5.5254529391317835,3.5,3.402833743337433,3.3153520889822103,0.08748165435522282,1868.0,1599.0
6451,Dosa Corner,Pitampura,True,300,5.707110264748875,3.6,3.514172751762729,3.3332690071959785,0.1809037445667503,1341.0,1129.0
6454,Green Chick Chop,Pitampura,True,350,5.860786223465865,3.6,3.4958335961564746,3.348426114537516,0.14740748161895878,1484.0,1257.0
18476960,Greenvich,Pitampura,True,350,5.860786223465865,3.6,3.4630621432618813,3.348426114537516,0.11463602872436551,1687.0,1438.0
18398592,Hamburg To Hyderabad,Pitampura,True,300,5.707110264748875,3.9,3.6599333102706026,3.3332690071959785,0.32666430307462413,751.0,629.0
18265676,I Food You,Pitampura,True,600,6.398594934535208,3.9,3.7093087287255853,3.4014703540590903,0.307838374666495,806.0,675.0
3080,Kay's Chicken Corner,Pitampura,True,700,6.55250788703459,3.6,3.519819281252023,3.416650836170689,0.10316844508133416,1758.0,1494.0
313173,Lanche,Pitampura,True,600,6.398594934535208,3.7,3.589042407469529,3.4014703540590903,0.1875720534104386,1303.0,1094.0
18476896,Marshmallow Cakes & More,Pitampura,True,300,5.707110264748875,3.5,3.3764835720391098,3.3332690071959785,0.04321456484313124,2309.0,2009.0
306011,Om Corner,Pitampura,True,100,4.61512051684126,3.7,3.538797459908561,3.2255657205981403,0.3132317393104209,781.0,654.0
4683,Peshawari,Pitampura,True,500,6.2166061010848646,3.6,3.5047853964867777,3.3835207391251902,0.12126465736158742,1638.0,1395.0
18222572,Puri Bakers,Pitampura,True,300,5.707110264748875,3.9,3.67778951033312,3.3332690071959785,0.34452050313714144,697.0,585.0
18464054,Republic Of Food Lovers,Pitampura,True,400,5.993961427306569,3.6,3.439638562504046,3.3615612260845467,0.07807733641949932,1958.0,1682.0
8964,Sharma Bakers,Pitampura,True,200,5.303304908059076,3.5,3.411128423784237,3.2934415599652347,0.11768686381900251,1668.0,1420.0
18322667,Street Hawkers,Pitampura,True,350,5.860786223465865,3.5,3.4100312438309563,3.348426114537516,0.06160512929344053,2108.0,1816.0
311209,The Midnight Heroes,Pitampura,True,950,6.85751406254539,3.6,3.571524604556793,3.446733689602322,0.12479091495447125,1616.0,1375.0
6449,Tilak Munjal-R Panchkuian Samose Wale,Pitampura,True,100,4.61512051684126,3.5,3.450425379253792,3.2255657205981403,0.22485965865565172,1129.0,947.0
312763,Giri Momos Centre & Chinese Fast Food,Pitampura,True,300,5.707110264748875,2.4,2.795021447036504,3.3332690071959785,-0.5382475601594745,6275.0,5602.0
307444,Laalwala's,Pitampura,True,500,6.2166061010848646,2.4,2.942006171515203,3.3835207391251902,-0.4415145676099872,6131.0,5498.0
305398,Sagar Ratna,Pitampura,True,600,6.398594934535208,2.3,2.5861807263905967,3.4014703540590903,-0.8152896276684936,6462.0,5768.0
302815,Babu Shahi Bawarchi,Pragati Maidan,True,300,5.707110264748875,3.3,3.316862622485285,3.3332690071959785,-0.016406384710693445,3121.0,2785.0
305525,Cafe Lota,Pragati Maidan,True,1200,7.0909098220799835,4.5,4.475116061339659,3.4697535855565107,1.0053624757831479,22.0,20.0
313481,Bombay's Royal China,Prashant Vihar,True,600,6.398594934535208,3.2,3.312311071974356,3.4014703540590903,-0.08915928208473423,4378.0,3987.0
18359287,Chin China,Prashant Vihar,True,150,5.017279836814924,3.1,3.312285012936336,3.2652308187184387,0.04705419421789747,2266.0,1966.0
18199151,Cholkat,Prashant Vihar,True,500,6.2166061010848646,3.0,3.324764731137877,3.3835207391251902,-0.058756007987313286,3885.0,3514.0
311162,Deluxe Butter Omlette,Prashant Vihar,True,200,5.303304908059076,3.3,3.3405246895210885,3.2934415599652347,0.04708312955585381,2263.0,1963.0
18204823,Giani's,Prashant Vihar,True,400,5.993961427306569,3.0,3.282172635250942,3.3615612260845467,-0.0793885908336045,4230.0,3846.0
302465,Kanha Sweets,Prashant Vihar,True,150,5.017279836814924,2.8,3.170034667812431,3.2652308187184387,-0.09519615090600775,4471.0,4074.0
18359296,Liquid,Prashant Vihar,True,2400,7.783640596221253,3.2,3.3235421791717914,3.538077836077581,-0.21453565690578946,5457.0,4990.0
300925,Papa Chinese Veg Food,Prashant Vihar,True,350,5.860786223465865,2.8,3.2428283729558602,3.348426114537516,-0.10559774158165558,4623.0,4220.0
307026,Punjab To China,Prashant Vihar,True,550,6.311734809152915,3.2,3.3090078051515808,3.3929033130260597,-0.08389550787447897,4310.0,3921.0
18057816,Asia 21,Preet Vihar,True,1800,7.496097345175956,2.9,3.1279642345392524,3.5097173562874113,-0.3817531217481589,5998.0,5404.0
18303432,Barkat,Preet Vihar,True,800,6.68586094706836,3.4,3.3794183685371335,3.4298034897290544,-0.050385121191920845,3745.0,3383.0
3790,Bikanervala,Preet Vihar,True,500,6.2166061010848646,3.4,3.3816348519254418,3.3835207391251902,-0.0018858871997484705,2889.0,2561.0
2509,Chawla's,Preet Vihar,True,800,6.68586094706836,3.4,3.3870246236429753,3.4298034897290544,-0.04277886608607906,3593.0,3240.0
18238913,Cilantro Woodapple,Preet Vihar,True,800,6.68586094706836,3.0,3.301974223689605,3.4298034897290544,-0.12782926603944933,4875.0,4451.0
215,Domino's Pizza,Preet Vihar,True,700,6.55250788703459,2.8,2.9788909321212413,3.416650836170689,-0.43775990404944753,6126.0,5493.0
3793,Giani's,Preet Vihar,True,400,5.993961427306569,3.2,3.274125307503075,3.3615612260845467,-0.08743591858147148,4356.0,3965.0
18244250,Gopala,Preet Vihar,True,250,5.5254529391317835,2.9,3.3020460136419545,3.3153520889822103,-0.013306075340255852,3054.0,2718.0
18372294,Green Chick Chop,Preet Vihar,True,350,5.860786223465865,3.0,3.324764731137877,3.348426114537516,-0.023661383399638858,3237.0,2895.0
6261,Gupta Chat Corner,Preet Vihar,True,300,5.707110264748875,3.3,3.326172195315703,3.3332690071959785,-0.007096811880275666,2964.0,2630.0
18376484,Kake Da Hotel,Preet Vihar,True,600,6.398594934535208,2.7,3.1986332929735544,3.4014703540590903,-0.2028370610855359,5397.0,4936.0
468,Karim's,Preet Vihar,True,700,6.55250788703459,2.5,2.8136280507541915,3.416650836170689,-0.6030227854164973,6348.0,5660.0
8276,Katyal Pure Vegetarian,Preet Vihar,True,300,5.707110264748875,3.0,3.2917378093272456,3.3332690071959785,-0.04153119786873294,3562.0,3209.0
6120,Kunal Dhaba,Preet Vihar,True,150,5.017279836814924,3.2,3.310634787318022,3.2652308187184387,0.04540396859958351,2280.0,1980.0
18252395,Midnight Hunger,Preet Vihar,True,400,5.993961427306569,3.1,3.312285012936336,3.3615612260845467,-0.04927621314821051,3727.0,3365.0
18180073,Moon Bite,Preet Vihar,True,300,5.707110264748875,3.1,3.1544802245588826,3.3332690071959785,-0.17878878263709597,5254.0,4802.0
18441678,Nirula's Ice Cream,Preet Vihar,True,250,5.5254529391317835,3.0,3.3187505694501387,3.3153520889822103,0.0033984804679283442,2795.0,2471.0
18400762,Pash!,Preet Vihar,True,200,5.303304908059076,3.1,3.323864195460136,3.2934415599652347,0.030422635494901318,2456.0,2150.0
306492,Rashi's De La Creme,Preet Vihar,True,350,5.860786223465865,3.1,3.319866620541205,3.348426114537516,-0.02855949399631097,3329.0,2984.0
8488,Rupa Dairy,Preet Vihar,True,200,5.303304908059076,2.9,3.3020460136419545,3.2934415599652347,0.008604453676719803,2722.0,2398.0
310536,Sandy's Punjabi Rasoi,Preet Vihar,True,500,6.2166061010848646,3.2,3.3015415171274998,3.3835207391251902,-0.08197922199769048,4270.0,3883.0
308360,Shree Rathnam,Preet Vihar,True,800,6.68586094706836,3.3,3.314779592648867,3.4298034897290544,-0.11502389708018734,4740.0,4324.0
18017248,Tandoori Planet,Preet Vihar,True,250,5.5254529391317835,3.4,3.3705250709914503,3.3153520889822103,0.055172982009239924,2168.0,1871.0
312855,Tandoori Tadka,Preet Vihar,True,450,6.111467339502679,3.3,3.3380686477319315,3.3731508705500266,-0.03508222281809514,3442.0,3093.0
18463971,Urban Owl,Preet Vihar,True,500,6.2166061010848646,3.1,3.3160093114089033,3.3835207391251902,-0.06751142771628693,4043.0,3669.0
8600,4th Street Cafe,Preet Vihar,True,500,6.2166061010848646,3.5,3.462435725517049,3.3835207391251902,0.07891498639185857,1949.0,1674.0
18380143,Late Lateefe,Preet Vihar,True,600,6.398594934535208,3.5,3.4216401155947036,3.4014703540590903,0.02016976153561334,2587.0,2273.0
18254520,Mr. Brown,Preet Vihar,True,500,6.2166061010848646,3.7,3.527399300508156,3.3835207391251902,0.14387856138296584,1514.0,1283.0
18222554,The Riding Guns Cafe,Preet Vihar,True,850,6.7464121285733745,3.6,3.5182049043644796,3.435775671489889,0.08242923287459059,1913.0,1641.0
310896,The Chinese Hut,Preet Vihar,True,550,6.311734809152915,2.4,2.8199327094622295,3.3929033130260597,-0.5729706035638302,6314.0,5631.0
5446,Linx - Premier Inn,"Premier Inn, Shalimar Bagh",True,2000,7.601402334583733,3.0,3.2125003796334255,3.520103619964429,-0.3076032403310034,5807.0,5269.0
5448,The 87 - Premier Inn,"Premier Inn, Shalimar Bagh",True,2200,7.696667081526462,3.1,3.283769115676231,3.529499611421586,-0.245730495745355,5596.0,5107.0
18408062,Stallion - Pride Plaza Hotel,"Pride Plaza Hotel, Aerocity",True,2500,7.824445930877619,3.1,3.319866620541205,3.542102478856175,-0.22223585831497017,5497.0,5024.0
18369301,Aditya's Kulcha Express,Punjabi Bagh,True,250,5.5254529391317835,3.3,3.337500458959813,3.3153520889822103,0.022148369977602833,2570.0,2257.0
309383,Allterian By Chanson,Punjabi Bagh,True,1300,7.170888478512505,3.4,3.3873678875677644,3.477641905178529,-0.09027401761076437,4393.0,4000.0
310801,Amuse Lounge,Punjabi Bagh,True,800,6.68586094706836,3.3,3.325638068880689,3.4298034897290544,-0.10416542084836555,4593.0,4191.0
495,Bikanervala,Punjabi Bagh,True,550,6.311734809152915,3.2,3.2416434311815028,3.3929033130260597,-0.15125988184455696,5068.0,4629.0
18241532,Cakes Dot Com,Punjabi Bagh,True,300,5.707110264748875,3.2,3.3015415171274998,3.3332690071959785,-0.03172749006847875,3396.0,3049.0
18445783,Chez Papillons by Bonjour Chocolates,Punjabi Bagh,True,800,6.68586094706836,3.3,3.342585266954364,3.4298034897290544,-0.08721822277469027,4354.0,3963.0
18352179,Chicago Pizza,Punjabi Bagh,True,600,6.398594934535208,2.6,3.223941199157754,3.4014703540590903,-0.17752915490133647,5243.0,4791.0
309309,Choco Doux,Punjabi Bagh,True,500,6.2166061010848646,3.1,3.3160093114089033,3.3835207391251902,-0.06751142771628693,4043.0,3669.0
8272,Cocoberry,Punjabi Bagh,True,300,5.707110264748875,3.2,3.2748740479829035,3.3332690071959785,-0.058394959213075026,3881.0,3510.0
1998,Curries N More,Punjabi Bagh,True,800,6.68586094706836,3.2,3.3001693344636145,3.4298034897290544,-0.12963415526543987,4891.0,4465.0
1120,Dili's Chawla Chik Inn,Punjabi Bagh,True,650,6.478509642208569,3.1,3.230984369684122,3.4093523663952126,-0.17836799671109071,5251.0,4799.0
18369772,Dimsum Vs Sushi,Punjabi Bagh,True,800,6.68586094706836,3.4,3.3672949417850337,3.4298034897290544,-0.06250854794402061,3950.0,3579.0
216,Domino's Pizza,Punjabi Bagh,True,700,6.55250788703459,3.2,3.2460405636665066,3.416650836170689,-0.17061027250418226,5210.0,4760.0
303051,Everest Momos & Chinese Fast Food,Punjabi Bagh,True,350,5.860786223465865,3.2,3.312311071974356,3.348426114537516,-0.03611504256315978,3459.0,3110.0
6905,Food Plaza,Punjabi Bagh,True,500,6.2166061010848646,3.2,3.302951815976493,3.3835207391251902,-0.08056892314869746,4244.0,3860.0
307551,Giani,Punjabi Bagh,True,400,5.993961427306569,3.4,3.372238729654738,3.3615612260845467,0.01067750357019115,2699.0,2378.0
306267,Grillz & Gravy,Punjabi Bagh,True,600,6.398594934535208,3.3,3.3237031202859195,3.4014703540590903,-0.07776723377317074,4210.0,3827.0
306170,Kabab,Punjabi Bagh,True,600,6.398594934535208,3.2,3.302951815976493,3.4014703540590903,-0.09851853808259747,4518.0,4120.0
3972,Khalsa,Punjabi Bagh,True,550,6.311734809152915,2.7,3.0068512572144948,3.3929033130260597,-0.386052055811565,6011.0,5412.0
2951,Kumar Pastry Shop,Punjabi Bagh,True,300,5.707110264748875,3.3,3.3259023788691486,3.3332690071959785,-0.007366628326829883,2968.0,2634.0
308242,Little Chef,Punjabi Bagh,True,600,6.398594934535208,3.4,3.386511473165579,3.4014703540590903,-0.01495888089351105,3091.0,2755.0
18153553,Mafia 2.0,Punjabi Bagh,True,1300,7.170888478512505,3.4,3.3903341325923377,3.477641905178529,-0.08730777258619105,4355.0,3964.0
311025,Makhni's,Punjabi Bagh,True,500,6.2166061010848646,2.7,2.9512797696874604,3.3835207391251902,-0.4322409694377298,6115.0,5485.0
309578,Moksha,Punjabi Bagh,True,600,6.398594934535208,3.2,3.2719663179641505,3.4014703540590903,-0.12950403609493977,4890.0,4464.0
476,Moti Mahal Delux,Punjabi Bagh,True,1200,7.0909098220799835,2.5,2.8505254684899786,3.4697535855565107,-0.6192281170665321,6364.0,5673.0
310359,Pudding & Pie,Punjabi Bagh,True,450,6.111467339502679,3.0,3.2264806677672038,3.3731508705500266,-0.14667020278282283,5037.0,4600.0
1308,Republic of Chicken,Punjabi Bagh,True,400,5.993961427306569,3.1,3.2923832929735544,3.3615612260845467,-0.0691779331109923,4066.0,3692.0
301657,Shree Rathnam,Punjabi Bagh,True,800,6.68586094706836,3.4,3.3850783171894214,3.4298034897290544,-0.04472517253963293,3644.0,3286.0
309188,Soo Yung by the backyard,Punjabi Bagh,True,1200,7.0909098220799835,3.4,3.3820491033857705,3.4697535855565107,-0.08770448217074023,4359.0,3968.0
8801,Subway,Punjabi Bagh,True,500,6.2166061010848646,2.6,2.7704283831032757,3.3835207391251902,-0.6130923560219146,6359.0,5670.0
1986,The Cake Shop,Punjabi Bagh,True,150,5.017279836814924,3.3,3.3276102280253568,3.2652308187184387,0.0623794093069181,2099.0,1807.0
304212,The Night Shift,Punjabi Bagh,True,800,6.68586094706836,3.1,3.181003491778339,3.4298034897290544,-0.2487999979507154,5614.0,5122.0
18288046,The Night Walkers,Punjabi Bagh,True,500,6.2166061010848646,3.4,3.364366130601604,3.3835207391251902,-0.01915460852358608,3158.0,2819.0
18082238,The Submarine Lounge,Punjabi Bagh,True,1800,7.496097345175956,3.4,3.38788086675283,3.5097173562874113,-0.12183648953458137,4813.0,4392.0
18228854,Tikka Junction,Punjabi Bagh,True,750,6.621405651764134,3.4,3.3685859309250983,3.423446244016628,-0.05486031309152972,3833.0,3464.0
303105,Twenty Four Seven,Punjabi Bagh,True,300,5.707110264748875,3.2,3.3015415171274998,3.3332690071959785,-0.03172749006847875,3396.0,3049.0
308067,WTF - Wraps Toast Fries,Punjabi Bagh,True,450,6.111467339502679,3.2,3.2661833102706024,3.3731508705500266,-0.10696756027942422,4637.0,4232.0
18420452,Food Scouts,Punjabi Bagh,True,700,6.55250788703459,4.6,4.04375027954825,3.416650836170689,0.6270994433775607,190.0,149.0
1054,Alkakori,Punjabi Bagh,True,850,6.7464121285733745,3.6,3.550658019232014,3.435775671489889,0.11488234774212502,1684.0,1435.0
312634,Arabian Delites,Punjabi Bagh,True,600,6.398594934535208,3.6,3.4958335961564746,3.4014703540590903,0.09436324209738434,1818.0,1553.0
3516,Blue Water Grille,Punjabi Bagh,True,700,6.55250788703459,3.5,3.468176990176015,3.416650836170689,0.05152615400532623,2208.0,1908.0
5595,Cafe Coffee Day,Punjabi Bagh,True,450,6.111467339502679,3.6,3.486098418227173,3.3731508705500266,0.11294754767714643,1696.0,1446.0
18232108,Dí_ner Grill,Punjabi Bagh,True,900,6.803505257608338,3.9,3.6831655705669957,3.4414067844659977,0.241758786100998,1058.0,885.0
18358681,Drinks At Stake - Bar Exchange,Punjabi Bagh,True,1200,7.0909098220799835,3.8,3.648362281036603,3.4697535855565107,0.17860869548009228,1351.0,1136.0
18418237,Ghungroo Club & Bar - By Gautam Gambhir,Punjabi Bagh,True,1500,7.313886831633462,3.8,3.6836641838640607,3.4917458769774545,0.19191830688660616,1286.0,1079.0
9230,Gupta Chat Corner,Punjabi Bagh,True,300,5.707110264748875,3.7,3.5821553844848792,3.3332690071959785,0.24888637728890073,1029.0,857.0
6901,Gupta Sweets & Namkeen,Punjabi Bagh,True,150,5.017279836814924,3.5,3.414265067650676,3.2652308187184387,0.14903424893223738,1473.0,1246.0
18403003,hug!,Punjabi Bagh,True,300,5.707110264748875,3.5,3.392831334563345,3.3332690071959785,0.05956232736736666,2120.0,1827.0
311421,Lucky's Bakery and Patisserie,Punjabi Bagh,True,400,5.993961427306569,3.9,3.705163266306576,3.3615612260845467,0.34360204022202945,703.0,589.0
176,McDonald's,Punjabi Bagh,True,500,6.2166061010848646,3.7,3.610065951317408,3.3835207391251902,0.2265452121922178,1120.0,938.0
1992,Mughal Darbar,Punjabi Bagh,True,650,6.478509642208569,3.5,3.4633795515090826,3.4093523663952126,0.05402718511387006,2180.0,1881.0
18287382,Nutritious Nation,Punjabi Bagh,True,900,6.803505257608338,3.6,3.49214628982573,3.4414067844659977,0.05073950535973237,2224.0,1924.0
18294251,Paapi Paet,Punjabi Bagh,True,550,6.311734809152915,3.6,3.4958335961564746,3.3929033130260597,0.10293028313041486,1759.0,1495.0
18291260,The Derby Cookhouse,Punjabi Bagh,True,1800,7.496097345175956,3.6,3.473047195315703,3.5097173562874113,-0.03667016097170839,3475.0,3126.0
311836,The Midnight Heroes,Punjabi Bagh,True,950,6.85751406254539,3.6,3.5516370267869344,3.446733689602322,0.10490333718461242,1748.0,1484.0
18198459,World Art Dining - Brew House,Punjabi Bagh,True,1900,7.550135342488429,3.8,3.6706619455900436,3.5150471406767525,0.15561480491329105,1446.0,1221.0
18224547,Yo! China,Punjabi Bagh,True,1200,7.0909098220799835,3.6,3.5307530156267473,3.4697535855565107,0.06099943007023656,2111.0,1819.0
307911,Bake Me A Cake,Punjabi Bagh,True,750,6.621405651764134,4.0,3.837819034440344,3.423446244016628,0.414372790423716,515.0,423.0
18287876,Bakerz Lodge,Punjabi Bagh,True,250,5.5254529391317835,4.1,3.852111694258834,3.3153520889822103,0.5367596052766235,298.0,242.0
18375379,Hawalat Lounge & Bar,Punjabi Bagh,True,1000,6.90875477931522,4.0,3.8183573185731854,3.4517875773465194,0.36656974122666597,630.0,528.0
7167,Al Bake,PVR Anupam Complex,True,500,6.2166061010848646,3.2,3.235637167068786,3.3835207391251902,-0.14788357205640423,5044.0,4607.0
219,Domino's Pizza,PVR Anupam Complex,True,700,6.55250788703459,2.5,2.6381209627493623,3.416650836170689,-0.7785298734213266,6448.0,5754.0
572,Madhuban,PVR Anupam Complex,True,850,6.7464121285733745,3.1,3.1615626537515373,3.435775671489889,-0.2742130177383517,5701.0,5188.0
302381,Pind Balluchi,PVR Anupam Complex,True,1300,7.170888478512505,2.8,2.8906460763433133,3.477641905178529,-0.5869958288352155,6328.0,5643.0
309232,Subway,PVR Anupam Complex,True,500,6.2166061010848646,3.2,3.245198358233582,3.3835207391251902,-0.1383223808916081,4965.0,4533.0
18303828,Burger King,PVR Anupam Complex,True,500,6.2166061010848646,3.6,3.5261365500018633,3.3835207391251902,0.14261581087667308,1521.0,1289.0
2222,Lebanese Point,PVR Anupam Complex,True,450,6.111467339502679,3.7,3.6371784218761305,3.3731508705500266,0.2640275513261039,974.0,808.0
175,McDonald's,PVR Anupam Complex,True,500,6.2166061010848646,3.6,3.5545243684712964,3.3835207391251902,0.17100362934610613,1378.0,1161.0
18400733,Nukkadwala,PVR Anupam Complex,True,300,5.707110264748875,3.8,3.6282228964867773,3.3332690071959785,0.2949538892907988,860.0,713.0
18303724,The Bunk House,PVR Anupam Complex,True,1500,7.313886831633462,3.9,3.714569177588327,3.4917458769774545,0.22282330061087263,1138.0,954.0
731,The Kathis,PVR Anupam Complex,True,300,5.707110264748875,2.4,2.6950160174070095,3.3332690071959785,-0.638252989788969,6378.0,5686.0
18219522,Locale,PVR Anupam Complex,True,1400,7.244941546337007,4.4,4.259597078552753,3.4849457821633028,0.7746512963894503,97.0,81.0
18219554,The Coffee Shop,PVR Anupam Complex,True,1200,7.0909098220799835,4.4,4.262966748667487,3.4697535855565107,0.793213163110976,81.0,66.0
7797,Chakhna Food Point,Qutab Institutional Area,True,250,5.5254529391317835,2.9,3.3020460136419545,3.3153520889822103,-0.013306075340255852,3054.0,2718.0
18352263,Da Pizza Corner,Qutab Institutional Area,True,600,6.398594934535208,2.9,3.317217561326556,3.4014703540590903,-0.08425279273253405,4316.0,3927.0
18312571,Parashar's,Qutab Institutional Area,True,250,5.5254529391317835,2.9,3.317217561326556,3.3153520889822103,0.0018654723443458643,2821.0,2496.0
307171,Abdul Muradabadi Chicken,R K Puram,True,350,5.860786223465865,2.9,3.2685421791717912,3.348426114537516,-0.07988393536572458,4235.0,3851.0
300271,Anupam Sweets,R K Puram,True,100,4.61512051684126,2.5,3.1320080416713254,3.2255657205981403,-0.09355767892681488,4453.0,4056.0
345,Colonel's Kababz,R K Puram,True,900,6.803505257608338,3.2,3.263901127157823,3.4414067844659977,-0.17750565730817458,5242.0,4790.0
307865,Green Chick Chop,R K Puram,True,350,5.860786223465865,3.0,3.2917378093272456,3.348426114537516,-0.05668830521027024,3855.0,3486.0
307168,Jasmine Fast Food Centre,R K Puram,True,200,5.303304908059076,2.9,3.2685421791717912,3.2934415599652347,-0.02489938079344345,3265.0,2922.0
1859,Khalsa Restaurant,R K Puram,True,600,6.398594934535208,2.9,3.046440600995414,3.4014703540590903,-0.35502975306367635,5942.0,5370.0
301229,Kitchen King,R K Puram,True,450,6.111467339502679,2.6,2.960907164218701,3.3731508705500266,-0.41224370633132557,6067.0,5449.0
307169,Laxmi Corner,R K Puram,True,150,5.017279836814924,3.0,3.3187505694501387,3.2652308187184387,0.05351975073170001,2184.0,1885.0
306291,Nazeer Delicacies,R K Puram,True,650,6.478509642208569,3.3,3.3118515601429594,3.4093523663952126,-0.0975008062522531,4503.0,4106.0
18428880,Vdesi,R K Puram,True,400,5.993961427306569,3.1,3.3280098287093978,3.3615612260845467,-0.033551397375148895,3423.0,3075.0
3381,Alkakori Alkauser,R K Puram,True,800,6.68586094706836,3.7,3.674797242994554,3.4298034897290544,0.24499375326549977,1045.0,873.0
8853,Mathew's Cafe,R K Puram,True,200,5.303304908059076,3.7,3.6132615774127284,3.2934415599652347,0.31982001744749367,765.0,640.0
301154,Supreme Bakery,R K Puram,True,250,5.5254529391317835,3.9,3.7888947551665595,3.3153520889822103,0.47354266618434915,387.0,315.0
309365,The Midnight Heroes,R K Puram,True,950,6.85751406254539,3.6,3.5754284894159425,3.446733689602322,0.12869479981362053,1595.0,1356.0
301227,"Ada ""e"" Haandi's",R K Puram,True,750,6.621405651764134,2.4,2.9900320348140186,3.423446244016628,-0.4334142092026094,6118.0,5488.0
7060,Karnataka Food Centre,R K Puram,True,400,5.993961427306569,4.1,4.060551108333664,3.3615612260845467,0.6989898822491174,134.0,108.0
613,Cafe Coffee Day,Race Course,True,450,6.111467339502679,2.9,3.281250530177715,3.3731508705500266,-0.09190034037231154,4422.0,4027.0
3549,Savannah Bar - Radisson Blu Plaza Delhi,"Radisson Blu Plaza Delhi, Mahipalpur",True,2500,7.824445930877619,3.3,3.3344182294562668,3.542102478856175,-0.20768424939990826,5430.0,4967.0
302282,Neung Roi - Radisson Blu Plaza Delhi,"Radisson Blu Plaza Delhi, Mahipalpur",True,3000,8.006700845440367,4.5,4.336373635902056,3.560078337452493,0.7762952984495635,94.0,78.0
3546,R The Lounge - Radisson Blu Plaza Delhi,"Radisson Blu Plaza Delhi, Mahipalpur",True,1000,6.90875477931522,3.7,3.491616228662286,3.4517875773465194,0.03982865131576663,2341.0,2041.0
302283,The Pastry Shop - Radisson Blu Plaza Delhi,"Radisson Blu Plaza Delhi, Mahipalpur",True,1000,6.90875477931522,3.6,3.4375004100040996,3.4517875773465194,-0.01428716734241986,3076.0,2740.0
3545,NYC - Radisson Blu Plaza Delhi,"Radisson Blu Plaza Delhi, Mahipalpur",True,3000,8.006700845440367,4.4,4.258825633929416,3.560078337452493,0.6987472964769235,135.0,109.0
3547,The Great Kabab Factory - Radisson Blu Plaza Delhi,"Radisson Blu Plaza Delhi, Mahipalpur",True,3000,8.006700845440367,4.2,4.128420879088309,3.560078337452493,0.5683425416358161,259.0,206.0
4490,Cup Cakes - Radisson Blu,"Radisson Blu, Paschim Vihar",True,2000,7.601402334583733,3.1,3.238343042138286,3.520103619964429,-0.2817605778261427,5723.0,5206.0
4488,Oro The Bar - Radisson Blu,"Radisson Blu, Paschim Vihar",True,2500,7.824445930877619,3.3,3.3295591852977346,3.542102478856175,-0.21254329355844037,5451.0,4986.0
186,McDonald's,Rajendra Place,True,500,6.2166061010848646,3.4,3.382946648216482,3.3835207391251902,-0.0005740909087084134,2861.0,2535.0
3124,Mughal Mahal,Rajendra Place,True,1100,7.00397413672268,3.2,3.2274538175937315,3.4611790920197736,-0.23372527442604207,5544.0,5066.0
18057792,Imly,Rajendra Place,True,700,6.55250788703459,3.9,3.8824723147003306,3.416650836170689,0.46582147852964173,405.0,328.0
1641,Lanterns Kitchen & Bar,Rajendra Place,True,1200,7.0909098220799835,3.8,3.780559266799564,3.4697535855565107,0.3108056812430533,793.0,664.0
7242,27 China Street,Rajinder Nagar,True,450,6.111467339502679,3.4,3.3809002460024593,3.3731508705500266,0.007749375452432705,2751.0,2427.0
312920,Ada'e Handi,Rajinder Nagar,True,600,6.398594934535208,2.5,3.0214066343788435,3.4014703540590903,-0.38006371968024677,5994.0,5402.0
308051,Alkauser,Rajinder Nagar,True,850,6.7464121285733745,3.4,3.377687203273902,3.435775671489889,-0.05808846821598701,3876.0,3506.0
3135,Barbeque Creation By Kadhai Tadka,Rajinder Nagar,True,800,6.68586094706836,2.5,2.828445124018169,3.4298034897290544,-0.6013583657108854,6345.0,5657.0
693,Baskin Robbins,Rajinder Nagar,True,300,5.707110264748875,3.3,3.331018898151944,3.3332690071959785,-0.002250109044034332,2892.0,2563.0
7399,Bikaner Sweets Corner,Rajinder Nagar,True,150,5.017279836814924,2.8,3.2502088458384577,3.2652308187184387,-0.015021972879980972,3092.0,2756.0
18375392,Biryaniwala,Rajinder Nagar,True,450,6.111467339502679,2.6,3.090833743337433,3.3731508705500266,-0.2823171272125937,5725.0,5207.0
5527,Cafe Coffee Day,Rajinder Nagar,True,450,6.111467339502679,2.9,3.1571224505849704,3.3731508705500266,-0.21602841996505617,5466.0,4998.0
7407,Chinese Corner,Rajinder Nagar,True,350,5.860786223465865,2.6,3.0719555224398394,3.348426114537516,-0.27647059209767644,5708.0,5192.0
18279476,Choice Corner,Rajinder Nagar,True,120,4.795790545596741,3.0,3.3129551045510452,3.243385261417069,0.0695698431339764,2036.0,1751.0
18294260,Chowringhee,Rajinder Nagar,True,600,6.398594934535208,2.7,3.2909727916723606,3.4014703540590903,-0.1104975623867297,4685.0,4276.0
7409,Darshan Dhaba,Rajinder Nagar,True,100,4.61512051684126,2.7,3.190962011543192,3.2255657205981403,-0.03460370905494825,3435.0,3087.0
8912,Domino's Pizza,Rajinder Nagar,True,700,6.55250788703459,2.9,3.0316222068470684,3.416650836170689,-0.3850286293236205,6010.0,5411.0
18224550,Durga Dhaba,Rajinder Nagar,True,200,5.303304908059076,2.9,3.3020460136419545,3.2934415599652347,0.008604453676719803,2722.0,2398.0
18363093,Flashback Midnight Hunger,Rajinder Nagar,True,600,6.398594934535208,3.4,3.3758841489930047,3.4014703540590903,-0.025586205066085554,3274.0,2930.0
307511,Flavours of Punjab,Rajinder Nagar,True,750,6.621405651764134,2.5,2.694918367992091,3.423446244016628,-0.7285278760245371,6428.0,5734.0
18369767,Flirty Momo's,Rajinder Nagar,True,350,5.860786223465865,3.1,3.3018447663984833,3.348426114537516,-0.046581348139032475,3685.0,3326.0
17977795,Food Factory,Rajinder Nagar,True,500,6.2166061010848646,3.0,3.2732147738144044,3.3835207391251902,-0.11030596531078585,4681.0,4272.0
18455210,Foodies Joint,Rajinder Nagar,True,300,5.707110264748875,3.4,3.3653989963812676,3.3332690071959785,0.03212998918528909,2426.0,2120.0
313258,Fresh Meat CO,Rajinder Nagar,True,300,5.707110264748875,2.9,3.317217561326556,3.3332690071959785,-0.01605144586942231,3105.0,2769.0
7452,Friends Restaurant,Rajinder Nagar,True,300,5.707110264748875,2.8,2.962726088857274,3.3332690071959785,-0.37054291833870456,5975.0,5391.0
7373,Giani,Rajinder Nagar,True,300,5.707110264748875,3.3,3.328230682587724,3.3332690071959785,-0.005038324608254374,2923.0,2592.0
309445,Green Chick Chop,Rajinder Nagar,True,350,5.860786223465865,3.2,3.312311071974356,3.348426114537516,-0.03611504256315978,3459.0,3110.0
18468651,Havmor Ice Cream,Rajinder Nagar,True,200,5.303304908059076,2.8,3.2823666205412048,3.2934415599652347,-0.011074939424029928,3024.0,2689.0
8671,Hot Pot,Rajinder Nagar,True,300,5.707110264748875,2.5,2.7607033171894217,3.3332690071959785,-0.5725656900065568,6312.0,5630.0
308049,Hyderabadi Biryani Parlour,Rajinder Nagar,True,300,5.707110264748875,2.9,3.09228287608963,3.3332690071959785,-0.24098613110634837,5576.0,5091.0
307519,iGNiTE,Rajinder Nagar,True,650,6.478509642208569,3.0,3.108254910379292,3.4093523663952126,-0.30109745601592053,5784.0,5252.0
18034082,Just Cakez,Rajinder Nagar,True,500,6.2166061010848646,3.2,3.334773286369227,3.3835207391251902,-0.04874745275596304,3715.0,3356.0
18237343,Kay's Bar-Be-Que,Rajinder Nagar,True,400,5.993961427306569,3.0,3.3129551045510452,3.3615612260845467,-0.04860612153350141,3709.0,3350.0
8658,Kolkata Kathi Roll,Rajinder Nagar,True,100,4.61512051684126,2.6,3.104281243154897,3.2255657205981403,-0.12128447744324333,4810.0,4389.0
307702,Madras Cafe,Rajinder Nagar,True,350,5.860786223465865,2.7,3.109135009619327,3.348426114537516,-0.23929110491818895,5573.0,5088.0
300300,Mama's Chinese Kitchen,Rajinder Nagar,True,750,6.621405651764134,3.0,3.160864773367359,3.423446244016628,-0.26258147064926884,5663.0,5156.0
3131,Mama's Nu Khana Khazana,Rajinder Nagar,True,900,6.803505257608338,2.6,2.7688648199555392,3.4414067844659977,-0.6725419645104584,6401.0,5707.0
18446480,Marathi Katta,Rajinder Nagar,True,250,5.5254529391317835,2.7,3.231875512505125,3.3153520889822103,-0.08347657647708528,4304.0,3915.0
311383,Mitra Da Dhaba,Rajinder Nagar,True,350,5.860786223465865,2.8,3.05973587259911,3.348426114537516,-0.28869024193840565,5746.0,5223.0
2751,Moti Mahal Delux - Kebab Trail,Rajinder Nagar,True,1000,6.90875477931522,3.2,3.2490896076179308,3.4517875773465194,-0.20269796972858867,5396.0,4935.0
18395392,Nirula's Ice Cream,Rajinder Nagar,True,250,5.5254529391317835,2.9,3.2747886567848727,3.3153520889822103,-0.0405634321973376,3544.0,3191.0
306067,Oberoi Biryani,Rajinder Nagar,True,600,6.398594934535208,2.6,2.800068101903845,3.4014703540590903,-0.6014022521552453,6346.0,5658.0
8688,Pappu Ka Dhaba,Rajinder Nagar,True,300,5.707110264748875,3.1,3.2663855506798307,3.3332690071959785,-0.0668834565161478,4036.0,3662.0
7306,Peshawar Sweets Shop,Rajinder Nagar,True,150,5.017279836814924,3.4,3.381347896486777,3.2652308187184387,0.11611707776833846,1673.0,1425.0
18277238,Piyu Kitchen,Rajinder Nagar,True,800,6.68586094706836,3.2,3.3195569475856046,3.4298034897290544,-0.11024654214344976,4680.0,4271.0
18107869,Posh Spice,Rajinder Nagar,True,300,5.707110264748875,3.0,3.282172635250942,3.3332690071959785,-0.051096371945036356,3754.0,3392.0
7442,Prince Chicken & Mutton Shop,Rajinder Nagar,True,600,6.398594934535208,2.6,3.11848634859588,3.4014703540590903,-0.28298400546321023,5729.0,5211.0
7448,Punjab Chicken & Bar-Be-Que,Rajinder Nagar,True,600,6.398594934535208,2.9,3.309491310190879,3.4014703540590903,-0.0919790438682111,4424.0,4028.0
307075,Republic of Chicken,Rajinder Nagar,True,400,5.993961427306569,2.8,3.129421106711067,3.3615612260845467,-0.23214011937347978,5536.0,5058.0
305392,Sagar Ratna,Rajinder Nagar,True,600,6.398594934535208,2.7,2.8888315429012277,3.4014703540590903,-0.5126388111578626,6240.0,5576.0
18248991,Sardar A Pure Meat Shop,Rajinder Nagar,True,300,5.707110264748875,3.0,3.307366620541205,3.3332690071959785,-0.0259023866547734,3282.0,2938.0
18420444,Shama Chicken Corner,Rajinder Nagar,True,300,5.707110264748875,3.0,3.324764731137877,3.3332690071959785,-0.008504276058101556,2985.0,2651.0
311787,Shawarma King's,Rajinder Nagar,True,250,5.5254529391317835,3.1,3.319866620541205,3.3153520889822103,0.004514531558994506,2786.0,2462.0
8660,Sindh Sweet Corner,Rajinder Nagar,True,200,5.303304908059076,2.7,3.1494722640888377,3.2934415599652347,-0.14396929587639695,5019.0,4583.0
18282048,Singh Tawa Corner,Rajinder Nagar,True,600,6.398594934535208,2.6,3.223941199157754,3.4014703540590903,-0.17752915490133647,5243.0,4791.0
8666,Singh's Kitchen,Rajinder Nagar,True,400,5.993961427306569,2.7,2.939943840227876,3.3615612260845467,-0.4216173858566705,6088.0,5466.0
8667,South Indian Cafe,Rajinder Nagar,True,250,5.5254529391317835,2.7,3.176306429109067,3.3153520889822103,-0.13904565987314355,4971.0,4539.0
7441,Subway,Rajinder Nagar,True,500,6.2166061010848646,3.4,3.3881220435338677,3.3835207391251902,0.0046013044086774535,2785.0,2461.0
3132,Swaad Bar-Be-Que,Rajinder Nagar,True,600,6.398594934535208,3.2,3.297533299346151,3.4014703540590903,-0.10393705471293924,4591.0,4189.0
7342,Tadak Punjabi,Rajinder Nagar,True,300,5.707110264748875,2.7,3.0545836750034168,3.3332690071959785,-0.27868533219256175,5713.0,5196.0
301242,Tandoori Delights,Rajinder Nagar,True,500,6.2166061010848646,2.5,2.9686801207899713,3.3835207391251902,-0.4148406183352189,6072.0,5453.0
18429387,The Culinary Pitaara,Rajinder Nagar,True,900,6.803505257608338,2.8,3.2823666205412048,3.4414067844659977,-0.15904016392479292,5127.0,4687.0
18453448,The Grill Cafe,Rajinder Nagar,True,250,5.5254529391317835,3.4,3.365893296432964,3.3153520889822103,0.050541207450753856,2229.0,1929.0
18369771,The Sunset,Rajinder Nagar,True,500,6.2166061010848646,2.6,3.257366620541205,3.3835207391251902,-0.1261541185839854,4851.0,4429.0
309255,Tomatoes Kitchen,Rajinder Nagar,True,700,6.55250788703459,2.9,3.0201767975560188,3.416650836170689,-0.3964740386146701,6031.0,5424.0
307278,Udupi Eating House,Rajinder Nagar,True,350,5.860786223465865,3.2,3.2726718701010538,3.348426114537516,-0.07575424443646206,4187.0,3806.0
311760,Wrapss,Rajinder Nagar,True,350,5.860786223465865,3.1,3.165145665345542,3.348426114537516,-0.18328044919197373,5273.0,4821.0
18443750,Burger Point,Rajinder Nagar,True,300,5.707110264748875,3.7,3.469088253382533,3.3332690071959785,0.1358192461865544,1560.0,1326.0
307700,Kings,Rajinder Nagar,True,300,5.707110264748875,3.6,3.50767068750233,3.3332690071959785,0.17440168030635128,1367.0,1151.0
18381646,Millionaire - Powered by Wrapss,Rajinder Nagar,True,400,5.993961427306569,3.5,3.404112246714572,3.3615612260845467,0.04255102063002525,2314.0,2014.0
308054,Punjabi Chaap Corner,Rajinder Nagar,True,400,5.993961427306569,3.6,3.521875197117356,3.3615612260845467,0.1603139710328092,1418.0,1198.0
18427200,Spooky Sky,Rajinder Nagar,True,650,6.478509642208569,3.5,3.416235985635718,3.4093523663952126,0.00688361924050529,2759.0,2435.0
7427,Standard Corner,Rajinder Nagar,True,100,4.61512051684126,3.6,3.5103862555169667,3.2255657205981403,0.2848205349188264,897.0,745.0
18261149,The Canteen,Rajinder Nagar,True,550,6.311734809152915,3.5,3.4583573185731855,3.3929033130260597,0.06545400554712577,2071.0,1780.0
18322646,The Diet Kitchen,Rajinder Nagar,True,700,6.55250788703459,3.5,3.417187849435312,3.416650836170689,0.0005370132646231873,2846.0,2521.0
310912,The Flashback,Rajinder Nagar,True,700,6.55250788703459,3.7,3.674343139264726,3.416650836170689,0.257692303094037,995.0,827.0
18334635,The Mashal,Rajinder Nagar,True,500,6.2166061010848646,3.5,3.402833743337433,3.3835207391251902,0.019313004212242912,2600.0,2286.0
7401,Aggarwal Sweets India,Rajinder Nagar,True,200,5.303304908059076,2.4,2.861510205448589,3.2934415599652347,-0.4319313545166459,6112.0,5484.0
18237341,Dilli Treat,Rajinder Nagar,True,500,6.2166061010848646,4.2,4.061375102501025,3.3835207391251902,0.6778543633758352,148.0,121.0
7428,Dukes Pastry Shop,Rajinder Nagar,True,300,5.707110264748875,4.2,4.120482850382998,3.3332690071959785,0.7872138431870193,83.0,68.0
18420467,HotMess Bakes,Rajinder Nagar,True,750,6.621405651764134,4.1,3.8554168716687163,3.423446244016628,0.43197062765208827,478.0,391.0
18332869,London Street Kitchen,Rajinder Nagar,True,600,6.398594934535208,4.2,4.003832692218431,3.4014703540590903,0.6023623381593408,217.0,170.0
18241878,Bablu Chic-Inn,Rajouri Garden,True,750,6.621405651764134,2.6,3.097466631760912,3.423446244016628,-0.32597961225571614,5868.0,5316.0
312959,Babu Jhatka,Rajouri Garden,True,500,6.2166061010848646,2.8,3.30023205093162,3.3835207391251902,-0.08328868819357016,4300.0,3911.0
978,Bal Gopal,Rajouri Garden,True,500,6.2166061010848646,3.4,3.3756380688806886,3.3835207391251902,-0.007882670244501622,2978.0,2644.0
306910,Bharat Sweets,Rajouri Garden,True,100,4.61512051684126,3.0,3.2868755125051248,3.2255657205981403,0.06130979190698449,2109.0,1817.0
307135,Cafe Blue Tomato,Rajouri Garden,True,1400,7.244941546337007,3.2,3.216114197283277,3.4849457821633028,-0.2688315848800258,5683.0,5171.0
18363209,Cafe TAB,Rajouri Garden,True,500,6.2166061010848646,3.0,3.2607959204592043,3.3835207391251902,-0.12272481866598595,4816.0,4395.0
18454700,Cake-O-Licious,Rajouri Garden,True,400,5.993961427306569,3.3,3.3418755125051245,3.3615612260845467,-0.01968571357942217,3166.0,2827.0
308791,Chaap Point,Rajouri Garden,True,250,5.5254529391317835,3.2,3.302951815976493,3.3153520889822103,-0.012400273005717555,3043.0,2708.0
312589,Chawla Family Restaurant,Rajouri Garden,True,700,6.55250788703459,2.9,3.2879391359703063,3.416650836170689,-0.12871170020038258,4879.0,4455.0
977,Chawla Family Restaurant,Rajouri Garden,True,700,6.55250788703459,3.2,3.252200920776813,3.416650836170689,-0.16444991539387566,5160.0,4714.0
8649,Chawla Restaurant,Rajouri Garden,True,600,6.398594934535208,3.1,3.2663855506798307,3.4014703540590903,-0.13508480337925954,4941.0,4511.0
309435,Chawlas 2,Rajouri Garden,True,800,6.68586094706836,3.0,3.2264806677672038,3.4298034897290544,-0.20332282196185059,5403.0,4942.0
18371401,Chicken Addiction,Rajouri Garden,True,500,6.2166061010848646,3.1,3.275893296432964,3.3835207391251902,-0.10762744269222635,4644.0,4237.0
307138,Crave Busters,Rajouri Garden,True,1100,7.00397413672268,3.4,3.3912546913930677,3.4611790920197736,-0.06992440062670591,4077.0,3702.0
18420427,Garage,Rajouri Garden,True,650,6.478509642208569,3.0,3.324764731137877,3.4093523663952126,-0.08458763525733559,4324.0,3935.0
305082,Gola Sizzlers,Rajouri Garden,True,1300,7.170888478512505,3.4,3.391906883899347,3.477641905178529,-0.08573502127918164,4336.0,3946.0
305086,Golden Tandoor,Rajouri Garden,True,700,6.55250788703459,3.2,3.2823614527811946,3.416650836170689,-0.13428938338949425,4935.0,4506.0
307541,Green Chick Chop,Rajouri Garden,True,350,5.860786223465865,3.1,3.2954369960366265,3.348426114537516,-0.052989118500889276,3788.0,3423.0
18281968,Indo Traditional Kulfi,Rajouri Garden,True,100,4.61512051684126,3.1,3.3280098287093978,3.2255657205981403,0.10244410811125748,1763.0,1499.0
18375382,Invitation Foodex,Rajouri Garden,True,600,6.398594934535208,3.2,3.332366620541205,3.4014703540590903,-0.06910373351788524,4063.0,3689.0
2537,King's Kabab,Rajouri Garden,True,700,6.55250788703459,3.2,3.314038934620115,3.416650836170689,-0.10261190155057376,4575.0,4176.0
311977,New Kadimi,Rajouri Garden,True,800,6.68586094706836,3.3,3.3180757607935787,3.4298034897290544,-0.11172772893547567,4705.0,4293.0
974,Paramjeet Machi Wala,Rajouri Garden,True,750,6.621405651764134,3.4,3.376593438728505,3.423446244016628,-0.04685280528812319,3692.0,3333.0
4163,Polka Pastry & Snack Bar,Rajouri Garden,True,350,5.860786223465865,3.4,3.3708845213452134,3.348426114537516,0.022458406807697617,2562.0,2249.0
305694,Punnu Biryani,Rajouri Garden,True,600,6.398594934535208,2.6,3.0090281194478607,3.4014703540590903,-0.3924422346112295,6026.0,5421.0
2364,Raju Chinese Food,Rajouri Garden,True,400,5.993961427306569,3.2,3.275638068880689,3.3615612260845467,-0.08592315720385768,4340.0,3950.0
305688,Sandoz,Rajouri Garden,True,550,6.311734809152915,3.3,3.335387757046584,3.3929033130260597,-0.057515555979475774,3867.0,3497.0
18255603,Scoop Junction,Rajouri Garden,True,200,5.303304908059076,3.3,3.339881440481071,3.2934415599652347,0.04643988051583614,2271.0,1971.0
307548,Shri Durga Dosa Corner,Rajouri Garden,True,300,5.707110264748875,3.0,3.2732147738144044,3.3332690071959785,-0.06005423338157412,3923.0,3552.0
5932,Soni Bakers,Rajouri Garden,True,400,5.993961427306569,3.4,3.3895286436416994,3.3615612260845467,0.027967417557152707,2488.0,2182.0
300397,Subway,Rajouri Garden,True,500,6.2166061010848646,2.7,2.8957823972411503,3.3835207391251902,-0.48773834188403997,6211.0,5552.0
969,The Tandoor,Rajouri Garden,True,750,6.621405651764134,2.6,2.991622667556462,3.423446244016628,-0.4318235764601659,6110.0,5482.0
303122,Twenty Four Seven,Rajouri Garden,True,300,5.707110264748875,3.2,3.3044018415536267,3.3332690071959785,-0.02886716564235181,3338.0,2993.0
8652,Unique Tasty Bites,Rajouri Garden,True,400,5.993961427306569,3.0,3.2917378093272456,3.3615612260845467,-0.06982341675730108,4074.0,3699.0
18420456,Band Baaja Baaraat,Rajouri Garden,True,1300,7.170888478512505,4.6,4.25430808333507,3.477641905178529,0.7766661781565416,93.0,77.0
18445790,Kopper Kadai,Rajouri Garden,True,1400,7.244941546337007,4.8,4.262216142047784,3.4849457821633028,0.777270359884481,92.0,76.0
313368,Naturals Ice Cream,Rajouri Garden,True,150,5.017279836814924,4.7,4.5736377261000145,3.2652308187184387,1.3084069073815758,2.0,2.0
18037817,Qubitos - The Terrace Cafe,Rajouri Garden,True,1500,7.313886831633462,4.5,4.431937763906055,3.4917458769774545,0.9401918869286008,31.0,28.0
304746,The California Boulevard,Rajouri Garden,True,2000,7.601402334583733,4.6,4.564834787787532,3.520103619964429,1.0447311678231035,18.0,16.0
9458,Anjlika Pastry Shop,Rajouri Garden,True,400,5.993961427306569,3.9,3.7772261678096233,3.3615612260845467,0.4156649417250766,513.0,421.0
5878,Atul Chaat Corner,Rajouri Garden,True,100,4.61512051684126,3.8,3.7524080752171156,3.2255657205981403,0.5268423546189753,310.0,250.0
18384134,Bake A Wish,Rajouri Garden,True,400,5.993961427306569,3.7,3.5142666385902985,3.3615612260845467,0.15270541250575187,1455.0,1229.0
3086,Berco's,Rajouri Garden,True,1100,7.00397413672268,3.6,3.570490389225926,3.4611790920197736,0.10931129720615251,1721.0,1464.0
497,Bikanervala,Rajouri Garden,True,550,6.311734809152915,3.8,3.7425914641000197,3.3929033130260597,0.34968815107396,679.0,569.0
18461723,Bintang Sweet Thrills,Rajouri Garden,True,200,5.303304908059076,3.5,3.395893296432964,3.2934415599652347,0.10245173646772932,1762.0,1498.0
18163908,Boombox Cafe Reloaded,Rajouri Garden,True,1100,7.00397413672268,3.9,3.8588876616977177,3.4611790920197736,0.3977085696779441,549.0,452.0
18037816,Cafe Foto Club,Rajouri Garden,True,1400,7.244941546337007,3.8,3.7331687864750984,3.4849457821633028,0.24822300431179567,1034.0,862.0
312482,Capital Grill,Rajouri Garden,True,1650,7.409136443920128,3.8,3.7397603582200203,3.501140375698803,0.2386199825212172,1075.0,899.0
18222577,CG's - Lounge Cafe Bar,Rajouri Garden,True,1700,7.438971592395862,3.9,3.703741100367208,3.50408302562123,0.19965807474597774,1247.0,1047.0
966,Dhaba,Rajouri Garden,True,1100,7.00397413672268,3.7,3.6759669912099966,3.4611790920197736,0.214787899190223,1166.0,979.0
217,Domino's Pizza,Rajouri Garden,True,700,6.55250788703459,3.5,3.470010414610319,3.416650836170689,0.05335957843962991,2189.0,1890.0
18245274,Garam Dharam,Rajouri Garden,True,1300,7.170888478512505,3.7,3.6483762258317447,3.477641905178529,0.17073432065321592,1379.0,1162.0
5931,Gayway Bakery,Rajouri Garden,True,300,5.707110264748875,3.6,3.527884797339097,3.3332690071959785,0.1946157901431187,1268.0,1064.0
1158,Giani's,Rajouri Garden,True,400,5.993961427306569,3.9,3.7427633377210965,3.3615612260845467,0.3812021116365498,587.0,486.0
309845,Grub House,Rajouri Garden,True,1700,7.438971592395862,3.5,3.4798688694759874,3.50408302562123,-0.024214156145242693,3247.0,2904.0
18273540,Habibi,Rajouri Garden,True,1250,7.1316985104669115,3.7,3.6302552275522757,3.473776586508402,0.15647864104387388,1441.0,1217.0
310768,High Street Cafí©,Rajouri Garden,True,1250,7.1316985104669115,3.8,3.74802016725841,3.473776586508402,0.2742435807500083,926.0,769.0
18322658,Hungry Heroes,Rajouri Garden,True,800,6.68586094706836,3.8,3.648362281036603,3.4298034897290544,0.21855879130754863,1150.0,964.0
18228867,IKKA - The Ace Bar,Rajouri Garden,True,1200,7.0909098220799835,3.6,3.584765663437884,3.4697535855565107,0.11501207788137346,1683.0,1434.0
18384149,Jungle Jamboree,Rajouri Garden,True,1500,7.313886831633462,3.9,3.7760946117525687,3.4917458769774545,0.28434873477511413,900.0,748.0
18294265,Lord of the Drinks Chamber,Rajouri Garden,True,2200,7.696667081526462,3.9,3.840645763245712,3.529499611421586,0.31114615182412564,790.0,662.0
18472653,Marine Drivve - Club & Courtyard,Rajouri Garden,True,2000,7.601402334583733,3.8,3.58230228465651,3.520103619964429,0.06219866469208091,2102.0,1810.0
188,McDonald's,Rajouri Garden,True,500,6.2166061010848646,3.7,3.618631098810988,3.3835207391251902,0.23511035968579774,1089.0,911.0
306014,Mister Gulati Bakers,Rajouri Garden,True,500,6.2166061010848646,3.8,3.694796797848361,3.3835207391251902,0.31127605872317066,788.0,660.0
18281954,My Fit Food,Rajouri Garden,True,550,6.311734809152915,3.7,3.568557928848519,3.3929033130260597,0.17565461582245945,1361.0,1146.0
306410,Otik Cake Shop,Rajouri Garden,True,250,5.5254529391317835,3.8,3.6977327011642207,3.3153520889822103,0.38238061218201036,584.0,484.0
837,Pind Balluchi,Rajouri Garden,True,800,6.68586094706836,3.6,3.581836856557836,3.4298034897290544,0.15203336682878144,1462.0,1236.0
18438452,SardarBuksh Coffee & Co.,Rajouri Garden,True,250,5.5254529391317835,3.6,3.43072959375427,3.3153520889822103,0.11537750477205977,1681.0,1432.0
965,Sethi's Restaurant & Barbeque,Rajouri Garden,True,700,6.55250788703459,3.7,3.6637208720813326,3.416650836170689,0.2470700359106437,1036.0,864.0
310167,Sufiaana,Rajouri Garden,True,2000,7.601402334583733,3.8,3.736998655445007,3.520103619964429,0.2168950354805781,1159.0,973.0
17953943,The Burger Club,Rajouri Garden,True,500,6.2166061010848646,3.9,3.858950428626424,3.3835207391251902,0.47542968950123354,380.0,310.0
18241862,The Junkyard Cafí©,Rajouri Garden,True,1400,7.244941546337007,3.8,3.7378885049443715,3.4849457821633028,0.2529427227810688,1011.0,841.0
18412880,The Masterpiece Cafe,Rajouri Garden,True,1200,7.0909098220799835,3.5,3.4132444136941364,3.4697535855565107,-0.05650917186237425,3853.0,3484.0
313071,The Momoz Hub,Rajouri Garden,True,500,6.2166061010848646,3.6,3.500914884148842,3.3835207391251902,0.11739414502365175,1669.0,1421.0
310395,The Post Office Cafe,Rajouri Garden,True,1600,7.3783837129967145,3.6,3.584592327117962,3.498107224335746,0.08648510278221577,1882.0,1612.0
6195,The Royal Turban,Rajouri Garden,True,1300,7.170888478512505,3.8,3.766533532344456,3.477641905178529,0.2888916271659272,885.0,735.0
18311919,The Vintage Bakers,Rajouri Garden,True,600,6.398594934535208,3.7,3.520131902634816,3.4014703540590903,0.11866154857572564,1656.0,1410.0
3083,Wok In The Clouds,Rajouri Garden,True,1500,7.313886831633462,3.7,3.6771557897731384,3.4917458769774545,0.18540991279568386,1318.0,1108.0
7287,Crazy Cow,Rajouri Garden,True,600,6.398594934535208,2.2,2.5223573185731856,3.4014703540590903,-0.8791130354859047,6477.0,5783.0
306476,AMPM Cafí© & Bar,Rajouri Garden,True,1400,7.244941546337007,4.1,4.081918447880881,3.4849457821633028,0.596972665717578,226.0,178.0
18369780,Cafí© Foreground,Rajouri Garden,True,1500,7.313886831633462,4.2,3.9029466482164823,3.4917458769774545,0.41120077123902776,523.0,430.0
18412888,Calendar's Kitchen by Satish Kaushik,Rajouri Garden,True,1000,6.90875477931522,4.0,3.8061739679896798,3.4517875773465194,0.35438639064316035,662.0,556.0
304233,Desee Dakshin Coastal Cafe,Rajouri Garden,True,1350,7.208600337960199,4.0,3.919321144036313,3.4813614375404534,0.4379597064958598,465.0,379.0
18345778,Food Scouts,Rajouri Garden,True,700,6.55250788703459,4.4,4.215152988310459,3.416650836170689,0.7985021521397702,77.0,62.0
18430901,Ghar Bistro Cafe,Rajouri Garden,True,800,6.68586094706836,4.4,4.145606587872809,3.4298034897290544,0.7158030981437546,121.0,99.0
18427236,Goosebumps,Rajouri Garden,True,300,5.707110264748875,4.2,3.8986415271761414,3.3332690071959785,0.5653725199801629,264.0,210.0
18441764,Kalol- Bar Te Kitchen,Rajouri Garden,True,1200,7.0909098220799835,4.0,3.7083718417459397,3.4697535855565107,0.238618256189429,1076.0,900.0
312476,Lights Camera Action - Air Bar,Rajouri Garden,True,1300,7.170888478512505,4.4,4.3695029856084915,3.477641905178529,0.8918610804299627,45.0,39.0
18421044,Midnight Hunger Hub,Rajouri Garden,True,800,6.68586094706836,4.3,3.865537670563621,3.4298034897290544,0.4357341808345665,471.0,385.0
18252401,National Highway 44,Rajouri Garden,True,1100,7.00397413672268,4.4,4.32912073206939,3.4611790920197736,0.867941640049616,56.0,47.0
3077,Pirates of Grill,Rajouri Garden,True,1500,7.313886831633462,4.1,4.0856857318573185,3.4917458769774545,0.593939854879864,230.0,182.0
300416,Prem Di Hatti,Rajouri Garden,True,200,5.303304908059076,4.0,3.881830969331998,3.2934415599652347,0.5883894093667634,236.0,187.0
18415387,Showstopper,Rajouri Garden,True,1000,6.90875477931522,4.1,3.926945899765601,3.4517875773465194,0.4751583224190816,381.0,311.0
18322621,Spotlight Bistro & Bar,Rajouri Garden,True,1300,7.170888478512505,4.0,3.821418712080379,3.477641905178529,0.3437768069018503,701.0,588.0
18432011,The Diet Kitchen,Rajouri Garden,True,700,6.55250788703459,4.1,3.6414066343788436,3.416650836170689,0.22475579820815472,1130.0,948.0
18254514,The Drunk House,Rajouri Garden,True,1300,7.170888478512505,4.2,4.076960150148839,3.477641905178529,0.59931824497031,224.0,176.0
18381259,The Headquarter,Rajouri Garden,True,1200,7.0909098220799835,4.1,3.918378865100532,3.4697535855565107,0.4486252795440211,441.0,360.0
18454951,Tippling Street,Rajouri Garden,True,1000,6.90875477931522,4.0,3.772946648216482,3.4517875773465194,0.32115907086996254,762.0,638.0
300844,"34, Chowringhee Lane",Rohini,True,300,5.707110264748875,3.3,3.3187502294799063,3.3332690071959785,-0.01451877771607224,3086.0,2750.0
3247,Apni Rasoi,Rohini,True,300,5.707110264748875,3.0,3.1377002460024594,3.3332690071959785,-0.19556876119351907,5351.0,4893.0
6481,Apsara Restaurant,Rohini,True,450,6.111467339502679,2.7,2.8957823972411503,3.3731508705500266,-0.47736847330887633,6193.0,5539.0
8771,Ashu Bhature Wala,Rohini,True,200,5.303304908059076,3.3,3.3196291464867773,3.2934415599652347,0.026187586521542627,2506.0,2198.0
300862,Bakery Wala - The Cake Shop,Rohini,True,350,5.860786223465865,3.4,3.377893803243588,3.348426114537516,0.02946768870607208,2473.0,2167.0
4056,Bikanervala,Rohini,True,550,6.311734809152915,3.4,3.3849844701277196,3.3929033130260597,-0.007918842898340106,2979.0,2645.0
308212,Chalte Firte Momos & Special Foods,Rohini,True,350,5.860786223465865,3.2,3.2284005009590326,3.348426114537516,-0.12002561357848318,4799.0,4378.0
303595,Chicken Khurana,Rohini,True,550,6.311734809152915,2.7,2.880296783900042,3.3929033130260597,-0.5126065291260176,6239.0,5575.0
7679,Chit Chat,Rohini,True,700,6.55250788703459,3.1,3.205235305558184,3.416650836170689,-0.21141553061250473,5450.0,4985.0
8389,Domino's Pizza,Rohini,True,700,6.55250788703459,3.3,3.319179624048149,3.416650836170689,-0.09747121212254006,4501.0,4104.0
9408,Gurdasman Punjabi Khana & Caterers,Rohini,True,250,5.5254529391317835,3.3,3.3222347854009513,3.3153520889822103,0.006882696418740952,2760.0,2436.0
313336,KFC,Rohini,True,500,6.2166061010848646,3.1,3.2129589977092428,3.3835207391251902,-0.1705617414159475,5208.0,4758.0
6477,Malika Bakers Pastry Shop,Rohini,True,150,5.017279836814924,3.4,3.3834203524326907,3.2652308187184387,0.118189533714252,1663.0,1416.0
191,McDonald's,Rohini,True,500,6.2166061010848646,3.4,3.3847931894924046,3.3835207391251902,0.0012724503672143506,2838.0,2513.0
2000,Nakshatra Punjabi Rasoi,Rohini,True,450,6.111467339502679,3.3,3.315227459092772,3.3731508705500266,-0.05792341145725466,3875.0,3505.0
7137,New Eleven to Eleven,Rohini,True,1000,6.90875477931522,3.0,3.0983573185731856,3.4517875773465194,-0.3534302587733338,5937.0,5365.0
311711,Pasta Hut,Rohini,True,400,5.993961427306569,3.3,3.3302714548229817,3.3615612260845467,-0.03128977126156496,3385.0,3038.0
6308,Patiala Shahi,Rohini,True,650,6.478509642208569,3.4,3.38120102952998,3.4093523663952126,-0.028151336865232413,3322.0,2977.0
5283,Pavitra Bakers,Rohini,True,450,6.111467339502679,3.2,3.260758448773012,3.3731508705500266,-0.11239242177701447,4714.0,4300.0
5313,Punjabi Rasoi,Rohini,True,800,6.68586094706836,2.8,2.9268193931939317,3.4298034897290544,-0.5029840965351227,6231.0,5568.0
8915,Puratan - Family Restaurant & Bar,Rohini,True,1000,6.90875477931522,3.3,3.312256247562475,3.4517875773465194,-0.13953132978404437,4978.0,4545.0
309429,Sardar A Pure Meat Shop,Rohini,True,150,5.017279836814924,3.4,3.377893803243588,3.2652308187184387,0.11266298452514922,1697.0,1447.0
3114,Spice Court,Rohini,True,1000,6.90875477931522,2.6,2.940856766206551,3.4517875773465194,-0.5109308111399686,6236.0,5572.0
3229,Subway,Rohini,True,500,6.2166061010848646,3.3,3.3138813853608147,3.3835207391251902,-0.06963935376437558,4072.0,3697.0
18254676,Urban Garden Cafe,Rohini,True,400,5.993961427306569,3.1,3.2784424746421372,3.3615612260845467,-0.08311875144240943,4298.0,3909.0
18365897,Behrouz Biryani,Rohini,True,600,6.398594934535208,3.6,3.4703460718117816,3.4014703540590903,0.0688757177526913,2044.0,1759.0
9253,BTW,Rohini,True,400,5.993961427306569,3.5,3.4412300866960277,3.3615612260845467,0.07966886061148104,1939.0,1665.0
310459,Chalte Firte Momos & Special Foods,Rohini,True,350,5.860786223465865,3.5,3.4299281802914177,3.348426114537516,0.08150206575390184,1925.0,1652.0
218,Domino's Pizza,Rohini,True,700,6.55250788703459,3.5,3.457630992734346,3.416650836170689,0.040980156563656944,2329.0,2029.0
300841,Gaurav Pastry Palace,Rohini,True,250,5.5254529391317835,3.6,3.515364796877135,3.3153520889822103,0.20001270789492454,1246.0,1046.0
302466,Jhakkas,Rohini,True,250,5.5254529391317835,3.5,3.467466655135301,3.3153520889822103,0.1521145661530907,1461.0,1235.0
309629,Kebab Xpress,Rohini,True,600,6.398594934535208,3.5,3.434347123876644,3.4014703540590903,0.03287676981755361,2415.0,2109.0
18312438,Keventers,Rohini,True,400,5.993961427306569,3.8,3.561005769025081,3.3615612260845467,0.19944454294053449,1249.0,1049.0
9348,McDonald's,Rohini,True,500,6.2166061010848646,3.5,3.4371769892267885,3.3835207391251902,0.053656250101598246,2182.0,1883.0
304928,Moti Mahal Delux,Rohini,True,800,6.68586094706836,3.5,3.464964090145709,3.4298034897290544,0.035160600416654475,2390.0,2086.0
18273634,Mr. Sub,Rohini,True,400,5.993961427306569,3.5,3.4199179203330488,3.3615612260845467,0.058356694248502095,2132.0,1839.0
18246132,Nik's Kitchen,Rohini,True,500,6.2166061010848646,3.8,3.590595530955309,3.3835207391251902,0.2070747918301188,1212.0,1014.0
302302,Punjabi Dhaba,Rohini,True,200,5.303304908059076,3.6,3.5170920459204593,3.2934415599652347,0.22365048595522463,1134.0,950.0
18355152,Satvik Rasoi,Rohini,True,700,6.55250788703459,3.8,3.525156634378843,3.416650836170689,0.10850579820815431,1725.0,1467.0
308969,Shree Gopal Ji Chole Bhature,Rohini,True,200,5.303304908059076,3.9,3.7489468019680197,3.2934415599652347,0.45550524200278497,435.0,356.0
302344,South Indian Corner,Rohini,True,250,5.5254529391317835,3.5,3.434347123876644,3.3153520889822103,0.11899503489443353,1652.0,1407.0
307466,The Chocolate Villa,Rohini,True,350,5.860786223465865,3.9,3.812132453432377,3.348426114537516,0.46370633889486124,410.0,333.0
3108,Vaishno Punjabi Dhaba,Rohini,True,400,5.993961427306569,3.5,3.4387607626076258,3.3615612260845467,0.0771995365230791,1966.0,1688.0
309783,WTF - What's the Food?,Rohini,True,450,6.111467339502679,3.5,3.4447918996235414,3.3731508705500266,0.07164102907351477,2015.0,1730.0
8883,Handi Chhareyan Di,Rohini,True,550,6.311734809152915,2.3,2.591031247176878,3.3929033130260597,-0.8018720658491816,6456.0,5762.0
300966,Svaruchi Bhoj,Rohini,True,600,6.398594934535208,2.4,2.8199327094622295,3.4014703540590903,-0.5815376445968607,6321.0,5637.0
18408058,Caffe 9,Rohini,True,1400,7.244941546337007,4.2,3.8475638199178603,3.4849457821633028,0.3626180377545576,641.0,537.0
301763,Jai Vaishno Rasoi,Rohini,True,250,5.5254529391317835,4.2,4.0109660488650345,3.3153520889822103,0.6956139598828242,137.0,111.0
18425766,Chidya Ghar - Roseate House,"Roseate House, Aerocity",True,3700,8.216358332386156,2.9,3.317217561326556,3.580756920238799,-0.2635393589122428,5668.0,5160.0
18382353,DEL - Roseate House,"Roseate House, Aerocity",True,3000,8.006700845440367,3.6,3.445728237345664,3.560078337452493,-0.114350100106829,4730.0,4315.0
7310,Adish,Safdarjung,True,700,6.55250788703459,3.1,3.230984369684122,3.416650836170689,-0.18566646648656704,5288.0,4835.0
4336,Amritsari Dhaba,Safdarjung,True,500,6.2166061010848646,3.2,3.310634787318022,3.3835207391251902,-0.07288595180716806,4130.0,3751.0
305517,Amritsari Xpress,Safdarjung,True,300,5.707110264748875,3.0,3.3129551045510452,3.3332690071959785,-0.020313902644933268,3178.0,2838.0
303289,Anupam Sweets,Safdarjung,True,250,5.5254529391317835,2.6,3.2034841106607788,3.3153520889822103,-0.11186797832143158,4707.0,4294.0
18334429,B Two,Safdarjung,True,400,5.993961427306569,3.0,3.307366620541205,3.3615612260845467,-0.054194605543341545,3817.0,3449.0
309531,Babbu Da Punjabi Dhaba,Safdarjung,True,300,5.707110264748875,3.3,3.3330596151356247,3.3332690071959785,-0.00020939206035386349,2854.0,2528.0
8216,Baker's Byte,Safdarjung,True,200,5.303304908059076,3.3,3.3302714548229817,3.2934415599652347,0.036829894857747014,2368.0,2065.0
18384121,Bamboo Hut,Safdarjung,True,500,6.2166061010848646,3.4,3.3626957929735544,3.3835207391251902,-0.02082494615163588,3195.0,2854.0
1775,Bengal Sweet Corner,Safdarjung,True,550,6.311734809152915,2.8,2.9943347535993343,3.3929033130260597,-0.3985685594267254,6037.0,5428.0
300258,Cafe Coffee Day - The Lounge,Safdarjung,True,750,6.621405651764134,2.5,3.0149695154358946,3.423446244016628,-0.40847672858073336,6053.0,5440.0
304107,Cafe Coffee Day,Safdarjung,True,450,6.111467339502679,2.8,3.2155773961585763,3.3731508705500266,-0.1575734743914503,5118.0,4678.0
18247034,Cake Away,Safdarjung,True,700,6.55250788703459,3.0,3.3187505694501387,3.416650836170689,-0.09790026672055019,4507.0,4109.0
18357109,Chanky Restruoo,Safdarjung,True,500,6.2166061010848646,3.0,3.282172635250942,3.3835207391251902,-0.10134810387424809,4554.0,4155.0
309026,Chawla Fast Food,Safdarjung,True,300,5.707110264748875,2.9,3.317217561326556,3.3332690071959785,-0.01605144586942231,3105.0,2769.0
18358685,Chawnsan Chef,Safdarjung,True,700,6.55250788703459,3.4,3.361492431456572,3.416650836170689,-0.055158404714116926,3835.0,3466.0
18219516,China King,Safdarjung,True,500,6.2166061010848646,3.1,3.3160093114089033,3.3835207391251902,-0.06751142771628693,4043.0,3669.0
18461946,Dec,Safdarjung,True,300,5.707110264748875,3.3,3.3392582929735544,3.3332690071959785,0.005989285777575848,2774.0,2450.0
304194,Desi Zaika,Safdarjung,True,800,6.68586094706836,2.6,2.878882808714451,3.4298034897290544,-0.5509206810146035,6297.0,5617.0
300280,Druk,Safdarjung,True,400,5.993961427306569,2.8,3.064828732846151,3.3615612260845467,-0.29673249323839546,5775.0,5246.0
9565,Flavours of Tibet,Safdarjung,True,500,6.2166061010848646,3.3,3.3132238460542496,3.3835207391251902,-0.07029689307094067,4083.0,3707.0
18126972,Get Lost in Flavours,Safdarjung,True,650,6.478509642208569,2.6,2.9093489979017435,3.4093523663952126,-0.500003368493469,6224.0,5562.0
18285198,Giani,Safdarjung,True,300,5.707110264748875,2.9,3.281250530177715,3.3332690071959785,-0.052018477018263454,3768.0,3404.0
7318,Green Chick Chop,Safdarjung,True,350,5.860786223465865,3.3,3.3318041867127524,3.348426114537516,-0.01662192782476346,3122.0,2786.0
305514,Grover Dhaba,Safdarjung,True,300,5.707110264748875,3.1,3.2894235500047304,3.3332690071959785,-0.043845457191248105,3622.0,3267.0
4330,Gupta's Rasoi,Safdarjung,True,350,5.860786223465865,2.8,3.047821383030344,3.348426114537516,-0.30060473150717204,5783.0,5251.0
304186,Hangchuaa's Chinese Food Corner,Safdarjung,True,600,6.398594934535208,3.1,3.2465777470274695,3.4014703540590903,-0.15489260703162078,5095.0,4655.0
18219526,High On Burgers,Safdarjung,True,300,5.707110264748875,3.2,3.286192218026831,3.3332690071959785,-0.04707678916914748,3694.0,3335.0
18254549,Hot Paprika,Safdarjung,True,500,6.2166061010848646,2.7,3.1255004100041,3.3835207391251902,-0.2580203291210901,5645.0,5143.0
311570,Jalsa,Safdarjung,True,450,6.111467339502679,2.7,3.2802278318237725,3.3731508705500266,-0.09292303872625407,4441.0,4045.0
309804,KPG Express,Safdarjung,True,500,6.2166061010848646,3.3,3.330640618906189,3.3835207391251902,-0.05288012021900146,3786.0,3422.0
18144483,Le Himalaya,Safdarjung,True,700,6.55250788703459,3.1,3.2483437439796083,3.416650836170689,-0.16830709219108053,5195.0,4745.0
309806,Lunia Italian,Safdarjung,True,350,5.860786223465865,3.4,3.367736902031182,3.348426114537516,0.019310787493666215,2604.0,2290.0
305516,Mahipal Dhaba,Safdarjung,True,200,5.303304908059076,2.8,3.2739040482510084,3.2934415599652347,-0.01953751171422624,3163.0,2824.0
18361271,Morong Ki,Safdarjung,True,400,5.993961427306569,3.0,3.307366620541205,3.3615612260845467,-0.054194605543341545,3817.0,3449.0
311828,Moti Mahal Delux - Tandooori Trail,Safdarjung,True,800,6.68586094706836,2.7,2.929586552160486,3.4298034897290544,-0.5002169375685686,6226.0,5564.0
310436,Pooja Take Away Kitchen,Safdarjung,True,400,5.993961427306569,2.7,3.231875512505125,3.3615612260845467,-0.1296857135794216,4893.0,4467.0
5846,Red Chilli,Safdarjung,True,900,6.803505257608338,3.0,3.152323280976172,3.4414067844659977,-0.2890835034898256,5750.0,5227.0
309808,Saturn,Safdarjung,True,600,6.398594934535208,2.8,3.2657332887984047,3.4014703540590903,-0.13573706526068552,4945.0,4515.0
18432849,Smokey Flavours,Safdarjung,True,500,6.2166061010848646,3.3,3.3405246895210885,3.3835207391251902,-0.04299604960410175,3605.0,3252.0
7322,Subway,Safdarjung,True,500,6.2166061010848646,2.9,2.9933018175118455,3.3835207391251902,-0.3902189216133447,6021.0,5418.0
308219,Sugar Loft,Safdarjung,True,500,6.2166061010848646,3.4,3.3681670766707663,3.3835207391251902,-0.015353662454423933,3096.0,2760.0
18138427,Sugary Affairs,Safdarjung,True,600,6.398594934535208,3.0,3.3129551045510452,3.4014703540590903,-0.08851524950804501,4364.0,3973.0
18424971,The Baking Fusion,Safdarjung,True,400,5.993961427306569,3.1,3.3160093114089033,3.3615612260845467,-0.045551914675643346,3661.0,3302.0
18456724,The Belly Giggles,Safdarjung,True,600,6.398594934535208,3.0,3.324764731137877,3.4014703540590903,-0.0767056229212133,4196.0,3815.0
300281,The Chef Restaurant,Safdarjung,True,400,5.993961427306569,3.4,3.3786833102706026,3.3615612260845467,0.017122084186055986,2627.0,2312.0
304187,Yo Tibet,Safdarjung,True,500,6.2166061010848646,3.3,3.3126257826648615,3.3835207391251902,-0.07089495646032873,4096.0,3720.0
310942,Cafe Rock 'n' Rolla,Safdarjung,True,600,6.398594934535208,3.6,3.519819281252023,3.4014703540590903,0.11834892719293277,1662.0,1415.0
309475,Charcoal,Safdarjung,True,1300,7.170888478512505,3.7,3.6340252152521524,3.477641905178529,0.1563833100736236,1442.0,1218.0
306870,Chawla Chicken,Safdarjung,True,500,6.2166061010848646,3.5,3.4181183230371626,3.3835207391251902,0.03459758391197232,2394.0,2090.0
300283,Freedom Corner,Safdarjung,True,600,6.398594934535208,3.5,3.457630992734346,3.4014703540590903,0.05616063867525556,2158.0,1863.0
18337779,Kori's,Safdarjung,True,600,6.398594934535208,3.6,3.5233492500019334,3.4014703540590903,0.12187889594284318,1635.0,1392.0
307464,Mizo Diner,Safdarjung,True,600,6.398594934535208,3.7,3.6158252746320567,3.4014703540590903,0.21435492057296646,1170.0,982.0
1774,Rainbows,Safdarjung,True,400,5.993961427306569,3.5,3.4271253075030743,3.3615612260845467,0.06556408141852765,2069.0,1778.0
7319,Rajinder Xpress,Safdarjung,True,800,6.68586094706836,3.8,3.738753567549603,3.4298034897290544,0.3089500778205485,804.0,673.0
3164,RDX,Safdarjung,True,1000,6.90875477931522,3.9,3.8011490101114247,3.4517875773465194,0.3493614327649053,681.0,571.0
18458306,Sumo Sushi,Safdarjung,True,1000,6.90875477931522,3.9,3.515893296432964,3.4517875773465194,0.06410571908644469,2080.0,1789.0
312130,The Categorical Eat Pham,Safdarjung,True,600,6.398594934535208,3.7,3.5805072080441085,3.4014703540590903,0.17903685398501823,1349.0,1135.0
306581,The Hungry Monkey,Safdarjung,True,2300,7.741099090035366,3.7,3.6745343230257936,3.533881954164017,0.14065236886177646,1532.0,1300.0
18357527,Treat Up Cafe and Restaurant,Safdarjung,True,500,6.2166061010848646,3.6,3.4476566343788435,3.3835207391251902,0.06413589525365326,2079.0,1788.0
18337920,Weird Time Food,Safdarjung,True,600,6.398594934535208,3.6,3.4756380688806887,3.4014703540590903,0.07416771482159845,1998.0,1715.0
628,Cafe Coffee Day,Safdarjung,True,450,6.111467339502679,2.4,3.0053575422117857,3.3731508705500266,-0.36779332833824085,5963.0,5382.0
305606,Zustt Yummy,Safdarjung,True,500,6.2166061010848646,2.3,2.8001216577699757,3.3835207391251902,-0.5833990813552146,6324.0,5640.0
18396054,Cafe Hashtag LoL,Safdarjung,True,1200,7.0909098220799835,4.2,3.775638068880689,3.4697535855565107,0.3058844833241783,817.0,682.0
18237319,Dirty Apron,Safdarjung,True,2000,7.601402334583733,4.3,3.9793967637952234,3.520103619964429,0.45929314383079456,425.0,346.0
17953911,Hornbill,Safdarjung,True,400,5.993961427306569,4.0,3.8394572260116537,3.3615612260845467,0.4778959999271071,373.0,305.0
18456770,Napoli Pizza,Safdarjung,True,800,6.68586094706836,4.0,3.6468058972256383,3.4298034897290544,0.21700240749658395,1158.0,972.0
1777,Rajinder Da Dhaba,Safdarjung,True,800,6.68586094706836,4.3,4.287011045194275,3.4298034897290544,0.8572075554652203,62.0,52.0
18138443,The Piano Man Jazz Club,Safdarjung,True,1800,7.496097345175956,4.2,4.111327357676561,3.5097173562874113,0.6016100013891501,219.0,172.0
313269,Tossin Pizza,Safdarjung,True,900,6.803505257608338,4.1,4.047288118894119,3.4414067844659977,0.6058813344281218,212.0,165.0
18428536,Big Belly Burger,Sainik Farms,True,200,5.303304908059076,2.7,3.2802278318237725,3.2934415599652347,-0.013213728141462155,3050.0,2715.0
300231,Bikaner Choice,Sainik Farms,True,100,4.61512051684126,2.8,3.2287703293699597,3.2255657205981403,0.003204608771819384,2807.0,2483.0
300236,Bikaner Misthan,Sainik Farms,True,350,5.860786223465865,2.7,3.190962011543192,3.348426114537516,-0.15746410299432378,5116.0,4676.0
18303837,Da Yummy Pizza,Sainik Farms,True,500,6.2166061010848646,2.7,3.3021232217039147,3.3835207391251902,-0.08139751742127554,4251.0,3866.0
312827,Food Nursary,Sainik Farms,True,350,5.860786223465865,2.8,3.30023205093162,3.348426114537516,-0.04819406360589573,3702.0,3343.0
302326,Puja Sandwich House,Sainik Farms,True,300,5.707110264748875,2.7,3.190962011543192,3.3332690071959785,-0.14230699565278648,5003.0,4567.0
300235,PVR Bhojanalay,Sainik Farms,True,100,4.61512051684126,2.7,3.183523193186477,3.2255657205981403,-0.042042527411663144,3582.0,3229.0
309192,The Bake Studio,Sainik Farms,True,450,6.111467339502679,3.1,3.3018447663984833,3.3731508705500266,-0.07130610415154326,4113.0,3737.0
2201,The Blue Tandoor,Sainik Farms,True,1000,6.90875477931522,2.9,3.256653721779153,3.4517875773465194,-0.1951338555673665,5347.0,4889.0
18203159,Pandit Ji Ki Apni Rasoi,Sainik Farms,True,300,5.707110264748875,2.4,3.2794817122699524,3.3332690071959785,-0.053787294926026075,3811.0,3445.0
309152,Alam Muradabadi Chicken Biryani,Saket,True,250,5.5254529391317835,3.0,3.3187505694501387,3.3153520889822103,0.0033984804679283442,2795.0,2471.0
309113,Boheme Bar & Grill,Saket,True,1300,7.170888478512505,3.3,3.315045094313218,3.477641905178529,-0.16259681086531064,5150.0,4706.0
18398598,Budapest Kitchen & Bar,Saket,True,1500,7.313886831633462,3.0,3.324764731137877,3.4917458769774545,-0.16698114583957757,5184.0,4734.0
18303720,Dark House,Saket,True,400,5.993961427306569,2.8,3.170034667812431,3.3615612260845467,-0.19152655827211573,5322.0,4867.0
18303716,Henry's Cafe,Saket,True,700,6.55250788703459,3.4,3.3737640741792028,3.416650836170689,-0.04288676199148611,3603.0,3250.0
300221,Kathi Zone,Saket,True,200,5.303304908059076,3.3,3.336413489134891,3.2934415599652347,0.04297192916965642,2311.0,2011.0
18203177,Kehar Cafe & Restaurant,Saket,True,600,6.398594934535208,2.8,3.2155773961585763,3.4014703540590903,-0.18589295790051397,5291.0,4837.0
308992,Kumaon Dhaba & Service,Saket,True,100,4.61512051684126,3.0,3.301974223689605,3.2255657205981403,0.07640850309146474,1974.0,1695.0
18368005,Let'z Eat,Saket,True,600,6.398594934535208,2.7,3.231875512505125,3.4014703540590903,-0.1695948415539652,5200.0,4750.0
311517,Lite Eat Cafe,Saket,True,300,5.707110264748875,3.0,3.324764731137877,3.3332690071959785,-0.008504276058101556,2985.0,2651.0
18282049,Malabar Dosa Hut,Saket,True,150,5.017279836814924,3.2,3.3158207929735544,3.2652308187184387,0.05058997425511569,2226.0,1926.0
308166,New Red Onion,Saket,True,800,6.68586094706836,2.5,3.1045294311638765,3.4298034897290544,-0.3252740585651779,5863.0,5311.0
256,Pizza Hut,Saket,True,1000,6.90875477931522,3.1,3.143050806819257,3.4517875773465194,-0.30873677052726256,5810.0,5272.0
18348790,The Tiffin Hut,Saket,True,300,5.707110264748875,3.2,3.3256361144119913,3.3332690071959785,-0.007632892783987266,2972.0,2638.0
309874,The Upper Crust,Saket,True,550,6.311734809152915,3.0,3.2689457929735544,3.3929033130260597,-0.12395752005250538,4828.0,4406.0
7131,Touch of Punjab,Saket,True,700,6.55250788703459,2.9,3.1696650091500915,3.416650836170689,-0.24698582702059735,5601.0,5111.0
312032,Tulicakes,Saket,True,300,5.707110264748875,3.4,3.3701566343788434,3.3332690071959785,0.03688762718286487,2366.0,2063.0
311370,Wanchai By Kylin,Saket,True,700,6.55250788703459,3.2,3.2436031220606325,3.416650836170689,-0.17304771411005637,5220.0,4769.0
18233797,Wow! India,Saket,True,300,5.707110264748875,2.7,3.3021232217039147,3.3332690071959785,-0.031145785492063816,3375.0,3028.0
313311,All About Food,Saket,True,750,6.621405651764134,3.9,3.824046697034767,3.423446244016628,0.40060045301813885,542.0,447.0
3797,Costa Coffee,Saket,True,600,6.398594934535208,3.7,3.5976798248521407,3.4014703540590903,0.1962094707930504,1262.0,1060.0
309893,Hey' Sugar Delhi,Saket,True,500,6.2166061010848646,3.7,3.5432342270670407,3.3835207391251902,0.15971348794185047,1423.0,1203.0
4889,India Grill - Hilton Garden Inn,Saket,True,3000,8.006700845440367,3.6,3.5476932650227786,3.560078337452493,-0.012385072429714317,3042.0,2707.0
18373071,Jugmug Thela,Saket,True,200,5.303304908059076,3.8,3.502872037166317,3.2934415599652347,0.20943047720108243,1190.0,997.0
18238757,Mucchad Di Chai,Saket,True,200,5.303304908059076,3.7,3.4989709500036175,3.2934415599652347,0.20552939003838278,1224.0,1026.0
311326,SS ONN THE GO,Saket,True,500,6.2166061010848646,3.6,3.4940220065244127,3.3835207391251902,0.1105012673992225,1712.0,1459.0
18255154,The Junkyard Cafe,Saket,True,1500,7.313886831633462,3.8,3.7182621960977973,3.4917458769774545,0.22651631912034276,1121.0,939.0
311174,The Pizza Corner,Saket,True,600,6.398594934535208,2.1,2.796733303980767,3.4014703540590903,-0.6047370500783233,6350.0,5662.0
4726,Wah Ji Wah,Saket,True,450,6.111467339502679,2.1,2.4808231723621583,3.3731508705500266,-0.8923276981878683,6481.0,5787.0
18217023,Blue Tokai Coffee Roasters,Saket,True,350,5.860786223465865,4.4,4.2384041847493945,3.348426114537516,0.8899780702118787,48.0,41.0
18279172,Ice Pan Creamery,Saket,True,250,5.5254529391317835,4.2,3.905053409576649,3.3153520889822103,0.5897013205944388,234.0,185.0
8621,Rose Cafe,Saket,True,1000,6.90875477931522,4.1,4.078444495152942,3.4517875773465194,0.6266569178064225,191.0,150.0
18463567,Nueva,"Sangam Courtyard, RK Puram",True,2500,7.824445930877619,3.3,3.339881440481071,3.542102478856175,-0.2022210383751042,5390.0,4929.0
18124378,Cafe Diva,"Sangam Courtyard, RK Puram",True,2000,7.601402334583733,3.8,3.660838802217136,3.520103619964429,0.14073518225270698,1531.0,1299.0
313061,Starbucks,"Sangam Courtyard, RK Puram",True,700,6.55250788703459,3.7,3.5610774857748577,3.416650836170689,0.14442664960416884,1512.0,1281.0
18126111,Cafe Delhi Heights,"Sangam Courtyard, RK Puram",True,2000,7.601402334583733,4.0,3.909950512040531,3.520103619964429,0.38984689207610224,566.0,467.0
18053052,Delhi Club House,"Sangam Courtyard, RK Puram",True,1700,7.438971592395862,4.1,4.021102216667328,3.50408302562123,0.5170191910460975,320.0,258.0
18034053,The Fatty Bao,"Sangam Courtyard, RK Puram",True,1800,7.496097345175956,4.1,4.050688885417079,3.5097173562874113,0.540971529129668,293.0,237.0
18144458,Ziu,"Sangam Courtyard, RK Puram",True,1500,7.313886831633462,4.1,3.9808848400984003,3.4917458769774545,0.48913896312094574,357.0,290.0
306801,Al-Arabi Restaurant,Sarita Vihar,True,600,6.398594934535208,2.9,3.2948666205412054,3.4014703540590903,-0.10660373351788488,4632.0,4228.0
7815,Bikaner Sweets,Sarita Vihar,True,100,4.61512051684126,3.0,3.2967677715570254,3.2255657205981403,0.0712020509588851,2020.0,1735.0
1461,Chawla's_,Sarita Vihar,True,500,6.2166061010848646,3.0,3.253125452210404,3.3835207391251902,-0.1303952869147862,4900.0,4474.0
18339800,DELI2NITE,Sarita Vihar,True,700,6.55250788703459,2.6,3.1751957929735544,3.416650836170689,-0.2414550431971345,5580.0,5094.0
309728,Green Chick Chop,Sarita Vihar,True,350,5.860786223465865,3.3,3.339881440481071,3.348426114537516,-0.00854467405644499,2999.0,2665.0
308536,Laziz Fast Food & Laziz Khana,Sarita Vihar,True,350,5.860786223465865,2.8,3.2823666205412048,3.348426114537516,-0.06605949399631106,4010.0,3637.0
18357533,New Zaika Kathi Rolls,Sarita Vihar,True,300,5.707110264748875,3.1,3.3160093114089033,3.3332690071959785,-0.017259695787075202,3133.0,2797.0
18424619,Sardar Ji Chaap & Rolls,Sarita Vihar,True,200,5.303304908059076,3.2,3.332366620541205,3.2934415599652347,0.03892506057597034,2350.0,2050.0
7824,Shri Bala Ji,Sarita Vihar,True,150,5.017279836814924,3.0,3.2732147738144044,3.2652308187184387,0.007983955095965722,2743.0,2419.0
18219530,The Kitchen Exotica,Sarita Vihar,True,600,6.398594934535208,3.0,3.2967677715570254,3.4014703540590903,-0.10470258250206488,4608.0,4205.0
303057,Wake And Bake,Sarita Vihar,True,500,6.2166061010848646,3.2,3.314038934620115,3.3835207391251902,-0.06948180450507513,4069.0,3695.0
307409,Neha's Biscotte,Sarita Vihar,True,400,5.993961427306569,3.5,3.4181183230371626,3.3615612260845467,0.056557096952615904,2146.0,1852.0
18372279,Midnight Delight,Sarita Vihar,True,400,5.993961427306569,2.4,3.2177636973738153,3.3615612260845467,-0.14379752871073137,5018.0,4582.0
18384138,Ashok & Ashok Meat Dhaba,Sarojini Nagar,True,650,6.478509642208569,3.2,3.3235421791717914,3.4093523663952126,-0.08581018722342115,4337.0,3947.0
18211312,Durga Sweets Corner,Sarojini Nagar,True,100,4.61512051684126,3.2,3.314038934620115,3.2255657205981403,0.08847321402197483,1861.0,1592.0
7591,Hot Pot,Sarojini Nagar,True,150,5.017279836814924,2.7,3.190962011543192,3.2652308187184387,-0.07426880717524664,4152.0,3773.0
1634,Kwic Bitte Restaurant,Sarojini Nagar,True,300,5.707110264748875,3.3,3.328879663796638,3.3332690071959785,-0.004389343399340717,2920.0,2589.0
307618,Khandani Pakodewala,Sarojini Nagar,True,100,4.61512051684126,3.7,3.6371784218761305,3.2255657205981403,0.4116127012779902,521.0,428.0
306535,Kulcha King,Sarojini Nagar,True,200,5.303304908059076,3.8,3.6986752569138592,3.2934415599652347,0.40523369694862454,534.0,441.0
3464,Alfa Kathi Rolls,Satyaniketan,True,250,5.5254529391317835,2.6,3.1112851493098264,3.3153520889822103,-0.20406693967238398,5408.0,4945.0
18252361,Angeethi Express,Satyaniketan,True,400,5.993961427306569,3.2,3.3235421791717914,3.3615612260845467,-0.03801904691275526,3511.0,3158.0
18252412,Backbenchers,Satyaniketan,True,700,6.55250788703459,3.4,3.3894825143185345,3.416650836170689,-0.027168321852154342,3300.0,2956.0
1637,Bake Day,Satyaniketan,True,400,5.993961427306569,3.2,3.256584204200821,3.3615612260845467,-0.10497702188372582,4613.0,4210.0
3463,Balaji Dhaba,Satyaniketan,True,300,5.707110264748875,2.7,3.231875512505125,3.3332690071959785,-0.10139349469085346,4556.0,4157.0
18454499,Bhukkad,Satyaniketan,True,500,6.2166061010848646,3.2,3.330044399128201,3.3835207391251902,-0.053476339996989086,3802.0,3436.0
609,Cafe Coffee Day,Satyaniketan,True,450,6.111467339502679,3.3,3.319783706695334,3.3731508705500266,-0.053367163854692645,3801.0,3435.0
18441687,Cafe Cones & Curries,Satyaniketan,True,400,5.993961427306569,3.1,3.323864195460136,3.3615612260845467,-0.037697030624410655,3504.0,3151.0
305472,Cafe Trance & Lounge,Satyaniketan,True,500,6.2166061010848646,2.6,3.125893296432964,3.3835207391251902,-0.25762744269222626,5643.0,5141.0
4649,Chinese Hut,Satyaniketan,True,500,6.2166061010848646,3.2,3.290396716467164,3.3835207391251902,-0.0931240226580261,4449.0,4053.0
300267,Chocolate Square,Satyaniketan,True,300,5.707110264748875,3.4,3.3809002460024593,3.3332690071959785,0.04763123880648079,2260.0,1960.0
304976,Chocolate Temptation,Satyaniketan,True,500,6.2166061010848646,3.3,3.3226354121649324,3.3835207391251902,-0.060885326960257835,3934.0,3563.0
18423129,Flirty Momo's,Satyaniketan,True,350,5.860786223465865,3.0,3.301974223689605,3.348426114537516,-0.04645189084791079,3681.0,3322.0
18456150,Food Junkies,Satyaniketan,True,300,5.707110264748875,3.2,3.3235421791717914,3.3332690071959785,-0.009726828024187117,3013.0,2679.0
18157391,Frozen Fantasy,Satyaniketan,True,300,5.707110264748875,3.3,3.331406634378843,3.3332690071959785,-0.001862372817135416,2887.0,2559.0
18469968,Hooters,Satyaniketan,True,500,6.2166061010848646,3.1,3.323864195460136,3.3835207391251902,-0.05965654366505424,3915.0,3544.0
18292083,Katwalk Lounge,Satyaniketan,True,600,6.398594934535208,3.3,3.335387757046584,3.4014703540590903,-0.0660825970125063,4014.0,3641.0
18356773,Mom Hand Momos,Satyaniketan,True,100,4.61512051684126,3.3,3.3440794868475,3.2255657205981403,0.11851376624935961,1660.0,1413.0
309811,Muradabadi Biryani Centre,Satyaniketan,True,450,6.111467339502679,2.9,3.220471460149384,3.3731508705500266,-0.1526794104006428,5080.0,4641.0
18453788,NCR Cafe ,Satyaniketan,True,800,6.68586094706836,3.0,3.324764731137877,3.4298034897290544,-0.1050387585911774,4615.0,4212.0
18460981,Peri Peri Momos,Satyaniketan,True,300,5.707110264748875,3.2,3.3278022543156465,3.3332690071959785,-0.005466752880332049,2926.0,2594.0
18287389,Rosartí© Chocolate,Satyaniketan,True,200,5.303304908059076,3.4,3.3626957929735544,3.2934415599652347,0.06925423300831968,2042.0,1757.0
1629,Shanghai Restaurant,Satyaniketan,True,300,5.707110264748875,2.5,3.079340704865382,3.3332690071959785,-0.2539283023305967,5634.0,5134.0
18288761,SharpShooters Roof Top Cafe,Satyaniketan,True,450,6.111467339502679,3.0,3.25690344403444,3.3731508705500266,-0.1162474265155864,4748.0,4330.0
7603,Stuti Restaurant,Satyaniketan,True,250,5.5254529391317835,3.0,3.2295004100041,3.3153520889822103,-0.08585167897811052,4338.0,3948.0
18204486,The Addictions,Satyaniketan,True,450,6.111467339502679,2.6,3.0601566343788433,3.3731508705500266,-0.31299423617118327,5824.0,5283.0
18341806,The Kahuna,Satyaniketan,True,800,6.68586094706836,3.1,3.2620069835566774,3.4298034897290544,-0.16779650617237696,5191.0,4741.0
18423125,Turn Up,Satyaniketan,True,1200,7.0909098220799835,3.0,3.3129551045510452,3.4697535855565107,-0.15679848100546545,5112.0,4672.0
18175323,Wow! Momo,Satyaniketan,True,350,5.860786223465865,3.4,3.3882390677355048,3.348426114537516,0.03981295319798894,2342.0,2042.0
18237321,Echoes Satyaniketan,Satyaniketan,True,600,6.398594934535208,4.7,4.659002810639149,3.4014703540590903,1.2575324565800585,5.0,5.0
18336489,#OFF Campus,Satyaniketan,True,800,6.68586094706836,3.7,3.6355189839634243,3.4298034897290544,0.20571549423436997,1221.0,1023.0
312772,2 Bandits Lounge & Bar,Satyaniketan,True,1500,7.313886831633462,3.9,3.880302220329895,3.4917458769774545,0.3885563433524406,570.0,470.0
351,"34, Chowringhee Lane",Satyaniketan,True,350,5.860786223465865,3.5,3.4815038851530646,3.348426114537516,0.13307777061554882,1570.0,1334.0
309140,Amigo's Hub,Satyaniketan,True,500,6.2166061010848646,3.7,3.629390622935155,3.3835207391251902,0.24586988380996466,1041.0,869.0
311854,CAD M CAD B,Satyaniketan,True,600,6.398594934535208,3.5,3.433142483947775,3.4014703540590903,0.03167212988868462,2429.0,2123.0
18391128,Cafe 121,Satyaniketan,True,600,6.398594934535208,3.6,3.43072959375427,3.4014703540590903,0.02925923969517985,2476.0,2170.0
18228894,Cafe Hera Pheri,Satyaniketan,True,500,6.2166061010848646,3.8,3.7511389572229055,3.3835207391251902,0.3676182180977152,627.0,525.0
18429392,Cafe Tansen,Satyaniketan,True,950,6.85751406254539,3.5,3.3943845036276445,3.446733689602322,-0.052349185974677415,3777.0,3413.0
18364239,CafíÂ Befikre,Satyaniketan,True,600,6.398594934535208,3.8,3.6295545019403677,3.4014703540590903,0.2280841478812774,1112.0,931.0
300815,Cafí© 101,Satyaniketan,True,600,6.398594934535208,3.6,3.5705616684790034,3.4014703540590903,0.1690913144199131,1385.0,1168.0
18322638,Canteen Till I Die,Satyaniketan,True,300,5.707110264748875,3.9,3.7079466482164816,3.3332690071959785,0.37467764102050305,603.0,501.0
2215,China Bowl,Satyaniketan,True,800,6.68586094706836,3.9,3.8347391523065717,3.4298034897290544,0.40493566257751734,536.0,443.0
304162,Chowringhee,Satyaniketan,True,600,6.398594934535208,3.6,3.570490389225926,3.4014703540590903,0.16902003516683584,1386.0,1169.0
18157395,Crazy Kitchen Lounge & Terrace,Satyaniketan,True,700,6.55250788703459,3.9,3.780500136668033,3.416650836170689,0.363849300497344,637.0,534.0
309865,FrenZone,Satyaniketan,True,800,6.68586094706836,3.9,3.8202152247783605,3.4298034897290544,0.39041173504930615,565.0,466.0
18249109,Giani,Satyaniketan,True,400,5.993961427306569,3.5,3.404112246714572,3.3615612260845467,0.04255102063002525,2314.0,2014.0
18355138,Grill Master,Satyaniketan,True,300,5.707110264748875,3.7,3.4721670766707664,3.3332690071959785,0.1388980694747879,1537.0,1303.0
300185,High On Burgers,Satyaniketan,True,300,5.707110264748875,3.5,3.455564211892119,3.3332690071959785,0.1222952046961403,1632.0,1389.0
300269,Kev's,Satyaniketan,True,100,4.61512051684126,3.9,3.784603136267414,3.2255657205981403,0.5590374156692737,274.0,220.0
18398506,Madira,Satyaniketan,True,800,6.68586094706836,3.6,3.494935609916444,3.4298034897290544,0.06513212018738956,2074.0,1783.0
313296,Nature Hut Cafe,Satyaniketan,True,750,6.621405651764134,3.9,3.7380272936765513,3.423446244016628,0.3145810496599233,775.0,649.0
18445781,Papa Buns,Satyaniketan,True,250,5.5254529391317835,3.6,3.4353044695987496,3.3153520889822103,0.11995238061653923,1646.0,1403.0
18372705,Pirates of Campus,Satyaniketan,True,700,6.55250788703459,3.7,3.5142666385902985,3.416650836170689,0.09761580241960965,1802.0,1538.0
4278,Subway,Satyaniketan,True,500,6.2166061010848646,3.6,3.5368524909342356,3.3835207391251902,0.15333175180904535,1452.0,1226.0
18312446,Sushiya Express,Satyaniketan,True,800,6.68586094706836,3.7,3.5610774857748577,3.4298034897290544,0.13127399604580337,1582.0,1345.0
18261701,The Chai Story,Satyaniketan,True,300,5.707110264748875,3.9,3.7592279096874734,3.3332690071959785,0.42595890249149493,489.0,402.0
18424602,The Food Truck Cafe,Satyaniketan,True,800,6.68586094706836,3.9,3.579911080360803,3.4298034897290544,0.1501075906317486,1469.0,1242.0
18358164,The Punter House,Satyaniketan,True,800,6.68586094706836,3.7,3.624391728983661,3.4298034897290544,0.19458823925460678,1269.0,1065.0
18336204,Thikaana,Satyaniketan,True,550,6.311734809152915,3.6,3.50767068750233,3.3929033130260597,0.11476737447627006,1686.0,1437.0
18368002,Tin Town Cafí©,Satyaniketan,True,600,6.398594934535208,3.9,3.7592279096874734,3.4014703540590903,0.3577575556283832,656.0,550.0
18245295,Uptown Cafe,Satyaniketan,True,1000,6.90875477931522,3.6,3.5584045418099235,3.4517875773465194,0.10661696446340407,1740.0,1478.0
18268693,Vadapav Junction,Satyaniketan,True,150,5.017279836814924,3.7,3.523840523199046,3.2652308187184387,0.2586097044806075,992.0,824.0
300183,Pizza Hut Delivery,Satyaniketan,True,800,6.68586094706836,2.3,2.6160277960141562,3.4298034897290544,-0.8137756937148981,6460.0,5766.0
18216918,Wrapss,Satyaniketan,True,350,5.860786223465865,2.2,2.826805897225639,3.348426114537516,-0.5216202173118769,6252.0,5585.0
306503,Big Yellow Door,Satyaniketan,True,600,6.398594934535208,4.2,4.187622777009021,3.4014703540590903,0.7861524229499306,86.0,71.0
18291230,Bombay Brunch,Satyaniketan,True,400,5.993961427306569,4.1,3.993350380088103,3.3615612260845467,0.6317891540035565,185.0,148.0
18418239,Burgrill,Satyaniketan,True,450,6.111467339502679,4.4,4.1736234834815304,3.3731508705500266,0.8004726129315038,76.0,61.0
18391458,Cafe Kazbaah,Satyaniketan,True,600,6.398594934535208,4.0,3.6756380688806884,3.4014703540590903,0.2741677148215982,927.0,770.0
18418358,Eat Golf Repeat,Satyaniketan,True,800,6.68586094706836,4.1,3.673401520352413,3.4298034897290544,0.2435980306233585,1048.0,876.0
18433610,Espress-o-Ville,Satyaniketan,True,600,6.398594934535208,4.0,3.6722941314464688,3.4014703540590903,0.2708237773873785,940.0,780.0
18391320,Frosty Rollies,Satyaniketan,True,250,5.5254529391317835,4.0,3.65819925537965,3.3153520889822103,0.34284716639743973,705.0,591.0
18222586,Pipeline Cafe,Satyaniketan,True,650,6.478509642208569,4.0,3.921318145421553,3.4093523663952126,0.5119657790263403,329.0,267.0
18303832,QRO Gourmeteriia BY DARK HOUSE KAFE,Satyaniketan,True,600,6.398594934535208,4.2,4.095508871231928,3.4014703540590903,0.6940385171728378,140.0,114.0
18349916,Superstar Cafí©,Satyaniketan,True,600,6.398594934535208,4.2,4.128173628238873,3.4014703540590903,0.7267032741797825,117.0,96.0
18358675,TBH - The Big House Cafe,Satyaniketan,True,700,6.55250788703459,4.0,3.7962341714763297,3.416650836170689,0.3795833353056408,590.0,489.0
312142,The Biryani Co.,Satyaniketan,True,650,6.478509642208569,4.2,4.079106194041591,3.4093523663952126,0.6697538276463786,151.0,124.0
307571,Wood Box Cafe,Satyaniketan,True,850,6.7464121285733745,4.1,4.075989876145489,3.435775671489889,0.6402142046556003,177.0,142.0
311340,Young Wild Free Cafe,Satyaniketan,True,500,6.2166061010848646,4.1,4.04810824717158,3.3835207391251902,0.6645875080463899,158.0,131.0
7849,A-One Green Sweet Corner,SDA,True,200,5.303304908059076,2.9,3.317217561326556,3.2934415599652347,0.02377600136132152,2535.0,2224.0
304950,Cake Symphony,SDA,True,600,6.398594934535208,3.1,3.2923832929735544,3.4014703540590903,-0.1090870610855359,4659.0,4251.0
304633,Charu Nanda's Home Baked Cakes,SDA,True,300,5.707110264748875,3.1,3.319866620541205,3.3332690071959785,-0.013402386654773668,3061.0,2725.0
5848,Costa Coffee,SDA,True,600,6.398594934535208,3.4,3.376593438728505,3.4014703540590903,-0.024876915330585447,3259.0,2916.0
18133471,IndoCheen,SDA,True,500,6.2166061010848646,3.2,3.275638068880689,3.3835207391251902,-0.10788267024450127,4649.0,4242.0
18312609,The Staircase Cafe by Doggy Style,SDA,True,700,6.55250788703459,2.6,2.8470639647671643,3.416650836170689,-0.5695868714035246,6309.0,5627.0
18336481,Twisted Tacos,SDA,True,850,6.7464121285733745,3.4,3.3797672097483686,3.435775671489889,-0.05600846174152041,3850.0,3481.0
18425760,Typsy Crow,SDA,True,1000,6.90875477931522,2.9,3.2455082929735544,3.4517875773465194,-0.20627928437296505,5418.0,4955.0
18216936,Urban Dhaba,SDA,True,550,6.311734809152915,2.5,2.9686801207899713,3.3929033130260597,-0.4242231922360884,6094.0,5471.0
528,Barista,SDA,True,650,6.478509642208569,3.6,3.5203433382373044,3.4093523663952126,0.11099097184209183,1708.0,1455.0
18349937,Keventers,SDA,True,400,5.993961427306569,3.6,3.418097473885186,3.3615612260845467,0.05653624780063948,2149.0,1855.0
782,Little Punjab,SDA,True,200,5.303304908059076,3.7,3.5724815727634884,3.2934415599652347,0.27904001279825374,911.0,757.0
312937,Miam,SDA,True,800,6.68586094706836,3.9,3.6199221953157026,3.4298034897290544,0.19011870558664823,1292.0,1085.0
18433987,Tippy Tippy Tap,"Sector 15, Dwarka",True,300,5.707110264748875,3.1,3.312285012936336,3.3332690071959785,-0.02098399425964237,3202.0,2861.0
2228,Alaturka,"Select Citywalk Mall, Saket",True,600,6.398594934535208,3.4,3.3904881703199496,3.4014703540590903,-0.010982183739140616,3023.0,2688.0
1643,Chicago Pizza,"Select Citywalk Mall, Saket",True,600,6.398594934535208,3.4,3.392539158594711,3.4014703540590903,-0.008931195464379371,3005.0,2671.0
2910,Fast Trax,"Select Citywalk Mall, Saket",True,250,5.5254529391317835,3.4,3.390525915675823,3.3153520889822103,0.07517382669361261,1988.0,1706.0
7364,Khan Chacha,"Select Citywalk Mall, Saket",True,650,6.478509642208569,3.4,3.395682695751008,3.4093523663952126,-0.013669670644204768,3070.0,2734.0
18429148,Pa Pa Ya,"Select Citywalk Mall, Saket",True,2000,7.601402334583733,4.7,4.491522179023052,3.520103619964429,0.9714185590586233,25.0,23.0
506,Barista,"Select Citywalk Mall, Saket",True,650,6.478509642208569,3.6,3.5176522347993755,3.4093523663952126,0.10829986840416295,1727.0,1469.0
311103,Bings Cafe,"Select Citywalk Mall, Saket",True,650,6.478509642208569,3.9,3.7820725032908222,3.4093523663952126,0.3727201368956097,608.0,506.0
310916,Fat Lulu's,"Select Citywalk Mall, Saket",True,1250,7.1316985104669115,3.8,3.7366355353034795,3.473776586508402,0.26285894879507765,978.0,812.0
306545,Harry's Bar + Cafe,"Select Citywalk Mall, Saket",True,1600,7.3783837129967145,3.6,3.5723640153068197,3.498107224335746,0.07425679097107363,1997.0,1714.0
3921,Joy Luck Moon,"Select Citywalk Mall, Saket",True,1800,7.496097345175956,3.5,3.4832085961988652,3.5097173562874113,-0.02650876008854608,3292.0,2948.0
311634,Keventers,"Select Citywalk Mall, Saket",True,400,5.993961427306569,3.9,3.837760487847934,3.3615612260845467,0.4761992617633872,379.0,309.0
8877,L'Opera,"Select Citywalk Mall, Saket",True,400,5.993961427306569,3.8,3.693264712380133,3.3615612260845467,0.33170348629558655,732.0,611.0
311756,Pita Pit,"Select Citywalk Mall, Saket",True,600,6.398594934535208,3.7,3.6357613937981488,3.4014703540590903,0.23429103973905852,1091.0,913.0
311563,Saravana Bhavan,"Select Citywalk Mall, Saket",True,500,6.2166061010848646,3.9,3.7907013445134448,3.3835207391251902,0.4071806053882545,530.0,437.0
9984,Starbucks,"Select Citywalk Mall, Saket",True,700,6.55250788703459,3.9,3.865261667636056,3.416650836170689,0.4486108314653672,442.0,361.0
1372,The Coffee Bean & Tea Leaf,"Select Citywalk Mall, Saket",True,700,6.55250788703459,3.7,3.663331611052162,3.416650836170689,0.24668077488147322,1037.0,865.0
9467,The Coffee Bean & Tea Leaf,"Select Citywalk Mall, Saket",True,700,6.55250788703459,3.6,3.5307530156267473,3.416650836170689,0.11410217945605838,1690.0,1440.0
311440,Habibi Express,"Select Citywalk Mall, Saket",True,900,6.803505257608338,2.2,2.529897840645073,3.4414067844659977,-0.9115089438209245,6487.0,5792.0
18424903,Andrea's Eatery,"Select Citywalk Mall, Saket",True,2000,7.601402334583733,4.3,4.040293467878812,3.520103619964429,0.5201898479143834,317.0,256.0
311749,Drool Waffles,"Select Citywalk Mall, Saket",True,500,6.2166061010848646,4.2,4.049864731950569,3.3835207391251902,0.6663439928253787,156.0,129.0
18268720,Elma's at Good Earth,"Select Citywalk Mall, Saket",True,1500,7.313886831633462,4.0,3.7110230068209766,3.4917458769774545,0.2192771298435221,1147.0,961.0
4271,Hí_agen-Dazs,"Select Citywalk Mall, Saket",True,700,6.55250788703459,4.0,3.954459213109323,3.416650836170689,0.5378083769386341,297.0,241.0
305833,Krispy Kreme,"Select Citywalk Mall, Saket",True,350,5.860786223465865,4.0,3.959402976692602,3.348426114537516,0.6109768621550864,205.0,161.0
307296,Movenpick,"Select Citywalk Mall, Saket",True,650,6.478509642208569,4.0,3.827242014947323,3.4093523663952126,0.4178896485521104,509.0,417.0
2786,Punjab Grill,"Select Citywalk Mall, Saket",True,1950,7.576097340623111,4.2,4.179412143935797,3.517607780583043,0.6618043633527537,160.0,133.0
302422,Aapka Bhojanalaya,Shahdara,True,200,5.303304908059076,2.8,3.30023205093162,3.2934415599652347,0.0067904909663853985,2761.0,2437.0
302418,Aayana Foods,Shahdara,True,450,6.111467339502679,3.1,3.2954369960366265,3.3731508705500266,-0.07771387451340006,4209.0,3826.0
302416,Aggarwal Sweet India,Shahdara,True,100,4.61512051684126,2.9,3.317217561326556,3.2255657205981403,0.09165184072841592,1834.0,1568.0
18343904,Amchur,Shahdara,True,450,6.111467339502679,2.9,3.3020460136419545,3.3731508705500266,-0.07110485690807211,4099.0,3723.0
302369,Anand Ji de Choley Bhatoore,Shahdara,True,150,5.017279836814924,2.7,3.2909727916723606,3.2652308187184387,0.025741972953921888,2513.0,2204.0
302425,Annapoorna,Shahdara,True,100,4.61512051684126,3.1,3.2810666286809926,3.2255657205981403,0.05550090808285235,2166.0,1870.0
302399,Big Bite,Shahdara,True,300,5.707110264748875,3.0,3.242430010567711,3.3332690071959785,-0.09083899662826767,4404.0,4011.0
302396,Ceaser Fast Food Centre,Shahdara,True,500,6.2166061010848646,2.8,3.2657332887984047,3.3835207391251902,-0.1177874503267855,4772.0,4354.0
6224,Chanana Ice Cream Parlour,Shahdara,True,100,4.61512051684126,2.9,3.317217561326556,3.2255657205981403,0.09165184072841592,1834.0,1568.0
303906,Chaska,Shahdara,True,250,5.5254529391317835,3.0,3.2917378093272456,3.3153520889822103,-0.023614279654964765,3235.0,2893.0
18291454,Chowranghee,Shahdara,True,300,5.707110264748875,2.9,3.317217561326556,3.3332690071959785,-0.01605144586942231,3105.0,2769.0
302433,Darbaar Chicken,Shahdara,True,550,6.311734809152915,3.0,3.2732147738144044,3.3929033130260597,-0.11968853921165534,4794.0,4374.0
312810,Dilli Darbar,Shahdara,True,400,5.993961427306569,3.3,3.3302714548229817,3.3615612260845467,-0.03128977126156496,3385.0,3038.0
310563,Domino's Pizza,Shahdara,True,700,6.55250788703459,2.8,3.1376566343788435,3.416650836170689,-0.2789942017918454,5716.0,5199.0
6228,Empire,Shahdara,True,100,4.61512051684126,2.9,3.309491310190879,3.2255657205981403,0.08392558959273888,1896.0,1626.0
312671,Giani,Shahdara,True,400,5.993961427306569,3.1,3.3160093114089033,3.3615612260845467,-0.045551914675643346,3661.0,3302.0
18332676,Goldy Da Dhaba,Shahdara,True,300,5.707110264748875,3.0,3.3129551045510452,3.3332690071959785,-0.020313902644933268,3178.0,2838.0
18146396,Gufa Restaurant,Shahdara,True,300,5.707110264748875,3.2,3.317659218258849,3.3332690071959785,-0.015609788937129387,3100.0,2764.0
18126077,Gulshan,Shahdara,True,600,6.398594934535208,3.3,3.3339531182473983,3.4014703540590903,-0.067517235811692,4048.0,3674.0
308906,Hira Sweets,Shahdara,True,200,5.303304908059076,3.3,3.3369489816221685,3.2934415599652347,0.043507421656933776,2302.0,2002.0
302358,Hot Shop,Shahdara,True,300,5.707110264748875,3.3,3.3330596151356247,3.3332690071959785,-0.00020939206035386349,2854.0,2528.0
302424,Janta Eating House,Shahdara,True,150,5.017279836814924,3.3,3.328230682587724,3.2652308187184387,0.06299986386928547,2091.0,1799.0
302359,Madras Cafe,Shahdara,True,250,5.5254529391317835,3.4,3.3689939058481495,3.3153520889822103,0.05364181686593916,2183.0,1884.0
6206,Mitra Da Dhaba & Caterers,Shahdara,True,200,5.303304908059076,3.0,3.2732147738144044,3.2934415599652347,-0.02022678615083029,3176.0,2836.0
311371,Mr. Momo,Shahdara,True,350,5.860786223465865,2.7,3.176306429109067,3.348426114537516,-0.17211968542844902,5215.0,4765.0
18128853,New Anand Sagar,Shahdara,True,350,5.860786223465865,2.8,3.30023205093162,3.348426114537516,-0.04819406360589573,3702.0,3343.0
307976,New Tayal's Restaurant,Shahdara,True,300,5.707110264748875,2.8,3.2502088458384577,3.3332690071959785,-0.08306016135752081,4295.0,3906.0
6252,Paramjeet Fish & Chicken Point,Shahdara,True,550,6.311734809152915,3.1,3.2923832929735544,3.3929033130260597,-0.10052002005250538,4546.0,4147.0
18128862,Pizza Diet,Shahdara,True,450,6.111467339502679,2.8,3.291136922732863,3.3731508705500266,-0.08201394781716376,4274.0,3887.0
307520,Pizza Diet,Shahdara,True,450,6.111467339502679,2.7,3.109135009619327,3.3731508705500266,-0.26401586093069973,5671.0,5163.0
310689,Pizzalicious,Shahdara,True,400,5.993961427306569,3.0,3.2967677715570254,3.3615612260845467,-0.06479345452752128,3993.0,3620.0
308522,Prem Punjab,Shahdara,True,300,5.707110264748875,2.8,3.2502088458384577,3.3332690071959785,-0.08306016135752081,4295.0,3906.0
310807,Priya Panchvati,Shahdara,True,550,6.311734809152915,2.9,3.2747886567848727,3.3929033130260597,-0.118114656241187,4776.0,4358.0
302442,Ram Singh Chaat Bhandaar,Shahdara,True,100,4.61512051684126,3.1,3.2985892056501207,3.2255657205981403,0.07302348505198042,2006.0,1723.0
307986,Ramchander Bhalushahi Wale,Shahdara,True,150,5.017279836814924,3.2,3.3235421791717914,3.2652308187184387,0.05831136045335272,2133.0,1840.0
6219,Shahi Food Corner,Shahdara,True,150,5.017279836814924,3.0,3.2967677715570254,3.2652308187184387,0.03153695283858671,2432.0,2126.0
312773,Titu Chaat Corner,Shahdara,True,200,5.303304908059076,2.9,3.3020460136419545,3.2934415599652347,0.008604453676719803,2722.0,2398.0
308513,Vinayak Restaurant,Shahdara,True,450,6.111467339502679,2.7,3.1371579554836644,3.3731508705500266,-0.23599291506636222,5555.0,5073.0
18378019,Vrinda's Food,Shahdara,True,600,6.398594934535208,2.9,3.3020460136419545,3.4014703540590903,-0.09942434041713577,4531.0,4133.0
6218,Walia's Dawat Mahal,Shahdara,True,550,6.311734809152915,3.1,3.273415926060669,3.3929033130260597,-0.11948738696539074,4791.0,4371.0
18428201,Crazy Delights,Shahdara,True,300,5.707110264748875,3.5,3.3843258849255156,3.3332690071959785,0.05105687772953704,2215.0,1915.0
312268,Anandini - The Tea Room,Shahpur Jat,True,500,6.2166061010848646,3.4,3.364366130601604,3.3835207391251902,-0.01915460852358608,3158.0,2819.0
773,Slice of Italy,Shahpur Jat,True,700,6.55250788703459,2.6,2.713970683437484,3.416650836170689,-0.7026801527332047,6417.0,5723.0
305147,The Coffee Garage,Shahpur Jat,True,800,6.68586094706836,3.4,3.385170998449115,3.4298034897290544,-0.0446324912799394,3643.0,3285.0
18337924,The Fashion Street Cafí©,Shahpur Jat,True,650,6.478509642208569,3.2,3.310634787318022,3.4093523663952126,-0.09871757907719036,4523.0,4125.0
18481305,Urban Village,Shahpur Jat,True,400,5.993961427306569,3.4,3.361492431456572,3.3615612260845467,-6.879462797471092e-05,2853.0,2527.0
18180080,Greenr Cafe,Shahpur Jat,True,1100,7.00397413672268,4.6,4.219953607144767,3.4611790920197736,0.7587745151249932,102.0,85.0
18306545,Boom Food,Shahpur Jat,True,1100,7.00397413672268,3.8,3.590595530955309,3.4611790920197736,0.12941643893553545,1592.0,1353.0
303723,Cafe Red,Shahpur Jat,True,1100,7.00397413672268,3.6,3.5605583519427424,3.4611790920197736,0.09937925992296881,1782.0,1518.0
18222560,Hyderabad House,Shahpur Jat,True,700,6.55250788703459,3.5,3.4371769892267885,3.416650836170689,0.020526153056099616,2586.0,2272.0
311483,Le ROFL,Shahpur Jat,True,1200,7.0909098220799835,3.8,3.7027103130544576,3.4697535855565107,0.23295672749794694,1097.0,918.0
305640,Ma Cuisine,Shahpur Jat,True,400,5.993961427306569,3.6,3.4675275081555164,3.3615612260845467,0.1059662820709697,1743.0,1480.0
18282007,Mumbai Matinee,Shahpur Jat,True,1000,6.90875477931522,3.5,3.4452069981226123,3.4517875773465194,-0.00658057922390709,2954.0,2620.0
301793,Old Town Cafe,Shahpur Jat,True,800,6.68586094706836,3.6,3.527455540180402,3.4298034897290544,0.09765205045134762,1801.0,1537.0
18350234,Spanish Delights,Shahpur Jat,True,200,5.303304908059076,3.5,3.398785149309826,3.2934415599652347,0.10534358934459132,1746.0,1482.0
300969,Sweet Nothings By Avanti Mathur,Shahpur Jat,True,600,6.398594934535208,3.7,3.5080059634866005,3.4014703540590903,0.10653560942751028,1742.0,1479.0
18161610,Threads,Shahpur Jat,True,700,6.55250788703459,3.8,3.5964123217621062,3.416650836170689,0.17976148559141736,1344.0,1132.0
310502,Bats On Delivery,Shahpur Jat,True,700,6.55250788703459,2.3,2.693225425574866,3.416650836170689,-0.7234254105958229,6424.0,5730.0
18244555,Asia Central,Shahpur Jat,True,1000,6.90875477931522,4.2,4.067132686103219,3.4517875773465194,0.6153451087566992,200.0,157.0
18466435,Biryani By Kilo,Shahpur Jat,True,700,6.55250788703459,4.0,3.564555215757636,3.416650836170689,0.14790437958694724,1480.0,1253.0
18163906,Cafe 5H By The Kitchen Connect,Shahpur Jat,True,700,6.55250788703459,4.0,3.7679746770095432,3.416650836170689,0.3513238408388544,670.0,562.0
18421026,Hearken Cafí©,Shahpur Jat,True,900,6.803505257608338,4.0,3.6943512572144948,3.4414067844659977,0.2529444727484971,1010.0,840.0
18291469,Puppychino,Shahpur Jat,True,1000,6.90875477931522,4.4,4.159871639020129,3.4517875773465194,0.7080840616736097,128.0,104.0
18322609,Remember Me Cafí©,Shahpur Jat,True,1000,6.90875477931522,4.0,3.8262979822421173,3.4517875773465194,0.37451040489559784,605.0,503.0
307391,Sugarama Patisserie,Shahpur Jat,True,500,6.2166061010848646,4.2,4.07804261217099,3.3835207391251902,0.6945218730458,139.0,113.0
18400746,The Last Mughal (TLM),Shahpur Jat,True,750,6.621405651764134,4.4,3.891213175745619,3.423446244016628,0.467766931728991,404.0,327.0
9417,The Mad Teapot/The Wishing Chair,Shahpur Jat,True,1000,6.90875477931522,4.1,3.9777084358343577,3.4517875773465194,0.5259208584878383,312.0,252.0
18303719,Fusion Dosa Cafe,Shakarpur,True,300,5.707110264748875,3.3,3.3405246895210885,3.3332690071959785,0.00725568232510998,2755.0,2431.0
6107,Goyal Eating Point,Shakarpur,True,200,5.303304908059076,2.8,3.2502088458384577,3.2934415599652347,-0.04323271412677698,3611.0,3257.0
313139,Haveliram,Shakarpur,True,450,6.111467339502679,2.9,3.3020460136419545,3.3731508705500266,-0.07110485690807211,4099.0,3723.0
309044,Meet You There,Shakarpur,True,500,6.2166061010848646,2.6,2.8574302849671853,3.3835207391251902,-0.5260904541580049,6259.0,5591.0
18157406,Shree Bhog Pure Veg Restaurant,Shakarpur,True,200,5.303304908059076,3.0,3.307366620541205,3.2934415599652347,0.013925060575970427,2673.0,2357.0
311196,The Crust,Shakarpur,True,500,6.2166061010848646,3.1,3.2894235500047304,3.3835207391251902,-0.09409718912045983,4456.0,4059.0
304965,Vijay Eating Point,Shakarpur,True,450,6.111467339502679,2.9,3.317217561326556,3.3731508705500266,-0.055933309223470395,3846.0,3477.0
2055,Aggarwal Restaurant,Shalimar Bagh,True,350,5.860786223465865,3.1,3.2954369960366265,3.348426114537516,-0.052989118500889276,3788.0,3423.0
2383,Ane China,Shalimar Bagh,True,400,5.993961427306569,2.7,3.231875512505125,3.3615612260845467,-0.1296857135794216,4893.0,4467.0
304092,Arora's Veg. Corner,Shalimar Bagh,True,300,5.707110264748875,3.4,3.364366130601604,3.3332690071959785,0.03109712340562565,2449.0,2143.0
302471,Ashu Thali Wala,Shalimar Bagh,True,250,5.5254529391317835,3.0,3.2868755125051248,3.3153520889822103,-0.02847657647708557,3326.0,2981.0
6555,Bangla Sweets & Pastry Shop,Shalimar Bagh,True,100,4.61512051684126,2.9,3.2879391359703063,3.2255657205981403,0.06237341537216601,2100.0,1808.0
4716,Baskin Robbins,Shalimar Bagh,True,300,5.707110264748875,3.4,3.365893296432964,3.3332690071959785,0.03262428923698568,2416.0,2110.0
311364,Believe in Taste,Shalimar Bagh,True,400,5.993961427306569,3.0,3.307366620541205,3.3615612260845467,-0.054194605543341545,3817.0,3449.0
313494,Bharat Sweet House,Shalimar Bagh,True,200,5.303304908059076,3.2,3.330044399128201,3.2934415599652347,0.03660283916296647,2375.0,2072.0
8628,Bikaner Kesarvala,Shalimar Bagh,True,150,5.017279836814924,3.2,3.3015415171274998,3.2652308187184387,0.03631069840906109,2380.0,2077.0
18312595,Cafe Coffee Day,Shalimar Bagh,True,450,6.111467339502679,3.1,3.3280098287093978,3.3731508705500266,-0.04514104184062884,3648.0,3290.0
1501,Chawla's Chic Inn,Shalimar Bagh,True,700,6.55250788703459,3.0,3.143437756252562,3.416650836170689,-0.27321307991812693,5696.0,5184.0
18383610,Chhappan Bhog,Shalimar Bagh,True,200,5.303304908059076,3.2,3.3278022543156465,3.2934415599652347,0.03436069435041178,2399.0,2095.0
2053,Chinese Hut Fast Food,Shalimar Bagh,True,350,5.860786223465865,3.0,3.277621463714637,3.348426114537516,-0.07080465082287901,4094.0,3718.0
311358,Domino's Pizza,Shalimar Bagh,True,700,6.55250788703459,3.0,3.2235393603936036,3.416650836170689,-0.19311147577708532,5333.0,4877.0
301487,Frontier,Shalimar Bagh,True,200,5.303304908059076,3.1,3.3086869618696184,3.2934415599652347,0.015245401904383726,2660.0,2344.0
18288186,Giani,Shalimar Bagh,True,400,5.993961427306569,3.3,3.3405246895210885,3.3615612260845467,-0.021036536563458164,3208.0,2867.0
8670,Hot Pot Snacks,Shalimar Bagh,True,200,5.303304908059076,3.4,3.376593438728505,3.2934415599652347,0.08315187876327013,1905.0,1634.0
18376510,Keventers,Shalimar Bagh,True,400,5.993961427306569,3.1,3.3323119009491977,3.3615612260845467,-0.029249325135348947,3346.0,3000.0
302452,Kishan Dhaba,Shalimar Bagh,True,150,5.017279836814924,3.0,3.324764731137877,3.2652308187184387,0.059533912419438284,2121.0,1828.0
2049,Madras Dosa & Chinese,Shalimar Bagh,True,500,6.2166061010848646,2.7,2.927946648216482,3.3835207391251902,-0.45557409090870804,6158.0,5516.0
304090,Mehfil Tawa Tandoor,Shalimar Bagh,True,350,5.860786223465865,3.1,3.312285012936336,3.348426114537516,-0.03614110160117967,3462.0,3113.0
6561,Mitthu Tikki Wala,Shalimar Bagh,True,300,5.707110264748875,3.2,3.305893296432964,3.3332690071959785,-0.02737571076301437,3303.0,2959.0
6562,Mitthu Tikki Wala,Shalimar Bagh,True,300,5.707110264748875,3.4,3.3748687447400787,3.3332690071959785,0.04159973754410018,2324.0,2024.0
8672,Pandit Ji Ka Dhaba,Shalimar Bagh,True,150,5.017279836814924,2.9,3.3020460136419545,3.2652308187184387,0.036815194923515815,2369.0,2066.0
18380175,Punjabi Angeethi,Shalimar Bagh,True,600,6.398594934535208,3.2,3.2962666331208763,3.4014703540590903,-0.10520372093821395,4618.0,4215.0
301517,Ram Chinese Food,Shalimar Bagh,True,400,5.993961427306569,3.1,3.2710073715320482,3.3615612260845467,-0.09055385455249843,4398.0,4005.0
312858,Sardar Ji Punjabi Jayeka,Shalimar Bagh,True,250,5.5254529391317835,2.9,3.317217561326556,3.3153520889822103,0.0018654723443458643,2821.0,2496.0
18222576,SFC,Shalimar Bagh,True,250,5.5254529391317835,2.8,3.2502088458384577,3.3153520889822103,-0.06514324314375264,3999.0,3626.0
18455522,SGF - Spice Grill Flame,Shalimar Bagh,True,500,6.2166061010848646,3.1,3.3323119009491977,3.3835207391251902,-0.05120883817599253,3756.0,3394.0
311168,Shalimar Vyanjan,Shalimar Bagh,True,400,5.993961427306569,3.0,3.2967677715570254,3.3615612260845467,-0.06479345452752128,3993.0,3620.0
18357957,Shri Rudram,Shalimar Bagh,True,500,6.2166061010848646,3.1,3.3280098287093978,3.3835207391251902,-0.05551091041579248,3838.0,3469.0
306751,Smile Bakers,Shalimar Bagh,True,200,5.303304908059076,3.1,3.3018447663984833,3.2934415599652347,0.008403206433248656,2734.0,2410.0
18400759,Spice Sea,Shalimar Bagh,True,600,6.398594934535208,3.3,3.3405246895210885,3.4014703540590903,-0.060945664538001765,3935.0,3564.0
8676,Street 5,Shalimar Bagh,True,350,5.860786223465865,2.8,3.2578395042424995,3.348426114537516,-0.09058661029501636,4400.0,4007.0
18442666,Subs n Shakes,Shalimar Bagh,True,400,5.993961427306569,3.1,3.3323119009491977,3.3615612260845467,-0.029249325135348947,3346.0,3000.0
311115,Subway,Shalimar Bagh,True,500,6.2166061010848646,2.6,2.987500323687447,3.3835207391251902,-0.39602041543774336,6030.0,5423.0
303128,Twenty Four Seven,Shalimar Bagh,True,300,5.707110264748875,3.3,3.335893296432964,3.3332690071959785,0.002624289236985433,2814.0,2490.0
18352278,Wah G Wah,Shalimar Bagh,True,450,6.111467339502679,2.6,3.257366620541205,3.3731508705500266,-0.11578425000882175,4742.0,4326.0
2054,Aman-Deep Pure Veg,Shalimar Bagh,True,400,5.993961427306569,3.5,3.443066646486777,3.3615612260845467,0.0815054204022303,1924.0,1651.0
5271,Kwality Pastry Parlour,Shalimar Bagh,True,200,5.303304908059076,3.5,3.4271253075030743,3.2934415599652347,0.13368374753783963,1565.0,1330.0
9954,McDonald's,Shalimar Bagh,True,500,6.2166061010848646,3.5,3.417187849435312,3.3835207391251902,0.03366711031012182,2405.0,2100.0
313171,Nagpal's,Shalimar Bagh,True,200,5.303304908059076,3.5,3.4089066343788432,3.2934415599652347,0.11546507441360854,1680.0,1431.0
2047,Peshawari's Deluxe,Shalimar Bagh,True,600,6.398594934535208,3.7,3.6299693883209323,3.4014703540590903,0.22849903426184204,1110.0,929.0
301015,Slic Chic,Shalimar Bagh,True,450,6.111467339502679,3.8,3.703138901983733,3.3731508705500266,0.3299880314337065,737.0,616.0
300780,Standard Ice Cream,Shalimar Bagh,True,100,4.61512051684126,3.5,3.4089066343788432,3.2255657205981403,0.18334091378070294,1327.0,1115.0
301507,Ever Bake,Shalimar Bagh,True,350,5.860786223465865,4.0,3.924315549405494,3.348426114537516,0.5758894348679782,247.0,196.0
18261157,Grappa - Shangri-La's - Eros Hotel,"Shangri La's - Eros hotel, Janpath",True,3500,8.160803920954665,3.4,3.3685859309250983,3.5752775714558593,-0.20669164053076106,5423.0,4960.0
18277024,Shang Palace - Shangri-La's Eros Hotel,"Shangri La's - Eros hotel, Janpath",True,5000,8.517393171418904,3.7,3.550109918862346,3.6104480795252334,-0.06033816066288722,3929.0,3558.0
18261160,Sorrento - Shangri-La's - Eros Hotel,"Shangri La's - Eros hotel, Janpath",True,5000,8.517393171418904,3.9,3.666195919567891,3.6104480795252334,0.055747840042657426,2161.0,1865.0
18219539,Mister Chai - Shangri-La's - Eros Hotel,"Shangri La's - Eros hotel, Janpath",True,2000,7.601402334583733,4.1,3.786431886754764,3.520103619964429,0.2663282667903353,966.0,801.0
311369,Tamra - Shangri-La's - Eros Hotel,"Shangri La's - Eros hotel, Janpath",True,3800,8.24301946898925,4.3,4.1964644337423325,3.583386516388478,0.6130779173538543,202.0,159.0
308769,Cafe Coffee Day,Shanti Niketan Marg,True,450,6.111467339502679,3.4,3.3693914198757366,3.3731508705500266,-0.0037594506742899547,2914.0,2583.0
220,Domino's Pizza,Shanti Niketan Marg,True,700,6.55250788703459,2.8,3.001586050375429,3.416650836170689,-0.41506478579526007,6073.0,5454.0
18144466,Shivas Cafe,Sheikh Sarai,True,350,5.860786223465865,3.1,3.2954369960366265,3.348426114537516,-0.052989118500889276,3788.0,3423.0
2739,Dakshin - Sheraton New Delhi Hotel,"Sheraton New Delhi Hotel, Saket",True,4000,8.294299608857235,4.0,3.91267178777557,3.5884442924450406,0.3242274953305295,756.0,632.0
18133508,Delhi Pavilion - Sheraton New Delhi Hotel,"Sheraton New Delhi Hotel, Saket",True,3000,8.006700845440367,4.0,3.8479068456952508,3.560078337452493,0.28782850824275785,889.0,739.0
2741,Pan Asian - Sheraton New Delhi Hotel,"Sheraton New Delhi Hotel, Saket",True,3000,8.006700845440367,4.2,4.089395028591244,3.560078337452493,0.5293166911387508,308.0,249.0
308386,Domino's Pizza,South Extension 1,True,700,6.55250788703459,2.5,2.889836735984182,3.416650836170689,-0.526814100186507,6261.0,5593.0
3170,Kitchen of Awadh,South Extension 1,True,800,6.68586094706836,3.4,3.378871953542544,3.4298034897290544,-0.05093153618651014,3753.0,3391.0
7760,McDonald's,South Extension 1,True,500,6.2166061010848646,3.3,3.3205945143467823,3.3835207391251902,-0.06292622477840792,3953.0,3582.0
18425186,ODT,South Extension 1,True,800,6.68586094706836,3.3,3.3411890286935653,3.4298034897290544,-0.08861446103548909,4367.0,3976.0
311272,Rainbows,South Extension 1,True,500,6.2166061010848646,2.6,3.104281243154897,3.3835207391251902,-0.2792394959702933,5719.0,5202.0
310891,Subway,South Extension 1,True,500,6.2166061010848646,3.4,3.3889469016217935,3.3835207391251902,0.005426162496603215,2779.0,2455.0
9095,Bombay Bhelpuri,South Extension 1,True,150,5.017279836814924,3.9,3.8337747062815453,3.2652308187184387,0.5685438875631066,258.0,205.0
305763,The Owl's Kitchen,South Extension 1,True,900,6.803505257608338,3.5,3.4673207656964458,3.4414067844659977,0.02591398123044808,2511.0,2202.0
307418,Dare To Deliver,South Extension 1,True,600,6.398594934535208,2.3,2.776967877317662,3.4014703540590903,-0.6245024767414282,6367.0,5676.0
3686,Aggarwal Sweet and Restaurant,South Extension 2,True,400,5.993961427306569,2.9,3.2300377723926488,3.3615612260845467,-0.13152345369189788,4907.0,4481.0
18449626,Burger Lust,South Extension 2,True,100,4.61512051684126,2.9,3.256653721779153,3.2255657205981403,0.031088001181012626,2452.0,2146.0
7761,Cafe Coffee Day,South Extension 2,True,450,6.111467339502679,3.4,3.3701566343788434,3.3731508705500266,-0.0029942361711832177,2904.0,2575.0
9842,Cakes & Bakes,South Extension 2,True,250,5.5254529391317835,3.2,3.3235421791717914,3.3153520889822103,0.008190090189581056,2738.0,2414.0
18254523,Chic Fillet,South Extension 2,True,300,5.707110264748875,2.9,3.317217561326556,3.3332690071959785,-0.01605144586942231,3105.0,2769.0
312378,Chinese Express,South Extension 2,True,500,6.2166061010848646,3.1,3.305208845838458,3.3835207391251902,-0.07831189328673238,4219.0,3835.0
18358171,Costa Coffee,South Extension 2,True,600,6.398594934535208,3.1,3.323864195460136,3.4014703540590903,-0.07760615859895426,4207.0,3824.0
307474,Domino's Pizza,South Extension 2,True,700,6.55250788703459,2.9,3.0974333102706026,3.416650836170689,-0.31921752590008623,5844.0,5295.0
9083,Gupta Fast Food,South Extension 2,True,600,6.398594934535208,3.4,3.3693914198757366,3.4014703540590903,-0.03207893418335361,3400.0,3053.0
310705,Hangchuaa's Chinese Food Corner,South Extension 2,True,600,6.398594934535208,3.1,3.2784424746421372,3.4014703540590903,-0.12302787941695303,4818.0,4397.0
310701,Kathi's,South Extension 2,True,400,5.993961427306569,3.0,3.307366620541205,3.3615612260845467,-0.054194605543341545,3817.0,3449.0
306934,Kitchen & Chicken,South Extension 2,True,600,6.398594934535208,3.2,3.2748740479829035,3.4014703540590903,-0.12659630607618677,4857.0,4435.0
305651,Meal A Deal,South Extension 2,True,400,5.993961427306569,2.8,3.235685979843669,3.3615612260845467,-0.12587524624087765,4849.0,4427.0
9094,Mohit Restaurant,South Extension 2,True,600,6.398594934535208,2.8,3.2092807689440526,3.4014703540590903,-0.1921895851150377,5330.0,4874.0
93,Princess Garden,South Extension 2,True,1200,7.0909098220799835,2.7,3.0989066343788436,3.4697535855565107,-0.3708469511776671,5977.0,5393.0
9099,Republic of Chicken,South Extension 2,True,400,5.993961427306569,2.8,3.235685979843669,3.3615612260845467,-0.12587524624087765,4849.0,4427.0
18312618,Sai Juice Point,South Extension 2,True,150,5.017279836814924,3.1,3.323864195460136,3.2652308187184387,0.05863337674169733,2128.0,1835.0
18146398,The Pirates Of China Town,South Extension 2,True,350,5.860786223465865,3.2,3.317659218258849,3.348426114537516,-0.03076689627866669,3371.0,3024.0
3298,Voda Bar,South Extension 2,True,2200,7.696667081526462,3.2,3.2962666331208763,3.529499611421586,-0.23323297830070988,5543.0,5065.0
305684,All Things Yummy,South Extension 2,True,350,5.860786223465865,3.8,3.61207291239579,3.348426114537516,0.26364679785827416,976.0,810.0
7759,Cake Palace,South Extension 2,True,250,5.5254529391317835,3.8,3.694796797848361,3.3153520889822103,0.37944470886615056,591.0,490.0
302503,Charan Singh Kulfi & Kala Khatta,South Extension 2,True,100,4.61512051684126,3.6,3.443750394234711,3.2255657205981403,0.2181846736365709,1153.0,967.0
677,Chinese Hut,South Extension 2,True,500,6.2166061010848646,3.6,3.5103862555169667,3.3835207391251902,0.12686551639177646,1604.0,1365.0
305826,Costa Coffee,South Extension 2,True,600,6.398594934535208,3.8,3.61207291239579,3.4014703540590903,0.21060255833669972,1185.0,993.0
743,Daitchi,South Extension 2,True,1100,7.00397413672268,3.5,3.4773681079202095,3.4611790920197736,0.016189015900435866,2642.0,2326.0
18345751,DomDom Biryani,South Extension 2,True,800,6.68586094706836,3.7,3.5761777590601995,3.4298034897290544,0.14637426933114517,1493.0,1263.0
2250,Gupta's Restaurant,South Extension 2,True,450,6.111467339502679,3.5,3.4523694820281534,3.3731508705500266,0.07921861147812681,1946.0,1671.0
18352214,Mama's,South Extension 2,True,900,6.803505257608338,3.5,3.4181183230371626,3.4414067844659977,-0.023288461428835117,3225.0,2883.0
192,McDonald's,South Extension 2,True,500,6.2166061010848646,3.6,3.5435765312514236,3.3835207391251902,0.16005579212623333,1419.0,1199.0
483,Moti Mahal Delux- Legendary Culinary,South Extension 2,True,1500,7.313886831633462,3.6,3.546073144912865,3.4917458769774545,0.05432726793541054,2178.0,1879.0
1675,Qureshi's Kabab Corner,South Extension 2,True,650,6.478509642208569,3.6,3.5538353437511647,3.4093523663952126,0.14448297735595217,1511.0,1280.0
18451269,TukTuk,South Extension 2,True,1000,6.90875477931522,3.8,3.498801791100102,3.4517875773465194,0.04701421375358272,2270.0,1970.0
18306530,Circus,South Extension 2,True,1300,7.170888478512505,4.0,3.940915484665999,3.477641905178529,0.46327357948747006,411.0,334.0
18332063,The Society Cafe,South Extension 2,True,800,6.68586094706836,4.1,3.914709751264179,3.4298034897290544,0.4849062615351247,363.0,296.0
309852,Club London,"Southern Park Mall, Saket",True,2500,7.824445930877619,3.3,3.3110198717118746,3.542102478856175,-0.2310826071443004,5530.0,5053.0
18245284,3 Pegs Down,"Southern Park Mall, Saket",True,1200,7.0909098220799835,3.6,3.5541824464297274,3.4697535855565107,0.08442886087321666,1892.0,1622.0
310413,Chicago Pizza,"Spark Mall, Kamla Nagar",True,600,6.398594934535208,2.6,3.0843754046093093,3.4014703540590903,-0.317094949449781,5837.0,5288.0
18261739,Maakhansingh,"Spark Mall, Kamla Nagar",True,400,5.993961427306569,2.9,3.2300377723926488,3.3615612260845467,-0.13152345369189788,4907.0,4481.0
311068,Mad Over Donuts,"Spark Mall, Kamla Nagar",True,450,6.111467339502679,3.8,3.6182853781017146,3.3731508705500266,0.24513450755168797,1044.0,872.0
308175,Starbucks,"Spark Mall, Kamla Nagar",True,700,6.55250788703459,3.7,3.612819034440344,3.416650836170689,0.19616819826965504,1263.0,1061.0
18276343,World of Wok,"Spark Mall, Kamla Nagar",True,500,6.2166061010848646,3.6,3.4283455035254575,3.3835207391251902,0.04482476440026728,2290.0,1990.0
4682,Alvi's Food Spot,"Star City Mall, Mayur Vihar Phase 1",True,350,5.860786223465865,3.2,3.312311071974356,3.348426114537516,-0.03611504256315978,3459.0,3110.0
6191,Cafe Coffee Day,"Star City Mall, Mayur Vihar Phase 1",True,450,6.111467339502679,2.7,3.109135009619327,3.3731508705500266,-0.26401586093069973,5671.0,5163.0
1275,Code,"Star City Mall, Mayur Vihar Phase 1",True,850,6.7464121285733745,2.5,2.7512803057247437,3.435775671489889,-0.6844953657651454,6407.0,5713.0
2934,Haowin,"Star City Mall, Mayur Vihar Phase 1",True,1100,7.00397413672268,3.2,3.2541060638708577,3.4611790920197736,-0.20707302814891593,5425.0,4962.0
308801,Mirror,"Star City Mall, Mayur Vihar Phase 1",True,1250,7.1316985104669115,3.3,3.3139585041683746,3.473776586508402,-0.15981808234002726,5133.0,4693.0
4854,Pizza Hut Delivery,"Star City Mall, Mayur Vihar Phase 1",True,800,6.68586094706836,2.7,2.9346509613993197,3.4298034897290544,-0.49515252832973466,6215.0,5555.0
306178,Platinum Lounge,"Star City Mall, Mayur Vihar Phase 1",True,1400,7.244941546337007,3.3,3.3179466482164823,3.4849457821633028,-0.16699913394682042,5187.0,4737.0
310538,Aap Ki Rasoi Ghar,Subhash Nagar,True,250,5.5254529391317835,3.0,3.3129551045510452,3.3153520889822103,-0.0023969844311650945,2896.0,2567.0
305579,Aggarwal Sweet & Pastry,Subhash Nagar,True,100,4.61512051684126,2.8,3.30023205093162,3.2255657205981403,0.0746663303334798,1991.0,1708.0
17977785,Craving,Subhash Nagar,True,600,6.398594934535208,3.1,3.3086869618696184,3.4014703540590903,-0.09278339218947185,4435.0,4039.0
18037814,Dakshin South Indian Hut,Subhash Nagar,True,200,5.303304908059076,3.0,3.324764731137877,3.2934415599652347,0.03132317117264227,2437.0,2131.0
18472638,Food & Travel Cafe,Subhash Nagar,True,400,5.993961427306569,3.2,3.3256361144119913,3.3615612260845467,-0.03592511167255541,3453.0,3104.0
18168154,Jolly Tandoori Zaika,Subhash Nagar,True,400,5.993961427306569,3.2,3.3235421791717914,3.3615612260845467,-0.03801904691275526,3511.0,3158.0
18424579,Lababdar Rasoi,Subhash Nagar,True,200,5.303304908059076,3.3,3.3386543192354994,3.2934415599652347,0.04521275927026469,2283.0,1983.0
305552,Madan Da Dhaba,Subhash Nagar,True,150,5.017279836814924,3.0,3.3187505694501387,3.2652308187184387,0.05351975073170001,2184.0,1885.0
302004,Nishtha,Subhash Nagar,True,250,5.5254529391317835,3.3,3.335893296432964,3.3153520889822103,0.020541207450753607,2585.0,2271.0
18386266,P2 Tandoori Momos Station,Subhash Nagar,True,200,5.303304908059076,3.1,3.3086869618696184,3.2934415599652347,0.015245401904383726,2660.0,2344.0
18272352,Punjabi's Veg Grill,Subhash Nagar,True,350,5.860786223465865,2.9,3.2948666205412054,3.348426114537516,-0.05355949399631044,3803.0,3437.0
300560,Sethi's The Cake Shop,Subhash Nagar,True,150,5.017279836814924,2.8,3.2155773961585763,3.2652308187184387,-0.04965342255986238,3735.0,3373.0
304453,Soya Grill,Subhash Nagar,True,300,5.707110264748875,3.0,3.324764731137877,3.3332690071959785,-0.008504276058101556,2985.0,2651.0
18025106,Sunny Kebab Wala,Subhash Nagar,True,300,5.707110264748875,3.3,3.3392582929735544,3.3332690071959785,0.005989285777575848,2774.0,2450.0
301836,Vaishno Bhojnalaya,Subhash Nagar,True,150,5.017279836814924,3.1,3.3086869618696184,3.2652308187184387,0.04345614315117974,2305.0,2005.0
306012,Valentine Coffee Bar,Subhash Nagar,True,400,5.993961427306569,2.9,3.2879391359703063,3.3615612260845467,-0.07362209011424037,4139.0,3760.0
312023,Zayka Delhi-6,Subhash Nagar,True,600,6.398594934535208,3.1,3.305208845838458,3.4014703540590903,-0.0962615082206324,4485.0,4088.0
18365385,Flirty Momo's,Subhash Nagar,True,350,5.860786223465865,2.4,3.0215004100040996,3.348426114537516,-0.3269257045334162,5870.0,5318.0
586,Nathu's Sweets,Sunder Nagar,True,600,6.398594934535208,3.3,3.3113177060824657,3.4014703540590903,-0.09015264797662459,4391.0,3998.0
3403,Basil & Thyme,Sunder Nagar,True,2200,7.696667081526462,3.6,3.5307530156267473,3.529499611421586,0.0012534042051610683,2839.0,2514.0
2902,Kamal's,Sunder Nagar,True,550,6.311734809152915,3.7,3.6489926291053956,3.3929033130260597,0.2560893160793358,1002.0,833.0
308628,Orange Peel by Rasleen Kochhar,Sunder Nagar,True,700,6.55250788703459,3.6,3.4689519435516933,3.416650836170689,0.052301107381004464,2200.0,1901.0
18157416,Masala House,Sunder Nagar,True,1800,7.496097345175956,4.0,3.85418592087297,3.5097173562874113,0.34446856458555875,698.0,586.0
18264963,Number 8,Sunder Nagar,True,2200,7.696667081526462,4.0,3.851460424066857,3.529499611421586,0.3219608126452709,760.0,636.0
18384123,Keventers,"T3 Domestic Arrival, Aerocity",True,400,5.993961427306569,3.2,3.334773286369227,3.3615612260845467,-0.026787939715319453,3295.0,2951.0
308595,4700BC Popcorn,Tagore Garden,True,400,5.993961427306569,3.2,3.3015415171274998,3.3615612260845467,-0.06001970895704689,3921.0,3550.0
18251318,Chennai X-Press,Tagore Garden,True,200,5.303304908059076,2.9,3.3020460136419545,3.2934415599652347,0.008604453676719803,2722.0,2398.0
18303675,Chinese Sigdi,Tagore Garden,True,250,5.5254529391317835,3.0,3.3187505694501387,3.3153520889822103,0.0033984804679283442,2795.0,2471.0
18245286,Da Pizza Pind,Tagore Garden,True,250,5.5254529391317835,3.2,3.287206244121265,3.3153520889822103,-0.028145844860945513,3321.0,2976.0
18414475,Faasos,Tagore Garden,True,600,6.398594934535208,3.0,3.324764731137877,3.4014703540590903,-0.0767056229212133,4196.0,3815.0
308814,Frontier,Tagore Garden,True,200,5.303304908059076,2.9,3.309491310190879,3.2934415599652347,0.016049750225644477,2643.0,2327.0
308996,Gyan Di Hatti,Tagore Garden,True,200,5.303304908059076,2.9,3.309491310190879,3.2934415599652347,0.016049750225644477,2643.0,2327.0
304583,Hot Stuff,Tagore Garden,True,450,6.111467339502679,3.3,3.339881440481071,3.3731508705500266,-0.033269430068955774,3414.0,3067.0
308080,KK Da Dhaba,Tagore Garden,True,400,5.993961427306569,3.4,3.3770435649068022,3.3615612260845467,0.015482338822255581,2658.0,2342.0
18372669,Last Bencher's,Tagore Garden,True,300,5.707110264748875,3.0,3.3129551045510452,3.3332690071959785,-0.020313902644933268,3178.0,2838.0
309305,Raj Bakers And Confectioners,Tagore Garden,True,100,4.61512051684126,3.0,3.3129551045510452,3.2255657205981403,0.08738938395290496,1870.0,1601.0
18292457,Taste Drive,Tagore Garden,True,250,5.5254529391317835,3.4,3.365893296432964,3.3153520889822103,0.050541207450753856,2229.0,1929.0
973,The Kafilla,Tagore Garden,True,600,6.398594934535208,3.0,3.3187505694501387,3.4014703540590903,-0.08271978460895157,4287.0,3898.0
18292469,Tibb's Frankie,Tagore Garden,True,250,5.5254529391317835,3.1,3.3160093114089033,3.3153520889822103,0.0006572224266929716,2844.0,2519.0
18381626,4 Barrels Cafí© & Lounge,Tagore Garden,True,1200,7.0909098220799835,3.5,3.400171654113801,3.4697535855565107,-0.06958193144270952,4070.0,3696.0
18425157,Baadshah,Tagore Garden,True,1000,6.90875477931522,3.5,3.402833743337433,3.4517875773465194,-0.04895383400908626,3717.0,3358.0
18365991,Behrouz Biryani,Tagore Garden,True,600,6.398594934535208,3.5,3.4292478713622083,3.4014703540590903,0.02777751730311806,2491.0,2184.0
18355146,Galina Restaurant,Tagore Garden,True,700,6.55250788703459,3.5,3.416235985635718,3.416650836170689,-0.0004148505349710341,2860.0,2534.0
18454473,Masala Factory,Tagore Garden,True,500,6.2166061010848646,3.8,3.4718288171687686,3.3835207391251902,0.08830807804357832,1865.0,1596.0
18432240,Ovenstory Pizza,Tagore Garden,True,500,6.2166061010848646,3.5,3.380533290988647,3.3835207391251902,-0.0029874481365430583,2903.0,2574.0
301998,Punjab Grill,Tagore Garden,True,1600,7.3783837129967145,4.3,4.264267894504464,3.498107224335746,0.7661606701687176,100.0,83.0
3239,Insomnia - Taj Vivanta,"Taj Vivanta, Khan Market",True,3000,8.006700845440367,3.3,3.325379098487954,3.560078337452493,-0.23469923896453881,5549.0,5069.0
301422,Larry's China - Taj Vivanta,"Taj Vivanta, Khan Market",True,3200,8.071218539969863,3.7,3.612819034440344,3.566441737619808,0.04637729682053582,2274.0,1974.0
4404,Yellow Brick Road - Taj Vivanta,"Taj Vivanta, Khan Market",True,2500,7.824445930877619,3.9,3.869094862931388,3.542102478856175,0.32699238407521314,749.0,627.0
300008,English Tadka,"TDI Mall, Rajouri Garden",True,800,6.68586094706836,3.3,3.3125001529866043,3.4298034897290544,-0.11730333674245008,4766.0,4348.0
18216903,Burger King,"TDI Mall, Rajouri Garden",True,500,6.2166061010848646,3.6,3.548138428724713,3.3835207391251902,0.1646176895995226,1401.0,1182.0
1079,Pizza Hut,"TDI Mall, Rajouri Garden",True,1000,6.90875477931522,3.6,3.535855425001618,3.4517875773465194,0.08406784765509867,1894.0,1624.0
4375,Cake Shop - The Ashok,"The Ashok, Chanakyapuri",True,500,6.2166061010848646,3.1,3.264167076670766,3.3835207391251902,-0.11935366245442403,4789.0,4369.0
3955,Samavar - The Ashok,"The Ashok, Chanakyapuri",True,2200,7.696667081526462,3.2,3.276417842786675,3.529499611421586,-0.25308176863491116,5630.0,5132.0
4376,Tea Lounge - The Ashok,"The Ashok, Chanakyapuri",True,1600,7.3783837129967145,3.2,3.310634787318022,3.498107224335746,-0.18747243701772387,5299.0,4845.0
1898,Frontier - The Ashok,"The Ashok, Chanakyapuri",True,3600,8.188966863648876,3.7,3.5860835383353833,3.5780552912048265,0.008028247130556831,2741.0,2417.0
1900,The Oudh - The Ashok,"The Ashok, Chanakyapuri",True,3700,8.216358332386156,3.6,3.5182049043644796,3.580756920238799,-0.06255201587431936,3951.0,3580.0
306198,Zerruco - The Ashok,"The Ashok, Chanakyapuri",True,2500,7.824445930877619,4.4,4.32190354217372,3.542102478856175,0.779801063317545,90.0,75.0
18312443,The Claridges Garden -The Claridges,"The Claridges, Aurangzeb Road",True,2000,7.601402334583733,3.1,3.3280098287093978,3.520103619964429,-0.19209379125503112,5328.0,4873.0
2683,Aura - The Claridges,"The Claridges, Aurangzeb Road",True,4100,8.31898612539206,3.5,3.4199179203330488,3.59087913120662,-0.1709612108735712,5212.0,4762.0
2682,Dhaba - The Claridges,"The Claridges, Aurangzeb Road",True,4300,8.366602832783736,3.9,3.8549623630658414,3.595575581784913,0.2593867812809285,987.0,821.0
2681,Jade - The Claridges,"The Claridges, Aurangzeb Road",True,5000,8.517393171418904,3.8,3.6798498948104235,3.6104480795252334,0.06940181528519007,2041.0,1756.0
2674,Pickwicks - The Claridges,"The Claridges, Aurangzeb Road",True,3600,8.188966863648876,3.7,3.609109206118657,3.5780552912048265,0.03105391491383047,2453.0,2147.0
2684,Ye Old Bakery - The Claridges,"The Claridges, Aurangzeb Road",True,1000,6.90875477931522,3.7,3.550109918862346,3.4517875773465194,0.09832234151582675,1796.0,1532.0
2675,Sevilla - The Claridges,"The Claridges, Aurangzeb Road",True,4500,8.412054873292933,4.3,4.245244441402011,3.6000585305990374,0.645185910802974,173.0,140.0
3227,GBar - The Grand New Delhi,"The Grand New Delhi, Vasant Kunj",True,2650,7.8826922062890254,3.3,3.3129511894345747,3.54784732701607,-0.23489613758149552,5550.0,5070.0
4840,Cascades - The Grand New Delhi,"The Grand New Delhi, Vasant Kunj",True,3200,8.071218539969863,3.6,3.5165241832212843,3.566441737619808,-0.049917554398523745,3740.0,3378.0
2726,1911 Bar - The Imperial,"The Imperial, Janpath",True,2000,7.601402334583733,3.2,3.3256361144119913,3.520103619964429,-0.19446750555243764,5341.0,4883.0
301523,Nostalgia at 1911 Brasserie - The Imperial,"The Imperial, Janpath",True,6000,8.699681400989514,3.2,3.3215168975460245,3.628427223991081,-0.30691032644505656,5803.0,5265.0
2729,Patiala Peg - The Imperial,"The Imperial, Janpath",True,3000,8.006700845440367,3.3,3.3339531182473983,3.560078337452493,-0.22612521920509465,5511.0,5037.0
2724,1911 - The Imperial,"The Imperial, Janpath",True,6000,8.699681400989514,3.9,3.8162384135523597,3.628427223991081,0.18781118956127862,1302.0,1093.0
2728,Daniell's Tavern - The Imperial,"The Imperial, Janpath",True,4000,8.294299608857235,3.7,3.541782692132477,3.5884442924450406,-0.0466616003125635,3688.0,3329.0
2730,La Baguette - The Imperial,"The Imperial, Janpath",True,900,6.803505257608338,3.8,3.5660907526628454,3.4414067844659977,0.12468396819684768,1617.0,1376.0
2727,San Gimignano - The Imperial,"The Imperial, Janpath",True,5000,8.517393171418904,3.7,3.5883171944464545,3.6104480795252334,-0.022130885078778917,3220.0,2878.0
2731,The Atrium - The Imperial,"The Imperial, Janpath",True,2500,7.824445930877619,3.6,3.485023875002901,3.542102478856175,-0.057078603853274235,3858.0,3489.0
2725,The Spice Route - The Imperial,"The Imperial, Janpath",True,6000,8.699681400989514,4.0,3.8967939310074917,3.628427223991081,0.26836670701641063,956.0,793.0
18237363,Bao Cha,"The India Mall, New Friends Colony",True,1000,6.90875477931522,3.0,3.123831156477032,3.4517875773465194,-0.3279564208694876,5872.0,5320.0
18322518,Nazeer Delicacies,"The India Mall, New Friends Colony",True,900,6.803505257608338,3.3,3.335893296432964,3.4414067844659977,-0.10551348803303373,4622.0,4219.0
1023,Open Oven,"The India Mall, New Friends Colony",True,250,5.5254529391317835,3.4,3.384889435128528,3.3153520889822103,0.06953734614631779,2039.0,1754.0
18277022,Slurp Pasta Express,"The India Mall, New Friends Colony",True,300,5.707110264748875,2.9,3.309491310190879,3.3332690071959785,-0.023777697005099352,3241.0,2899.0
18354650,Urban Gala,"The India Mall, New Friends Colony",True,700,6.55250788703459,2.8,3.1972430992692273,3.416650836170689,-0.21940773690146154,5482.0,5012.0
9671,Shree Rathnam,"The India Mall, New Friends Colony",True,800,6.68586094706836,3.5,3.449741591381431,3.4298034897290544,0.019938101652376528,2589.0,2275.0
149,Subway,"The India Mall, New Friends Colony",True,500,6.2166061010848646,1.9,2.2646796448733713,3.3835207391251902,-1.118841094251819,6500.0,5805.0
8842,24/7 Pastry Shop - The Lalit New Delhi,"The Lalit New Delhi, Barakhamba Road",True,900,6.803505257608338,3.3,3.3264476921084998,3.4414067844659977,-0.1149590923574979,4738.0,4322.0
8817,Le Petit Cafe - The Lalit New Delhi,"The Lalit New Delhi, Barakhamba Road",True,1600,7.3783837129967145,3.2,3.2926566343788437,3.498107224335746,-0.20545058995690235,5413.0,4950.0
309110,The Grill Room - The Lalit New Delhi,"The Lalit New Delhi, Barakhamba Road",True,4500,8.412054873292933,3.4,3.376125307503075,3.6000585305990374,-0.2239332230959623,5504.0,5031.0
301524,24/7 Bar- The Lalit New Delhi,"The Lalit New Delhi, Barakhamba Road",True,3000,8.006700845440367,3.5,3.4224737313862494,3.560078337452493,-0.13760460606624347,4960.0,4528.0
3910,24/7 Restaurant - The Lalit New Delhi,"The Lalit New Delhi, Barakhamba Road",True,5100,8.537191877922927,3.7,3.6634883135690335,3.612400832071633,0.0510874814974005,2213.0,1913.0
3027,Baluchi - The Lalit New Delhi,"The Lalit New Delhi, Barakhamba Road",True,4500,8.412054873292933,3.9,3.8143711170391956,3.6000585305990374,0.21431258644015827,1171.0,983.0
4907,Kitty Su - The Lalit New Delhi,"The Lalit New Delhi, Barakhamba Road",True,5000,8.517393171418904,3.7,3.678533330088326,3.6104480795252334,0.06808525056309245,2049.0,1763.0
104,Woks - The Lalit New Delhi,"The Lalit New Delhi, Barakhamba Road",True,4500,8.412054873292933,3.6,3.4902029797325,3.6000585305990374,-0.10985555086653731,4674.0,4266.0
300688,Cafí© Knosh - The Leela Ambience Convention Hotel,The Leela Ambience Convention Hotel,True,2700,7.901377353792616,3.9,3.7855852372353507,3.549690248893824,0.2358949883415269,1088.0,910.0
300697,Cherry Bar - The Leela Ambience Convention Hotel,The Leela Ambience Convention Hotel,True,2650,7.8826922062890254,3.6,3.4743559871165726,3.54784732701607,-0.07349133989949763,4138.0,3759.0
300696,Mei Kun - The Leela Ambience Convention Hotel,The Leela Ambience Convention Hotel,True,3500,8.160803920954665,3.6,3.4660717664868956,3.5752775714558593,-0.1092058049689637,4664.0,4256.0
300695,Dilli 32 - The Leela Ambience Convention Hotel,The Leela Ambience Convention Hotel,True,3500,8.160803920954665,4.0,3.863573093348959,3.5752775714558593,0.2882955218930996,887.0,737.0
4917,Jamavar - The Leela Palace,"The Leela Palace, Chanakyapuri",True,4000,8.294299608857235,3.9,3.8072845887941638,3.5884442924450406,0.21884029634912316,1149.0,963.0
4910,Le Cirque - The Leela Palace,"The Leela Palace, Chanakyapuri",True,5000,8.517393171418904,3.8,3.7113408497996265,3.6104480795252334,0.10089277027439314,1776.0,1512.0
6812,MEGU - The Leela Palace,"The Leela Palace, Chanakyapuri",True,5500,8.612685172875459,3.9,3.7815529989000325,3.619846759103519,0.16170623979651344,1416.0,1196.0
4911,The Library - The Leela Palace,"The Leela Palace, Chanakyapuri",True,3500,8.160803920954665,3.7,3.541782692132477,3.5752775714558593,-0.03349487932338224,3421.0,3073.0
4915,The Lobby Lounge - The Leela Palace,"The Leela Palace, Chanakyapuri",True,2000,7.601402334583733,3.6,3.449537416670463,3.520103619964429,-0.07056620329396601,4093.0,3717.0
310878,The Lodhi Bakery - The Lodhi,"The Lodhi, Lodhi Road",True,400,5.993961427306569,2.9,3.317217561326556,3.3615612260845467,-0.04434366475799045,3630.0,3274.0
3283,Elan - The Lodhi,"The Lodhi, Lodhi Road",True,3000,8.006700845440367,3.8,3.706036456197895,3.560078337452493,0.1459581187454022,1498.0,1267.0
2768,Agni - The Park,"The Park, Connaught Place",True,3000,8.006700845440367,3.3,3.3101311723802715,3.560078337452493,-0.24994716507222137,5616.0,5124.0
2770,Mist - The Park,"The Park, Connaught Place",True,3500,8.160803920954665,3.3,3.311525370414254,3.5752775714558593,-0.26375220104160535,5669.0,5161.0
2769,Aqua - The Park,"The Park, Connaught Place",True,4500,8.412054873292933,3.8,3.773251253954145,3.6000585305990374,0.1731927233551076,1371.0,1155.0
3202,Atrium Bar  & Lounge - The Suryaa New Delhi,"The Suryaa New Delhi, New Friends Colony",True,3000,8.006700845440367,3.1,3.264167076670766,3.560078337452493,-0.2959112607817267,5772.0,5243.0
4101,French Crust - The Suryaa New Delhi,"The Suryaa New Delhi, New Friends Colony",True,900,6.803505257608338,3.3,3.3369489816221685,3.4414067844659977,-0.10445780284382922,4602.0,4200.0
312902,Club BW - The Suryaa New Delhi,"The Suryaa New Delhi, New Friends Colony",True,4400,8.38958706681109,3.6,3.5123203651101256,3.59784252389625,-0.08552215878612435,4331.0,3941.0
5325,Sampan - The Suryaa New Delhi,"The Suryaa New Delhi, New Friends Colony",True,2500,7.824445930877619,3.7,3.5932033171894218,3.542102478856175,0.051100838333246745,2212.0,1912.0
4496,The Grill Room - The Taj Mahal Hotel,"The Taj Mahal Hotel, Mansingh Road",True,5000,8.517393171418904,3.1,3.2923832929735544,3.6104480795252334,-0.318064786551679,5842.0,5293.0
2688,Emperor's Lounge - The Taj Mahal Hotel,"The Taj Mahal Hotel, Mansingh Road",True,2500,7.824445930877619,3.8,3.6282228964867773,3.542102478856175,0.0861204176306023,1883.0,1613.0
2690,Machan - The Taj Mahal Hotel,"The Taj Mahal Hotel, Mansingh Road",True,5000,8.517393171418904,3.9,3.863909437248735,3.6104480795252334,0.25346135772350165,1008.0,838.0
3948,Ricks Bar - The Taj Mahal Hotel,"The Taj Mahal Hotel, Mansingh Road",True,4200,8.343077871169383,3.6,3.49214628982573,3.593255307544419,-0.10110901771868885,4551.0,4152.0
2694,Wasabi by Morimoto - The Taj Mahal Hotel,"The Taj Mahal Hotel, Mansingh Road",True,6000,8.699681400989514,3.9,3.7841057359927044,3.628427223991081,0.1556785120016233,1445.0,1220.0
2689,House of Ming - The Taj Mahal Hotel,"The Taj Mahal Hotel, Mansingh Road",True,5500,8.612685172875459,4.0,3.9288870934011353,3.619846759103519,0.30904033429761624,803.0,672.0
2693,Varq - The Taj Mahal Hotel,"The Taj Mahal Hotel, Mansingh Road",True,4500,8.412054873292933,4.2,4.1295127639835725,3.6000585305990374,0.5294542333845351,307.0,248.0
18400770,Capital Kitchen - Taj Palace Hotel,"The Taj Palace Hotel, Chanakyapuri",True,2000,7.601402334583733,3.7,3.5122256126407416,3.520103619964429,-0.007878007323687264,2977.0,2643.0
18376469,Spicy Duck - Taj Palace Hotel,"The Taj Palace Hotel, Chanakyapuri",True,4000,8.294299608857235,3.5,3.400171654113801,3.5884442924450406,-0.18827263833123942,5306.0,4851.0
2701,Orient Express - Taj Palace Hotel,"The Taj Palace Hotel, Chanakyapuri",True,8000,8.987321812850125,4.0,3.8361470657232344,3.6567972867825174,0.17934977894071702,1346.0,1133.0
2702,The Tea Lounge - Taj Palace Hotel,"The Taj Palace Hotel, Chanakyapuri",True,1500,7.313886831633462,4.0,3.7457002460024595,3.4917458769774545,0.253954369025005,1006.0,836.0
9709,Bonitos - The Uppal,"The Uppal, Aerocity",True,3000,8.006700845440367,3.2,3.2962666331208763,3.560078337452493,-0.2638117043316166,5670.0,5162.0
312319,Bonitos Blu - The Uppal,"The Uppal, Aerocity",True,2500,7.824445930877619,3.0,3.3187505694501387,3.542102478856175,-0.22335190940603633,5501.0,5028.0
311858,The Gourmet Shop - The Uppal,"The Uppal, Aerocity",True,500,6.2166061010848646,3.0,3.324764731137877,3.3835207391251902,-0.058756007987313286,3885.0,3514.0
131,Chopsticks,"The Village Restaurant Complex, Khel Gaon Marg",True,1700,7.438971592395862,3.6,3.569454964286485,3.50408302562123,0.0653719386652547,2072.0,1781.0
313200,TabulaBeach Cafe,"The Village Restaurant Complex, Khel Gaon Marg",True,1600,7.3783837129967145,3.8,3.7679482955543837,3.498107224335746,0.26984107121863765,948.0,786.0
18282047,Arriba - Mexican Grill & Tequileria,"The Village Restaurant Complex, Khel Gaon Marg",True,2500,7.824445930877619,4.1,3.911859132052858,3.542102478856175,0.36975665319668316,620.0,518.0
302136,Aggarwal Sweet Center,Tilak Nagar,True,100,4.61512051684126,2.9,3.3020460136419545,3.2255657205981403,0.07648029304381421,1970.0,1691.0
301767,Aggarwal Sweets,Tilak Nagar,True,250,5.5254529391317835,2.7,3.231875512505125,3.3153520889822103,-0.08347657647708528,4304.0,3915.0
302103,Alag Khana Khazana,Tilak Nagar,True,450,6.111467339502679,2.9,3.309491310190879,3.3731508705500266,-0.06365956035914744,3963.0,3591.0
310273,Bhape Di Hatti,Tilak Nagar,True,200,5.303304908059076,3.1,3.319866620541205,3.2934415599652347,0.02642506057597016,2502.0,2194.0
308868,Bhappe Di Hatti,Tilak Nagar,True,150,5.017279836814924,3.1,3.3160093114089033,3.2652308187184387,0.05077849269046464,2221.0,1921.0
18372667,Bhatura King,Tilak Nagar,True,150,5.017279836814924,2.9,3.2948666205412054,3.2652308187184387,0.029635801822766705,2467.0,2161.0
310728,Bhukkadzz Point,Tilak Nagar,True,300,5.707110264748875,3.0,3.307366620541205,3.3332690071959785,-0.0259023866547734,3282.0,2938.0
8564,Bimbos,Tilak Nagar,True,350,5.860786223465865,3.1,3.2894235500047304,3.348426114537516,-0.059002564532785406,3901.0,3530.0
305486,Brothers' Bakery,Tilak Nagar,True,350,5.860786223465865,2.9,3.2158932964329643,3.348426114537516,-0.13253281810455153,4916.0,4490.0
18485858,Chaap Nation,Tilak Nagar,True,300,5.707110264748875,3.0,3.324764731137877,3.3332690071959785,-0.008504276058101556,2985.0,2651.0
18204802,Dev Burger,Tilak Nagar,True,300,5.707110264748875,2.9,3.309491310190879,3.3332690071959785,-0.023777697005099352,3241.0,2899.0
310254,Green Chick Chop,Tilak Nagar,True,350,5.860786223465865,3.0,3.3129551045510452,3.348426114537516,-0.03547100998647057,3446.0,3097.0
310272,Green Chick Chop,Tilak Nagar,True,350,5.860786223465865,3.2,3.314038934620115,3.348426114537516,-0.0343871799174007,3430.0,3082.0
302089,Hum Sabki Rasoi,Tilak Nagar,True,300,5.707110264748875,3.3,3.3335004100040995,3.3332690071959785,0.0002314028081209507,2849.0,2524.0
18034071,Janki Vaishno Dhaba,Tilak Nagar,True,150,5.017279836814924,3.0,3.324764731137877,3.2652308187184387,0.059533912419438284,2121.0,1828.0
305785,Manmohan Food Plaza,Tilak Nagar,True,350,5.860786223465865,2.6,3.223941199157754,3.348426114537516,-0.12448491537976203,4834.0,4412.0
18268710,Mr.Hunger,Tilak Nagar,True,500,6.2166061010848646,3.0,3.3187505694501387,3.3835207391251902,-0.06477016967505156,3985.0,3612.0
308862,Neelma Punjabi Dhaba,Tilak Nagar,True,250,5.5254529391317835,2.9,3.2879391359703063,3.3153520889822103,-0.02741295301190405,3306.0,2962.0
308863,New Raj Kachori Bhandar,Tilak Nagar,True,100,4.61512051684126,3.4,3.364366130601604,3.2255657205981403,0.13880041000346388,1540.0,1306.0
304319,Punjabi Ninja,Tilak Nagar,True,550,6.311734809152915,3.0,3.307366620541205,3.3929033130260597,-0.08553669248485463,4332.0,3942.0
18198440,Radha Swami Cool Hut,Tilak Nagar,True,200,5.303304908059076,3.1,3.319866620541205,3.2934415599652347,0.02642506057597016,2502.0,2194.0
304161,Sagar Choley Bhatoorey,Tilak Nagar,True,150,5.017279836814924,3.2,3.298833743337433,3.2652308187184387,0.03360292461899439,2407.0,2102.0
18037798,Sehyog Alpahar,Tilak Nagar,True,150,5.017279836814924,3.2,3.3256361144119913,3.2652308187184387,0.060405295693552574,2115.0,1823.0
310279,South Indian Hut,Tilak Nagar,True,300,5.707110264748875,2.9,3.309491310190879,3.3332690071959785,-0.023777697005099352,3241.0,2899.0
5964,Vijay Corner,Tilak Nagar,True,300,5.707110264748875,3.0,3.307366620541205,3.3332690071959785,-0.0259023866547734,3282.0,2938.0
18241496,Mithlesh Ande Wala,Tilak Nagar,True,150,5.017279836814924,3.5,3.389583799247083,3.2652308187184387,0.12435298052864452,1618.0,1377.0
309695,Roti N Boti,Tilak Nagar,True,300,5.707110264748875,3.5,3.395893296432964,3.3332690071959785,0.06262428923698549,2096.0,1804.0
5438,Khana Khazana,Tughlakabad Institutional Area,True,800,6.68586094706836,3.7,3.648219790152447,3.4298034897290544,0.21841630042339277,1151.0,965.0
3383,Ahad Sons Restaurant,Uday Park,True,750,6.621405651764134,3.4,3.384395625819003,3.423446244016628,-0.03905061819762512,3530.0,3177.0
4450,Jughead's Fast Food Corner,Uday Park,True,500,6.2166061010848646,3.6,3.5749743957911857,3.3835207391251902,0.19145365666599545,1287.0,1080.0
18254521,The Coffee Bond,Uday Park,True,700,6.55250788703459,4.2,3.859119104510717,3.416650836170689,0.4424682683400283,455.0,372.0
18352678,Wow! Momo,"Unity One Mall, Janakpuri",True,350,5.860786223465865,2.9,3.075496275796091,3.348426114537516,-0.27292983874142474,5693.0,5181.0
18263236,Domino's Pizza,"Unity One Mall, Janakpuri",True,700,6.55250788703459,3.6,3.433048366442568,3.416650836170689,0.01639753027187929,2637.0,2322.0
18277230,Haldiram's,"Unity One Mall, Janakpuri",True,500,6.2166061010848646,3.7,3.541782692132477,3.3835207391251902,0.15826195300728685,1429.0,1207.0
18350231,Keventers,"Unity One Mall, Janakpuri",True,400,5.993961427306569,3.8,3.544331752910552,3.3615612260845467,0.18277052682600514,1330.0,1118.0
18380171,Pat 'N' Harry,"Unity One Mall, Janakpuri",True,400,5.993961427306569,2.3,2.866071766486895,3.3615612260845467,-0.49548945959765156,6217.0,5557.0
18306543,"34, Chowringhee Lane",Uttam Nagar,True,200,5.303304908059076,3.1,3.3280098287093978,3.2934415599652347,0.03456826874416308,2395.0,2091.0
7297,Aggarwal Sweets,Uttam Nagar,True,100,4.61512051684126,2.8,3.30023205093162,3.2255657205981403,0.0746663303334798,1991.0,1708.0
5774,Amritsari Dhaba,Uttam Nagar,True,250,5.5254529391317835,2.9,3.2747886567848727,3.3153520889822103,-0.0405634321973376,3544.0,3191.0
312172,Apna Swad,Uttam Nagar,True,500,6.2166061010848646,2.9,3.317217561326556,3.3835207391251902,-0.06630317779863404,4020.0,3647.0
18168165,ATM Food Corner,Uttam Nagar,True,200,5.303304908059076,3.0,3.324764731137877,3.2934415599652347,0.03132317117264227,2437.0,2131.0
18449824,Burger House,Uttam Nagar,True,200,5.303304908059076,2.8,3.3096703915152355,3.2934415599652347,0.016228831550000766,2639.0,2323.0
5413,Cafe De Bienka,Uttam Nagar,True,350,5.860786223465865,2.7,3.2231562418083195,3.348426114537516,-0.12526987272919632,4842.0,4420.0
18285208,Chatkaara Point,Uttam Nagar,True,250,5.5254529391317835,2.9,3.2948666205412054,3.3153520889822103,-0.02048546844100496,3188.0,2848.0
306185,Dharma Punjabi Dhaba,Uttam Nagar,True,300,5.707110264748875,2.7,3.2909727916723606,3.3332690071959785,-0.04229621552361795,3587.0,3234.0
312073,Domino's Pizza,Uttam Nagar,True,700,6.55250788703459,2.5,3.2584096500055906,3.416650836170689,-0.1582411861650983,5123.0,4683.0
312054,Flavourz Factoree,Uttam Nagar,True,300,5.707110264748875,3.1,3.2954369960366265,3.3332690071959785,-0.037832011159351975,3506.0,3153.0
301912,Gabbar Chowmein,Uttam Nagar,True,100,4.61512051684126,3.0,3.324764731137877,3.2255657205981403,0.09919901053973668,1784.0,1520.0
18372661,Gayatri's Break Point Restaurant,Uttam Nagar,True,300,5.707110264748875,3.1,3.3323119009491977,3.3332690071959785,-0.0009571062467808034,2867.0,2541.0
5499,Grover Sweets & Bakers,Uttam Nagar,True,150,5.017279836814924,3.3,3.3411890286935653,3.2652308187184387,0.07595820997512659,1980.0,1701.0
302005,Khalsa Veg Corner,Uttam Nagar,True,300,5.707110264748875,3.1,3.3086869618696184,3.3332690071959785,-0.024582045326360102,3254.0,2911.0
306179,Lajawab Chinese Food,Uttam Nagar,True,300,5.707110264748875,3.0,3.324764731137877,3.3332690071959785,-0.008504276058101556,2985.0,2651.0
302057,Lajwab Bakery,Uttam Nagar,True,100,4.61512051684126,3.1,3.319866620541205,3.2255657205981403,0.09430089994306456,1819.0,1554.0
302729,Maharani Rasoi,Uttam Nagar,True,150,5.017279836814924,3.0,3.3187505694501387,3.2652308187184387,0.05351975073170001,2184.0,1885.0
313067,Natkhat Bakers,Uttam Nagar,True,300,5.707110264748875,3.1,3.3323119009491977,3.3332690071959785,-0.0009571062467808034,2867.0,2541.0
18133491,Pastry Palace,Uttam Nagar,True,350,5.860786223465865,3.2,3.3235421791717914,3.348426114537516,-0.02488393536572442,3260.0,2917.0
18204464,Punjabi Tadka,Uttam Nagar,True,500,6.2166061010848646,2.7,3.231875512505125,3.3835207391251902,-0.1516452266200652,5072.0,4633.0
5412,Radha Swami Vaishno Dhaba,Uttam Nagar,True,200,5.303304908059076,3.0,3.3129551045510452,3.2934415599652347,0.01951354458581056,2593.0,2279.0
18358654,Scoops,Uttam Nagar,True,200,5.303304908059076,2.8,3.2657332887984047,3.2934415599652347,-0.027708271166829945,3312.0,2968.0
309167,Shah Bakery,Uttam Nagar,True,400,5.993961427306569,3.0,3.2917378093272456,3.3615612260845467,-0.06982341675730108,4074.0,3699.0
301903,Shahi Kachauri Wale,Uttam Nagar,True,50,3.9318256327243257,2.8,3.291136922732863,3.1581721348287717,0.13296478790409116,1572.0,1336.0
302757,Shahi Kachauri,Uttam Nagar,True,50,3.9318256327243257,2.8,3.3096703915152355,3.1581721348287717,0.15149825668646377,1464.0,1238.0
310625,Shri Bikaner Sweets,Uttam Nagar,True,250,5.5254529391317835,2.9,3.317217561326556,3.3153520889822103,0.0018654723443458643,2821.0,2496.0
312171,Shri Krishna Vaishno Dhaba,Uttam Nagar,True,300,5.707110264748875,3.0,3.3187505694501387,3.3332690071959785,-0.01451843774583983,3078.0,2742.0
9209,Shri Murli Wala,Uttam Nagar,True,400,5.993961427306569,2.8,3.2823666205412048,3.3615612260845467,-0.0791946055433419,4228.0,3844.0
18291240,Shri Radha Ki Rasoi,Uttam Nagar,True,300,5.707110264748875,2.8,3.291136922732863,3.3332690071959785,-0.04213208446311567,3586.0,3233.0
307946,Singh's Ice Cream Parlour,Uttam Nagar,True,200,5.303304908059076,3.0,3.301974223689605,3.2934415599652347,0.008532663724370337,2730.0,2406.0
18203182,Swastik Restaurant,Uttam Nagar,True,400,5.993961427306569,2.7,3.2802278318237725,3.3615612260845467,-0.08133339426077413,4250.0,3865.0
302047,Tanatan Corner,Uttam Nagar,True,200,5.303304908059076,2.9,3.2948666205412054,3.2934415599652347,0.0014250605759706936,2834.0,2509.0
307140,Tasty Bite,Uttam Nagar,True,650,6.478509642208569,2.8,3.2428283729558602,3.4093523663952126,-0.1665239934393523,5180.0,4730.0
18014109,Wah Ji Wah,Uttam Nagar,True,400,5.993961427306569,2.4,3.2794817122699524,3.3615612260845467,-0.08207951381459422,4276.0,3889.0
8257,Cafe Coffee Day,"V3S Mall, Laxmi Nagar",True,450,6.111467339502679,2.6,3.048933301833018,3.3731508705500266,-0.3242175687170086,5860.0,5308.0
18291214,Chalte Firte Momos,"V3S Mall, Laxmi Nagar",True,300,5.707110264748875,2.6,3.1112851493098264,3.3332690071959785,-0.22198385788615216,5496.0,5023.0
1547,Chutneez Restaurant Lounge & Bar,"V3S Mall, Laxmi Nagar",True,1200,7.0909098220799835,2.7,2.8763123245873343,3.4697535855565107,-0.5934412609691764,6335.0,5649.0
18219520,Domino's Pizza,"V3S Mall, Laxmi Nagar",True,700,6.55250788703459,3.4,3.367736902031182,3.416650836170689,-0.04891393413950684,3716.0,3357.0
18378036,Fattoush,"V3S Mall, Laxmi Nagar",True,200,5.303304908059076,2.9,3.309491310190879,3.2934415599652347,0.016049750225644477,2643.0,2327.0
18311958,Keventers,"V3S Mall, Laxmi Nagar",True,400,5.993961427306569,3.3,3.3339531182473983,3.3615612260845467,-0.0276081078371484,3310.0,2966.0
8979,Kutty's South Indian Cafe,"V3S Mall, Laxmi Nagar",True,250,5.5254529391317835,3.4,3.383868451015591,3.3153520889822103,0.06851636203338085,2047.0,1761.0
8215,Mandrain,"V3S Mall, Laxmi Nagar",True,450,6.111467339502679,2.8,3.2823666205412048,3.3731508705500266,-0.09078425000882184,4402.0,4009.0
2009,Nazeer Foods,"V3S Mall, Laxmi Nagar",True,600,6.398594934535208,3.4,3.390134424588047,3.4014703540590903,-0.011335929471043116,3030.0,2695.0
6042,Nirula's Ice Cream,"V3S Mall, Laxmi Nagar",True,250,5.5254529391317835,3.0,3.1978451810380166,3.3153520889822103,-0.11750690794419372,4768.0,4350.0
308816,Punjabi Tadka,"V3S Mall, Laxmi Nagar",True,400,5.993961427306569,2.8,3.30023205093162,3.3615612260845467,-0.061329175152926574,3937.0,3566.0
308785,Rocking Woods,"V3S Mall, Laxmi Nagar",True,1200,7.0909098220799835,2.6,2.8726854129652404,3.4697535855565107,-0.5970681725912703,6342.0,5655.0
309769,Shawarma Wala,"V3S Mall, Laxmi Nagar",True,250,5.5254529391317835,2.5,3.122575085825485,3.3153520889822103,-0.19277700315672552,5332.0,4876.0
3779,Subway,"V3S Mall, Laxmi Nagar",True,500,6.2166061010848646,2.5,2.6967572205203183,3.3835207391251902,-0.686763518604872,6410.0,5716.0
6127,The Yellow Chilli,"V3S Mall, Laxmi Nagar",True,1500,7.313886831633462,2.7,2.7896419403098527,3.4917458769774545,-0.7021039366676018,6416.0,5722.0
4982,The Yummy Chilli,"V3S Mall, Laxmi Nagar",True,600,6.398594934535208,2.9,3.281250530177715,3.4014703540590903,-0.1202198238813752,4802.0,4381.0
4677,United Punjab,"V3S Mall, Laxmi Nagar",True,600,6.398594934535208,2.5,2.804471027374507,3.4014703540590903,-0.5969993266845832,6341.0,5654.0
8265,McDonald's,"V3S Mall, Laxmi Nagar",True,500,6.2166061010848646,3.6,3.541686750001471,3.3835207391251902,0.1581660108762808,1430.0,1208.0
312352,Vintro,"V3S Mall, Laxmi Nagar",True,350,5.860786223465865,3.9,3.714569177588327,3.348426114537516,0.36614306305081135,633.0,531.0
18285699,Wow! Momo,"V3S Mall, Laxmi Nagar",True,350,5.860786223465865,3.5,3.4292478713622083,3.348426114537516,0.0808217568246925,1930.0,1657.0
304987,"34, Chowringhee Lane","V3S Mall, Laxmi Nagar",True,350,5.860786223465865,2.3,2.8480056462798666,3.348426114537516,-0.5004204682576492,6227.0,5565.0
305386,Kebab Xpress,"V3S Mall, Laxmi Nagar",True,600,6.398594934535208,2.4,2.680798378013901,3.4014703540590903,-0.7206719760451894,6422.0,5728.0
474,Moti Mahal Delux Tandoori Trail,"V3S Mall, Laxmi Nagar",True,1000,6.90875477931522,2.2,2.6407228964867775,3.4517875773465194,-0.8110646808597419,6458.0,5764.0
252,Pizza Hut,"V3S Mall, Laxmi Nagar",True,1000,6.90875477931522,2.4,2.570741870880247,3.4517875773465194,-0.8810457064662724,6480.0,5786.0
5851,The Golden Dragon,"V3S Mall, Laxmi Nagar",True,1500,7.313886831633462,2.4,2.906657942938125,3.4917458769774545,-0.5850879340393296,6325.0,5641.0
404,Yo! China,"V3S Mall, Laxmi Nagar",True,900,6.803505257608338,2.0,2.275885544792948,3.4414067844659977,-1.1655212396730499,6501.0,5806.0
3072,Hawkers,Vasant Kunj,True,600,6.398594934535208,3.4,3.394658905481672,3.4014703540590903,-0.006811448577418222,2959.0,2625.0
234,Nirula's,Vasant Kunj,True,1100,7.00397413672268,3.0,3.0887243853108632,3.4611790920197736,-0.37245470670891034,5981.0,5396.0
308,Sagar Ratna,Vasant Kunj,True,600,6.398594934535208,2.8,2.948420498628063,3.4014703540590903,-0.4530498554310274,6152.0,5513.0
311305,Tribe,Vasant Kunj,True,2200,7.696667081526462,3.3,3.3182067445674455,3.529499611421586,-0.21129286685414073,5449.0,4984.0
1509,Angels in my Kitchen,Vasant Kunj,True,350,5.860786223465865,3.7,3.6424664335027193,3.348426114537516,0.29404031896520344,864.0,716.0
18089255,Beijing Street,Vasant Kunj,True,650,6.478509642208569,3.8,3.6714183084813303,3.4093523663952126,0.2620659420861178,982.0,816.0
18369756,Bun Intended,Vasant Kunj,True,850,6.7464121285733745,3.8,3.6721658764552756,3.435775671489889,0.23639020496538654,1086.0,908.0
18416856,Captain Chang,Vasant Kunj,True,1000,6.90875477931522,3.9,3.597893603936039,3.4517875773465194,0.14610602658951954,1495.0,1264.0
306554,Captain Grub,Vasant Kunj,True,1000,6.90875477931522,3.8,3.7670846268717173,3.4517875773465194,0.3152970495251979,774.0,648.0
18287390,Clemency- The Restaurant & Cafe,Vasant Kunj,True,900,6.803505257608338,3.8,3.561005769025081,3.4414067844659977,0.11959898455908347,1649.0,1406.0
1060,Flaming Chilli Pepper,Vasant Kunj,True,900,6.803505257608338,3.8,3.7343657634337535,3.4414067844659977,0.2929589789677558,869.0,721.0
306859,Hong Kong Express,Vasant Kunj,True,800,6.68586094706836,3.7,3.6197771396728053,3.4298034897290544,0.189973649943751,1293.0,1086.0
308621,Majeed's,Vasant Kunj,True,800,6.68586094706836,3.5,3.4667238847046002,3.4298034897290544,0.03692039497554589,2365.0,2062.0
18218321,Majlis-e-Mughal,Vasant Kunj,True,900,6.803505257608338,3.5,3.449392574654913,3.4414067844659977,0.00798579018891532,2742.0,2418.0
18337788,Mickey's Kitchen,Vasant Kunj,True,950,6.85751406254539,3.9,3.787968878126281,3.446733689602322,0.34123518852395884,708.0,593.0
2778,Nanking,Vasant Kunj,True,1500,7.313886831633462,3.6,3.5702744652446525,3.4917458769774545,0.078528588267198,1952.0,1677.0
18292485,Nawab Dera,Vasant Kunj,True,650,6.478509642208569,3.8,3.6842764776331967,3.4093523663952126,0.2749241112379841,923.0,766.0
18423898,The Cafe,Vasant Kunj,True,1000,6.90875477931522,3.8,3.481341025366775,3.4517875773465194,0.0295534480202555,2472.0,2166.0
308246,The Village Cafí©,Vasant Kunj,True,700,6.55250788703459,3.7,3.626976627138066,3.416650836170689,0.21032579096737702,1186.0,994.0
18264997,Cafe Connect,Vasant Kunj,True,700,6.55250788703459,4.2,4.028150953513667,3.416650836170689,0.6115001173429784,204.0,160.0
18144479,Happy Hakka,Vasant Kunj,True,650,6.478509642208569,4.1,3.9347411295058894,3.4093523663952126,0.5253887631106768,313.0,253.0
18431179,Indian Saffron Co.,Vasant Kunj,True,900,6.803505257608338,4.2,3.8253381148676353,3.4414067844659977,0.3839313304016376,581.0,481.0
307032,DCK- Dana Choga's Kitchen,"Vasant Square Mall, Vasant Kunj",True,800,6.68586094706836,2.9,2.9734635573099912,3.4298034897290544,-0.4563399324190631,6159.0,5517.0
305243,Domino's Pizza,"Vasant Square Mall, Vasant Kunj",True,700,6.55250788703459,2.8,2.939239849228389,3.416650836170689,-0.4774109869422998,6194.0,5540.0
9177,Sagar Ratna,"Vasant Square Mall, Vasant Kunj",True,600,6.398594934535208,3.3,3.3184744908110844,3.4014703540590903,-0.0829958632480059,4293.0,3904.0
308697,Shree Bhagatram,"Vasant Square Mall, Vasant Kunj",True,650,6.478509642208569,3.3,3.3101311723802715,3.4093523663952126,-0.099221194014941,4527.0,4129.0
3507,Subway,"Vasant Square Mall, Vasant Kunj",True,500,6.2166061010848646,2.5,2.7317362819461524,3.3835207391251902,-0.6517844571790379,6387.0,5694.0
18350121,Biryani Blues,"Vasant Square Mall, Vasant Kunj",True,750,6.621405651764134,3.9,3.725406043833165,3.423446244016628,0.3019597998165371,829.0,691.0
311345,Kebab Gali,"Vasant Square Mall, Vasant Kunj",True,600,6.398594934535208,3.9,3.8373252465042134,3.4014703540590903,0.4358548924451231,470.0,384.0
1492,KFC,"Vasant Square Mall, Vasant Kunj",True,500,6.2166061010848646,3.6,3.5626151250009435,3.3835207391251902,0.17909438587575321,1348.0,1134.0
310169,Tipu Sultan,"Vasant Square Mall, Vasant Kunj",True,850,6.7464121285733745,3.7,3.658625982446265,3.435775671489889,0.22285031095637597,1137.0,953.0
312535,Angels in my Kitchen,Vasant Vihar,True,350,5.860786223465865,3.2,3.3044018415536267,3.348426114537516,-0.04402427298388911,3626.0,3271.0
535,Barista,Vasant Vihar,True,650,6.478509642208569,3.3,3.326172195315703,3.4093523663952126,-0.0831801710795097,4299.0,3910.0
304281,Bengal Sweet Palace,Vasant Vihar,True,150,5.017279836814924,3.3,3.332630269484513,3.2652308187184387,0.06739945076607423,2055.0,1767.0
7392,Bread'D Bites,Vasant Vihar,True,150,5.017279836814924,3.1,3.2954369960366265,3.2652308187184387,0.030206177318187866,2460.0,2154.0
2122,Chinese Hut,Vasant Vihar,True,400,5.993961427306569,3.4,3.3653989963812676,3.3615612260845467,0.0038377702967209437,2794.0,2470.0
302438,Foodland by Orchid,Vasant Vihar,True,900,6.803505257608338,2.9,3.3020460136419545,3.4414067844659977,-0.1393607708240432,4973.0,4540.0
309789,From The Kitchen of Mala Bindra,Vasant Vihar,True,250,5.5254529391317835,3.1,3.312285012936336,3.3153520889822103,-0.0030670760458741952,2906.0,2577.0
313412,Go Kylin,Vasant Vihar,True,1500,7.313886831633462,2.8,3.2657332887984047,3.4917458769774545,-0.2260125881790498,5510.0,5036.0
7360,Green Chick Chop,Vasant Vihar,True,350,5.860786223465865,3.3,3.3348962604209373,3.348426114537516,-0.013529854116578477,3068.0,2732.0
4317,Hawkers,Vasant Vihar,True,300,5.707110264748875,2.7,3.1255004100041,3.3332690071959785,-0.20776859719187835,5433.0,4970.0
18458099,HotPlate,Vasant Vihar,True,150,5.017279836814924,3.1,3.3160093114089033,3.2652308187184387,0.05077849269046464,2221.0,1921.0
2124,New Janta Restaurant,Vasant Vihar,True,600,6.398594934535208,3.1,3.2539066343788434,3.4014703540590903,-0.14756371968024684,5039.0,4602.0
2204,Rainbows,Vasant Vihar,True,400,5.993961427306569,3.2,3.2962666331208763,3.3615612260845467,-0.06529459296367035,4002.0,3629.0
305403,Sinfully Yours,Vasant Vihar,True,300,5.707110264748875,3.3,3.337500458959813,3.3332690071959785,0.004231451763834659,2791.0,2467.0
775,Slice of Italy,Vasant Vihar,True,700,6.55250788703459,2.8,2.8776222147997337,3.416650836170689,-0.5390286213709552,6277.0,5604.0
18247024,Spice Deli,Vasant Vihar,True,1100,7.00397413672268,3.3,3.324876542082252,3.4611790920197736,-0.13630254993752144,4953.0,4522.0
303244,Twenty Four Seven,Vasant Vihar,True,300,5.707110264748875,3.1,3.312285012936336,3.3332690071959785,-0.02098399425964237,3202.0,2861.0
300262,Uncle Tom's Steamed Hot Dogs,Vasant Vihar,True,200,5.303304908059076,3.3,3.328230682587724,3.2934415599652347,0.034789122622489455,2393.0,2089.0
18458332,AOWLS,Vasant Vihar,True,300,5.707110264748875,3.5,3.415261985468691,3.3332690071959785,0.08199297827271268,1916.0,1644.0
7391,Costa Coffee,Vasant Vihar,True,600,6.398594934535208,3.6,3.50552349418843,3.4014703540590903,0.10405314012933964,1753.0,1489.0
18198434,Georgia Dakota,Vasant Vihar,True,450,6.111467339502679,3.6,3.453163021088042,3.3731508705500266,0.08001215053801536,1936.0,1663.0
18371408,Instapizza After Hours,Vasant Vihar,True,900,6.803505257608338,3.5,3.395893296432964,3.4414067844659977,-0.04551348803303368,3660.0,3301.0
308007,The Pint Room,Vasant Vihar,True,1700,7.438971592395862,3.7,3.56330024600246,3.50408302562123,0.05921722038123001,2124.0,1831.0
18289247,Perch Wine & Coffee Bar,Vasant Vihar,True,2000,7.601402334583733,4.3,4.014800802149126,3.520103619964429,0.49469718218469705,350.0,283.0
8530,Aggarwal Confectionary,Vasundhara Enclave,True,50,3.9318256327243257,2.8,3.2823666205412048,3.1581721348287717,0.12419448571243308,1619.0,1378.0
8501,Aggarwal Sweet Corner,Vasundhara Enclave,True,150,5.017279836814924,2.9,3.2401927807739614,3.2652308187184387,-0.02503803794447723,3267.0,2924.0
8520,Ananda's,Vasundhara Enclave,True,350,5.860786223465865,3.0,3.215156634378843,3.348426114537516,-0.13326948015867268,4928.0,4502.0
311184,Ankur Family Restaurant,Vasundhara Enclave,True,500,6.2166061010848646,2.8,3.2823666205412048,3.3835207391251902,-0.10115411858398549,4552.0,4153.0
18217007,Ayush Restaurant,Vasundhara Enclave,True,400,5.993961427306569,3.2,3.3195569475856046,3.3615612260845467,-0.04200427849894206,3578.0,3225.0
18342098,Chef's Paradise,Vasundhara Enclave,True,400,5.993961427306569,3.1,3.2448533029447937,3.3615612260845467,-0.11670792313975298,4754.0,4336.0
311231,Domino's Pizza,Vasundhara Enclave,True,700,6.55250788703459,2.6,3.1577656174289013,3.416650836170689,-0.2588852187417876,5650.0,5147.0
310876,Fatafat Fast Food,Vasundhara Enclave,True,450,6.111467339502679,3.3,3.331018898151944,3.3731508705500266,-0.04213197239808242,3583.0,3230.0
18265408,Giani,Vasundhara Enclave,True,300,5.707110264748875,3.0,3.3187505694501387,3.3332690071959785,-0.01451843774583983,3078.0,2742.0
312517,Green Tea Fanatics,Vasundhara Enclave,True,250,5.5254529391317835,3.4,3.3701566343788434,3.3153520889822103,0.05480454539663304,2173.0,1874.0
312783,Khansama,Vasundhara Enclave,True,350,5.860786223465865,3.3,3.3318041867127524,3.348426114537516,-0.01662192782476346,3122.0,2786.0
307920,Pauls Food,Vasundhara Enclave,True,550,6.311734809152915,2.9,3.2509925515921823,3.3929033130260597,-0.14191076143387749,4998.0,4562.0
311253,Punjabi Vaishno Rasoi,Vasundhara Enclave,True,200,5.303304908059076,2.9,3.317217561326556,3.2934415599652347,0.02377600136132152,2535.0,2224.0
307290,Republic of Chicken,Vasundhara Enclave,True,400,5.993961427306569,2.9,3.2747886567848727,3.3615612260845467,-0.08677256929967392,4348.0,3958.0
8532,Taj Sweets,Vasundhara Enclave,True,100,4.61512051684126,3.1,3.2894235500047304,3.2255657205981403,0.06385782940659013,2085.0,1793.0
18323036,The Cake,Vasundhara Enclave,True,200,5.303304908059076,3.0,3.324764731137877,3.2934415599652347,0.03132317117264227,2437.0,2131.0
18325165,The Food Court,Vasundhara Enclave,True,400,5.993961427306569,3.7,3.489043589509969,3.3615612260845467,0.1274823634254223,1602.0,1363.0
18322647,366 Junction,Vijay Nagar,True,800,6.68586094706836,3.3,3.3273101168511685,3.4298034897290544,-0.10249337287788585,4571.0,4172.0
6654,Black & Brew,Vijay Nagar,True,300,5.707110264748875,3.1,3.2663855506798307,3.3332690071959785,-0.0668834565161478,4036.0,3662.0
300941,Hari Om Bhojanalaya,Vijay Nagar,True,300,5.707110264748875,3.4,3.374049247285951,3.3332690071959785,0.04078024008997261,2330.0,2030.0
18263693,Nalwa's Hotspot,Vijay Nagar,True,300,5.707110264748875,3.1,3.3086869618696184,3.3332690071959785,-0.024582045326360102,3254.0,2911.0
18245248,Pasta Hub,Vijay Nagar,True,200,5.303304908059076,3.0,3.2648081653893457,3.2934415599652347,-0.028633394575888982,3335.0,2990.0
305275,Rock n Wood Cafe,Vijay Nagar,True,500,6.2166061010848646,3.4,3.38899783755902,3.3835207391251902,0.00547709843382993,2778.0,2454.0
18337490,Roll Corner,Vijay Nagar,True,200,5.303304908059076,3.3,3.3411890286935653,3.2934415599652347,0.04774746872833058,2252.0,1952.0
312364,Shree Nandhini Cafe,Vijay Nagar,True,350,5.860786223465865,3.3,3.3330596151356247,3.348426114537516,-0.015366499401891165,3097.0,2761.0
312422,Sindhi Dhaba,Vijay Nagar,True,200,5.303304908059076,2.9,3.225184275739816,3.2934415599652347,-0.06825728422541877,4058.0,3684.0
18359295,Take N Taste,Vijay Nagar,True,400,5.993961427306569,3.1,3.2923832929735544,3.3615612260845467,-0.0691779331109923,4066.0,3692.0
307369,Taxi Bar & Cafe,Vijay Nagar,True,800,6.68586094706836,3.3,3.3032170688224167,3.4298034897290544,-0.12658642090663763,4856.0,4434.0
308811,The Little Diner,Vijay Nagar,True,800,6.68586094706836,3.4,3.3950157218169257,3.4298034897290544,-0.034787767912128675,3439.0,3091.0
18273624,Cafeteria & Co.,Vijay Nagar,True,900,6.803505257608338,4.6,4.54836500485258,3.4414067844659977,1.1069582203865824,12.0,10.0
18175303,Burger Point,Vijay Nagar,True,300,5.707110264748875,3.8,3.6651075506153834,3.3332690071959785,0.3318385434194049,731.0,610.0
310532,Cafe All-Inn,Vijay Nagar,True,600,6.398594934535208,3.8,3.7540011103562914,3.4014703540590903,0.3525307562972011,667.0,560.0
312420,Chowringhee,Vijay Nagar,True,250,5.5254529391317835,3.5,3.436074831143048,3.3153520889822103,0.12072274216083745,1642.0,1399.0
308155,Flamess Restaurant & Cafe Village,Vijay Nagar,True,700,6.55250788703459,3.5,3.4816897757545413,3.416650836170689,0.06503893958385243,2076.0,1785.0
305856,Jack 'n' Chill,Vijay Nagar,True,500,6.2166061010848646,3.6,3.5769613057661767,3.3835207391251902,0.1934405666409864,1276.0,1071.0
308950,Kake Di Hatti,Vijay Nagar,True,400,5.993961427306569,3.6,3.566425704546302,3.3615612260845467,0.20486447846175526,1231.0,1032.0
17977767,Mad Monkey,Vijay Nagar,True,800,6.68586094706836,3.7,3.6565204344791535,3.4298034897290544,0.22671694475009918,1118.0,936.0
18359288,Manohar Cakes & Bikaneri,Vijay Nagar,True,150,5.017279836814924,3.5,3.391231802243395,3.2652308187184387,0.12600098352495648,1608.0,1368.0
1199,Shagun,Vijay Nagar,True,800,6.68586094706836,3.9,3.842548142628862,3.4298034897290544,0.41274465289980755,519.0,426.0
312365,Shyam Chaat Bhandar,Vijay Nagar,True,150,5.017279836814924,3.5,3.404112246714572,3.2652308187184387,0.13888142799613323,1538.0,1304.0
17989097,Telegram,Vijay Nagar,True,700,6.55250788703459,3.5,3.4821385557605575,3.416650836170689,0.06548771958986865,2070.0,1779.0
18233584,The University Bistro,Vijay Nagar,True,500,6.2166061010848646,3.6,3.5798220707786546,3.3835207391251902,0.1963013316534643,1260.0,1058.0
18241524,736 A.D.,Vijay Nagar,True,900,6.803505257608338,4.1,4.033896451802356,3.4414067844659977,0.5924896673363582,231.0,183.0
301700,Big Yellow Door,Vijay Nagar,True,600,6.398594934535208,4.3,4.288478941945553,3.4014703540590903,0.8870085878864629,49.0,42.0
303849,Mr. Crust Bakers,Vijay Nagar,True,400,5.993961427306569,4.2,4.147357633861149,3.3615612260845467,0.7857964077766022,87.0,72.0
18258484,Phonebooth Cafí©,Vijay Nagar,True,800,6.68586094706836,4.1,4.046441650730376,3.4298034897290544,0.6166381610013216,199.0,156.0
18157386,Tony's,Vijay Nagar,True,200,5.303304908059076,4.4,4.157606277124092,3.2934415599652347,0.8641647171588573,58.0,49.0
18455949,Wake 'n' Bake Cafe,Vijay Nagar,True,350,5.860786223465865,4.0,3.7713131708655214,3.348426114537516,0.4228870563280056,498.0,409.0
18337907,Gabbar Di Hatti,Vikas Marg,True,300,5.707110264748875,3.4,3.364890158092757,3.3332690071959785,0.03162115089677853,2430.0,2124.0
18355037,1990's,Vikaspuri,True,250,5.5254529391317835,3.3,3.3392582929735544,3.3153520889822103,0.02390620399134402,2534.0,2223.0
18124369,Amul Cafe,Vikaspuri,True,300,5.707110264748875,3.3,3.3348962604209373,3.3332690071959785,0.0016272532249588245,2830.0,2505.0
18221405,Burger Point,Vikaspuri,True,300,5.707110264748875,3.4,3.3689939058481495,3.3332690071959785,0.03572489865217099,2385.0,2082.0
302166,Buta Singh Da Dhabba,Vikaspuri,True,150,5.017279836814924,2.8,3.2287703293699597,3.2652308187184387,-0.03646048934847901,3466.0,3117.0
8696,Cafe Amigo,Vikaspuri,True,400,5.993961427306569,3.0,3.1912503416700826,3.3615612260845467,-0.17031088441446407,5206.0,4756.0
6925,Cafe Coffee Day,Vikaspuri,True,450,6.111467339502679,3.0,3.2648081653893457,3.3731508705500266,-0.1083427051606809,4652.0,4245.0
300459,Cake Palace,Vikaspuri,True,200,5.303304908059076,2.7,3.231875512505125,3.2934415599652347,-0.06156604746010963,3943.0,3572.0
2403,Carara,Vikaspuri,True,500,6.2166061010848646,2.6,3.1335149384102534,3.3835207391251902,-0.25000580071493683,5618.0,5125.0
8695,Channi Pishori Chicken,Vikaspuri,True,400,5.993961427306569,3.3,3.324158949522187,3.3615612260845467,-0.03740227656235984,3501.0,3149.0
311396,Chatkora Food N Snacks Corner,Vikaspuri,True,350,5.860786223465865,2.9,3.3020460136419545,3.348426114537516,-0.04638010089556133,3677.0,3318.0
18333392,Chetana Bakes,Vikaspuri,True,400,5.993961427306569,3.0,3.3129551045510452,3.3615612260845467,-0.04860612153350141,3709.0,3350.0
18287378,Chily Hut,Vikaspuri,True,750,6.621405651764134,3.2,3.307427981888514,3.423446244016628,-0.11601826212811384,4743.0,4327.0
307195,De' Bistro,Vikaspuri,True,850,6.7464121285733745,3.3,3.3386543192354994,3.435775671489889,-0.09712135225438967,4497.0,4100.0
300440,Deep Bakers,Vikaspuri,True,100,4.61512051684126,3.2,3.312311071974356,3.2255657205981403,0.08674535137621575,1879.0,1610.0
4793,Delhi 6,Vikaspuri,True,350,5.860786223465865,2.6,2.995833663981801,3.348426114537516,-0.352592450555715,5935.0,5364.0
18478982,Finest Pizzeria,Vikaspuri,True,600,6.398594934535208,3.1,3.3280098287093978,3.4014703540590903,-0.0734605253496925,4137.0,3758.0
18322639,Food Lab,Vikaspuri,True,300,5.707110264748875,3.0,3.3187505694501387,3.3332690071959785,-0.01451843774583983,3078.0,2742.0
18285737,Goli Vada Pav No. 1,Vikaspuri,True,100,4.61512051684126,3.3,3.3335004100040995,3.2255657205981403,0.10793468940595918,1728.0,1470.0
18204810,Grover Sweets,Vikaspuri,True,100,4.61512051684126,3.1,3.3160093114089033,3.2255657205981403,0.09044359081076303,1844.0,1576.0
301380,Hema Chinese Foods,Vikaspuri,True,300,5.707110264748875,3.3,3.335893296432964,3.3332690071959785,0.002624289236985433,2814.0,2490.0
18277000,Hunger Stop,Vikaspuri,True,600,6.398594934535208,3.2,3.3195569475856046,3.4014703540590903,-0.08191340647348566,4267.0,3880.0
300461,Ishwar Sweets,Vikaspuri,True,300,5.707110264748875,3.4,3.3708845213452134,3.3332690071959785,0.03761551414923492,2358.0,2055.0
3654,Kathi Express,Vikaspuri,True,500,6.2166061010848646,2.6,3.048933301833018,3.3835207391251902,-0.3345874372921722,5891.0,5330.0
18264996,Kream's,Vikaspuri,True,200,5.303304908059076,3.1,3.3160093114089033,3.2934415599652347,0.022567751443668627,2557.0,2244.0
301377,Madras Cafe,Vikaspuri,True,300,5.707110264748875,3.3,3.330640618906189,3.3332690071959785,-0.0026283882897897293,2900.0,2571.0
8680,Mandeep Punjabi Rasoi,Vikaspuri,True,200,5.303304908059076,3.0,3.2917378093272456,3.2934415599652347,-0.0017037506379891099,2880.0,2553.0
18246995,Masti Curry,Vikaspuri,True,350,5.860786223465865,2.8,3.1376566343788435,3.348426114537516,-0.21076948015867236,5447.0,4982.0
4785,New Madras Cafe,Vikaspuri,True,300,5.707110264748875,3.1,3.2483437439796083,3.3332690071959785,-0.08492526321637017,4327.0,3937.0
2402,Pakwan,Vikaspuri,True,600,6.398594934535208,2.8,3.191485952903007,3.4014703540590903,-0.2099844011560834,5442.0,4978.0
300406,Patiala Shahi Soups,Vikaspuri,True,300,5.707110264748875,3.1,3.3018447663984833,3.3332690071959785,-0.03142424079749517,3392.0,3045.0
311390,Pizza Yum,Vikaspuri,True,650,6.478509642208569,3.1,3.268664804798733,3.4093523663952126,-0.14068756159647977,4985.0,4550.0
4164,Polka Pastry & Snack Bar,Vikaspuri,True,350,5.860786223465865,2.7,3.0431454919387906,3.348426114537516,-0.30528062259872524,5795.0,5260.0
18365391,Red Hot,Vikaspuri,True,350,5.860786223465865,3.3,3.3392582929735544,3.348426114537516,-0.009167821563961454,3006.0,2672.0
8508,Republic of Chicken,Vikaspuri,True,400,5.993961427306569,3.1,3.28655349621678,3.3615612260845467,-0.07500772986776649,4172.0,3791.0
1305,Sai Ann Kutir,Vikaspuri,True,400,5.993961427306569,2.8,3.114099194771017,3.3615612260845467,-0.24746203131352962,5605.0,5115.0
18245289,Saravana South Indian Hut,Vikaspuri,True,250,5.5254529391317835,3.2,3.3256361144119913,3.3153520889822103,0.010284025429780908,2704.0,2383.0
18057797,Sardar Pure Meat Shop,Vikaspuri,True,300,5.707110264748875,3.2,3.3278022543156465,3.3332690071959785,-0.005466752880332049,2926.0,2594.0
300472,Shama Chicken Corner,Vikaspuri,True,400,5.993961427306569,3.1,3.2710073715320482,3.3615612260845467,-0.09055385455249843,4398.0,4005.0
18247014,Shan E Punjab,Vikaspuri,True,550,6.311734809152915,3.4,3.366840704865382,3.3929033130260597,-0.026062608160677847,3289.0,2945.0
4790,Shanghai Nights,Vikaspuri,True,450,6.111467339502679,2.8,3.2502088458384577,3.3731508705500266,-0.1229420247115689,4817.0,4396.0
8707,Shree Ram Sweets & Bakers,Vikaspuri,True,100,4.61512051684126,3.0,3.324764731137877,3.2255657205981403,0.09919901053973668,1784.0,1520.0
302183,Sindhi Kulfi Wala,Vikaspuri,True,100,4.61512051684126,3.0,3.324764731137877,3.2255657205981403,0.09919901053973668,1784.0,1520.0
4792,South Indian Cafe,Vikaspuri,True,350,5.860786223465865,3.3,3.3276102280253568,3.348426114537516,-0.020815886512159043,3194.0,2853.0
2362,South Indian Hut,Vikaspuri,True,250,5.5254529391317835,3.4,3.3715777470274695,3.3153520889822103,0.05622565804525914,2156.0,1861.0
4338,Spinns Resto-Bar,Vikaspuri,True,800,6.68586094706836,2.6,3.0001362038076897,3.4298034897290544,-0.4296672859213646,6109.0,5481.0
309198,Subway,Vikaspuri,True,500,6.2166061010848646,2.6,3.078084814939058,3.3835207391251902,-0.3054359241861322,5798.0,5262.0
300457,Taneja Bakery,Vikaspuri,True,200,5.303304908059076,3.2,3.312311071974356,3.2934415599652347,0.018869512009121348,2608.0,2293.0
312201,Tequila Express,Vikaspuri,True,1150,7.048386408721883,3.4,3.3731745028124434,3.465559488144148,-0.0923849853317047,4431.0,4035.0
3657,The China Town,Vikaspuri,True,600,6.398594934535208,3.4,3.3681670766707663,3.4014703540590903,-0.03330327738832395,3416.0,3069.0
310640,THS - The Hunger Street,Vikaspuri,True,600,6.398594934535208,3.2,3.275638068880689,3.4014703540590903,-0.12583228517840128,4848.0,4426.0
309323,True Blue,Vikaspuri,True,1100,7.00397413672268,3.2,3.2926566343788437,3.4611790920197736,-0.16852245764092988,5196.0,4746.0
311333,Twenty Four Seven,Vikaspuri,True,300,5.707110264748875,3.1,3.319866620541205,3.3332690071959785,-0.013402386654773668,3061.0,2725.0
5925,Your's Chole Bhature,Vikaspuri,True,100,4.61512051684126,2.6,3.004533304948434,3.2255657205981403,-0.22103241564970633,5491.0,5019.0
312448,Baskin Robbins,Vikaspuri,True,300,5.707110264748875,3.5,3.414265067650676,3.3332690071959785,0.08099606045469754,1928.0,1655.0
311600,Pure Punjabi,Vikaspuri,True,700,6.55250788703459,3.5,3.430595530955309,3.416650836170689,0.013944694784620015,2671.0,2355.0
3665,Welcome Food Point,Vikaspuri,True,600,6.398594934535208,2.3,2.986833743337433,3.4014703540590903,-0.4146366107216575,6071.0,5452.0
309473,Arora Snacks,Vivek Vihar,True,350,5.860786223465865,2.8,3.2287703293699597,3.348426114537516,-0.11965578516755615,4792.0,4372.0
8502,Bansal Mithai Wale,Vivek Vihar,True,100,4.61512051684126,2.9,3.309491310190879,3.2255657205981403,0.08392558959273888,1896.0,1626.0
18303857,Fabulous Cake Bites,Vivek Vihar,True,400,5.993961427306569,3.4,3.3708845213452134,3.3615612260845467,0.009323295260666775,2716.0,2392.0
6264,Garam Masala Food Corner,Vivek Vihar,True,450,6.111467339502679,3.3,3.315414299081641,3.3731508705500266,-0.05773657146838573,3869.0,3499.0
18419896,Health Buzzz,Vivek Vihar,True,350,5.860786223465865,3.1,3.319866620541205,3.348426114537516,-0.02855949399631097,3329.0,2984.0
18291215,Kumar Pav Bhaji Corner,Vivek Vihar,True,200,5.303304908059076,3.2,3.3215168975460245,3.2934415599652347,0.02807533758078984,2483.0,2177.0
18264964,Le Chef,Vivek Vihar,True,400,5.993961427306569,3.0,3.3129551045510452,3.3615612260845467,-0.04860612153350141,3709.0,3350.0
18420420,Nainy Fast Food,Vivek Vihar,True,300,5.707110264748875,3.3,3.3411890286935653,3.3332690071959785,0.007920021497586749,2745.0,2421.0
310604,Platform Nine and Three Quarters,Vivek Vihar,True,600,6.398594934535208,2.6,2.957403211168034,3.4014703540590903,-0.4440671428910563,6138.0,5503.0
18225627,Pudding & Pie,Vivek Vihar,True,450,6.111467339502679,3.1,3.3280098287093978,3.3731508705500266,-0.04514104184062884,3648.0,3290.0
6251,Rapture,Vivek Vihar,True,400,5.993961427306569,2.5,2.9171253075030745,3.3615612260845467,-0.44443591858147213,6139.0,5504.0
6253,Sachdeva Chinese Fast Food,Vivek Vihar,True,400,5.993961427306569,3.3,3.335893296432964,3.3615612260845467,-0.02566792965158271,3277.0,2933.0
18249080,Simply Cakes,Vivek Vihar,True,400,5.993961427306569,3.2,3.3256361144119913,3.3615612260845467,-0.03592511167255541,3453.0,3104.0
18364535,The Dosa King,Vivek Vihar,True,400,5.993961427306569,2.9,3.317217561326556,3.3615612260845467,-0.04434366475799045,3630.0,3274.0
18128871,Bhappe Di Hatti,Vivek Vihar,True,500,6.2166061010848646,3.5,3.415261985468691,3.3835207391251902,0.03174124634350095,2428.0,2122.0
18124355,Cafetorium,Vivek Vihar,True,600,6.398594934535208,3.8,3.6714183084813303,3.4014703540590903,0.26994795442224007,947.0,785.0
304598,Food Express,Vivek Vihar,True,800,6.68586094706836,3.6,3.5303573185731856,3.4298034897290544,0.10055382884413122,1777.0,1513.0
18380891,Sai Bajaj Restaurant,Vivek Vihar,True,300,5.707110264748875,3.6,3.454911080360803,3.3332690071959785,0.12164207316482445,1637.0,1394.0
18458629,The Chimney Bar-Be-Que,Vivek Vihar,True,500,6.2166061010848646,3.6,3.4375004100040996,3.3835207391251902,0.053979670878909314,2181.0,1882.0
6240,Urban Punjab,Vivek Vihar,True,600,6.398594934535208,3.6,3.5438365472364404,3.4014703540590903,0.1423661931773501,1522.0,1290.0
1613,Chintamani's Namkeen,Vivek Vihar,True,350,5.860786223465865,2.4,2.997596548080865,3.348426114537516,-0.350829566456651,5931.0,5361.0
18216911,Deltasious,Vivek Vihar,True,400,5.993961427306569,2.2,2.699225935843429,3.3615612260845467,-0.6623352902411175,6395.0,5702.0
310440,Tandoori Junction,Vivek Vihar,True,300,5.707110264748875,2.4,3.190042894073008,3.3332690071959785,-0.1432261131229704,5011.0,4575.0
4740,Apni Rasoi,Wazirpur,True,300,5.707110264748875,2.6,3.141360746328051,3.3332690071959785,-0.19190826086792745,5325.0,4870.0
2044,Haldiram Bhujiawala,Wazirpur,True,400,5.993961427306569,3.4,3.3715777470274695,3.3615612260845467,0.010016520942922824,2706.0,2385.0
306064,Meghraj Food Court,Wazirpur,True,250,5.5254529391317835,3.0,3.2357880924699653,3.3153520889822103,-0.079563996512245,4233.0,3849.0
6553,Meghraj Sweets,Wazirpur,True,150,5.017279836814924,3.2,3.330044399128201,3.2652308187184387,0.06481358040976248,2077.0,1786.0
349,"34, Chowringhee Lane","West End Mall, Janak Puri",True,350,5.860786223465865,3.4,3.38231504259487,3.348426114537516,0.03388892805735422,2403.0,2098.0
3455,Subway,"West End Mall, Janak Puri",True,500,6.2166061010848646,2.1,2.4050374664194405,3.3835207391251902,-0.9784832727057498,6495.0,5800.0
1115,The Golden Dragon,"West Gate Mall, Rajouri Garden",True,1500,7.313886831633462,3.5,3.4678966112348344,3.4917458769774545,-0.02384926574262014,3245.0,2903.0
311506,KFC,West Patel Nagar,True,500,6.2166061010848646,3.4,3.38231504259487,3.3835207391251902,-0.0012056965303202105,2874.0,2548.0
3974,Mitra Da Dhaba,West Patel Nagar,True,400,5.993961427306569,3.5,3.472500116038896,3.3615612260845467,0.1109388899543493,1709.0,1456.0
18163893,Mr. Sub,West Patel Nagar,True,400,5.993961427306569,3.7,3.5705494753811173,3.3615612260845467,0.20898824929657067,1195.0,1002.0
313093,Kennedy's,West Patel Nagar,True,400,5.993961427306569,4.1,4.032060242130199,3.3615612260845467,0.6704990160456523,149.0,122.0
18384135,Keventers,"Worldmark 1, Aerocity",True,400,5.993961427306569,3.1,3.3280098287093978,3.3615612260845467,-0.033551397375148895,3423.0,3075.0
18337772,Street Foods by Punjab Grill,"Worldmark 1, Aerocity",True,600,6.398594934535208,3.2,3.312311071974356,3.4014703540590903,-0.08915928208473423,4378.0,3987.0
18316173,Subway,"Worldmark 1, Aerocity",True,500,6.2166061010848646,3.1,3.2663855506798307,3.3835207391251902,-0.11713518844535953,4763.0,4345.0
18336491,Wow! Momo,"Worldmark 1, Aerocity",True,350,5.860786223465865,3.1,3.3160093114089033,3.348426114537516,-0.032416803128612504,3404.0,3057.0
18306524,Biryani Blues,"Worldmark 1, Aerocity",True,1000,6.90875477931522,3.6,3.4283455035254575,3.4517875773465194,-0.023442073821061893,3229.0,2887.0
18279456,Eat Me,Yusuf Sarai,True,600,6.398594934535208,2.7,3.0891772042720422,3.4014703540590903,-0.31229314978704803,5819.0,5279.0
304475,EDC Mania,Yusuf Sarai,True,150,5.017279836814924,3.3,3.3285514857989487,3.2652308187184387,0.06332066708050998,2090.0,1798.0
311971,Elegant China X-Press,Yusuf Sarai,True,400,5.993961427306569,3.1,3.312285012936336,3.3615612260845467,-0.04927621314821051,3727.0,3365.0
1918,Gopala,Yusuf Sarai,True,250,5.5254529391317835,3.3,3.332630269484513,3.3153520889822103,0.017278180502302565,2625.0,2310.0
3467,Green Chick Chop,Yusuf Sarai,True,350,5.860786223465865,3.1,3.255854819624145,3.348426114537516,-0.09257129491337102,4433.0,4037.0
18265698,Hangchuaa's Chinese Food Corner,Yusuf Sarai,True,600,6.398594934535208,2.7,3.2909727916723606,3.4014703540590903,-0.1104975623867297,4685.0,4276.0
7457,Madhuvan Chinese Fast Food,Yusuf Sarai,True,300,5.707110264748875,2.7,3.0159656509931434,3.3332690071959785,-0.3173033562028351,5840.0,5291.0
18175274,Momos House,Yusuf Sarai,True,350,5.860786223465865,2.9,3.309491310190879,3.348426114537516,-0.03893480434663665,3526.0,3173.0
3469,Punjab Restaurant,Yusuf Sarai,True,600,6.398594934535208,3.2,3.278026639476921,3.4014703540590903,-0.1234437145821694,4822.0,4401.0
2605,Rhythm Restro-Bar,Yusuf Sarai,True,1000,6.90875477931522,3.0,3.1891486895638184,3.4517875773465194,-0.26263888778270106,5664.0,5157.0
4640,Say Cheese,Yusuf Sarai,True,400,5.993961427306569,2.7,2.880296783900042,3.3615612260845467,-0.4812644421845045,6199.0,5544.0
928,Sona Restaurant,Yusuf Sarai,True,450,6.111467339502679,3.2,3.293829503168449,3.3731508705500266,-0.0793213673815778,4229.0,3845.0
312756,Uraki,Yusuf Sarai,True,400,5.993961427306569,2.7,3.25986896053171,3.3615612260845467,-0.1016922655528365,4560.0,4161.0
309505,Wah Ji Wah,Yusuf Sarai,True,450,6.111467339502679,3.0,3.232601766896047,3.3731508705500266,-0.14054910365397966,4983.0,4549.0
9890,Annapurna Sweets,Yusuf Sarai,True,150,5.017279836814924,3.9,3.7298261439892877,3.2652308187184387,0.464595325270849,408.0,331.0
954,Karnataka,Yusuf Sarai,True,500,6.2166061010848646,3.7,3.6553851977814813,3.3835207391251902,0.27186445865629105,934.0,775.0
310063,Ali Baba Caves,"Ansal Plaza Mall, Greater Noida",True,500,6.2166061010848646,3.1,3.2923832929735544,3.3835207391251902,-0.09113744615163588,4409.0,4016.0
312214,Cafí© Doo Ghoont,"Ansal Plaza Mall, Greater Noida",True,600,6.398594934535208,3.4,3.3758841489930047,3.4014703540590903,-0.025586205066085554,3274.0,2930.0
309641,Knights Chaska,"Ansal Plaza Mall, Greater Noida",True,800,6.68586094706836,2.9,3.3020460136419545,3.4298034897290544,-0.12775747608709986,4873.0,4449.0
306688,Thirsty Scholar Cafe,"Ansal Plaza Mall, Greater Noida",True,450,6.111467339502679,3.2,3.2788567101096535,3.3731508705500266,-0.09429416044037309,4462.0,4065.0
312573,JSB Evergreen Snack & Sweets,Brahmaputra Shopping Complex,True,300,5.707110264748875,3.1,3.2282555286490364,3.3332690071959785,-0.1050134785469421,4614.0,4211.0
7983,221 B Baker Street,Brahmaputra Shopping Complex,True,200,5.303304908059076,3.5,3.4490386765755767,3.2934415599652347,0.15559711661034203,1447.0,1222.0
302541,Kapoors Balle Balle,Brahmaputra Shopping Complex,True,400,5.993961427306569,3.7,3.655032975658704,3.3615612260845467,0.2934717495741572,868.0,720.0
7992,Lakshmi Coffee House,Brahmaputra Shopping Complex,True,300,5.707110264748875,3.8,3.766276887653846,3.3332690071959785,0.4330078804578674,473.0,387.0
3695,Geoffrey's,"Centre Stage Mall, Sector 18",True,2600,7.8636512654486515,3.0,3.0274084884559036,3.545969313131459,-0.5185608246755553,6248.0,5581.0
4473,Haldiram's,"Centre Stage Mall, Sector 18",True,600,6.398594934535208,3.5,3.466571241973887,3.4014703540590903,0.06510088791479696,2075.0,1784.0
3250,Maamouchee @ My Way,"Centre Stage Mall, Sector 18",True,1100,7.00397413672268,3.5,3.477714161315925,3.4611790920197736,0.016535069296151228,2634.0,2319.0
718,Americana Kitchen and Bar,"Centre Stage Mall, Sector 18",True,2000,7.601402334583733,2.4,2.5726390027789163,3.520103619964429,-0.9474646171855126,6490.0,5795.0
18272361,Punjabi By Nature Quickie,"DLF Mall of India, Sector 18,  Noida",True,1100,7.00397413672268,3.4,3.3858729630195707,3.4611790920197736,-0.07530612900020284,4177.0,3796.0
18372695,United Coffee House Rewind,"DLF Mall of India, Sector 18,  Noida",True,1500,7.313886831633462,3.4,3.3909565558723767,3.4917458769774545,-0.10078932110507788,4549.0,4150.0
18265411,Wow! Momo,"DLF Mall of India, Sector 18,  Noida",True,350,5.860786223465865,2.7,2.822270232759799,3.348426114537516,-0.5261558817777168,6260.0,5592.0
18303706,Oh So Stoned!,"DLF Mall of India, Sector 18,  Noida",True,250,5.5254529391317835,4.5,4.3490952567032375,3.3153520889822103,1.0337431677210271,20.0,18.0
18268698,The Big Chill Cakery,"DLF Mall of India, Sector 18,  Noida",True,700,6.55250788703459,4.5,4.2128190344403444,3.416650836170689,0.7961681982696556,78.0,63.0
18264244,Barista,"DLF Mall of India, Sector 18,  Noida",True,650,6.478509642208569,3.5,3.398785149309826,3.4093523663952126,-0.010567217085386549,3021.0,2686.0
18277171,Big Wong XL,"DLF Mall of India, Sector 18,  Noida",True,1500,7.313886831633462,3.9,3.791582785283498,3.4917458769774545,0.29983690830604326,837.0,697.0
18265419,Carl's Jr.,"DLF Mall of India, Sector 18,  Noida",True,650,6.478509642208569,3.8,3.7566322105528744,3.4093523663952126,0.3472798441576619,686.0,575.0
18233616,Chaayos,"DLF Mall of India, Sector 18,  Noida",True,400,5.993961427306569,3.9,3.7445811026029334,3.3615612260845467,0.38301987651838676,582.0,482.0
18366022,Chi Asian Cookhouse,"DLF Mall of India, Sector 18,  Noida",True,1400,7.244941546337007,3.9,3.778885273650033,3.4849457821633028,0.2939394914867304,865.0,717.0
18273551,Costa Coffee,"DLF Mall of India, Sector 18,  Noida",True,600,6.398594934535208,3.7,3.548783457967323,3.4014703540590903,0.1473131039082327,1485.0,1258.0
18272346,Dunkin' Donuts,"DLF Mall of India, Sector 18,  Noida",True,600,6.398594934535208,3.7,3.5734261537059813,3.4014703540590903,0.171955799646891,1373.0,1157.0
18268925,Instapizza,"DLF Mall of India, Sector 18,  Noida",True,900,6.803505257608338,3.7,3.6350286340315874,3.4414067844659977,0.1936218495655897,1272.0,1068.0
18272379,Keventers,"DLF Mall of India, Sector 18,  Noida",True,400,5.993961427306569,3.8,3.6991400493133364,3.3615612260845467,0.33757882322878974,714.0,598.0
18272355,Pirates of Grill,"DLF Mall of India, Sector 18,  Noida",True,1800,7.496097345175956,3.9,3.8663064295116634,3.5097173562874113,0.35658907322425204,660.0,554.0
18268722,Pizza Hut,"DLF Mall of India, Sector 18,  Noida",True,1000,6.90875477931522,3.9,3.778885273650033,3.4517875773465194,0.3270976963035137,748.0,626.0
18273556,PizzaExpress,"DLF Mall of India, Sector 18,  Noida",True,1600,7.3783837129967145,3.9,3.83521091747062,3.498107224335746,0.33710369313487387,715.0,599.0
18272367,RollsKing,"DLF Mall of India, Sector 18,  Noida",True,400,5.993961427306569,3.9,3.8043150560509162,3.3615612260845467,0.4427538299663696,454.0,371.0
18258775,Taco Bell,"DLF Mall of India, Sector 18,  Noida",True,550,6.311734809152915,3.6,3.5726738357630214,3.3929033130260597,0.1797705227369617,1343.0,1131.0
18449092,The Frozen Factory,"DLF Mall of India, Sector 18,  Noida",True,350,5.860786223465865,3.7,3.4593314190184152,3.348426114537516,0.11090530448089941,1710.0,1457.0
18461590,Theos,"DLF Mall of India, Sector 18,  Noida",True,500,6.2166061010848646,3.5,3.3824601733920563,3.3835207391251902,-0.0010605657331339557,2873.0,2547.0
18254530,Wendy's,"DLF Mall of India, Sector 18,  Noida",True,400,5.993961427306569,3.7,3.6698633699299963,3.3615612260845467,0.3083021438454496,805.0,674.0
18336212,Zizo,"DLF Mall of India, Sector 18,  Noida",True,1600,7.3783837129967145,3.8,3.610452851295754,3.498107224335746,0.11234562696000783,1699.0,1449.0
18268727,Cafe Delhi Heights,"DLF Mall of India, Sector 18,  Noida",True,1500,7.313886831633462,4.1,4.0404424200492,3.4917458769774545,0.5486965430717459,284.0,228.0
18268712,Chili's Grill & Bar,"DLF Mall of India, Sector 18,  Noida",True,1500,7.313886831633462,4.1,4.054083267522286,3.4917458769774545,0.5623373905448319,268.0,214.0
18272353,Made In Punjab,"DLF Mall of India, Sector 18,  Noida",True,1500,7.313886831633462,4.1,4.0011119427232,3.4917458769774545,0.5093660657457453,332.0,269.0
18261140,Mamagoto,"DLF Mall of India, Sector 18,  Noida",True,1600,7.3783837129967145,4.3,4.202541993187227,3.498107224335746,0.7044347688514807,130.0,105.0
18272357,Movenpick,"DLF Mall of India, Sector 18,  Noida",True,650,6.478509642208569,4.0,3.772946648216482,3.4093523663952126,0.3635942818212694,639.0,535.0
18303688,Smaaash,"DLF Mall of India, Sector 18,  Noida",True,1350,7.208600337960199,4.0,3.8130148867665143,3.4813614375404534,0.331653449226061,733.0,612.0
18268716,SodaBottleOpenerWala,"DLF Mall of India, Sector 18,  Noida",True,1300,7.170888478512505,4.0,3.9522710671926538,3.477641905178529,0.474629162014125,383.0,312.0
18264533,The Bento Cafe,"DLF Mall of India, Sector 18,  Noida",True,750,6.621405651764134,4.2,4.086061728083034,3.423446244016628,0.6626154840664058,159.0,132.0
2799,Earthen Oven - Fortune Inn Grazia,"Fortune Inn Grazia, Sector 27, Noida",True,1500,7.313886831633462,3.4,3.3794183685371335,3.4917458769774545,-0.11232750844032102,4713.0,4299.0
2655,Fortune Deli -  Fortune Inn Grazia,"Fortune Inn Grazia, Sector 27, Noida",True,2000,7.601402334583733,3.2,3.297533299346151,3.520103619964429,-0.22257032061827786,5499.0,5026.0
301392,Cafe Pipa,"Ganga Shopping Complex, Sector 29",True,350,5.860786223465865,3.4,3.3835346948297063,3.348426114537516,0.03510858029219044,2392.0,2088.0
302727,Cook Du Kdu,"Ganga Shopping Complex, Sector 29",True,650,6.478509642208569,3.1,3.176475346275202,3.4093523663952126,-0.23287702012001077,5541.0,5063.0
311698,Green Chick Chop,"Ganga Shopping Complex, Sector 29",True,350,5.860786223465865,2.6,3.2034841106607788,3.348426114537516,-0.14494200387673706,5025.0,4589.0
307297,New Vishal's Kitchen,"Ganga Shopping Complex, Sector 29",True,600,6.398594934535208,2.5,3.07140453082613,3.4014703540590903,-0.3300658232329603,5880.0,5326.0
3154,Samarkand,"Ganga Shopping Complex, Sector 29",True,1500,7.313886831633462,3.3,3.314115341293862,3.4917458769774545,-0.17763053568359233,5246.0,4794.0
18357543,Mirchievous,"Ganga Shopping Complex, Sector 29",True,650,6.478509642208569,3.9,3.6108874274226612,3.4093523663952126,0.20153506102744867,1240.0,1040.0
3155,Pearls Regency,"Ganga Shopping Complex, Sector 29",True,1200,7.0909098220799835,3.7,3.654914329156484,3.4697535855565107,0.18516074359997337,1319.0,1109.0
18421057,Imperfecto,"Gardens Galleria, Sector 38 Noida",True,1800,7.496097345175956,3.4,3.393139456179045,3.5097173562874113,-0.11657790010836644,4753.0,4335.0
18233620,Chaayos,"Gardens Galleria, Sector 38 Noida",True,400,5.993961427306569,3.6,3.4717108500032365,3.3615612260845467,0.11014962391868988,1716.0,1460.0
300605,Dunkin' Donuts,"Gardens Galleria, Sector 38 Noida",True,600,6.398594934535208,3.7,3.6677594919817125,3.4014703540590903,0.2662891379226222,967.0,802.0
18279442,The Smoke Factory,"Gardens Galleria, Sector 38 Noida",True,2000,7.601402334583733,3.8,3.723918791523555,3.520103619964429,0.2038151715591261,1235.0,1035.0
18279455,Turquoise Cottage - TC Original 1997,"Gardens Galleria, Sector 38 Noida",True,1900,7.550135342488429,3.8,3.723918791523555,3.5150471406767525,0.20887165084680248,1196.0,1003.0
18419893,Laat Saab,"Gardens Galleria, Sector 38 Noida",True,1300,7.170888478512505,4.1,3.8707033171894216,3.477641905178529,0.39306141201089284,558.0,459.0
18289074,Starbucks,"Gardens Galleria, Sector 38 Noida",True,700,6.55250788703459,4.0,3.7056715810213654,3.416650836170689,0.2890207448506765,884.0,734.0
311614,Aim Cafe And Restaurant,Greater Noida,True,1200,7.0909098220799835,3.3,3.3369489816221685,3.4697535855565107,-0.13280460393434224,4918.0,4492.0
18429395,Al-Swad,Greater Noida,True,400,5.993961427306569,2.5,3.2584096500055906,3.3615612260845467,-0.10315157607895609,4579.0,4179.0
3735,Anands,Greater Noida,True,500,6.2166061010848646,2.6,3.033088597062441,3.3835207391251902,-0.3504321420627492,5929.0,5359.0
9731,Bansiwala Restaurant,Greater Noida,True,200,5.303304908059076,2.5,3.287028882081273,3.2934415599652347,-0.006412677883961493,2945.0,2611.0
302132,Cafe Coffee Day,Greater Noida,True,450,6.111467339502679,2.8,3.170034667812431,3.3731508705500266,-0.20311620273759567,5402.0,4941.0
18258162,Food Tamasha & Co.,Greater Noida,True,600,6.398594934535208,3.2,3.3015415171274998,3.4014703540590903,-0.09992883693159049,4541.0,4143.0
302144,Grand Heritage Resort,Greater Noida,True,800,6.68586094706836,3.1,3.28655349621678,3.4298034897290544,-0.1432499935122742,5012.0,4576.0
4471,Green Chick Chop,Greater Noida,True,350,5.860786223465865,3.2,3.307427981888514,3.348426114537516,-0.04099813264900165,3554.0,3201.0
18253392,Kafe Republic,Greater Noida,True,300,5.707110264748875,3.1,3.2431689622128776,3.3332690071959785,-0.09010004498310087,4390.0,3997.0
310790,Kar C Lounge & Restaurant,Greater Noida,True,600,6.398594934535208,2.8,3.2155773961585763,3.4014703540590903,-0.18589295790051397,5291.0,4837.0
8152,Kolkata Roll Point,Greater Noida,True,100,4.61512051684126,2.8,3.2657332887984047,3.2255657205981403,0.04016756820026446,2335.0,2035.0
313035,Royal Awadh,Greater Noida,True,500,6.2166061010848646,3.0,3.2967677715570254,3.3835207391251902,-0.08675296756816486,4347.0,3957.0
301509,Royal Rasoi,Greater Noida,True,600,6.398594934535208,2.8,3.1858932964329636,3.4014703540590903,-0.21557705762612667,5463.0,4995.0
312275,Royale Bakers,Greater Noida,True,250,5.5254529391317835,2.8,3.203172100750858,3.3153520889822103,-0.11217998823135256,4712.0,4298.0
302127,Sahi Darbar,Greater Noida,True,400,5.993961427306569,2.6,3.2034841106607788,3.3615612260845467,-0.1580771154237679,5119.0,4679.0
18322604,Taco Street,Greater Noida,True,500,6.2166061010848646,2.9,3.317217561326556,3.3835207391251902,-0.06630317779863404,4020.0,3647.0
18433889,The Noodle Co,Greater Noida,True,900,6.803505257608338,3.1,3.3160093114089033,3.4414067844659977,-0.12539747305709437,4843.0,4421.0
18232121,Veg Always,Greater Noida,True,600,6.398594934535208,2.7,3.1312504155446956,3.4014703540590903,-0.27021993851439463,5690.0,5178.0
307628,Yu Turn,Greater Noida,True,1000,6.90875477931522,2.9,3.140353595112038,3.4517875773465194,-0.3114339822344814,5818.0,5278.0
18281980,Zaika,Greater Noida,True,600,6.398594934535208,2.5,3.206992046615381,3.4014703540590903,-0.1944783074437093,5342.0,4884.0
8151,Zaika,Greater Noida,True,600,6.398594934535208,2.8,3.0728538459627015,3.4014703540590903,-0.32861650809638876,5875.0,5322.0
302139,Domino's Pizza,Greater Noida,True,700,6.55250788703459,3.5,3.430595530955309,3.416650836170689,0.013944694784620015,2671.0,2355.0
18377927,Night Food Service,Greater Noida,True,350,5.860786223465865,3.8,3.6295545019403677,3.348426114537516,0.28112838740285184,906.0,753.0
313120,Uncle's Patty,Greater Noida,True,500,6.2166061010848646,3.5,3.405357542211785,3.3835207391251902,0.02183680308659497,2573.0,2260.0
18128857,Desi Galli,"Harsha Mall, Greater Noida",True,500,6.2166061010848646,2.9,3.1126204879837256,3.3835207391251902,-0.27090025114146465,5692.0,5180.0
18279435,Mr. Flavour,"Harsha Mall, Greater Noida",True,500,6.2166061010848646,2.7,3.2408903517001266,3.3835207391251902,-0.14263038742506362,5008.0,4572.0
18281983,Wah Ji Wah,"Harsha Mall, Greater Noida",True,300,5.707110264748875,3.1,3.2894235500047304,3.3332690071959785,-0.043845457191248105,3622.0,3267.0
301402,Indian Diners,"Hotel Golf View, Sector 37, Noida",True,1300,7.170888478512505,3.0,3.307366620541205,3.477641905178529,-0.17027528463732367,5205.0,4755.0
2342,Gravity,"Jaipuria Plaza, Sector 26, Noida",True,1000,6.90875477931522,2.6,2.7527490902502385,3.4517875773465194,-0.6990384870962809,6414.0,5720.0
309088,Kolkata Biryani House,"Jaipuria Plaza, Sector 26, Noida",True,500,6.2166061010848646,2.8,2.970965384495617,3.3835207391251902,-0.41255535462957305,6069.0,5450.0
18334423,Rotees n More,"Jaipuria Plaza, Sector 26, Noida",True,350,5.860786223465865,3.2,3.275638068880689,3.348426114537516,-0.07278804565682684,4129.0,3750.0
439,Saleem's Takeaway,"Jaipuria Plaza, Sector 26, Noida",True,600,6.398594934535208,2.6,2.995833663981801,3.4014703540590903,-0.4056366900772894,6050.0,5438.0
18431970,Sikandrabadi Biryani,"Jaipuria Plaza, Sector 26, Noida",True,400,5.993961427306569,3.4,3.3693914198757366,3.3615612260845467,0.007830193791189988,2747.0,2423.0
307718,Wok N Spice,"Jaipuria Plaza, Sector 26, Noida",True,300,5.707110264748875,3.1,3.275893296432964,3.3332690071959785,-0.05737571076301462,3863.0,3493.0
5685,Zaika Hindustani,"Jaipuria Plaza, Sector 26, Noida",True,600,6.398594934535208,2.7,3.0891772042720422,3.4014703540590903,-0.31229314978704803,5819.0,5279.0
312243,Chanda Food,"Jaipuria Plaza, Sector 26, Noida",True,350,5.860786223465865,3.6,3.5165241832212843,3.348426114537516,0.16809806868376853,1390.0,1173.0
18428614,Chhote Nawab,"Jaipuria Plaza, Sector 26, Noida",True,250,5.5254529391317835,3.5,3.400171654113801,3.3153520889822103,0.08481956513159083,1891.0,1621.0
18424869,Delish BBQ,"Jaipuria Plaza, Sector 26, Noida",True,500,6.2166061010848646,3.9,3.597893603936039,3.3835207391251902,0.21437286481084872,1169.0,981.0
307232,Goli Vada Pav No. 1,"Jaipuria Plaza, Sector 26, Noida",True,150,5.017279836814924,3.6,3.562956020517652,3.2652308187184387,0.29772520179921313,849.0,706.0
300907,Happy Hakka,"Jaipuria Plaza, Sector 26, Noida",True,650,6.478509642208569,3.6,3.5806854687009633,3.4093523663952126,0.17133310230575072,1376.0,1160.0
8422,Baker's Studio - Jaypee Greens,"Jaypee Greens Golf & Spa Resort, Surajpur",True,1000,6.90875477931522,3.4,3.3693914198757366,3.4517875773465194,-0.08239615747078277,4284.0,3895.0
8344,Matrix - Jaypee Greens,"Jaypee Greens Golf & Spa Resort, Surajpur",True,2000,7.601402334583733,3.2,3.307427981888514,3.520103619964429,-0.21267563807591472,5452.0,4987.0
8441,Tea Lounge - Jaypee Greens,"Jaypee Greens Golf & Spa Resort, Surajpur",True,900,6.803505257608338,2.9,3.2509925515921823,3.4414067844659977,-0.19041423287381543,5314.0,4859.0
8351,Paatra - Jaypee Greens,"Jaypee Greens Golf & Spa Resort, Surajpur",True,3500,8.160803920954665,3.5,3.443066646486777,3.5752775714558593,-0.13221092496908238,4913.0,4487.0
4505,Cooks Cafe - Jaypee Greens,"Jaypee Greens, Greater Noida, Noida",True,1500,7.313886831633462,3.3,3.33221193269625,3.4917458769774545,-0.1595339442812045,5130.0,4690.0
18371434,Burger King,"Logix City Centre, Sector 32, Noida",True,500,6.2166061010848646,3.3,3.339881440481071,3.3835207391251902,-0.04363929864411942,3618.0,3263.0
18425747,Cafe Pitacos,"Logix City Centre, Sector 32, Noida",True,600,6.398594934535208,3.0,3.25690344403444,3.4014703540590903,-0.14456691002465005,5023.0,4587.0
18371402,Cinnabon & Auntie Anne's,"Logix City Centre, Sector 32, Noida",True,500,6.2166061010848646,3.1,3.323864195460136,3.3835207391251902,-0.05965654366505424,3915.0,3544.0
18383509,Cocoberry,"Logix City Centre, Sector 32, Noida",True,300,5.707110264748875,3.4,3.3632697038508845,3.3332690071959785,0.03000069665490601,2463.0,2157.0
18446433,Hakka Haus,"Logix City Centre, Sector 32, Noida",True,950,6.85751406254539,3.2,3.334773286369227,3.446733689602322,-0.11196040323309475,4709.0,4295.0
18349905,Kebab Xpress,"Logix City Centre, Sector 32, Noida",True,600,6.398594934535208,2.9,3.2948666205412054,3.4014703540590903,-0.10660373351788488,4632.0,4228.0
18352249,KFC,"Logix City Centre, Sector 32, Noida",True,500,6.2166061010848646,2.5,3.1517582929735544,3.3835207391251902,-0.23176244615163588,5531.0,5054.0
18383479,Mad Over Donuts,"Logix City Centre, Sector 32, Noida",True,450,6.111467339502679,3.2,3.3195569475856046,3.3731508705500266,-0.053593922964422,3806.0,3440.0
18383470,Ni Hao,"Logix City Centre, Sector 32, Noida",True,700,6.55250788703459,3.0,3.2917378093272456,3.416650836170689,-0.1249130268434433,4838.0,4416.0
18383460,Pizza Hut,"Logix City Centre, Sector 32, Noida",True,1000,6.90875477931522,2.6,3.257366620541205,3.4517875773465194,-0.19442095680531457,5340.0,4882.0
18440424,Subway,"Logix City Centre, Sector 32, Noida",True,500,6.2166061010848646,2.6,3.2817135324131015,3.3835207391251902,-0.10180720671208876,4563.0,4164.0
18383477,Time To Tea,"Logix City Centre, Sector 32, Noida",True,350,5.860786223465865,2.8,3.30023205093162,3.348426114537516,-0.04819406360589573,3702.0,3343.0
18383466,Vaango!,"Logix City Centre, Sector 32, Noida",True,450,6.111467339502679,2.8,3.291136922732863,3.3731508705500266,-0.08201394781716376,4274.0,3887.0
18396179,Biryani Blues,"Logix City Centre, Sector 32, Noida",True,1000,6.90875477931522,3.5,3.391231802243395,3.4517875773465194,-0.060555775103124265,3931.0,3560.0
18466951,Jungle Jamboree,"Logix City Centre, Sector 32, Noida",True,1200,7.0909098220799835,3.8,3.5685529552663944,3.4697535855565107,0.09879936970988368,1794.0,1530.0
18337905,Keventers,"Logix City Centre, Sector 32, Noida",True,400,5.993961427306569,3.5,3.4121991656663546,3.3615612260845467,0.050637939581807956,2225.0,1925.0
18361221,Pita Pit,"Logix City Centre, Sector 32, Noida",True,600,6.398594934535208,3.6,3.4233700108740215,3.4014703540590903,0.021899656814931223,2572.0,2259.0
18383490,Chicago Pizza,"Logix City Centre, Sector 32, Noida",True,600,6.398594934535208,2.3,3.2037286096545174,3.4014703540590903,-0.19774174440457282,5363.0,4904.0
18273632,Mr. Sub,"Logix City Centre, Sector 32, Noida",True,400,5.993961427306569,2.3,2.977796457240888,3.3615612260845467,-0.38376476884365873,6004.0,5408.0
3226,Flluid - Mosaic Hotels,"Mosaic Hotels, Sector 18, Noida ",True,2200,7.696667081526462,3.2,3.2402854932081926,3.529499611421586,-0.2892141182133936,5751.0,5228.0
4627,Latitude - Mosaic Hotels,"Mosaic Hotels, Sector 18, Noida ",True,1700,7.438971592395862,3.3,3.322841188639159,3.50408302562123,-0.1812418369820712,5264.0,4812.0
312278,Baker's Zone,"MSX Mall, Greater Noida",True,200,5.303304908059076,2.9,3.281250530177715,3.2934415599652347,-0.012191029787519625,3041.0,2706.0
18364351,Chakna,"MSX Mall, Greater Noida",True,450,6.111467339502679,2.7,3.2909727916723606,3.3731508705500266,-0.08217807887766604,4278.0,3890.0
18373737,Get Set Go,"MSX Mall, Greater Noida",True,800,6.68586094706836,3.1,3.3280098287093978,3.4298034897290544,-0.10179366101965659,4562.0,4163.0
18124366,Sip & Snacks,"MSX Mall, Greater Noida",True,550,6.311734809152915,3.2,3.334773286369227,3.3929033130260597,-0.058130026656832534,3877.0,3507.0
18254400,The Anna,"MSX Mall, Greater Noida",True,400,5.993961427306569,2.8,3.1972430992692273,3.3615612260845467,-0.16431812681531932,5158.0,4712.0
309545,Kathi Junction,"MSX Mall, Greater Noida",True,400,5.993961427306569,3.5,3.4447918996235414,3.3615612260845467,0.08323067353899471,1904.0,1633.0
6033,Cakewalk - Park Plaza,"Park Plaza Hotel, Sector 55, Noida",True,500,6.2166061010848646,3.4,3.367736902031182,3.3835207391251902,-0.015783837094008213,3102.0,2766.0
6036,New Town Lounge - Park Plaza,"Park Plaza Hotel, Sector 55, Noida",True,2000,7.601402334583733,3.2,3.291512725312438,3.520103619964429,-0.22859089465199078,5523.0,5047.0
1669,New Town Cafe - Park Plaza,"Park Plaza Hotel, Sector 55, Noida",True,2800,7.937731775260109,4.1,3.967554262636489,3.5532758967278943,0.41427836590859446,516.0,424.0
3924,S-18 - Radisson Blu,"Radisson Blu, Sector 18, Noida",True,3200,8.071218539969863,3.5,3.472706107679054,3.566441737619808,-0.0937356299407539,4454.0,4057.0
304496,Chip Chap Shahi Corner,Sector 10,True,200,5.303304908059076,2.9,3.262500504103401,3.2934415599652347,-0.03094105586183371,3374.0,3027.0
308670,Mother's Kitchen,Sector 10,True,100,4.61512051684126,2.9,3.3020460136419545,3.2255657205981403,0.07648029304381421,1970.0,1691.0
18273622,TBH äóñ To Be Healthy,Sector 10,True,500,6.2166061010848646,4.0,3.7457002460024595,3.3835207391251902,0.3621795068772693,646.0,541.0
5742,Mehfill,Sector 11,True,600,6.398594934535208,2.7,2.929586552160486,3.4014703540590903,-0.47188380189860446,6184.0,5533.0
311186,Punjabi Pakwaan,Sector 11,True,800,6.68586094706836,3.3,3.3302714548229817,3.4298034897290544,-0.09953203490607265,4537.0,4139.0
2331,Santushti,Sector 11,True,300,5.707110264748875,2.6,2.9093489979017435,3.3332690071959785,-0.423920009294235,6093.0,5470.0
2329,Uncle's,Sector 11,True,600,6.398594934535208,3.4,3.3900105889134204,3.4014703540590903,-0.01145976514566982,3031.0,2696.0
18382363,Cafe Limelight,Sector 11,True,900,6.803505257608338,3.7,3.5035923074747983,3.4414067844659977,0.06218552300880065,2103.0,1811.0
18243997,Alley's Urbane Cafe,Sector 110,True,400,5.993961427306569,3.2,3.290396716467164,3.3615612260845467,-0.07116450961738252,4102.0,3726.0
18268352,Backstreet Kitchen,Sector 110,True,500,6.2166061010848646,3.4,3.3708845213452134,3.3835207391251902,-0.01263621777997681,3046.0,2711.0
18463699,Berco's,Sector 110,True,1100,7.00397413672268,3.1,3.312285012936336,3.4611790920197736,-0.14889407908343744,5055.0,4617.0
18376508,Breaktym,Sector 110,True,400,5.993961427306569,2.6,3.213542179171791,3.3615612260845467,-0.14801904691275558,5046.0,4609.0
18146402,Chawla's 2,Sector 110,True,1400,7.244941546337007,2.5,3.1838119795132376,3.4849457821633028,-0.3011338026500652,5785.0,5253.0
18216904,Chicken Kraft,Sector 110,True,400,5.993961427306569,2.9,3.317217561326556,3.3615612260845467,-0.04434366475799045,3630.0,3274.0
5634,Chinese By Nature,Sector 110,True,400,5.993961427306569,2.9,3.225184275739816,3.3615612260845467,-0.13637695034473074,4954.0,4523.0
4541,DV's Chinese Kitchen,Sector 110,True,300,5.707110264748875,2.8,3.2578395042424995,3.3332690071959785,-0.07542950295347906,4180.0,3799.0
8226,Evergreen Sweets,Sector 110,True,200,5.303304908059076,2.6,3.1663466269278073,3.2934415599652347,-0.12709493303742736,4862.0,4440.0
18254527,Green Chick Chop,Sector 110,True,350,5.860786223465865,2.9,3.2948666205412054,3.348426114537516,-0.05355949399631044,3803.0,3437.0
18409725,Hyderabad Delights,Sector 110,True,400,5.993961427306569,3.3,3.3405246895210885,3.3615612260845467,-0.021036536563458164,3208.0,2867.0
310208,Kabab And Tadka,Sector 110,True,600,6.398594934535208,2.5,2.9907356558859703,3.4014703540590903,-0.4107346981731199,6058.0,5443.0
8228,Kanha Bhog,Sector 110,True,150,5.017279836814924,2.6,3.090833743337433,3.2652308187184387,-0.1743970753810058,5229.0,4778.0
8236,Mezbaan Jaika Restaurant,Sector 110,True,500,6.2166061010848646,2.7,3.176306429109067,3.3835207391251902,-0.20721431001612345,5426.0,4963.0
18415343,Pind Balluchi,Sector 110,True,1000,6.90875477931522,2.6,3.090833743337433,3.4517875773465194,-0.36095383400908654,5951.0,5376.0
18133476,Red Capsicum,Sector 110,True,500,6.2166061010848646,2.6,3.097466631760912,3.3835207391251902,-0.2860541073642784,5738.0,5218.0
18381224,Singh Foods,Sector 110,True,700,6.55250788703459,3.2,3.332366620541205,3.416650836170689,-0.08428421562948385,4322.0,3933.0
18440751,Sparrows At Home Bakery & Cafe,Sector 110,True,500,6.2166061010848646,3.3,3.3405246895210885,3.3835207391251902,-0.04299604960410175,3605.0,3252.0
306560,The New Koyla Kitchen,Sector 110,True,600,6.398594934535208,2.7,3.0754415382389118,3.4014703540590903,-0.3260288158201785,5869.0,5317.0
18371428,Theyö_ö«ó,Sector 110,True,800,6.68586094706836,3.4,3.361492431456572,3.4298034897290544,-0.0683110582724824,4059.0,3685.0
18372251,Your Spicy Kitchen,Sector 110,True,800,6.68586094706836,3.1,3.3160093114089033,3.4298034897290544,-0.11379417832015104,4727.0,4313.0
312369,Yumm Biryani,Sector 110,True,550,6.311734809152915,3.2,3.297533299346151,3.3929033130260597,-0.09537001367990872,4474.0,4077.0
307014,Aureo Dine & Bake House,Sector 110,True,1000,6.90875477931522,3.5,3.4824820450728544,3.4517875773465194,0.030694467726334995,2455.0,2149.0
18332064,Being Truckers,Sector 110,True,550,6.311734809152915,3.8,3.651436018583159,3.3929033130260597,0.2585327055570992,993.0,825.0
18216939,China Leaf,Sector 110,True,650,6.478509642208569,3.7,3.595808114331143,3.4093523663952126,0.18645574793593056,1310.0,1101.0
18378014,Mera Vala Dabba,Sector 110,True,400,5.993961427306569,3.6,3.418097473885186,3.3615612260845467,0.05653624780063948,2149.0,1855.0
18157400,Moti Mahal Delux- Legendary Culinary,Sector 110,True,900,6.803505257608338,3.6,3.499277113638905,3.4414067844659977,0.057870329172907464,2137.0,1844.0
18057810,Noshh,Sector 110,True,850,6.7464121285733745,3.6,3.4839288642886426,3.435775671489889,0.04815319279875352,2250.0,1950.0
18252385,Tadqa Tandoor Express,Sector 110,True,750,6.621405651764134,3.6,3.5223728073267995,3.423446244016628,0.09892656331017147,1792.0,1528.0
18421504,The Kebab Company,Sector 110,True,400,5.993961427306569,3.5,3.395893296432964,3.3615612260845467,0.03433207034841734,2400.0,2096.0
4480,Domino's Pizza,Sector 110,True,700,6.55250788703459,2.1,2.560996471806823,3.416650836170689,-0.8556543643638657,6472.0,5778.0
3764,Kamboj's,Sector 110,True,800,6.68586094706836,2.4,2.77290024600246,3.4298034897290544,-0.6569032437265943,6393.0,5700.0
304636,Pizza Hut Delivery,Sector 110,True,800,6.68586094706836,2.3,2.660227487764388,3.4298034897290544,-0.7695760019646665,6444.0,5750.0
307340,Subway,Sector 110,True,500,6.2166061010848646,2.4,2.866125307503075,3.3835207391251902,-0.5173954316221154,6247.0,5580.0
8237,The Cake Expert's,Sector 110,True,250,5.5254529391317835,2.4,2.8161833102706026,3.3153520889822103,-0.4991687787116077,6222.0,5560.0
18268724,The Saffron Boutique,Sector 110,True,800,6.68586094706836,4.0,3.858091655135301,3.4298034897290544,0.4282881654062467,484.0,397.0
312463,Aggarwal Kachori Wale,Sector 12,True,100,4.61512051684126,3.0,3.2967677715570254,3.2255657205981403,0.0712020509588851,2020.0,1735.0
309318,Bakes & Cakes,Sector 12,True,250,5.5254529391317835,3.0,3.3187505694501387,3.3153520889822103,0.0033984804679283442,2795.0,2471.0
302518,Burger's Kitchen,Sector 12,True,350,5.860786223465865,2.8,3.1376566343788435,3.348426114537516,-0.21076948015867236,5447.0,4982.0
8072,Jhatpat Khana,Sector 12,True,400,5.993961427306569,3.0,3.307366620541205,3.3615612260845467,-0.054194605543341545,3817.0,3449.0
5755,Mahi Rasoi,Sector 12,True,500,6.2166061010848646,2.6,3.0435244668711747,3.3835207391251902,-0.3399962722540155,5907.0,5343.0
18486840,Night Safari Cafe,Sector 12,True,300,5.707110264748875,3.0,3.324764731137877,3.3332690071959785,-0.008504276058101556,2985.0,2651.0
8074,Saheb's Restaurant,Sector 12,True,550,6.311734809152915,2.7,3.1255004100041,3.3929033130260597,-0.26740290302195957,5678.0,5167.0
307888,Scrummy Bites,Sector 12,True,350,5.860786223465865,3.1,3.255854819624145,3.348426114537516,-0.09257129491337102,4433.0,4037.0
834,Berco's,Sector 12,True,1100,7.00397413672268,3.7,3.686119033915766,3.4611790920197736,0.2249399418959923,1128.0,946.0
8061,Aggarwal Sweet Shop,Sector 12,True,150,5.017279836814924,2.3,3.1048832929735544,3.2652308187184387,-0.1603475257448843,5138.0,4697.0
308623,Hungry - I,Sector 125,True,450,6.111467339502679,2.6,3.090833743337433,3.3731508705500266,-0.2823171272125937,5725.0,5207.0
311013,Oh Buoy,Sector 125,True,550,6.311734809152915,3.4,3.3770435649068022,3.3929033130260597,-0.0158597481192575,3104.0,2768.0
18368015,Caffeinated,Sector 125,True,200,5.303304908059076,3.9,3.662057794250509,3.2934415599652347,0.3686162342852741,625.0,523.0
18273942,Sam and Scrooge,Sector 125,True,550,6.311734809152915,3.9,3.751450446134295,3.3929033130260597,0.35854713310823527,655.0,549.0
18034079,Tpot,Sector 125,True,400,5.993961427306569,3.6,3.4233700108740215,3.3615612260845467,0.061808784789474824,2104.0,1812.0
18340903,Aroma,Sector 132,True,300,5.707110264748875,3.0,3.324764731137877,3.3332690071959785,-0.008504276058101556,2985.0,2651.0
18275760,Bawarchi,Sector 132,True,450,6.111467339502679,2.9,3.309491310190879,3.3731508705500266,-0.06365956035914744,3963.0,3591.0
18357548,Book Food Kitchen,Sector 132,True,400,5.993961427306569,3.1,3.2810666286809926,3.3615612260845467,-0.08049459740355402,4243.0,3859.0
18381249,Breaktym,Sector 132,True,400,5.993961427306569,2.5,3.2584096500055906,3.3615612260845467,-0.10315157607895609,4579.0,4179.0
18307266,Chaska By Taste,Sector 132,True,600,6.398594934535208,2.9,3.317217561326556,3.4014703540590903,-0.08425279273253405,4316.0,3927.0
18112492,Domino's Pizza,Sector 132,True,700,6.55250788703459,2.5,3.048849088819835,3.416650836170689,-0.3678017473508537,5964.0,5383.0
18445768,Grill King,Sector 132,True,400,5.993961427306569,3.0,3.324764731137877,3.3615612260845467,-0.0367964949466697,3478.0,3128.0
18393840,Moti Mahal Deluxe Advant,Sector 132,True,1400,7.244941546337007,2.8,3.2823666205412048,3.4849457821633028,-0.202579161622098,5392.0,4931.0
18276998,Rolling Beans,Sector 132,True,200,5.303304908059076,2.8,3.2657332887984047,3.2934415599652347,-0.027708271166829945,3312.0,2968.0
300988,RollsKing,Sector 132,True,400,5.993961427306569,3.2,3.3090078051515808,3.3615612260845467,-0.05255342093296589,3778.0,3414.0
18292443,SnacksWale.com,Sector 132,True,400,5.993961427306569,2.8,3.2739040482510084,3.3615612260845467,-0.08765717783353821,4357.0,3966.0
18204456,Subway,Sector 132,True,500,6.2166061010848646,2.6,3.1937504959727017,3.3835207391251902,-0.18977024315248858,5312.0,4857.0
18138418,Super Cake Shop,Sector 132,True,300,5.707110264748875,2.9,3.3020460136419545,3.3332690071959785,-0.031222993554024026,3381.0,3034.0
18372688,DIOS The Neighbourhood Bistro,Sector 132,True,1300,7.170888478512505,4.2,3.935111660829984,3.477641905178529,0.4574697556514553,432.0,353.0
18146472,Cake n Flower,Sector 15,True,150,5.017279836814924,2.9,3.2948666205412054,3.2652308187184387,0.029635801822766705,2467.0,2161.0
3145,Dilli 6,Sector 15,True,500,6.2166061010848646,2.8,3.003101734964718,3.3835207391251902,-0.38041900416047225,5995.0,5403.0
312175,Food Bell,Sector 15,True,400,5.993961427306569,2.8,3.291136922732863,3.3615612260845467,-0.07042430335168381,4086.0,3710.0
3143,Kalpana Hotel,Sector 15,True,200,5.303304908059076,2.9,3.317217561326556,3.2934415599652347,0.02377600136132152,2535.0,2224.0
4518,Sagar Dhaba,Sector 15,True,350,5.860786223465865,3.1,3.2620069835566774,3.348426114537516,-0.08641913098083842,4344.0,3954.0
304510,Shree Balaji Shudh Vaishno Hotel,Sector 15,True,150,5.017279836814924,2.9,3.309491310190879,3.2652308187184387,0.04426049147244049,2295.0,1995.0
310875,Shree Rathnam,Sector 15,True,800,6.68586094706836,3.3,3.3237031202859195,3.4298034897290544,-0.10610036944313483,4629.0,4226.0
309317,Simran's Cake Studio,Sector 15,True,250,5.5254529391317835,3.4,3.366840704865382,3.3153520889822103,0.05148861588317155,2209.0,1909.0
311085,Sweet Cake,Sector 15,True,300,5.707110264748875,3.0,3.2917378093272456,3.3332690071959785,-0.04153119786873294,3562.0,3209.0
300914,The Cake Xpress,Sector 15,True,250,5.5254529391317835,3.0,3.18709272554682,3.3153520889822103,-0.12825936343539013,4878.0,4454.0
8115,The Chef,Sector 15,True,500,6.2166061010848646,2.7,3.25986896053171,3.3835207391251902,-0.12365177859348009,4823.0,4402.0
18455665,The Flying Pan,Sector 15,True,400,5.993961427306569,3.2,3.3215168975460245,3.3615612260845467,-0.040044328538522134,3539.0,3186.0
18146390,Wrapster,Sector 15,True,200,5.303304908059076,3.2,3.276417842786675,3.2934415599652347,-0.01702371717855966,3131.0,2795.0
18435298,Getafix Petit,Sector 15,True,700,6.55250788703459,3.5,3.3843258849255156,3.416650836170689,-0.03232495124517332,3403.0,3056.0
301415,Lawn Bistro,Sector 15,True,1500,7.313886831633462,3.6,3.5676724953589054,3.4917458769774545,0.07592661838145087,1981.0,1702.0
4882,Barista,Sector 16,True,650,6.478509642208569,2.9,3.211444095074753,3.4093523663952126,-0.1979082713204594,5364.0,4905.0
309535,Divine Curries,Sector 16,True,700,6.55250788703459,3.0,3.215156634378843,3.416650836170689,-0.20149420179184574,5387.0,4927.0
18415359,Moon Bite,Sector 16,True,300,5.707110264748875,3.3,3.3405246895210885,3.3332690071959785,0.00725568232510998,2755.0,2431.0
308451,Subway,Sector 16,True,500,6.2166061010848646,3.4,3.3770435649068022,3.3835207391251902,-0.006477174218388004,2946.0,2612.0
18156287,Hurry's Paratha,Sector 16,True,200,5.303304908059076,3.5,3.4224737313862494,3.2934415599652347,0.12903217142101475,1594.0,1355.0
399,McDonald's,Sector 16,True,500,6.2166061010848646,3.7,3.607133319295149,3.3835207391251902,0.22361258016995889,1135.0,951.0
303371,Barbeque Nation,Sector 16,True,1600,7.3783837129967145,4.3,4.272956678737817,3.498107224335746,0.7748494544020708,96.0,80.0
302558,Aggarwal,Sector 18,True,400,5.993961427306569,3.3,3.322841188639159,3.3615612260845467,-0.03872003744538777,3523.0,3170.0
1698,Anchor Bar & Kitchen,Sector 18,True,1300,7.170888478512505,2.5,2.7691131016148867,3.477641905178529,-0.7085288035636421,6420.0,5726.0
9252,Basil Tree,Sector 18,True,1200,7.0909098220799835,3.4,3.395026105729807,3.4697535855565107,-0.07472747982670391,4165.0,3785.0
1323,Bon Bon Pastry Shop,Sector 18,True,150,5.017279836814924,3.1,3.146994392176746,3.2652308187184387,-0.11823642654169264,4777.0,4359.0
1735,BSGulati's Punjabi Swad,Sector 18,True,700,6.55250788703459,2.5,2.602740223522925,3.416650836170689,-0.813910612647764,6461.0,5767.0
5677,Cafe-18,Sector 18,True,250,5.5254529391317835,2.5,2.7744245444099174,3.3153520889822103,-0.540927544572293,6280.0,5606.0
300953,Chandni Chowk Ke Mashhoor Paranthe,Sector 18,True,100,4.61512051684126,2.8,3.141930768991234,3.2255657205981403,-0.08363495160690615,4306.0,3917.0
4721,Cheenos,Sector 18,True,1500,7.313886831633462,2.6,2.6645833872812412,3.4917458769774545,-0.8271624896962133,6463.0,5769.0
18261722,Gola Sizzlers,Sector 18,True,1600,7.3783837129967145,3.3,3.3101721892724996,3.498107224335746,-0.1879350350632465,5303.0,4848.0
18346730,Hira Sweets,Sector 18,True,600,6.398594934535208,3.3,3.3295591852977346,3.4014703540590903,-0.07191116876135561,4119.0,3742.0
461,Karim's,Sector 18,True,1200,7.0909098220799835,3.3,3.3050758196975907,3.4697535855565107,-0.16467776585892002,5164.0,4717.0
937,KFC,Sector 18,True,500,6.2166061010848646,2.7,2.7485731061648515,3.3835207391251902,-0.6349476329603387,6376.0,5685.0
307720,Khan's Kathi Rolls,Sector 18,True,400,5.993961427306569,3.2,3.25930024600246,3.3615612260845467,-0.10226098008208684,4568.0,4169.0
591,Nathu's Sweets,Sector 18,True,600,6.398594934535208,2.5,2.6604328105781057,3.4014703540590903,-0.7410375434809846,6434.0,5740.0
18371433,Nawabi Mughlai Zaika,Sector 18,True,600,6.398594934535208,3.3,3.3369489816221685,3.4014703540590903,-0.0645213724369218,3980.0,3607.0
18287364,Nite Bites,Sector 18,True,650,6.478509642208569,3.4,3.379594279917158,3.4093523663952126,-0.02975808647805467,3360.0,3014.0
7913,Nizam's Kathi Kabab,Sector 18,True,900,6.803505257608338,3.0,3.091556014629295,3.4414067844659977,-0.3498507698367028,5927.0,5358.0
18180086,NSD Resto Bar & Kitchen,Sector 18,True,1000,6.90875477931522,2.6,3.141360746328051,3.4517875773465194,-0.31042683101846835,5816.0,5276.0
5678,PS Wah Bhai Wah,Sector 18,True,700,6.55250788703459,2.6,2.8667574692051265,3.416650836170689,-0.5498933669655623,6296.0,5616.0
427,Sagar Ratna,Sector 18,True,600,6.398594934535208,3.2,3.2227378243874463,3.4014703540590903,-0.178732529671644,5253.0,4801.0
18292482,Sbarro,Sector 18,True,600,6.398594934535208,3.3,3.3172091147281333,3.4014703540590903,-0.08426123933095697,4321.0,3932.0
18446481,Swag & Swad,Sector 18,True,600,6.398594934535208,3.4,3.364890158092757,3.4014703540590903,-0.03658019596633322,3472.0,3123.0
310694,The Fizz,Sector 18,True,1400,7.244941546337007,3.2,3.257461478684554,3.4849457821633028,-0.22748430347874882,5520.0,5045.0
18252573,The Kitchen,Sector 18,True,350,5.860786223465865,3.2,3.2772138619823696,3.348426114537516,-0.07121225255514618,4106.0,3730.0
303269,Twenty Four Seven,Sector 18,True,300,5.707110264748875,3.4,3.3746013909607178,3.3332690071959785,0.041332383764739244,2325.0,2025.0
5854,Vinny's Restro Bar,Sector 18,True,1300,7.170888478512505,3.2,3.286192218026831,3.477641905178529,-0.19144968715169774,5321.0,4866.0
18349895,Walk In The Woods,Sector 18,True,1400,7.244941546337007,3.0,3.068303693453601,3.4849457821633028,-0.41664208870970176,6077.0,5457.0
4160,Xiian,Sector 18,True,1400,7.244941546337007,3.4,3.392873226120321,3.4849457821633028,-0.09207255604298181,4429.0,4033.0
301514,Zest Bar and Lounge,Sector 18,True,1000,6.90875477931522,3.4,3.3912225395231888,3.4517875773465194,-0.06056503782333067,3932.0,3561.0
310417,Angels in my Kitchen,Sector 18,True,350,5.860786223465865,3.9,3.794143821851604,3.348426114537516,0.44571770731408833,447.0,366.0
1701,Baby Dragon Bar & Restaurant,Sector 18,True,1350,7.208600337960199,3.5,3.4805667486674867,3.4813614375404534,-0.0007946888729666313,2865.0,2539.0
18208904,Baker Street,Sector 18,True,300,5.707110264748875,3.6,3.4630621432618813,3.3332690071959785,0.12979313606590281,1591.0,1352.0
3306,Bamboo Shoots,Sector 18,True,1600,7.3783837129967145,3.9,3.852327182181396,3.498107224335746,0.35421995784564997,663.0,557.0
301005,Bikanervala Bliss,Sector 18,True,1200,7.0909098220799835,3.6,3.5570863758813642,3.4697535855565107,0.08733279032485353,1872.0,1603.0
307566,Bikanervala,Sector 18,True,550,6.311734809152915,3.7,3.655032975658704,3.3929033130260597,0.26212966263264414,981.0,815.0
18216913,Bikkgane Biryani,Sector 18,True,800,6.68586094706836,3.8,3.766736052572326,3.4298034897290544,0.33693256284327155,716.0,600.0
310399,Burbee's Cafe,Sector 18,True,900,6.803505257608338,3.7,3.680626452097855,3.4414067844659977,0.2392196676318572,1069.0,894.0
594,Cafe Coffee Day,Sector 18,True,450,6.111467339502679,3.6,3.529957073277629,3.3731508705500266,0.15680620272760226,1439.0,1215.0
3796,Deez Biryani & Kebabs,Sector 18,True,650,6.478509642208569,3.5,3.48478607672298,3.4093523663952126,0.07543371032776758,1984.0,1705.0
490,Desi Vibes,Sector 18,True,1400,7.244941546337007,3.8,3.789367761484675,3.4849457821633028,0.30442197932137205,822.0,687.0
18336495,Dhaba at Atta,Sector 18,True,1000,6.90875477931522,3.8,3.7581987276621813,3.4517875773465194,0.3064111503156619,813.0,679.0
18228862,DND,Sector 18,True,350,5.860786223465865,3.5,3.470255227552275,3.348426114537516,0.1218291130147593,1636.0,1393.0
384,Domino's Pizza,Sector 18,True,700,6.55250788703459,3.6,3.5795512260911204,3.416650836170689,0.16290038992043154,1410.0,1190.0
7945,Donald's Pastry Shop,Sector 18,True,300,5.707110264748875,3.8,3.7512472965638746,3.3332690071959785,0.41797828936789605,508.0,416.0
2985,Doosri Mehfil,Sector 18,True,950,6.85751406254539,3.8,3.7341692537434357,3.446733689602322,0.2874355641411137,891.0,741.0
18228855,Fit Bites,Sector 18,True,800,6.68586094706836,3.8,3.6916873435975734,3.4298034897290544,0.2618838538685191,983.0,817.0
18289257,Hungry Minister,Sector 18,True,400,5.993961427306569,3.5,3.462819034440344,3.3615612260845467,0.10125780835579734,1771.0,1507.0
18380141,Hurry's Paratha,Sector 18,True,200,5.303304908059076,3.5,3.4240888619823693,3.2934415599652347,0.1306473020171346,1585.0,1348.0
18272377,Imly,Sector 18,True,600,6.398594934535208,3.9,3.793725417985405,3.4014703540590903,0.39225506392631493,559.0,460.0
18473005,Jambox,Sector 18,True,500,6.2166061010848646,3.6,3.445728237345664,3.3835207391251902,0.06220749822047367,2101.0,1809.0
300180,LIT Ultrabar,Sector 18,True,1550,7.346655163176539,3.6,3.5742880395576107,3.494977827653072,0.0793102119045388,1945.0,1670.0
7784,Mainland China,Sector 18,True,1800,7.496097345175956,3.7,3.6784249125635196,3.5097173562874113,0.16870755627610823,1388.0,1171.0
396,McDonald's,Sector 18,True,500,6.2166061010848646,3.9,3.8405144485626272,3.3835207391251902,0.456993709437437,434.0,355.0
18014141,Metro Dhaba,Sector 18,True,500,6.2166061010848646,3.8,3.752917624732992,3.3835207391251902,0.3693968856078018,622.0,520.0
1702,Nazeer Foods,Sector 18,True,600,6.398594934535208,3.6,3.5837932589764727,3.4014703540590903,0.18232290491738246,1333.0,1121.0
18198836,Our Story Bistro & Tea Room,Sector 18,True,1000,6.90875477931522,3.9,3.82713422967563,3.4517875773465194,0.3753466523291107,601.0,499.0
309111,Paddy's Cafe,Sector 18,True,800,6.68586094706836,3.7,3.6513177514253776,3.4298034897290544,0.22151426169632327,1142.0,956.0
309098,Popular Cakery,Sector 18,True,500,6.2166061010848646,3.9,3.810075353679958,3.3835207391251902,0.42655461455476784,487.0,400.0
166,Punjabi By Nature,Sector 18,True,2000,7.601402334583733,3.7,3.6791361791823047,3.520103619964429,0.15903255921787585,1425.0,1205.0
18434638,Sadda Adda,Sector 18,True,300,5.707110264748875,3.5,3.3973595880325,3.3332690071959785,0.0640905808365213,2081.0,1790.0
1070,Subway,Sector 18,True,500,6.2166061010848646,3.8,3.7306388982659544,3.3835207391251902,0.34711815914076416,687.0,576.0
450,Swagath,Sector 18,True,1500,7.313886831633462,3.6,3.573733902479111,3.4917458769774545,0.08198802550165629,1918.0,1646.0
18175334,TFK - The Flaming Kick,Sector 18,True,2350,7.762596048540069,3.5,3.472290991446036,3.536002205830528,-0.06371121438449201,3967.0,3595.0
4248,The Great Kabab Factory,Sector 18,True,2200,7.696667081526462,3.5,3.4876273866728478,3.529499611421586,-0.04187222474873842,3577.0,3224.0
18237334,The Patiala Kkitchen,Sector 18,True,1600,7.3783837129967145,3.6,3.5680118917330907,3.498107224335746,0.06990466739734469,2031.0,1746.0
300952,The Tandoori Village,Sector 18,True,1500,7.313886831633462,3.5,3.4753801714537413,3.4917458769774545,-0.016365705523713192,3120.0,2784.0
311649,The Yellow Chilli,Sector 18,True,1600,7.3783837129967145,3.7,3.636946607934714,3.498107224335746,0.13883938359896808,1539.0,1305.0
2336,Top Breads,Sector 18,True,200,5.303304908059076,3.5,3.484461686034771,3.2934415599652347,0.1910201260695361,1288.0,1081.0
18273566,Wat-a-Burger!,Sector 18,True,350,5.860786223465865,3.6,3.5673258197059186,3.348426114537516,0.21889970516840274,1148.0,962.0
311338,Chawla's 2,Sector 18,True,700,6.55250788703459,2.2,2.633942544233135,3.416650836170689,-0.7827082919375541,6452.0,5758.0
310609,Himalaya,Sector 18,True,450,6.111467339502679,2.3,2.9439066343788434,3.3731508705500266,-0.42924423617118324,6105.0,5478.0
307555,Public Cafe,Sector 18,True,450,6.111467339502679,2.1,2.5984758597585973,3.3731508705500266,-0.7746750107914293,6447.0,5753.0
4717,RPM - Zanzi Bar,Sector 18,True,2000,7.601402334583733,2.4,2.7066613865151807,3.520103619964429,-0.8134422334492482,6459.0,5765.0
7956,Mad Over Donuts,Sector 18,True,450,6.111467339502679,4.2,4.053565249120801,3.3731508705500266,0.6804143785707746,145.0,118.0
304612,RollsKing,Sector 18,True,300,5.707110264748875,4.0,3.9712070024912207,3.3332690071959785,0.6379379952952422,180.0,145.0
304691,Lumbini Food Point,Sector 19,True,350,5.860786223465865,2.8,3.203172100750858,3.348426114537516,-0.14525401378665803,5027.0,4591.0
309519,Owlcity,Sector 19,True,400,5.993961427306569,3.6,3.5430492091135863,3.3615612260845467,0.18148798302903968,1337.0,1125.0
18427226,Anand Food Factory,Sector 2,True,300,5.707110264748875,2.9,3.317217561326556,3.3332690071959785,-0.01605144586942231,3105.0,2769.0
387,Nirula's,Sector 2,True,1100,7.00397413672268,2.5,2.6544908546307684,3.4611790920197736,-0.8066882373890052,6457.0,5763.0
301420,Snacks India,Sector 2,True,500,6.2166061010848646,3.6,3.519819281252023,3.3835207391251902,0.1362985421268328,1554.0,1320.0
308770,Olive Kitchen,Sector 20,True,500,6.2166061010848646,2.6,3.1577656174289013,3.3835207391251902,-0.22575512169628897,5508.0,5034.0
18472688,R Cafe,Sector 20,True,400,5.993961427306569,3.0,3.3187505694501387,3.3615612260845467,-0.04281065663440797,3594.0,3241.0
308951,New Gee Pee,Sector 21,True,300,5.707110264748875,3.3,3.3330596151356247,3.3332690071959785,-0.00020939206035386349,2854.0,2528.0
308563,Uncle's JVCC Restaurant,Sector 21,True,600,6.398594934535208,3.0,3.2295004100041,3.4014703540590903,-0.17196994405499044,5214.0,4764.0
8065,Hari Om Restaurant,Sector 22,True,250,5.5254529391317835,3.0,3.2917378093272456,3.3153520889822103,-0.023614279654964765,3235.0,2893.0
18216929,Jain Restaurant,Sector 22,True,500,6.2166061010848646,3.0,3.307366620541205,3.3835207391251902,-0.07615411858398513,4190.0,3809.0
18224208,Lajawab Family Restaurant,Sector 22,True,450,6.111467339502679,2.5,3.1320080416713254,3.3731508705500266,-0.2411428288787012,5577.0,5092.0
5239,221 B Baker Street,Sector 25,True,350,5.860786223465865,3.4,3.384188945366275,3.348426114537516,0.035762830828759196,2384.0,2081.0
18312466,Hunger's Hub,Sector 25,True,550,6.311734809152915,3.1,3.2894235500047304,3.3929033130260597,-0.10347976302132933,4584.0,4182.0
8022,Lajwaab Restaurant,Sector 25,True,500,6.2166061010848646,2.6,2.940856766206551,3.3835207391251902,-0.44266397291863946,6135.0,5501.0
8017,Republic of Chicken,Sector 25,True,400,5.993961427306569,3.0,3.200145706398924,3.3615612260845467,-0.16141551968562284,5144.0,4702.0
311375,Super Cake Shop,Sector 26,True,300,5.707110264748875,2.5,3.287028882081273,3.3332690071959785,-0.04624012511470532,3673.0,3314.0
18345461,Wakhra Swaad,Sector 26,True,500,6.2166061010848646,4.1,3.872127520188245,3.3835207391251902,0.48860678106305455,359.0,292.0
311688,27 Grills,Sector 27,True,600,6.398594934535208,3.3,3.3120794747610933,3.4014703540590903,-0.08939087929799694,4383.0,3992.0
18265723,China Hot Pot,Sector 27,True,400,5.993961427306569,3.0,3.3129551045510452,3.3615612260845467,-0.04860612153350141,3709.0,3350.0
7986,Himalaya Momos & Roll,Sector 27,True,200,5.303304908059076,2.7,3.1986332929735544,3.2934415599652347,-0.09480826699168032,4467.0,4070.0
18244520,Hungry House Pizzas & More,Sector 27,True,600,6.398594934535208,3.4,3.381347896486777,3.4014703540590903,-0.020122457572313124,3175.0,2835.0
5760,Khana Khajana Da Dhaba,Sector 27,True,450,6.111467339502679,2.9,3.309491310190879,3.3731508705500266,-0.06365956035914744,3963.0,3591.0
18265705,M.P. Chole Tikki Wala,Sector 27,True,150,5.017279836814924,3.0,3.2917378093272456,3.2652308187184387,0.026506990608806902,2501.0,2193.0
5761,Maa Vaishno Shudh Bhojnalaya,Sector 27,True,250,5.5254529391317835,3.1,3.3160093114089033,3.3153520889822103,0.0006572224266929716,2844.0,2519.0
18255160,More Than Cafí©,Sector 27,True,400,5.993961427306569,3.0,3.3187505694501387,3.3615612260845467,-0.04281065663440797,3594.0,3241.0
18265709,Public Cafe,Sector 27,True,450,6.111467339502679,2.6,3.1937504959727017,3.3731508705500266,-0.17940037457732494,5257.0,4805.0
18236270,Sadda Taste,Sector 27,True,450,6.111467339502679,3.1,3.3018447663984833,3.3731508705500266,-0.07130610415154326,4113.0,3737.0
5757,Sati Restaurant,Sector 27,True,200,5.303304908059076,3.2,3.3215168975460245,3.2934415599652347,0.02807533758078984,2483.0,2177.0
312237,Super Cake Shop,Sector 27,True,300,5.707110264748875,2.8,3.2739040482510084,3.3332690071959785,-0.05936495894497007,3905.0,3534.0
5700,Uncle's Punjabi Rasoi,Sector 27,True,400,5.993961427306569,2.9,3.2948666205412054,3.3615612260845467,-0.06669460554334128,4031.0,3657.0
302575,Yours Deliciously,Sector 27,True,350,5.860786223465865,2.9,3.317217561326556,3.348426114537516,-0.03120855321095961,3376.0,3029.0
18463961,Captain Curry,Sector 27,True,400,5.993961427306569,3.6,3.4207725110339338,3.3615612260845467,0.0592112849493871,2125.0,1832.0
18336506,Oh My Scoop!,Sector 27,True,200,5.303304908059076,3.5,3.398785149309826,3.2934415599652347,0.10534358934459132,1746.0,1482.0
5744,Reena Restaurant,Sector 27,True,400,5.993961427306569,3.5,3.43125029009724,3.3615612260845467,0.06968906401269326,2035.0,1750.0
395,Pizza Hut Delivery,Sector 27,True,800,6.68586094706836,2.3,2.764076853606374,3.4298034897290544,-0.6657266361226806,6400.0,5706.0
307724,Wah Ji Wah,Sector 27,True,500,6.2166061010848646,2.0,2.5383132581325807,3.3835207391251902,-0.8452074809926096,6468.0,5774.0
1460,Chawla's Chic Inn,Sector 28,True,600,6.398594934535208,2.8,3.052453558414088,3.4014703540590903,-0.3490167956450021,5926.0,5357.0
7991,Grill Point,Sector 28,True,200,5.303304908059076,3.2,3.307427981888514,3.2934415599652347,0.01398642192327948,2669.0,2353.0
7979,Hari Sweets,Sector 28,True,100,4.61512051684126,3.1,3.2954369960366265,3.2255657205981403,0.06987127543848626,2032.0,1747.0
18323760,Sultanate of Spice,Sector 28,True,500,6.2166061010848646,2.9,3.140353595112038,3.3835207391251902,-0.2431671440131522,5585.0,5099.0
307491,Yamu's Panchayat,Sector 28,True,100,4.61512051684126,3.2,3.3158207929735544,3.2255657205981403,0.09025507237541408,1846.0,1578.0
2334,Debon,Sector 28,True,400,5.993961427306569,3.5,3.4456159011216974,3.3615612260845467,0.0840546750371507,1895.0,1625.0
3153,Hot & Sour,Sector 29,True,300,5.707110264748875,3.2,3.278026639476921,3.3332690071959785,-0.05524236771905766,3836.0,3467.0
18361198,Open Kitchen,Sector 29,True,600,6.398594934535208,3.0,3.282172635250942,3.4014703540590903,-0.1192977188081481,4787.0,4367.0
309215,Truffle Muffle,Sector 29,True,300,5.707110264748875,3.4,3.372238729654738,3.3332690071959785,0.03896972245875929,2349.0,2049.0
18219552,Go! Biryani,Sector 29,True,500,6.2166061010848646,3.5,3.462241091970505,3.3835207391251902,0.07872035284531487,1951.0,1676.0
18478962,Tastee Chauka,Sector 29,True,350,5.860786223465865,3.7,3.486406634378844,3.348426114537516,0.13798051984132798,1544.0,1310.0
18138415,Foodie,Sector 3,True,500,6.2166061010848646,2.8,3.2739040482510084,3.3835207391251902,-0.1096166908741818,4669.0,4261.0
18429379,Lapaalap,Sector 3,True,200,5.303304908059076,3.0,3.3187505694501387,3.2934415599652347,0.025309009484904,2515.0,2206.0
3443,Fresh Food Factory,Sector 3,True,300,5.707110264748875,3.9,3.7577382579381347,3.3332690071959785,0.42446925074215613,490.0,403.0
302535,Caffí© La Poya,Sector 30,True,600,6.398594934535208,3.7,3.6197771396728053,3.4014703540590903,0.21830678561371508,1152.0,966.0
18311928,Elixir Health Cafí©,Sector 30,True,800,6.68586094706836,3.7,3.605069615279486,3.4298034897290544,0.17526612555043153,1363.0,1148.0
18446503,Radhey Foodz,Sector 31,True,200,5.303304908059076,3.0,3.324764731137877,3.2934415599652347,0.03132317117264227,2437.0,2131.0
18157374,The Kitchen,Sector 31,True,600,6.398594934535208,2.7,3.1625004456566304,3.4014703540590903,-0.2389699084024599,5571.0,5086.0
309059,Uncle's Treat,Sector 31,True,400,5.993961427306569,3.1,3.3280098287093978,3.3615612260845467,-0.033551397375148895,3423.0,3075.0
18291234,Wow! Momo,Sector 31,True,350,5.860786223465865,2.6,3.054475688275401,3.348426114537516,-0.29395042626211465,5765.0,5238.0
18458315,KD's Hunger Point,Sector 31,True,200,5.303304908059076,3.7,3.525638068880689,3.2934415599652347,0.2321965089154543,1099.0,920.0
18204467,Govinda's Restaurant,Sector 33,True,300,5.707110264748875,3.0,3.301974223689605,3.3332690071959785,-0.03129478350637349,3387.0,3040.0
18306542,Not Just Dilli,Sector 33,True,450,6.111467339502679,3.2,3.3158207929735544,3.3731508705500266,-0.05733007757647224,3861.0,3491.0
18337925,RollsKing,Sector 33,True,400,5.993961427306569,3.4,3.3663736725395417,3.3615612260845467,0.004812446454995012,2782.0,2458.0
9735,Chauhan Vatika,Sector 34,True,500,6.2166061010848646,2.8,3.150812087666331,3.3835207391251902,-0.23270865145885944,5539.0,5061.0
18440192,Frozen Stone,Sector 34,True,300,5.707110264748875,3.1,3.3323119009491977,3.3332690071959785,-0.0009571062467808034,2867.0,2541.0
302501,Kavita's Restaurant,Sector 34,True,550,6.311734809152915,2.6,3.0280526831431103,3.3929033130260597,-0.3648506298829495,5959.0,5379.0
303025,Mudrika Food Factory,Sector 34,True,550,6.311734809152915,2.5,3.1045294311638765,3.3929033130260597,-0.28837388186218327,5744.0,5221.0
18424204,Pind Balluchi,Sector 34,True,900,6.803505257608338,2.9,3.2948666205412054,3.4414067844659977,-0.1465401639247923,5035.0,4598.0
18393700,Zaffran- Ikshita's Kitchen,Sector 34,True,300,5.707110264748875,3.0,3.3187505694501387,3.3332690071959785,-0.01451843774583983,3078.0,2742.0
18430590,Chaayos,Sector 34,True,400,5.993961427306569,3.6,3.418097473885186,3.3615612260845467,0.05653624780063948,2149.0,1855.0
18439524,Punjabi Tadka,Sector 34,True,450,6.111467339502679,3.7,3.556407821431155,3.3731508705500266,0.1832569508811286,1328.0,1116.0
18359322,Heaven's Point,Sector 37,True,100,4.61512051684126,3.0,3.3129551045510452,3.2255657205981403,0.08738938395290496,1870.0,1601.0
457,Kamboj's,Sector 37,True,800,6.68586094706836,2.8,2.8937935095496785,3.4298034897290544,-0.5360099801793758,6273.0,5601.0
18398459,Mexican Pizza,Sector 37,True,500,6.2166061010848646,3.4,3.3626957929735544,3.3835207391251902,-0.02082494615163588,3195.0,2854.0
18255715,Shahenshah,Sector 37,True,500,6.2166061010848646,2.9,3.2948666205412054,3.3835207391251902,-0.08865411858398486,4369.0,3978.0
18427249,Snack Chat,Sector 37,True,500,6.2166061010848646,3.4,3.366840704865382,3.3835207391251902,-0.016680034259808352,3124.0,2788.0
18391164,The Amazing Buger's,Sector 37,True,400,5.993961427306569,2.9,3.2879391359703063,3.3615612260845467,-0.07362209011424037,4139.0,3760.0
18472655,The Black Box,Sector 37,True,400,5.993961427306569,3.1,3.323864195460136,3.3615612260845467,-0.037697030624410655,3504.0,3151.0
18279437,Al Bake,Sector 37,True,450,6.111467339502679,3.7,3.55878124587031,3.3731508705500266,0.18563037532028348,1317.0,1107.0
18204489,Asian Fun,Sector 37,True,700,6.55250788703459,3.8,3.6642748811747374,3.416650836170689,0.24762404500404855,1035.0,863.0
18275704,Burnout,Sector 37,True,450,6.111467339502679,3.6,3.523828317189422,3.3731508705500266,0.1506774466393952,1466.0,1240.0
18332077,Cafe Fusion,Sector 37,True,350,5.860786223465865,3.7,3.553953254276132,3.348426114537516,0.20552713973861625,1225.0,1027.0
18458632,Fit Bites,Sector 37,True,800,6.68586094706836,3.7,3.4721670766707664,3.4298034897290544,0.04236358694171205,2321.0,2021.0
18391158,Go Krazy,Sector 37,True,400,5.993961427306569,3.5,3.404112246714572,3.3615612260845467,0.04255102063002525,2314.0,2014.0
18303845,Green Restaurant,Sector 37,True,400,5.993961427306569,3.6,3.473047195315703,3.3615612260845467,0.11148596923115628,1704.0,1453.0
18352262,Hunger Strike,Sector 37,True,400,5.993961427306569,3.7,3.5788122748248763,3.3615612260845467,0.21725104874032963,1156.0,970.0
18427229,The Munchkart Cafe,Sector 37,True,350,5.860786223465865,3.8,3.5350907319314158,3.348426114537516,0.18666461739389995,1307.0,1098.0
18345747,Thee Pot,Sector 37,True,400,5.993961427306569,3.7,3.567538998064399,3.3615612260845467,0.20597777197985234,1220.0,1022.0
18368024,Waffles and Crepes,Sector 37,True,250,5.5254529391317835,3.9,3.666195919567891,3.3153520889822103,0.35084383058568047,674.0,566.0
309278,Bistro 37,Sector 37,True,400,5.993961427306569,4.3,4.255894241698584,3.3615612260845467,0.8943330156140377,41.0,36.0
18419879,Desi Swag,Sector 37,True,500,6.2166061010848646,4.3,3.9793967637952234,3.3835207391251902,0.5958760246700332,227.0,179.0
9836,Teasta,Sector 37,True,200,5.303304908059076,4.1,4.04612706424421,3.2934415599652347,0.7526855042789755,106.0,89.0
307407,Appu Ghar Express,Sector 38,True,400,5.993961427306569,2.8,3.041183310270602,3.3615612260845467,-0.3203779158139448,5846.0,5297.0
305317,Barista,Sector 38,True,650,6.478509642208569,3.0,3.2295004100041,3.4093523663952126,-0.17985195639111273,5259.0,4807.0
18430593,Burger King,Sector 38,True,500,6.2166061010848646,3.2,3.3195569475856046,3.3835207391251902,-0.06396379153958565,3972.0,3599.0
18349929,Keventers,Sector 38,True,400,5.993961427306569,3.1,3.319866620541205,3.3615612260845467,-0.04169460554334181,3565.0,3212.0
18408048,Kenny Rogers Roasters,Sector 38,True,1300,7.170888478512505,3.7,3.532475791669681,3.477641905178529,0.054833886491152395,2171.0,1873.0
305222,McDonald's,Sector 38,True,500,6.2166061010848646,3.5,3.42855422304223,3.3835207391251902,0.045033483917039874,2286.0,1986.0
8385,Domino's Pizza,Sector 38,True,700,6.55250788703459,2.4,2.791701939078214,3.416650836170689,-0.6249488970924748,6368.0,5677.0
309799,Mr. Brown,Sector 38,True,500,6.2166061010848646,4.0,3.862985046337532,3.3835207391251902,0.4794643072123419,372.0,304.0
6800,Chef's Bar-Be-Que,Sector 39,True,650,6.478509642208569,3.4,3.3797672097483686,3.4093523663952126,-0.029585156646843913,3355.0,3009.0
18449659,Sen's Sational Xpress Kitchen,Sector 39,True,600,6.398594934535208,3.0,3.307366620541205,3.4014703540590903,-0.09410373351788515,4458.0,4061.0
18438249,Shanghai Dreams,Sector 39,True,400,5.993961427306569,3.0,3.324764731137877,3.3615612260845467,-0.0367964949466697,3478.0,3128.0
18489509,InnerChef,Sector 4,True,500,6.2166061010848646,3.3,3.342585266954364,3.3835207391251902,-0.04093547217082616,3552.0,3199.0
18388032,F-all (Food for All),Sector 40,True,400,5.993961427306569,3.4,3.3672949417850337,3.3615612260845467,0.005733715700487085,2777.0,2453.0
313410,2 Bros Kitchen,Sector 41,True,600,6.398594934535208,3.2,3.21794801634457,3.4014703540590903,-0.1835223377145203,5274.0,4822.0
311974,Baskin Robbins,Sector 41,True,300,5.707110264748875,3.3,3.3411890286935653,3.3332690071959785,0.007920021497586749,2745.0,2421.0
5686,Big Bone - The Meat Shop,Sector 41,True,350,5.860786223465865,3.1,3.2894235500047304,3.348426114537516,-0.059002564532785406,3901.0,3530.0
18396157,Biryani House,Sector 41,True,300,5.707110264748875,3.1,3.312285012936336,3.3332690071959785,-0.02098399425964237,3202.0,2861.0
5681,China Hot,Sector 41,True,400,5.993961427306569,2.9,3.211444095074753,3.3615612260845467,-0.15011713100979351,5064.0,4626.0
307424,City Hut,Sector 41,True,700,6.55250788703459,2.5,3.048849088819835,3.416650836170689,-0.3678017473508537,5964.0,5383.0
8084,Defence Bakery,Sector 41,True,150,5.017279836814924,3.4,3.3856176551223345,3.2652308187184387,0.1203868364038958,1644.0,1401.0
18412870,Dhabha 27,Sector 41,True,500,6.2166061010848646,3.2,3.337269087968657,3.3835207391251902,-0.0462516511565334,3674.0,3315.0
18412876,Faasos,Sector 41,True,600,6.398594934535208,3.1,3.3086869618696184,3.4014703540590903,-0.09278339218947185,4435.0,4039.0
306551,Green Chick Chop,Sector 41,True,350,5.860786223465865,2.7,3.1312504155446956,3.348426114537516,-0.2171756989928202,5470.0,5002.0
8095,JSB Evergreen Cool Point,Sector 41,True,450,6.111467339502679,2.9,3.1105955309553095,3.3731508705500266,-0.2625553395947171,5662.0,5155.0
308648,JSB Evergreen Snack & Sweets,Sector 41,True,300,5.707110264748875,3.2,3.2823614527811946,3.3332690071959785,-0.050907554414783895,3751.0,3389.0
18352184,Keventers,Sector 41,True,400,5.993961427306569,2.9,3.317217561326556,3.3615612260845467,-0.04434366475799045,3630.0,3274.0
17977758,More Than Cafe,Sector 41,True,400,5.993961427306569,3.3,3.3285514857989487,3.3615612260845467,-0.033009740285598,3409.0,3062.0
18370702,Mutfi,Sector 41,True,600,6.398594934535208,3.3,3.3392582929735544,3.4014703540590903,-0.0622120610855359,3946.0,3575.0
18322612,Nawabi Mughlai Zaika,Sector 41,True,550,6.311734809152915,3.2,3.2893075994012952,3.3929033130260597,-0.1035957136247645,4585.0,4183.0
18412866,Ovenstory Pizza,Sector 41,True,500,6.2166061010848646,3.3,3.3335004100040995,3.3835207391251902,-0.05002032912109078,3742.0,3380.0
18396425,ProFit Kitchen,Sector 41,True,600,6.398594934535208,3.4,3.365893296432964,3.4014703540590903,-0.03557705762612606,3450.0,3101.0
18287405,Public Cafe,Sector 41,True,450,6.111467339502679,2.5,3.1727827540372173,3.3731508705500266,-0.20036811651280928,5380.0,4920.0
18466390,The Chickmunks Express,Sector 41,True,1300,7.170888478512505,3.0,3.3129551045510452,3.477641905178529,-0.16468680062748353,5165.0,4718.0
18219556,Time to Tea,Sector 41,True,350,5.860786223465865,3.4,3.3792393978287607,3.348426114537516,0.030813283291244886,2454.0,2148.0
311332,Twenty Four Seven,Sector 41,True,300,5.707110264748875,3.0,3.3129551045510452,3.3332690071959785,-0.020313902644933268,3178.0,2838.0
18439546,Virundu,Sector 41,True,300,5.707110264748875,2.8,3.2578395042424995,3.3332690071959785,-0.07542950295347906,4180.0,3799.0
18441667,Be Bhukkad,Sector 41,True,700,6.55250788703459,3.6,3.4675275081555164,3.416650836170689,0.05087667198482748,2219.0,1919.0
18363088,Behrouz Biryani,Sector 41,True,600,6.398594934535208,3.5,3.434933310270602,3.4014703540590903,0.03346295621151185,2409.0,2104.0
18454463,Bistro 365,Sector 41,True,500,6.2166061010848646,3.7,3.4751648782935196,3.3835207391251902,0.09164413916832936,1837.0,1571.0
18450749,Engineers Da Dhaba,Sector 41,True,400,5.993961427306569,3.6,3.459914146555259,3.3615612260845467,0.09835292047071231,1795.0,1531.0
18381230,Hungry Minister,Sector 41,True,400,5.993961427306569,3.5,3.4065709070552237,3.3615612260845467,0.045009680970677035,2288.0,1988.0
18332051,Kake Da Hotel,Sector 41,True,700,6.55250788703459,3.5,3.434933310270602,3.416650836170689,0.018282474099913237,2614.0,2299.0
1337,Peshawari Delux Restaurant,Sector 41,True,700,6.55250788703459,2.4,2.861510205448589,3.416650836170689,-0.5551406307221001,6300.0,5619.0
311342,WTF - World's Tastiest Food,Sector 41,True,800,6.68586094706836,2.4,3.263195013894583,3.4298034897290544,-0.16660847583447147,5181.0,4731.0
18438435,Salato Salad Studio,Sector 41,True,500,6.2166061010848646,4.1,3.701223160329429,3.3835207391251902,0.31770242120423875,770.0,645.0
18425976,AB Fast N Food,Sector 44,True,200,5.303304908059076,2.7,3.2802278318237725,3.2934415599652347,-0.013213728141462155,3050.0,2715.0
18463984,Cafe 44,Sector 44,True,500,6.2166061010848646,3.0,3.324764731137877,3.3835207391251902,-0.058756007987313286,3885.0,3514.0
18370372,Cafe Onion Rings,Sector 44,True,500,6.2166061010848646,2.9,3.118935948022846,3.3835207391251902,-0.26458479110234423,5675.0,5166.0
18433903,Club 44,Sector 44,True,800,6.68586094706836,3.2,3.3235421791717914,3.4298034897290544,-0.10626131055726296,4631.0,4227.0
18391172,Indian Curry House,Sector 44,True,600,6.398594934535208,3.1,3.312285012936336,3.4014703540590903,-0.08918534112275411,4380.0,3989.0
310539,Krunchies,Sector 44,True,200,5.303304908059076,2.5,3.113419569857463,3.2934415599652347,-0.18002199010777176,5260.0,4808.0
18383527,Platefull,Sector 44,True,600,6.398594934535208,3.4,3.364366130601604,3.4014703540590903,-0.037104223457486096,3498.0,3147.0
310695,Sanghai Food,Sector 44,True,450,6.111467339502679,2.9,3.2455082929735544,3.3731508705500266,-0.12764257757647224,4871.0,4447.0
308763,Shadev Saini Dhaba,Sector 44,True,200,5.303304908059076,3.0,3.307366620541205,3.2934415599652347,0.013925060575970427,2673.0,2357.0
309135,Wasim Biryani Center,Sector 44,True,400,5.993961427306569,2.8,3.2739040482510084,3.3615612260845467,-0.08765717783353821,4357.0,3966.0
3740,Hungry - I,Sector 44,True,550,6.311734809152915,3.7,3.6644011057298074,3.3929033130260597,0.27149779270374763,936.0,777.0
18400723,Smoking Tikka,Sector 44,True,600,6.398594934535208,3.7,3.522005528649036,3.4014703540590903,0.12053517458994589,1643.0,1400.0
18383486,The Fusion Food Stand,Sector 44,True,650,6.478509642208569,3.8,3.5529497837113198,3.4093523663952126,0.1435974173161072,1516.0,1285.0
18317511,#Urban Cafí©,Sector 45,True,650,6.478509642208569,3.3,3.325638068880689,3.4093523663952126,-0.08371429751452375,4307.0,3918.0
18472676,Baked! Cakes & Desserts,Sector 45,True,350,5.860786223465865,3.3,3.3418755125051245,3.348426114537516,-0.006550602032391328,2950.0,2616.0
18244257,Quick Grabs,Sector 45,True,550,6.311734809152915,3.1,3.195445974808585,3.3929033130260597,-0.1974573382174749,5360.0,4901.0
18228857,The Roll Van,Sector 45,True,500,6.2166061010848646,2.9,3.317217561326556,3.3835207391251902,-0.06630317779863404,4020.0,3647.0
311706,Noida Cakes Online,Sector 47,True,300,5.707110264748875,3.0,3.2967677715570254,3.3332690071959785,-0.03650123563895313,3470.0,3121.0
18410380,The Epicureans,Sector 47,True,650,6.478509642208569,3.4,3.3653989963812676,3.4093523663952126,-0.04395337001394495,3625.0,3270.0
312313,Adhikari Fast Food Corner,Sector 48,True,400,5.993961427306569,2.8,3.30023205093162,3.3615612260845467,-0.061329175152926574,3937.0,3566.0
18339329,Amrit's Agni Multi Cuisine Restaurant,Sector 48,True,550,6.311734809152915,2.9,3.317217561326556,3.3929033130260597,-0.07568575169950353,4184.0,3803.0
304818,Punjabi Chaska,Sector 48,True,550,6.311734809152915,3.0,3.2264806677672038,3.3929033130260597,-0.16642264525885597,5177.0,4727.0
18303838,The Choco Shop,Sector 48,True,700,6.55250788703459,3.0,3.3187505694501387,3.416650836170689,-0.09790026672055019,4507.0,4109.0
310724,The Taste,Sector 48,True,500,6.2166061010848646,3.1,3.319866620541205,3.3835207391251902,-0.0636541185839854,3961.0,3589.0
310753,Tibb's Frankie,Sector 48,True,250,5.5254529391317835,3.4,3.3663736725395417,3.3153520889822103,0.05102158355733133,2217.0,1917.0
309155,Domino's Pizza,Sector 48,True,700,6.55250788703459,2.3,2.8920980546012354,3.416650836170689,-0.5245527815694535,6255.0,5588.0
18289230,Public Cafe,Sector 48,True,450,6.111467339502679,2.4,3.2323666205412054,3.3731508705500266,-0.14078425000882122,4988.0,4552.0
18277218,Chocopur,Sector 49,True,500,6.2166061010848646,3.0,3.2868755125051248,3.3835207391251902,-0.09664522662006547,4490.0,4093.0
18133492,Sweta Restaurant,Sector 49,True,400,5.993961427306569,3.2,3.2673866431846137,3.3615612260845467,-0.09417458289993297,4460.0,4063.0
18332086,Flames of Tandoor,Sector 49,True,450,6.111467339502679,3.5,3.4417002460024597,3.3731508705500266,0.06854937545243311,2046.0,1760.0
18203626,Kuppies,Sector 5,True,250,5.5254529391317835,3.8,3.640670512683388,3.3153520889822103,0.3253184237011775,755.0,631.0
312978,The Urban Chulha,Sector 5,True,300,5.707110264748875,3.5,3.4464156672816726,3.3332690071959785,0.11314666008569407,1692.0,1442.0
304727,Cafe Coffee Day,Sector 50,True,450,6.111467339502679,2.7,3.05068715110228,3.3731508705500266,-0.32246371944774666,5853.0,5303.0
3679,Choco House,Sector 50,True,450,6.111467339502679,3.4,3.364366130601604,3.3731508705500266,-0.008784739948422438,3003.0,2669.0
306023,DCK- Dana Choga's Kitchen,Sector 50,True,800,6.68586094706836,2.7,2.7820373541139016,3.4298034897290544,-0.6477661356151527,6384.0,5691.0
18378765,Fresh and Fit Ghar Ka Khana,Sector 50,True,400,5.993961427306569,3.1,3.3086869618696184,3.3615612260845467,-0.052874264214928246,3782.0,3418.0
18014129,Hungry Ullu,Sector 50,True,500,6.2166061010848646,3.3,3.3132238460542496,3.3835207391251902,-0.07029689307094067,4083.0,3707.0
301081,Khidmat,Sector 50,True,750,6.621405651764134,3.4,3.3942883510772903,3.423446244016628,-0.029157892939337682,3343.0,2997.0
2971,Lahori Restaurant,Sector 50,True,800,6.68586094706836,2.5,2.66357855196199,3.4298034897290544,-0.7662249377670642,6442.0,5748.0
302406,New Chinese Chilli Sizzler,Sector 50,True,400,5.993961427306569,2.7,3.0128679485324263,3.3615612260845467,-0.3486932775521203,5925.0,5356.0
18254253,Nirmala's,Sector 50,True,450,6.111467339502679,3.4,3.376125307503075,3.3731508705500266,0.0029744369530484427,2810.0,2486.0
18138435,Prime Bakery,Sector 50,True,300,5.707110264748875,3.0,3.2868755125051248,3.3332690071959785,-0.04639349469085374,3679.0,3320.0
5684,Royal Empire Meat Shop,Sector 50,True,400,5.993961427306569,3.4,3.3693914198757366,3.3615612260845467,0.007830193791189988,2747.0,2423.0
1745,Southern Treat,Sector 50,True,500,6.2166061010848646,2.8,2.966744016977206,3.3835207391251902,-0.4167767221479841,6079.0,5458.0
3707,Subway,Sector 50,True,500,6.2166061010848646,2.5,2.694918367992091,3.3835207391251902,-0.6886023711330993,6411.0,5717.0
18371395,The Chickmunks Cafí©,Sector 50,True,550,6.311734809152915,3.2,3.276417842786675,3.3929033130260597,-0.11648547023938471,4751.0,4333.0
310766,The FLIP Cafe,Sector 50,True,650,6.478509642208569,2.6,2.787819034440344,3.4093523663952126,-0.6215333319548684,6366.0,5675.0
2939,Yo! China,Sector 50,True,1300,7.170888478512505,2.5,2.638579836379759,3.477641905178529,-0.83906206879877,6466.0,5772.0
1919,Gopala,Sector 50,True,250,5.5254529391317835,3.6,3.4967163622907416,3.3153520889822103,0.18136427330853122,1338.0,1126.0
9313,R.I.P Cafe & Lounge,Sector 50,True,700,6.55250788703459,3.5,3.4710814712313787,3.416650836170689,0.05443063506068979,2177.0,1878.0
308725,Chawla's_,Sector 50,True,800,6.68586094706836,2.3,2.667946648216482,3.4298034897290544,-0.7618568415125724,6440.0,5746.0
385,Domino's Pizza,Sector 50,True,700,6.55250788703459,2.4,2.621964432144321,3.416650836170689,-0.7946864040263679,6453.0,5759.0
18432227,Nazeer Foods,Sector 50,True,600,6.398594934535208,2.3,3.144467717218155,3.4014703540590903,-0.25700263684093505,5639.0,5138.0
308441,Night Food Xprs,Sector 50,True,500,6.2166061010848646,2.3,2.614100797257972,3.3835207391251902,-0.7694199418672181,6443.0,5749.0
2327,Pizza Hut Delivery,Sector 50,True,800,6.68586094706836,2.3,2.5320384268031866,3.4298034897290544,-0.8977650629258678,6483.0,5789.0
313045,The Caspian,Sector 50,True,1300,7.170888478512505,2.4,2.843928864288643,3.477641905178529,-0.6337130408898859,6375.0,5684.0
309818,The Noodle Box Co.,Sector 50,True,750,6.621405651764134,2.4,2.6506050040339115,3.423446244016628,-0.7728412399827165,6446.0,5752.0
311341,WTF - World's Tastiest Food,Sector 50,True,800,6.68586094706836,2.4,3.065893296432964,3.4298034897290544,-0.3639101932960904,5954.0,5378.0
18398605,Biryani By Kilo,Sector 50,True,700,6.55250788703459,4.1,3.890357318573185,3.416650836170689,0.47370648240249613,386.0,314.0
18383531,Kalpak Restaurant & Cafe,Sector 50,True,1300,7.170888478512505,4.3,4.066394626885967,3.477641905178529,0.5887527217074382,235.0,186.0
306167,Theos,Sector 50,True,500,6.2166061010848646,4.1,4.035066426106739,3.3835207391251902,0.6515456869815486,166.0,138.0
308059,Aamantran Bangla,Sector 51,True,650,6.478509642208569,2.7,3.119901720398783,3.4093523663952126,-0.28945064599642967,5753.0,5229.0
18489511,Chung-Fu,Sector 51,True,350,5.860786223465865,3.0,3.3187505694501387,3.348426114537516,-0.02967554508737713,3356.0,3010.0
18388008,Paco Meals,Sector 51,True,150,5.017279836814924,2.8,3.2502088458384577,3.2652308187184387,-0.015021972879980972,3092.0,2756.0
18255153,Reena Restaurant,Sector 51,True,350,5.860786223465865,2.7,3.250216047419095,3.348426114537516,-0.09821006711842095,4513.0,4115.0
313164,Sanskriti Foods,Sector 51,True,650,6.478509642208569,3.1,3.2578529583372755,3.4093523663952126,-0.15149940805793705,5071.0,4632.0
18432195,Biryani Vice,Sector 51,True,500,6.2166061010848646,3.6,3.4207725110339338,3.3835207391251902,0.037251771908743514,2364.0,2061.0
18261811,Dietwholic,Sector 51,True,600,6.398594934535208,3.7,3.6105368102110336,3.4014703540590903,0.2090664561519433,1193.0,1000.0
18377891,Goldenplates,Sector 51,True,600,6.398594934535208,3.6,3.451372326223262,3.4014703540590903,0.04990197216417158,2236.0,1936.0
18273047,Mishti's Kitchen,Sector 51,True,550,6.311734809152915,3.6,3.4756380688806887,3.3929033130260597,0.08273475585462897,1910.0,1639.0
18261720,Shahenshah,Sector 51,True,500,6.2166061010848646,3.5,3.4337502795482497,3.3835207391251902,0.05022954042305949,2232.0,1932.0
1498,Slice of Italy,Sector 51,True,700,6.55250788703459,2.3,2.484632726703611,3.416650836170689,-0.9320181094670779,6489.0,5794.0
18258491,Bebbe Da Degh,Sector 52,True,800,6.68586094706836,3.2,3.2650221995641004,3.4298034897290544,-0.1647812901649539,5166.0,4719.0
304484,Chauhan Hotel,Sector 52,True,150,5.017279836814924,2.9,3.2685421791717912,3.2652308187184387,0.003311360453352563,2804.0,2480.0
18287399,Kaka Ji Restaurant,Sector 53,True,800,6.68586094706836,2.9,3.3020460136419545,3.4298034897290544,-0.12775747608709986,4873.0,4449.0
309873,Lazzez's,Sector 53,True,600,6.398594934535208,2.9,3.198817983112263,3.4014703540590903,-0.2026523709468271,5395.0,4934.0
310170,Mithaas Sweets,Sector 53,True,650,6.478509642208569,3.1,3.2399151221625853,3.4093523663952126,-0.1694372442326273,5199.0,4749.0
8497,Mithaas,Sector 53,True,650,6.478509642208569,3.2,3.2306302923566426,3.4093523663952126,-0.17872207403857,5252.0,4800.0
312184,Tandoori Corner,Sector 53,True,500,6.2166061010848646,2.6,3.234698806039784,3.3835207391251902,-0.14882193308540614,5053.0,4615.0
18082207,Culinate,Sector 53,True,500,6.2166061010848646,3.8,3.711696910643805,3.3835207391251902,0.3281761715186149,747.0,625.0
18144457,Haaochi,Sector 53,True,600,6.398594934535208,3.5,3.457630992734346,3.4014703540590903,0.05616063867525556,2158.0,1863.0
307841,Flying Cakes,Sector 53,True,350,5.860786223465865,2.1,2.6839288642886427,3.348426114537516,-0.6644972502488731,6398.0,5705.0
18157407,Taste In Box,Sector 53,True,500,6.2166061010848646,2.3,3.0154518159764927,3.3835207391251902,-0.36806892314869755,5967.0,5386.0
8068,Snacks Point,Sector 55,True,150,5.017279836814924,2.9,3.317217561326556,3.2652308187184387,0.05198674260811753,2201.0,1902.0
18249124,B Tamang Chineese,Sector 56,True,300,5.707110264748875,2.9,3.317217561326556,3.3332690071959785,-0.01605144586942231,3105.0,2769.0
302502,Foodelicious,Sector 56,True,500,6.2166061010848646,3.1,3.163795496115583,3.3835207391251902,-0.21972524300960705,5485.0,5015.0
313329,The Cake Masters,Sector 56,True,500,6.2166061010848646,2.5,3.244866620541205,3.3835207391251902,-0.13865411858398513,4969.0,4537.0
501,Barista,Sector 58,True,650,6.478509642208569,3.0,3.307366620541205,3.4093523663952126,-0.10198574585400744,4565.0,4166.0
510,Barista,Sector 58,True,650,6.478509642208569,2.9,3.309491310190879,3.4093523663952126,-0.09986105620433339,4540.0,4142.0
18418274,The Gourmet Shack,Sector 58,True,600,6.398594934535208,3.3,3.3392582929735544,3.4014703540590903,-0.0622120610855359,3946.0,3575.0
5746,"Vanshika Indian, Chinese, & Parantha Corner",Sector 58,True,300,5.707110264748875,3.1,3.2578529583372755,3.3332690071959785,-0.07541604885870301,4179.0,3798.0
18215963,Yes Bosz Food Plaza,Sector 58,True,400,5.993961427306569,2.7,3.1986332929735544,3.3615612260845467,-0.1629279331109923,5152.0,4707.0
18414468,Nite Bites,Sector 59,True,650,6.478509642208569,2.7,3.25986896053171,3.4093523663952126,-0.1494834058635024,5056.0,4618.0
8090,Shankar Fast Food,Sector 59,True,300,5.707110264748875,2.7,3.1986332929735544,3.3332690071959785,-0.13463571422242415,4937.0,4508.0
8092,Shivam Fast Food,Sector 59,True,350,5.860786223465865,2.9,3.262500504103401,3.348426114537516,-0.08592561043411484,4341.0,3951.0
18391140,Yumbo Bites,Sector 59,True,350,5.860786223465865,3.1,3.3086869618696184,3.348426114537516,-0.039739152667897404,3536.0,3183.0
8077,Shree Ganesh M Cafe,Sector 6,True,150,5.017279836814924,3.1,3.319866620541205,3.2652308187184387,0.05463580182276617,2175.0,1876.0
18128894,BakeAffair,Sector 61,True,300,5.707110264748875,3.4,3.3697788702570564,3.3332690071959785,0.03650986306107784,2377.0,2074.0
18451823,Mirchievous,Sector 61,True,650,6.478509642208569,3.1,3.323864195460136,3.4093523663952126,-0.08548817093507655,4330.0,3940.0
312186,221 B Baker Street,Sector 62,True,200,5.303304908059076,3.2,3.3090078051515808,3.2934415599652347,0.015566245186346084,2657.0,2341.0
4469,Binge Restaurant,Sector 62,True,1100,7.00397413672268,3.2,3.219819600936651,3.4611790920197736,-0.2413594910831227,5578.0,5093.0
18423860,Boxmeal,Sector 62,True,400,5.993961427306569,3.0,3.324764731137877,3.3615612260845467,-0.0367964949466697,3478.0,3128.0
307335,Brown Town,Sector 62,True,150,5.017279836814924,2.7,3.231875512505125,3.2652308187184387,-0.03335530621331362,3418.0,3070.0
5698,Cafe Coffee Day,Sector 62,True,450,6.111467339502679,3.0,3.2295004100041,3.3731508705500266,-0.14365046054592678,5015.0,4579.0
8130,Cafe Coffee Day,Sector 62,True,450,6.111467339502679,3.0,3.2732147738144044,3.3731508705500266,-0.0999360967356222,4542.0,4144.0
311533,Cafe Green Apple,Sector 62,True,400,5.993961427306569,3.2,3.314038934620115,3.3615612260845467,-0.04752229146443154,3696.0,3337.0
18268502,Cake Mandi,Sector 62,True,500,6.2166061010848646,3.2,3.312311071974356,3.3835207391251902,-0.07120966715083421,4105.0,3729.0
18285723,Chai Thela,Sector 62,True,250,5.5254529391317835,3.1,3.3086869618696184,3.3153520889822103,-0.006665127112591929,2955.0,2621.0
308751,Chinese Chilli Sizzler,Sector 62,True,200,5.303304908059076,2.9,3.309491310190879,3.2934415599652347,0.016049750225644477,2643.0,2327.0
18273567,Delhi Biryani Hut,Sector 62,True,300,5.707110264748875,2.7,3.250216047419095,3.3332690071959785,-0.08305295977688365,4294.0,3905.0
3753,Dev's Restaurant & Bar,Sector 62,True,1500,7.313886831633462,3.1,3.217262197621976,3.4917458769774545,-0.27448367935547857,5703.0,5190.0
18258503,Doggy Style,Sector 62,True,700,6.55250788703459,3.2,3.290396716467164,3.416650836170689,-0.12625411970352474,4852.0,4430.0
1844,Domino's Pizza,Sector 62,True,700,6.55250788703459,2.6,2.820434315870105,3.416650836170689,-0.596216520300584,6340.0,5653.0
313305,Floating Cakes,Sector 62,True,400,5.993961427306569,2.8,3.2428283729558602,3.3615612260845467,-0.11873285312868642,4780.0,4362.0
18281981,Food Brigade,Sector 62,True,300,5.707110264748875,3.2,3.3158207929735544,3.3332690071959785,-0.017448214222424152,3139.0,2803.0
308718,Frequent Bakes,Sector 62,True,350,5.860786223465865,2.5,2.9794543764403154,3.348426114537516,-0.3689717380972004,5970.0,5388.0
18423098,GreeNox,Sector 62,True,200,5.303304908059076,3.4,3.3632697038508845,3.2934415599652347,0.06982814388564984,2034.0,1749.0
18435329,GVP Creations,Sector 62,True,400,5.993961427306569,3.1,3.319866620541205,3.3615612260845467,-0.04169460554334181,3565.0,3212.0
18367978,Health Buzzz,Sector 62,True,350,5.860786223465865,3.2,3.3235421791717914,3.348426114537516,-0.02488393536572442,3260.0,2917.0
5777,Hot & Spicy,Sector 62,True,250,5.5254529391317835,2.9,3.317217561326556,3.3153520889822103,0.0018654723443458643,2821.0,2496.0
18396437,Malabar Junction,Sector 62,True,500,6.2166061010848646,3.3,3.3392582929735544,3.3835207391251902,-0.04426244615163588,3628.0,3272.0
18224549,Masters Caterer,Sector 62,True,400,5.993961427306569,2.9,3.3020460136419545,3.3615612260845467,-0.05951521244259217,3908.0,3537.0
8138,Meeting Point Corner,Sector 62,True,200,5.303304908059076,2.8,3.2287703293699597,3.2934415599652347,-0.06467123059527502,3981.0,3608.0
18281973,Mithaas Sweets,Sector 62,True,650,6.478509642208569,2.7,3.183523193186477,3.4093523663952126,-0.2258291732087354,5509.0,5035.0
18391059,Mom's Canteen,Sector 62,True,200,5.303304908059076,3.0,3.3187505694501387,3.2934415599652347,0.025309009484904,2515.0,2206.0
313049,MS Foods,Sector 62,True,400,5.993961427306569,3.1,3.312285012936336,3.3615612260845467,-0.04927621314821051,3727.0,3365.0
313250,Oh Buoy,Sector 62,True,650,6.478509642208569,3.3,3.325379098487954,3.4093523663952126,-0.08397326790725845,4312.0,3923.0
313358,Old Tehrii Cafe & Lounge,Sector 62,True,1500,7.313886831633462,3.1,3.2985892056501207,3.4917458769774545,-0.19315667132733383,5334.0,4878.0
18358191,Pichli Gali,Sector 62,True,300,5.707110264748875,3.0,3.3187505694501387,3.3332690071959785,-0.01451843774583983,3078.0,2742.0
5696,Pizza Hut,Sector 62,True,1000,6.90875477931522,3.1,3.162819034440344,3.4517875773465194,-0.28896854290617524,5748.0,5225.0
18252359,Rasoi99,Sector 62,True,800,6.68586094706836,3.2,3.3256361144119913,3.4298034897290544,-0.1041673753170631,4594.0,4192.0
4483,Republic of Chicken,Sector 62,True,400,5.993961427306569,3.1,3.28655349621678,3.3615612260845467,-0.07500772986776649,4172.0,3791.0
5776,Republic's @ Dhaba,Sector 62,True,750,6.621405651764134,2.9,3.1105955309553095,3.423446244016628,-0.3128507130613185,5823.0,5282.0
8767,Rolling Beans,Sector 62,True,250,5.5254529391317835,2.8,3.30023205093162,3.3153520889822103,-0.015120038050590257,3095.0,2759.0
311622,Rollmaal,Sector 62,True,500,6.2166061010848646,3.4,3.388296719364252,3.3835207391251902,0.004775980239061894,2784.0,2460.0
308758,Subway,Sector 62,True,500,6.2166061010848646,2.5,3.041721178575422,3.3835207391251902,-0.34179956054976834,5911.0,5347.0
303996,Swad,Sector 62,True,900,6.803505257608338,2.8,3.235685979843669,3.4414067844659977,-0.20572080462232867,5416.0,4953.0
18128867,The Chaiwalas,Sector 62,True,300,5.707110264748875,2.9,3.281250530177715,3.3332690071959785,-0.052018477018263454,3768.0,3404.0
18160567,The Hunger Cure,Sector 62,True,600,6.398594934535208,3.0,3.2967677715570254,3.4014703540590903,-0.10470258250206488,4608.0,4205.0
18128892,World Bites,Sector 62,True,500,6.2166061010848646,3.4,3.3697788702570564,3.3835207391251902,-0.013741868868133889,3072.0,2736.0
18380262,BunkYard Cafe,Sector 62,True,400,5.993961427306569,3.5,3.411128423784237,3.3615612260845467,0.049567197699690535,2238.0,1938.0
307703,Chaayos,Sector 62,True,400,5.993961427306569,3.5,3.468452514070595,3.3615612260845467,0.10689128798604841,1734.0,1473.0
302308,RollsKing,Sector 62,True,300,5.707110264748875,3.8,3.7511389572229055,3.3332690071959785,0.41786995002692695,510.0,418.0
3939,Sandwich King,Sector 62,True,500,6.2166061010848646,3.5,3.4723959498117707,3.3835207391251902,0.08887521068658044,1858.0,1589.0
311656,Speedy Chow,Sector 62,True,850,6.7464121285733745,3.6,3.525230250001887,3.435775671489889,0.08945457851199778,1855.0,1587.0
304480,Grand Eatery,Sector 62,True,600,6.398594934535208,2.4,2.8756380688806886,3.4014703540590903,-0.5258322851784016,6257.0,5590.0
4758,Nathu's Sweets,Sector 62,True,500,6.2166061010848646,2.4,2.7699407202405353,3.3835207391251902,-0.613580018884655,6360.0,5671.0
7909,Subway,Sector 62,True,500,6.2166061010848646,2.4,2.7402374507321716,3.3835207391251902,-0.6432832883930186,6381.0,5688.0
18391137,Chick Chicken Barbeque,Sector 63,True,750,6.621405651764134,2.6,3.294576051892594,3.423446244016628,-0.12887019212403406,4884.0,4459.0
312428,Tiwari Hot Pot,Sector 63,True,450,6.111467339502679,2.6,3.213542179171791,3.3731508705500266,-0.15960869137823552,5131.0,4691.0
18258764,South King Restaurant,Sector 65,True,300,5.707110264748875,2.8,3.2739040482510084,3.3332690071959785,-0.05936495894497007,3905.0,3534.0
18382564,Twomato Foods,Sector 65,True,400,5.993961427306569,3.2,3.3235421791717914,3.3615612260845467,-0.03801904691275526,3511.0,3158.0
18224558,Bats On Delivery,Sector 7,True,700,6.55250788703459,2.7,3.250216047419095,3.416650836170689,-0.166434788751594,5178.0,4728.0
6170,Legacy of Awadh,Sector 7,True,500,6.2166061010848646,3.3,3.315414299081641,3.3835207391251902,-0.06810644004354938,4055.0,3681.0
18439012,Hurry Curry,Sector 71,True,500,6.2166061010848646,3.1,3.3086869618696184,3.3835207391251902,-0.07483377725557183,4166.0,3786.0
18421059,Thaaliwaalaa.com,Sector 71,True,200,5.303304908059076,2.9,3.3020460136419545,3.2934415599652347,0.008604453676719803,2722.0,2398.0
18439541,Bikaner's,Sector 72,True,400,5.993961427306569,2.9,3.317217561326556,3.3615612260845467,-0.04434366475799045,3630.0,3274.0
18335834,Chilli Zone,Sector 72,True,500,6.2166061010848646,3.4,3.3653989963812676,3.3835207391251902,-0.018121742743922642,3150.0,2812.0
18383468,Cold Rock Cafe,Sector 72,True,350,5.860786223465865,3.3,3.3411890286935653,3.348426114537516,-0.0072370858439505525,2967.0,2633.0
18351053,Cup and Cones,Sector 72,True,150,5.017279836814924,3.1,3.3086869618696184,3.2652308187184387,0.04345614315117974,2305.0,2005.0
18411585,Desi Spice,Sector 72,True,600,6.398594934535208,3.0,3.2917378093272456,3.4014703540590903,-0.10973254473184468,4673.0,4265.0
18382362,Food Destination,Sector 72,True,400,5.993961427306569,3.0,3.3187505694501387,3.3615612260845467,-0.04281065663440797,3594.0,3241.0
18163938,Gangaur Sweets,Sector 72,True,500,6.2166061010848646,2.7,3.0844883222928616,3.3835207391251902,-0.2990324168323286,5780.0,5250.0
312316,Handi,Sector 72,True,850,6.7464121285733745,2.9,3.2879391359703063,3.435775671489889,-0.14783653551958276,5042.0,4605.0
18424201,Hungry Inn,Sector 72,True,500,6.2166061010848646,3.0,3.3187505694501387,3.3835207391251902,-0.06477016967505156,3985.0,3612.0
18429391,Keventers,Sector 72,True,400,5.993961427306569,2.9,3.317217561326556,3.3615612260845467,-0.04434366475799045,3630.0,3274.0
18126089,La-Cuisine,Sector 72,True,550,6.311734809152915,2.9,3.317217561326556,3.3929033130260597,-0.07568575169950353,4184.0,3803.0
18337921,Melting Flavours,Sector 72,True,800,6.68586094706836,3.4,3.365893296432964,3.4298034897290544,-0.06391019329609016,3969.0,3597.0
18462972,Mighty Mughlai,Sector 72,True,450,6.111467339502679,3.2,3.3215168975460245,3.3731508705500266,-0.051633973004002076,3763.0,3399.0
18014154,Mithaas,Sector 72,True,650,6.478509642208569,2.9,3.262500504103401,3.4093523663952126,-0.14685186229181157,5038.0,4601.0
18383462,Mood 4 Food,Sector 72,True,150,5.017279836814924,3.1,3.3160093114089033,3.2652308187184387,0.05077849269046464,2221.0,1921.0
18435296,Northern Bytes,Sector 72,True,500,6.2166061010848646,3.1,3.323864195460136,3.3835207391251902,-0.05965654366505424,3915.0,3544.0
18416867,Shahenshah,Sector 72,True,500,6.2166061010848646,3.0,3.324764731137877,3.3835207391251902,-0.058756007987313286,3885.0,3514.0
18383535,Sugar Daddy Bakers,Sector 72,True,350,5.860786223465865,2.7,3.3021232217039147,3.348426114537516,-0.04630289283360112,3676.0,3317.0
18418649,Swag Sadda Desi,Sector 72,True,300,5.707110264748875,3.1,3.3160093114089033,3.3332690071959785,-0.017259695787075202,3133.0,2797.0
18313143,The Chinese Hut,Sector 72,True,400,5.993961427306569,2.9,3.2747886567848727,3.3615612260845467,-0.08677256929967392,4348.0,3958.0
18332053,Wild Chef House,Sector 72,True,500,6.2166061010848646,3.1,3.305208845838458,3.3835207391251902,-0.07831189328673238,4219.0,3835.0
18365588,Grub Patio,Sector 72,True,600,6.398594934535208,3.7,3.529125307503075,3.4014703540590903,0.1276549534439848,1600.0,1361.0
18423131,The Grill @ 76,Sector 72,True,650,6.478509642208569,3.5,3.4199179203330488,3.4093523663952126,0.010565553937836203,2701.0,2380.0
18418250,Zooby's Kitchen,Sector 72,True,800,6.68586094706836,3.5,3.4089066343788432,3.4298034897290544,-0.02089685535021113,3198.0,2857.0
18383503,Bikaner's,Sector 72,True,400,5.993961427306569,2.4,3.176875512505125,3.3615612260845467,-0.18468571357942176,5284.0,4831.0
311334,Chawla's 2,Sector 72,True,1400,7.244941546337007,2.1,2.9635567711310915,3.4849457821633028,-0.5213890110322112,6251.0,5584.0
18308083,Ginnis Oven,Sector 8,True,400,5.993961427306569,3.2,3.3278022543156465,3.3615612260845467,-0.03375897176890019,3427.0,3079.0
18206836,Whomely,Sector 83,True,200,5.303304908059076,3.2,3.3158207929735544,3.2934415599652347,0.022379233008319677,2564.0,2251.0
18376500,Breaktym,Sector 93,True,400,5.993961427306569,3.2,3.307427981888514,3.3615612260845467,-0.05413324419603249,3816.0,3448.0
308877,Chinese Chilli Seasonal,Sector 93,True,300,5.707110264748875,2.9,3.317217561326556,3.3332690071959785,-0.01605144586942231,3105.0,2769.0
311768,Gopala,Sector 93,True,200,5.303304908059076,3.4,3.366840704865382,3.2934415599652347,0.0733991449001472,2005.0,1722.0
18423127,Hungry's Hut,Sector 93,True,500,6.2166061010848646,3.1,3.3086869618696184,3.3835207391251902,-0.07483377725557183,4166.0,3786.0
300550,Kebabplus,Sector 93,True,600,6.398594934535208,3.1,3.165145665345542,3.4014703540590903,-0.23632468871354817,5559.0,5077.0
18337891,Oh Buoy - Flying Fox,Sector 93,True,500,6.2166061010848646,3.0,3.307366620541205,3.3835207391251902,-0.07615411858398513,4190.0,3809.0
9724,Punjabi Pakwaan,Sector 93,True,800,6.68586094706836,3.1,3.230984369684122,3.4298034897290544,-0.19881912004493252,5373.0,4913.0
312558,The Dessert Table Company,Sector 93,True,500,6.2166061010848646,3.1,3.312285012936336,3.3835207391251902,-0.0712357261888541,4107.0,3731.0
312777,The Roll Van,Sector 93,True,500,6.2166061010848646,3.0,3.3187505694501387,3.3835207391251902,-0.06477016967505156,3985.0,3612.0
1495,Kitchen Mantra,Sector 93,True,550,6.311734809152915,3.6,3.5529441341710712,3.3929033130260597,0.1600408211450115,1420.0,1200.0
18258469,Wabi Sabi,Sector 93,True,300,5.707110264748875,3.6,3.453163021088042,3.3332690071959785,0.11989401389206344,1648.0,1405.0
302925,Southern Flavours,Sector 93,True,350,5.860786223465865,2.4,2.852548842235995,3.348426114537516,-0.495877272301521,6219.0,5558.0
18385889,Cakebak,"Shopprix Mall, Sector 61, Noida",True,400,5.993961427306569,3.1,3.3160093114089033,3.3615612260845467,-0.045551914675643346,3661.0,3302.0
308737,Adarsh Kulfi,"Spice World Mall, Sector 25",True,100,4.61512051684126,3.0,3.307366620541205,3.2255657205981403,0.08180089994306483,1921.0,1649.0
309693,Andaaz E Paranthas,"Spice World Mall, Sector 25",True,550,6.311734809152915,3.2,3.287206244121265,3.3929033130260597,-0.10569706890479491,4624.0,4221.0
312241,Hot Fries,"Spice World Mall, Sector 25",True,350,5.860786223465865,3.0,3.301974223689605,3.348426114537516,-0.04645189084791079,3681.0,3322.0
390,Pizza Hut,"Spice World Mall, Sector 25",True,1000,6.90875477931522,3.4,3.3876296930067746,3.4517875773465194,-0.06415788433974479,3976.0,3603.0
447,Rasoi E Punjab,"Spice World Mall, Sector 25",True,500,6.2166061010848646,2.6,3.054475688275401,3.3835207391251902,-0.3290450508497891,5876.0,5323.0
4482,Subway,"Spice World Mall, Sector 25",True,500,6.2166061010848646,3.4,3.383186836269771,3.3835207391251902,-0.0003339028554192325,2859.0,2533.0
550,Haldiram's,"Spice World Mall, Sector 25",True,600,6.398594934535208,3.6,3.5651786592865933,3.4014703540590903,0.16370830522750301,1407.0,1187.0
303152,Legends Barbeques,"Spice World Mall, Sector 25",True,1300,7.170888478512505,3.9,3.8763522697891886,3.477641905178529,0.3987103646106598,543.0,448.0
3212,Chicane,"Spice World Mall, Sector 25",True,2500,7.824445930877619,2.2,2.5418941257594394,3.542102478856175,-1.0002083530967356,6496.0,5801.0
8012,US Pizza,"Spice World Mall, Sector 25",True,650,6.478509642208569,2.2,2.5082651953568718,3.4093523663952126,-0.9010871710383408,6485.0,5791.0
312187,Angeethi Se,"Supertech Shopprix Mall, Sector 61",True,600,6.398594934535208,3.2,3.2882444136941364,3.4014703540590903,-0.11322594036495381,4719.0,4305.0
523,Barista,"Supertech Shopprix Mall, Sector 61",True,650,6.478509642208569,2.5,3.079340704865382,3.4093523663952126,-0.33001166152983075,5879.0,5325.0
2480,BK's The Juice Bar,"Supertech Shopprix Mall, Sector 61",True,200,5.303304908059076,3.0,3.2917378093272456,3.2934415599652347,-0.0017037506379891099,2880.0,2553.0
1733,Eden Kitchen & Bar,"Supertech Shopprix Mall, Sector 61",True,2000,7.601402334583733,3.1,3.1691715210691433,3.520103619964429,-0.35093209889528554,5932.0,5362.0
307145,Moti Mahal Delux Tandoori Trail,"Supertech Shopprix Mall, Sector 61",True,1000,6.90875477931522,2.5,3.041721178575422,3.4517875773465194,-0.4100663987710975,6057.0,5442.0
1727,New Woks,"Supertech Shopprix Mall, Sector 61",True,750,6.621405651764134,2.5,2.825879146486777,3.423446244016628,-0.597567097529851,6343.0,5656.0
828,Otik Hotshop,"Supertech Shopprix Mall, Sector 61",True,600,6.398594934535208,3.1,3.162819034440344,3.4014703540590903,-0.23865131961874608,5570.0,5085.0
393,Pizza Hut,"Supertech Shopprix Mall, Sector 61",True,1000,6.90875477931522,3.3,3.3155094490759716,3.4517875773465194,-0.13627812827054786,4952.0,4521.0
1722,Punjabi Dhaba 61,"Supertech Shopprix Mall, Sector 61",True,800,6.68586094706836,2.6,2.89687524798635,3.4298034897290544,-0.5329282417427041,6270.0,5599.0
2483,Punjabi Pakwaan,"Supertech Shopprix Mall, Sector 61",True,1200,7.0909098220799835,3.0,3.1018492943805174,3.4697535855565107,-0.3679042911759933,5966.0,5385.0
1726,Spice of India,"Supertech Shopprix Mall, Sector 61",True,700,6.55250788703459,2.6,2.8945002460024596,3.416650836170689,-0.5221505901682293,6253.0,5586.0
304934,Swaad,"Supertech Shopprix Mall, Sector 61",True,600,6.398594934535208,2.7,3.1986332929735544,3.4014703540590903,-0.2028370610855359,5397.0,4936.0
305961,Yumm Biryani,"Supertech Shopprix Mall, Sector 61",True,550,6.311734809152915,3.2,3.2354666543076913,3.3929033130260597,-0.15743665871836843,5115.0,4675.0
308578,Otik Cake Shop,"Supertech Shopprix Mall, Sector 61",True,450,6.111467339502679,3.5,3.4526787711058926,3.3731508705500266,0.079527900555866,1941.0,1667.0
386,Domino's Pizza,"Supertech Shopprix Mall, Sector 61",True,700,6.55250788703459,2.4,2.717092045920459,3.416650836170689,-0.6995587902502298,6415.0,5721.0
428,Sagar Ratna,"Supertech Shopprix Mall, Sector 61",True,600,6.398594934535208,2.3,2.552512405638762,3.4014703540590903,-0.8489579484203285,6469.0,5775.0
18070483,Subway,"Supertech Shopprix Mall, Sector 61",True,500,6.2166061010848646,2.3,3.0056511061685955,3.3835207391251902,-0.3778696329565947,5991.0,5400.0
7869,Barista,"The Great India Place, Sector 38",True,650,6.478509642208569,3.3,3.3237031202859195,3.4093523663952126,-0.08564924610929303,4334.0,3944.0
5610,Bikano Chat Cafe,"The Great India Place, Sector 38",True,500,6.2166061010848646,3.0,3.1978451810380166,3.3835207391251902,-0.18567555808717362,5289.0,4836.0
304103,Cafe Coffee Day,"The Great India Place, Sector 38",True,450,6.111467339502679,2.7,3.176306429109067,3.3731508705500266,-0.1968444414409598,5356.0,4897.0
5598,Cafe Coffee Day,"The Great India Place, Sector 38",True,450,6.111467339502679,2.7,3.0844883222928616,3.3731508705500266,-0.288662548257165,5745.0,5222.0
18233617,Chaayos,"The Great India Place, Sector 38",True,400,5.993961427306569,3.4,3.3794183685371335,3.3615612260845467,0.01785714245258685,2621.0,2306.0
300955,Chopaal Marwari,"The Great India Place, Sector 38",True,600,6.398594934535208,2.8,2.9788909321212413,3.4014703540590903,-0.4225794219378489,6091.0,5468.0
18017237,Dolce Gelato,"The Great India Place, Sector 38",True,300,5.707110264748875,3.0,3.301974223689605,3.3332690071959785,-0.03129478350637349,3387.0,3040.0
5619,Domino's Pizza,"The Great India Place, Sector 38",True,700,6.55250788703459,3.2,3.268004869268876,3.416650836170689,-0.14864596690181298,5050.0,4613.0
2191,Gelato Vinto,"The Great India Place, Sector 38",True,250,5.5254529391317835,3.1,3.252006552472932,3.3153520889822103,-0.06334553650927832,3958.0,3586.0
307447,Kebab Xpress,"The Great India Place, Sector 38",True,600,6.398594934535208,3.2,3.2478227790342418,3.4014703540590903,-0.1536475750248485,5084.0,4645.0
7932,McDonald's,"The Great India Place, Sector 38",True,500,6.2166061010848646,3.4,3.379937233195861,3.3835207391251902,-0.0035835059293294336,2911.0,2581.0
1226,Pind Balluchi,"The Great India Place, Sector 38",True,800,6.68586094706836,3.3,3.302984003266398,3.4298034897290544,-0.12681948646265617,4860.0,4438.0
8888,Ristorante Prego,"The Great India Place, Sector 38",True,1200,7.0909098220799835,3.1,3.1292459162715143,3.4697535855565107,-0.34050766928499643,5909.0,5345.0
4530,The Coffee Bean & Tea Leaf,"The Great India Place, Sector 38",True,700,6.55250788703459,2.6,2.9539666418298793,3.416650836170689,-0.46268419434080954,6171.0,5526.0
18400768,Turquoise Turkish Ice-cream,"The Great India Place, Sector 38",True,250,5.5254529391317835,3.4,3.360208845838458,3.3153520889822103,0.04485675685624768,2289.0,1989.0
409,Yo! China,"The Great India Place, Sector 38",True,1300,7.170888478512505,2.6,2.6961162682775655,3.477641905178529,-0.7815256369009633,6451.0,5757.0
7939,Baskin Robbins,"The Great India Place, Sector 38",True,300,5.707110264748875,3.5,3.4190281194478604,3.3332690071959785,0.08575911225188193,1885.0,1615.0
18133480,Burger King,"The Great India Place, Sector 38",True,500,6.2166061010848646,3.5,3.471971272116567,3.3835207391251902,0.08845053299137673,1864.0,1595.0
791,Costa Coffee,"The Great India Place, Sector 38",True,600,6.398594934535208,3.5,3.4541668600648268,3.4014703540590903,0.0526965060057365,2195.0,1896.0
486,Crazy Noodles,"The Great India Place, Sector 38",True,1100,7.00397413672268,3.6,3.5780800912775317,3.4611790920197736,0.1169009992577581,1670.0,1422.0
18208913,Jack Po!tato's,"The Great India Place, Sector 38",True,150,5.017279836814924,3.5,3.415261985468691,3.2652308187184387,0.15003116675025252,1470.0,1243.0
3251,Mandarin Trail,"The Great India Place, Sector 38",True,1500,7.313886831633462,3.7,3.6698101250005433,3.4917458769774545,0.17806424802308873,1353.0,1138.0
308774,Nazeer Foods,"The Great India Place, Sector 38",True,600,6.398594934535208,3.6,3.5465461875013484,3.4014703540590903,0.14507583344225816,1504.0,1273.0
394,Pizza Hut,"The Great India Place, Sector 38",True,1000,6.90875477931522,3.7,3.6282039107155777,3.4517875773465194,0.17641633336905826,1359.0,1144.0
302421,Shree Rathnam,"The Great India Place, Sector 38",True,800,6.68586094706836,3.5,3.4612368656931247,3.4298034897290544,0.031433375964070365,2434.0,2128.0
1244,TGI Friday's,"The Great India Place, Sector 38",True,2500,7.824445930877619,3.5,3.4939067982862104,3.542102478856175,-0.048195680569964594,3705.0,3346.0
5689,Thaal Vaadi,"The Great India Place, Sector 38",True,1000,6.90875477931522,3.5,3.475545405202374,3.4517875773465194,0.023757827855854785,2546.0,2235.0
2979,Chopaal,"The Great India Place, Sector 38",True,450,6.111467339502679,2.0,2.3152977654776543,3.3731508705500266,-1.0578531050723723,6498.0,5803.0
3237,Club Ice Cube,"The Great India Place, Sector 38",True,2400,7.783640596221253,2.0,2.2373208987466215,3.538077836077581,-1.3007569373309593,6503.0,5807.0
2025,Moti Mahal Delux Tandoori Trail,"The Great India Place, Sector 38",True,1200,7.0909098220799835,2.0,2.42173586465164,3.4697535855565107,-1.0480177209048707,6497.0,5802.0
3149,The Punjabiis Restro Bar,"The Great India Place, Sector 38",True,1200,7.0909098220799835,4.0,3.9284066007889806,3.4697535855565107,0.45865301523246993,428.0,349.0
18255134,Sky Grill,"Tulip Mall, Sector 48, Noida",True,700,6.55250788703459,2.6,3.0435244668711747,3.416650836170689,-0.37312636929951415,5983.0,5397.0
120519,Hops n Grains,Sector 9,False,2000,7.601402334583733,4.2,4.153377276625906,4.043071395684233,0.11030588094167282,1715.0,256.0
4000344,Genuine Broaster Chicken,Anandpuri,False,500,6.2166061010848646,3.5,3.4199179203330488,3.752874988385302,-0.3329570680522531,5887.0,558.0
4000016,Bansi Vihar,Fraser Road Area,False,300,5.707110264748875,3.4,3.3850783171894214,3.6461055896378083,-0.26102727244838686,5658.0,506.0
4000277,Mainland China,Fraser Road Area,False,1400,7.244941546337007,3.5,3.436074831143048,3.9683718567991653,-0.5322970256561175,6267.0,670.0
18369321,Pukhtaan-The Royal Taste of India,Fraser Road Area,False,1500,7.313886831633462,3.5,3.4100312438309563,3.982819956533434,-0.5727887127024776,6313.0,683.0
4000033,The Yellow Chilli,Fraser Road Area,False,1000,6.90875477931522,3.5,3.4633795515090826,3.8979209199673495,-0.43454136845826685,6120.0,632.0
18279982,Indian Summer Cafe,Golambar,False,600,6.398594934535208,3.4,3.3632697038508845,3.791012372325447,-0.42774266847456266,6100.0,627.0
4000004,KFC,Golambar,False,500,6.2166061010848646,3.3,3.325638068880689,3.752874988385302,-0.42723691950461307,6099.0,626.0
4000269,McDonald's,Golambar,False,500,6.2166061010848646,3.4,3.3780966123881417,3.752874988385302,-0.37477837599716013,5985.0,587.0
4000027,Biryani Mahal,Golambar,False,500,6.2166061010848646,3.6,3.5176522347993755,3.752874988385302,-0.23522275358592637,5552.0,481.0
4000081,Spice Court - Hotel Maurya,"Hotel Maurya, Lodipur",False,1600,7.3783837129967145,3.7,3.5142666385902985,3.996335853530287,-0.48206921493998856,6202.0,656.0
4000069,Angeethi,Khajpura,False,800,6.68586094706836,3.4,3.3746013909607178,3.851211528533131,-0.47661013757241344,6192.0,654.0
4000294,Red Chilli,Khajpura,False,450,6.111467339502679,3.6,3.4967163622907416,3.7308422227401214,-0.23412586044937989,5547.0,480.0
4000001,Pind Balluchi,Lodipur,False,1000,6.90875477931522,3.3,3.311907728674443,3.8979209199673495,-0.5860131912929063,6327.0,685.0
4000030,Raj Rasoi,Lodipur,False,600,6.398594934535208,3.3,3.3204270792707926,3.791012372325447,-0.4705852930546546,6180.0,649.0
4000018,Kapil Dev's Eleven,Lodipur,False,1000,6.90875477931522,3.6,3.521875197117356,3.8979209199673495,-0.3760457228499936,5988.0,590.0
4000222,Sri Basant Vihar,"Maurya Lok, Fraser Road Area",False,600,6.398594934535208,3.6,3.5017139576637697,3.791012372325447,-0.2892984146616775,5752.0,524.0
4000031,17 Degrees,Patliputra Colony,False,1200,7.0909098220799835,3.5,3.4635626537515374,3.9360931345524204,-0.472530480800883,6185.0,652.0
4000015,Nirvana,Sri Krishnapuri,False,700,6.55250788703459,3.4,3.3782957340937045,3.823266204890575,-0.44497047079687047,6140.0,636.0
4000007,Roti Restaurant,Sri Krishnapuri,False,500,6.2166061010848646,3.1,3.2089604491177655,3.752874988385302,-0.5439145392675364,6286.0,678.0
18343124,Swaaddesh,Sri Krishnapuri,False,700,6.55250788703459,3.5,3.4224737313862494,3.823266204890575,-0.40079247350432556,6040.0,610.0
3700010,Auroville Bakery,Auroville,False,150,5.017279836814924,3.8,3.7009573457221054,3.501545468091175,0.1994118776309306,1250.0,201.0
3700009,Tanto Pizzeria,Auroville,False,1000,6.90875477931522,3.8,3.7608763892354227,3.8979209199673495,-0.1370445307319268,4957.0,432.0
18427467,The Smoothie Bar,Heritage Town,False,250,5.5254529391317835,3.7,3.4989709500036175,3.608037676122173,-0.10906672611855539,4658.0,408.0
3700024,Le Club,"Hotel De Pondicherry, White Town",False,1400,7.244941546337007,3.5,3.4806698428390117,3.9683718567991653,-0.48770201396015356,6210.0,659.0
3700056,Cafe Ole,MG Road,False,700,6.55250788703459,3.8,3.7113408497996265,3.823266204890575,-0.11192535509094848,4708.0,414.0
3700408,Italize,MG Road,False,600,6.398594934535208,3.6,3.5165241832212843,3.791012372325447,-0.27448818910416284,5704.0,514.0
3700017,The Pasta Bar Veneto,MG Road,False,900,6.803505257608338,3.6,3.5623843541676155,3.875864943549723,-0.31348058938210777,5829.0,545.0
3700050,Baker Street,MG Road,False,400,5.993961427306569,4.1,4.056324441369414,3.7062178103314185,0.35010663103799544,678.0,110.0
3700041,Zuka Choco-la,MG Road,False,300,5.707110264748875,4.2,4.14101068191533,3.6461055896378083,0.4949050922775218,348.0,67.0
3700387,Bay of Buddha -  The Promenade,"The Promenade, White Town",False,1500,7.313886831633462,3.8,3.7076156754214598,3.982819956533434,-0.27520428111197415,5707.0,516.0
3700036,Blueline - The Promenade,"The Promenade, White Town",False,1500,7.313886831633462,3.8,3.7087656877606117,3.982819956533434,-0.27405426877282224,5698.0,513.0
3700049,Villa Shanti,"Villa Shanti, White Town",False,1500,7.313886831633462,3.9,3.8539598129286086,3.982819956533434,-0.12886014360482534,4883.0,425.0
3700069,Le Cafe,White Town,False,450,6.111467339502679,3.1,3.11332524972977,3.7308422227401214,-0.6175169730103516,6362.0,690.0
3700160,Spice Route,White Town,False,1200,7.0909098220799835,3.4,3.3913809774379327,3.9360931345524204,-0.5447121571144877,6288.0,679.0
18378803,#Dilliwaala6,White Town,False,800,6.68586094706836,3.7,3.6012285014468643,3.851211528533131,-0.24998302708626685,5617.0,493.0
3700051,Cafe des Arts,White Town,False,800,6.68586094706836,3.5,3.4789986476954105,3.851211528533131,-0.37221288083772075,5980.0,585.0
3700037,Le Dupleix,White Town,False,1500,7.313886831633462,3.8,3.756460456931302,3.982819956533434,-0.22635949960213209,5518.0,475.0
3700019,Rendezvous Cafe Restaurant,White Town,False,1200,7.0909098220799835,3.5,3.473403396898932,3.9360931345524204,-0.4626897376534882,6172.0,646.0
3700021,The Indian Kaffe Express,White Town,False,550,6.311734809152915,3.8,3.7595818579968885,3.7728100579966535,-0.013228199999764989,3052.0,336.0
3700561,Gelateria Montecatini Terme,White Town,False,150,5.017279836814924,4.2,4.003832692218431,3.501545468091175,0.5022872241272562,340.0,65.0
6508323,The Urban Foundry,"Balewadi High Street, Balewadi",False,1500,7.313886831633462,4.5,4.450969103441034,3.982819956533434,0.46814914690760023,403.0,77.0
18383095,Teddy Boy,Baner,False,1200,7.0909098220799835,3.6,3.5780800912775317,3.9360931345524204,-0.3580130432748887,5948.0,573.0
18378852,Effingut Brewerkz,Baner,False,2000,7.601402334583733,4.3,4.190359742335631,4.043071395684233,0.1472883466513979,1486.0,228.0
13231,Le Plaisir,Deccan Gymkhana,False,1000,6.90875477931522,4.8,4.772259683763309,3.8979209199673495,0.8743387637959597,55.0,9.0
18354483,Farzi Cafe,Kalyani Nagar,False,1500,7.313886831633462,4.3,4.249304831788775,3.982819956533434,0.26648487525534126,964.0,165.0
18383076,Mineority By Saby,Kalyani Nagar,False,1400,7.244941546337007,4.2,4.0828521992966404,3.9683718567991653,0.11448034249747518,1688.0,250.0
6505309,The Little Next Door,Kalyani Nagar,False,1000,6.90875477931522,4.1,4.069221921770391,3.8979209199673495,0.17130100180304186,1377.0,217.0
6504409,Effingut Brewerkz,Koregaon Park,False,1800,7.496097345175956,4.3,4.27057755110779,4.021003795514946,0.24957375559284412,1024.0,172.0
18350020,Kargo,Koregaon Park,False,900,6.803505257608338,4.4,4.324872120979982,3.875864943549723,0.4490071774302584,440.0,81.0
6508117,Sautí©ed Stories,Koregaon Park,False,850,6.7464121285733745,4.2,4.134197042326436,3.8639005689171184,0.2702964734093176,945.0,162.0
18417624,The Sassy Spoon,Koregaon Park,False,1500,7.313886831633462,4.1,3.905886406086283,3.982819956533434,-0.07693355044715089,4203.0,383.0
6505564,German Bakery Wunderbar,Law College Road,False,1000,6.90875477931522,4.0,3.9805223840381787,3.8979209199673495,0.08260146407082924,1912.0,272.0
11371,Chili's,"Phoenix Market City, Viman Nagar",False,1800,7.496097345175956,4.5,4.462172399697788,4.021003795514946,0.44116860418284176,460.0,86.0
11807,Barbeque Nation,"R Deccan Mall, JM Road",False,1700,7.438971592395862,4.5,4.4805637191817365,4.009032584285446,0.4715311348962903,393.0,74.0
18292672,Blue Water,Ravet,False,1500,7.313886831633462,4.2,4.122411437966992,3.982819956533434,0.13959148143355815,1535.0,234.0
6507461,Agent Jack's Bar,Senapati Bapat Road,False,1200,7.0909098220799835,4.2,4.1736788169305745,3.9360931345524204,0.23758568237815414,1080.0,177.0
6507967,Tales & Spirits,Senapati Bapat Road,False,800,6.68586094706836,4.1,4.064925937619797,3.851211528533131,0.2137144090866654,1175.0,190.0
6506206,18 Degrees Resto Lounge,"Spot 18 Mall, Pimple Saudagar",False,2100,7.650168700845001,3.6,3.592453579411955,4.053290822877711,-0.46083724346575616,6167.0,645.0
6507495,Apache,Viman Nagar,False,1000,6.90875477931522,4.1,4.01387918016504,3.8979209199673495,0.11595826019769095,1674.0,249.0
18441490,Barbeque Ville,Wakad,False,1000,6.90875477931522,4.4,4.200048757783297,3.8979209199673495,0.30212783781594776,828.0,138.0
2700001,Hot Lips,Gandhi Nagar,False,1000,6.90875477931522,3.3,3.3220397434237494,3.8979209199673495,-0.5758811765436,6318.0,684.0
2700223,The Kav's,Harmu,False,400,5.993961427306569,3.2,3.274125307503075,3.7062178103314185,-0.43209250282834333,6114.0,630.0
2700263,Prana,Harmu,False,1000,6.90875477931522,3.7,3.568557928848519,3.8979209199673495,-0.3293629911188303,5878.0,554.0
2700024,Kathi Kabab,Hindpiri,False,400,5.993961427306569,3.3,3.3182067445674455,3.7062178103314185,-0.38801106576397304,6014.0,602.0
2700010,Yo China Restaurant,Hindpiri,False,650,6.478509642208569,3.4,3.3856176551223345,3.8077592123992092,-0.42214155727687475,6090.0,623.0
2700007,Kaveri Restaurant And Caterers,Hindpiri,False,450,6.111467339502679,4.0,3.92413491825849,3.7308422227401214,0.1932926955183687,1277.0,206.0
2700019,Yellow Sapphire,"Hotel Capitol Hill, Hindpiri",False,1000,6.90875477931522,3.7,3.596439580304894,3.8979209199673495,-0.3014813396624554,5786.0,533.0
2700002,Moti Mahal Delux Tandoori Trail,Kadru,False,1000,6.90875477931522,3.6,3.527455540180402,3.8979209199673495,-0.3704653797869475,5974.0,584.0
2700008,Jungli Moon Dance Restaurant,Kanka,False,500,6.2166061010848646,3.1,3.264167076670766,3.752874988385302,-0.48870791171453565,6213.0,660.0
2700044,KFC,Kanka,False,500,6.2166061010848646,3.2,3.2426007514385486,3.752874988385302,-0.5102742369467532,6235.0,664.0
2700059,Punjab Sweet House,Kanka,False,200,5.303304908059076,3.5,3.454736215840419,3.5614845739787997,-0.1067483581383808,4636.0,405.0
2700242,Food Belle,Lalpur,False,650,6.478509642208569,3.3,3.336413489134891,3.8077592123992092,-0.4713457232643181,6182.0,651.0
2700085,Kaveri Restaurant And Caterers,Lalpur,False,450,6.111467339502679,3.4,3.384188945366275,3.7308422227401214,-0.34665327737384644,5921.0,569.0
2700241,OMG Cafe,Lalpur,False,500,6.2166061010848646,3.3,3.3369489816221685,3.752874988385302,-0.4159260067631334,6075.0,620.0
18388053,The Best,Lalpur,False,400,5.993961427306569,3.4,3.361492431456572,3.7062178103314185,-0.34472537887484656,5918.0,566.0
2700011,7th Heaven,Lalpur,False,400,5.993961427306569,3.7,3.5788122748248763,3.7062178103314185,-0.1274055355065422,4865.0,423.0
2700082,The Urban Brava,Lalpur,False,1000,6.90875477931522,3.6,3.515364796877135,3.8979209199673495,-0.3825561230902146,6002.0,596.0
2700032,Waterfront - Radisson Blu,"Radisson Blu, Hindpiri",False,2000,7.601402334583733,3.4,3.378491268020788,4.043071395684233,-0.6645801276634451,6399.0,694.0
2700049,Pizza Hut,"Spring City Mall, Doranda",False,700,6.55250788703459,3.5,3.4366307021765867,3.823266204890575,-0.3866355027139883,6012.0,600.0
2700036,Aroma - The Royal Retreat,"The Royal Retreat, Bariatu",False,1500,7.313886831633462,3.5,3.4371769892267885,3.982819956533434,-0.5456429673066454,6290.0,680.0
96814,Saffron Mantra,Karkhana,False,850,6.7464121285733745,4.4,4.305363776704066,3.8639005689171184,0.4414632077869478,459.0,85.0
90499,Coffee Cup,Sainikpuri,False,800,6.68586094706836,4.6,4.5580044823269095,3.851211528533131,0.7067929537937783,129.0,25.0
3800319,Level 5 - Terrace Restro & Cafe,Adajan Gam,False,900,6.803505257608338,3.8,3.7120501230012297,3.875864943549723,-0.1638148205484935,5156.0,446.0
3800021,Wok On Fire,Adajan Gam,False,800,6.68586094706836,3.9,3.802227384546573,3.851211528533131,-0.04898414398655815,3719.0,360.0
18396610,Thalaivaa,Adajan Gam,False,500,6.2166061010848646,4.1,3.791701939078214,3.752874988385302,0.0388269506929122,2352.0,301.0
3800053,World Platter,Athwa,False,800,6.68586094706836,3.9,3.787968878126281,3.851211528533131,-0.0632426504068504,3956.0,372.0
3800052,Golden Dragon,Athwa,False,800,6.68586094706836,4.2,4.03094524695247,3.851211528533131,0.17973371841933883,1345.0,213.0
3800078,Mysore Cafe,Athwa,False,250,5.5254529391317835,4.0,3.90308698399484,3.608037676122173,0.29504930787266703,859.0,147.0
3800022,Coffee Culture - The Ristorante Lounge,City Light,False,650,6.478509642208569,4.0,3.8831343042290714,3.8077592123992092,0.07537509182986213,1985.0,280.0
3800238,Falafel Lovers,City Light,False,650,6.478509642208569,4.3,4.211955550663461,3.8077592123992092,0.40419633826425194,538.0,95.0
3800003,The Centre Court,City Light,False,900,6.803505257608338,4.1,3.9277583603300816,3.875864943549723,0.051893416780358415,2206.0,300.0
3800020,Wok On Fire,"Golden Square, City Light",False,800,6.68586094706836,3.7,3.6337694990321996,3.851211528533131,-0.2174420295009316,5473.0,469.0
3800000,Leonardo Italian Mediterranean Dining,"International Business Center, Piplod",False,1400,7.244941546337007,4.2,4.086990572691053,3.9683718567991653,0.11861871589188766,1657.0,247.0
3800002,Kansar Gujarati Thali,Nanpura,False,550,6.311734809152915,3.9,3.76689371658568,3.7728100579966535,-0.005916341410973303,2941.0,333.0
18362165,The Haus,Piplod,False,500,6.2166061010848646,3.9,3.550812087666331,3.752874988385302,-0.2020629007189707,5388.0,461.0
3800252,Black Pepper,Piplod,False,1000,6.90875477931522,4.1,3.9641204842603974,3.8979209199673495,0.06619956429304796,2065.0,291.0
3800018,Pizza Hut,Piplod,False,800,6.68586094706836,4.1,3.9615567198124806,3.851211528533131,0.11034519127934939,1714.0,255.0
3800016,The Sizzling Salsa,Piplod,False,1500,7.313886831633462,4.1,3.954990240119792,3.982819956533434,-0.027829716413641847,3316.0,345.0
18439181,Global Local,Vesu,False,1500,7.313886831633462,3.4,3.375130528649036,3.982819956533434,-0.6076894278843978,6351.0,689.0
3800477,The Creamery,Vesu,False,250,5.5254529391317835,3.6,3.5103862555169667,3.608037676122173,-0.09765142060520615,4506.0,398.0
18367402,The Food Lab,Vesu,False,900,6.803505257608338,3.6,3.4940220065244127,3.875864943549723,-0.38184293702531047,5999.0,595.0
3800437,The Hog Spot,Vesu,False,800,6.68586094706836,3.8,3.638327431987555,3.851211528533131,-0.21288409654557627,5453.0,466.0
3200090,22nd Parallel,Alkapuri,False,400,5.993961427306569,4.5,4.356774887405362,3.7062178103314185,0.6505570770739437,167.0,29.0
3200440,Kabir Kitchen,Alkapuri,False,600,6.398594934535208,3.8,3.677164976258701,3.791012372325447,-0.11384739606674632,4728.0,415.0
18295781,Kaphi Pibama,Alkapuri,False,500,6.2166061010848646,3.8,3.616771089585896,3.752874988385302,-0.13610389879940588,4951.0,431.0
3200265,VarieTea,Alkapuri,False,400,5.993961427306569,3.9,3.761404797681997,3.7062178103314185,0.05518698735057859,2167.0,297.0
3200012,Barbeque Nation,Alkapuri,False,1500,7.313886831633462,4.3,4.17798564501393,3.982819956533434,0.19516568848049598,1267.0,204.0
3200005,Little Italy,Alkapuri,False,1000,6.90875477931522,4.1,3.9538347838657666,3.8979209199673495,0.05591386389841713,2160.0,296.0
18275708,Meraki,Alkapuri,False,1200,7.0909098220799835,4.0,3.776144582748644,3.9360931345524204,-0.15994855180377643,5134.0,441.0
3200021,That Place,Alkapuri,False,1500,7.313886831633462,4.4,4.241884710000947,3.982819956533434,0.2590647534675128,989.0,167.0
3200584,Wok On Fire,Diwalipura,False,800,6.68586094706836,3.8,3.659054684296843,3.851211528533131,-0.1921568442362882,5329.0,456.0
3200015,Mandap - Hotel Express Towers,"Hotel Express Towers, Alkapuri",False,600,6.398594934535208,4.0,3.8675522114596146,3.791012372325447,0.0765398391341674,1969.0,279.0
3200032,Offside Lounge,"M Cube Mall, Vadiwadi",False,800,6.68586094706836,3.8,3.688952175506603,3.851211528533131,-0.16225935302652816,5145.0,443.0
3200002,Gazebo Garden Restaurant,Panchvati,False,1000,6.90875477931522,3.5,3.4443704637428048,3.8979209199673495,-0.4535504562245447,6154.0,641.0
3200311,La Quello - Mediterranean Kitchen,Vadiwadi,False,1300,7.170888478512505,4.6,4.434628461487317,3.952853375659281,0.48177508582803563,369.0,68.0
3200497,El Amigos Kitchen,Vadiwadi,False,800,6.68586094706836,3.5,3.449741591381431,3.851211528533131,-0.4014699371517003,6043.0,611.0
3200560,Mr Toasties,Vadiwadi,False,300,5.707110264748875,3.9,3.628409401518257,3.6461055896378083,-0.017696188119551426,3145.0,338.0
3200269,The Yellow Chilli,Vadiwadi,False,800,6.68586094706836,3.9,3.8079196258572177,3.851211528533131,-0.04329190267591354,3616.0,355.0
3200590,Coffee Culture,Vadiwadi,False,600,6.398594934535208,4.3,3.970301636527003,3.791012372325447,0.179289264201556,1347.0,214.0
3200537,Freshco - The Health Cafí©,Vadiwadi,False,700,6.55250788703459,4.2,3.9702349765210356,3.823266204890575,0.14696877163046063,1488.0,230.0
3200024,Pizza Hut,Vadiwadi,False,600,6.398594934535208,4.1,3.984630599843734,3.791012372325447,0.19361822751828672,1273.0,205.0
3200034,Tomato's,Vadiwadi,False,1000,6.90875477931522,4.1,4.0173705647529445,3.8979209199673495,0.11944964478559505,1651.0,245.0
3900021,Open Hand Shop & Cafe,Assi Ghat,False,450,6.111467339502679,3.4,3.377893803243588,3.7308422227401214,-0.35294841949653355,5936.0,572.0
3900059,Pizzeria Vaatika Cafe,Assi Ghat,False,700,6.55250788703459,3.7,3.6136996502540786,3.823266204890575,-0.20956655463649643,5441.0,464.0
3900158,Aman Restaurant,Bhelupur,False,650,6.478509642208569,3.2,3.268004869268876,3.8077592123992092,-0.5397543431303333,6279.0,674.0
3900007,Blue Lassi,Bhelupur,False,300,5.707110264748875,3.7,3.5821553844848792,3.6461055896378083,-0.06395020515292904,3971.0,373.0
3900232,Kerala Cafe,Bhelupur,False,300,5.707110264748875,3.6,3.529957073277629,3.6461055896378083,-0.11614851636017942,4747.0,418.0
3900250,Baati Chokha,Dashaswmedh Road,False,450,6.111467339502679,3.7,3.553953254276132,3.7308422227401214,-0.17688896846398938,5237.0,452.0
3900004,Dosa Cafe,Dashaswmedh Road,False,450,6.111467339502679,3.5,3.4248714510340976,3.7308422227401214,-0.3059707717060238,5801.0,538.0
3900032,Kashi Chat Bhandar,Godaulia,False,150,5.017279836814924,4.1,3.9227658490353017,3.501545468091175,0.42122038094412684,503.0,90.0
3900058,Chrystal Bowl Restaurant,Lanka,False,800,6.68586094706836,3.3,3.317327798277982,3.851211528533131,-0.5338837302551491,6271.0,672.0
3900070,Flavours Cafe,Lanka,False,400,5.993961427306569,3.4,3.382183065300802,3.7062178103314185,-0.32403474503061647,5859.0,552.0
3900057,Ming Garden,Lanka,False,600,6.398594934535208,3.5,3.4670250260194906,3.791012372325447,-0.3239873463059566,5858.0,551.0
3900067,Burger King,Nadesar,False,350,5.860786223465865,3.4,3.3835346948297063,3.6783097580411344,-0.2947750632114281,5770.0,529.0
3900050,Tandoor Villa,Nadesar,False,600,6.398594934535208,3.6,3.491183310270603,3.791012372325447,-0.2998290620548443,5781.0,531.0
3900009,eastWEST - Radisson Hotel,"Radisson Hotel, Nadesar",False,600,6.398594934535208,3.3,3.3302714548229817,3.791012372325447,-0.4607409175024655,6166.0,644.0
3900010,The Great Kabab Factory - Radisson Hotel,"Radisson Hotel, Nadesar",False,1100,7.00397413672268,3.3,3.321659747847478,3.91787498595664,-0.5962152381091621,6339.0,687.0
3900055,I:ba Cafe & Restaurant,Shivala,False,1000,6.90875477931522,3.5,3.4447918996235414,3.8979209199673495,-0.4531290203438081,6153.0,640.0
18346996,3Cherryz Sky Lounge & Cafe,Sigra,False,500,6.2166061010848646,3.2,3.298833743337433,3.752874988385302,-0.4540412450478688,6156.0,642.0
3900238,Singh's Delight Restaurant,Sunderpur,False,700,6.55250788703459,3.5,3.43125029009724,3.823266204890575,-0.3920159147933351,6025.0,605.0
2800013,Pizza Hut,"CMR Central Mall, Maddilapalem",False,600,6.398594934535208,4.6,4.418971984468365,3.791012372325447,0.6279596121429174,188.0,40.0
2800012,Pizza Hut,Dwaraka Nagar,False,600,6.398594934535208,4.3,4.133378246416872,3.791012372325447,0.34236587409142505,707.0,115.0
2800294,Sri Sairam Parlour,Dwaraka Nagar,False,300,5.707110264748875,4.2,4.069631757837954,3.6461055896378083,0.4235261682001461,495.0,89.0
2800903,Mekong - Hotel GreenPark,"Hotel GreenPark, Vizag",False,1300,7.170888478512505,4.4,3.978791235658258,3.952853375659281,0.025937859998976798,2510.0,309.0
2800052,The Square - Hotel Novotel,"Hotel Novotel, Maharani Peta",False,1700,7.438971592395862,4.1,3.8891524755764797,4.009032584285446,-0.11988010870896648,4797.0,421.0
2800095,Alpha Hotel,Jagadamba Junction,False,300,5.707110264748875,3.7,3.640873808824593,3.6461055896378083,-0.005231780813215181,2924.0,332.0
2800856,Barbeque Nation,Kirlampudi Layout,False,1600,7.3783837129967145,4.9,4.707392210026161,3.996335853530287,0.7110563564958743,124.0,24.0
2800911,Double Roti,Kirlampudi Layout,False,1000,6.90875477931522,3.8,3.5106911940829932,3.8979209199673495,-0.3872297258843562,6013.0,601.0
2800757,Bake My Wish,Lawsons Bay,False,450,6.111467339502679,3.8,3.701841655135301,3.7308422227401214,-0.029000567604820393,3341.0,346.0
2800096,Kamat Restaurant,Lawsons Bay,False,600,6.398594934535208,3.6,3.539963205666539,3.791012372325447,-0.2510491666589081,5622.0,495.0
2800083,My Restaurant,Maddilapalem,False,600,6.398594934535208,3.5,3.4578759002907944,3.791012372325447,-0.3331364720346528,5888.0,559.0
18306045,Percolator Coffee House,Maharani Peta,False,500,6.2166061010848646,3.6,3.508364892859455,3.752874988385302,-0.2445100955258468,5593.0,488.0
2800897,Tea Trails,Maharani Peta,False,500,6.2166061010848646,3.7,3.538797459908561,3.752874988385302,-0.21407752847674066,5455.0,467.0
18285610,Six Degrees,MVP Colony,False,600,6.398594934535208,4.1,3.8041333125024797,3.791012372325447,0.01312094017703247,2681.0,317.0
2800128,Sea Inn - Raju Gaari Dhaba,Rushikonda,False,450,6.111467339502679,4.0,3.85418592087297,3.7308422227401214,0.12334369813284862,1623.0,243.0
2800100,D Cabana,Sagar Nagar,False,600,6.398594934535208,3.6,3.5496385568194526,3.791012372325447,-0.24137381550599457,5579.0,486.0
2800418,Kaloreez,Siripuram,False,400,5.993961427306569,3.7,3.5724815727634884,3.7062178103314185,-0.13373623756793007,4931.0,427.0
2800881,Plot 17,Siripuram,False,600,6.398594934535208,4.3,4.089649460408631,3.791012372325447,0.2986370880831837,843.0,142.0
2800042,Vista - The Park,"The Park, Lawsons Bay",False,1500,7.313886831633462,3.8,3.621240087400874,3.982819956533434,-0.36157986913256,5952.0,576.0
2800019,Flying Spaghetti Monster,Waltair Uplands,False,1400,7.244941546337007,4.4,4.2592124130145415,3.9683718567991653,0.2908405562153762,878.0,149.0
